Date,DTWEXBGS,DTWEXAFEGS,DEXUSEU,DEXJPUS,DEXUSUK,DEXCAUS,DEXSDUS,DEXSZUS
2010-11-22,90.7023,87.5973,1.3612,83.46,1.5932,1.0187,6.8924,0.9917
2010-11-23,91.4318,88.2925,1.3388,82.86,1.5824,1.024,6.9856,0.9951
2010-11-24,91.2179,88.1082,1.335,83.38,1.5774,1.011,6.942,0.9945
2010-11-25,,,,,,,,
2010-11-26,91.8152,88.8573,1.3243,84.08,1.5616,1.0188,6.9969,1.0016
2010-11-29,92.1997,89.413,1.3092,84.34,1.5557,1.0227,7.013,1.0012
2010-11-30,92.1494,89.5068,1.3036,83.56,1.5578,1.0266,7.0125,0.9985
2010-12-01,91.6799,88.9792,1.3149,84.0,1.5603,1.016,6.9666,0.9997
2010-12-02,91.2651,88.3279,1.3228,83.53,1.561,1.0045,6.9024,0.9901
2010-12-03,90.8788,87.7548,1.3367,82.73,1.5723,1.0059,6.8257,0.9764
2010-12-06,91.0167,88.0209,1.3275,82.7,1.568,1.0056,6.86,0.9848
2010-12-07,90.9732,87.977,1.3323,83.04,1.5802,1.0093,6.8604,0.9828
2010-12-08,91.3376,88.4185,1.3242,84.16,1.5792,1.01,6.8921,0.9879
2010-12-09,91.3923,88.4637,1.3206,83.85,1.5733,1.0098,6.9052,0.9846
2010-12-10,91.2831,88.286,1.3242,83.87,1.5809,1.0091,6.8905,0.9796
2010-12-13,90.8837,87.6491,1.3389,83.57,1.5882,1.0046,6.8393,0.9668
2010-12-14,90.764,87.6145,1.3395,83.52,1.5795,1.0039,6.801,0.961
2010-12-15,91.094,88.0186,1.3306,84.04,1.5613,1.0033,6.8143,0.9619
2010-12-16,91.3773,88.3788,1.3206,84.23,1.5612,1.0056,6.8305,0.966
2010-12-17,91.5555,88.7792,1.3155,84.15,1.548,1.0125,6.844,0.9707
2010-12-20,91.6398,88.8515,1.3124,83.72,1.5521,1.0176,6.8473,0.9638
2010-12-21,91.519,88.8325,1.3131,83.76,1.5462,1.0173,6.8278,0.9585
2010-12-22,91.429,88.8294,1.3089,83.56,1.539,1.0143,6.8648,0.9503
2010-12-23,91.3013,88.609,1.3101,82.97,1.54,1.0095,6.8529,0.962
2010-12-24,,,,,,,,
2010-12-27,91.1963,88.4842,1.3146,82.91,1.5382,1.0086,6.8315,0.9626
2010-12-28,90.9848,88.1668,1.3122,82.21,1.5361,1.0006,6.863,0.9516
2010-12-29,90.7669,87.8819,1.3183,81.9,1.5463,1.0004,6.8247,0.9496
2010-12-30,90.5146,87.6432,1.3269,81.67,1.5392,1.0009,6.7571,0.9369
2010-12-31,,,,,,,,
2011-01-03,89.9524,86.9933,1.3371,81.56,1.549,0.9903,6.6916,0.9329
2011-01-04,90.3277,87.4815,1.3306,81.96,1.5586,0.9985,6.7284,0.9478
2011-01-05,90.5715,88.0199,1.3171,83.22,1.5497,0.9946,6.7653,0.9644
2011-01-06,90.9125,88.4038,1.3027,83.15,1.549,0.9953,6.858,0.963
2011-01-07,91.0001,88.5075,1.2944,83.04,1.556,0.9932,6.8977,0.965
2011-01-10,91.03,88.4444,1.2945,82.78,1.5583,0.9923,6.8793,0.9686
2011-01-11,90.8431,88.4013,1.2978,83.36,1.5628,0.9901,6.8374,0.9755
2011-01-12,90.4111,87.9799,1.3066,83.29,1.5716,0.9864,6.7707,0.9717
2011-01-13,89.9019,87.0343,1.3364,82.72,1.587,0.9866,6.6903,0.9624
2011-01-14,90.0461,87.3008,1.3328,82.99,1.5874,0.9902,6.6924,0.9657
2011-01-17,,,,,,,,
2011-01-18,89.821,86.9997,1.3399,82.66,1.6,0.9912,6.6582,0.9633
2011-01-19,89.6948,86.7171,1.3495,82.03,1.5991,0.9938,6.603,0.9585
2011-01-20,90.1316,87.3039,1.3443,83.02,1.5875,1.0001,6.6683,0.9656
2011-01-21,89.7204,86.6586,1.3581,82.63,1.5997,0.9943,6.6026,0.959
2011-01-24,89.5375,86.365,1.3653,82.44,1.5995,0.9933,6.5745,0.9488
2011-01-25,89.7279,86.6153,1.3644,82.35,1.5818,0.9984,6.5468,0.9451
2011-01-26,89.5091,86.3551,1.3688,82.27,1.5886,0.9954,6.4711,0.9436
2011-01-27,89.5728,86.4368,1.3688,83.03,1.5905,0.994,6.4493,0.9464
2011-01-28,89.8189,86.6383,1.3607,82.03,1.5838,0.9989,6.5284,0.9429
2011-01-31,89.694,86.3104,1.3715,81.97,1.6042,1.002,6.4318,0.9402
2011-02-01,89.1436,85.7003,1.3793,81.48,1.6124,0.9921,6.3879,0.9388
2011-02-02,89.0737,85.6897,1.3779,81.82,1.6167,0.9883,6.4451,0.9406
2011-02-03,89.2522,85.9669,1.3654,81.48,1.6159,0.9901,6.4713,0.9435
2011-02-04,89.391,86.2862,1.3584,81.99,1.6089,0.9899,6.4873,0.9557
2011-02-07,89.3556,86.3605,1.3557,82.4,1.6111,0.9885,6.4737,0.9569
2011-02-08,89.1241,86.0372,1.3687,81.92,1.6091,0.9905,6.4011,0.957
2011-02-09,89.4166,86.2708,1.3688,82.47,1.6089,0.9946,6.4362,0.9611
2011-02-10,89.6266,86.512,1.3637,83.11,1.6132,0.9955,6.4583,0.9659
2011-02-11,89.8784,86.833,1.352,83.52,1.5986,0.99,6.4907,0.9755
2011-02-14,89.8543,86.8205,1.3474,83.32,1.6023,0.9883,6.5005,0.9708
2011-02-15,89.8871,86.7839,1.3494,83.79,1.6128,0.9885,6.4828,0.9677
2011-02-16,89.7059,86.5702,1.3547,83.73,1.6063,0.9853,6.4234,0.9616
2011-02-17,89.4102,86.1723,1.3612,83.25,1.6172,0.9839,6.41,0.9508
2011-02-18,89.1974,85.9369,1.3673,83.22,1.6245,0.9827,6.3946,0.9483
2011-02-21,,,,,,,,
2011-02-22,89.4617,86.0893,1.3661,82.94,1.6129,0.986,6.4301,0.9393
2011-02-23,89.4186,85.8687,1.3758,82.39,1.6221,0.9922,6.3941,0.932
2011-02-24,89.2346,85.4802,1.3794,81.67,1.6106,0.9842,6.3889,0.9252
2011-02-25,89.1664,85.5003,1.3757,81.76,1.6078,0.9808,6.4289,0.9282
2011-02-28,88.9391,85.152,1.3793,81.94,1.6247,0.9737,6.3442,0.9305
2011-03-01,88.831,85.0662,1.3813,81.86,1.6309,0.9742,6.3122,0.9284
2011-03-02,88.7317,84.8587,1.3869,81.62,1.6311,0.9733,6.3185,0.922
2011-03-03,88.637,84.9035,1.3947,82.41,1.6266,0.9746,6.3249,0.9306
2011-03-04,88.4898,84.7334,1.3983,82.35,1.625,0.9715,6.3447,0.9263
2011-03-07,88.5207,84.799,1.3976,82.12,1.6204,0.9737,6.3557,0.9256
2011-03-08,88.6454,85.0119,1.3912,82.69,1.6164,0.9712,6.3658,0.9346
2011-03-09,88.5328,84.9237,1.3906,82.78,1.6202,0.9686,6.337,0.9298
2011-03-10,88.8698,85.3716,1.3823,82.98,1.6063,0.9729,6.3893,0.932
2011-03-11,88.691,85.0842,1.3864,81.77,1.6033,0.9732,6.3695,0.9276
2011-03-14,88.5191,84.8099,1.3975,81.65,1.6181,0.9758,6.3496,0.9253
2011-03-15,88.7845,84.9959,1.3968,80.82,1.6064,0.9831,6.4153,0.9187
2011-03-16,88.9785,85.2596,1.3922,80.17,1.6028,0.9921,6.4762,0.912
2011-03-17,88.6549,84.6189,1.4021,78.74,1.6143,0.9886,6.4105,0.8998
2011-03-18,88.5221,84.5423,1.4141,81.14,1.6187,0.9846,6.308,0.9025
2011-03-21,88.2032,84.1854,1.4184,81.11,1.6276,0.9772,6.2844,0.9057
2011-03-22,88.0665,84.0189,1.4212,81.0,1.6387,0.9769,6.3009,0.9041
2011-03-23,88.3328,84.428,1.4124,80.94,1.6246,0.982,6.3372,0.9064
2011-03-24,88.0592,84.0666,1.42,80.82,1.6159,0.9748,6.3073,0.9061
2011-03-25,88.1716,84.376,1.4144,81.12,1.6086,0.9779,6.3552,0.9143
2011-03-28,88.3058,84.5295,1.4104,81.67,1.6024,0.9757,6.3674,0.9169
2011-03-29,88.3991,84.7039,1.409,82.38,1.5983,0.9758,6.3544,0.9205
2011-03-30,88.2298,84.6187,1.4095,82.98,1.6038,0.9715,6.336,0.9213
2011-03-31,88.0299,84.3618,1.4183,82.76,1.6048,0.9717,6.3134,0.9157
2011-04-01,87.7993,84.2164,1.4215,84.05,1.6132,0.9629,6.2937,0.9243
2011-04-04,87.8406,84.3298,1.4221,83.98,1.6129,0.9677,6.3126,0.9224
2011-04-05,87.7483,84.2183,1.423,84.65,1.6282,0.9635,6.3186,0.9242
2011-04-06,87.4913,83.886,1.4333,85.26,1.6314,0.9587,6.2971,0.9172
2011-04-07,87.532,83.9644,1.4287,84.98,1.6304,0.9593,6.3223,0.9178
2011-04-08,87.1493,83.4874,1.4437,84.99,1.6341,0.9564,6.2176,0.9105
2011-04-11,87.094,83.315,1.4454,84.58,1.6386,0.9547,6.2449,0.9067
2011-04-12,87.2943,83.4664,1.4455,83.79,1.6263,0.9624,6.2989,0.898
2011-04-13,87.2093,83.385,1.4477,83.59,1.6285,0.9638,6.2494,0.8939
2011-04-14,87.0802,83.2798,1.4464,83.23,1.635,0.9626,6.2235,0.8924
2011-04-15,87.005,83.2836,1.4443,83.13,1.6325,0.9615,6.1947,0.8935
2011-04-18,87.5081,83.9789,1.4211,82.43,1.6229,0.9689,6.313,0.8986
2011-04-19,87.0791,83.3721,1.4319,82.41,1.6315,0.9572,6.2315,0.899
2011-04-20,86.5642,82.723,1.4513,82.58,1.6405,0.9523,6.1234,0.8914
2011-04-21,86.2256,82.3067,1.4585,81.81,1.6572,0.9518,6.0854,0.8821
2011-04-22,86.3742,82.5033,1.4545,81.92,1.6517,0.9535,6.116,0.8865
2011-04-25,86.4026,82.4431,1.4576,81.93,1.6497,0.9541,6.0838,0.8806
2011-04-26,86.2576,82.2605,1.4625,81.93,1.6465,0.9508,6.1023,0.8803
2011-04-27,86.2519,82.359,1.4659,82.6,1.653,0.955,6.0907,0.8807
2011-04-28,85.8419,81.7462,1.4785,81.57,1.6636,0.9513,6.034,0.8736
2011-04-29,85.5999,81.4984,1.4821,81.31,1.6691,0.9486,6.0258,0.8666
2011-05-02,85.5199,81.3834,1.487,81.23,1.669,0.9492,5.9968,0.864
2011-05-03,85.6352,81.4183,1.4875,81.02,1.6536,0.9489,6.0239,0.8609
2011-05-04,85.8917,81.684,1.4859,80.69,1.6524,0.9579,6.0808,0.8582
2011-05-05,86.508,82.5348,1.4583,80.12,1.6427,0.9667,6.1901,0.8698
2011-05-06,86.4575,82.6306,1.4495,80.51,1.6417,0.9616,6.2262,0.8732
2011-05-09,86.8346,83.2305,1.4301,80.66,1.6338,0.966,6.2712,0.8753
2011-05-10,86.6518,83.0009,1.4358,80.75,1.6331,0.9611,6.2357,0.8805
2011-05-11,86.7195,83.1049,1.4269,80.78,1.6412,0.9581,6.2852,0.8846
2011-05-12,87.0767,83.4773,1.4229,80.75,1.629,0.9656,6.3036,0.8842
2011-05-13,87.4176,83.9243,1.4141,80.76,1.6179,0.9708,6.3745,0.8907
2011-05-16,87.3311,83.6562,1.4219,80.82,1.624,0.9701,6.3202,0.8818
2011-05-17,87.6307,84.1215,1.4155,81.39,1.6206,0.9772,6.3593,0.8848
2011-05-18,87.295,83.7192,1.427,81.37,1.6148,0.9722,6.2968,0.8792
2011-05-19,87.2638,83.7619,1.4254,81.78,1.6179,0.9703,6.2788,0.884
2011-05-20,87.3044,83.9492,1.4172,81.64,1.6222,0.9735,6.3104,0.8776
2011-05-23,87.8941,84.598,1.4015,81.81,1.6102,0.9791,6.3796,0.8831
2011-05-24,87.662,84.3149,1.4107,82.12,1.6185,0.9773,6.3332,0.88
2011-05-25,87.6136,84.2003,1.4102,81.96,1.6277,0.9765,6.3157,0.872
2011-05-26,87.5588,84.1996,1.4088,81.44,1.6346,0.9809,6.3194,0.8666
2011-05-27,86.9525,83.3901,1.4287,80.75,1.6494,0.9771,6.2244,0.852
2011-05-30,,,,,,,,
2011-05-31,86.656,83.0986,1.4376,81.29,1.6439,0.9688,6.1779,0.8525
2011-06-01,86.5964,82.9424,1.4431,80.82,1.6391,0.9713,6.1812,0.8401
2011-06-02,86.8435,83.2728,1.4426,80.98,1.6325,0.9794,6.23,0.8438
2011-06-03,86.4234,82.6386,1.4604,80.38,1.6397,0.9768,6.1414,0.8352
2011-06-06,86.4669,82.6405,1.462,80.19,1.6362,0.9784,6.1651,0.836
2011-06-07,86.3627,82.3965,1.4675,80.21,1.6444,0.9743,6.1431,0.8388
2011-06-08,86.5714,82.6671,1.4587,79.87,1.6381,0.9778,6.1754,0.8369
2011-06-09,86.5913,82.7065,1.4534,80.07,1.6382,0.9732,6.2142,0.8412
2011-06-10,87.042,83.2882,1.4365,80.26,1.6254,0.9769,6.3241,0.8419
2011-06-13,87.0579,83.2466,1.4368,80.16,1.6308,0.9778,6.3495,0.8369
2011-06-14,86.6771,82.782,1.4473,80.5,1.6388,0.9684,6.313,0.8444
2011-06-15,87.3342,83.7446,1.4221,80.71,1.6218,0.9778,6.4535,0.8508
2011-06-16,87.6917,84.1262,1.4155,80.7,1.613,0.9842,6.4909,0.8507
2011-06-17,87.2179,83.4737,1.4326,80.1,1.6186,0.9797,6.399,0.8462
2011-06-20,87.1908,83.4554,1.432,80.26,1.6206,0.9785,6.3952,0.8416
2011-06-21,86.857,83.093,1.4399,80.15,1.6232,0.9722,6.3567,0.8433
2011-06-22,86.8067,83.091,1.4403,80.06,1.6131,0.9725,6.3538,0.8356
2011-06-23,87.455,84.0001,1.4166,80.45,1.5977,0.98,6.503,0.8379
2011-06-24,87.5014,84.035,1.4189,80.32,1.5985,0.9847,6.4782,0.8373
2011-06-27,87.5225,83.9723,1.4282,80.89,1.5972,0.9859,6.4393,0.8367
2011-06-28,87.2178,83.6052,1.4368,80.85,1.6016,0.9819,6.4384,0.8298
2011-06-29,86.8014,83.1073,1.4428,80.8,1.607,0.9703,6.3526,0.8349
2011-06-30,86.4786,82.7331,1.4523,80.64,1.6067,0.9642,6.3027,0.8413
2011-07-01,86.3613,82.7141,1.4508,80.81,1.607,0.9608,6.2746,0.8479
2011-07-04,,,,,,,,
2011-07-05,86.4253,82.8316,1.447,81.14,1.6085,0.9608,6.2613,0.8452
2011-07-06,86.6825,83.253,1.4329,80.9,1.5998,0.9656,6.3427,0.8393
2011-07-07,86.4825,83.0898,1.4349,81.26,1.5967,0.9585,6.323,0.844
2011-07-08,86.615,83.277,1.4251,80.64,1.603,0.9627,6.3898,0.8376
2011-07-11,87.1013,83.8801,1.4034,80.37,1.5932,0.9663,6.5488,0.8351
2011-07-12,87.1701,83.8088,1.4014,79.53,1.594,0.9667,6.5498,0.8335
2011-07-13,86.5697,82.9828,1.4167,78.99,1.6111,0.9582,6.4668,0.8213
2011-07-14,86.5234,82.9565,1.4182,79.11,1.6125,0.9584,6.4937,0.8167
2011-07-15,86.5169,82.8913,1.4156,79.03,1.6149,0.9542,6.4911,0.8158
2011-07-18,86.9549,83.4577,1.4042,79.1,1.6024,0.9616,6.5991,0.8177
2011-07-19,86.4386,82.7787,1.4156,78.91,1.6135,0.9505,6.517,0.8166
2011-07-20,86.2794,82.6182,1.4188,78.76,1.6139,0.9479,6.462,0.8204
2011-07-21,85.8378,81.9643,1.4372,78.47,1.6301,0.9449,6.3195,0.8172
2011-07-22,85.8623,82.0965,1.4366,78.44,1.6319,0.95,6.3402,0.8166
2011-07-25,85.8006,81.9278,1.4357,78.31,1.6285,0.9448,6.334,0.8062
2011-07-26,85.4692,81.5021,1.4495,78.04,1.6392,0.9448,6.2573,0.8027
2011-07-27,85.7126,81.8193,1.4373,77.99,1.6357,0.9474,6.3244,0.8023
2011-07-28,85.8245,81.9889,1.4303,77.87,1.6338,0.9483,6.3337,0.8041
2011-07-29,85.7282,81.7277,1.4388,77.18,1.6455,0.9539,6.286,0.7881
2011-08-01,86.0391,82.2973,1.4202,76.87,1.6278,0.9593,6.3514,0.7813
2011-08-02,86.0533,82.2011,1.4232,77.13,1.6287,0.9577,6.3427,0.7712
2011-08-03,86.0706,82.0696,1.432,76.87,1.6406,0.9632,6.3466,0.766
2011-08-04,86.9299,83.2098,1.4158,79.01,1.6308,0.9765,6.503,0.7674
2011-08-05,87.1084,83.311,1.4158,78.48,1.6362,0.9843,6.5227,0.76
2011-08-08,87.1873,83.0937,1.4241,77.53,1.6354,0.9889,6.4612,0.7553
2011-08-09,87.3919,83.0676,1.4242,77.16,1.6194,0.9893,6.5263,0.7313
2011-08-10,87.3792,83.1045,1.4193,76.41,1.6169,0.9909,6.562,0.7296
2011-08-11,87.3215,83.0894,1.423,76.68,1.6228,0.9891,6.488,0.7559
2011-08-12,87.177,83.0779,1.4239,76.79,1.6284,0.9879,6.4989,0.7711
2011-08-15,86.7515,82.4601,1.4452,76.73,1.6387,0.9838,6.3999,0.7802
2011-08-16,86.7115,82.5036,1.4421,76.76,1.6424,0.9816,6.3917,0.7926
2011-08-17,86.5518,82.3087,1.4436,76.46,1.6591,0.9818,6.3392,0.7891
2011-08-18,87.1271,82.8809,1.432,76.52,1.6489,0.9899,6.4427,0.7904
2011-08-19,86.8286,82.4822,1.4408,76.46,1.6544,0.9848,6.3681,0.7856
2011-08-22,87.0753,82.777,1.4384,76.77,1.6452,0.9901,6.3523,0.7877
2011-08-23,86.9001,82.5375,1.4431,76.59,1.6509,0.9876,6.3294,0.7891
2011-08-24,87.1316,82.7355,1.4402,76.78,1.6375,0.9878,6.3176,0.795
2011-08-25,87.2306,82.8322,1.438,77.38,1.6289,0.9842,6.3272,0.7959
2011-08-26,87.0751,82.5692,1.4463,76.62,1.6321,0.9854,6.2952,0.8055
2011-08-29,86.8433,82.3331,1.451,76.96,1.6398,0.9778,6.2921,0.8188
2011-08-30,87.001,82.5402,1.4435,76.75,1.6279,0.9791,6.3516,0.8173
2011-08-31,86.7739,82.4758,1.4406,76.5,1.6269,0.9783,6.3223,0.8038
2011-09-01,86.8512,82.6987,1.4283,76.81,1.6179,0.9751,6.3742,0.7951
2011-09-02,87.1797,83.0072,1.4203,76.79,1.619,0.9815,6.4031,0.7862
2011-09-05,,,,,,,,
2011-09-06,88.1645,84.2902,1.3999,77.48,1.5954,0.9908,6.452,0.8593
2011-09-07,87.9699,84.0489,1.4058,77.39,1.5948,0.9882,6.386,0.8599
2011-09-08,88.1162,84.2329,1.3947,77.43,1.6021,0.9856,6.3994,0.8714
2011-09-09,88.9514,85.3354,1.3666,77.31,1.587,0.997,6.4931,0.884
2011-09-12,89.2192,85.4389,1.3635,77.15,1.5814,0.9957,6.6634,0.8834
2011-09-13,89.2653,85.1364,1.368,76.88,1.5805,0.9901,6.6765,0.8795
2011-09-14,89.419,85.1137,1.371,76.71,1.5773,0.9913,6.722,0.8772
2011-09-15,89.0647,84.5767,1.3858,76.7,1.5808,0.9867,6.615,0.8705
2011-09-16,89.1108,84.6383,1.3783,76.89,1.5802,0.9813,6.6457,0.8753
2011-09-19,89.9336,85.289,1.3636,76.48,1.5674,0.9897,6.7191,0.8839
2011-09-20,89.8777,85.1815,1.3697,76.52,1.5718,0.9922,6.6295,0.8879
2011-09-21,90.3453,85.3742,1.3724,76.38,1.5619,0.9985,6.6761,0.8932
2011-09-22,92.075,87.2674,1.3446,76.31,1.5358,1.0327,6.9087,0.9073
2011-09-23,91.6904,86.8807,1.3518,76.3,1.5475,1.028,6.8765,0.9035
2011-09-26,91.7724,86.9993,1.3516,76.35,1.5553,1.0338,6.853,0.9022
2011-09-27,90.8985,86.2668,1.3606,76.6,1.5681,1.019,6.7328,0.8959
2011-09-28,91.0227,86.3358,1.3628,76.51,1.5648,1.0226,6.7521,0.8955
2011-09-29,91.3033,86.6284,1.3639,76.68,1.5685,1.0338,6.7686,0.8947
2011-09-30,91.9998,87.3631,1.3449,77.04,1.5624,1.0389,6.819,0.9048
2011-10-03,92.5128,87.9961,1.3281,76.66,1.5474,1.044,6.8541,0.9151
2011-10-04,92.9508,88.5631,1.3294,76.86,1.5403,1.0605,6.905,0.9223
2011-10-05,92.3008,88.0023,1.3328,76.86,1.5436,1.0448,6.8783,0.9228
2011-10-06,91.9661,87.7243,1.3408,76.64,1.5398,1.0431,6.8398,0.9219
2011-10-07,91.2469,87.0098,1.3512,76.77,1.5628,1.0326,6.7451,0.9151
2011-10-10,,,,,,,,
2011-10-11,90.9162,86.4919,1.3657,76.66,1.5594,1.0287,6.6716,0.9065
2011-10-12,90.3378,85.7309,1.3805,77.3,1.5757,1.0163,6.6111,0.8944
2011-10-13,90.6603,86.0837,1.373,76.88,1.5729,1.0238,6.6767,0.9
2011-10-14,90.2116,85.5074,1.3861,77.36,1.5808,1.0148,6.6053,0.8934
2011-10-17,90.266,85.6921,1.377,76.8,1.5778,1.0153,6.6392,0.8979
2011-10-18,90.5907,85.9225,1.3719,76.75,1.5654,1.0165,6.6571,0.9012
2011-10-19,90.3317,85.6279,1.3775,76.79,1.5799,1.0136,6.6112,0.9022
2011-10-20,91.1026,86.1533,1.3672,76.91,1.5726,1.0216,6.6738,0.9002
2011-10-21,90.279,85.0093,1.3873,76.1,1.5945,1.009,6.5712,0.8852
2011-10-24,89.8558,84.6702,1.3932,76.1,1.5986,1.004,6.546,0.8804
2011-10-25,89.9525,84.9436,1.3911,75.88,1.5994,1.0143,6.5537,0.8794
2011-10-26,90.0836,85.1162,1.3838,76.05,1.5905,1.01,6.5635,0.8841
2011-10-27,88.7882,83.6278,1.4172,75.8,1.6081,0.9942,6.3575,0.8609
2011-10-28,88.6382,83.648,1.4164,75.72,1.613,0.9957,6.3676,0.8625
2011-10-31,89.2053,84.462,1.3947,77.97,1.6141,0.9932,6.4635,0.8706
2011-11-01,90.7296,86.1092,1.3676,78.28,1.5946,1.02,6.6242,0.8901
2011-11-02,90.244,85.5126,1.3803,78.04,1.5974,1.0125,6.5799,0.8808
2011-11-03,90.2961,85.6628,1.3744,77.96,1.5959,1.0128,6.5786,0.8834
2011-11-04,90.3154,85.7741,1.3761,78.17,1.6026,1.0179,6.602,0.888
2011-11-07,90.3832,85.8361,1.3744,78.06,1.6024,1.0173,6.5744,0.9012
2011-11-08,90.172,85.5645,1.3785,77.79,1.6076,1.0139,6.5507,0.8966
2011-11-09,90.6991,86.243,1.3596,77.77,1.5958,1.0176,6.6606,0.906
2011-11-10,90.8588,86.2684,1.36,77.58,1.5935,1.0188,6.6812,0.9058
2011-11-11,,,,,,,,
2011-11-14,90.7215,86.107,1.3625,77.02,1.5899,1.0176,6.7029,0.9072
2011-11-15,91.1081,86.5902,1.3524,76.99,1.5818,1.0233,6.7385,0.9177
2011-11-16,91.1237,86.5981,1.3505,77.02,1.577,1.0205,6.7797,0.9169
2011-11-17,91.1822,86.6051,1.3522,76.98,1.5801,1.0224,6.7705,0.9167
2011-11-18,91.3676,86.7072,1.3521,76.93,1.5783,1.026,6.7773,0.9159
2011-11-21,91.9978,87.1612,1.3525,76.97,1.5662,1.0386,6.8092,0.9158
2011-11-22,92.0193,87.2052,1.35,77.07,1.5646,1.0371,6.8221,0.9145
2011-11-23,92.7463,88.0579,1.3347,77.41,1.5511,1.0479,6.9138,0.9202
2011-11-24,,,,,,,,
2011-11-25,93.1455,88.4251,1.3244,77.66,1.5467,1.0487,7.0013,0.9289
2011-11-28,92.4983,87.7187,1.3334,78.05,1.5538,1.0327,6.9458,0.9215
2011-11-29,92.2163,87.4902,1.3343,77.86,1.5625,1.0296,6.8848,0.9194
2011-11-30,91.4728,86.768,1.3453,77.58,1.5705,1.0199,6.7555,0.9106
2011-12-01,91.227,86.6432,1.3487,77.6,1.5698,1.0172,6.7618,0.9135
2011-12-02,91.3532,87.0006,1.3386,77.88,1.5592,1.0165,6.765,0.9219
2011-12-05,91.1087,86.6365,1.3463,77.77,1.5689,1.014,6.7128,0.9179
2011-12-06,91.2817,86.8438,1.3397,77.73,1.558,1.0116,6.7474,0.9267
2011-12-07,91.2331,86.7538,1.3386,77.69,1.5691,1.0106,6.7405,0.9251
2011-12-08,91.668,87.1918,1.3324,77.67,1.5635,1.019,6.798,0.9275
2011-12-09,91.6122,87.0783,1.3368,77.58,1.5642,1.0202,6.7379,0.9243
2011-12-12,92.3375,87.8695,1.3188,77.87,1.5597,1.0273,6.8695,0.936
2011-12-13,92.5456,88.1859,1.3094,77.86,1.5528,1.0283,6.9435,0.9418
2011-12-14,93.2176,88.9963,1.2972,78.08,1.5445,1.0403,7.0054,0.953
2011-12-15,92.8858,88.5995,1.3013,77.87,1.5486,1.0338,6.9736,0.9402
2011-12-16,92.8252,88.6235,1.3025,77.65,1.5514,1.0388,6.9292,0.9372
2011-12-19,92.8685,88.6257,1.3017,77.96,1.5531,1.0364,6.9065,0.9364
2011-12-20,92.432,88.0804,1.3076,77.76,1.5674,1.0284,6.8582,0.9309
2011-12-21,92.5262,88.2428,1.304,78.0,1.568,1.0286,6.9037,0.9378
2011-12-22,92.3883,88.0357,1.3045,78.13,1.5667,1.0213,6.8708,0.9368
2011-12-23,92.3897,88.0702,1.304,78.13,1.5615,1.0208,6.8897,0.9379
2011-12-26,,,,,,,,
2011-12-27,92.4137,87.8636,1.3074,77.83,1.5671,1.0201,6.853,0.9339
2011-12-28,92.8374,88.5109,1.2926,77.98,1.5478,1.0232,6.9177,0.943
2011-12-29,92.7398,88.3731,1.2952,77.71,1.5386,1.0208,6.9029,0.9412
2011-12-30,92.4262,87.9562,1.2973,76.98,1.5537,1.0168,6.8737,0.9374
2012-01-02,,,,,,,,
2012-01-03,91.7551,87.3475,1.3061,76.67,1.5655,1.0089,6.8109,0.9319
2012-01-04,92.0345,87.8444,1.293,76.68,1.5638,1.0134,6.8518,0.9417
2012-01-05,92.5773,88.6297,1.2783,77.18,1.548,1.0197,6.932,0.9528
2012-01-06,92.7183,88.8917,1.2723,77.06,1.5431,1.0231,6.9318,0.9555
2012-01-09,92.7418,88.9025,1.2745,76.88,1.5436,1.0272,6.9184,0.952
2012-01-10,92.2461,88.426,1.2782,76.84,1.5489,1.0161,6.877,0.9486
2012-01-11,92.554,88.8972,1.2686,76.9,1.5325,1.0192,6.9412,0.9554
2012-01-12,92.2274,88.5115,1.2818,76.76,1.5325,1.0197,6.9221,0.9444
2012-01-13,92.5385,89.0693,1.2682,76.9,1.5301,1.0246,7.0137,0.9534
2012-01-16,,,,,,,,
2012-01-17,92.0142,88.5053,1.274,76.8,1.5356,1.013,6.9227,0.9492
2012-01-18,91.6943,88.2545,1.2825,76.81,1.541,1.0138,6.8644,0.9427
2012-01-19,91.3316,87.8359,1.2937,77.23,1.5484,1.0094,6.7623,0.9335
2012-01-20,91.3661,87.8444,1.2948,76.97,1.554,1.0142,6.7785,0.9327
2012-01-23,90.986,87.3889,1.3035,76.92,1.5582,1.0079,6.735,0.9268
2012-01-24,91.181,87.677,1.3004,77.78,1.5595,1.0096,6.769,0.929
2012-01-25,91.277,87.8856,1.2978,78.13,1.557,1.0119,6.8169,0.931
2012-01-26,90.3962,86.8194,1.3152,77.47,1.5706,0.9986,6.7539,0.9174
2012-01-27,90.2559,86.652,1.3192,76.68,1.5716,1.0014,6.7527,0.9142
2012-01-30,90.4762,86.8323,1.3123,76.28,1.569,1.003,6.7557,0.9178
2012-01-31,90.5538,87.0465,1.3053,76.34,1.5754,1.005,6.8161,0.922
2012-02-01,90.0963,86.4129,1.3179,76.11,1.5849,0.9984,6.7389,0.9141
2012-02-02,89.8765,86.4618,1.3167,76.13,1.5813,0.9985,6.7305,0.9144
2012-02-03,89.8491,86.5948,1.3106,76.54,1.5779,0.9944,6.7206,0.9208
2012-02-06,89.7907,86.5284,1.313,76.54,1.5832,0.9953,6.7084,0.9188
2012-02-07,89.5968,86.2281,1.3244,76.88,1.5891,0.9947,6.6658,0.9129
2012-02-08,89.6555,86.3089,1.3253,76.9,1.582,0.9969,6.6479,0.9126
2012-02-09,89.6246,86.1913,1.3297,77.42,1.5838,0.9941,6.6233,0.9103
2012-02-10,90.1024,86.7929,1.3187,77.57,1.5748,1.0016,6.6743,0.9176
2012-02-13,89.8895,86.6218,1.3211,77.52,1.578,0.9995,6.648,0.9149
2012-02-14,90.1919,86.9754,1.3149,78.39,1.5691,0.9988,6.6843,0.9185
2012-02-15,90.1932,87.024,1.3087,78.22,1.571,0.9965,6.7058,0.9223
2012-02-16,90.3109,86.998,1.311,78.77,1.5795,0.9962,6.7327,0.9209
2012-02-17,90.23,87.0135,1.3149,79.33,1.5813,0.997,6.7182,0.918
2012-02-20,,,,,,,,
2012-02-21,90.0117,86.7678,1.3255,79.73,1.5796,0.9956,6.6447,0.9114
2012-02-22,90.2472,87.0692,1.3251,80.3,1.5677,0.9999,6.6613,0.9107
2012-02-23,90.1108,86.8288,1.3308,80.21,1.57,0.9983,6.647,0.9059
2012-02-24,89.9104,86.4352,1.3463,80.88,1.5869,0.9988,6.5561,0.8949
2012-02-27,89.9635,86.4844,1.341,80.42,1.5845,0.9982,6.5868,0.8987
2012-02-28,89.8103,86.2844,1.3452,80.44,1.5887,0.9956,6.5591,0.8961
2012-02-29,89.7487,86.3494,1.3359,81.1,1.5951,0.9866,6.5843,0.9023
2012-03-01,89.7817,86.4083,1.332,81.16,1.5953,0.9848,6.6206,0.9051
2012-03-02,90.135,86.9636,1.3202,81.56,1.5852,0.9887,6.679,0.9134
2012-03-05,90.2748,87.0263,1.3226,81.43,1.587,0.9936,6.6943,0.9116
2012-03-06,90.8237,87.5654,1.3114,80.86,1.572,1.0013,6.7903,0.9186
2012-03-07,90.6837,87.4342,1.3149,81.06,1.5746,0.9994,6.7939,0.9169
2012-03-08,90.2598,86.9582,1.3256,81.5,1.5822,0.992,6.7059,0.9092
2012-03-09,90.4341,87.5539,1.3108,82.59,1.5677,0.9894,6.796,0.92
2012-03-12,90.6643,87.5823,1.3141,82.21,1.5615,0.9934,6.8108,0.9177
2012-03-13,90.5363,87.5667,1.3109,82.66,1.5736,0.9905,6.7629,0.9198
2012-03-14,90.9325,88.083,1.3025,83.78,1.5686,0.9914,6.8522,0.9313
2012-03-15,90.7866,87.8837,1.307,83.28,1.5669,0.9928,6.8099,0.9236
2012-03-16,90.5245,87.4543,1.3171,83.34,1.5845,0.9912,6.7489,0.916
2012-03-19,90.292,87.1308,1.3242,83.31,1.5894,0.9878,6.7104,0.9109
2012-03-20,90.6065,87.4414,1.3222,83.62,1.5857,0.9933,6.7485,0.9122
2012-03-21,90.6761,87.5267,1.319,83.62,1.5848,0.9928,6.7307,0.9143
2012-03-22,90.8225,87.5883,1.3194,82.5,1.5807,1.0002,6.7711,0.9136
2012-03-23,90.6156,87.2703,1.3263,82.35,1.5864,0.9983,6.7422,0.9085
2012-03-26,90.3266,86.9475,1.3328,82.84,1.5939,0.9922,6.681,0.9041
2012-03-27,90.2796,86.9795,1.3336,83.15,1.5972,0.9928,6.6801,0.9038
2012-03-28,90.603,87.2571,1.33,82.74,1.5855,0.9983,6.6748,0.9064
2012-03-29,90.7285,87.2956,1.3265,82.28,1.5911,0.9998,6.6799,0.9084
2012-03-30,90.4593,87.0481,1.3334,82.41,1.5985,0.999,6.6191,0.9026
2012-04-02,90.247,86.7957,1.3325,82.16,1.6022,0.9916,6.6042,0.9037
2012-04-03,90.1921,86.7925,1.3337,82.18,1.5966,0.9909,6.595,0.9024
2012-04-04,90.8284,87.6515,1.3126,82.62,1.5879,0.9961,6.7087,0.9168
2012-04-05,90.8781,87.698,1.3064,82.33,1.5822,0.9927,6.7524,0.92
2012-04-06,90.9375,87.5919,1.3089,81.56,1.5877,0.9971,6.7518,0.9176
2012-04-09,90.9624,87.5659,1.3087,81.36,1.5879,0.9971,6.7716,0.918
2012-04-10,91.2728,87.7477,1.3068,80.94,1.5836,1.0027,6.8118,0.9195
2012-04-11,91.1768,87.6314,1.3104,80.88,1.5892,1.004,6.7954,0.9165
2012-04-12,90.7694,87.1418,1.3171,80.87,1.5939,0.9951,6.749,0.9125
2012-04-13,91.0558,87.5442,1.3082,80.99,1.5851,0.9978,6.788,0.9189
2012-04-16,91.2355,87.6263,1.3067,80.46,1.5865,1.0025,6.7911,0.9199
2012-04-17,90.7661,87.0634,1.3123,80.72,1.5931,0.9878,6.7693,0.9156
2012-04-18,90.9326,87.1807,1.3122,81.29,1.602,0.9902,6.7418,0.9162
2012-04-19,91.0833,87.2518,1.3132,81.57,1.6058,0.9927,6.7285,0.9155
2012-04-20,90.8066,86.9525,1.3212,81.6,1.6123,0.9912,6.6936,0.9095
2012-04-23,91.079,87.2068,1.3129,81.16,1.6102,0.9935,6.7723,0.9152
2012-04-24,90.8153,86.8444,1.3207,81.21,1.6135,0.9882,6.736,0.9098
2012-04-25,90.756,86.7476,1.321,81.33,1.6146,0.9848,6.7312,0.9097
2012-04-26,90.6428,86.5415,1.3232,80.78,1.6188,0.984,6.7171,0.9081
2012-04-27,90.3269,86.3153,1.3248,80.48,1.6239,0.9807,6.717,0.9066
2012-04-30,90.3634,86.4905,1.3229,79.81,1.6225,0.9886,6.7274,0.9081
2012-05-01,90.3227,86.4509,1.3226,80.17,1.6221,0.9839,6.7206,0.9087
2012-05-02,90.6144,86.8089,1.3154,80.19,1.6193,0.989,6.7468,0.9135
2012-05-03,90.6839,86.816,1.3147,80.36,1.6185,0.9869,6.7585,0.9138
2012-05-04,91.0497,87.1598,1.3091,79.84,1.6148,0.9955,6.8163,0.9176
2012-05-07,91.0747,87.1961,1.3052,79.88,1.6192,0.9938,6.819,0.9204
2012-05-08,91.4107,87.4852,1.3015,79.79,1.6159,0.9997,6.8502,0.9228
2012-05-09,91.7632,87.7037,1.2954,79.64,1.613,1.0014,6.871,0.9272
2012-05-10,91.7077,87.7146,1.2959,79.91,1.6161,1.0015,6.9286,0.9269
2012-05-11,91.7306,87.6973,1.2937,79.86,1.608,0.9967,6.9432,0.9283
2012-05-14,92.2491,88.0856,1.2847,79.83,1.6116,1.0018,7.0303,0.9349
2012-05-15,92.5235,88.4426,1.2769,80.09,1.6025,1.0029,7.1303,0.9405
2012-05-16,92.903,88.8471,1.273,80.32,1.5933,1.0099,7.1545,0.9435
2012-05-17,92.9632,88.9718,1.2709,79.26,1.5823,1.0162,7.1988,0.945
2012-05-18,93.1395,89.1016,1.2721,79.14,1.5788,1.0211,7.1841,0.9442
2012-05-21,93.0945,89.0093,1.2769,79.31,1.579,1.0223,7.1274,0.9406
2012-05-22,93.1113,89.129,1.2735,79.98,1.5775,1.0191,7.1153,0.9431
2012-05-23,93.8855,89.8189,1.2569,79.33,1.5691,1.0274,7.1903,0.9555
2012-05-24,93.8027,89.7789,1.2583,79.47,1.5698,1.0274,7.1558,0.9558
2012-05-25,93.9488,90.0445,1.2518,79.64,1.5648,1.0285,7.1681,0.9592
2012-05-28,,,,,,,,
2012-05-29,93.875,90.0127,1.2488,79.44,1.563,1.0253,7.2084,0.9617
2012-05-30,94.302,90.3526,1.2405,78.93,1.5532,1.0289,7.2323,0.9682
2012-05-31,94.6856,90.6113,1.2364,78.29,1.5405,1.0349,7.2655,0.9713
2012-06-01,94.6979,90.5329,1.242,78.21,1.5383,1.0378,7.2494,0.9671
2012-06-04,94.5184,90.4176,1.2495,78.3,1.5382,1.0417,7.1865,0.961
2012-06-05,94.6184,90.6436,1.2437,78.57,1.5355,1.0414,7.2235,0.9656
2012-06-06,94.0362,90.0091,1.2535,79.11,1.5475,1.0298,7.1922,0.9579
2012-06-07,93.774,89.801,1.2568,79.67,1.5557,1.0244,7.1461,0.9558
2012-06-08,94.2024,90.3429,1.2482,79.47,1.5433,1.0332,7.1526,0.962
2012-06-11,94.0369,90.0736,1.2504,79.5,1.5515,1.0281,7.0997,0.9604
2012-06-12,94.0693,90.0788,1.2477,79.44,1.5562,1.0269,7.095,0.9624
2012-06-13,93.8309,89.7069,1.2596,79.35,1.5557,1.027,7.0241,0.9533
2012-06-14,93.8152,89.6111,1.2608,79.29,1.5533,1.0247,7.0235,0.9525
2012-06-15,93.5203,89.3285,1.2633,78.65,1.5654,1.0244,6.9962,0.9506
2012-06-18,93.6431,89.5768,1.2578,78.95,1.5665,1.0264,7.0374,0.9547
2012-06-19,93.0524,88.9363,1.2692,78.92,1.5732,1.0177,6.9574,0.9461
2012-06-20,93.1602,89.0415,1.2703,79.54,1.575,1.0193,6.9518,0.9453
2012-06-21,93.6378,89.7338,1.2586,80.18,1.5633,1.025,6.9974,0.9542
2012-06-22,93.9205,89.9714,1.2545,80.52,1.5582,1.0258,7.0167,0.9572
2012-06-25,94.1757,90.1519,1.248,79.5,1.5555,1.0301,7.0877,0.9621
2012-06-26,93.9859,90.0125,1.2471,79.46,1.562,1.0264,7.0828,0.963
2012-06-27,93.8728,90.1315,1.2457,79.83,1.5549,1.0258,7.0687,0.9642
2012-06-28,94.0203,90.3575,1.2433,79.35,1.5503,1.0331,7.0666,0.9661
2012-06-29,92.9096,89.1968,1.2668,79.81,1.5686,1.019,6.9123,0.9485
2012-07-02,92.951,89.3768,1.2584,79.42,1.5679,1.0193,6.9189,0.9544
2012-07-03,92.6508,89.1169,1.262,79.77,1.5702,1.0123,6.9263,0.9517
2012-07-04,,,,,,,,
2012-07-05,93.2211,89.9407,1.2384,79.95,1.5531,1.013,6.9619,0.9698
2012-07-06,93.7087,90.4325,1.2283,79.61,1.548,1.0198,7.0284,0.9777
2012-07-09,93.6974,90.4114,1.2299,79.66,1.5507,1.021,7.0114,0.9764
2012-07-10,93.5552,90.4627,1.2255,79.44,1.5506,1.0202,6.9778,0.9798
2012-07-11,93.5981,90.497,1.2244,79.7,1.5532,1.0195,6.9965,0.9808
2012-07-12,93.9298,90.7208,1.2199,79.29,1.5425,1.0215,7.0341,0.9843
2012-07-13,93.5515,90.3339,1.2232,79.2,1.555,1.0151,7.032,0.9817
2012-07-16,93.3746,90.122,1.2267,78.8,1.5635,1.0156,7.0411,0.9791
2012-07-17,93.3479,90.2105,1.2234,79.04,1.5613,1.0141,6.9956,0.9818
2012-07-18,93.0973,89.968,1.2261,78.79,1.5636,1.0112,6.9406,0.9795
2012-07-19,93.0438,89.7758,1.2257,78.6,1.5719,1.0076,6.9326,0.9798
2012-07-20,93.3653,90.1577,1.2176,78.49,1.563,1.0113,6.928,0.9863
2012-07-23,93.9297,90.558,1.2126,78.38,1.5512,1.0172,6.967,0.9904
2012-07-24,94.2635,90.8122,1.2062,78.19,1.5521,1.0207,6.9793,0.9957
2012-07-25,94.0564,90.5562,1.2132,78.21,1.5479,1.0181,6.98,0.9899
2012-07-26,93.3595,89.7384,1.228,78.24,1.5683,1.0101,6.8726,0.978
2012-07-27,92.9333,89.3734,1.237,78.55,1.5728,1.0059,6.8516,0.9709
2012-07-30,93.0524,89.5845,1.225,78.2,1.5694,1.0033,6.7956,0.9804
2012-07-31,92.8422,89.3226,1.2315,78.1,1.5686,1.0014,6.787,0.9753
2012-08-01,92.8905,89.4427,1.2299,78.19,1.5596,1.0017,6.7602,0.9767
2012-08-02,93.4269,90.0895,1.2149,78.22,1.55,1.0061,6.8218,0.9886
2012-08-03,92.6048,89.1145,1.239,78.6,1.565,0.9986,6.7119,0.9697
2012-08-06,92.4339,88.9619,1.2422,78.17,1.5625,0.9988,6.7051,0.9669
2012-08-07,92.5128,88.9743,1.2422,78.71,1.5658,0.9964,6.7024,0.9672
2012-08-08,92.5407,89.0385,1.2364,78.44,1.5659,0.9946,6.6843,0.9714
2012-08-09,92.6057,89.28,1.2278,78.64,1.5623,0.9923,6.7026,0.9781
2012-08-10,92.5129,89.0971,1.2298,78.24,1.5679,0.9917,6.656,0.9764
2012-08-13,92.5955,89.0594,1.2339,78.34,1.569,0.9933,6.6952,0.9733
2012-08-14,92.6152,89.1152,1.2329,78.82,1.5692,0.9914,6.6906,0.9742
2012-08-15,92.6838,89.1801,1.2288,78.89,1.5686,0.989,6.6895,0.9774
2012-08-16,92.5737,88.9923,1.2356,79.25,1.5738,0.9881,6.6941,0.9719
2012-08-17,92.711,89.2031,1.2315,79.5,1.5697,0.9883,6.6915,0.9752
2012-08-20,92.6263,89.1092,1.2343,79.41,1.5707,0.989,6.668,0.973
2012-08-21,92.3053,88.6162,1.2472,79.43,1.5788,0.9864,6.6537,0.963
2012-08-22,92.4362,88.7602,1.2472,79.19,1.58,0.9928,6.6662,0.9628
2012-08-23,92.1057,88.2613,1.2583,78.46,1.5882,0.9928,6.6023,0.9542
2012-08-24,92.2785,88.4642,1.2533,78.65,1.5815,0.9919,6.5906,0.9581
2012-08-27,92.3135,88.4623,1.2514,78.67,1.58,0.9892,6.5873,0.9597
2012-08-28,92.2033,88.2052,1.2564,78.5,1.5828,0.9864,6.6032,0.9558
2012-08-29,92.3823,88.3462,1.2538,78.72,1.5839,0.9873,6.658,0.9578
2012-08-30,92.6239,88.6248,1.2497,78.55,1.5794,0.9925,6.6916,0.9608
2012-08-31,92.1677,88.1228,1.2578,78.3,1.5864,0.9862,6.6176,0.9546
2012-09-03,,,,,,,,
2012-09-04,92.1582,88.1965,1.2566,78.35,1.5889,0.9862,6.7102,0.9558
2012-09-05,92.1262,88.2092,1.2603,78.34,1.5907,0.9901,6.7253,0.9548
2012-09-06,91.8973,88.0083,1.2626,78.96,1.5922,0.9824,6.745,0.9539
2012-09-07,91.3469,87.1942,1.2796,78.14,1.6016,0.9777,6.6144,0.9452
2012-09-10,91.3102,87.1745,1.2795,78.24,1.6009,0.9761,6.6103,0.9438
2012-09-11,91.0575,86.7655,1.2858,77.78,1.6071,0.9723,6.606,0.9387
2012-09-12,91.0477,86.7495,1.2894,77.86,1.6111,0.9756,6.5769,0.9376
2012-09-13,90.9632,86.6349,1.2912,77.41,1.6125,0.9754,6.6182,0.9395
2012-09-14,90.1436,85.9467,1.3142,78.22,1.6244,0.971,6.5459,0.925
2012-09-17,90.2837,86.1178,1.3125,78.68,1.6263,0.9723,6.5825,0.9266
2012-09-18,90.5029,86.3535,1.3051,78.59,1.6251,0.9743,6.5643,0.9288
2012-09-19,90.4646,86.2899,1.3065,78.4,1.6219,0.9747,6.5018,0.9266
2012-09-20,90.7631,86.6879,1.2948,78.3,1.6198,0.9775,6.5357,0.9336
2012-09-21,90.5342,86.4738,1.299,78.17,1.6251,0.9757,6.562,0.9327
2012-09-24,90.8263,86.7996,1.2909,77.9,1.6199,0.98,6.5741,0.9371
2012-09-25,90.6074,86.5942,1.2945,77.91,1.6232,0.977,6.541,0.9348
2012-09-26,91.0028,87.1009,1.2852,77.78,1.6145,0.9845,6.6032,0.9401
2012-09-27,90.7538,86.8537,1.2874,77.62,1.6217,0.9812,6.5421,0.9388
2012-09-28,90.8342,87.0848,1.2856,77.92,1.6132,0.9837,6.5649,0.94
2012-10-01,90.7011,86.957,1.29,78.0,1.6142,0.9827,6.5751,0.9376
2012-10-02,90.644,86.8261,1.2951,78.01,1.6186,0.9827,6.5902,0.9342
2012-10-03,90.8726,87.2477,1.2909,78.57,1.6077,0.987,6.683,0.9382
2012-10-04,90.4932,86.7869,1.3001,78.44,1.6165,0.9821,6.6165,0.9316
2012-10-05,90.2851,86.4978,1.3059,78.66,1.6196,0.9763,6.5826,0.9284
2012-10-08,,,,,,,,
2012-10-09,90.8703,87.1124,1.2876,78.23,1.5987,0.9787,6.6951,0.94
2012-10-10,90.883,87.0556,1.2888,78.26,1.6007,0.9786,6.6934,0.9392
2012-10-11,90.7437,86.9549,1.2928,78.44,1.6028,0.9785,6.6952,0.9353
2012-10-12,90.6833,86.8999,1.2946,78.31,1.6075,0.9797,6.6991,0.9334
2012-10-15,90.6409,86.9171,1.295,78.76,1.6069,0.9783,6.6614,0.933
2012-10-16,90.5583,86.8787,1.3036,78.92,1.6101,0.9854,6.615,0.9273
2012-10-17,90.2309,86.3702,1.3133,78.74,1.6165,0.9795,6.5892,0.9217
2012-10-18,90.3804,86.5624,1.3106,79.24,1.6141,0.9811,6.5484,0.9225
2012-10-19,90.8107,87.2086,1.3022,79.26,1.6003,0.993,6.5684,0.9286
2012-10-22,90.7911,87.2111,1.3063,79.84,1.6028,0.9938,6.589,0.9263
2012-10-23,91.0945,87.5195,1.2971,79.79,1.5932,0.9934,6.649,0.9328
2012-10-24,91.1275,87.5548,1.2946,79.82,1.6015,0.9945,6.6993,0.9342
2012-10-25,91.02,87.4894,1.2958,80.04,1.6119,0.9942,6.7023,0.9336
2012-10-26,91.1411,87.6135,1.2938,79.63,1.6098,0.999,6.7014,0.9348
2012-10-29,,,1.2906,79.81,1.6025,1.0003,6.6713,0.9366
2012-10-30,,,1.2979,79.58,1.6083,0.9992,6.6208,0.9309
2012-10-31,91.1609,87.5906,1.2958,79.94,1.6111,0.9994,6.6348,0.9311
2012-11-01,91.1217,87.5995,1.2937,80.14,1.6142,0.9973,6.658,0.9326
2012-11-02,91.281,87.9494,1.2848,80.53,1.6036,0.9962,6.6892,0.9396
2012-11-05,91.4778,88.0868,1.279,80.17,1.5977,0.9965,6.6884,0.9434
2012-11-06,91.2908,87.93,1.2818,80.28,1.5985,0.9936,6.6875,0.9424
2012-11-07,91.4514,88.1243,1.2759,79.85,1.5975,0.9971,6.6901,0.9454
2012-11-08,91.5375,88.1861,1.274,79.74,1.5979,0.9985,6.6959,0.9462
2012-11-09,91.6871,88.3234,1.2715,79.46,1.5912,1.0007,6.7349,0.9483
2012-11-12,,,,,,,,
2012-11-13,91.7356,88.3415,1.2716,79.42,1.5885,1.0015,6.778,0.947
2012-11-14,91.7942,88.4403,1.274,80.2,1.5849,1.0017,6.7802,0.945
2012-11-15,91.8837,88.5089,1.2783,81.16,1.5865,1.0024,6.7557,0.9418
2012-11-16,92.0095,88.7358,1.2715,81.28,1.5866,1.0029,6.8019,0.9472
2012-11-19,91.5653,88.231,1.2806,81.18,1.5908,0.9963,6.7388,0.9404
2012-11-20,91.556,88.3151,1.2814,81.72,1.5927,0.9969,6.7696,0.9403
2012-11-21,91.6645,88.4398,1.2816,82.36,1.5936,0.998,6.7357,0.9394
2012-11-22,,,,,,,,
2012-11-23,91.2616,87.8062,1.2959,82.34,1.6032,0.9927,6.6287,0.9296
2012-11-26,91.2789,87.8152,1.2966,82.11,1.6014,0.9949,6.6092,0.9284
2012-11-27,91.2608,87.8715,1.294,82.23,1.6028,0.9936,6.6787,0.931
2012-11-28,91.33,87.8388,1.2923,81.84,1.5997,0.9927,6.6604,0.9313
2012-11-29,91.2104,87.7967,1.2953,82.06,1.6026,0.9928,6.678,0.9293
2012-11-30,91.1038,87.7285,1.301,82.54,1.6027,0.9931,6.6594,0.9264
2012-12-03,91.0084,87.4882,1.3066,82.24,1.6104,0.9929,6.6249,0.925
2012-12-04,90.9748,87.3817,1.3081,81.86,1.6097,0.9926,6.6008,0.9272
2012-12-05,90.9423,87.4373,1.3077,82.4,1.6102,0.9913,6.5898,0.9262
2012-12-06,91.0629,87.7133,1.2968,82.29,1.6066,0.9909,6.6381,0.933
2012-12-07,91.0437,87.7626,1.2942,82.37,1.6031,0.989,6.6652,0.9333
2012-12-10,90.9631,87.7195,1.293,82.37,1.6068,0.9871,6.692,0.933
2012-12-11,90.8403,87.536,1.2992,82.42,1.6103,0.9867,6.6408,0.9333
2012-12-12,90.7708,87.4602,1.3038,83.1,1.6132,0.9854,6.661,0.9286
2012-12-13,90.776,87.3995,1.3077,83.54,1.613,0.9845,6.667,0.9243
2012-12-14,90.7156,87.2726,1.3134,83.52,1.6139,0.986,6.6716,0.9196
2012-12-17,90.6193,87.1199,1.3169,83.7,1.6203,0.9841,6.6412,0.9174
2012-12-18,90.5161,87.0196,1.3224,84.0,1.6256,0.9852,6.5954,0.913
2012-12-19,90.4896,87.0131,1.326,84.32,1.6275,0.9868,6.5457,0.9115
2012-12-20,90.6002,87.1458,1.3224,84.33,1.6268,0.9882,6.5131,0.913
2012-12-21,90.9597,87.4985,1.3166,84.1,1.6167,0.9941,6.5337,0.9172
2012-12-24,91.0354,87.5453,1.3179,84.81,1.6113,0.9913,6.5557,0.9161
2012-12-25,,,,,,,,
2012-12-26,91.0606,87.6232,1.3228,85.62,1.6118,0.9945,6.5092,0.9128
2012-12-27,91.1037,87.709,1.3228,86.06,1.6106,0.9949,6.5091,0.9138
2012-12-28,91.0419,87.703,1.322,86.12,1.6157,0.9951,6.5099,0.913
2012-12-31,91.0834,87.8285,1.3186,86.64,1.6262,0.9958,6.5074,0.9155
2013-01-01,,,,,,,,
2013-01-02,90.6941,87.5801,1.3195,87.1,1.6255,0.9859,6.4851,0.9166
2013-01-03,90.8097,87.8197,1.311,86.92,1.6151,0.9853,6.506,0.9222
2013-01-04,91.1025,88.2579,1.3047,88.14,1.6036,0.9856,6.5518,0.9262
2013-01-07,90.9852,88.0224,1.3099,87.68,1.608,0.9859,6.5081,0.9227
2013-01-08,91.057,88.1144,1.3068,87.31,1.604,0.9871,6.549,0.925
2013-01-09,91.0088,88.162,1.3078,87.9,1.6024,0.9867,6.5568,0.9244
2013-01-10,90.6425,87.721,1.322,88.16,1.6125,0.9859,6.5066,0.9162
2013-01-11,90.5352,87.4937,1.3353,89.22,1.6128,0.9842,6.466,0.912
2013-01-14,90.4935,87.5139,1.3369,89.34,1.6077,0.9841,6.4453,0.9174
2013-01-15,90.5191,87.5219,1.3342,88.65,1.6089,0.9839,6.4911,0.9275
2013-01-16,90.596,87.6995,1.3305,88.64,1.6009,0.985,6.501,0.9313
2013-01-17,90.5401,87.7183,1.3356,89.41,1.5991,0.9853,6.4916,0.9331
2013-01-18,90.8697,88.232,1.3303,89.9,1.5876,0.9937,6.5329,0.9346
2013-01-21,,,,,,,,
2013-01-22,90.7892,88.0007,1.3304,88.62,1.5862,0.9934,6.5131,0.9278
2013-01-23,90.8376,88.1274,1.3308,88.44,1.5848,0.9986,6.5316,0.9295
2013-01-24,90.9112,88.3375,1.3378,90.04,1.5789,1.0024,6.4895,0.9288
2013-01-25,91.0868,88.4255,1.3456,91.04,1.5799,1.0078,6.4602,0.9252
2013-01-28,91.2354,88.4267,1.3459,90.73,1.5686,1.007,6.4167,0.9272
2013-01-29,90.9406,88.1596,1.3484,90.65,1.5751,1.0029,6.3789,0.9216
2013-01-30,90.8836,87.9808,1.3564,91.05,1.5793,1.0033,6.3476,0.9124
2013-01-31,90.798,87.8024,1.3584,91.28,1.5856,0.9992,6.3533,0.9093
2013-02-01,90.6923,87.7416,1.3692,92.54,1.5744,0.9987,6.2904,0.903
2013-02-04,90.9774,88.1275,1.3527,92.57,1.5737,0.9976,6.3201,0.9087
2013-02-05,90.881,88.1807,1.3569,93.34,1.5652,0.9972,6.3336,0.9084
2013-02-06,91.0176,88.2968,1.3528,93.56,1.5655,0.9959,6.3561,0.91
2013-02-07,91.2912,88.7106,1.3382,93.24,1.5712,0.9992,6.4304,0.9176
2013-02-08,91.3056,88.6954,1.3366,92.72,1.5814,1.0021,6.4443,0.9183
2013-02-11,91.4451,88.8829,1.3414,93.44,1.5668,1.0064,6.3891,0.9186
2013-02-12,91.2779,88.6523,1.345,93.14,1.5654,1.0029,6.3554,0.9172
2013-02-13,91.2709,88.7136,1.3448,93.39,1.5544,1.002,6.288,0.9182
2013-02-14,91.366,88.961,1.3334,93.1,1.5502,1.0007,6.329,0.9232
2013-02-15,91.4551,89.1363,1.3362,93.64,1.5518,1.0069,6.3183,0.9226
2013-02-18,,,,,,,,
2013-02-19,91.5073,89.2287,1.3387,93.54,1.5432,1.0117,6.3096,0.922
2013-02-20,91.6689,89.5441,1.335,93.53,1.5301,1.0162,6.3136,0.9241
2013-02-21,92.0394,89.9606,1.3204,92.96,1.5263,1.0184,6.4082,0.9317
2013-02-22,92.1197,90.1992,1.3166,93.35,1.5256,1.0222,6.4384,0.9314
2013-02-25,92.1975,90.3952,1.3172,93.35,1.5112,1.0264,6.4319,0.9314
2013-02-26,92.4247,90.4793,1.3054,91.38,1.5125,1.0279,6.4764,0.9326
2013-02-27,92.234,90.329,1.3104,91.88,1.5134,1.0249,6.4514,0.931
2013-02-28,92.295,90.5238,1.3079,92.36,1.5192,1.0286,6.4518,0.9336
2013-03-01,92.6177,91.0456,1.2988,93.38,1.5033,1.0285,6.4531,0.9448
2013-03-04,92.6316,91.0203,1.2996,93.32,1.5084,1.0298,6.4349,0.9423
2013-03-05,92.4965,90.9164,1.3019,93.39,1.5098,1.0289,6.3917,0.9433
2013-03-06,,,1.299,93.64,1.5036,1.0314,6.4095,0.947
2013-03-07,92.5462,91.0032,1.3098,95.0,1.5032,1.0303,6.3412,0.9432
2013-03-08,92.6252,91.4524,1.2992,96.0,1.4926,1.0273,6.4007,0.9535
2013-03-11,92.5351,91.3889,1.3014,96.12,1.4898,1.0268,6.4013,0.9496
2013-03-12,92.3853,91.3018,1.3023,95.96,1.4877,1.0259,6.3674,0.9472
2013-03-13,92.4709,91.535,1.2949,96.0,1.4925,1.0272,6.423,0.9518
2013-03-14,92.4695,91.3736,1.2974,96.16,1.5039,1.0263,6.4522,0.9512
2013-03-15,92.128,90.7132,1.3076,95.26,1.5124,1.0202,6.3968,0.9396
2013-03-18,92.3377,91.0483,1.2956,94.92,1.5113,1.0218,6.4349,0.9449
2013-03-19,92.526,91.3731,1.2888,94.85,1.5118,1.0272,6.4604,0.946
2013-03-20,92.4141,91.2698,1.295,95.51,1.5133,1.0268,6.4635,0.9439
2013-03-21,92.3322,91.1504,1.2928,95.06,1.518,1.0239,6.4769,0.9454
2013-03-22,92.2051,90.7994,1.2996,94.48,1.5239,1.0224,6.484,0.9402
2013-03-25,92.3081,91.1198,1.2881,94.34,1.5184,1.0217,6.5229,0.9473
2013-03-26,92.232,91.0321,1.2858,94.22,1.5156,1.0167,6.4969,0.9484
2013-03-27,92.446,91.3183,1.2782,94.38,1.5112,1.0169,6.5152,0.9534
2013-03-28,92.2544,91.0039,1.2842,94.02,1.5184,1.0155,6.5015,0.9468
2013-03-29,92.302,91.1553,1.2816,94.16,1.5193,1.0174,6.528,0.949
2013-04-01,92.1687,90.8678,1.2857,93.3,1.5232,1.0166,6.5094,0.946
2013-04-02,92.1432,90.9549,1.2836,93.43,1.5113,1.0147,6.4765,0.9485
2013-04-03,92.104,90.7911,1.2847,92.96,1.514,1.0134,6.4989,0.9451
2013-04-04,92.3896,91.2172,1.2854,96.12,1.5198,1.0139,6.5565,0.9458
2013-04-05,92.1043,90.8637,1.3027,96.86,1.5336,1.019,6.4423,0.9324
2013-04-08,92.2317,91.2575,1.3008,98.9,1.5257,1.0199,6.419,0.9346
2013-04-09,91.9669,90.8791,1.3092,99.02,1.5317,1.0162,6.3896,0.9317
2013-04-10,91.9598,90.9909,1.306,99.61,1.5315,1.0148,6.3894,0.9333
2013-04-11,91.6972,90.6086,1.3124,99.42,1.5403,1.0107,6.3406,0.9294
2013-04-12,91.7967,90.7371,1.3094,98.98,1.5373,1.0134,6.3627,0.929
2013-04-15,91.9457,90.9149,1.3082,98.0,1.532,1.0208,6.3783,0.9303
2013-04-16,91.8451,90.7887,1.3141,97.86,1.5316,1.0226,6.3789,0.9256
2013-04-17,92.1372,91.1985,1.3049,97.74,1.5255,1.0263,6.4979,0.9306
2013-04-18,92.176,91.1776,1.3072,98.22,1.5282,1.0257,6.5285,0.9306
2013-04-19,92.2166,91.3769,1.3066,99.28,1.5254,1.0264,6.5288,0.9324
2013-04-22,92.3591,91.4314,1.305,99.29,1.5262,1.0262,6.5296,0.9349
2013-04-23,92.3836,91.5826,1.3012,99.43,1.5267,1.0259,6.6267,0.9427
2013-04-24,92.4581,91.6802,1.2997,99.39,1.5258,1.027,6.6347,0.9484
2013-04-25,92.0394,91.315,1.3004,99.42,1.5434,1.0193,6.6155,0.9455
2013-04-26,91.9012,90.9518,1.3024,97.84,1.5479,1.017,6.5722,0.9414
2013-04-29,91.6539,90.6772,1.309,98.09,1.5497,1.0138,6.5487,0.937
2013-04-30,91.3741,90.1532,1.3168,97.52,1.5539,1.0072,6.4817,0.9298
2013-05-01,91.4331,90.0799,1.3192,97.28,1.5578,1.0083,6.4734,0.9268
2013-05-02,91.6174,90.5652,1.3066,97.96,1.5519,1.0083,6.53,0.9348
2013-05-03,91.5087,90.5329,1.3112,99.1,1.5563,1.0077,6.4944,0.934
2013-05-06,91.6387,90.732,1.3067,99.35,1.5538,1.0074,6.5375,0.9393
2013-05-07,91.5201,90.6459,1.3085,99.0,1.5468,1.0051,6.5218,0.9402
2013-05-08,91.1848,90.2378,1.3177,98.9,1.5563,1.0023,6.4925,0.9349
2013-05-09,91.3036,90.5347,1.3105,99.29,1.5502,1.0026,6.5058,0.9406
2013-05-10,92.2527,91.7579,1.2955,101.74,1.5334,1.0123,6.6185,0.9594
2013-05-13,92.2711,91.6857,1.2981,101.84,1.5291,1.0108,6.6067,0.9576
2013-05-14,92.3697,91.9305,1.2969,102.18,1.5258,1.0149,6.644,0.9602
2013-05-15,92.7691,92.3994,1.2857,102.44,1.5198,1.0173,6.6792,0.968
2013-05-16,92.6602,92.1496,1.2898,102.22,1.5302,1.0162,6.6465,0.9618
2013-05-17,93.1617,92.9216,1.2818,102.98,1.5173,1.0268,6.7003,0.9731
2013-05-20,93.0359,92.6772,1.2865,102.54,1.5223,1.0272,6.6588,0.9675
2013-05-21,92.9662,92.5792,1.291,102.36,1.517,1.0277,6.624,0.968
2013-05-22,93.3104,93.1756,1.2864,103.52,1.5038,1.0331,6.6328,0.9814
2013-05-23,93.2113,92.5493,1.2944,101.66,1.512,1.0315,6.64,0.9668
2013-05-24,93.2768,92.544,1.292,100.98,1.5126,1.0322,6.6503,0.9621
2013-05-27,,,,,,,,
2013-05-28,93.5853,93.058,1.287,102.07,1.5061,1.0371,6.6913,0.9734
2013-05-29,93.531,92.6166,1.2944,100.91,1.5121,1.0369,6.6492,0.9613
2013-05-30,93.4219,92.1203,1.3042,101.06,1.5207,1.0309,6.5622,0.9558
2013-05-31,93.6076,92.3554,1.2988,100.83,1.5185,1.0337,6.6221,0.9583
2013-06-03,93.163,91.5062,1.3098,99.18,1.5349,1.029,6.5304,0.9442
2013-06-04,93.3067,91.9421,1.3075,100.15,1.5304,1.0348,6.5691,0.9485
2013-06-05,93.275,91.7292,1.3088,99.16,1.5392,1.0346,6.5957,0.9422
2013-06-06,92.809,90.6515,1.3248,97.76,1.5601,1.024,6.5386,0.93
2013-06-07,92.6056,90.5827,1.3242,97.2,1.5558,1.0208,6.5607,0.9342
2013-06-10,92.973,90.7786,1.3234,98.88,1.5556,1.0185,6.5897,0.9357
2013-06-11,92.7996,90.3741,1.3278,96.82,1.5587,1.0191,6.5834,0.9271
2013-06-12,92.4775,89.8782,1.3354,95.36,1.5697,1.0202,6.4865,0.9181
2013-06-13,92.3449,89.7445,1.3314,94.29,1.5698,1.017,6.5075,0.9234
2013-06-14,92.1886,89.7215,1.333,94.34,1.5686,1.0175,6.439,0.9222
2013-06-17,92.3332,89.7863,1.3341,94.87,1.5709,1.0175,6.4713,0.9254
2013-06-18,92.5432,89.7933,1.3407,95.2,1.5625,1.0209,6.4444,0.9186
2013-06-19,92.4755,89.705,1.3404,95.22,1.5657,1.0187,6.3855,0.9192
2013-06-20,94.125,91.3899,1.3214,98.18,1.5469,1.0383,6.583,0.9296
2013-06-21,94.4243,91.879,1.3113,97.48,1.5373,1.0467,6.7003,0.9354
2013-06-24,94.5714,92.1142,1.3091,97.7,1.5404,1.0532,6.7776,0.9345
2013-06-25,94.3285,92.1114,1.308,97.87,1.5418,1.0512,6.735,0.9388
2013-06-26,94.3807,92.176,1.3006,97.43,1.5332,1.0468,6.7185,0.9432
2013-06-27,94.2429,92.3918,1.3016,98.4,1.5235,1.0479,6.747,0.9464
2013-06-28,94.3047,92.6512,1.301,99.21,1.521,1.0513,6.7318,0.945
2013-07-01,94.0998,92.4816,1.306,99.62,1.5247,1.0499,6.6636,0.9452
2013-07-02,94.4051,92.8766,1.3017,100.43,1.5171,1.0529,6.6876,0.9492
2013-07-03,94.4767,92.7634,1.3005,99.82,1.5264,1.0521,6.6928,0.9475
2013-07-04,,,,,,,,
2013-07-05,95.0639,93.7986,1.2831,100.94,1.491,1.0566,6.8171,0.9624
2013-07-08,94.9954,93.7404,1.2863,101.07,1.4932,1.0578,6.7798,0.9644
2013-07-09,94.9467,93.9324,1.2774,101.08,1.4837,1.053,6.7985,0.9736
2013-07-10,94.7595,93.4741,1.2846,100.1,1.4935,1.051,6.7726,0.9682
2013-07-11,93.949,92.238,1.3046,98.8,1.5127,1.0389,6.6912,0.9496
2013-07-12,94.0029,92.3504,1.3048,99.39,1.5108,1.0393,6.676,0.9468
2013-07-15,93.9729,92.5311,1.3039,100.04,1.5088,1.0412,6.6853,0.9508
2013-07-16,93.5232,91.9871,1.3144,99.37,1.5122,1.0388,6.5934,0.9408
2013-07-17,93.5498,92.226,1.3094,99.7,1.5184,1.0423,6.5836,0.9428
2013-07-18,93.681,92.3402,1.3078,100.6,1.5193,1.0395,6.5995,0.9468
2013-07-19,93.4759,91.9531,1.3142,100.3,1.526,1.0362,6.5397,0.9401
2013-07-22,93.2253,91.5543,1.3193,99.6,1.5366,1.0336,6.4872,0.9357
2013-07-23,93.1631,91.4476,1.3212,99.76,1.5354,1.0305,6.4521,0.9368
2013-07-24,93.3124,91.4627,1.3228,100.21,1.5367,1.0298,6.4964,0.9354
2013-07-25,93.2862,91.3365,1.3234,99.56,1.5333,1.0283,6.5185,0.9336
2013-07-26,93.1695,91.0375,1.3269,98.24,1.5368,1.0292,6.473,0.9289
2013-07-29,93.1663,90.9333,1.3262,97.8,1.5355,1.0259,6.4742,0.9308
2013-07-30,93.3976,91.1641,1.3266,98.02,1.5244,1.0292,6.5426,0.9298
2013-07-31,93.5703,91.22,1.3282,98.35,1.5177,1.0287,6.5284,0.9284
2013-08-01,93.7972,91.7203,1.3217,99.3,1.5145,1.0338,6.6039,0.9353
2013-08-02,93.5789,91.5704,1.3268,99.04,1.5277,1.0379,6.6078,0.9293
2013-08-05,93.507,91.5275,1.3257,98.54,1.5347,1.0394,6.5902,0.9302
2013-08-06,93.3199,91.2455,1.3296,97.85,1.5367,1.0378,6.5633,0.9266
2013-08-07,93.2652,90.9872,1.3329,96.72,1.5514,1.0415,6.5238,0.9222
2013-08-08,92.8483,90.483,1.3392,96.03,1.5555,1.0347,6.4771,0.9194
2013-08-09,92.8394,90.5407,1.3338,96.24,1.5507,1.0302,6.5064,0.9221
2013-08-12,92.9178,90.6543,1.3312,96.44,1.5475,1.0297,6.5251,0.9248
2013-08-13,93.476,91.2455,1.3247,98.06,1.5451,1.0345,6.5481,0.934
2013-08-14,93.382,91.101,1.3256,98.15,1.5531,1.0319,6.506,0.9354
2013-08-15,93.5059,91.0755,1.3263,97.81,1.5573,1.0339,6.5367,0.9334
2013-08-16,93.4255,90.8302,1.3321,97.6,1.5621,1.0344,6.5154,0.9269
2013-08-19,93.6623,90.7622,1.3348,97.94,1.5665,1.0334,6.4974,0.9247
2013-08-20,93.5536,90.5442,1.3426,97.12,1.5678,1.0374,6.4791,0.9178
2013-08-21,94.0362,90.9921,1.3368,97.66,1.5678,1.0442,6.5538,0.9211
2013-08-22,94.2804,91.3671,1.3362,98.53,1.558,1.0511,6.5164,0.9236
2013-08-23,93.9466,91.2812,1.3392,98.57,1.5578,1.0512,6.4871,0.9207
2013-08-26,94.1853,91.3696,1.3369,98.64,1.5568,1.0513,6.5166,0.9229
2013-08-27,94.3934,91.1505,1.3387,97.3,1.5528,1.0504,6.4992,0.9186
2013-08-28,94.4127,91.3397,1.3326,97.65,1.552,1.0491,6.5212,0.9221
2013-08-29,94.6398,91.8656,1.3228,98.46,1.5488,1.0526,6.5945,0.9316
2013-08-30,94.7541,92.0133,1.3196,98.22,1.5468,1.0554,6.6338,0.9313
2013-09-02,,,,,,,,
2013-09-03,94.9574,92.1176,1.3164,99.43,1.5544,1.0532,6.6205,0.9363
2013-09-04,94.5739,91.7773,1.3212,99.61,1.5643,1.0482,6.5962,0.9356
2013-09-05,94.8891,92.2104,1.312,100.08,1.5593,1.0499,6.67,0.9437
2013-09-06,94.2487,91.5864,1.3166,99.04,1.5633,1.039,6.6371,0.9385
2013-09-09,94.0009,91.2485,1.326,99.55,1.5724,1.0366,6.5656,0.9314
2013-09-10,93.938,91.2996,1.326,100.22,1.5731,1.0357,6.5457,0.9344
2013-09-11,93.7112,91.055,1.3301,100.08,1.5807,1.0336,6.5265,0.9314
2013-09-12,93.5903,90.857,1.3315,99.24,1.5819,1.0319,6.5141,0.9286
2013-09-13,93.6666,91.0374,1.3276,99.38,1.5861,1.0341,6.5641,0.9319
2013-09-16,93.2875,90.6323,1.335,98.98,1.5927,1.0316,6.4926,0.9258
2013-09-17,93.2231,90.5714,1.3357,99.16,1.5901,1.029,6.4606,0.9266
2013-09-18,93.2569,90.5965,1.3351,99.04,1.5965,1.0312,6.4595,0.926
2013-09-19,92.4082,89.8456,1.3527,99.33,1.6043,1.0237,6.3416,0.9112
2013-09-20,92.6049,90.0259,1.3522,99.38,1.6021,1.0287,6.3615,0.9104
2013-09-23,92.613,89.9205,1.352,98.76,1.6066,1.029,6.3815,0.91
2013-09-24,92.7691,90.0577,1.349,98.76,1.6006,1.0294,6.3947,0.9114
2013-09-25,92.7675,89.8808,1.3536,98.62,1.608,1.0294,6.408,0.9082
2013-09-26,93.0096,90.1821,1.3484,98.95,1.6012,1.0321,6.4256,0.9105
2013-09-27,92.9747,89.8274,1.3537,98.3,1.6135,1.03,6.417,0.905
2013-09-30,92.9207,89.7517,1.3535,98.29,1.6179,1.0284,6.4095,0.9041
2013-10-01,92.9515,89.828,1.3534,98.05,1.6208,1.0333,6.3584,0.9064
2013-10-02,92.772,89.5716,1.3592,97.36,1.6224,1.033,6.3751,0.9017
2013-10-03,92.7461,89.4005,1.3642,97.08,1.6169,1.0324,6.3345,0.8972
2013-10-04,92.6469,89.5967,1.3582,97.2,1.6069,1.0306,6.4141,0.9052
2013-10-07,92.6725,89.5986,1.3569,97.02,1.6082,1.0306,6.421,0.905
2013-10-08,92.7558,89.6097,1.3582,96.94,1.6089,1.033,6.4218,0.904
2013-10-09,93.0829,90.1145,1.3513,97.23,1.5943,1.0396,6.4741,0.9104
2013-10-10,92.8579,90.1114,1.3535,98.09,1.5975,1.0382,6.4923,0.9104
2013-10-11,92.854,90.1114,1.3559,98.42,1.5945,1.0383,6.4713,0.9103
2013-10-14,,,,,,,,
2013-10-15,92.7642,90.2545,1.3494,98.58,1.5974,1.0372,6.513,0.9152
2013-10-16,92.6819,90.2754,1.349,98.9,1.5904,1.0345,6.5075,0.9163
2013-10-17,92.0246,89.3062,1.3664,97.85,1.6166,1.0285,6.4091,0.9028
2013-10-18,91.9989,89.2085,1.3693,97.77,1.6184,1.0287,6.4116,0.9013
2013-10-21,92.2498,89.353,1.3672,98.14,1.6149,1.0296,6.4033,0.9019
2013-10-22,91.9563,88.9833,1.3778,98.18,1.6221,1.0282,6.3719,0.8947
2013-10-23,92.0947,89.1575,1.3786,97.28,1.6171,1.0384,6.3734,0.8918
2013-10-24,92.1867,89.208,1.381,97.36,1.6186,1.0421,6.356,0.8916
2013-10-25,92.1623,89.3605,1.3794,97.46,1.6158,1.0449,6.3237,0.8939
2013-10-28,92.1872,89.4209,1.3786,97.7,1.6131,1.0443,6.3346,0.8954
2013-10-29,92.301,89.5949,1.377,98.09,1.6059,1.0445,6.372,0.8982
2013-10-30,92.3057,89.6052,1.3771,98.14,1.6078,1.0454,6.3684,0.8964
2013-10-31,92.731,90.0182,1.3594,98.1,1.6068,1.0429,6.4692,0.9056
2013-11-01,93.155,90.5293,1.3488,98.78,1.5922,1.0442,6.5354,0.9124
2013-11-04,92.9359,90.3146,1.3516,98.62,1.595,1.0414,6.5005,0.9106
2013-11-05,93.2112,90.4767,1.347,98.6,1.6044,1.0447,6.5267,0.9126
2013-11-06,93.0943,90.2124,1.353,98.6,1.608,1.0418,6.4922,0.9109
2013-11-07,93.4003,90.6663,1.339,98.56,1.6069,1.0441,6.5298,0.9184
2013-11-08,93.6619,91.0251,1.3357,99.03,1.5995,1.0486,6.5947,0.922
2013-11-11,,,,,,,,
2013-11-12,93.7651,91.0328,1.3428,99.65,1.5916,1.05,6.6472,0.9176
2013-11-13,93.4848,90.7491,1.3456,99.31,1.6033,1.0468,6.66,0.9155
2013-11-14,93.4328,90.8498,1.3468,99.93,1.6077,1.0497,6.6453,0.9152
2013-11-15,93.2854,90.7138,1.348,100.17,1.6107,1.0457,6.6473,0.9152
2013-11-18,92.9824,90.4834,1.352,100.04,1.611,1.0426,6.5974,0.9121
2013-11-19,93.0649,90.5813,1.3529,100.14,1.611,1.0467,6.6193,0.9114
2013-11-20,93.2501,90.7083,1.3451,100.02,1.615,1.0446,6.6267,0.9158
2013-11-21,93.5638,90.9754,1.347,100.95,1.6155,1.0506,6.6522,0.9146
2013-11-22,93.4198,90.8593,1.3547,101.29,1.6211,1.0534,6.5897,0.9072
2013-11-25,93.5539,91.1368,1.3502,101.7,1.6146,1.0554,6.5701,0.9125
2013-11-26,93.5226,90.9156,1.3555,101.38,1.6187,1.0547,6.5775,0.908
2013-11-27,93.6864,91.1007,1.3563,102.18,1.6267,1.0595,6.5794,0.9091
2013-11-28,,,,,,,,
2013-11-29,93.6291,90.9342,1.3606,102.45,1.6373,1.0597,6.5475,0.9047
2013-12-02,93.8856,91.2574,1.3552,103.04,1.6365,1.0632,6.5484,0.9076
2013-12-03,93.8251,91.0563,1.3604,102.36,1.6416,1.066,6.5047,0.903
2013-12-04,93.8997,91.3689,1.3555,102.48,1.6352,1.0696,6.5142,0.9052
2013-12-05,93.4954,90.8266,1.3664,101.82,1.6328,1.0638,6.4911,0.8976
2013-12-06,93.4045,90.9425,1.369,102.88,1.6327,1.0663,6.5081,0.8939
2013-12-09,93.1444,90.7929,1.3726,103.22,1.6403,1.0641,6.5346,0.8914
2013-12-10,,,1.3765,102.8,1.6424,1.0622,6.5314,0.8876
2013-12-11,93.0842,90.4104,1.3798,102.38,1.6389,1.0605,6.538,0.8856
2013-12-12,93.4292,90.8165,1.3752,103.11,1.6326,1.0641,6.5964,0.8902
2013-12-13,93.3568,90.7835,1.3724,103.28,1.6294,1.0594,6.5772,0.8904
2013-12-16,93.2175,90.5882,1.3757,102.91,1.6311,1.0577,6.5723,0.8876
2013-12-17,93.302,90.7145,1.3748,102.63,1.6254,1.0611,6.5664,0.887
2013-12-18,93.4207,90.7575,1.3766,103.18,1.6388,1.0645,6.5379,0.8872
2013-12-19,93.7368,91.2629,1.3666,104.16,1.6382,1.0677,6.5783,0.8964
2013-12-20,93.7211,91.2298,1.3673,104.07,1.6355,1.0679,6.5755,0.8952
2013-12-23,93.572,90.9424,1.3701,104.06,1.6356,1.0602,6.5563,0.8942
2013-12-24,93.6734,91.0773,1.3676,104.26,1.6371,1.0618,6.5646,0.8961
2013-12-25,,,,,,,,
2013-12-26,93.766,91.159,1.369,104.72,1.6425,1.0648,6.5441,0.8963
2013-12-27,93.7018,91.0729,1.3766,105.05,1.6491,1.0697,6.5114,0.8893
2013-12-30,93.4866,90.741,1.3816,105.0,1.6522,1.064,6.4127,0.8866
2013-12-31,93.5576,90.8394,1.3779,105.25,1.6574,1.0637,6.4254,0.8904
2014-01-01,,,,,,,,
2014-01-02,93.8192,91.184,1.367,104.84,1.6441,1.0634,6.4909,0.8998
2014-01-03,93.853,91.2587,1.3606,104.46,1.6424,1.0612,6.5177,0.9044
2014-01-06,93.9109,91.3031,1.3636,104.38,1.6412,1.0658,6.5134,0.9036
2014-01-07,94.0398,91.6157,1.3618,104.54,1.6421,1.0742,6.5172,0.9086
2014-01-08,94.2181,91.8845,1.3586,104.87,1.6461,1.0802,6.5631,0.9102
2014-01-09,94.3299,91.9804,1.3591,104.74,1.6459,1.085,6.5597,0.9085
2014-01-10,94.0045,91.8123,1.3664,104.06,1.647,1.0915,6.4956,0.9032
2014-01-13,93.899,91.6758,1.3647,103.31,1.6379,1.0868,6.5054,0.9026
2014-01-14,94.0303,91.7782,1.3682,103.8,1.645,1.0934,6.4358,0.9009
2014-01-15,94.341,92.1425,1.3604,104.42,1.6375,1.0932,6.466,0.9084
2014-01-16,94.5507,92.18,1.36,104.32,1.6335,1.0926,6.4699,0.9064
2014-01-17,94.5846,92.3456,1.3554,104.32,1.6429,1.0959,6.4565,0.91
2014-01-20,,,,,,,,
2014-01-21,94.679,92.3097,1.356,104.14,1.6469,1.0971,6.4867,0.9092
2014-01-22,94.8479,92.5574,1.3546,104.36,1.6571,1.1069,6.4773,0.9116
2014-01-23,94.8415,92.223,1.368,103.65,1.6612,1.1128,6.4295,0.9002
2014-01-24,94.8555,91.9779,1.368,102.41,1.6491,1.1063,6.4453,0.8949
2014-01-27,94.9059,91.9849,1.3679,102.26,1.6588,1.1097,6.4297,0.8956
2014-01-28,94.88,92.2263,1.3662,102.8,1.6581,1.1148,6.4285,0.8984
2014-01-29,94.8621,92.1499,1.3663,102.2,1.6561,1.1147,6.4566,0.8948
2014-01-30,95.1294,92.6682,1.3549,102.83,1.6487,1.1171,6.525,0.9042
2014-01-31,95.1774,92.6242,1.35,102.28,1.645,1.1116,6.5412,0.9052
2014-02-03,95.2469,92.3736,1.3523,101.11,1.6307,1.1074,6.5421,0.9014
2014-02-04,95.0438,92.398,1.3507,101.62,1.63,1.1056,6.526,0.905
2014-02-05,95.0285,92.4502,1.3519,101.38,1.6308,1.11,6.5321,0.9042
2014-02-06,94.7177,92.1363,1.3604,101.84,1.6345,1.1065,6.4997,0.8992
2014-02-07,94.7457,92.0125,1.3614,102.32,1.6395,1.1014,6.4952,0.8992
2014-02-10,94.7189,91.9791,1.3644,102.14,1.6419,1.1048,6.4831,0.8967
2014-02-11,94.6377,91.8843,1.3654,102.63,1.6468,1.1024,6.4335,0.8969
2014-02-12,94.6209,91.8988,1.3592,102.48,1.6578,1.0992,6.4471,0.9006
2014-02-13,,,1.3669,102.2,1.6643,1.0979,6.4615,0.8944
2014-02-14,94.2711,91.4227,1.369,101.82,1.6736,1.0981,6.4515,0.8928
2014-02-17,,,,,,,,
2014-02-18,94.1934,91.2417,1.3758,102.31,1.6696,1.0952,6.4839,0.8878
2014-02-19,94.38,91.4528,1.3762,102.3,1.6718,1.1045,6.493,0.8868
2014-02-20,94.6571,91.8705,1.369,102.32,1.664,1.1104,6.5515,0.8912
2014-02-21,,,1.3722,102.71,1.663,1.1128,6.5421,0.8888
2014-02-24,94.4042,91.5944,1.3744,102.44,1.6641,1.1058,6.4917,0.8885
2014-02-25,94.4735,91.5872,1.3749,102.2,1.6696,1.1085,6.4925,0.887
2014-02-26,94.7754,91.9629,1.3668,102.36,1.6648,1.1117,6.5181,0.8922
2014-02-27,94.6722,91.7955,1.3724,102.12,1.6693,1.1137,6.5124,0.8872
2014-02-28,94.3879,91.3642,1.3806,102.08,1.675,1.1075,6.4109,0.881
2014-03-03,,,1.3763,101.36,1.6712,1.109,6.4595,0.881
2014-03-04,94.6568,91.7364,1.3731,102.18,1.6665,1.1113,6.449,0.8869
2014-03-05,94.4679,91.5345,1.3734,102.32,1.6729,1.105,6.4282,0.8872
2014-03-06,93.9858,91.0494,1.3848,103.03,1.6743,1.0965,6.3998,0.881
2014-03-07,94.2532,91.3568,1.3868,103.38,1.6725,1.1088,6.3883,0.8785
2014-03-10,94.3731,91.4171,1.388,103.23,1.6633,1.1104,6.3862,0.8781
2014-03-11,94.387,91.3965,1.3867,103.18,1.6628,1.1085,6.37,0.8783
2014-03-12,94.462,91.3748,1.3904,102.74,1.6605,1.113,6.3619,0.8743
2014-03-13,94.1872,90.9897,1.3927,102.12,1.6677,1.1059,6.3543,0.8726
2014-03-14,94.243,91.0172,1.3924,101.46,1.663,1.1087,6.3769,0.8712
2014-03-17,,,1.3927,101.62,1.6645,1.1052,6.351,0.8726
2014-03-18,94.2631,91.0502,1.3913,101.37,1.6574,1.1089,6.3394,0.8743
2014-03-19,94.3752,91.2789,1.391,101.54,1.6629,1.1177,6.3557,0.8747
2014-03-20,94.9986,92.0102,1.3784,102.39,1.6511,1.1251,6.4098,0.8833
2014-03-21,94.8547,91.8608,1.3783,102.38,1.6498,1.1191,6.4379,0.8836
2014-03-24,94.759,91.8983,1.3784,102.21,1.6491,1.1218,6.4282,0.884
2014-03-25,94.6379,91.8188,1.3777,102.32,1.6507,1.1176,6.4272,0.8862
2014-03-26,94.5281,91.654,1.3786,102.3,1.6566,1.1143,6.4574,0.8854
2014-03-27,94.3315,91.4537,1.3752,102.1,1.6627,1.1056,6.4805,0.8859
2014-03-28,94.3683,91.5844,1.3753,102.92,1.6637,1.1066,6.5024,0.8869
2014-03-31,94.2432,91.4485,1.3777,102.98,1.6675,1.1053,6.475,0.884
2014-04-01,94.1244,91.3963,1.3804,103.52,1.6639,1.1026,6.4524,0.8825
2014-04-02,94.3103,91.5816,1.3761,103.82,1.6634,1.103,6.4842,0.887
2014-04-03,94.512,91.8081,1.3708,103.94,1.6583,1.1035,6.5461,0.8921
2014-04-04,94.2191,91.5787,1.3704,103.39,1.6594,1.0978,6.5509,0.8918
2014-04-07,94.0881,91.3906,1.3745,103.04,1.6616,1.0971,6.528,0.8876
2014-04-08,93.6579,90.8848,1.3802,102.12,1.6743,1.0919,6.4936,0.8836
2014-04-09,93.6716,90.7599,1.3816,101.85,1.6751,1.0902,6.5066,0.8816
2014-04-10,93.5123,90.4931,1.3892,101.43,1.6781,1.0912,6.5229,0.8758
2014-04-11,93.6395,90.6428,1.3898,101.56,1.6736,1.096,6.5227,0.8748
2014-04-14,93.8046,90.8872,1.3824,101.81,1.6741,1.0968,6.5524,0.8784
2014-04-15,93.9486,90.9794,1.3806,101.6,1.6725,1.098,6.577,0.8805
2014-04-16,93.9461,91.1026,1.382,102.3,1.6794,1.1027,6.5919,0.8813
2014-04-17,93.8936,90.9923,1.3832,102.22,1.6809,1.0997,6.5922,0.8812
2014-04-18,93.9629,91.1464,1.3816,102.43,1.6792,1.1024,6.594,0.8832
2014-04-21,94.0337,91.2265,1.379,102.56,1.6792,1.102,6.6229,0.8851
2014-04-22,94.0802,91.1714,1.3804,102.6,1.6833,1.1025,6.5824,0.8851
2014-04-23,94.149,91.1792,1.3814,102.26,1.6768,1.1034,6.5749,0.8828
2014-04-24,94.1294,91.1204,1.3828,102.34,1.6797,1.1026,6.5726,0.8817
2014-04-25,94.1623,91.0939,1.3838,102.12,1.681,1.1041,6.587,0.8809
2014-04-28,94.1374,91.0943,1.3844,102.46,1.6812,1.1032,6.5458,0.8807
2014-04-29,94.0295,91.0296,1.3808,102.57,1.6829,1.0963,6.5685,0.8845
2014-04-30,93.8896,90.7438,1.387,102.14,1.6883,1.0956,6.5049,0.88
2014-05-01,93.8707,90.783,1.3867,102.3,1.69,1.0965,6.5013,0.8797
2014-05-02,93.8182,90.8384,1.3864,102.34,1.6865,1.0973,6.5131,0.8789
2014-05-05,93.7334,90.7011,1.3884,102.06,1.687,1.0955,6.5452,0.8774
2014-05-06,93.4324,90.2774,1.3924,101.57,1.6976,1.089,6.5068,0.8744
2014-05-07,93.4337,90.3421,1.3917,101.72,1.6964,1.0895,6.4864,0.8758
2014-05-08,93.3686,90.3762,1.3864,101.66,1.6944,1.0856,6.5073,0.8784
2014-05-09,93.6614,90.8435,1.3763,101.74,1.6849,1.0899,6.5587,0.886
2014-05-12,93.6537,90.8559,1.376,102.1,1.6871,1.0886,6.5679,0.8876
2014-05-13,93.6755,91.0249,1.3711,102.2,1.6838,1.0892,6.5502,0.8894
2014-05-14,93.5968,90.9692,1.3718,101.75,1.6784,1.0887,6.5489,0.8894
2014-05-15,93.7065,90.959,1.3712,101.44,1.6791,1.0887,6.5776,0.8898
2014-05-16,93.6073,90.9419,1.3708,101.5,1.6827,1.0883,6.5605,0.891
2014-05-19,93.502,90.8548,1.3716,101.26,1.6822,1.0861,6.5848,0.8916
2014-05-20,93.6699,90.9984,1.3702,101.26,1.6847,1.09,6.5811,0.8916
2014-05-21,93.7629,91.2363,1.3657,101.44,1.6869,1.0935,6.5803,0.8951
2014-05-22,93.6944,91.1946,1.3652,101.76,1.6859,1.0897,6.5923,0.8948
2014-05-23,93.7042,91.2301,1.3628,101.88,1.6822,1.087,6.6488,0.8958
2014-05-26,,,,,,,,
2014-05-27,93.8418,91.2999,1.3618,102.14,1.68,1.0869,6.6253,0.8977
2014-05-28,93.8793,91.368,1.3596,101.78,1.6709,1.0867,6.6463,0.8982
2014-05-29,93.6973,91.2063,1.3608,101.58,1.6719,1.0837,6.6414,0.897
2014-05-30,93.7606,91.1929,1.364,101.77,1.6764,1.0867,6.6855,0.8944
2014-06-02,94.0006,91.4454,1.3606,102.3,1.6756,1.0894,6.6841,0.898
2014-06-03,94.0536,91.4616,1.3624,102.42,1.6753,1.0915,6.6851,0.8964
2014-06-04,94.1239,91.5515,1.3619,102.69,1.6747,1.0937,6.648,0.8956
2014-06-05,93.9732,91.4733,1.3618,102.44,1.6796,1.0935,6.6779,0.8944
2014-06-06,93.9069,91.4197,1.3639,102.5,1.6794,1.0936,6.6276,0.8938
2014-06-09,93.9628,91.4915,1.3589,102.52,1.6798,1.0908,6.6805,0.8974
2014-06-10,94.0638,91.6365,1.3543,102.37,1.6753,1.0914,6.6995,0.8996
2014-06-11,93.9744,91.4597,1.3532,101.94,1.6795,1.0867,6.6928,0.8998
2014-06-12,93.8155,91.293,1.3556,101.83,1.6853,1.0851,6.6903,0.8982
2014-06-13,93.9168,91.408,1.3522,102.06,1.6953,1.0868,6.6558,0.9008
2014-06-16,93.8639,91.1476,1.3578,101.82,1.6988,1.0849,6.6238,0.8969
2014-06-17,94.0829,91.3285,1.3543,102.18,1.6965,1.0851,6.6305,0.8998
2014-06-18,94.0525,91.3175,1.3567,102.16,1.6951,1.087,6.66,0.8976
2014-06-19,93.752,90.9516,1.362,101.84,1.7046,1.0828,6.6915,0.8932
2014-06-20,93.7591,90.9558,1.3586,102.14,1.7014,1.0766,6.7315,0.896
2014-06-23,93.628,90.8031,1.3593,101.9,1.701,1.0731,6.7032,0.8948
2014-06-24,93.7093,90.9045,1.3588,102.13,1.6971,1.0739,6.7315,0.8955
2014-06-25,93.5851,90.6585,1.3638,101.75,1.6986,1.0721,6.7278,0.8918
2014-06-26,93.5471,90.6662,1.361,101.66,1.7018,1.0706,6.7398,0.8933
2014-06-27,93.3983,90.497,1.3631,101.39,1.7016,1.0676,6.7358,0.8919
2014-06-30,93.2058,90.2545,1.369,101.28,1.7105,1.0676,6.6874,0.8868
2014-07-01,93.1365,90.2028,1.3681,101.51,1.7147,1.0652,6.6937,0.8871
2014-07-02,93.2478,90.344,1.3656,101.76,1.7165,1.0667,6.7078,0.8886
2014-07-03,93.3149,90.4922,1.361,102.19,1.7152,1.0633,6.8162,0.8934
2014-07-04,,,,,,,,
2014-07-07,93.3803,90.5523,1.3604,101.84,1.7128,1.0662,6.8339,0.8934
2014-07-08,93.323,90.5081,1.3614,101.53,1.7127,1.0674,6.8292,0.8924
2014-07-09,93.228,90.4145,1.363,101.7,1.713,1.0648,6.7986,0.8918
2014-07-10,93.3152,90.4688,1.36,101.26,1.7122,1.0658,6.7809,0.8926
2014-07-11,93.4171,90.6529,1.3598,101.33,1.7108,1.072,6.7955,0.8926
2014-07-14,93.4101,90.6414,1.362,101.58,1.7079,1.0721,6.7944,0.8918
2014-07-15,93.5796,90.865,1.3573,101.62,1.7149,1.0766,6.8155,0.8953
2014-07-16,93.5991,90.9629,1.353,101.69,1.7131,1.0749,6.8239,0.8984
2014-07-17,93.6586,90.9331,1.353,101.3,1.7104,1.0753,6.824,0.8973
2014-07-18,93.6608,90.9635,1.3515,101.37,1.7069,1.0737,6.8431,0.8989
2014-07-21,93.6069,90.9361,1.3524,101.34,1.7067,1.0736,6.8519,0.898
2014-07-22,93.6306,91.1353,1.347,101.54,1.7058,1.0744,6.8479,0.9022
2014-07-23,93.5951,91.1306,1.3462,101.5,1.7036,1.0739,6.8384,0.9024
2014-07-24,93.6836,91.1993,1.3468,101.82,1.6981,1.0741,6.8329,0.9024
2014-07-25,93.8294,91.4958,1.3431,101.81,1.6972,1.0814,6.8218,0.9045
2014-07-28,93.83,91.4234,1.344,101.82,1.6991,1.08,6.8301,0.9037
2014-07-29,94.0443,91.7232,1.341,102.12,1.6939,1.0851,6.8514,0.9068
2014-07-30,94.3473,92.1031,1.3378,102.9,1.6903,1.0908,6.8896,0.9096
2014-07-31,94.4467,92.0147,1.339,102.75,1.6889,1.0889,6.8958,0.9086
2014-08-01,94.4754,91.9468,1.3436,102.45,1.6832,1.0918,6.8672,0.9048
2014-08-04,94.448,92.0002,1.3414,102.47,1.6841,1.0916,6.8923,0.9068
2014-08-05,94.6754,92.2991,1.3366,102.77,1.6874,1.0969,6.898,0.9102
2014-08-06,94.6092,92.1794,1.3355,102.34,1.6833,1.0926,6.9115,0.9095
2014-08-07,94.6364,92.1161,1.3362,102.06,1.6849,1.0922,6.9017,0.9086
2014-08-08,94.6027,92.1492,1.3412,101.91,1.6778,1.0982,6.8893,0.905
2014-08-11,94.4767,92.122,1.3385,102.14,1.6787,1.0933,6.8685,0.9063
2014-08-12,94.5211,92.228,1.3357,102.22,1.6806,1.0944,6.8793,0.9082
2014-08-13,94.4681,92.2486,1.3367,102.48,1.6696,1.0929,6.8785,0.9079
2014-08-14,94.3508,92.1522,1.3376,102.44,1.6694,1.091,6.8533,0.9056
2014-08-15,94.2941,92.0737,1.3392,102.19,1.6686,1.091,6.8341,0.9026
2014-08-18,94.2519,92.1407,1.3358,102.54,1.672,1.0888,6.8559,0.9066
2014-08-19,94.4356,92.4588,1.332,102.86,1.662,1.0929,6.8702,0.9089
2014-08-20,94.5937,92.6609,1.3284,103.36,1.6633,1.0944,6.9013,0.9116
2014-08-21,94.673,92.7477,1.3284,103.78,1.6589,1.0949,6.8898,0.9112
2014-08-22,94.8012,92.9164,1.3237,103.97,1.6574,1.0949,6.9178,0.9142
2014-08-25,94.9159,93.074,1.3206,103.96,1.6585,1.098,6.9233,0.9144
2014-08-26,94.8617,93.0752,1.3189,104.12,1.657,1.095,6.9416,0.9167
2014-08-27,94.6863,92.8806,1.3192,103.98,1.6573,1.089,6.9462,0.9148
2014-08-28,94.6947,92.8027,1.3178,103.78,1.6579,1.0857,6.9688,0.915
2014-08-29,94.7251,92.9154,1.315,104.0,1.6585,1.0858,6.9753,0.9174
2014-09-01,,,,,,,,
2014-09-02,95.063,93.3703,1.3124,105.1,1.6502,1.0923,7.0127,0.9196
2014-09-03,94.8709,93.1867,1.3136,104.88,1.6451,1.0872,7.0185,0.9186
2014-09-04,95.2641,93.8837,1.2926,105.22,1.6349,1.0862,7.0707,0.9327
2014-09-05,95.2203,93.8542,1.2956,104.94,1.6312,1.089,7.0869,0.9306
2014-09-08,95.4167,94.2076,1.2948,105.65,1.6141,1.0933,7.0877,0.9317
2014-09-09,95.8811,94.6747,1.2909,106.32,1.6088,1.101,7.1136,0.9348
2014-09-10,95.8641,94.5863,1.2908,106.76,1.6134,1.0954,7.0987,0.9382
2014-09-11,95.9184,94.671,1.2936,106.87,1.6225,1.1032,7.1179,0.9349
2014-09-12,96.0748,94.7834,1.2955,107.24,1.6243,1.1075,7.1326,0.9337
2014-09-15,96.1195,94.7286,1.2951,107.18,1.6243,1.105,7.1106,0.9344
2014-09-16,95.8483,94.3942,1.2976,106.91,1.629,1.0985,7.1087,0.9314
2014-09-17,95.9106,94.4484,1.2958,107.58,1.6329,1.0951,7.1238,0.9346
2014-09-18,96.1284,94.669,1.2913,108.69,1.6372,1.0946,7.1,0.9344
2014-09-19,96.3417,95.0565,1.2835,108.96,1.6314,1.0968,7.146,0.9404
2014-09-22,96.4625,95.1742,1.2829,108.88,1.634,1.1007,7.1575,0.941
2014-09-23,96.5112,95.2002,1.2858,108.82,1.637,1.1059,7.1433,0.9386
2014-09-24,96.6574,95.5225,1.2788,108.92,1.6344,1.1088,7.1759,0.9446
2014-09-25,96.8988,95.7109,1.2748,108.7,1.6313,1.1105,7.2146,0.9467
2014-09-26,97.208,96.1822,1.2686,109.32,1.6254,1.1162,7.26,0.9513
2014-09-29,97.3523,96.0776,1.2703,109.34,1.6262,1.1142,7.2391,0.9498
2014-09-30,97.5261,96.544,1.2628,109.66,1.622,1.1207,7.2151,0.9554
2014-10-01,97.5387,96.4456,1.2618,109.3,1.6216,1.1171,7.2224,0.9566
2014-10-02,97.3062,96.1096,1.267,108.1,1.614,1.115,7.1889,0.9532
2014-10-03,97.9846,97.2357,1.2517,109.7,1.5962,1.1254,7.271,0.967
2014-10-06,97.5513,96.6433,1.2592,109.08,1.6029,1.1174,7.2206,0.9626
2014-10-07,97.4459,96.4158,1.2626,108.3,1.6072,1.1182,7.2049,0.9606
2014-10-08,97.4945,96.2721,1.2683,108.41,1.6068,1.1181,7.2206,0.9564
2014-10-09,97.1711,96.0879,1.2683,108.0,1.6123,1.115,7.2147,0.9545
2014-10-10,97.4144,96.3376,1.2636,107.83,1.6049,1.1173,7.2213,0.9568
2014-10-13,,,,,,,,
2014-10-14,97.3943,96.4121,1.266,107.15,1.593,1.1235,7.2428,0.9536
2014-10-15,97.3532,96.0061,1.2778,106.06,1.5959,1.1291,7.1984,0.9444
2014-10-16,97.2869,95.7637,1.2812,105.98,1.6065,1.1265,7.1632,0.9425
2014-10-17,97.3067,95.976,1.2755,106.72,1.6086,1.1247,7.1883,0.9468
2014-10-20,97.2874,95.9366,1.2783,106.87,1.6137,1.1276,7.1869,0.9438
2014-10-21,97.2488,95.9571,1.2724,106.7,1.6134,1.1219,7.2319,0.9482
2014-10-22,97.459,96.2822,1.2658,107.32,1.607,1.1218,7.2655,0.953
2014-10-23,97.6047,96.4586,1.2658,108.16,1.6037,1.1236,7.2552,0.9535
2014-10-24,97.4772,96.2721,1.2675,108.06,1.6098,1.1211,7.2565,0.9514
2014-10-27,97.5423,96.1943,1.2712,107.71,1.6133,1.1247,7.2906,0.9484
2014-10-28,97.2173,95.9114,1.2747,108.0,1.6157,1.1176,7.328,0.9463
2014-10-29,97.0145,95.7516,1.2762,108.1,1.6149,1.1135,7.299,0.9452
2014-10-30,97.456,96.5462,1.2622,108.94,1.6023,1.1191,7.3358,0.9552
2014-10-31,98.1163,97.4596,1.253,112.09,1.5999,1.1272,7.3971,0.9623
2014-11-03,98.5336,97.9749,1.2487,113.92,1.5986,1.1319,7.407,0.9655
2014-11-04,98.5576,97.8852,1.2554,113.44,1.5991,1.1396,7.3907,0.9596
2014-11-05,98.8086,98.2323,1.2488,114.62,1.5984,1.1377,7.373,0.964
2014-11-06,99.1325,98.7169,1.2414,114.87,1.5862,1.1423,7.4163,0.9702
2014-11-07,99.0236,98.5027,1.2422,114.73,1.5844,1.136,7.4289,0.9684
2014-11-10,98.9305,98.4445,1.2425,114.78,1.5857,1.1344,7.4303,0.9678
2014-11-11,,,,,,,,
2014-11-12,98.8897,98.2427,1.2456,115.42,1.5815,1.1284,7.4148,0.965
2014-11-13,99.1045,98.4403,1.2476,115.63,1.5717,1.1349,7.4209,0.9634
2014-11-14,99.0917,98.3715,1.2494,116.52,1.5657,1.1294,7.41,0.9616
2014-11-17,99.2188,98.571,1.2447,116.44,1.5645,1.1308,7.4302,0.9653
2014-11-18,99.0185,98.2989,1.2534,116.76,1.5648,1.1305,7.3605,0.9583
2014-11-19,99.2424,98.501,1.2548,117.7,1.567,1.1349,7.3855,0.9572
2014-11-20,99.2554,98.5247,1.2526,118.14,1.5683,1.1311,7.4098,0.9596
2014-11-21,99.2894,98.7086,1.2394,117.74,1.5672,1.1237,7.4754,0.9696
2014-11-24,99.4227,98.7845,1.2427,118.39,1.5701,1.1279,7.4437,0.9676
2014-11-25,99.2837,98.5679,1.2472,117.99,1.5714,1.126,7.4349,0.9645
2014-11-26,99.1893,98.296,1.2503,117.6,1.5787,1.1236,7.3927,0.9614
2014-11-27,,,,,,,,
2014-11-28,100.0719,99.2444,1.2438,118.7,1.5638,1.1426,7.4544,0.9658
2014-12-01,99.8964,98.7226,1.249,118.14,1.5743,1.1343,7.4119,0.9631
2014-12-02,100.4478,99.408,1.239,119.1,1.5651,1.1397,7.5123,0.972
2014-12-03,100.5696,99.654,1.2304,119.82,1.57,1.1359,7.5289,0.9779
2014-12-04,100.3931,99.2401,1.2432,119.67,1.5707,1.1374,7.4688,0.9674
2014-12-05,101.0989,100.0969,1.2304,121.38,1.56,1.1423,7.5455,0.9772
2014-12-08,101.31,100.2119,1.2292,120.89,1.5625,1.1473,7.5591,0.9778
2014-12-09,100.8095,99.3703,1.2415,118.87,1.5694,1.1422,7.518,0.968
2014-12-10,101.0212,99.4672,1.2425,118.5,1.5689,1.1479,7.522,0.968
2014-12-11,101.4448,99.8034,1.2397,119.4,1.5712,1.1534,7.5541,0.9688
2014-12-12,101.3735,99.3779,1.2484,118.22,1.5728,1.1538,7.5325,0.962
2014-12-15,101.674,99.6817,1.247,117.75,1.5663,1.1629,7.6343,0.9632
2014-12-16,101.526,99.453,1.2504,117.28,1.5736,1.1624,7.6031,0.9604
2014-12-17,101.5527,99.9121,1.2406,117.64,1.5652,1.1629,7.6484,0.9679
2014-12-18,101.7531,100.3538,1.2291,118.84,1.5662,1.1594,7.678,0.9794
2014-12-19,102.0483,100.7653,1.2235,119.56,1.5609,1.1626,7.7302,0.9832
2014-12-22,101.9942,100.7832,1.2252,119.84,1.5618,1.1644,7.7779,0.982
2014-12-23,102.348,101.1617,1.218,120.68,1.5517,1.1626,7.7889,0.9872
2014-12-24,102.3028,101.071,1.2188,120.45,1.5549,1.1621,7.8081,0.9865
2014-12-25,,,,,,,,
2014-12-26,,,,,,,,
2014-12-29,102.3767,101.1495,1.2179,120.57,1.5524,1.1631,7.8217,0.9878
2014-12-30,102.1019,100.8703,1.2174,119.34,1.5573,1.1597,7.7395,0.988
2014-12-31,102.2843,101.2064,1.2101,119.85,1.5578,1.1601,7.8245,0.9934
2015-01-01,,,,,,,,
2015-01-02,102.9027,102.0577,1.2015,120.2,1.5361,1.1725,7.8986,1.0004
2015-01-05,103.4976,102.6059,1.1918,119.64,1.5234,1.1785,7.9253,1.0079
2015-01-06,103.2938,102.4574,1.1936,118.26,1.5174,1.1802,7.8847,1.0062
2015-01-07,103.6316,103.2686,1.182,119.52,1.5073,1.1851,7.9743,1.016
2015-01-08,103.2799,103.1442,1.1811,119.51,1.5118,1.1812,8.0142,1.0169
2015-01-09,103.1213,103.0439,1.183,118.66,1.5151,1.1857,8.0521,1.0151
2015-01-12,103.2372,103.1772,1.1832,118.32,1.5168,1.1929,8.0684,1.015
2015-01-13,103.27,103.404,1.1779,118.16,1.5166,1.1947,8.0718,1.0195
2015-01-14,103.0903,103.1161,1.1806,116.78,1.5234,1.1957,8.0543,1.0172
2015-01-15,103.0829,103.142,1.1598,116.95,1.5161,1.1932,8.1431,0.893
2015-01-16,103.2189,103.3726,1.1517,117.45,1.5132,1.1986,8.14,0.8488
2015-01-19,,,,,,,,
2015-01-20,103.5233,103.7401,1.1559,118.48,1.5162,1.2085,8.1809,0.8751
2015-01-21,103.7858,104.2691,1.1584,117.86,1.5118,1.2377,8.1819,0.8596
2015-01-22,103.9271,104.9466,1.1414,117.92,1.5052,1.237,8.1948,0.8678
2015-01-23,104.3676,105.6305,1.1279,117.8,1.5022,1.24,8.2702,0.876
2015-01-26,104.4818,105.7647,1.129,118.38,1.5088,1.2409,8.2669,0.8988
2015-01-27,104.1646,105.3087,1.137,117.62,1.5196,1.2402,8.1703,0.9042
2015-01-28,104.4737,105.5695,1.1342,117.74,1.5165,1.2452,8.2331,0.9055
2015-01-29,105.2763,106.5137,1.1308,118.31,1.5043,1.2644,8.2647,0.9226
2015-01-30,105.5884,106.6533,1.129,117.44,1.5026,1.2716,8.2732,0.921
2015-02-02,105.2058,106.1458,1.1337,117.33,1.5027,1.2577,8.2932,0.9262
2015-02-03,104.6063,105.3507,1.1462,117.48,1.5129,1.2452,8.2265,0.9234
2015-02-04,104.785,105.686,1.1418,117.58,1.5209,1.255,8.2527,0.9238
2015-02-05,104.4915,105.2207,1.1432,117.4,1.5293,1.2419,8.2521,0.9248
2015-02-06,105.1283,106.08,1.133,119.16,1.5247,1.2524,8.3891,0.9228
2015-02-09,104.9889,105.9251,1.1316,118.7,1.5217,1.2448,8.3604,0.9258
2015-02-10,105.2897,106.1767,1.1316,119.32,1.5252,1.2528,8.3312,0.9263
2015-02-11,105.7901,106.6835,1.13,120.38,1.5232,1.2635,8.3891,0.9288
2015-02-12,104.9385,105.5528,1.141,118.72,1.538,1.2464,8.4169,0.9283
2015-02-13,104.8452,105.5187,1.1408,118.7,1.5394,1.2449,8.4039,0.9308
2015-02-16,,,,,,,,
2015-02-17,,,1.1395,118.99,1.5349,1.2401,8.333,0.9346
2015-02-18,105.2514,105.8727,1.1342,119.19,1.543,1.2456,8.415,0.9446
2015-02-19,105.1407,105.707,1.1392,118.84,1.5451,1.2484,8.3967,0.9472
2015-02-20,105.3387,105.8138,1.1372,118.68,1.5385,1.2503,8.3783,0.9419
2015-02-23,105.5359,106.1042,1.1346,118.88,1.5465,1.2577,8.4142,0.9494
2015-02-24,105.5472,106.3661,1.1307,119.13,1.5434,1.2601,8.4193,0.9516
2015-02-25,105.0503,105.5784,1.1363,118.88,1.5499,1.2418,8.304,0.9496
2015-02-26,105.5021,106.4746,1.1212,119.36,1.5424,1.249,8.3893,0.954
2015-02-27,105.5981,106.5802,1.1197,119.72,1.5439,1.2506,8.3555,0.9513
2015-03-02,105.8151,106.8022,1.119,120.06,1.5371,1.2535,8.3427,0.9553
2015-03-03,105.5562,106.4142,1.1212,119.47,1.5391,1.245,8.2612,0.959
2015-03-04,106.1333,107.0818,1.107,119.76,1.5266,1.2439,8.354,0.964
2015-03-05,,,1.1006,120.22,1.5229,1.2482,8.3583,0.9736
2015-03-06,107.4337,108.7983,1.0855,120.93,1.5063,1.2615,8.4994,0.9846
2015-03-09,107.5199,108.802,1.0846,121.17,1.5097,1.2598,8.4875,0.9873
2015-03-10,108.1165,109.5453,1.0707,121.2,1.5086,1.2633,8.5531,0.9996
2015-03-11,108.5235,110.6105,1.0576,121.5,1.4945,1.2763,8.6257,1.0074
2015-03-12,108.1741,110.206,1.0615,121.28,1.4907,1.2692,8.61,1.0034
2015-03-13,108.9174,111.0063,1.0524,121.17,1.4755,1.2803,8.6706,1.0047
2015-03-16,108.6422,110.6801,1.0575,121.3,1.48,1.2763,8.6341,1.0074
2015-03-17,108.5805,110.6272,1.0605,121.28,1.4744,1.2769,8.6723,1.004
2015-03-18,108.408,110.4347,1.0643,120.92,1.4686,1.2771,8.7505,0.9952
2015-03-19,108.1826,110.4024,1.0621,120.9,1.4729,1.2743,8.6892,0.9921
2015-03-20,107.1671,108.977,1.0792,120.28,1.4923,1.2593,8.6443,0.9766
2015-03-23,106.5022,108.0819,1.0928,119.74,1.4936,1.2515,8.4981,0.9668
2015-03-24,106.4401,108.164,1.0908,119.9,1.487,1.251,8.5137,0.9586
2015-03-25,106.2636,107.7748,1.0986,119.37,1.4915,1.2513,8.4698,0.9574
2015-03-26,106.5582,107.9738,1.0919,119.01,1.4844,1.2469,8.5548,0.9614
2015-03-27,106.8916,108.363,1.0891,119.15,1.4878,1.2579,8.5764,0.9586
2015-03-30,107.3941,109.1934,1.0818,120.11,1.4792,1.2687,8.5928,0.9678
2015-03-31,107.4396,109.4402,1.0741,119.96,1.485,1.2681,8.6268,0.9712
2015-04-01,107.06,109.127,1.0768,119.62,1.4823,1.261,8.6475,0.9671
2015-04-02,106.6738,108.6261,1.0874,119.74,1.4842,1.2584,8.6348,0.9578
2015-04-03,105.8861,107.654,1.099,118.96,1.4916,1.2465,8.5341,0.9504
2015-04-06,105.7876,107.5275,1.1008,119.05,1.4959,1.245,8.503,0.9524
2015-04-07,106.4488,108.5398,1.085,120.36,1.4857,1.2488,8.6507,0.964
2015-04-08,106.4231,108.5743,1.0818,119.96,1.4924,1.2508,8.6489,0.9634
2015-04-09,107.0335,109.5995,1.0671,120.32,1.4739,1.258,8.7518,0.9754
2015-04-10,107.4526,110.0508,1.0598,120.29,1.4648,1.2596,8.818,0.9807
2015-04-13,107.7508,110.1537,1.0582,120.32,1.4658,1.2603,8.8156,0.978
2015-04-14,107.0547,109.1724,1.0672,119.26,1.479,1.2476,8.7452,0.9712
2015-04-15,107.1855,109.2472,1.0596,119.23,1.4782,1.2378,8.793,0.9721
2015-04-16,106.2761,107.9404,1.0742,119.18,1.4923,1.2206,8.596,0.9584
2015-04-17,106.329,107.795,1.078,119.02,1.4942,1.2225,8.6482,0.9528
2015-04-20,106.4902,107.8895,1.0763,119.27,1.4913,1.2203,8.6701,0.9543
2015-04-21,106.5582,108.0635,1.0758,119.45,1.4944,1.2274,8.6279,0.9528
2015-04-22,106.5815,108.1739,1.0729,119.9,1.5027,1.225,8.7232,0.9662
2015-04-23,106.1658,107.5166,1.0803,119.69,1.5047,1.2148,8.65,0.955
2015-04-24,105.905,107.0775,1.0876,118.98,1.5176,1.2168,8.631,0.9533
2015-04-27,105.6891,106.8125,1.0892,119.12,1.5235,1.2106,8.6008,0.9534
2015-04-28,105.1234,106.0934,1.0979,118.8,1.5328,1.2021,8.5333,0.9538
2015-04-29,104.5634,104.9549,1.1174,118.83,1.5485,1.1955,8.3052,0.9358
2015-04-30,105.312,105.7635,1.1162,119.86,1.5328,1.2116,8.3778,0.941
2015-05-01,105.6382,106.0122,1.1194,120.21,1.5137,1.2191,8.3931,0.934
2015-05-04,105.6679,105.9943,1.1145,120.25,1.5118,1.2108,8.3677,0.9357
2015-05-05,105.2396,105.5267,1.1174,119.87,1.5178,1.2038,8.3671,0.9262
2015-05-06,104.6935,104.6322,1.1345,119.42,1.5244,1.2007,8.2188,0.915
2015-05-07,105.1941,105.3027,1.1283,119.74,1.5223,1.2139,8.268,0.9196
2015-05-08,104.8424,105.1796,1.1241,119.78,1.5455,1.2086,8.2106,0.9274
2015-05-11,105.3075,105.5671,1.1142,120.05,1.5593,1.2107,8.295,0.9344
2015-05-12,104.8924,104.74,1.124,119.8,1.5685,1.1987,8.3022,0.9266
2015-05-13,104.3608,103.9351,1.1372,119.09,1.5748,1.195,8.2085,0.9162
2015-05-14,104.2359,104.062,1.1368,119.2,1.5766,1.1991,8.2531,0.9146
2015-05-15,104.0202,103.9365,1.1428,119.36,1.5772,1.2009,8.2174,0.9174
2015-05-18,104.6068,104.717,1.1354,119.82,1.5679,1.215,8.22,0.923
2015-05-19,105.3448,105.9246,1.1151,120.58,1.5523,1.2213,8.3356,0.9367
2015-05-20,105.5605,106.2816,1.1079,121.28,1.5544,1.2212,8.36,0.9395
2015-05-21,105.3808,105.9227,1.1126,121.06,1.5672,1.2201,8.3159,0.9346
2015-05-22,105.8487,106.7461,1.1033,121.45,1.5484,1.2288,8.374,0.9428
2015-05-25,,,,,,,,
2015-05-26,106.7294,108.0253,1.0876,123.08,1.5398,1.2428,8.4722,0.9503
2015-05-27,106.908,108.2722,1.0888,123.76,1.5324,1.2483,8.502,0.9508
2015-05-28,106.92,108.2325,1.0914,124.18,1.5291,1.2474,8.4941,0.9458
2015-05-29,106.7388,107.8572,1.0994,123.98,1.5286,1.2466,8.5245,0.9404
2015-06-01,107.2238,108.5802,1.0913,124.64,1.5187,1.2547,8.5884,0.9467
2015-06-02,106.4507,107.1617,1.113,124.19,1.5331,1.2425,8.4618,0.9343
2015-06-03,106.1443,106.5491,1.1285,124.06,1.5351,1.2437,8.2778,0.9336
2015-06-04,106.4725,106.7979,1.1271,124.56,1.5367,1.2477,8.2612,0.9342
2015-06-05,107.1336,107.7057,1.1108,125.58,1.5267,1.2488,8.4144,0.9436
2015-06-08,106.7693,106.9774,1.1232,125.08,1.528,1.2435,8.347,0.9332
2015-06-09,106.2238,106.2691,1.1284,124.16,1.5383,1.2316,8.2885,0.9295
2015-06-10,105.8037,105.7583,1.1307,122.72,1.553,1.2267,8.2592,0.9292
2015-06-11,106.0934,106.3033,1.1236,123.62,1.5493,1.2314,8.2353,0.9364
2015-06-12,105.9015,105.9412,1.1278,123.23,1.5587,1.2306,8.1623,0.926
2015-06-15,105.9989,106.0935,1.1266,123.38,1.5572,1.2321,8.1845,0.9351
2015-06-16,106.0473,106.1548,1.1238,123.39,1.5637,1.2328,8.1973,0.9325
2015-06-17,106.058,106.1295,1.1244,124.25,1.5708,1.2307,8.1951,0.9272
2015-06-18,105.102,104.9065,1.1404,122.87,1.5882,1.2206,8.1076,0.9196
2015-06-19,105.4496,105.335,1.1335,122.7,1.5881,1.2273,8.1354,0.9206
2015-06-22,105.3846,105.3168,1.1378,123.28,1.5823,1.2286,8.1149,0.9188
2015-06-23,105.9678,106.2894,1.119,123.71,1.5751,1.2326,8.2456,0.9336
2015-06-24,106.2522,106.6979,1.1178,124.24,1.5681,1.2413,8.2613,0.936
2015-06-25,106.1515,106.3471,1.1196,123.63,1.5728,1.2346,8.2444,0.9375
2015-06-26,106.4116,106.5802,1.1156,123.92,1.5739,1.2358,8.3113,0.9351
2015-06-29,106.3785,106.3085,1.118,122.5,1.5764,1.238,8.2494,0.928
2015-06-30,106.5191,106.6463,1.1154,122.1,1.5727,1.2473,8.2937,0.9346
2015-07-01,107.0101,107.3891,1.1084,123.02,1.5617,1.2559,8.3493,0.9456
2015-07-02,106.9106,107.4191,1.109,123.14,1.5614,1.2566,8.4545,0.9436
2015-07-03,,,,,,,,
2015-07-06,107.1343,107.5821,1.1076,122.53,1.5619,1.2623,8.4468,0.9432
2015-07-07,107.785,108.5102,1.0952,122.16,1.5443,1.2742,8.5483,0.9482
2015-07-08,107.4734,107.8753,1.1072,120.54,1.5353,1.2724,8.4671,0.9458
2015-07-09,107.5595,108.1458,1.1025,121.22,1.5375,1.2727,8.4956,0.9495
2015-07-10,107.213,107.676,1.115,122.75,1.5503,1.2713,8.4375,0.9411
2015-07-13,107.5849,108.3903,1.102,123.35,1.5518,1.2762,8.4703,0.9492
2015-07-14,107.4843,108.2885,1.1015,123.39,1.5584,1.2746,8.5027,0.9459
2015-07-15,108.0149,109.0365,1.0965,123.89,1.5621,1.2935,8.5025,0.9521
2015-07-16,108.1726,109.3284,1.0898,124.04,1.5601,1.2938,8.5398,0.9562
2015-07-17,108.5374,109.7069,1.0848,124.0,1.5624,1.2997,8.6402,0.9608
2015-07-20,108.6944,109.7237,1.085,124.24,1.5587,1.2982,8.6088,0.963
2015-07-21,108.3893,109.3146,1.0927,123.93,1.555,1.2958,8.5604,0.959
2015-07-22,108.7817,109.6498,1.0884,124.08,1.5617,1.3023,8.6267,0.9613
2015-07-23,108.7565,109.3355,1.0976,123.88,1.5533,1.303,8.5875,0.9581
2015-07-24,109.0174,109.4717,1.0976,123.74,1.5514,1.3059,8.5876,0.962
2015-07-27,108.6924,108.6822,1.1112,123.24,1.5595,1.3008,8.4916,0.9597
2015-07-28,108.6881,108.7524,1.1055,123.52,1.5617,1.2933,8.5722,0.9638
2015-07-29,108.604,108.8046,1.1026,123.86,1.5624,1.2893,8.5991,0.963
2015-07-30,109.4328,109.692,1.0914,124.38,1.5581,1.3024,8.6344,0.9696
2015-07-31,108.7819,109.1606,1.1028,123.94,1.5634,1.3047,8.5925,0.9636
2015-08-03,109.214,109.7224,1.0962,123.98,1.5603,1.3141,8.6428,0.9682
2015-08-04,109.2244,109.6728,1.0953,124.0,1.5612,1.3124,8.6453,0.9732
2015-08-05,109.842,110.3266,1.0868,124.84,1.5604,1.3181,8.733,0.981
2015-08-06,109.722,110.092,1.0922,124.6,1.5521,1.3152,8.7477,0.9808
2015-08-07,109.4376,109.8771,1.0958,124.27,1.5467,1.3122,8.7679,0.9824
2015-08-10,109.1931,109.5499,1.0994,124.55,1.5546,1.3056,8.6986,0.9848
2015-08-11,109.9464,109.6742,1.1042,124.9,1.5572,1.3149,8.6691,0.9869
2015-08-12,109.4655,108.3508,1.1198,123.87,1.5639,1.2973,8.5672,0.9691
2015-08-13,109.9025,108.9191,1.1144,124.32,1.5595,1.3078,8.4833,0.976
2015-08-14,109.9174,109.0173,1.111,124.27,1.5625,1.3075,8.5174,0.978
2015-08-17,110.1435,109.1902,1.1078,124.33,1.5598,1.309,8.5198,0.977
2015-08-18,110.2504,109.3249,1.1028,124.39,1.5658,1.3075,8.5456,0.9764
2015-08-19,110.4333,109.3724,1.1061,124.1,1.5645,1.3165,8.5783,0.9702
2015-08-20,110.1077,108.4716,1.12,123.54,1.5688,1.3075,8.506,0.9621
2015-08-21,110.1443,107.8149,1.1356,122.11,1.5698,1.3146,8.3665,0.9488
2015-08-24,109.9306,106.7095,1.158,118.56,1.5731,1.321,8.2769,0.9347
2015-08-25,110.3394,107.8017,1.141,119.91,1.5698,1.3295,8.4405,0.9488
2015-08-26,110.5807,107.9884,1.139,119.07,1.5493,1.3301,8.4619,0.9472
2015-08-27,110.4834,108.6067,1.1239,120.89,1.5411,1.3193,8.4752,0.9631
2015-08-28,110.6714,109.1362,1.1172,121.32,1.5362,1.3268,8.4649,0.9622
2015-08-31,110.5621,108.9898,1.1194,121.26,1.5363,1.3223,8.4745,0.9681
2015-09-01,110.4506,108.4947,1.1263,119.94,1.5341,1.318,8.4609,0.9622
2015-09-02,110.7979,108.9493,1.1242,120.0,1.531,1.3308,8.4193,0.969
2015-09-03,110.8566,109.3071,1.1104,120.2,1.5254,1.32,8.4266,0.9764
2015-09-04,111.1018,109.3948,1.1117,119.05,1.5195,1.3272,8.4688,0.9754
2015-09-07,,,,,,,,
2015-09-08,110.7942,108.8512,1.1182,119.72,1.5381,1.3193,8.4108,0.978
2015-09-09,110.9225,109.1302,1.1165,120.94,1.5363,1.3221,8.4106,0.9767
2015-09-10,110.6331,108.6114,1.1262,120.71,1.5457,1.3218,8.3663,0.9735
2015-09-11,110.6109,108.4732,1.1338,120.66,1.5426,1.3274,8.2375,0.9735
2015-09-14,110.5005,108.4258,1.1307,119.92,1.5423,1.3265,8.2576,0.9687
2015-09-15,110.6394,108.7547,1.126,120.3,1.5352,1.3261,8.3035,0.9755
2015-09-16,110.1021,108.2337,1.1304,120.62,1.5499,1.318,8.2439,0.9688
2015-09-17,110.1212,108.2767,1.1312,120.9,1.5509,1.3186,8.259,0.971
2015-09-18,109.8165,107.7481,1.1358,119.85,1.5573,1.3146,8.2099,0.9614
2015-09-21,110.6414,108.7865,1.1204,120.46,1.5506,1.3249,8.3362,0.9702
2015-09-22,111.1967,109.2307,1.1133,120.04,1.5356,1.3276,8.395,0.9733
2015-09-23,111.6287,109.3872,1.116,120.12,1.5243,1.3313,8.4357,0.978
2015-09-24,111.4454,109.0218,1.1252,119.54,1.5254,1.3348,8.389,0.973
2015-09-25,111.3725,109.4008,1.1192,120.74,1.5172,1.3322,8.4078,0.976
2015-09-28,111.3914,109.1899,1.1236,119.82,1.5208,1.336,8.4688,0.9735
2015-09-29,111.5219,109.2777,1.1246,119.76,1.5168,1.3414,8.3846,0.971
2015-09-30,111.3311,109.6236,1.1162,119.81,1.5116,1.3396,8.3912,0.9773
2015-10-01,111.0439,109.0188,1.12,119.58,1.5162,1.324,8.3633,0.9744
2015-10-02,110.7006,108.5839,1.1276,119.42,1.5216,1.3213,8.319,0.9684
2015-10-05,110.4445,108.7141,1.12,120.36,1.5165,1.3084,8.3391,0.9746
2015-10-06,110.1371,108.2561,1.1266,120.18,1.5227,1.3056,8.2362,0.9678
2015-10-07,109.8162,108.1607,1.1249,119.9,1.5315,1.3038,8.2421,0.9716
2015-10-08,109.6452,107.9648,1.1282,119.94,1.5316,1.3017,8.2338,0.9674
2015-10-09,109.0782,107.4568,1.1363,120.3,1.5315,1.2945,8.183,0.9615
2015-10-12,,,,,,,,
2015-10-13,109.4119,107.4833,1.1382,119.8,1.5242,1.2984,8.1333,0.9594
2015-10-14,109.1244,107.0263,1.1437,119.21,1.5445,1.2983,8.1341,0.9517
2015-10-15,108.6671,106.735,1.1418,118.26,1.5475,1.2901,8.2285,0.9489
2015-10-16,108.9956,107.2482,1.136,119.6,1.5441,1.2932,8.2217,0.9536
2015-10-19,109.3858,107.5463,1.132,119.5,1.5471,1.2999,8.3185,0.956
2015-10-20,109.3368,107.3645,1.1359,119.79,1.547,1.2974,8.2819,0.954
2015-10-21,109.7746,107.8091,1.1345,119.91,1.5463,1.3117,8.3194,0.957
2015-10-22,110.0342,108.7015,1.114,120.5,1.5399,1.3087,8.4394,0.971
2015-10-23,110.4329,109.5378,1.1016,121.2,1.534,1.3171,8.5092,0.9769
2015-10-26,110.2089,109.2649,1.1051,120.87,1.5361,1.3134,8.4997,0.9815
2015-10-27,110.4875,109.5208,1.1052,120.29,1.5312,1.3242,8.4935,0.9848
2015-10-28,110.2334,109.3052,1.1066,120.56,1.5319,1.3149,8.4173,0.9848
2015-10-29,110.8083,109.9139,1.0963,121.14,1.5296,1.3169,8.5536,0.9915
2015-10-30,110.2079,109.1712,1.1042,120.7,1.5445,1.3082,8.4922,0.9858
2015-11-02,110.2188,109.2666,1.1026,120.7,1.5428,1.3093,8.5079,0.9853
2015-11-03,110.244,109.7084,1.0946,121.2,1.5404,1.3107,8.5526,0.9922
2015-11-04,110.7139,110.2577,1.0861,121.52,1.5377,1.3164,8.6296,0.9933
2015-11-05,110.8302,110.3791,1.0869,121.71,1.5236,1.3162,8.6473,0.9964
2015-11-06,111.7603,111.6302,1.0746,123.2,1.5071,1.3307,8.7203,1.0048
2015-11-09,111.9112,111.3754,1.0767,123.04,1.5124,1.3274,8.6731,1.0017
2015-11-10,111.9919,111.7341,1.0686,123.22,1.511,1.3258,8.7134,1.0076
2015-11-11,,,,,,,,
2015-11-12,111.7965,111.324,1.0768,122.84,1.5206,1.3309,8.6459,1.0014
2015-11-13,112.0264,111.6185,1.0722,122.93,1.5208,1.3332,8.7153,1.0088
2015-11-16,112.2199,111.7546,1.0708,123.11,1.5204,1.3352,8.6957,1.0079
2015-11-17,112.3141,112.06,1.0634,123.48,1.5214,1.3324,8.7633,1.0169
2015-11-18,112.3663,112.1475,1.0638,123.51,1.521,1.3351,8.7423,1.0198
2015-11-19,111.5749,111.2175,1.0746,122.71,1.5327,1.3266,8.6537,1.014
2015-11-20,111.7799,111.86,1.066,122.8,1.5199,1.3337,8.6929,1.0183
2015-11-23,112.1125,112.2696,1.0602,123.02,1.5125,1.3358,8.7369,1.0205
2015-11-24,111.7638,111.8864,1.0652,122.47,1.5057,1.3308,8.7009,1.0161
2015-11-25,111.8936,112.0239,1.0616,122.7,1.5109,1.3298,8.7349,1.022
2015-11-26,,,,,,,,
2015-11-27,112.2824,112.4003,1.0596,122.84,1.504,1.336,8.7292,1.0305
2015-11-30,112.34,112.4758,1.0562,123.22,1.5044,1.3332,8.7206,1.0282
2015-12-01,112.1134,112.2377,1.062,122.88,1.5074,1.3372,8.6974,1.0296
2015-12-02,112.3715,112.5844,1.0573,123.52,1.4927,1.3357,8.7069,1.0274
2015-12-03,111.6407,111.0036,1.0902,123.06,1.5088,1.3393,8.4958,0.9996
2015-12-04,111.5463,110.974,1.0884,123.1,1.51,1.3364,8.4837,0.9986
2015-12-07,112.3056,111.5989,1.084,123.31,1.5076,1.3508,8.5384,1.0026
2015-12-08,112.5485,111.6661,1.0876,123.0,1.5,1.3594,8.5168,0.994
2015-12-09,112.1918,110.9273,1.0984,121.86,1.5168,1.3595,8.4267,0.9866
2015-12-10,112.2672,110.992,1.0948,121.44,1.5176,1.3598,8.4927,0.9888
2015-12-11,112.7147,110.9279,1.1002,120.94,1.5213,1.3695,8.4816,0.9828
2015-12-14,112.7521,110.9258,1.1025,120.57,1.513,1.3732,8.4753,0.9823
2015-12-15,112.8609,111.656,1.0911,121.66,1.5044,1.3729,8.5023,0.9921
2015-12-16,112.9864,111.7338,1.0937,121.88,1.5013,1.3805,8.5222,0.9852
2015-12-17,113.8177,112.9915,1.0804,122.75,1.4876,1.397,8.564,0.9987
2015-12-18,113.2837,112.3107,1.0847,121.2,1.4914,1.3876,8.5602,0.994
2015-12-21,113.4144,112.2584,1.092,120.99,1.4906,1.3989,8.5092,0.9912
2015-12-22,113.211,111.9013,1.0978,120.94,1.4811,1.3929,8.4113,0.9866
2015-12-23,113.1847,112.149,1.0875,120.94,1.4863,1.386,8.4626,0.9938
2015-12-24,113.0496,111.5972,1.0955,120.32,1.4943,1.3847,8.4008,0.9872
2015-12-25,,,,,,,,
2015-12-28,113.0461,111.6452,1.0983,120.3,1.4883,1.3893,8.3622,0.9878
2015-12-29,113.1664,111.905,1.0916,120.44,1.4794,1.3848,8.3774,0.9924
2015-12-30,113.4707,111.9812,1.0912,120.6,1.4832,1.3883,8.4275,0.989
2015-12-31,113.3429,112.1925,1.0859,120.27,1.4746,1.3839,8.4485,1.0017
2016-01-01,,,,,,,,
2016-01-04,114.1595,112.7218,1.0803,119.3,1.4686,1.397,8.5057,1.0042
2016-01-05,114.2649,113.0372,1.0743,118.95,1.4664,1.3991,8.5987,1.0096
2016-01-06,114.6177,113.1843,1.0762,118.54,1.4626,1.4084,8.6024,1.0084
2016-01-07,114.6516,112.6817,1.086,118.0,1.4579,1.4061,8.5106,1.0018
2016-01-08,115.0095,112.7967,1.0885,117.74,1.4523,1.415,8.5287,0.9972
2016-01-11,115.0139,112.8841,1.0878,117.48,1.4564,1.4203,8.5253,1.0
2016-01-12,115.3128,113.4561,1.0837,117.78,1.4403,1.4293,8.5535,1.003
2016-01-13,115.1425,113.3409,1.0862,118.06,1.447,1.4294,8.5165,1.0064
2016-01-14,115.3846,113.5838,1.0862,118.03,1.4409,1.4374,8.5348,1.0072
2016-01-15,115.7404,113.477,1.0964,116.78,1.4289,1.4531,8.5512,0.9984
2016-01-18,,,,,,,,
2016-01-19,115.8155,113.8812,1.0906,117.66,1.4171,1.4513,8.5477,1.0032
2016-01-20,116.3498,113.9276,1.0908,116.38,1.4167,1.4592,8.5825,1.0032
2016-01-21,115.9833,113.5573,1.0833,117.61,1.4198,1.4244,8.5655,1.0112
2016-01-22,,,1.0814,118.37,1.4308,1.4153,8.5754,1.0148
2016-01-25,,,1.0832,118.55,1.4245,1.4248,8.5694,1.0148
2016-01-26,,,1.0846,118.5,1.4342,1.4062,8.5614,1.0189
2016-01-27,115.5087,113.0649,1.0867,118.9,1.4261,1.404,8.5124,1.0176
2016-01-28,115.2224,112.6671,1.0952,118.61,1.4351,1.4077,8.5048,1.0134
2016-01-29,115.5731,113.6576,1.0832,121.05,1.4184,1.4074,8.5709,1.0226
2016-02-01,115.3331,113.093,1.0888,121.06,1.4367,1.4005,8.5385,1.0202
2016-02-02,115.553,112.9708,1.0908,120.27,1.4399,1.4039,8.5749,1.0181
2016-02-03,114.6144,111.4087,1.1051,117.92,1.4576,1.3843,8.4745,1.007
2016-02-04,113.6012,110.2931,1.1199,116.75,1.458,1.3724,8.3983,0.9926
2016-02-05,114.2935,111.0956,1.1131,116.99,1.4468,1.3875,8.4802,0.9938
2016-02-08,114.4351,110.8901,1.117,115.7,1.4415,1.3921,8.4593,0.9885
2016-02-09,114.127,110.0134,1.13,114.8,1.4473,1.386,8.4061,0.972
2016-02-10,114.2877,110.483,1.1222,114.03,1.4473,1.3969,8.4612,0.9779
2016-02-11,114.1845,109.5415,1.1362,111.72,1.4448,1.3933,8.344,0.9706
2016-02-12,114.2992,109.9911,1.1235,112.96,1.446,1.3834,8.4337,0.9768
2016-02-15,,,,,,,,
2016-02-16,114.4905,110.7413,1.114,113.9,1.429,1.3857,8.4959,0.9884
2016-02-17,113.8634,110.3499,1.114,114.14,1.4317,1.3682,8.5104,0.9926
2016-02-18,113.8897,110.5451,1.1092,113.62,1.4333,1.3718,8.4758,0.994
2016-02-19,113.9558,110.4088,1.1127,112.42,1.4343,1.3798,8.4426,0.9893
2016-02-22,113.8232,110.8281,1.1018,113.12,1.4157,1.3684,8.5023,0.9986
2016-02-23,114.177,111.0288,1.1016,112.17,1.404,1.3791,8.4829,0.992
2016-02-24,114.1716,110.918,1.1021,111.36,1.3932,1.3765,8.4859,0.986
2016-02-25,113.9222,110.6386,1.1026,112.7,1.3937,1.3572,8.5157,0.9894
2016-02-26,114.3708,111.2273,1.0932,113.78,1.3867,1.3546,8.5557,0.9967
2016-02-29,114.2418,111.2428,1.0868,112.9,1.3926,1.3522,8.5709,0.996
2016-03-01,113.9265,111.1849,1.0847,113.94,1.3948,1.3404,8.6312,0.9994
2016-03-02,113.7965,111.1726,1.0845,113.81,1.4059,1.3466,8.6321,0.9981
2016-03-03,113.2482,110.4241,1.0948,113.53,1.4152,1.3405,8.5418,0.992
2016-03-04,112.6387,109.9795,1.101,113.91,1.4226,1.3337,8.4779,0.9926
2016-03-07,112.6219,109.8576,1.1004,113.6,1.4256,1.33,8.4752,0.9969
2016-03-08,112.8465,109.8557,1.1028,112.58,1.4225,1.3388,8.4776,0.9939
2016-03-09,112.4268,109.5401,1.1022,113.06,1.4236,1.3233,8.4238,0.9957
2016-03-10,112.4191,109.2512,1.1162,113.1,1.4306,1.3372,8.3712,0.9857
2016-03-11,111.741,108.6966,1.118,113.66,1.4426,1.3211,8.3339,0.9813
2016-03-14,112.1688,109.283,1.1107,113.59,1.4324,1.3291,8.3326,0.986
2016-03-15,112.5545,109.4681,1.1112,112.88,1.4166,1.3355,8.3031,0.9852
2016-03-16,112.7759,109.8196,1.1075,113.69,1.41,1.3364,8.3168,0.9879
2016-03-17,110.445,107.1871,1.1316,111.3,1.449,1.2982,8.1867,0.968
2016-03-18,110.4002,107.2722,1.1292,111.38,1.4514,1.298,8.209,0.9682
2016-03-21,110.737,107.7226,1.126,111.62,1.4402,1.3067,8.2166,0.9678
2016-03-22,110.7877,107.9852,1.1228,111.82,1.4217,1.3051,8.2188,0.9705
2016-03-23,111.5473,108.7835,1.1174,112.63,1.4111,1.3199,8.2672,0.9731
2016-03-24,111.816,108.9964,1.1163,112.64,1.4143,1.327,8.3021,0.9766
2016-03-25,111.7698,109.0494,1.1164,113.05,1.4131,1.3264,8.3066,0.978
2016-03-28,111.3578,108.5774,1.121,113.29,1.425,1.3184,8.2808,0.9732
2016-03-29,111.3736,108.5022,1.1204,113.33,1.4281,1.3153,8.2546,0.9744
2016-03-30,110.2301,107.2928,1.133,112.6,1.439,1.2962,8.15,0.9636
2016-03-31,109.9191,107.0344,1.139,112.42,1.4381,1.2969,8.0962,0.9583
2016-04-01,110.2977,107.3427,1.1385,112.06,1.4204,1.3047,8.1164,0.9588
2016-04-04,110.3987,107.1721,1.1386,111.18,1.4279,1.3037,8.1239,0.9597
2016-04-05,110.9478,107.552,1.1374,110.26,1.4149,1.3175,8.1408,0.9572
2016-04-06,110.5347,106.9631,1.143,109.63,1.4162,1.3073,8.1378,0.9537
2016-04-07,110.8876,107.2368,1.1386,107.98,1.4082,1.3163,8.152,0.9552
2016-04-08,110.4213,106.774,1.1406,108.36,1.4105,1.2994,8.1453,0.9536
2016-04-11,109.9758,106.3757,1.1412,107.96,1.424,1.2912,8.1112,0.9538
2016-04-12,109.816,106.2211,1.1395,108.54,1.4244,1.28,8.0701,0.9546
2016-04-13,110.1436,106.7844,1.1281,109.21,1.4223,1.2789,8.1415,0.9651
2016-04-14,110.1691,107.0069,1.1262,109.2,1.4148,1.2835,8.1264,0.9667
2016-04-15,110.1933,106.821,1.1295,108.76,1.4217,1.2857,8.1234,0.967
2016-04-18,109.9892,106.5562,1.1322,108.85,1.4276,1.2815,8.1214,0.9636
2016-04-19,109.2782,105.8771,1.1375,109.16,1.4396,1.2654,8.074,0.9599
2016-04-20,109.3926,106.0658,1.133,109.51,1.4375,1.2623,8.089,0.9671
2016-04-21,109.8533,106.458,1.1301,109.41,1.4338,1.2713,8.1199,0.9722
2016-04-22,110.2331,106.858,1.1239,111.5,1.439,1.2672,8.1244,0.9774
2016-04-25,110.1865,106.5894,1.1274,111.08,1.4492,1.2678,8.1269,0.9742
2016-04-26,109.7496,106.1709,1.1318,111.23,1.4611,1.2614,8.0938,0.9713
2016-04-27,109.8483,106.3171,1.1322,111.26,1.4554,1.2637,8.0814,0.971
2016-04-28,109.2148,105.6887,1.1325,108.55,1.4581,1.2544,8.0851,0.9687
2016-04-29,108.8274,104.9916,1.1441,106.9,1.4625,1.2549,8.0267,0.9598
2016-05-02,108.671,104.588,1.1516,106.48,1.4666,1.2544,7.9761,0.9556
2016-05-03,109.3613,105.0874,1.1508,106.34,1.4543,1.2686,8.0272,0.9541
2016-05-04,109.9952,105.818,1.1486,107.12,1.4475,1.2882,8.0679,0.9574
2016-05-05,110.2417,106.1288,1.1404,107.32,1.4486,1.2855,8.1073,0.9686
2016-05-06,110.3801,106.225,1.1421,106.66,1.4439,1.292,8.1254,0.9697
2016-05-09,110.9466,106.735,1.1402,108.39,1.4409,1.2994,8.1546,0.9698
2016-05-10,110.8225,106.792,1.1386,109.22,1.4454,1.2957,8.1466,0.9746
2016-05-11,110.2806,106.1312,1.1444,108.48,1.448,1.2834,8.1207,0.9699
2016-05-12,110.6935,106.5096,1.138,108.73,1.4452,1.2857,8.188,0.9693
2016-05-13,111.2521,107.196,1.1294,109.14,1.4369,1.2939,8.2562,0.9756
2016-05-16,111.1217,106.8778,1.1328,108.89,1.4411,1.2886,8.2416,0.9772
2016-05-17,111.0867,106.7666,1.1337,109.02,1.4485,1.2884,8.2281,0.9761
2016-05-18,111.4995,107.129,1.1276,109.65,1.4615,1.2924,8.2868,0.9822
2016-05-19,112.2331,107.9048,1.1214,109.81,1.4608,1.3114,8.3375,0.9894
2016-05-20,112.1822,108.1646,1.1207,110.52,1.4513,1.3136,8.3308,0.992
2016-05-23,112.284,108.1934,1.1192,109.47,1.4444,1.3155,8.3599,0.9919
2016-05-24,112.2912,108.2103,1.1145,110.0,1.4623,1.3117,8.3219,0.993
2016-05-25,112.2001,108.0662,1.1154,110.22,1.4694,1.3089,8.3028,0.9908
2016-05-26,111.8979,107.6295,1.1184,109.74,1.4673,1.298,8.2847,0.9898
2016-05-27,112.0822,107.9054,1.114,109.86,1.4644,1.3001,8.3224,0.9916
2016-05-30,,,,,,,,
2016-05-31,112.4276,108.3531,1.1135,110.75,1.453,1.3097,8.336,0.9934
2016-06-01,112.462,108.1497,1.1165,109.55,1.4395,1.3089,8.303,0.9892
2016-06-02,112.4564,108.0505,1.1157,108.75,1.4419,1.308,8.3278,0.9902
2016-06-03,111.4451,106.6392,1.133,106.88,1.4521,1.2947,8.1742,0.9781
2016-06-06,111.2295,106.4058,1.1354,107.33,1.445,1.2856,8.1258,0.972
2016-06-07,110.8378,106.0961,1.135,107.3,1.4564,1.2788,8.1404,0.9663
2016-06-08,110.1916,105.5757,1.14,106.68,1.4546,1.2694,8.1102,0.9594
2016-06-09,110.6168,106.0078,1.1329,106.54,1.4467,1.2728,8.1685,0.9639
2016-06-10,111.1027,106.3904,1.1281,107.06,1.4342,1.2734,8.2743,0.9632
2016-06-13,111.5036,106.5032,1.1282,106.07,1.4223,1.2791,8.2548,0.9662
2016-06-14,111.9826,106.9566,1.1206,106.02,1.413,1.2833,8.3033,0.964
2016-06-15,111.7671,106.944,1.1239,105.87,1.4185,1.2912,8.323,0.9647
2016-06-16,112.2347,107.4447,1.1158,104.05,1.4075,1.3039,8.4216,0.9662
2016-06-17,111.5332,106.4778,1.1256,104.2,1.4285,1.2875,8.3406,0.961
2016-06-20,110.8693,105.7454,1.1318,104.32,1.4688,1.2807,8.2374,0.9616
2016-06-21,111.0077,106.0073,1.1262,104.56,1.4668,1.2817,8.2575,0.9596
2016-06-22,110.7681,105.8996,1.1286,104.56,1.4682,1.282,8.2727,0.9584
2016-06-23,110.262,105.4389,1.1373,105.9,1.48,1.2749,8.1654,0.9566
2016-06-24,112.1355,107.4426,1.1126,102.26,1.3639,1.2948,8.4345,0.9702
2016-06-27,113.1301,108.5203,1.1024,101.66,1.3217,1.3076,8.5598,0.9787
2016-06-28,112.7545,108.5221,1.1054,102.71,1.3294,1.3086,8.5372,0.9812
2016-06-29,111.8597,107.8057,1.1117,102.68,1.351,1.299,8.4602,0.9794
2016-06-30,112.1618,108.431,1.1032,102.77,1.3242,1.301,8.5028,0.9792
2016-07-01,111.6509,107.6099,1.1145,102.55,1.3281,1.2897,8.4301,0.973
2016-07-04,,,,,,,,
2016-07-05,112.4231,108.1238,1.108,101.58,1.3021,1.295,8.528,0.9768
2016-07-06,112.5438,108.2692,1.1077,101.12,1.2921,1.3003,8.5276,0.9778
2016-07-07,112.5775,108.2287,1.1065,100.74,1.2926,1.2984,8.5724,0.9781
2016-07-08,112.3963,108.5223,1.1038,100.65,1.2938,1.3072,8.5984,0.9843
2016-07-11,112.5254,108.8607,1.1045,102.66,1.2986,1.3125,8.584,0.983
2016-07-12,112.1102,108.525,1.1074,104.72,1.3237,1.3016,8.5203,0.9869
2016-07-13,112.0266,108.1988,1.1112,104.1,1.318,1.2962,8.4751,0.9834
2016-07-14,111.7692,108.1234,1.1109,105.4,1.3332,1.2916,8.4823,0.9806
2016-07-15,112.2833,108.6577,1.1059,105.64,1.3194,1.2978,8.5455,0.9834
2016-07-18,112.2463,108.5696,1.1076,106.0,1.3279,1.2984,8.5505,0.9822
2016-07-19,112.638,109.1318,1.1014,106.13,1.3123,1.3027,8.6114,0.985
2016-07-20,112.6743,109.2168,1.1007,106.65,1.3179,1.3037,8.6003,0.9872
2016-07-21,112.6239,109.0956,1.1016,105.98,1.3216,1.3056,8.5947,0.9869
2016-07-22,112.989,109.752,1.0968,106.22,1.3091,1.3178,8.6603,0.9888
2016-07-25,113.1784,109.7361,1.098,106.02,1.313,1.3224,8.6513,0.9869
2016-07-26,113.0593,109.5228,1.0984,104.83,1.3133,1.3207,8.6568,0.9924
2016-07-27,113.217,109.7235,1.0988,105.65,1.3094,1.3221,8.6797,0.9936
2016-07-28,112.7393,108.9367,1.1094,104.86,1.3151,1.317,8.6243,0.9806
2016-07-29,111.874,107.7836,1.1168,102.32,1.327,1.304,8.5503,0.969
2016-08-01,111.9757,107.9359,1.1176,102.26,1.3209,1.3096,8.5701,0.9671
2016-08-02,111.7124,107.3854,1.1225,100.82,1.3326,1.3087,8.5105,0.9643
2016-08-03,111.9419,107.6837,1.117,101.34,1.3335,1.3078,8.5207,0.9716
2016-08-04,111.9149,107.8231,1.1134,101.08,1.3143,1.3025,8.5214,0.9738
2016-08-05,112.3589,108.5925,1.108,101.74,1.3069,1.3179,8.5634,0.9796
2016-08-08,112.1456,108.707,1.1078,102.53,1.3042,1.3162,8.5867,0.9838
2016-08-09,111.722,108.4061,1.111,101.96,1.301,1.3116,8.5314,0.9826
2016-08-10,111.3238,107.8964,1.1171,101.27,1.2998,1.3059,8.4686,0.9759
2016-08-11,111.1954,107.8164,1.1168,101.46,1.296,1.3004,8.4306,0.9722
2016-08-12,111.1787,107.6469,1.1172,101.01,1.2934,1.2943,8.44,0.9738
2016-08-15,110.9212,107.5355,1.1199,101.02,1.2874,1.2922,8.4542,0.9714
2016-08-16,110.4295,106.8073,1.1277,100.28,1.3019,1.2861,8.4091,0.9622
2016-08-17,110.9459,106.9617,1.1263,100.24,1.3012,1.2885,8.4384,0.964
2016-08-18,110.3134,106.2319,1.1334,100.07,1.3147,1.2777,8.358,0.9576
2016-08-19,110.8163,106.6375,1.1326,100.24,1.3061,1.2878,8.3781,0.9594
2016-08-22,110.9997,106.7819,1.1314,100.25,1.3133,1.2942,8.3826,0.9625
2016-08-23,110.9414,106.6631,1.1308,100.2,1.3179,1.2904,8.3781,0.9622
2016-08-24,111.2958,106.9692,1.1256,100.5,1.3236,1.2939,8.4068,0.9673
2016-08-25,111.1726,106.9611,1.1274,100.58,1.3177,1.2934,8.4132,0.9684
2016-08-26,111.2035,107.2373,1.1237,101.2,1.3168,1.2944,8.4464,0.9718
2016-08-29,111.8775,107.8696,1.1182,102.13,1.3089,1.3018,8.4767,0.978
2016-08-30,112.2928,108.2943,1.115,102.92,1.3084,1.3075,8.5389,0.9822
2016-08-31,112.4036,108.4493,1.1146,103.38,1.3129,1.3122,8.5689,0.983
2016-09-01,112.1733,108.0498,1.1194,103.22,1.3273,1.3107,8.5504,0.9792
2016-09-02,112.0009,108.043,1.1158,104.18,1.3299,1.2998,8.5886,0.9804
2016-09-05,,,,,,,,
2016-09-06,110.9613,106.8986,1.1237,102.28,1.3429,1.2843,8.4765,0.9718
2016-09-07,110.9717,107.0044,1.1238,101.72,1.3339,1.2895,8.4443,0.9702
2016-09-08,111.2609,107.1037,1.1256,102.28,1.3301,1.291,8.4483,0.9726
2016-09-09,111.9879,107.7478,1.1214,102.86,1.3257,1.3034,8.4995,0.977
2016-09-12,112.1516,107.6015,1.123,101.96,1.3313,1.3076,8.4992,0.9736
2016-09-13,112.5207,107.9364,1.1242,102.14,1.3184,1.3167,8.5072,0.974
2016-09-14,112.4678,107.8535,1.1271,102.33,1.3204,1.3187,8.4628,0.9708
2016-09-15,112.4753,107.8193,1.1246,102.24,1.3215,1.3145,8.4753,0.9714
2016-09-16,113.1765,108.4926,1.116,102.36,1.309,1.3212,8.5761,0.9794
2016-09-19,112.903,108.2763,1.1179,101.82,1.3051,1.318,8.5483,0.9798
2016-09-20,113.1848,108.4595,1.1172,101.66,1.2974,1.3228,8.5801,0.9781
2016-09-21,112.9842,108.2086,1.1165,100.62,1.2978,1.3186,8.5831,0.9758
2016-09-22,112.2592,107.4695,1.1229,100.8,1.3092,1.3036,8.5322,0.9678
2016-09-23,112.7166,107.9669,1.1223,101.04,1.2959,1.3163,8.5457,0.9702
2016-09-26,112.7112,107.7217,1.127,100.34,1.2978,1.3196,8.5175,0.9668
2016-09-27,112.5515,108.0807,1.1208,100.36,1.3005,1.3247,8.612,0.9718
2016-09-28,112.6283,108.1251,1.12,100.57,1.2996,1.3237,8.5889,0.9724
2016-09-29,112.2879,107.7281,1.1244,101.48,1.2991,1.3101,8.5435,0.9655
2016-09-30,112.2795,107.7534,1.1238,101.21,1.3015,1.3115,8.5726,0.9694
2016-10-03,112.5077,108.1443,1.121,101.54,1.284,1.3138,8.5641,0.974
2016-10-04,112.6579,108.4931,1.1212,102.66,1.2746,1.3171,8.5838,0.978
2016-10-05,112.7946,108.6954,1.1196,103.53,1.2745,1.3177,8.5989,0.977
2016-10-06,113.0066,109.1082,1.1158,104.02,1.2647,1.3209,8.6246,0.9798
2016-10-07,113.2915,109.4826,1.1156,103.42,1.2434,1.3306,8.6616,0.9806
2016-10-10,,,,,,,,
2016-10-11,113.4461,109.944,1.1062,103.36,1.2218,1.3235,8.8172,0.9878
2016-10-12,113.7442,110.418,1.1014,104.48,1.2195,1.3277,8.8306,0.9902
2016-10-13,113.6238,110.0392,1.1038,103.62,1.2201,1.3219,8.805,0.987
2016-10-14,113.7119,110.204,1.0985,104.1,1.2189,1.3169,8.8353,0.9902
2016-10-17,113.5488,110.0269,1.1,103.96,1.2186,1.3135,8.8135,0.988
2016-10-18,113.1393,109.8028,1.0997,103.8,1.231,1.3105,8.8087,0.9886
2016-10-19,113.0547,109.876,1.0966,103.3,1.2279,1.3105,8.8431,0.9894
2016-10-20,113.4033,110.3728,1.0934,103.92,1.2256,1.3197,8.8577,0.9916
2016-10-21,113.9015,111.0362,1.0866,103.96,1.221,1.3324,8.9297,0.9951
2016-10-24,113.8571,111.1137,1.0888,104.2,1.2204,1.3387,8.9039,0.992
2016-10-25,113.6801,111.0199,1.089,104.25,1.2164,1.3333,8.9224,0.994
2016-10-26,113.8131,110.9252,1.0916,104.42,1.2234,1.3361,8.8994,0.9927
2016-10-27,114.1998,111.2424,1.0904,105.14,1.2173,1.3385,9.0646,0.994
2016-10-28,114.0931,111.1787,1.0934,105.4,1.2155,1.3383,9.0353,0.9932
2016-10-31,114.0188,110.9726,1.0962,105.07,1.2212,1.3403,9.0207,0.989
2016-11-01,113.9915,110.4415,1.1042,104.59,1.2218,1.3377,8.9479,0.979
2016-11-02,113.9206,109.8204,1.1119,103.22,1.2315,1.3387,8.8938,0.9701
2016-11-03,113.7664,109.7911,1.1094,103.17,1.2454,1.3384,8.9318,0.9746
2016-11-04,113.5828,109.6159,1.1121,103.02,1.2546,1.3413,8.9543,0.9682
2016-11-07,113.5443,110.2566,1.1038,104.6,1.2403,1.338,9.0272,0.9758
2016-11-08,113.3017,110.2336,1.1034,104.98,1.2372,1.3335,9.0102,0.9757
2016-11-09,114.6956,110.6545,1.0952,104.84,1.2474,1.3406,9.0293,0.9812
2016-11-10,115.9375,111.3588,1.0882,106.56,1.2523,1.3474,9.0874,0.9878
2016-11-11,,,,,,,,
2016-11-14,117.2245,112.6273,1.0723,108.3,1.2469,1.3581,9.1669,0.9978
2016-11-15,116.7724,112.505,1.0726,108.94,1.2422,1.3468,9.1814,1.0015
2016-11-16,116.8062,112.5141,1.0699,109.16,1.245,1.3415,9.1849,1.0019
2016-11-17,116.8952,112.8242,1.0656,109.64,1.245,1.3429,9.2191,1.0048
2016-11-18,117.5936,113.5865,1.06,110.51,1.2327,1.3518,9.2515,1.0094
2016-11-21,117.4762,113.3336,1.0597,111.12,1.2474,1.3432,9.2494,1.0112
2016-11-22,117.4508,113.2836,1.0618,110.98,1.2424,1.3444,9.2267,1.01
2016-11-23,118.0356,113.7941,1.056,112.58,1.2458,1.3467,9.2686,1.0156
2016-11-24,,,,,,,,
2016-11-25,118.02,113.7994,1.0595,113.17,1.2462,1.3512,9.2289,1.0136
2016-11-28,117.7278,113.5453,1.0576,112.36,1.2411,1.3401,9.2275,1.0158
2016-11-29,117.644,113.3671,1.0626,112.78,1.2505,1.3435,9.1902,1.0132
2016-11-30,117.7636,113.8483,1.0578,114.34,1.2481,1.3425,9.2548,1.0187
2016-12-01,117.6642,113.229,1.0634,114.34,1.2596,1.333,9.2479,1.0126
2016-12-02,117.3116,112.8269,1.0666,113.76,1.2685,1.3298,9.1936,1.011
2016-12-05,117.1008,112.5317,1.0723,114.1,1.2708,1.3271,9.1554,1.0103
2016-12-06,116.9225,112.5604,1.0717,113.98,1.2706,1.3279,9.1214,1.0093
2016-12-07,116.672,112.3332,1.0758,113.5,1.2604,1.3251,9.0784,1.0065
2016-12-08,117.0327,112.983,1.0625,114.16,1.2574,1.322,9.1273,1.0154
2016-12-09,117.2834,113.3314,1.0541,115.17,1.259,1.3162,9.1968,1.0184
2016-12-12,116.9161,112.9044,1.0606,115.34,1.2677,1.3137,9.1874,1.0157
2016-12-13,116.8029,112.6941,1.0635,115.26,1.2685,1.3119,9.1553,1.0118
2016-12-14,116.7332,112.5531,1.0656,115.06,1.2706,1.3123,9.1535,1.0099
2016-12-15,118.8072,115.3705,1.0375,118.32,1.2389,1.3397,9.4207,1.0334
2016-12-16,118.3584,114.6897,1.0456,117.74,1.2478,1.3339,9.3581,1.0258
2016-12-19,118.3875,114.7828,1.0444,116.6,1.2419,1.3395,9.3427,1.0226
2016-12-20,118.63,115.2309,1.039,117.86,1.2358,1.3376,9.3557,1.0282
2016-12-21,118.581,115.1192,1.0425,117.79,1.2348,1.3401,9.228,1.0262
2016-12-22,118.8209,115.1792,1.0452,117.48,1.2301,1.347,9.1911,1.0246
2016-12-23,118.7856,115.3944,1.0449,117.22,1.2252,1.3533,9.198,1.0268
2016-12-26,,,,,,,,
2016-12-27,118.9506,115.4407,1.0458,117.52,1.2261,1.3553,9.2277,1.0284
2016-12-28,119.2305,115.8129,1.0389,117.66,1.2222,1.3555,9.206,1.0313
2016-12-29,118.6637,114.9739,1.0486,116.32,1.2237,1.3488,9.1213,1.023
2016-12-30,118.3466,114.4547,1.0552,116.78,1.2337,1.3426,9.0803,1.016
2017-01-02,,,,,,,,
2017-01-03,119.0903,115.3277,1.0416,117.68,1.2256,1.3437,9.1583,1.0266
2017-01-04,118.8803,114.5971,1.0476,117.38,1.2299,1.3293,9.1108,1.0228
2017-01-05,117.9999,113.4213,1.0598,115.46,1.2415,1.3216,8.9981,1.0107
2017-01-06,118.3495,113.9039,1.056,116.85,1.2314,1.3216,9.0421,1.015
2017-01-09,118.4111,113.8689,1.0576,116.07,1.2167,1.322,9.0441,1.0148
2017-01-10,118.5386,113.8225,1.0572,115.74,1.2165,1.3208,9.0643,1.0158
2017-01-11,119.0219,114.2782,1.0501,116.26,1.2118,1.3219,9.1003,1.0203
2017-01-12,117.8001,112.8203,1.0666,113.87,1.2211,1.313,8.9121,1.0066
2017-01-13,117.9884,113.1923,1.0625,115.03,1.2198,1.3134,8.9143,1.0098
2017-01-16,,,,,,,,
2017-01-17,117.2656,112.2019,1.0695,112.96,1.2388,1.306,8.9119,1.0028
2017-01-18,117.7242,112.6599,1.0682,113.4,1.2309,1.3175,8.9134,1.0028
2017-01-19,118.3182,113.5239,1.063,115.3,1.2319,1.3327,8.977,1.0094
2017-01-20,,,,,,,,
2017-01-23,117.2479,112.4046,1.074,112.9,1.2485,1.3283,8.8427,0.999
2017-01-24,117.0516,112.1032,1.0749,113.63,1.2531,1.3152,8.8411,0.9998
2017-01-25,116.9355,111.8554,1.0743,113.6,1.262,1.3074,8.8254,0.9996
2017-01-26,117.2766,112.4305,1.067,114.7,1.2579,1.3104,8.8582,1.0011
2017-01-27,117.0735,112.444,1.069,115.16,1.2531,1.3108,8.8499,0.9992
2017-01-30,116.7325,112.3124,1.0681,113.86,1.2478,1.3092,8.8396,0.9976
2017-01-31,116.2241,111.3818,1.0794,112.72,1.2585,1.303,8.7525,0.9888
2017-02-01,116.3914,111.7169,1.0758,113.29,1.2643,1.3088,8.7643,0.993
2017-02-02,115.903,111.2924,1.0802,112.48,1.2541,1.3018,8.7176,0.9894
2017-02-03,115.6259,111.3359,1.0792,112.42,1.2504,1.3003,8.7681,0.991
2017-02-06,116.0504,111.9322,1.0731,112.32,1.245,1.3116,8.8343,0.9934
2017-02-07,116.4082,112.1859,1.069,112.14,1.2486,1.3166,8.8625,0.997
2017-02-08,116.1382,111.9494,1.0708,111.74,1.2543,1.3156,8.8331,0.9934
2017-02-09,116.306,112.4026,1.0658,113.24,1.2516,1.3139,8.9006,1.0013
2017-02-10,116.148,112.2698,1.065,113.22,1.2502,1.3073,8.9,1.0028
2017-02-13,116.3427,112.5637,1.0603,113.79,1.251,1.3072,8.9362,1.0054
2017-02-14,116.3949,112.8479,1.0577,114.34,1.2465,1.3092,8.94,1.0072
2017-02-15,116.2162,112.6847,1.0597,114.17,1.2465,1.3082,8.9191,1.0062
2017-02-16,116.0067,112.1996,1.066,113.36,1.2477,1.3056,8.8612,0.9992
2017-02-17,116.4035,112.5514,1.0614,112.86,1.2428,1.3114,8.9175,1.0022
2017-02-20,,,,,,,,
2017-02-21,116.5921,112.9758,1.0551,113.48,1.2465,1.3149,8.9677,1.0083
2017-02-22,116.2136,113.0729,1.0555,113.46,1.2456,1.3188,8.982,1.0109
2017-02-23,115.6527,112.5208,1.0586,112.68,1.2548,1.3109,8.986,1.0062
2017-02-24,115.8143,112.5439,1.058,112.26,1.2499,1.3106,8.9994,1.0055
2017-02-27,115.6764,112.3378,1.0624,112.01,1.2473,1.31,9.0134,1.0051
2017-02-28,116.0032,112.7492,1.0618,112.06,1.2427,1.3247,9.0098,1.0022
2017-03-01,116.438,113.5662,1.0564,113.66,1.2318,1.3345,9.0293,1.0072
2017-03-02,116.8429,114.0947,1.0514,114.45,1.2267,1.3384,9.0664,1.012
2017-03-03,116.6438,114.0613,1.0552,114.6,1.2249,1.3419,9.0372,1.0118
2017-03-06,116.4313,113.8001,1.0586,113.92,1.2243,1.341,9.0115,1.0114
2017-03-07,116.4303,113.8666,1.0582,113.99,1.2209,1.3413,8.9966,1.013
2017-03-08,116.875,114.3467,1.0547,114.58,1.2152,1.3479,9.0444,1.0146
2017-03-09,116.9959,114.2476,1.0586,114.71,1.2166,1.3504,9.0305,1.0131
2017-03-10,116.616,113.8521,1.0667,115.02,1.2158,1.3468,9.0139,1.0104
2017-03-13,116.4004,113.619,1.067,114.61,1.2234,1.3453,8.9466,1.0068
2017-03-14,116.5646,113.8213,1.0645,114.63,1.2168,1.3462,8.9471,1.0078
2017-03-15,116.3584,113.8003,1.063,114.66,1.2222,1.3451,8.9571,1.008
2017-03-16,115.4456,112.5457,1.0738,113.02,1.237,1.3316,8.8241,0.9953
2017-03-17,115.2783,112.6074,1.0742,112.67,1.2372,1.3366,8.8167,0.9978
2017-03-20,115.0426,112.5093,1.0754,112.59,1.2365,1.3357,8.8247,0.9966
2017-03-21,114.8119,111.9813,1.081,111.9,1.2479,1.3321,8.789,0.9936
2017-03-22,114.7937,111.9717,1.08,111.06,1.2476,1.3347,8.7984,0.99
2017-03-23,114.7899,111.9778,1.0787,111.12,1.2526,1.3332,8.8139,0.9924
2017-03-24,114.6372,112.0224,1.0806,111.03,1.2491,1.3373,8.8111,0.991
2017-03-27,114.2347,111.4874,1.0882,110.48,1.2583,1.3367,8.7701,0.983
2017-03-28,114.419,111.6873,1.0852,110.56,1.2503,1.3363,8.7864,0.985
2017-03-29,114.7167,112.3282,1.0756,111.05,1.2411,1.3372,8.8801,0.9966
2017-03-30,114.5245,112.1944,1.0726,111.36,1.2489,1.3278,8.9092,0.9969
2017-03-31,114.7938,112.4021,1.0698,111.41,1.2537,1.3321,8.9349,0.9998
2017-04-03,114.8734,112.7712,1.0655,110.96,1.2479,1.3388,8.9639,1.0029
2017-04-04,115.0038,112.8217,1.0664,110.74,1.2437,1.3413,9.0014,1.0022
2017-04-05,114.9494,112.8485,1.0661,111.2,1.2488,1.341,8.978,1.005
2017-04-06,115.0181,112.878,1.0651,111.02,1.2486,1.3409,9.0076,1.0046
2017-04-07,115.0547,113.0759,1.0616,110.76,1.2398,1.3396,9.0503,1.0066
2017-04-10,115.11,113.0223,1.0606,110.95,1.2418,1.3347,9.0635,1.0077
2017-04-11,115.009,112.7251,1.0614,109.74,1.2484,1.3333,9.045,1.0072
2017-04-12,114.9162,112.6114,1.0611,109.54,1.25,1.3302,9.0165,1.0054
2017-04-13,114.5059,112.3381,1.063,109.23,1.2522,1.3266,9.0255,1.0047
2017-04-14,114.5368,112.386,1.0625,108.63,1.2531,1.3316,9.0289,1.0038
2017-04-17,114.3283,112.0462,1.066,108.46,1.2587,1.3277,8.9864,1.0022
2017-04-18,114.2575,111.9147,1.0706,108.4,1.2769,1.3381,8.9737,0.9978
2017-04-19,114.7923,112.2109,1.0707,109.06,1.2789,1.3467,8.982,0.9986
2017-04-20,114.6205,111.995,1.0758,109.34,1.283,1.3479,8.9546,0.996
2017-04-21,114.8128,112.3409,1.0694,109.08,1.2783,1.3502,9.0155,0.9987
2017-04-24,114.3659,111.8154,1.0846,109.74,1.2783,1.3517,8.8732,0.9964
2017-04-25,114.5111,111.735,1.0941,110.88,1.2836,1.3614,8.7675,0.9925
2017-04-26,114.9479,112.0924,1.0872,111.52,1.2838,1.3591,8.7855,0.9957
2017-04-27,114.9946,112.1998,1.0864,111.13,1.2889,1.3664,8.8499,0.9948
2017-04-28,114.7877,112.0722,1.0895,111.44,1.2938,1.3669,8.8635,0.9944
2017-05-01,114.5921,112.0089,1.0912,111.78,1.2917,1.3653,8.8281,0.9955
2017-05-02,114.6792,112.2314,1.091,112.06,1.2921,1.3742,8.8291,0.9913
2017-05-03,114.6637,112.1791,1.092,112.34,1.2916,1.3705,8.8148,0.9913
2017-05-04,114.9076,112.1456,1.0967,112.7,1.291,1.3745,8.816,0.989
2017-05-05,114.7725,111.8634,1.0996,112.63,1.295,1.3699,8.7941,0.9876
2017-05-08,115.0895,112.2787,1.0928,112.84,1.2942,1.3712,8.8372,0.9979
2017-05-09,115.3933,112.7558,1.0875,114.19,1.2939,1.3715,8.8876,1.0074
2017-05-10,115.1145,112.5951,1.0873,114.02,1.2939,1.3652,8.913,1.0088
2017-05-11,115.0669,112.7069,1.0869,113.77,1.2885,1.3693,8.8799,1.0061
2017-05-12,114.7479,112.4312,1.0926,113.3,1.288,1.3717,8.8439,1.0008
2017-05-15,114.3504,112.0167,1.0979,113.54,1.2917,1.3648,8.819,0.9964
2017-05-16,113.9923,111.4294,1.1072,113.24,1.2912,1.359,8.7982,0.9878
2017-05-17,113.7506,110.8908,1.1134,111.46,1.2944,1.3594,8.7533,0.9808
2017-05-18,114.2683,110.7563,1.113,110.82,1.3009,1.3604,8.7755,0.9763
2017-05-19,113.7001,110.4339,1.119,111.47,1.3018,1.3537,8.7398,0.9754
2017-05-22,113.5442,110.1237,1.1236,111.15,1.3006,1.3503,8.6994,0.9736
2017-05-23,113.6862,110.325,1.1198,111.64,1.2984,1.3492,8.7069,0.974
2017-05-24,113.675,110.4484,1.1175,112.02,1.2935,1.3454,8.7107,0.9769
2017-05-25,113.3719,110.196,1.1218,111.7,1.2954,1.3457,8.6731,0.972
2017-05-26,113.4839,110.503,1.117,111.3,1.2795,1.3454,8.6926,0.9753
2017-05-29,,,,,,,,
2017-05-30,113.5552,110.32,1.1183,110.68,1.2858,1.3462,8.7256,0.9744
2017-05-31,113.2956,110.1299,1.1236,110.71,1.2905,1.3498,8.6788,0.9684
2017-06-01,113.3017,110.3018,1.1214,111.24,1.2894,1.3484,8.6915,0.9712
2017-06-02,113.1908,109.9618,1.127,110.49,1.2885,1.35,8.6323,0.9642
2017-06-05,112.9755,109.9675,1.125,110.49,1.2917,1.3484,8.6621,0.9657
2017-06-06,112.7095,109.6648,1.1266,109.34,1.2901,1.3451,8.6733,0.9628
2017-06-07,112.8191,109.9153,1.1236,109.54,1.2941,1.3514,8.6945,0.9657
2017-06-08,112.8351,110.0339,1.1217,110.1,1.2939,1.3494,8.7159,0.9675
2017-06-09,112.9562,110.2755,1.119,110.61,1.2737,1.3434,8.7178,0.97
2017-06-12,112.9837,110.2035,1.1204,109.72,1.2658,1.3447,8.7412,0.9688
2017-06-13,112.6271,109.7045,1.1194,110.12,1.2739,1.3226,8.7035,0.9692
2017-06-14,112.0734,109.0855,1.1277,109.16,1.2808,1.3201,8.6421,0.9662
2017-06-15,112.8708,110.0694,1.1152,110.66,1.2768,1.3286,8.7503,0.9749
2017-06-16,112.6155,109.7768,1.1194,110.84,1.2778,1.3235,8.7035,0.9739
2017-06-19,112.7576,109.9411,1.116,111.34,1.2743,1.3202,8.7339,0.9745
2017-06-20,113.2698,110.386,1.1124,111.46,1.2628,1.3268,8.7941,0.9759
2017-06-21,113.3327,110.417,1.1143,111.58,1.2667,1.3323,8.7619,0.9744
2017-06-22,113.1654,110.1668,1.1148,111.36,1.2659,1.3236,8.753,0.9728
2017-06-23,112.8665,109.9268,1.1196,111.26,1.2727,1.3263,8.7139,0.9692
2017-06-26,112.7633,109.873,1.1196,111.48,1.2732,1.3228,8.713,0.9706
2017-06-27,112.55,109.3725,1.13,112.42,1.2791,1.3176,8.6147,0.9638
2017-06-28,112.0747,108.6156,1.1364,112.18,1.2936,1.3043,8.5665,0.9608
2017-06-29,111.998,108.2557,1.142,112.32,1.2984,1.301,8.495,0.9569
2017-06-30,111.9896,108.228,1.1411,112.4,1.2995,1.2982,8.44,0.9586
2017-07-03,112.4268,108.6306,1.1367,113.32,1.2951,1.3,8.4742,0.9632
2017-07-04,,,,,,,,
2017-07-05,112.6534,108.7843,1.1336,113.2,1.2934,1.2998,8.5031,0.9652
2017-07-06,112.4199,108.3271,1.1409,113.28,1.2967,1.2933,8.4454,0.9634
2017-07-07,112.3137,108.4073,1.1396,114.1,1.288,1.287,8.4373,0.9644
2017-07-10,112.1587,108.4405,1.1396,114.08,1.2884,1.2883,8.4368,0.9658
2017-07-11,112.1434,108.4523,1.143,114.2,1.2851,1.2921,8.4259,0.9672
2017-07-12,111.5904,107.9591,1.1411,113.19,1.2889,1.2768,8.4176,0.9648
2017-07-13,111.5365,107.9735,1.1385,113.39,1.2921,1.2739,8.3662,0.9685
2017-07-14,110.9075,107.2391,1.1452,112.66,1.3079,1.2655,8.3298,0.9654
2017-07-17,110.9304,107.2283,1.147,112.76,1.3058,1.2673,8.3016,0.9627
2017-07-18,110.4356,106.6281,1.1578,111.89,1.3026,1.2663,8.2742,0.9526
2017-07-19,110.4339,106.6415,1.1518,111.77,1.3036,1.2586,8.2893,0.9548
2017-07-20,110.2512,106.227,1.1634,111.68,1.2976,1.2582,8.2314,0.9507
2017-07-21,110.191,106.0079,1.1655,111.18,1.2968,1.2545,8.2491,0.9468
2017-07-24,110.2004,105.9106,1.1642,111.1,1.3028,1.2519,8.2205,0.9456
2017-07-25,110.2835,105.9013,1.1656,111.57,1.3046,1.2512,8.2025,0.9496
2017-07-26,110.3811,106.1022,1.1632,112.1,1.3048,1.2506,8.2301,0.958
2017-07-27,110.216,106.0298,1.1656,111.62,1.3065,1.2529,8.2297,0.9656
2017-07-28,109.92,105.3161,1.1754,110.87,1.3124,1.2436,8.1177,0.9685
2017-07-31,109.8177,105.0471,1.1826,110.38,1.3196,1.249,8.0752,0.965
2017-08-01,109.8495,105.2556,1.1799,110.33,1.3206,1.254,8.1124,0.9655
2017-08-02,109.7503,105.0522,1.1861,110.43,1.3236,1.2544,8.0958,0.9684
2017-08-03,109.8332,105.0918,1.188,110.12,1.3144,1.2563,8.0922,0.969
2017-08-04,110.2808,105.9129,1.1754,110.76,1.3036,1.2639,8.1615,0.9721
2017-08-07,110.373,105.9259,1.1788,110.76,1.3021,1.2684,8.1597,0.9728
2017-08-08,110.396,106.1591,1.1724,110.74,1.2968,1.2658,8.1928,0.9766
2017-08-09,110.3671,106.0263,1.1748,110.04,1.2997,1.2711,8.1879,0.9649
2017-08-10,110.1886,105.9208,1.1751,109.37,1.2978,1.2705,8.1475,0.9647
2017-08-11,110.0422,105.6145,1.1811,109.06,1.2988,1.2689,8.1405,0.962
2017-08-14,110.095,105.8462,1.1786,109.48,1.2975,1.2698,8.1107,0.9714
2017-08-15,110.4846,106.3642,1.1736,110.42,1.2862,1.2745,8.0847,0.9718
2017-08-16,110.4394,106.4387,1.1703,110.8,1.286,1.2708,8.1177,0.9744
2017-08-17,110.1673,105.9638,1.1736,109.88,1.2888,1.265,8.1152,0.9633
2017-08-18,110.041,105.7347,1.1748,109.32,1.2847,1.2585,8.1082,0.9642
2017-08-21,109.7349,105.3934,1.1814,108.89,1.2903,1.2587,8.0693,0.9629
2017-08-22,109.8386,105.6706,1.1762,109.4,1.2834,1.2559,8.1034,0.9668
2017-08-23,109.8095,105.5437,1.1802,109.14,1.2787,1.2558,8.0753,0.9667
2017-08-24,109.7524,105.4681,1.1801,109.34,1.2802,1.2528,8.0584,0.9646
2017-08-25,109.3415,105.0003,1.1874,109.24,1.2873,1.2494,7.9963,0.9574
2017-08-28,109.1815,104.5834,1.1973,109.22,1.2927,1.2492,7.9591,0.9554
2017-08-29,109.0946,104.3752,1.2025,109.02,1.2937,1.2517,7.9132,0.948
2017-08-30,109.4052,105.1639,1.1927,110.2,1.2934,1.2608,7.9635,0.9583
2017-08-31,109.3686,105.0862,1.1894,110.06,1.2888,1.2515,7.955,0.961
2017-09-01,109.0504,104.7289,1.1878,110.09,1.2972,1.2372,7.9911,0.9626
2017-09-04,,,,,,,,
2017-09-05,108.8664,104.3523,1.1911,108.94,1.3013,1.2355,7.964,0.9577
2017-09-06,108.4897,103.797,1.1943,108.75,1.3073,1.221,7.9506,0.9537
2017-09-07,107.9224,103.2177,1.2028,108.26,1.3094,1.2132,7.9435,0.9498
2017-09-08,107.808,102.9656,1.2041,107.72,1.3211,1.2131,7.9361,0.9456
2017-09-11,108.153,103.5022,1.1964,109.03,1.3173,1.2136,8.0063,0.9533
2017-09-12,108.3239,103.5867,1.1968,110.01,1.328,1.2154,7.9619,0.9596
2017-09-13,108.6628,104.0911,1.1898,110.58,1.3218,1.2192,8.0295,0.9639
2017-09-14,108.618,104.0361,1.1886,110.66,1.3398,1.2207,8.0116,0.966
2017-09-15,108.3147,103.548,1.1959,110.84,1.3578,1.2183,7.9589,0.9594
2017-09-18,108.6401,103.9269,1.1938,111.48,1.3485,1.2231,7.9673,0.963
2017-09-19,108.6142,103.8138,1.198,111.49,1.3517,1.2262,7.9585,0.9628
2017-09-20,108.4329,103.6979,1.1998,111.5,1.3564,1.2267,7.9472,0.9617
2017-09-21,108.9267,104.2015,1.1946,112.3,1.3576,1.2328,7.9705,0.9692
2017-09-22,108.7542,104.0581,1.1969,112.01,1.3531,1.2305,7.9536,0.9694
2017-09-25,109.3302,104.5887,1.1852,111.64,1.3457,1.2347,8.0486,0.9682
2017-09-26,109.7769,105.0814,1.1772,112.16,1.3422,1.2379,8.1471,0.9706
2017-09-27,110.0722,105.343,1.1747,112.76,1.3401,1.2402,8.1508,0.9745
2017-09-28,110.2415,105.3614,1.1776,112.66,1.3435,1.2473,8.1411,0.971
2017-09-29,110.0867,105.3302,1.1813,112.64,1.3402,1.2509,8.1538,0.9688
2017-10-02,110.3686,105.7067,1.1745,112.6,1.3268,1.2507,8.1595,0.9737
2017-10-03,110.3281,105.6686,1.1759,112.8,1.3251,1.2498,8.1252,0.9734
2017-10-04,110.2425,105.6083,1.176,112.84,1.3268,1.2479,8.0959,0.9756
2017-10-05,110.5823,106.1154,1.1706,112.74,1.3132,1.2548,8.1354,0.9792
2017-10-06,110.7841,106.0699,1.1732,112.68,1.3063,1.2543,8.1198,0.9777
2017-10-09,,,,,,,,
2017-10-10,110.3034,105.4736,1.1804,112.15,1.3215,1.2495,8.0743,0.9744
2017-10-11,110.3037,105.3858,1.1847,112.35,1.321,1.2511,8.0534,0.9732
2017-10-12,110.3152,105.3542,1.184,112.38,1.3174,1.247,8.1051,0.976
2017-10-13,110.2669,105.2208,1.1837,111.94,1.3304,1.2494,8.099,0.9745
2017-10-16,110.5432,105.3939,1.181,111.72,1.3285,1.2531,8.1015,0.9735
2017-10-17,110.9141,105.8959,1.1754,112.32,1.3182,1.2567,8.1608,0.9804
2017-10-18,110.7214,105.6816,1.1775,112.94,1.3183,1.2473,8.1522,0.9817
2017-10-19,110.4577,105.38,1.1842,112.54,1.3181,1.2487,8.1393,0.9751
2017-10-20,111.0375,106.1428,1.177,113.5,1.3179,1.2618,8.1729,0.9844
2017-10-23,111.2134,106.247,1.1762,113.66,1.3201,1.2644,8.1885,0.9862
2017-10-24,111.4027,106.4008,1.1766,113.92,1.3124,1.266,8.2044,0.989
2017-10-25,111.3904,106.498,1.1802,113.7,1.3252,1.2799,8.2228,0.9888
2017-10-26,111.6418,107.0232,1.17,113.72,1.3181,1.2821,8.3177,0.995
2017-10-27,112.1495,107.6864,1.158,113.82,1.3108,1.2871,8.3803,0.999
2017-10-30,111.901,107.2688,1.1626,113.26,1.3195,1.2835,8.3602,0.9969
2017-10-31,111.8052,107.3019,1.1648,113.63,1.3281,1.2894,8.3612,0.9968
2017-11-01,111.7942,107.5009,1.1618,114.04,1.3257,1.289,8.4017,1.0014
2017-11-02,111.5474,107.2186,1.1672,113.84,1.3068,1.2808,8.3849,0.9977
2017-11-03,111.9383,107.4283,1.1616,114.25,1.3067,1.2769,8.434,1.0002
2017-11-06,111.7197,107.2827,1.16,113.9,1.3145,1.274,8.4036,0.999
2017-11-07,111.9446,107.4965,1.1577,113.9,1.3152,1.2791,8.4021,0.9996
2017-11-08,111.6935,107.2821,1.1591,113.62,1.3108,1.2727,8.3826,0.9997
2017-11-09,111.5626,106.9294,1.1648,113.4,1.3133,1.2693,8.3683,0.9958
2017-11-10,,,,,,,,
2017-11-13,111.7833,107.0889,1.1656,113.62,1.3101,1.2735,8.3942,0.9975
2017-11-14,111.5097,106.6271,1.1764,113.5,1.3128,1.2731,8.4188,0.9914
2017-11-15,111.4809,106.5866,1.1794,113.15,1.3165,1.2783,8.4436,0.9902
2017-11-16,111.2568,106.496,1.1772,112.89,1.3197,1.2736,8.4038,0.9926
2017-11-17,111.0016,106.3715,1.1799,111.98,1.3222,1.2785,8.4375,0.9882
2017-11-20,111.2599,106.6784,1.1741,112.49,1.3241,1.2795,8.4803,0.9923
2017-11-21,110.9828,106.5952,1.1741,112.46,1.3232,1.2768,8.4297,0.9916
2017-11-22,110.5632,106.1214,1.1789,111.62,1.3291,1.2728,8.3785,0.9838
2017-11-23,,,,,,,,
2017-11-24,110.0253,105.4603,1.1936,111.54,1.3336,1.2705,8.2769,0.9788
2017-11-27,110.1136,105.5918,1.1911,111.0,1.3333,1.2745,8.2971,0.9804
2017-11-28,110.3018,105.9629,1.1878,111.13,1.3231,1.2804,8.3377,0.9831
2017-11-29,110.3265,106.0608,1.1858,111.75,1.3436,1.285,8.351,0.9837
2017-11-30,110.4648,106.0121,1.1898,112.3,1.3506,1.2884,8.3599,0.9838
2017-12-01,110.1413,105.4393,1.191,111.88,1.3505,1.2705,8.3623,0.9762
2017-12-04,110.397,105.8548,1.1848,112.8,1.3465,1.2696,8.4238,0.9858
2017-12-05,110.4905,105.9409,1.182,112.76,1.345,1.269,8.3763,0.9868
2017-12-06,110.8711,106.3303,1.1788,112.32,1.3382,1.2788,8.4298,0.9904
2017-12-07,111.0178,106.4611,1.179,112.7,1.3432,1.2832,8.4676,0.9921
2017-12-08,111.2273,106.8168,1.1761,113.55,1.3367,1.2867,8.4696,0.9928
2017-12-11,111.0827,106.5739,1.1802,113.34,1.3363,1.2845,8.4962,0.99
2017-12-12,111.5214,107.0062,1.1725,113.62,1.3323,1.2884,8.4465,0.9926
2017-12-13,111.2759,106.717,1.1762,113.19,1.3365,1.2872,8.4464,0.9894
2017-12-14,111.0893,106.4386,1.1778,112.56,1.344,1.2849,8.4288,0.99
2017-12-15,111.1286,106.5776,1.1778,112.68,1.3316,1.2846,8.5053,0.9903
2017-12-18,110.9086,106.3518,1.1804,112.4,1.3398,1.2856,8.4169,0.9856
2017-12-19,111.1255,106.5099,1.1822,112.98,1.3356,1.29,8.4195,0.9857
2017-12-20,110.8361,106.1622,1.1881,113.29,1.3408,1.2846,8.3783,0.9859
2017-12-21,110.8786,105.9495,1.1872,113.42,1.3372,1.2717,8.3935,0.989
2017-12-22,111.0997,106.1097,1.1839,113.3,1.3379,1.2748,8.358,0.9898
2017-12-25,,,,,,,,
2017-12-26,110.9758,105.8513,1.1867,113.2,1.3369,1.2685,8.3451,0.9891
2017-12-27,110.8553,105.5777,1.1902,113.28,1.3403,1.2645,8.2684,0.987
2017-12-28,110.5154,105.108,1.1952,112.85,1.345,1.2586,8.2438,0.9774
2017-12-29,110.0783,104.5852,1.2022,112.69,1.3529,1.2517,8.1732,0.9738
2018-01-01,,,,,,,,
2018-01-02,109.6445,104.3338,1.205,112.18,1.3596,1.2507,8.1724,0.9718
2018-01-03,109.6751,104.5579,1.203,112.28,1.3522,1.2534,8.1708,0.9762
2018-01-04,109.4777,104.4441,1.2064,112.78,1.3539,1.2522,8.137,0.9753
2018-01-05,109.3496,104.2627,1.2039,113.18,1.3562,1.2396,8.1331,0.9752
2018-01-08,109.5681,104.5598,1.1973,113.08,1.3566,1.2424,8.1986,0.9762
2018-01-09,109.9025,104.8436,1.1922,112.57,1.3518,1.2457,8.2413,0.9832
2018-01-10,109.628,104.6152,1.1958,111.48,1.3513,1.2485,8.1973,0.978
2018-01-11,109.4888,104.3619,1.2035,111.35,1.3543,1.2526,8.1325,0.9748
2018-01-12,108.901,103.857,1.213,111.23,1.3689,1.2517,8.0933,0.9713
2018-01-15,,,,,,,,
2018-01-16,108.3218,103.0424,1.2244,110.74,1.3774,1.2422,8.0402,0.9618
2018-01-17,108.1526,103.0953,1.2229,110.81,1.3824,1.2443,8.0309,0.9616
2018-01-18,108.0655,102.9945,1.2238,110.88,1.3889,1.2442,8.0151,0.9586
2018-01-19,107.9455,103.0293,1.2238,110.56,1.3857,1.2456,8.0348,0.9612
2018-01-22,108.107,103.0771,1.223,111.15,1.3944,1.246,8.0412,0.9636
2018-01-23,107.9979,102.7933,1.2277,110.46,1.3968,1.2455,8.0289,0.9598
2018-01-24,107.0802,101.7352,1.239,109.15,1.4198,1.2357,7.9408,0.9452
2018-01-25,106.5052,101.1461,1.2488,108.7,1.4264,1.2315,7.8549,0.9357
2018-01-26,106.6911,101.384,1.2422,108.38,1.4179,1.232,7.8723,0.9342
2018-01-29,107.1142,101.8829,1.2352,109.12,1.4042,1.2339,7.9063,0.938
2018-01-30,107.1064,101.6591,1.239,108.9,1.4124,1.234,7.8925,0.9355
2018-01-31,106.7696,101.4072,1.2428,109.31,1.419,1.2293,7.8736,0.9321
2018-02-01,106.4877,101.1772,1.2482,109.5,1.4247,1.228,7.8588,0.9288
2018-02-02,107.1151,101.8139,1.2446,110.4,1.4126,1.2393,7.9092,0.932
2018-02-05,107.33,102.1846,1.2418,110.09,1.4022,1.2483,7.9258,0.9366
2018-02-06,107.5204,102.3978,1.2381,109.18,1.3951,1.2537,7.954,0.9368
2018-02-07,107.7175,102.907,1.2281,109.53,1.3881,1.2545,8.0396,0.9438
2018-02-08,108.3025,103.0886,1.2238,109.0,1.3915,1.2603,8.1225,0.9386
2018-02-09,108.2582,103.1451,1.2226,108.44,1.3794,1.2599,8.1069,0.9393
2018-02-12,108.0332,103.0386,1.2267,108.72,1.382,1.2612,8.0868,0.9392
2018-02-13,107.7574,102.4512,1.2363,107.59,1.3892,1.26,8.0257,0.9335
2018-02-14,107.4691,102.1218,1.2396,107.0,1.3955,1.2564,8.0051,0.9319
2018-02-15,106.9867,101.5053,1.2482,106.36,1.4061,1.2517,7.9596,0.9232
2018-02-16,107.0359,101.6472,1.2442,106.1,1.4055,1.2532,7.944,0.9258
2018-02-19,,,,,,,,
2018-02-20,107.6249,102.4054,1.2348,107.23,1.4021,1.2624,8.0775,0.9354
2018-02-21,107.8679,102.7869,1.2314,107.64,1.3946,1.2678,8.0766,0.9375
2018-02-22,107.8668,102.7127,1.2326,106.96,1.3939,1.2705,8.1228,0.9345
2018-02-23,107.6804,102.6493,1.2298,106.64,1.3979,1.2659,8.1611,0.9356
2018-02-26,107.7347,102.8017,1.2296,106.96,1.3952,1.2691,8.1609,0.9388
2018-02-27,108.1731,103.2466,1.2239,107.47,1.3906,1.2748,8.2235,0.9398
2018-02-28,108.3903,103.4823,1.2211,106.62,1.3794,1.2806,8.2694,0.943
2018-03-01,108.5358,103.6422,1.2216,106.91,1.3755,1.284,8.2603,0.9461
2018-03-02,,,1.2314,105.65,1.3769,1.2882,8.259,0.9378
2018-03-05,108.3614,103.3424,1.233,105.97,1.3856,1.2982,8.2558,0.9397
2018-03-06,107.7969,102.8128,1.2415,106.03,1.3886,1.2892,8.209,0.9385
2018-03-07,108.0911,103.1203,1.2397,105.94,1.3888,1.2993,8.2539,0.9426
2018-03-08,108.2671,103.3847,1.2314,106.08,1.3824,1.2936,8.2705,0.9499
2018-03-09,107.923,103.1104,1.2326,106.74,1.3863,1.2822,8.2307,0.9493
2018-03-12,107.9438,103.1032,1.2318,106.52,1.3898,1.2835,8.2461,0.9489
2018-03-13,107.7384,102.9405,1.2398,106.64,1.3987,1.2925,8.2013,0.9437
2018-03-14,107.8623,103.0936,1.2362,106.17,1.3946,1.2946,8.1973,0.9461
2018-03-15,108.2032,103.4905,1.2321,106.07,1.3951,1.3053,8.1808,0.9502
2018-03-16,108.4332,103.8013,1.228,106.1,1.3919,1.3096,8.196,0.9532
2018-03-19,108.3145,103.4916,1.2329,105.83,1.4032,1.3089,8.1707,0.9509
2018-03-20,108.4953,103.7925,1.2271,106.42,1.4013,1.3083,8.2043,0.9549
2018-03-21,,,1.2268,106.3,1.4064,1.2957,8.223,0.954
2018-03-22,107.9935,103.0931,1.231,105.34,1.4098,1.293,8.2448,0.9491
2018-03-23,107.7495,102.6666,1.236,104.83,1.4151,1.287,8.2472,0.9465
2018-03-26,107.1819,102.3296,1.244,105.0,1.4236,1.2866,8.1941,0.9442
2018-03-27,107.3359,102.5462,1.241,105.72,1.4161,1.2841,8.2118,0.9474
2018-03-28,107.5733,103.0153,1.2351,106.3,1.411,1.2886,8.3133,0.9538
2018-03-29,107.665,103.3102,1.2297,106.27,1.4029,1.2901,8.3619,0.956
2018-03-30,107.4784,103.1825,1.232,106.2,1.4027,1.2891,8.3619,0.9532
2018-04-02,107.7033,103.348,1.2288,105.99,1.4032,1.2918,8.39,0.9558
2018-04-03,107.5624,103.2163,1.2261,106.45,1.4068,1.28,8.3973,0.959
2018-04-04,107.6361,103.1172,1.2292,106.56,1.4076,1.2801,8.4029,0.9595
2018-04-05,107.7281,103.4821,1.223,107.48,1.3991,1.2777,8.4306,0.9633
2018-04-06,107.7886,103.149,1.2274,107.03,1.4088,1.2763,8.3906,0.9602
2018-04-09,107.5316,102.7934,1.232,107.06,1.4136,1.27,8.3617,0.9574
2018-04-10,107.3659,102.5133,1.2338,107.3,1.4161,1.2609,8.3157,0.9574
2018-04-11,107.1224,102.214,1.2384,106.78,1.4194,1.2581,8.3274,0.9578
2018-04-12,107.2905,102.4925,1.232,107.3,1.4244,1.2583,8.4237,0.9625
2018-04-13,107.2368,102.5537,1.2322,107.52,1.4255,1.2604,8.446,0.9631
2018-04-16,107.0595,102.2157,1.2373,107.26,1.4332,1.258,8.4279,0.9596
2018-04-17,107.0344,102.2797,1.2345,107.09,1.4301,1.2548,8.4183,0.9666
2018-04-18,107.1096,102.4366,1.238,107.26,1.4227,1.2636,8.3922,0.967
2018-04-19,107.5197,102.6701,1.2336,107.42,1.4193,1.2638,8.407,0.9714
2018-04-20,108.1787,103.2802,1.2282,107.6,1.4033,1.274,8.4453,0.9744
2018-04-23,108.9332,103.9729,1.2216,108.62,1.3953,1.2845,8.501,0.9776
2018-04-24,108.7906,103.9466,1.2226,109.03,1.3975,1.2823,8.5138,0.9804
2018-04-25,109.3447,104.3144,1.2178,109.33,1.3941,1.2871,8.5597,0.9828
2018-04-26,109.3646,104.5744,1.2113,109.3,1.3927,1.2867,8.6604,0.988
2018-04-27,109.1735,104.6791,1.2108,109.12,1.3785,1.2862,8.6769,0.9884
2018-04-30,109.3363,104.7796,1.2074,109.28,1.3751,1.2818,8.763,0.9911
2018-05-01,109.7445,105.3829,1.2,109.69,1.3611,1.2873,8.8386,0.9954
2018-05-02,110.1625,105.4762,1.1968,109.89,1.361,1.2848,8.8974,0.9975
2018-05-03,110.1803,105.4592,1.197,109.06,1.3569,1.2878,8.8417,0.9978
2018-05-04,110.25,105.5173,1.1946,109.16,1.3535,1.2848,8.8033,1.0005
2018-05-07,110.5721,105.5727,1.1927,109.14,1.3567,1.285,8.8184,1.0023
2018-05-08,111.063,106.131,1.1863,109.16,1.3521,1.2967,8.8136,1.0016
2018-05-09,110.8818,105.9287,1.1852,109.68,1.3567,1.2852,8.7044,1.0042
2018-05-10,110.405,105.6453,1.1896,109.53,1.3487,1.2787,8.6631,1.0036
2018-05-11,110.2847,105.3103,1.1951,109.26,1.3549,1.2781,8.5912,0.9996
2018-05-14,110.408,105.1574,1.1976,109.52,1.3595,1.2761,8.6003,0.9976
2018-05-15,111.2292,106.0032,1.1864,110.25,1.3512,1.2868,8.6668,0.9998
2018-05-16,111.3068,106.1966,1.1788,110.22,1.3478,1.2828,8.6664,1.0004
2018-05-17,111.3547,106.1878,1.1798,110.76,1.3507,1.2815,8.7446,1.0014
2018-05-18,111.7171,106.4403,1.1775,110.71,1.3476,1.2892,8.7504,0.997
2018-05-21,111.6394,106.4073,1.1768,111.08,1.3418,1.2835,8.7015,0.9978
2018-05-22,111.1945,106.1288,1.1783,110.94,1.3445,1.2775,8.6708,0.9924
2018-05-23,111.6933,106.7285,1.1693,110.05,1.3341,1.2882,8.7691,0.9952
2018-05-24,111.4885,106.4895,1.1729,109.3,1.3384,1.2907,8.7539,0.9916
2018-05-25,111.5843,106.9241,1.1666,109.35,1.3321,1.2972,8.7432,0.9912
2018-05-28,,,,,,,,
2018-05-29,112.2127,107.4822,1.1551,108.62,1.3258,1.3027,8.9564,0.9924
2018-05-30,111.6731,106.6065,1.1664,109.04,1.3296,1.2842,8.8025,0.989
2018-05-31,111.9894,106.8224,1.167,108.73,1.3289,1.297,8.8233,0.9844
2018-06-01,111.8265,106.789,1.1679,109.49,1.3358,1.2948,8.8205,0.9867
2018-06-04,111.8247,106.6969,1.1696,109.66,1.3314,1.2922,8.753,0.9884
2018-06-05,112.264,106.94,1.1672,109.63,1.336,1.3008,8.7774,0.986
2018-06-06,111.7525,106.2747,1.1778,110.0,1.3429,1.2907,8.7279,0.9844
2018-06-07,112.0725,106.3195,1.1815,109.92,1.3427,1.2988,8.6793,0.9822
2018-06-08,112.1066,106.3934,1.1773,109.45,1.3406,1.2956,8.716,0.986
2018-06-11,112.1106,106.4025,1.1802,109.94,1.3386,1.298,8.6511,0.9848
2018-06-12,112.2138,106.4553,1.1792,110.22,1.3416,1.2987,8.6059,0.9841
2018-06-13,112.2577,106.4909,1.1784,110.41,1.3378,1.2963,8.6179,0.9844
2018-06-14,112.8593,107.4151,1.1634,110.44,1.3333,1.307,8.6839,0.9942
2018-06-15,113.3379,107.812,1.1616,110.58,1.3283,1.3167,8.7822,0.9962
2018-06-18,113.4899,108.0192,1.1606,110.44,1.3247,1.3229,8.8301,0.9952
2018-06-19,113.639,108.2405,1.1577,110.02,1.3172,1.3263,8.9066,0.9951
2018-06-20,113.4784,108.2241,1.1592,110.14,1.3213,1.3291,8.8703,0.9956
2018-06-21,113.6109,108.2022,1.16,110.05,1.3251,1.3319,8.9077,0.9921
2018-06-22,113.3047,108.0384,1.163,109.98,1.3258,1.3318,8.8698,0.9902
2018-06-25,113.286,107.7282,1.1694,109.62,1.3273,1.3313,8.8699,0.9874
2018-06-26,113.3016,107.8323,1.1675,109.92,1.3243,1.3293,8.8558,0.9901
2018-06-27,113.8971,108.3701,1.1588,110.34,1.3139,1.33,8.9352,0.9962
2018-06-28,113.8405,108.3591,1.1582,110.38,1.3095,1.3253,9.0091,0.9979
2018-06-29,113.2586,107.648,1.1677,110.71,1.3197,1.314,8.9511,0.9922
2018-07-02,114.1673,108.1912,1.1604,110.73,1.3133,1.3213,8.9988,0.9946
2018-07-03,113.3222,107.7457,1.1653,110.54,1.3174,1.315,8.8262,0.9922
2018-07-04,,,,,,,,
2018-07-05,112.9759,107.4708,1.1697,110.59,1.3228,1.3121,8.767,0.9924
2018-07-06,112.6428,107.1771,1.1738,110.48,1.3262,1.309,8.7275,0.9901
2018-07-09,112.6425,107.2864,1.1744,110.78,1.3202,1.3111,8.7241,0.992
2018-07-10,112.5794,107.3709,1.1728,111.24,1.3266,1.312,8.7474,0.9926
2018-07-11,112.8582,107.4998,1.1722,111.52,1.3241,1.3127,8.7769,0.9932
2018-07-12,112.779,107.8367,1.1692,112.41,1.3238,1.3158,8.8454,1.0009
2018-07-13,113.0705,107.988,1.1667,112.38,1.3216,1.3168,8.904,1.0028
2018-07-16,112.8437,107.6751,1.171,112.29,1.3236,1.3131,8.8205,0.9974
2018-07-17,113.1504,108.1436,1.1664,112.79,1.3161,1.3198,8.825,0.9992
2018-07-18,113.3348,108.3361,1.1645,112.82,1.305,1.3203,8.8646,0.9994
2018-07-19,113.9463,108.7667,1.1604,112.98,1.2987,1.3271,8.9426,1.0016
2018-07-20,113.3213,107.771,1.1708,111.74,1.3114,1.3155,8.8671,0.9944
2018-07-23,113.4246,107.7418,1.1702,111.36,1.3105,1.315,8.8522,0.9927
2018-07-24,113.2045,107.7945,1.1684,111.27,1.3135,1.3165,8.828,0.9944
2018-07-25,112.9221,107.6339,1.1677,111.02,1.315,1.3104,8.8035,0.9942
2018-07-26,112.9179,107.7227,1.1654,111.2,1.3119,1.308,8.8052,0.9938
2018-07-27,112.8125,107.6118,1.166,110.94,1.3118,1.3057,8.8373,0.994
2018-07-30,112.6044,107.2459,1.1718,110.98,1.314,1.3013,8.7522,0.9885
2018-07-31,112.7299,107.421,1.1706,111.88,1.3125,1.3017,8.7856,0.9895
2018-08-01,112.8899,107.558,1.1666,111.72,1.312,1.3006,8.8033,0.9923
2018-08-02,113.1679,107.8274,1.1612,111.48,1.3035,1.3004,8.8729,0.9943
2018-08-03,113.012,107.7659,1.1597,111.12,1.3021,1.2975,8.9009,0.9926
2018-08-06,113.229,108.0732,1.1564,111.43,1.2947,1.2997,8.9208,0.9963
2018-08-07,112.9759,107.9325,1.1597,111.19,1.2957,1.3017,8.9106,0.9944
2018-08-08,113.1411,108.0818,1.1598,110.96,1.288,1.3061,8.9601,0.9943
2018-08-09,113.3806,108.1579,1.1566,110.9,1.287,1.3046,8.9786,0.9906
2018-08-10,114.3005,109.1135,1.1399,110.66,1.2769,1.3126,9.1367,0.9954
2018-08-13,114.851,109.1623,1.1396,110.65,1.2757,1.3138,9.1325,0.9934
2018-08-14,114.658,109.3227,1.1351,110.92,1.2738,1.3107,9.1308,0.993
2018-08-15,115.1526,109.5397,1.1332,110.62,1.2685,1.3155,9.2228,0.9942
2018-08-16,114.6416,109.291,1.1388,110.89,1.2722,1.3144,9.1874,0.9962
2018-08-17,114.5339,108.992,1.141,110.54,1.2735,1.308,9.1726,0.9948
2018-08-20,114.3504,108.837,1.1438,110.38,1.2765,1.3085,9.1778,0.9943
2018-08-21,113.8604,108.2553,1.1534,110.48,1.286,1.3048,9.1198,0.9876
2018-08-22,113.663,107.8853,1.1595,110.54,1.291,1.3014,9.0668,0.9836
2018-08-23,114.0932,108.2876,1.1567,111.14,1.283,1.3057,9.1208,0.9848
2018-08-24,113.5985,107.936,1.1625,111.22,1.2858,1.3022,9.1138,0.9824
2018-08-27,113.2721,107.5554,1.1676,111.09,1.2891,1.2966,9.0953,0.9802
2018-08-28,113.3444,107.2729,1.172,111.04,1.2886,1.2925,9.1154,0.9752
2018-08-29,113.6461,107.3868,1.1699,111.8,1.3006,1.2941,9.1518,0.9732
2018-08-30,114.0899,107.6195,1.1646,111.17,1.2997,1.2991,9.1388,0.9709
2018-08-31,114.2755,108.0185,1.1596,110.98,1.2964,1.3072,9.1566,0.9698
2018-09-03,,,,,,,,
2018-09-04,114.8584,108.5932,1.1566,111.44,1.2833,1.3182,9.1118,0.9753
2018-09-05,114.7477,108.3204,1.162,111.47,1.2903,1.3191,9.0702,0.9716
2018-09-06,114.6479,108.2261,1.1624,110.87,1.2933,1.3212,9.0697,0.9682
2018-09-07,114.5816,108.3887,1.1572,111.18,1.2934,1.317,9.0813,0.9684
2018-09-10,114.6802,108.185,1.1604,111.09,1.3026,1.3159,9.0357,0.974
2018-09-11,114.7051,108.2382,1.1591,111.54,1.3015,1.3131,9.0354,0.9737
2018-09-12,114.2192,107.7402,1.1626,111.29,1.3029,1.3005,9.0653,0.9704
2018-09-13,113.9268,107.5457,1.1672,111.92,1.3104,1.3005,8.988,0.968
2018-09-14,114.0657,107.7002,1.1656,112.09,1.3084,1.3029,9.0299,0.9665
2018-09-17,113.9158,107.4441,1.1687,111.97,1.3146,1.3017,8.9141,0.962
2018-09-18,113.7739,107.3444,1.1693,112.3,1.3158,1.2977,8.8993,0.962
2018-09-19,113.6532,107.2743,1.1685,112.21,1.3162,1.2939,8.868,0.967
2018-09-20,113.4989,106.9545,1.1744,112.58,1.3237,1.2918,8.7931,0.9624
2018-09-21,113.5099,107.0981,1.1739,112.62,1.3067,1.2912,8.7938,0.9593
2018-09-24,113.5301,106.9947,1.1773,112.62,1.3128,1.2934,8.7953,0.962
2018-09-25,113.7202,107.0495,1.177,112.88,1.3162,1.2944,8.7939,0.9646
2018-09-26,113.6739,107.1412,1.1758,112.92,1.3182,1.2963,8.8082,0.9681
2018-09-27,113.9784,107.826,1.167,113.38,1.3104,1.3036,8.8202,0.9776
2018-09-28,113.8077,107.7857,1.1622,113.48,1.3053,1.2922,8.878,0.9758
2018-10-01,113.8235,107.8427,1.1567,113.96,1.3032,1.2799,8.9488,0.984
2018-10-02,113.8954,107.9308,1.156,113.66,1.2984,1.2815,8.9855,0.9844
2018-10-03,114.1569,108.2023,1.1525,114.19,1.2993,1.2826,9.029,0.9894
2018-10-04,114.6867,108.4225,1.1508,113.79,1.3014,1.2903,9.0479,0.9925
2018-10-05,114.561,108.4569,1.1502,113.56,1.3101,1.2948,9.0857,0.9922
2018-10-08,,,,,,,,
2018-10-09,114.6583,108.4561,1.1482,113.13,1.3139,1.2959,9.115,0.9928
2018-10-10,114.6072,108.1684,1.1541,112.71,1.3206,1.2985,9.0955,0.9908
2018-10-11,114.4074,108.1471,1.1565,112.26,1.3193,1.3037,9.0146,0.992
2018-10-12,114.3691,108.132,1.1559,112.02,1.3154,1.3023,8.9654,0.9916
2018-10-15,114.045,107.7934,1.1594,111.82,1.3168,1.2966,8.9405,0.9868
2018-10-16,113.8963,107.7384,1.1593,112.16,1.321,1.2935,8.886,0.9894
2018-10-17,114.1755,108.1508,1.154,112.21,1.3137,1.2985,8.949,0.9926
2018-10-18,114.8164,108.5701,1.1494,112.11,1.3061,1.3059,9.0182,0.994
2018-10-19,114.8567,108.668,1.1513,112.52,1.3045,1.3101,8.9864,0.9968
2018-10-22,115.1782,108.9622,1.1467,112.78,1.2974,1.3104,8.9967,0.9963
2018-10-23,115.1651,108.8163,1.148,112.12,1.2982,1.3101,9.035,0.9943
2018-10-24,115.3755,109.076,1.1389,112.58,1.2898,1.2994,9.0959,0.9982
2018-10-25,115.4831,109.3731,1.1374,112.54,1.2827,1.3066,9.1089,1.0009
2018-10-26,115.473,109.2718,1.1388,111.65,1.2826,1.31,9.1256,0.998
2018-10-29,115.8936,109.4764,1.139,112.49,1.2807,1.3129,9.1278,1.0006
2018-10-30,116.2357,109.6999,1.1364,112.76,1.2731,1.3133,9.1567,1.0046
2018-10-31,116.5281,109.793,1.1332,112.86,1.2779,1.3129,9.1462,1.0057
2018-11-01,115.8657,109.2527,1.1396,112.79,1.2974,1.3108,9.1462,1.0033
2018-11-02,115.643,109.3541,1.1378,113.09,1.2965,1.3108,9.0777,1.0036
2018-11-05,115.703,109.2465,1.1394,113.22,1.302,1.3098,9.0722,1.0055
2018-11-06,115.5622,109.2074,1.1412,113.38,1.3076,1.3132,9.0716,1.0042
2018-11-07,115.2519,108.8457,1.1459,113.32,1.3144,1.3108,9.0028,0.9998
2018-11-08,115.6478,109.1315,1.1416,113.87,1.3116,1.3115,8.9832,1.0033
2018-11-09,116.4778,109.9093,1.1325,113.77,1.2978,1.323,9.0716,1.0062
2018-11-12,,,,,,,,
2018-11-13,116.6694,110.0303,1.1288,113.97,1.3031,1.3223,9.1207,1.0083
2018-11-14,116.498,109.9429,1.1312,113.7,1.3011,1.3237,9.0863,1.0067
2018-11-15,116.3861,109.9834,1.1324,113.46,1.2749,1.3193,9.0535,1.0058
2018-11-16,115.9258,109.4218,1.1402,112.76,1.2839,1.3174,9.0151,1.0012
2018-11-19,115.9859,109.2134,1.1448,112.54,1.2842,1.3187,9.0025,0.9938
2018-11-20,116.2367,109.6371,1.1391,112.66,1.2809,1.3245,9.0638,0.9944
2018-11-21,116.092,109.768,1.1393,113.06,1.2776,1.3274,9.0278,0.9952
2018-11-22,,,,,,,,
2018-11-23,116.4713,109.8739,1.1332,112.83,1.2804,1.3226,9.0909,0.9976
2018-11-26,116.6208,109.9757,1.1336,113.58,1.2809,1.3237,9.0929,0.9984
2018-11-27,116.9001,110.4904,1.1281,113.84,1.2729,1.3313,9.1149,0.9998
2018-11-28,116.8343,110.4687,1.1286,113.96,1.2766,1.3328,9.1007,0.9994
2018-11-29,116.1961,109.8432,1.1382,113.42,1.2789,1.3278,9.0599,0.9966
2018-11-30,116.413,110.1256,1.1323,113.54,1.2772,1.3282,9.0982,0.9987
2018-12-03,115.9057,109.7799,1.1356,113.54,1.2742,1.319,9.0234,0.9975
2018-12-04,116.0028,109.796,1.1345,112.93,1.2719,1.3202,9.0086,0.9975
2018-12-05,,,,,,,,
2018-12-06,116.3991,110.0924,1.1374,112.46,1.2777,1.3417,9.0037,0.9926
2018-12-07,116.0847,109.8145,1.139,112.6,1.2749,1.3302,9.0318,0.9914
2018-12-10,116.6746,110.3214,1.1368,112.96,1.2558,1.3385,9.0804,0.9896
2018-12-11,116.7564,110.6839,1.1314,113.41,1.2524,1.3408,9.0819,0.9931
2018-12-12,116.2214,110.1766,1.1362,113.28,1.2658,1.3336,9.0916,0.992
2018-12-13,116.3974,110.2945,1.1358,113.66,1.2635,1.3349,9.054,0.9938
2018-12-14,116.79,110.6716,1.13,113.35,1.257,1.3387,9.0758,0.997
2018-12-17,116.4532,110.4173,1.1339,112.96,1.2606,1.339,9.0447,0.9934
2018-12-18,116.4127,110.4107,1.1364,112.54,1.2644,1.3466,9.0711,0.993
2018-12-19,116.0676,110.0367,1.1422,112.15,1.2669,1.3434,9.0572,0.9918
2018-12-20,116.0183,110.119,1.1432,111.34,1.265,1.3515,8.9922,0.9918
2018-12-21,116.2227,110.3164,1.1402,111.14,1.2681,1.357,9.0227,0.9914
2018-12-24,116.2182,110.3164,,,,,,
2018-12-25,,,,,,,,
2018-12-26,116.1162,110.2275,1.1408,110.45,1.2676,1.3576,9.0704,0.9908
2018-12-27,115.9927,110.4788,1.1412,110.78,1.2627,1.365,9.0101,0.9902
2018-12-28,115.7232,110.1253,1.1445,110.34,1.2699,1.3629,8.9595,0.9838
2018-12-31,115.5674,109.956,1.1456,109.7,1.2763,1.3644,8.8654,0.9832
2019-01-01,,,,,,,,
2019-01-02,115.7689,110.392,1.1357,109.22,1.2598,1.3591,8.9931,0.9884
2019-01-03,115.4622,109.8134,1.1399,108.07,1.2633,1.3484,9.0004,0.9889
2019-01-04,114.9821,109.4478,1.141,108.29,1.274,1.3399,8.9488,0.9859
2019-01-07,114.5628,108.9764,1.1468,108.62,1.2757,1.3297,8.9013,0.981
2019-01-08,114.7281,109.1221,1.1444,108.57,1.2724,1.3307,8.9281,0.981
2019-01-09,114.1406,108.4985,1.1524,108.38,1.2764,1.3212,8.8836,0.9767
2019-01-10,114.0496,108.5772,1.1517,108.29,1.2768,1.3232,8.8829,0.9817
2019-01-11,114.0404,108.7263,1.1479,108.34,1.2836,1.3256,8.9305,0.9829
2019-01-14,,,,,,,,
2019-01-15,114.3402,109.2595,1.1392,108.72,1.2761,1.3272,8.9763,0.9885
2019-01-16,114.137,109.0692,1.1408,108.84,1.2862,1.3243,8.9846,0.9899
2019-01-17,114.4115,109.2594,1.1386,109.01,1.294,1.3296,9.027,0.9944
2019-01-18,114.558,109.4199,1.1362,109.79,1.2898,1.3262,9.0187,0.9954
2019-01-21,,,,,,,,
2019-01-22,114.7541,109.5067,1.1359,109.34,1.2955,1.3333,9.0263,0.9972
2019-01-23,114.5759,109.3359,1.139,109.44,1.3074,1.3362,9.0118,0.9946
2019-01-24,114.617,109.6708,1.1322,109.72,1.3027,1.3342,9.0729,0.9965
2019-01-25,114.0197,108.9524,1.1407,109.6,1.3176,1.3259,9.0518,0.993
2019-01-28,114.0522,108.811,1.1438,109.2,1.3158,1.3269,9.0527,0.991
2019-01-29,114.026,108.9193,1.1424,109.36,1.3146,1.3264,9.0726,0.995
2019-01-30,114.0731,108.8859,1.1418,109.57,1.3062,1.3189,9.0908,0.9988
2019-01-31,113.5504,108.4101,1.1454,108.84,1.3135,1.314,9.0465,0.9938
2019-02-01,113.7548,108.37,1.1474,109.55,1.3094,1.3095,9.0384,0.994
2019-02-04,113.8766,108.699,1.1438,109.96,1.3068,1.3127,9.0968,0.9974
2019-02-05,114.0431,108.9605,1.1406,109.99,1.2947,1.3132,9.1098,1.0005
2019-02-06,114.2305,109.2105,1.138,109.75,1.2956,1.3192,9.1721,1.0009
2019-02-07,114.4339,109.5374,1.1357,109.7,1.2966,1.3296,9.238,1.001
2019-02-08,114.5003,109.653,1.1326,109.76,1.2933,1.3277,9.265,1.0
2019-02-11,115.031,110.0737,1.1277,110.4,1.2862,1.3296,9.3008,1.004
2019-02-12,114.7297,109.7946,1.1316,110.5,1.2887,1.3244,9.2598,1.0068
2019-02-13,114.9407,109.914,1.1288,110.86,1.2865,1.3222,9.2425,1.0073
2019-02-14,115.1007,110.1737,1.1284,110.68,1.2793,1.3307,9.3032,1.0064
2019-02-15,114.9923,110.0662,1.1268,110.54,1.2857,1.3272,9.2867,1.0063
2019-02-18,,,,,,,,
2019-02-19,114.57,109.5979,1.1328,110.68,1.3036,1.3248,9.3256,1.0018
2019-02-20,,,,,,,,
2019-02-21,114.5091,109.4453,1.1338,110.72,1.306,1.3192,9.3519,1.001
2019-02-22,114.2716,109.3797,1.1342,110.7,1.3067,1.3188,9.351,0.9998
2019-02-25,114.1457,109.3984,1.1345,111.07,1.3059,1.3183,9.3218,1.0006
2019-02-26,114.0687,109.0453,1.1374,110.76,1.3252,1.3175,9.3018,1.0002
2019-02-27,114.0363,108.9723,1.137,110.92,1.3318,1.3145,9.2671,1.0003
2019-02-28,114.1991,109.073,1.1379,111.38,1.3274,1.3166,9.2341,0.9974
2019-03-01,114.537,109.4583,1.1376,111.89,1.3222,1.3277,9.2607,0.9987
2019-03-04,114.6925,109.7793,1.1328,111.68,1.3186,1.3329,9.3444,0.9994
2019-03-05,114.804,110.0512,1.13,111.98,1.3141,1.3352,9.3244,1.0045
2019-03-06,114.9714,110.1426,1.132,111.66,1.3148,1.3445,9.288,1.0038
2019-03-07,115.4919,110.5943,1.1214,111.6,1.3107,1.342,9.4392,1.0106
2019-03-08,115.3599,110.4926,1.1243,111.11,1.301,1.3426,9.4369,1.0074
2019-03-11,115.2967,110.4932,1.1226,111.21,1.3095,1.3418,9.4168,1.011
2019-03-12,114.939,110.1902,1.1276,111.38,1.3101,1.338,9.3647,1.0078
2019-03-13,114.7372,109.7551,1.131,111.23,1.323,1.3318,9.3031,1.0046
2019-03-14,114.79,109.7998,1.1304,111.71,1.3281,1.3316,9.3143,1.0044
2019-03-15,114.5815,109.7122,1.1326,111.57,1.3278,1.3337,9.2399,1.0026
2019-03-18,114.4375,109.6907,1.1337,111.41,1.3223,1.3342,9.2351,1.0004
2019-03-19,114.2324,109.5037,1.1346,111.38,1.3263,1.3294,9.202,1.0001
2019-03-20,114.1509,109.6081,1.1352,111.41,1.3191,1.3327,9.1839,0.9974
2019-03-21,114.1684,109.6618,1.1361,110.86,1.3073,1.3369,9.1783,0.9924
2019-03-22,114.6856,109.8142,1.1282,109.76,1.3219,1.3406,9.2947,0.994
2019-03-25,114.4171,109.6997,1.1324,110.09,1.3203,1.3418,9.2282,0.9918
2019-03-26,114.6414,109.8528,1.128,110.5,1.3215,1.3389,9.232,0.994
2019-03-27,115.1243,110.1148,1.125,110.38,1.3192,1.3434,9.2772,0.9946
2019-03-28,115.2581,110.2653,1.1236,110.54,1.3088,1.3424,9.2962,0.9952
2019-03-29,115.1371,110.2208,1.1228,110.68,1.3032,1.336,9.2949,0.9962
2019-04-01,114.9362,110.2404,1.121,111.29,1.3144,1.3344,9.2821,0.9988
2019-04-02,115.1173,110.4991,1.1186,111.32,1.3035,1.3357,9.3349,0.9986
2019-04-03,114.7211,110.0235,1.1242,111.48,1.3181,1.3315,9.2636,0.997
2019-04-04,114.9697,110.3536,1.1216,111.55,1.3072,1.3357,9.2768,1.0002
2019-04-05,114.9726,110.5002,1.1217,111.71,1.301,1.3387,9.2875,1.0003
2019-04-08,114.6893,110.0798,1.1262,111.47,1.3048,1.3316,9.2523,0.9994
2019-04-09,114.5321,109.9766,1.1278,111.08,1.3048,1.332,9.2437,0.9999
2019-04-10,114.4269,109.9633,1.1266,110.92,1.31,1.3322,9.2637,1.0019
2019-04-11,114.6303,110.2229,1.1262,111.48,1.3068,1.3379,9.2745,1.0027
2019-04-12,114.3531,109.9746,1.1304,112.0,1.3086,1.3332,9.2636,1.0017
2019-04-15,114.495,110.0569,1.1304,112.0,1.3105,1.3372,9.2573,1.0039
2019-04-16,114.6756,110.1134,1.1293,111.95,1.3049,1.335,9.2445,1.0066
2019-04-17,114.5141,110.1277,1.1297,112.0,1.3036,1.3345,9.245,1.0099
2019-04-18,114.7073,110.4798,1.1241,111.94,1.3003,1.3372,9.3007,1.0154
2019-04-19,114.6977,110.4824,1.1246,111.92,1.3003,1.3386,9.3027,1.0144
2019-04-22,114.7694,110.3945,1.1258,111.94,1.2983,1.3352,9.3024,1.0155
2019-04-23,115.1578,110.8132,1.1213,111.86,1.2943,1.342,9.3665,1.0218
2019-04-24,115.4187,111.0,1.1192,111.81,1.2947,1.3465,9.3982,1.0184
2019-04-25,115.7709,111.3208,1.114,111.59,1.2901,1.3494,9.5287,1.0199
2019-04-26,115.4767,111.1372,1.1154,111.6,1.293,1.3459,9.4979,1.019
2019-04-29,115.5227,111.1013,1.1166,111.8,1.2924,1.3448,9.5242,1.0201
2019-04-30,115.3281,110.7694,1.1201,111.4,1.303,1.3427,9.5041,1.02
2019-05-01,115.0022,110.4463,1.1246,111.18,1.3091,1.3417,9.4968,1.0137
2019-05-02,115.5617,110.9367,1.1184,111.39,1.3032,1.3468,9.5663,1.018
2019-05-03,115.2646,110.7117,1.1186,111.28,1.3139,1.3425,9.5483,1.0178
2019-05-06,115.3811,110.7154,1.1197,110.86,1.3093,1.3446,9.5618,1.0179
2019-05-07,115.6116,110.8428,1.1178,110.34,1.3052,1.3472,9.5996,1.0215
2019-05-08,115.5171,110.6852,1.1206,110.12,1.3014,1.3458,9.5894,1.0181
2019-05-09,115.8421,110.5861,1.1228,109.55,1.3013,1.349,9.6466,1.0133
2019-05-10,115.5334,110.351,1.1241,109.56,1.3036,1.3428,9.6173,1.0109
2019-05-13,115.915,110.4878,1.1232,109.18,1.2961,1.3467,9.6251,1.0064
2019-05-14,115.9425,110.7019,1.1207,109.68,1.2921,1.3466,9.626,1.0088
2019-05-15,115.8565,110.6557,1.1208,109.58,1.2878,1.3432,9.6003,1.009
2019-05-16,116.0346,110.9056,1.1178,109.89,1.2803,1.3433,9.6018,1.0101
2019-05-17,116.448,111.1503,1.1166,109.9,1.2723,1.3477,9.6408,1.0108
2019-05-20,116.3119,111.016,1.117,109.96,1.2718,1.3432,9.6552,1.0082
2019-05-21,116.2844,111.1338,1.1158,110.6,1.2747,1.3425,9.66,1.0104
2019-05-22,116.2412,111.1387,1.1156,110.28,1.2674,1.3417,9.6331,1.009
2019-05-23,116.2368,111.072,1.1172,109.58,1.2666,1.3471,9.624,1.004
2019-05-24,116.0806,110.8479,1.1197,109.38,1.27,1.3454,9.5539,1.0021
2019-05-27,,,,,,,,
2019-05-28,116.3174,111.0489,1.1177,109.49,1.2668,1.3473,9.5673,1.0086
2019-05-29,116.5535,111.3444,1.1136,109.24,1.2631,1.3533,9.5692,1.0066
2019-05-30,116.3989,111.3413,1.114,109.67,1.2619,1.3508,9.5312,1.0074
2019-05-31,116.7273,111.1705,1.1149,108.66,1.262,1.3523,9.513,1.0034
2019-06-03,116.4764,110.7511,1.1206,108.39,1.2621,1.3471,9.4729,0.9994
2019-06-04,116.091,110.4008,1.1236,108.3,1.2675,1.3417,9.4561,0.994
2019-06-05,116.03,110.3078,1.1242,108.2,1.2706,1.3409,9.4394,0.9919
2019-06-06,115.9771,109.9792,1.1294,108.08,1.2713,1.3374,9.4418,0.9886
2019-06-07,115.7368,109.6357,1.1324,108.15,1.274,1.3287,9.4001,0.9877
2019-06-10,115.5001,109.7618,1.1311,108.56,1.2684,1.3259,9.4173,0.9898
2019-06-11,115.3794,109.7936,1.1316,108.52,1.2724,1.3291,9.4424,0.9925
2019-06-12,115.438,109.8679,1.131,108.42,1.2693,1.3298,9.4516,0.9944
2019-06-13,115.6275,110.1126,1.1275,108.44,1.2678,1.333,9.4878,0.9946
2019-06-14,115.9057,110.5736,1.1217,108.44,1.2601,1.3382,9.4858,0.999
2019-06-17,115.9684,110.5826,1.1235,108.56,1.2568,1.3398,9.4705,0.9982
2019-06-18,115.8797,110.7399,1.1196,108.39,1.2547,1.3396,9.5197,0.9994
2019-06-19,115.7889,110.4949,1.1214,108.36,1.2625,1.3362,9.5197,0.996
2019-06-20,114.8046,109.5789,1.1284,107.52,1.27,1.3208,9.4176,0.9821
2019-06-21,114.8377,109.4024,1.1328,107.55,1.2703,1.3217,9.3861,0.9789
2019-06-24,114.6559,108.9819,1.1393,107.36,1.2728,1.3196,9.2946,0.972
2019-06-25,114.6363,108.8826,1.1386,106.92,1.2721,1.3164,9.2585,0.9726
2019-06-26,114.5608,108.8744,1.139,107.64,1.2697,1.3109,9.2506,0.976
2019-06-27,114.665,108.9931,1.1372,107.73,1.2674,1.3115,9.2713,0.9766
2019-06-28,114.5821,108.9106,1.1374,107.84,1.2704,1.3091,9.2869,0.9758
2019-07-01,114.7239,109.4671,1.1307,108.42,1.2644,1.3124,9.3364,0.9864
2019-07-02,114.8258,109.4438,1.1301,107.98,1.2599,1.3117,9.3219,0.986
2019-07-03,114.8135,109.436,1.1275,107.84,1.2568,1.307,9.3155,0.9864
2019-07-04,,,,,,,,
2019-07-05,115.1132,109.9844,1.1216,108.55,1.2506,1.3108,9.4413,0.9923
2019-07-08,115.0254,110.008,1.1208,108.72,1.2503,1.3088,9.4618,0.9938
2019-07-09,115.1017,110.1372,1.121,108.78,1.2463,1.3123,9.4701,0.9928
2019-07-10,115.0879,109.7542,1.126,108.44,1.2507,1.3099,9.4105,0.9892
2019-07-11,114.8361,109.6137,1.1261,108.29,1.2549,1.3071,9.3845,0.9886
2019-07-12,114.7685,109.4978,1.1254,108.0,1.2553,1.3042,9.3763,0.9845
2019-07-15,114.6819,109.4613,1.126,107.89,1.2523,1.3036,9.3568,0.9847
2019-07-16,115.0111,109.8716,1.1212,108.35,1.2408,1.3043,9.3801,0.989
2019-07-17,114.8819,109.7109,1.1232,108.1,1.2438,1.3041,9.3537,0.987
2019-07-18,114.8744,109.7216,1.1228,107.74,1.2494,1.309,9.351,0.9862
2019-07-19,114.8695,109.7118,1.122,107.78,1.25,1.3081,9.3764,0.9823
2019-07-22,115.0018,109.851,1.1214,107.91,1.2475,1.3115,9.4079,0.9815
2019-07-23,115.2995,110.2237,1.1156,108.06,1.2449,1.3138,9.4649,0.9848
2019-07-24,115.2436,110.2386,1.1141,108.08,1.2498,1.3134,9.4284,0.9854
2019-07-25,115.2982,110.3338,1.1156,108.58,1.2471,1.3145,9.439,0.9899
2019-07-26,115.5449,110.7122,1.1121,108.69,1.2387,1.3187,9.4974,0.9933
2019-07-29,115.5885,110.7042,1.1142,108.86,1.2236,1.3151,9.4853,0.9916
2019-07-30,115.6211,110.803,1.1148,108.66,1.2148,1.3169,9.5678,0.9908
2019-07-31,115.4946,110.7279,1.113,108.58,1.222,1.3143,9.5929,0.9902
2019-08-01,116.0499,111.2132,1.1062,108.28,1.2145,1.3202,9.6492,0.9938
2019-08-02,116.1864,110.7909,1.1112,106.64,1.2132,1.3217,9.6397,0.982
2019-08-05,116.5851,110.2353,1.1197,106.02,1.2165,1.3196,9.6109,0.9721
2019-08-06,116.6904,110.4765,1.1196,106.45,1.2149,1.3252,9.588,0.9782
2019-08-07,116.7987,110.3375,1.1236,105.62,1.2158,1.333,9.6311,0.9708
2019-08-08,116.474,110.3133,1.121,106.04,1.2138,1.3241,9.5777,0.9751
2019-08-09,116.4419,110.1631,1.1222,105.3,1.2085,1.3226,9.5384,0.971
2019-08-12,116.7548,110.2548,1.1212,105.38,1.207,1.3232,9.5709,0.9696
2019-08-13,116.7267,110.5227,1.1182,106.6,1.2067,1.3221,9.5513,0.9744
2019-08-14,117.0913,110.8174,1.1144,105.79,1.2068,1.332,9.6326,0.9736
2019-08-15,117.2239,110.973,1.1106,106.12,1.2112,1.3322,9.6393,0.9762
2019-08-16,117.0786,110.9579,1.1091,106.34,1.2152,1.328,9.6643,0.98
2019-08-19,117.3886,111.0405,1.1096,106.5,1.2138,1.3306,9.6668,0.9808
2019-08-20,117.3726,111.07,1.1092,106.35,1.2153,1.3331,9.7057,0.9792
2019-08-21,117.1764,110.9522,1.1098,106.52,1.2142,1.3275,9.6202,0.9816
2019-08-22,117.3558,110.9458,1.1089,106.44,1.225,1.3295,9.6641,0.9834
2019-08-23,117.3009,110.5476,1.1148,105.3,1.2261,1.3319,9.6278,0.9748
2019-08-26,117.6658,110.7434,1.1112,106.0,1.2232,1.3282,9.6712,0.9782
2019-08-27,117.75,110.7475,1.1094,105.8,1.2288,1.3274,9.6623,0.9815
2019-08-28,117.8767,110.898,1.1084,105.86,1.2248,1.3299,9.719,0.9807
2019-08-29,118.0625,111.1752,1.1059,106.5,1.2197,1.3299,9.7695,0.9853
2019-08-30,118.1575,111.4829,1.0989,106.3,1.2166,1.329,9.8277,0.9899
2019-09-02,,,,,,,,
2019-09-03,118.3113,111.6579,1.0968,105.88,1.2086,1.3332,9.8378,0.9872
2019-09-04,117.6729,111.124,1.1025,106.28,1.219,1.3248,9.7519,0.9817
2019-09-05,117.4776,111.0066,1.1038,106.96,1.2337,1.3238,9.6796,0.9868
2019-09-06,117.1292,110.8289,1.1042,106.8,1.2299,1.317,9.6179,0.9866
2019-09-09,117.0601,110.7059,1.1056,107.14,1.2368,1.314,9.6489,0.991
2019-09-10,117.0887,110.81,1.1042,107.34,1.2355,1.3141,9.6885,0.9908
2019-09-11,117.3125,111.2033,1.1001,107.73,1.2329,1.3199,9.6871,0.9933
2019-09-12,116.8375,110.8939,1.1074,107.97,1.2357,1.3209,9.6312,0.9891
2019-09-13,116.7677,110.9383,1.1074,108.12,1.2462,1.3268,9.6095,0.9898
2019-09-16,117.0251,111.1959,1.1006,107.94,1.2423,1.324,9.6649,0.9919
2019-09-17,116.9826,110.9479,1.1063,108.12,1.2493,1.3249,9.6711,0.9925
2019-09-18,116.9766,111.0778,1.1061,108.17,1.2478,1.3283,9.6955,0.995
2019-09-19,117.0861,111.0665,1.1046,108.0,1.2481,1.3258,9.7018,0.9927
2019-09-20,117.1819,111.2625,1.1004,107.95,1.2489,1.3268,9.7313,0.993
2019-09-23,117.2986,111.2937,1.0991,107.47,1.2428,1.3271,9.7217,0.9894
2019-09-24,117.2227,111.1282,1.0999,107.32,1.2475,1.3253,9.6905,0.9872
2019-09-25,117.6527,111.6114,1.0949,107.78,1.2363,1.3279,9.7538,0.9909
2019-09-26,117.7267,111.6545,1.0938,107.67,1.2343,1.3271,9.757,0.9928
2019-09-27,117.7218,111.6664,1.0942,108.05,1.2312,1.325,9.8006,0.9919
2019-09-30,117.9461,111.8675,1.0905,108.11,1.2305,1.3243,9.8307,0.9978
2019-10-01,117.9595,111.7458,1.0932,107.7,1.2242,1.3235,9.8791,0.9936
2019-10-02,117.9671,111.7347,1.0951,107.21,1.2313,1.3313,9.8791,0.9975
2019-10-03,117.6608,111.4277,1.0991,106.76,1.239,1.3323,9.8375,0.9974
2019-10-04,117.5288,111.6022,1.0974,106.91,1.2309,1.3332,9.8512,0.9958
2019-10-07,117.5533,111.5172,1.0984,107.06,1.2322,1.3305,9.8999,0.9947
2019-10-08,117.7407,111.8442,1.0949,107.06,1.2206,1.3332,9.9471,0.994
2019-10-09,117.6835,111.7599,1.0978,107.43,1.2215,1.3327,9.9576,0.995
2019-10-10,117.2801,111.3461,1.1018,107.91,1.2382,1.3274,9.8406,0.9954
2019-10-11,116.8239,110.8355,1.1039,108.52,1.2683,1.3181,9.8406,0.9967
2019-10-14,,,,,,,,
2019-10-15,116.8111,110.9016,1.1036,108.83,1.2737,1.3199,9.7916,0.9982
2019-10-16,116.6425,110.586,1.1075,108.71,1.2854,1.3191,9.7807,0.9959
2019-10-17,116.2615,110.1251,1.1129,108.51,1.2853,1.3136,9.7088,0.987
2019-10-18,116.1344,109.9377,1.1155,108.44,1.2904,1.3134,9.6665,0.9856
2019-10-21,116.0436,109.8372,1.1145,108.57,1.2983,1.31,9.629,0.9865
2019-10-22,115.9851,109.8819,1.1138,108.56,1.2948,1.3086,9.6328,0.9889
2019-10-23,116.0586,110.0575,1.1118,108.64,1.2886,1.3089,9.6592,0.9907
2019-10-24,116.1278,110.203,1.1098,108.62,1.281,1.3078,9.6481,0.9923
2019-10-25,116.0774,110.2485,1.1081,108.75,1.2833,1.3064,9.6901,0.9945
2019-10-28,116.0222,110.2103,1.1094,109.02,1.286,1.3063,9.7045,0.996
2019-10-29,115.9797,110.0623,1.1117,108.83,1.2905,1.3078,9.7176,0.9936
2019-10-30,116.1636,110.2763,1.1123,108.88,1.2872,1.3179,9.6903,0.9909
2019-10-31,115.9125,109.8674,1.1155,108.09,1.2939,1.3144,9.6334,0.9868
2019-11-01,115.7312,109.7845,1.1169,108.16,1.295,1.3145,9.5639,0.9855
2019-11-04,115.8624,109.9978,1.1144,108.56,1.2906,1.3145,9.603,0.9871
2019-11-05,116.1138,110.5192,1.107,109.13,1.287,1.3176,9.6698,0.9932
2019-11-06,116.1004,110.474,1.1076,108.86,1.2872,1.3187,9.6179,0.992
2019-11-07,116.1172,110.7061,1.1045,109.42,1.2829,1.3177,9.6369,0.9954
2019-11-08,116.3436,110.942,1.1019,109.14,1.279,1.3218,9.7095,0.9971
2019-11-11,,,,,,,,
2019-11-12,116.5837,110.8802,1.1017,109.09,1.2855,1.3227,9.71,0.9929
2019-11-13,116.8397,110.9264,1.1004,108.83,1.284,1.3239,9.7303,0.9892
2019-11-14,116.8022,110.8134,1.1016,108.33,1.2879,1.3251,9.6964,0.9878
2019-11-15,116.4401,110.6767,1.1046,108.8,1.2901,1.3228,9.6467,0.9903
2019-11-18,116.3625,110.396,1.1079,108.61,1.2965,1.321,9.6139,0.9879
2019-11-19,116.5391,110.5181,1.1075,108.59,1.2926,1.3233,9.6399,0.9912
2019-11-20,116.828,110.7887,1.1063,108.67,1.2918,1.3317,9.6334,0.9921
2019-11-21,116.7435,110.6698,1.1067,108.53,1.2915,1.3277,9.6344,0.992
2019-11-22,116.9137,110.9897,1.1029,108.67,1.2829,1.3293,9.6235,0.9967
2019-11-25,117.0098,111.1045,1.1009,108.95,1.2885,1.3312,9.6468,0.9964
2019-11-26,117.0513,111.0804,1.1012,109.11,1.285,1.3285,9.5976,0.9978
2019-11-27,117.1273,111.1368,1.1002,109.38,1.2881,1.3284,9.5794,0.9996
2019-11-28,,,,,,,,
2019-11-29,117.1204,111.0508,1.1019,109.47,1.2939,1.3291,9.57,1.0001
2019-12-02,116.9647,110.7128,1.1075,109.09,1.2936,1.3298,9.5384,0.992
2019-12-03,116.8898,110.4754,1.1089,108.53,1.3002,1.3298,9.5254,0.9862
2019-12-04,116.692,110.3098,1.1076,108.87,1.3095,1.3212,9.5217,0.9893
2019-12-05,116.3838,110.0222,1.1104,108.69,1.3165,1.3177,9.4811,0.9872
2019-12-06,116.5381,110.4588,1.1052,108.66,1.3127,1.3255,9.4929,0.9909
2019-12-09,116.3283,110.2898,1.1067,108.59,1.3157,1.3228,9.5292,0.9879
2019-12-10,116.2542,110.1901,1.109,108.73,1.3178,1.3231,9.4971,0.9852
2019-12-11,116.1478,110.0846,1.1092,108.67,1.3176,1.3202,9.4401,0.9856
2019-12-12,115.8741,110.0404,1.1115,109.16,1.3133,1.3185,9.406,0.986
2019-12-13,115.6967,109.8305,1.1128,109.28,1.3349,1.3196,9.4002,0.9838
2019-12-16,115.555,109.7546,1.1139,109.64,1.333,1.3158,9.3699,0.9839
2019-12-17,115.5553,109.8905,1.1148,109.52,1.3116,1.3155,9.3754,0.9811
2019-12-18,115.6618,109.9952,1.1113,109.58,1.3078,1.3117,9.4203,0.9819
2019-12-19,115.5988,109.9011,1.1128,109.23,1.3034,1.3122,9.4211,0.9777
2019-12-20,115.7598,110.2641,1.1076,109.45,1.3036,1.317,9.4111,0.9824
2019-12-23,115.8059,110.2923,1.1091,109.39,1.2917,1.3167,9.4295,0.982
2019-12-24,,,1.1084,109.38,1.2955,1.316,9.4133,0.9807
2019-12-25,,,,,,,,
2019-12-26,115.634,110.0853,1.1102,109.67,1.3007,1.3124,9.4108,0.9808
2019-12-27,115.22,109.5154,1.1174,109.47,1.309,1.3073,9.3405,0.9741
2019-12-30,114.9631,109.1335,1.1217,108.85,1.314,1.3058,9.3145,0.9677
2019-12-31,114.669,108.7344,1.1227,108.67,1.3269,1.2962,9.3425,0.9677
2020-01-01,,,,,,,,
2020-01-02,114.9745,109.2011,1.1166,108.43,1.3128,1.2998,9.3689,0.9721
2020-01-03,114.9867,109.112,1.1173,107.94,1.3091,1.2985,9.3844,0.9703
2020-01-06,114.9557,109.0063,1.1187,108.36,1.3163,1.2964,9.4132,0.9688
2020-01-07,115.1477,109.4242,1.1138,108.53,1.3127,1.3016,9.4504,0.9716
2020-01-08,115.1328,109.609,1.1117,109.03,1.311,1.3026,9.4514,0.9725
2020-01-09,115.2331,109.8949,1.1106,109.47,1.3069,1.309,9.4877,0.9724
2020-01-10,115.0677,109.7531,1.1119,109.5,1.306,1.3051,9.5037,0.9729
2020-01-13,115.0342,109.7651,1.1138,109.93,1.2983,1.3049,9.4679,0.9705
2020-01-14,115.0239,109.7762,1.113,110.05,1.3018,1.3056,9.4548,0.9677
2020-01-15,114.9528,109.5604,1.116,109.94,1.303,1.304,9.4441,0.9634
2020-01-16,115.0006,109.6924,1.1131,110.16,1.3076,1.3042,9.4876,0.965
2020-01-17,115.0656,109.9927,1.1093,110.16,1.3029,1.3074,9.5141,0.9683
2020-01-20,,,,,,,,
2020-01-21,115.1876,109.9345,1.1096,109.95,1.3047,1.3068,9.5099,0.9681
2020-01-22,115.2273,110.0687,1.1085,109.93,1.3136,1.3135,9.5151,0.9696
2020-01-23,115.5545,110.234,1.1041,109.39,1.3104,1.3144,9.5506,0.9698
2020-01-24,115.5556,110.3347,1.1026,109.31,1.3071,1.3146,9.565,0.9712
2020-01-27,115.8004,110.4237,1.1019,108.95,1.3054,1.3176,9.6207,0.9695
2020-01-28,115.7239,110.5764,1.1008,109.17,1.2996,1.3174,9.6213,0.9738
2020-01-29,115.7003,110.6475,1.1004,109.15,1.3012,1.3201,9.6224,0.9747
2020-01-30,115.8077,110.4091,1.1032,108.75,1.3106,1.3216,9.6387,0.9692
2020-01-31,115.7345,110.0797,1.1082,108.5,1.3195,1.322,9.6353,0.9645
2020-02-03,116.1172,110.5145,1.1062,108.59,1.3006,1.3295,9.6541,0.9655
2020-02-04,115.9291,110.6107,1.1043,109.41,1.3029,1.3266,9.5939,0.9693
2020-02-05,116.009,110.9096,1.1006,109.74,1.3,1.3294,9.5951,0.9729
2020-02-06,116.1518,111.1158,1.0979,109.89,1.2935,1.3292,9.6282,0.975
2020-02-07,116.5086,111.3253,1.095,109.81,1.2908,1.3304,9.6493,0.9777
2020-02-10,116.5711,111.4978,1.0916,109.77,1.2919,1.3323,9.6648,0.9778
2020-02-11,116.3585,111.3842,1.0917,109.78,1.2945,1.3299,9.6335,0.9761
2020-02-12,116.2794,111.3448,1.0893,110.0,1.2978,1.3243,9.6235,0.9767
2020-02-13,116.3999,111.5015,1.0848,109.81,1.3051,1.3255,9.6758,0.9788
2020-02-14,116.4223,111.5687,1.0839,109.77,1.3039,1.3251,9.7176,0.9818
2020-02-17,,,,,,,,
2020-02-18,116.6039,111.7186,1.0815,109.8,1.3017,1.3256,9.7715,0.9814
2020-02-19,116.7829,112.0278,1.0794,111.17,1.2934,1.3232,9.8041,0.9839
2020-02-20,117.2454,112.2317,1.0797,111.86,1.2877,1.3259,9.8168,0.9831
2020-02-21,117.0473,111.7445,1.0855,111.74,1.2966,1.3217,9.7269,0.9781
2020-02-24,117.4018,111.7801,1.0857,110.56,1.2923,1.3282,9.7277,0.9776
2020-02-25,117.2425,111.6275,1.0868,110.23,1.3004,1.3285,9.7283,0.9765
2020-02-26,117.405,111.7319,1.0887,110.36,1.2921,1.3321,9.7263,0.9759
2020-02-27,117.3678,111.3993,1.0977,110.15,1.2876,1.3356,9.6568,0.9718
2020-02-28,117.6568,111.263,1.1001,108.12,1.2778,1.3411,9.6802,0.9671
2020-03-02,116.8144,110.2998,1.1164,108.02,1.2791,1.3334,9.4936,0.9577
2020-03-03,116.4958,110.1095,1.1175,107.28,1.2827,1.3352,9.4301,0.9563
2020-03-04,116.7802,110.4544,1.113,107.34,1.2836,1.3425,9.5,0.9554
2020-03-05,116.7901,109.8763,1.1202,106.56,1.2939,1.3403,9.4508,0.9487
2020-03-06,116.7106,109.1116,1.1319,105.31,1.301,1.342,9.3651,0.9365
2020-03-09,117.1871,108.4606,1.142,102.52,1.31,1.3527,9.4147,0.9296
2020-03-10,117.9027,109.7061,1.1342,103.71,1.2933,1.3775,9.5002,0.933
2020-03-11,118.2505,110.0945,1.128,104.81,1.2887,1.3748,9.4951,0.9381
2020-03-12,120.4883,111.8499,1.1081,105.67,1.2541,1.3869,9.8319,0.954
2020-03-13,120.4388,112.5426,1.1066,107.15,1.2406,1.3991,9.8113,0.9541
2020-03-16,120.9352,112.0912,1.1139,105.64,1.2278,1.3974,9.8405,0.9467
2020-03-17,122.4816,113.9552,1.0971,107.41,1.2017,1.4188,9.9453,0.9647
2020-03-18,124.1623,115.8414,1.0833,108.45,1.176,1.4529,10.2426,0.9727
2020-03-19,125.0587,116.6907,1.0699,110.08,1.1662,1.4463,10.3827,0.9847
2020-03-20,124.9362,116.6441,1.0682,111.3,1.1743,1.4363,10.3349,0.9866
2020-03-23,126.1262,116.9532,1.076,111.36,1.1492,1.4539,10.3085,0.9824
2020-03-24,125.5001,116.2693,1.0794,111.44,1.1784,1.448,10.1627,0.9813
2020-03-25,124.7916,115.7579,1.0835,111.43,1.1763,1.4333,10.1783,0.9781
2020-03-26,122.4308,113.5262,1.1025,109.45,1.214,1.4045,9.9501,0.9645
2020-03-27,122.4007,112.9716,1.1059,108.16,1.236,1.4075,9.9481,0.9558
2020-03-30,123.2883,113.3423,1.1018,108.06,1.2392,1.4169,10.0596,0.9606
2020-03-31,122.5301,113.1279,1.1016,107.53,1.2454,1.4123,9.9145,0.9627
2020-04-01,123.7933,113.7463,1.0934,107.05,1.2394,1.4222,10.0468,0.9675
2020-04-02,123.5916,114.0077,1.0862,107.85,1.238,1.411,10.1075,0.9727
2020-04-03,124.4152,114.6378,1.0797,108.53,1.2228,1.4132,10.1865,0.9777
2020-04-06,124.16,114.5193,1.0808,109.11,1.2298,1.4125,10.1237,0.9768
2020-04-07,123.0956,113.6892,1.0886,108.97,1.2343,1.3971,10.0318,0.9707
2020-04-08,123.2216,113.7825,1.0864,108.7,1.2394,1.4015,10.057,0.971
2020-04-09,122.476,113.2294,1.0931,108.38,1.2458,1.398,9.9551,0.966
2020-04-10,122.1592,113.0607,1.0951,108.39,1.2485,1.3967,9.9204,0.9648
2020-04-13,122.5203,113.1013,1.0906,107.59,1.2518,1.3953,9.9931,0.9674
2020-04-14,122.1121,112.4901,1.0971,107.08,1.2617,1.3903,9.9606,0.9606
2020-04-15,123.0752,113.3974,1.0909,107.42,1.2523,1.4105,10.0391,0.9647
2020-04-16,123.4615,113.9394,1.084,107.72,1.2433,1.4141,10.0384,0.9695
2020-04-17,122.871,113.3593,1.0883,107.52,1.2503,1.4026,9.9801,0.9662
2020-04-20,123.1033,113.5362,1.0874,107.69,1.2467,1.4067,10.0102,0.967
2020-04-21,123.9116,114.1737,1.0854,107.69,1.2266,1.4199,10.105,0.9691
2020-04-22,123.9256,114.0843,1.0829,107.81,1.2332,1.4132,10.0949,0.9711
2020-04-23,123.7542,113.8416,1.0815,107.65,1.2369,1.4028,10.0467,0.9731
2020-04-24,124.1615,114.0933,1.0798,107.44,1.2335,1.4098,10.0732,0.975
2020-04-27,123.8843,113.6934,1.0829,107.22,1.2421,1.4042,10.0473,0.9756
2020-04-28,123.3693,113.4398,1.0836,106.83,1.2438,1.3992,9.8868,0.9743
2020-04-29,122.7782,113.2211,1.0853,106.67,1.2429,1.3936,9.8824,0.9748
2020-04-30,122.327,112.633,1.0934,106.94,1.2602,1.3911,9.7751,0.9669
2020-05-01,123.1492,112.8358,1.0998,106.76,1.2509,1.4102,9.8316,0.9599
2020-05-04,123.2117,113.3007,1.0911,106.82,1.243,1.4088,9.8856,0.9647
2020-05-05,122.803,113.4208,1.0844,106.52,1.2449,1.4025,9.8296,0.9721
2020-05-06,123.609,113.9139,1.0806,106.07,1.2347,1.4143,9.8486,0.9745
2020-05-07,123.1249,113.4997,1.0815,106.36,1.2349,1.3972,9.8128,0.9746
2020-05-08,122.5379,113.0737,1.0854,106.5,1.2436,1.391,9.759,0.9699
2020-05-11,123.2333,113.7918,1.0818,107.7,1.233,1.4024,9.8649,0.9722
2020-05-12,123.0592,113.4783,1.0864,107.33,1.2299,1.4009,9.7394,0.968
2020-05-13,123.5408,113.8295,1.0837,106.92,1.2225,1.4089,9.7939,0.9704
2020-05-14,123.6429,114.0768,1.08,107.09,1.2194,1.4086,9.8438,0.9727
2020-05-15,123.5991,114.1108,1.0816,107.27,1.2129,1.409,9.866,0.9726
2020-05-18,122.7968,113.3009,1.0904,107.25,1.2211,1.3966,9.7192,0.9699
2020-05-19,122.5655,113.0031,1.0937,107.89,1.2255,1.3879,9.6594,0.9725
2020-05-20,122.1007,112.7499,1.098,107.46,1.2257,1.3911,9.5831,0.9649
2020-05-21,122.0914,113.0627,1.0953,107.69,1.2227,1.3946,9.6318,0.9703
2020-05-22,122.3211,113.5312,1.0894,107.5,1.2178,1.4021,9.6838,0.9722
2020-05-25,,,,,,,,
2020-05-26,121.3864,112.5489,1.097,107.64,1.2337,1.3821,9.6426,0.9668
2020-05-27,121.5677,112.6434,1.0969,107.79,1.2231,1.3786,9.6477,0.9696
2020-05-28,121.0138,111.9828,1.1069,107.67,1.2325,1.3763,9.504,0.9642
2020-05-29,120.9458,111.9244,1.1107,107.77,1.232,1.3809,9.4248,0.9618
2020-06-01,120.2686,111.1749,1.1123,107.56,1.2472,1.3603,9.386,0.9613
2020-06-02,119.6854,110.8529,1.1166,108.6,1.2531,1.3515,9.3538,0.9623
2020-06-03,119.2556,110.3966,1.1246,108.88,1.26,1.3489,9.26,0.9613
2020-06-04,119.3014,110.1117,1.1322,109.0,1.2608,1.3513,9.196,0.9565
2020-06-05,118.8138,110.0331,1.1297,109.68,1.2703,1.342,9.1806,0.9622
2020-06-08,118.6621,109.7741,1.1293,108.46,1.2694,1.3379,9.2138,0.9567
2020-06-09,118.5893,109.4857,1.1348,107.66,1.2736,1.3433,9.1774,0.9487
2020-06-10,118.5231,109.2517,1.1355,107.25,1.2758,1.3388,9.2273,0.945
2020-06-11,119.2347,109.5652,1.1378,106.67,1.2635,1.3559,9.2524,0.9382
2020-06-12,119.6645,110.4306,1.1253,107.36,1.2527,1.3587,9.3322,0.9515
2020-06-15,119.9539,110.4048,1.127,107.33,1.2543,1.3618,9.3404,0.9503
2020-06-16,119.567,110.2748,1.1259,107.35,1.2586,1.3562,9.3804,0.9494
2020-06-17,119.9105,110.4998,1.1219,107.26,1.2526,1.357,9.3589,0.9512
2020-06-18,120.2173,110.6164,1.1216,106.78,1.243,1.3593,9.4211,0.951
2020-06-19,120.2186,110.825,1.1189,106.89,1.2362,1.3601,9.4542,0.9519
2020-06-22,119.7532,110.2687,1.126,106.84,1.2447,1.3544,9.3703,0.9475
2020-06-23,119.3285,109.7598,1.1322,106.44,1.2531,1.3509,9.2806,0.9438
2020-06-24,119.9744,110.3606,1.1272,106.83,1.2432,1.3601,9.3315,0.9471
2020-06-25,120.2997,110.7746,1.1221,107.21,1.2406,1.366,9.3234,0.9485
2020-06-26,120.533,110.9383,1.1215,107.19,1.2337,1.3695,9.3582,0.948
2020-06-29,120.6658,110.969,1.1237,107.71,1.2279,1.3686,9.3254,0.9504
2020-06-30,120.4649,110.6885,1.1237,107.77,1.2369,1.3614,9.3071,0.9467
2020-07-01,120.0808,110.3742,1.1259,107.5,1.2474,1.3579,9.29,0.9455
2020-07-02,119.8555,110.5009,1.1237,107.55,1.2469,1.3591,9.3226,0.9455
2020-07-03,,,,,,,,
2020-07-06,119.2852,110.0486,1.1307,107.5,1.2482,1.3546,9.2691,0.9416
2020-07-07,119.5717,110.0809,1.1299,107.53,1.2572,1.3587,9.2255,0.941
2020-07-08,119.5525,109.7989,1.1329,107.39,1.2593,1.3539,9.1916,0.9382
2020-07-09,119.5129,109.9878,1.1298,107.27,1.2614,1.3577,9.2164,0.9397
2020-07-10,119.3509,109.8335,1.1318,106.77,1.2654,1.3591,9.1764,0.9395
2020-07-13,119.1891,109.6926,1.1364,107.22,1.2614,1.3568,9.1381,0.941
2020-07-14,119.3901,109.6488,1.1406,107.2,1.2546,1.3606,9.0986,0.9385
2020-07-15,119.0331,109.4213,1.1406,106.92,1.2586,1.3521,9.0732,0.9439
2020-07-16,118.9275,109.3277,1.1433,107.05,1.2621,1.3539,9.0348,0.9432
2020-07-17,119.124,109.4129,1.1438,107.06,1.255,1.3572,9.0241,0.9388
2020-07-20,119.0483,109.2203,1.1442,107.21,1.2658,1.3531,8.9752,0.9389
2020-07-21,118.4042,108.6198,1.1495,106.82,1.2736,1.3443,8.9005,0.934
2020-07-22,118.1337,108.1812,1.1587,107.18,1.2729,1.3407,8.8498,0.9288
2020-07-23,118.0613,107.8695,1.1623,106.83,1.2759,1.337,8.8326,0.925
2020-07-24,118.1329,107.7836,1.1635,105.79,1.2791,1.3425,8.8533,0.9222
2020-07-27,117.3869,107.0765,1.175,105.29,1.2887,1.3383,8.7379,0.9204
2020-07-28,117.3189,106.9766,1.1733,105.03,1.295,1.3364,8.7536,0.9169
2020-07-29,117.2126,106.8119,1.177,105.06,1.2974,1.337,8.7534,0.9141
2020-07-30,117.4008,106.8248,1.1791,105.05,1.3035,1.344,8.7473,0.912
2020-07-31,117.2082,106.5886,1.1822,105.78,1.3133,1.3384,8.7487,0.9113
2020-08-03,117.8074,107.0971,1.175,106.11,1.3053,1.3408,8.7591,0.9194
2020-08-04,117.7833,106.8635,1.1766,105.87,1.3059,1.3366,8.7452,0.9154
2020-08-05,116.8736,105.9061,1.1898,105.44,1.3141,1.3254,8.6532,0.9053
2020-08-06,117.0422,106.1677,1.1856,105.52,1.3147,1.3285,8.6973,0.9101
2020-08-07,117.6239,106.8881,1.1776,105.92,1.3043,1.3393,8.7518,0.914
2020-08-10,117.5821,106.8392,1.1756,105.85,1.3082,1.335,8.7419,0.9154
2020-08-11,117.3781,106.7959,1.1764,106.56,1.3077,1.3296,8.7392,0.9163
2020-08-12,117.2559,106.5863,1.1796,106.85,1.3047,1.325,8.6888,0.9109
2020-08-13,117.1193,106.3976,1.1818,106.89,1.3082,1.3214,8.6839,0.9097
2020-08-14,116.9395,106.3438,1.1833,106.49,1.3108,1.325,8.6984,0.9091
2020-08-17,116.749,106.0059,1.1869,105.97,1.3105,1.3202,8.6918,0.9058
2020-08-18,116.5593,105.5414,1.1928,105.41,1.3228,1.3181,8.6481,0.9029
2020-08-19,116.567,105.7678,1.1898,105.71,1.3191,1.3173,8.6574,0.9114
2020-08-20,116.8126,105.9226,1.1862,105.81,1.319,1.3177,8.706,0.9082
2020-08-21,117.0572,106.4347,1.1775,105.88,1.3098,1.3201,8.7988,0.9131
2020-08-24,116.912,106.3653,1.1803,105.9,1.3078,1.322,8.7819,0.9109
2020-08-25,116.8206,106.2422,1.1818,106.4,1.3136,1.3191,8.7721,0.9089
2020-08-26,116.6243,106.0641,1.1813,106.13,1.3186,1.3145,8.7389,0.9086
2020-08-27,116.649,105.9252,1.1824,106.42,1.3229,1.3111,8.7099,0.9077
2020-08-28,115.9374,105.334,1.1901,105.3,1.3341,1.3106,8.627,0.9041
2020-08-31,115.7586,105.007,1.195,105.84,1.3375,1.3034,8.6249,0.9012
2020-09-01,115.5687,105.0754,1.1949,106.0,1.3416,1.3043,8.6717,0.9072
2020-09-02,116.0304,105.661,1.184,106.15,1.3315,1.3061,8.731,0.9107
2020-09-03,116.0685,105.8995,1.1832,106.14,1.3263,1.3131,8.7494,0.9104
2020-09-04,116.0347,105.9563,1.182,106.34,1.323,1.3095,8.7642,0.9147
2020-09-07,,,,,,,,
2020-09-08,116.4618,106.4288,1.1789,105.97,1.3039,1.3194,8.8122,0.9166
2020-09-09,116.1291,106.2886,1.181,106.23,1.3011,1.3163,8.7628,0.9131
2020-09-10,115.8806,106.1152,1.188,106.19,1.2846,1.3162,8.7364,0.9077
2020-09-11,116.0866,106.4068,1.1831,106.17,1.2788,1.3183,8.7848,0.9092
2020-09-14,115.6428,106.0652,1.1874,105.68,1.2876,1.3172,8.7657,0.9071
2020-09-15,115.5908,106.2259,1.1846,105.5,1.2866,1.3199,8.7882,0.9085
2020-09-16,115.3537,106.0069,1.1835,104.94,1.298,1.3164,8.7894,0.908
2020-09-17,115.4392,106.1709,1.1823,104.77,1.2955,1.3204,8.807,0.9098
2020-09-18,115.2395,105.9402,1.1857,104.44,1.295,1.3179,8.7539,0.9096
2020-09-21,116.378,106.9065,1.1737,104.69,1.2794,1.3299,8.8829,0.9163
2020-09-22,116.5438,107.2135,1.1703,105.05,1.2726,1.3313,8.9081,0.92
2020-09-23,117.2526,107.5225,1.1677,105.34,1.275,1.3373,8.981,0.9233
2020-09-24,117.5473,107.6388,1.1666,105.42,1.2739,1.337,9.1146,0.9264
2020-09-25,117.8679,107.9896,1.1618,105.59,1.2706,1.3409,9.1347,0.9291
2020-09-28,117.6178,107.5486,1.166,105.5,1.2865,1.3377,9.0615,0.9247
2020-09-29,117.526,107.3961,1.1717,105.68,1.2847,1.3411,9.0009,0.9215
2020-09-30,116.946,107.0639,1.1723,105.58,1.2921,1.3323,8.9627,0.9188
2020-10-01,116.7227,106.8706,1.1752,105.53,1.2901,1.3289,8.9197,0.9179
2020-10-02,116.7321,107.1007,1.1706,105.36,1.2928,1.332,8.9317,0.9204
2020-10-05,116.1767,106.6508,1.1784,105.7,1.2972,1.3269,8.8936,0.9153
2020-10-06,116.2681,106.717,1.1778,105.64,1.2945,1.3275,8.9171,0.9153
2020-10-07,116.3447,106.8571,1.1766,105.97,1.2914,1.3283,8.8934,0.9168
2020-10-08,116.1657,106.7463,1.1753,105.98,1.2944,1.3222,8.872,0.9176
2020-10-09,115.2757,106.1049,1.1819,105.72,1.3003,1.312,8.7918,0.9103
2020-10-12,,,,,,,,
2020-10-13,115.9107,106.5177,1.1737,105.55,1.2968,1.3138,8.8146,0.9147
2020-10-14,115.6872,106.3509,1.1755,105.08,1.3023,1.3147,8.823,0.9127
2020-10-15,116.0964,106.9367,1.1701,105.38,1.2917,1.3243,8.8685,0.9143
2020-10-16,115.7679,106.7664,1.1717,105.41,1.2931,1.3194,8.837,0.9153
2020-10-19,115.4031,106.3121,1.1788,105.42,1.2998,1.3155,8.8054,0.9092
2020-10-20,115.2485,106.1512,1.1824,105.56,1.2951,1.312,8.747,0.9071
2020-10-21,114.9108,105.6744,1.187,104.58,1.3143,1.313,8.7195,0.9042
2020-10-22,115.1158,105.9635,1.1824,104.88,1.309,1.3132,8.7794,0.9074
2020-10-23,115.0126,105.933,1.1844,104.78,1.3039,1.3147,8.7688,0.9055
2020-10-26,115.2797,106.2134,1.1816,104.86,1.3021,1.3214,8.7517,0.9073
2020-10-27,115.0131,105.9124,1.1834,104.44,1.3067,1.3156,8.7022,0.9066
2020-10-28,115.8023,106.6864,1.1751,104.33,1.2997,1.3321,8.8458,0.9097
2020-10-29,116.3069,107.3563,1.1658,104.69,1.289,1.3365,8.9427,0.9171
2020-10-30,116.1354,107.2539,1.1647,104.54,1.2933,1.3332,8.9009,0.9165
2020-11-02,116.2361,107.2157,1.1634,104.8,1.2904,1.3255,8.9179,0.92
2020-11-03,115.4802,106.343,1.1724,104.5,1.305,1.3132,8.8377,0.9126
2020-11-04,115.1677,106.2531,1.173,104.39,1.3021,1.3113,8.7718,0.9107
2020-11-05,114.4556,105.5803,1.1809,103.67,1.3116,1.3045,8.7167,0.9063
2020-11-06,113.9919,105.1143,1.1886,103.32,1.3162,1.3029,8.6339,0.8986
2020-11-09,114.0895,105.6817,1.1811,105.58,1.3137,1.2978,8.6335,0.9127
2020-11-10,114.0757,105.6275,1.181,105.36,1.3234,1.2998,8.6152,0.9136
2020-11-11,,,,,,,,
2020-11-12,114.2843,105.9017,1.1814,105.16,1.3142,1.3107,8.6229,0.9136
2020-11-13,114.2397,105.9039,1.1824,104.61,1.3176,1.3164,8.6947,0.9133
2020-11-16,113.8312,105.5646,1.1844,104.54,1.3197,1.3072,8.6326,0.9121
2020-11-17,113.682,105.4917,1.1862,104.2,1.3247,1.3107,8.6281,0.9109
2020-11-18,113.46,105.2137,1.1869,103.72,1.3299,1.3049,8.5813,0.9096
2020-11-19,113.694,105.5042,1.1843,103.85,1.3225,1.3083,8.6288,0.9119
2020-11-20,113.489,105.3538,1.1857,103.81,1.3294,1.3075,8.6171,0.9118
2020-11-23,113.7548,105.6119,1.1826,104.42,1.33,1.3097,8.6496,0.9131
2020-11-24,113.4316,105.225,1.1874,104.61,1.335,1.3027,8.5678,0.9121
2020-11-25,113.1823,104.9483,1.1908,104.39,1.3378,1.2994,8.5169,0.909
2020-11-26,,,,,,,,
2020-11-27,,,,,,,,
2020-11-30,113.2256,104.7972,1.1948,104.38,1.3338,1.2982,8.5576,0.906
2020-12-01,112.8063,104.3329,1.2039,104.4,1.3392,1.2958,8.5082,0.9005
2020-12-02,112.6115,104.0916,1.2093,104.52,1.3348,1.2934,8.4986,0.8961
2020-12-03,112.0236,103.4835,1.2152,103.77,1.3496,1.2875,8.4415,0.8906
2020-12-04,111.7778,103.412,1.2142,104.16,1.3485,1.2797,8.4494,0.8908
2020-12-07,111.8385,103.4835,1.2138,104.01,1.3353,1.2796,8.3864,0.8892
2020-12-08,111.8639,103.6349,1.2111,104.14,1.3358,1.2808,8.472,0.8886
2020-12-09,112.0305,103.6964,1.208,104.28,1.3392,1.2791,8.4914,0.8901
2020-12-10,111.9788,103.4581,1.2118,104.3,1.3293,1.2727,8.4499,0.8878
2020-12-11,112.1417,103.6083,1.2112,103.88,1.3197,1.2767,8.4717,0.8902
2020-12-14,112.1708,103.4242,1.2145,104.06,1.3324,1.2787,8.4133,0.8872
2020-12-15,111.8601,103.1033,1.2158,103.69,1.3434,1.273,8.3759,0.8859
2020-12-16,111.7157,103.0291,1.2175,103.59,1.3503,1.2755,8.3645,0.8861
2020-12-17,111.2226,102.474,1.2258,103.13,1.3609,1.2715,8.2689,0.8841
2020-12-18,111.6071,102.8024,1.2236,103.35,1.3497,1.2776,8.2786,0.885
2020-12-21,111.9415,103.0924,1.223,103.44,1.3354,1.2836,8.2576,0.8859
2020-12-22,112.1947,103.5417,1.2172,103.62,1.3349,1.2918,8.3303,0.8889
2020-12-23,111.9807,103.1309,1.2194,103.52,1.351,1.2841,8.2841,0.8882
2020-12-24,,,,,,,,
2020-12-25,,,,,,,,
2020-12-28,111.9752,103.2379,1.2213,103.84,1.3447,1.2871,8.2854,0.8898
2020-12-29,111.5172,102.7679,1.2252,103.5,1.3512,1.2794,8.1906,0.8838
2020-12-30,111.3084,102.4893,1.228,103.31,1.3605,1.2764,8.1972,0.8832
2020-12-31,111.3169,102.5756,1.223,103.19,1.3662,1.2753,8.2095,0.8841
2021-01-01,,,,,,,,
2021-01-04,111.2075,102.6399,1.2254,103.19,1.3551,1.2781,8.2486,0.8811
2021-01-05,110.9574,102.1507,1.2295,102.7,1.362,1.27,8.1856,0.8784
2021-01-06,110.8502,102.2244,1.229,103.25,1.3593,1.2685,8.1855,0.881
2021-01-07,111.3042,102.5218,1.2265,103.84,1.3551,1.272,8.1992,0.8841
2021-01-08,111.2847,102.4935,1.2252,103.89,1.3583,1.2698,8.2085,0.8843
2021-01-11,111.8257,103.084,1.2169,104.16,1.3522,1.2768,8.281,0.8897
2021-01-12,111.5501,102.9326,1.2168,104.09,1.3637,1.2745,8.2864,0.8892
2021-01-13,111.3622,102.8602,1.2159,103.91,1.3631,1.271,8.3373,0.8874
2021-01-14,111.1567,102.6008,1.2156,103.66,1.369,1.2633,8.309,0.887
2021-01-15,111.5106,103.1023,1.2099,103.8,1.3599,1.2709,8.3715,0.8894
2021-01-18,,,,,,,,
2021-01-19,111.4527,103.0208,1.2126,103.86,1.3627,1.2721,8.348,0.8888
2021-01-20,,,,,,,,
2021-01-21,111.1973,102.6247,1.2143,103.57,1.3721,1.2634,8.2948,0.887
2021-01-22,111.5516,102.7166,1.2179,103.76,1.3685,1.2711,8.282,0.8853
2021-01-25,111.8676,102.9871,1.2138,103.78,1.3668,1.2747,8.3046,0.8882
2021-01-26,111.6572,102.8064,1.2147,103.69,1.3729,1.2711,8.3025,0.888
2021-01-27,112.0782,103.2345,1.2101,104.09,1.3688,1.2782,8.3511,0.889
2021-01-28,112.0059,103.2216,1.2122,104.31,1.3727,1.2812,8.3301,0.8887
2021-01-29,111.9511,103.1554,1.2135,104.64,1.3723,1.2776,8.3357,0.8905
2021-02-01,112.4189,103.6398,1.207,104.97,1.3672,1.2826,8.4259,0.8965
2021-02-02,112.2862,103.8545,1.202,105.09,1.3644,1.2815,8.4232,0.8987
2021-02-03,112.2567,103.7035,1.2025,105.05,1.3652,1.2765,8.408,0.8993
2021-02-04,112.7469,104.1069,1.1974,105.43,1.3665,1.283,8.4602,0.9031
2021-02-05,112.2379,103.6891,1.2035,105.44,1.3714,1.2781,8.3861,0.8996
2021-02-08,112.0428,103.5266,1.2045,105.19,1.3738,1.2755,8.3896,0.8986
2021-02-09,111.7675,103.0558,1.2106,104.62,1.3796,1.2713,8.3405,0.893
2021-02-10,111.5834,102.815,1.2132,104.67,1.385,1.2678,8.309,0.8891
2021-02-11,111.5272,102.8941,1.2127,104.75,1.3822,1.2689,8.3262,0.8907
2021-02-12,111.4889,102.9032,1.2126,104.94,1.3855,1.2694,8.3019,0.8911
2021-02-15,,,,,,,,
2021-02-16,111.7879,103.0423,1.2107,105.88,1.391,1.2694,8.295,0.8923
2021-02-17,112.0204,103.408,1.2042,105.83,1.3848,1.2712,8.3348,0.8985
2021-02-18,112.1603,103.1571,1.2078,105.69,1.3956,1.2706,8.3274,0.8968
2021-02-19,111.7058,102.5805,1.2136,105.58,1.4025,1.2596,8.2666,0.8948
2021-02-22,111.918,102.4361,1.2155,105.06,1.4077,1.2606,8.2673,0.8958
2021-02-23,111.8981,102.5529,1.2142,105.21,1.4092,1.261,8.2972,0.9022
2021-02-24,111.7212,102.4805,1.2143,105.91,1.4106,1.2537,8.3028,0.9074
2021-02-25,111.9253,102.1572,1.2229,106.22,1.4105,1.2528,8.2474,0.9033
2021-02-26,112.8306,103.317,1.2093,106.64,1.3947,1.2698,8.4211,0.9092
2021-03-01,112.5263,103.3767,1.2054,106.68,1.3938,1.2652,8.4358,0.9138
2021-03-02,112.5342,103.1686,1.2079,106.75,1.3962,1.2612,8.3871,0.9141
2021-03-03,112.7617,103.2301,1.2073,106.92,1.3978,1.2611,8.4011,0.918
2021-03-04,112.7037,103.384,1.2045,107.58,1.3999,1.2584,8.4245,0.9257
2021-03-05,113.7487,104.34,1.1914,108.24,1.3817,1.2666,8.5366,0.9305
2021-03-08,114.2678,104.7133,1.1849,108.92,1.381,1.2672,8.5807,0.9355
2021-03-09,113.928,104.3807,1.1885,108.64,1.3884,1.2652,8.5173,0.9292
2021-03-10,113.5881,104.2937,1.19,108.58,1.3899,1.2641,8.5066,0.9317
2021-03-11,112.9214,103.6745,1.1978,108.44,1.398,1.2558,8.4631,0.9244
2021-03-12,113.0269,103.6845,1.1952,108.87,1.3925,1.2471,8.4881,0.9281
2021-03-15,113.1928,103.944,1.1917,109.11,1.3866,1.249,8.5302,0.9283
2021-03-16,112.9839,103.8772,1.1895,109.01,1.3892,1.2451,8.5204,0.9261
2021-03-17,113.1589,103.9471,1.1905,109.22,1.3888,1.2475,8.5154,0.9276
2021-03-18,112.7744,103.6876,1.1926,108.97,1.3938,1.2434,8.5132,0.9281
2021-03-19,112.9756,103.9974,1.1909,108.85,1.3872,1.2511,8.5439,0.9301
2021-03-22,113.0023,103.8907,1.1932,108.67,1.3856,1.2528,8.5103,0.9233
2021-03-23,113.2916,104.2901,1.1872,108.61,1.3795,1.2548,8.5658,0.9327
2021-03-24,113.6565,104.5653,1.1831,108.81,1.3723,1.2551,8.5932,0.9355
2021-03-25,114.0016,104.9963,1.1777,109.13,1.3722,1.2613,8.6668,0.9393
2021-03-26,113.7406,104.8084,1.1798,109.55,1.3794,1.2577,8.6451,0.9398
2021-03-29,113.9314,104.9211,1.1779,109.73,1.3793,1.2592,8.6905,0.9381
2021-03-30,114.203,105.3515,1.1724,110.19,1.3729,1.2626,8.7375,0.9427
2021-03-31,113.8234,105.1392,1.1743,110.61,1.3795,1.2571,8.7185,0.9418
2021-04-01,113.7389,105.0025,1.1772,110.61,1.3825,1.2569,8.7117,0.9409
2021-04-02,113.7315,105.0433,1.1763,110.67,1.3825,1.2566,8.7282,0.9419
2021-04-05,113.394,104.5575,1.181,110.08,1.3907,1.2512,8.7018,0.9359
2021-04-06,113.1464,104.4524,1.1852,109.83,1.3849,1.254,8.6374,0.9325
2021-04-07,113.2436,104.5083,1.189,109.67,1.3757,1.2614,8.6088,0.9274
2021-04-08,113.0917,104.3083,1.1904,109.25,1.3739,1.2576,8.5581,0.9249
2021-04-09,113.2028,104.2968,1.1897,109.64,1.3734,1.254,8.5399,0.9249
2021-04-12,113.1815,104.2641,1.1907,109.43,1.3741,1.2556,8.5795,0.9228
2021-04-13,113.0391,104.0673,1.1939,109.19,1.3742,1.2541,8.5271,0.9213
2021-04-14,112.7849,103.7849,1.1974,108.93,1.379,1.2515,8.4549,0.9228
2021-04-15,112.6181,103.86,1.1964,108.78,1.3781,1.2539,8.4573,0.9227
2021-04-16,112.4814,103.6549,1.198,108.78,1.3826,1.2498,8.4425,0.9196
2021-04-19,112.1835,103.3393,1.2028,108.09,1.3977,1.2534,8.4088,0.9155
2021-04-20,112.2354,103.3861,1.2045,108.07,1.3955,1.2574,8.4245,0.9145
2021-04-21,112.1771,103.2476,1.2033,108.09,1.3936,1.2484,8.4138,0.9166
2021-04-22,112.2297,103.4311,1.2012,108.17,1.3851,1.249,8.4347,0.9182
2021-04-23,112.0889,103.1917,1.2069,107.94,1.3845,1.2495,8.403,0.9152
2021-04-26,111.8109,102.8793,1.2083,108.12,1.389,1.2399,8.3818,0.9145
2021-04-27,111.9097,102.9211,1.2079,108.56,1.3908,1.2396,8.3775,0.9134
2021-04-28,111.7909,102.7722,1.2098,108.81,1.3917,1.2354,8.3651,0.9124
2021-04-29,111.7464,102.5667,1.211,108.94,1.3956,1.2295,8.3793,0.9099
2021-04-30,112.0839,103.008,1.203,109.33,1.3838,1.2291,8.4503,0.9127
2021-05-03,112.005,102.7618,1.2059,109.08,1.3913,1.2275,8.4229,0.9116
2021-05-04,112.2896,103.1276,1.2014,109.34,1.3873,1.232,8.4835,0.9136
2021-05-05,112.1514,102.9691,1.2003,109.27,1.3913,1.2262,8.4894,0.913
2021-05-06,111.8401,102.6208,1.2049,109.17,1.388,1.2192,8.4392,0.9096
2021-05-07,111.0249,101.824,1.2165,108.52,1.4,1.2137,8.3142,0.9009
2021-05-10,110.7905,101.5729,1.217,108.7,1.4153,1.2085,8.3094,0.8986
2021-05-11,110.8921,101.6132,1.2169,108.53,1.4149,1.2092,8.3055,0.902
2021-05-12,111.5636,102.2241,1.2074,109.53,1.4081,1.2104,8.4164,0.9088
2021-05-13,111.5955,102.3651,1.207,109.56,1.4033,1.2147,8.4165,0.9068
2021-05-14,111.1353,101.9152,1.2141,109.37,1.4096,1.2114,8.3399,0.9021
2021-05-17,111.079,101.7272,1.2155,109.17,1.4127,1.2073,8.3312,0.9016
2021-05-18,110.8317,101.4462,1.2203,109.01,1.4184,1.2061,8.2972,0.8986
2021-05-19,110.8807,101.4783,1.2216,108.76,1.4169,1.2089,8.325,0.9003
2021-05-20,110.8605,101.3223,1.2225,108.79,1.4182,1.2049,8.2983,0.8985
2021-05-21,111.0576,101.5894,1.2178,108.94,1.4158,1.2072,8.3251,0.8987
2021-05-24,110.9118,101.4844,1.221,108.81,1.4147,1.2082,8.3226,0.8973
2021-05-25,110.842,101.4008,1.2233,108.95,1.4123,1.2069,8.2798,0.8971
2021-05-26,110.8677,101.6135,1.2204,109.1,1.4129,1.2111,8.3117,0.8973
2021-05-27,110.8688,101.6105,1.2194,109.81,1.4172,1.2075,8.2918,0.8977
2021-05-28,110.7576,101.6545,1.2194,109.83,1.4188,1.2087,8.3019,0.8995
2021-05-31,,,,,,,,
2021-06-01,110.5046,101.2808,1.2241,109.43,1.4168,1.2031,8.2624,0.8954
2021-06-02,110.5799,101.4473,1.2213,109.59,1.4177,1.2047,8.2665,0.898
2021-06-03,111.1782,102.1436,1.2122,110.28,1.4099,1.2116,8.3381,0.9051
2021-06-04,110.7521,101.6724,1.2173,109.42,1.4175,1.2088,8.2659,0.899
2021-06-07,110.5155,101.4749,1.22,109.25,1.4179,1.2062,8.2576,0.8969
2021-06-08,110.649,101.6846,1.218,109.47,1.4146,1.2101,8.2632,0.8963
2021-06-09,110.5707,101.703,1.2184,109.61,1.4124,1.2102,8.2594,0.8958
2021-06-10,110.5456,101.6682,1.2173,109.49,1.4165,1.2095,8.2494,0.8951
2021-06-11,111.0933,102.1957,1.2101,109.75,1.4114,1.2162,8.3263,0.8993
2021-06-14,110.9659,102.0504,1.2126,109.98,1.4116,1.2131,8.3174,0.8991
2021-06-15,111.3507,102.2951,1.212,110.12,1.4073,1.2202,8.3387,0.8985
2021-06-16,111.1165,102.1516,1.2119,109.88,1.411,1.2165,8.3577,0.8986
2021-06-17,112.5772,103.7176,1.1911,110.28,1.3916,1.2353,8.5405,0.9173
2021-06-18,113.0408,104.18,1.1872,110.21,1.3817,1.2437,8.6193,0.9215
2021-06-21,112.8391,103.7761,1.1909,110.22,1.3915,1.237,8.5387,0.9184
2021-06-22,112.9174,103.8179,1.191,110.75,1.3921,1.2364,8.504,0.92
2021-06-23,112.3819,103.4171,1.195,110.86,1.3977,1.2286,8.4787,0.9169
2021-06-24,112.326,103.6923,1.1927,110.91,1.3907,1.2337,8.4698,0.9188
2021-06-25,111.9655,103.5203,1.194,110.78,1.3899,1.2293,8.4826,0.9175
2021-06-28,112.0248,103.5927,1.1938,110.5,1.3895,1.2325,8.5067,0.9184
2021-06-29,112.2613,103.9081,1.1905,110.53,1.3845,1.2378,8.5217,0.9201
2021-06-30,112.5533,104.3082,1.1848,111.05,1.3806,1.2404,8.5609,0.9253
2021-07-01,112.74,104.363,1.1857,111.56,1.378,1.2405,8.5749,0.9253
2021-07-02,112.5425,104.182,1.1848,111.28,1.3795,1.2346,8.5561,0.9224
2021-07-05,,,,,,,,
2021-07-06,112.9516,104.5335,1.1816,110.66,1.3792,1.2466,8.5862,0.9245
2021-07-07,113.1048,104.6839,1.1803,110.62,1.3792,1.2506,8.6261,0.9252
2021-07-08,113.0776,104.4833,1.184,109.82,1.3767,1.2533,8.5879,0.9153
2021-07-09,112.8375,104.2408,1.1861,110.18,1.3842,1.2476,8.5788,0.9151
2021-07-12,112.7611,104.1877,1.1858,110.36,1.3886,1.2455,8.575,0.9154
2021-07-13,113.0063,104.5296,1.1813,110.36,1.3847,1.2511,8.628,0.9164
2021-07-14,112.8801,104.4579,1.1826,110.03,1.3854,1.2521,8.6245,0.9154
2021-07-15,113.0041,104.7033,1.1806,110.05,1.3849,1.2575,8.6704,0.9186
2021-07-16,113.0428,104.7862,1.181,110.13,1.3785,1.2586,8.6762,0.9192
2021-07-19,113.5472,105.2022,1.1804,109.45,1.369,1.2752,8.6806,0.9179
2021-07-20,113.7502,105.3876,1.1776,109.92,1.3615,1.2724,8.7038,0.9218
2021-07-21,113.3926,104.8035,1.1799,110.22,1.3695,1.2538,8.6899,0.9179
2021-07-22,113.4695,104.9509,1.1771,110.1,1.375,1.2578,8.6832,0.9195
2021-07-23,113.4398,105.0516,1.1761,110.52,1.3749,1.258,8.6904,0.9211
2021-07-26,113.2238,104.6414,1.181,110.31,1.3829,1.254,8.6285,0.9157
2021-07-27,113.2227,104.5296,1.1831,109.64,1.3884,1.2579,8.6095,0.9135
2021-07-28,113.1807,104.6255,1.1809,110.06,1.3884,1.2563,8.6235,0.9134
2021-07-29,112.4834,103.8623,1.1886,109.53,1.3966,1.2439,8.5532,0.9062
2021-07-30,112.6714,104.0831,1.1864,109.7,1.3913,1.2466,8.5912,0.9061
2021-08-02,112.6691,104.0865,1.1873,109.22,1.3886,1.2501,8.5835,0.9051
2021-08-03,112.8228,104.2134,1.1859,109.09,1.3905,1.255,8.6042,0.9047
2021-08-04,112.8953,104.3261,1.1841,109.44,1.3912,1.2551,8.604,0.9061
2021-08-05,112.7674,104.2066,1.1838,109.75,1.3929,1.2487,8.6113,0.907
2021-08-06,113.3088,104.8332,1.1761,110.22,1.3873,1.2563,8.6646,0.9142
2021-08-09,113.4521,104.9625,1.1749,110.25,1.3852,1.2571,8.699,0.9191
2021-08-10,113.4973,105.034,1.1722,110.54,1.384,1.2531,8.7112,0.9226
2021-08-11,113.282,104.8891,1.1737,110.47,1.3866,1.2513,8.6909,0.9215
2021-08-12,113.2691,104.9382,1.1736,110.36,1.3833,1.2518,8.6851,0.923
2021-08-13,113.0615,104.5532,1.1796,109.75,1.3857,1.2512,8.6348,0.9162
2021-08-16,113.1698,104.6983,1.1776,109.26,1.3849,1.257,8.6475,0.9123
2021-08-17,113.6174,105.2238,1.1714,109.59,1.3739,1.2622,8.7448,0.9144
2021-08-18,113.6959,105.3634,1.1702,109.92,1.3749,1.2638,8.7234,0.9179
2021-08-19,114.1106,105.8158,1.1693,109.75,1.3673,1.279,8.7888,0.9173
2021-08-20,114.5009,106.0308,1.169,109.77,1.3625,1.2853,8.8169,0.9176
2021-08-23,113.9418,105.3056,1.1732,109.78,1.3717,1.2666,8.719,0.9137
2021-08-24,113.6795,105.1008,1.1746,109.68,1.3716,1.2615,8.6957,0.913
2021-08-25,113.6322,105.1121,1.1758,110.03,1.3723,1.2624,8.6982,0.9137
2021-08-26,113.7883,105.2224,1.1761,110.09,1.3712,1.2654,8.7128,0.9174
2021-08-27,113.3404,104.8653,1.1794,109.84,1.3769,1.2613,8.6404,0.9122
2021-08-30,113.246,104.9019,1.1795,109.91,1.3758,1.2606,8.6223,0.9172
2021-08-31,113.1076,104.9492,1.18,110.05,1.3747,1.2629,8.6325,0.9161
2021-09-01,112.8732,104.663,1.185,110.03,1.379,1.2615,8.6006,0.9145
2021-09-02,112.7863,104.4728,1.1858,110.01,1.3825,1.2559,8.5802,0.9159
2021-09-03,112.5476,104.1945,1.1884,109.64,1.3862,1.2524,8.5468,0.9136
2021-09-06,,,,,,,,
2021-09-07,112.9795,104.7095,1.1849,110.17,1.3792,1.2622,8.5774,0.9179
2021-09-08,113.2319,105.0433,1.1818,110.32,1.3761,1.2681,8.6273,0.9219
2021-09-09,113.043,104.7606,1.1827,109.76,1.3855,1.2648,8.6008,0.9173
2021-09-10,112.9425,104.7917,1.1821,109.93,1.3847,1.2636,8.6162,0.918
2021-09-13,113.0341,104.8774,1.1809,109.94,1.3844,1.2643,8.6137,0.9213
2021-09-14,113.0061,104.8294,1.1824,109.66,1.3848,1.2663,8.584,0.9193
2021-09-15,112.9773,104.8392,1.1811,109.4,1.3837,1.2653,8.583,0.9196
2021-09-16,113.3036,105.1993,1.1764,109.67,1.3785,1.2679,8.6311,0.9251
2021-09-17,113.5989,105.5497,1.1734,109.94,1.3755,1.2738,8.6717,0.9308
2021-09-20,113.9422,105.7661,1.1729,109.47,1.3656,1.2818,8.6964,0.9277
2021-09-21,113.8179,105.6651,1.1724,109.33,1.3663,1.2789,8.6734,0.9235
2021-09-22,113.6223,105.484,1.1739,109.59,1.3669,1.2733,8.648,0.9223
2021-09-23,113.513,105.3412,1.1735,110.17,1.3745,1.2662,8.6327,0.9243
2021-09-24,113.7597,105.5664,1.1715,110.72,1.3681,1.2672,8.6579,0.9246
2021-09-27,113.7432,105.555,1.1702,110.97,1.3712,1.2643,8.7049,0.9256
2021-09-28,114.2469,105.96,1.1681,111.33,1.3537,1.2692,8.7313,0.9282
2021-09-29,114.7092,106.5464,1.1612,111.83,1.3439,1.275,8.787,0.9335
2021-09-30,114.6403,106.4222,1.1577,111.5,1.347,1.2673,8.7601,0.9339
2021-10-01,114.3798,106.1208,1.1598,110.97,1.3572,1.2657,8.7524,0.9297
2021-10-04,114.2739,105.7593,1.1622,110.94,1.3602,1.2571,8.7254,0.9248
2021-10-05,114.3654,105.8197,1.1609,111.39,1.364,1.2562,8.7286,0.9271
2021-10-06,114.7185,106.2505,1.1546,111.33,1.3569,1.2612,8.8093,0.9279
2021-10-07,114.5044,105.9812,1.1561,111.5,1.3634,1.2546,8.7798,0.928
2021-10-08,114.5986,105.8448,1.1572,112.15,1.363,1.2477,8.7415,0.9272
2021-10-11,,,,,,,,
2021-10-12,114.7542,106.0598,1.1541,113.69,1.3605,1.2439,8.7716,0.9302
2021-10-13,114.4705,105.8865,1.1568,113.49,1.3645,1.2448,8.7127,0.926
2021-10-14,114.2053,105.5285,1.1591,113.59,1.3684,1.2362,8.635,0.9232
2021-10-15,114.0905,105.6033,1.1594,114.31,1.3756,1.2387,8.6173,0.9241
2021-10-18,113.9899,105.501,1.1609,114.22,1.3726,1.2362,8.6592,0.9232
2021-10-19,113.647,105.309,1.1632,114.27,1.3807,1.2354,8.6234,0.9227
2021-10-20,113.5083,105.155,1.1643,114.24,1.3821,1.2328,8.5928,0.9197
2021-10-21,113.6188,105.1252,1.1643,113.75,1.3812,1.2339,8.5922,0.9173
2021-10-22,113.67,105.3078,1.1632,113.54,1.3741,1.2385,8.5815,0.9164
2021-10-25,113.605,105.3695,1.1609,113.7,1.3773,1.2373,8.5953,0.9193
2021-10-26,113.674,105.5386,1.159,114.19,1.3772,1.2388,8.6214,0.9204
2021-10-27,113.6218,105.3314,1.16,113.75,1.3739,1.2337,8.5832,0.9183
2021-10-28,113.4389,104.8934,1.1685,113.38,1.3804,1.2348,8.5318,0.9123
2021-10-29,114.1349,105.7104,1.1552,114.03,1.3686,1.2397,8.593,0.9165
2021-11-01,114.2067,105.4223,1.1591,114.19,1.3679,1.2355,8.5119,0.9105
2021-11-02,114.2847,105.6985,1.1581,113.78,1.3612,1.242,8.5707,0.9145
2021-11-03,114.3593,105.6511,1.1584,114.06,1.3659,1.2416,8.5583,0.9121
2021-11-04,114.3558,106.0006,1.1546,113.63,1.3494,1.2462,8.5814,0.9127
2021-11-05,114.0732,105.9023,1.1554,113.45,1.3491,1.2439,8.5831,0.9133
2021-11-08,113.8256,105.6758,1.159,113.15,1.3563,1.2441,8.5724,0.9132
2021-11-09,113.762,105.708,1.1589,112.87,1.3551,1.2457,8.5724,0.9118
2021-11-10,114.1484,106.1764,1.1517,113.89,1.347,1.2447,8.6679,0.9164
2021-11-11,,,,,,,,
2021-11-12,114.5144,106.8261,1.1443,113.9,1.3412,1.2558,8.7501,0.9211
2021-11-15,114.5876,106.782,1.1421,113.96,1.3444,1.2515,8.7707,0.9217
2021-11-16,115.136,107.4075,1.1333,114.62,1.3429,1.2562,8.8675,0.9298
2021-11-17,115.0263,107.4515,1.1322,114.33,1.3488,1.2594,8.8595,0.9286
2021-11-18,115.0678,107.3688,1.1358,114.22,1.3489,1.2629,8.8889,0.926
2021-11-19,115.2187,107.5051,1.1318,113.81,1.3474,1.2631,8.9138,0.9262
2021-11-22,115.6481,108.0441,1.126,114.69,1.3412,1.2684,8.967,0.93
2021-11-23,116.0118,108.1745,1.1265,114.98,1.3388,1.2712,9.0307,0.9325
2021-11-24,116.2711,108.4417,1.1196,115.34,1.3332,1.2657,9.1158,0.9354
2021-11-25,,,,,,,,
2021-11-26,116.5103,108.0025,1.1302,113.46,1.3322,1.2756,9.1099,0.9234
2021-11-29,116.581,108.3163,1.1261,113.75,1.3291,1.2792,9.1032,0.925
2021-11-30,116.2071,108.2185,1.1287,113.22,1.3252,1.2812,9.0762,0.9217
2021-12-01,115.889,107.8765,1.1323,112.82,1.3308,1.2778,9.0778,0.9195
2021-12-02,116.018,108.0765,1.1306,113.1,1.3305,1.2814,9.0464,0.9205
2021-12-03,116.2377,108.1786,1.1308,112.88,1.3234,1.2833,9.1426,0.9185
2021-12-06,116.1538,108.2344,1.1282,113.31,1.3252,1.2785,9.0929,0.9256
2021-12-07,115.8555,108.0828,1.1247,113.61,1.3236,1.2651,9.1201,0.9264
2021-12-08,115.4418,107.7217,1.133,113.83,1.3236,1.2653,9.0472,0.9217
2021-12-09,115.7784,108.0543,1.1285,113.53,1.3188,1.2698,9.0788,0.926
2021-12-10,115.5732,107.832,1.1312,113.36,1.3262,1.2706,9.0522,0.9205
2021-12-13,115.842,108.1576,1.1298,113.42,1.3233,1.2795,9.0921,0.9212
2021-12-14,116.2397,108.4893,1.1267,113.63,1.3225,1.2858,9.1447,0.9236
2021-12-15,116.4219,108.6845,1.1261,113.83,1.3214,1.2916,9.1237,0.9258
2021-12-16,115.7146,107.984,1.1309,113.67,1.3325,1.2772,9.0505,0.9215
2021-12-17,115.791,108.3092,1.1277,113.56,1.3269,1.283,9.0966,0.9226
2021-12-20,116.0092,108.5106,1.1298,113.45,1.3222,1.2941,9.139,0.92
2021-12-21,116.1089,108.651,1.1272,114.11,1.3253,1.2927,9.1477,0.9242
2021-12-22,115.7485,108.1233,1.1324,114.22,1.3345,1.2844,9.0893,0.9201
2021-12-23,115.5337,108.0057,1.132,114.42,1.341,1.2809,9.0923,0.9186
2021-12-24,,,,,,,,
2021-12-27,115.4684,107.9603,1.1329,114.85,1.3438,1.2797,9.1011,0.9175
2021-12-28,115.4192,108.0406,1.1314,114.75,1.3432,1.2814,9.0503,0.9167
2021-12-29,115.3678,107.914,1.1337,114.97,1.3475,1.281,9.0459,0.9149
2021-12-30,115.283,107.9027,1.1318,115.17,1.35,1.2777,9.0498,0.9146
2021-12-31,,,,,,,,
2022-01-03,115.4101,108.0698,1.129,115.27,1.3469,1.2757,9.1206,0.9188
2022-01-04,115.3103,107.8824,1.1296,116.12,1.3544,1.2697,9.0867,0.9154
2022-01-05,115.137,107.6865,1.1335,115.91,1.3573,1.27,9.0637,0.9161
2022-01-06,115.4046,107.9428,1.1307,115.78,1.3539,1.2725,9.1321,0.9196
2022-01-07,115.0451,107.4776,1.1358,115.61,1.3583,1.2643,9.0604,0.9191
2022-01-10,115.2216,107.7027,1.1328,115.14,1.3567,1.2679,9.104,0.9252
2022-01-11,114.8332,107.3266,1.1363,115.38,1.3622,1.2598,9.0515,0.9237
2022-01-12,114.355,106.5883,1.1431,114.74,1.3698,1.2501,8.9525,0.9134
2022-01-13,114.177,106.291,1.1464,114.06,1.3724,1.2482,8.9203,0.9102
2022-01-14,114.3825,106.732,1.1414,113.89,1.367,1.2549,9.0108,0.9133
2022-01-17,,,,,,,,
2022-01-18,114.7373,107.1933,1.1336,114.6,1.3588,1.2535,9.1213,0.9168
2022-01-19,114.6109,106.9801,1.1346,114.28,1.3625,1.2499,9.1043,0.9155
2022-01-20,114.4642,106.8852,1.1336,114.08,1.3642,1.2462,9.121,0.9157
2022-01-21,114.6125,107.0707,1.1346,113.72,1.3562,1.2542,9.1893,0.912
2022-01-24,115.2034,107.7361,1.131,113.82,1.3447,1.2688,9.3324,0.9146
2022-01-25,115.1654,107.7045,1.1283,113.88,1.3495,1.2637,9.2868,0.9194
2022-01-26,115.0922,107.6542,1.1279,114.33,1.3516,1.2597,9.2624,0.9213
2022-01-27,115.978,108.8359,1.1141,115.47,1.3385,1.2709,9.3789,0.9318
2022-01-28,116.0393,108.8231,1.116,115.21,1.3417,1.2753,9.4335,0.9298
2022-01-31,115.566,108.4212,1.1212,115.22,1.3439,1.2694,9.3341,0.9303
2022-02-01,115.3685,108.12,1.1239,114.77,1.3505,1.2688,9.281,0.9231
2022-02-02,115.1538,107.7561,1.1299,114.36,1.3565,1.2689,9.2823,0.9186
2022-02-03,114.9065,107.2563,1.1425,114.88,1.3602,1.2679,9.1233,0.9213
2022-02-04,115.1362,107.4679,1.1455,115.22,1.3543,1.2759,9.1382,0.9248
2022-02-07,115.0098,107.3499,1.1434,115.09,1.3533,1.2685,9.1433,0.9243
2022-02-08,115.0892,107.5069,1.1416,115.62,1.3552,1.2709,9.1522,0.9244
2022-02-09,114.8232,107.3078,1.1435,115.44,1.354,1.2675,9.0914,0.9233
2022-02-10,114.5527,106.9934,1.1487,115.84,1.3636,1.2647,9.1924,0.923
2022-02-11,114.8413,107.4762,1.1404,115.91,1.3601,1.2678,9.2583,0.9255
2022-02-14,115.1946,108.0788,1.1306,115.72,1.3516,1.2732,9.3785,0.9265
2022-02-15,114.93,107.8212,1.1363,115.64,1.3539,1.2742,9.2674,0.9258
2022-02-16,114.6886,107.5216,1.1381,115.41,1.3585,1.2687,9.274,0.9219
2022-02-17,114.6755,107.5295,1.1364,115.03,1.3624,1.2696,9.33,0.9202
2022-02-18,114.7982,107.8546,1.1327,115.08,1.3585,1.2748,9.3911,0.921
2022-02-21,,,,,,,,
2022-02-22,114.7002,107.708,1.1342,114.94,1.3597,1.2736,9.3181,0.9204
2022-02-23,114.6668,107.797,1.1316,115.12,1.3555,1.2717,9.3662,0.9179
2022-02-24,115.9419,109.0599,1.1154,115.45,1.336,1.284,9.5721,0.9266
2022-02-25,115.2577,108.3272,1.1261,115.62,1.3407,1.274,9.4213,0.9274
2022-02-28,115.2224,108.1431,1.1224,115.11,1.3419,1.2662,9.4481,0.9179
2022-03-01,115.7962,108.8326,1.1103,114.87,1.3318,1.2709,9.6436,0.9186
2022-03-02,115.7623,108.7631,1.1102,115.59,1.3365,1.2657,9.6836,0.9216
2022-03-03,115.9495,109.033,1.1053,115.67,1.3326,1.2675,9.7703,0.9204
2022-03-04,116.6503,109.7775,1.0912,114.65,1.3214,1.276,9.8679,0.9183
2022-03-07,117.3278,110.2836,1.086,115.41,1.3115,1.2772,10.0055,0.9267
2022-03-08,117.6176,110.5643,1.0881,115.64,1.3101,1.2893,9.9601,0.9302
2022-03-09,116.5961,109.479,1.1069,115.87,1.316,1.2812,9.6751,0.9264
2022-03-10,116.7401,109.7046,1.1007,116.05,1.3108,1.2772,9.6597,0.9294
2022-03-11,117.0192,110.0739,1.0937,117.08,1.3063,1.2723,9.7179,0.9326
2022-03-14,117.1506,110.1699,1.0979,118.0,1.3044,1.2774,9.5766,0.9358
2022-03-15,117.246,110.3302,1.0974,118.19,1.3065,1.2806,9.616,0.9415
2022-03-16,116.8073,110.0454,1.0996,118.48,1.3096,1.2742,9.4655,0.9414
2022-03-17,116.0467,109.159,1.111,118.45,1.3159,1.2637,9.3951,0.9349
2022-03-18,116.1378,109.4696,1.1044,119.17,1.3169,1.2633,9.4179,0.9337
2022-03-21,115.9398,109.2682,1.1048,119.15,1.3201,1.258,9.4387,0.9303
2022-03-22,116.0824,109.5404,1.1022,120.66,1.3258,1.2604,9.4184,0.9325
2022-03-23,116.005,109.5575,1.1001,121.02,1.3212,1.2555,9.4539,0.9318
2022-03-24,115.9599,109.5912,1.1006,122.08,1.3183,1.2532,9.3974,0.9308
2022-03-25,115.7921,109.6168,1.0985,121.98,1.3193,1.2512,9.4281,0.9308
2022-03-28,116.1911,109.9969,1.0977,123.25,1.3091,1.255,9.5146,0.9344
2022-03-29,115.5679,109.2287,1.1104,122.61,1.3125,1.2513,9.2926,0.9303
2022-03-30,115.0818,108.8052,1.1163,121.97,1.3149,1.2495,9.2552,0.9233
2022-03-31,115.2218,109.0016,1.1093,121.44,1.3152,1.2482,9.3469,0.9211
2022-04-01,115.4814,109.4475,1.1043,122.6,1.3114,1.2507,9.3575,0.9256
2022-04-04,115.4112,109.6101,1.0992,122.7,1.3116,1.2491,9.4092,0.9256
2022-04-05,115.73,109.905,1.0921,123.48,1.3101,1.2452,9.4169,0.9292
2022-04-06,115.9995,110.1444,1.0913,123.7,1.3082,1.2502,9.4151,0.9325
2022-04-07,116.3512,110.4849,1.09,123.8,1.306,1.2592,9.4576,0.9332
2022-04-08,116.4176,110.6323,1.0874,124.31,1.3032,1.2577,9.4339,0.9333
2022-04-11,116.5401,110.8606,1.0875,125.55,1.3033,1.2622,9.4839,0.9308
2022-04-12,116.3866,110.8697,1.0852,125.25,1.3031,1.2609,9.4866,0.9302
2022-04-13,116.2796,110.7805,1.0874,125.51,1.3072,1.2595,9.4955,0.9335
2022-04-14,116.7558,111.3311,1.0796,125.92,1.3052,1.2628,9.5322,0.9426
2022-04-15,116.7017,111.2623,1.0812,126.31,1.3066,1.2613,9.5685,0.9431
2022-04-18,116.8441,111.5097,1.0785,126.77,1.3019,1.262,9.5967,0.9441
2022-04-19,117.1324,111.685,1.0789,128.55,1.3009,1.2618,9.5659,0.9482
2022-04-20,116.7306,110.9084,1.0857,127.76,1.3055,1.249,9.438,0.9469
2022-04-21,117.1432,111.2516,1.0839,128.62,1.3042,1.2526,9.4918,0.9533
2022-04-22,118.0186,112.2047,1.079,128.78,1.2848,1.2716,9.5434,0.9587
2022-04-25,118.6271,112.8221,1.0703,127.66,1.2698,1.2775,9.7392,0.9585
2022-04-26,118.9624,113.1286,1.0661,127.37,1.2617,1.2796,9.7993,0.961
2022-04-27,119.4708,113.9519,1.0549,128.44,1.2547,1.283,9.849,0.9695
2022-04-28,120.0675,114.5503,1.05,130.94,1.2443,1.2831,9.8478,0.9724
2022-04-29,119.4933,114.0791,1.0537,129.84,1.2565,1.2802,9.8011,0.9723
2022-05-02,119.8825,114.4897,1.0521,130.18,1.2523,1.2884,9.8905,0.977
2022-05-03,119.7043,114.3163,1.0532,130.09,1.251,1.2837,9.8541,0.9785
2022-05-04,119.5592,114.259,1.0539,129.97,1.2487,1.2817,9.8618,0.9829
2022-05-05,120.0068,114.7373,1.0507,130.41,1.2334,1.2849,9.9672,0.9874
2022-05-06,119.8577,114.5128,1.0572,130.35,1.2344,1.289,9.9201,0.9858
2022-05-09,120.4972,114.8773,1.0559,130.37,1.2335,1.2962,10.084,0.9927
2022-05-10,120.7742,115.2181,1.0531,130.21,1.2313,1.303,10.0699,0.9949
2022-05-11,120.3925,114.9032,1.0537,130.2,1.2317,1.2943,10.0144,0.9907
2022-05-12,121.2796,115.973,1.0376,128.1,1.2198,1.3055,10.145,1.0004
2022-05-13,120.8442,115.5408,1.041,129.23,1.2242,1.2929,10.0575,1.0014
2022-05-16,120.6881,115.3481,1.042,129.15,1.227,1.2883,10.0705,1.0028
2022-05-17,119.8871,114.442,1.0532,129.31,1.2468,1.2839,9.9248,0.9931
2022-05-18,120.0274,114.5669,1.0494,128.22,1.2396,1.2838,10.003,0.9902
2022-05-19,119.4278,113.7849,1.0587,127.62,1.2504,1.2821,9.9099,0.9729
2022-05-20,119.3677,114.0142,1.0559,127.86,1.2492,1.2837,9.9506,0.9749
2022-05-23,118.7169,113.2148,1.0668,127.78,1.2571,1.2784,9.8306,0.9664
2022-05-24,118.6245,112.8763,1.0744,126.56,1.2544,1.284,9.7688,0.9597
2022-05-25,118.9598,113.3734,1.0658,127.31,1.2539,1.2837,9.8867,0.9637
2022-05-26,118.7687,112.877,1.0725,127.23,1.2582,1.2788,9.8743,0.9595
2022-05-27,118.2834,112.7387,1.0709,127.14,1.2613,1.274,9.836,0.9575
2022-05-30,,,,,,,,
2022-05-31,118.0704,112.4914,1.0731,128.53,1.2624,1.2639,9.7641,0.957
2022-06-01,118.6954,113.3014,1.0646,130.09,1.2472,1.267,9.8602,0.9644
2022-06-02,118.0658,112.5218,1.0733,129.83,1.2557,1.2587,9.7259,0.9592
2022-06-03,118.2153,112.7463,1.0721,130.71,1.2496,1.2581,9.7769,0.9625
2022-06-06,118.3081,112.8997,1.0699,131.55,1.2544,1.257,9.7797,0.969
2022-06-07,118.4414,112.9352,1.0697,132.53,1.2594,1.255,9.7933,0.9731
2022-06-08,118.3951,112.868,1.074,134.06,1.2557,1.2524,9.7809,0.975
2022-06-09,118.9226,113.6681,1.0656,134.06,1.2511,1.2651,9.8777,0.9778
2022-06-10,119.9981,114.9004,1.0521,134.19,1.233,1.2782,10.017,0.9886
2022-06-13,121.1523,115.7313,1.0436,134.12,1.217,1.2851,10.1753,0.9966
2022-06-14,121.6669,116.3202,1.0416,134.89,1.2011,1.2933,10.1997,1.0016
2022-06-15,121.6403,116.4426,1.0388,134.5,1.2057,1.297,10.2548,1.0021
2022-06-16,120.6714,114.8385,1.0531,131.65,1.2341,1.2925,10.1781,0.9663
2022-06-17,121.2369,115.9556,1.0473,135.14,1.2201,1.3054,10.2012,0.9717
2022-06-20,,,,,,,,
2022-06-21,120.6427,115.2516,1.0548,136.25,1.2277,1.2927,10.0844,0.966
2022-06-22,120.5197,115.069,1.0583,136.05,1.228,1.2932,10.0774,0.9615
2022-06-23,120.7622,115.4869,1.0503,134.72,1.224,1.2979,10.194,0.9606
2022-06-24,120.4853,115.131,1.0539,135.22,1.2273,1.2919,10.1325,0.9569
2022-06-27,120.1736,114.685,1.0601,135.26,1.2305,1.287,10.0603,0.9551
2022-06-28,120.62,115.2284,1.0534,136.19,1.22,1.2882,10.1233,0.9563
2022-06-29,120.9616,115.5158,1.0477,136.5,1.2151,1.2861,10.1998,0.9541
2022-06-30,120.9652,115.4958,1.0469,135.69,1.2162,1.2871,10.24,0.955
2022-07-01,121.5058,116.0558,1.0409,135.09,1.2048,1.2915,10.3358,0.9623
2022-07-04,,,,,,,,
2022-07-05,122.6203,117.4026,1.0254,135.72,1.1932,1.3064,10.5264,0.969
2022-07-06,123.0073,117.7991,1.0173,135.66,1.1907,1.3052,10.5621,0.9714
2022-07-07,122.7257,117.6403,1.0159,135.99,1.1994,1.2988,10.5523,0.9734
2022-07-08,122.4662,117.4392,1.0178,136.16,1.2036,1.2947,10.5523,0.9775
2022-07-11,123.2974,118.2544,1.0088,137.29,1.1907,1.2979,10.5889,0.9794
2022-07-12,123.4524,118.3487,1.0069,136.68,1.1905,1.3003,10.545,0.9812
2022-07-13,123.2834,118.1879,1.0081,137.34,1.1919,1.2956,10.5139,0.9784
2022-07-14,124.0622,119.111,1.0028,138.94,1.1827,1.31,10.5677,0.9829
2022-07-15,123.4765,118.5253,1.0089,138.57,1.1857,1.3041,10.4818,0.9776
2022-07-18,122.7727,117.6667,1.016,138.23,1.1989,1.2919,10.3474,0.9764
2022-07-19,122.4819,117.0458,1.0238,137.94,1.2022,1.2887,10.2143,0.9683
2022-07-20,122.5997,117.2006,1.0217,138.16,1.1989,1.2875,10.2195,0.9721
2022-07-21,122.9032,117.3012,1.0197,137.94,1.1968,1.2885,10.233,0.9693
2022-07-22,122.451,116.8,1.0225,136.12,1.2019,1.2861,10.2069,0.9613
2022-07-25,122.4594,116.8847,1.0211,136.72,1.2042,1.2845,10.1975,0.9651
2022-07-26,122.7581,117.4589,1.0116,136.62,1.2036,1.2891,10.3258,0.9634
2022-07-27,122.8169,117.5686,1.0108,137.31,1.2027,1.2881,10.3441,0.965
2022-07-28,122.1161,116.7266,1.0163,134.45,1.2126,1.2835,10.247,0.9568
2022-07-29,121.7678,116.2319,1.0202,133.25,1.2183,1.2801,10.1871,0.9513
2022-08-01,121.4109,115.7034,1.027,131.8,1.2278,1.283,10.0995,0.9486
2022-08-02,121.9486,116.3237,1.0194,132.32,1.2218,1.2855,10.2032,0.9543
2022-08-03,122.3888,116.9254,1.0146,134.18,1.2132,1.2869,10.2234,0.963
2022-08-04,121.8333,116.3557,1.0221,133.28,1.2141,1.2852,10.1344,0.9565
2022-08-05,122.321,117.1857,1.017,135.33,1.2061,1.2942,10.1988,0.9635
2022-08-08,121.8783,116.58,1.0207,134.73,1.2098,1.2854,10.1527,0.9545
2022-08-09,121.8614,116.5788,1.0226,134.95,1.2089,1.288,10.1606,0.9525
2022-08-10,120.7543,115.2591,1.0337,132.58,1.2245,1.2773,10.0282,0.941
2022-08-11,120.7163,115.1811,1.0338,132.66,1.223,1.2744,10.0363,0.9391
2022-08-12,121.018,115.8901,1.0257,133.57,1.2132,1.2783,10.1982,0.943
2022-08-15,121.4315,116.5476,1.0186,133.13,1.209,1.2891,10.3055,0.9449
2022-08-16,121.6807,116.747,1.0174,134.38,1.209,1.2874,10.3475,0.9506
2022-08-17,122.0711,117.1714,1.0164,135.4,1.203,1.2932,10.408,0.9537
2022-08-18,122.3627,117.4996,1.0114,135.29,1.197,1.2945,10.4803,0.9546
2022-08-19,123.0501,118.3825,1.0039,137.01,1.181,1.2994,10.5913,0.959
2022-08-22,123.605,119.1745,0.9936,137.57,1.1752,1.3038,10.7208,0.9652
2022-08-23,123.0547,118.4712,0.9976,136.36,1.1844,1.2945,10.6062,0.9632
2022-08-24,123.109,118.7101,0.9967,136.92,1.1802,1.2969,10.605,0.9664
2022-08-25,123.0586,118.6402,0.9959,136.83,1.1803,1.2944,10.5966,0.9648
2022-08-26,123.0656,118.6643,0.9998,137.07,1.1778,1.3006,10.6126,0.9635
2022-08-29,123.4686,118.9134,1.0,138.74,1.1718,1.3001,10.6644,0.9688
2022-08-30,123.6848,119.1795,1.0018,138.73,1.1651,1.309,10.6714,0.9746
2022-08-31,123.535,118.9531,1.0065,138.69,1.1647,1.3091,10.6283,0.9748
2022-09-01,124.4006,120.0515,0.995,139.93,1.1541,1.316,10.7993,0.9838
2022-09-02,123.7743,119.3712,1.003,140.03,1.1582,1.3089,10.6995,0.9801
2022-09-05,,,,,,,,
2022-09-06,124.767,120.4203,0.9914,142.95,1.1549,1.3122,10.7938,0.9839
2022-09-07,124.8408,120.583,0.9942,144.39,1.1473,1.3166,10.7604,0.9808
2022-09-08,124.578,120.2724,0.9956,144.05,1.1489,1.3118,10.7413,0.9726
2022-09-09,123.7874,119.1943,1.0046,142.44,1.16,1.3036,10.6114,0.9604
2022-09-12,123.3332,118.4479,1.0129,142.41,1.1701,1.2976,10.6147,0.9519
2022-09-13,124.4242,119.9479,0.9997,144.3,1.1526,1.3123,10.6477,0.9608
2022-09-14,124.4509,119.901,0.9993,142.93,1.1564,1.3156,10.6881,0.9612
2022-09-15,124.8843,120.2089,0.9991,143.57,1.1472,1.3204,10.7288,0.9607
2022-09-16,124.8794,120.3201,1.0013,143.04,1.1419,1.3273,10.767,0.9647
2022-09-19,125.0104,120.4727,1.0003,143.34,1.1403,1.3287,10.8157,0.9663
2022-09-20,125.1248,120.6464,0.9994,143.64,1.1405,1.3339,10.867,0.9628
2022-09-21,125.7399,121.5503,0.988,144.14,1.133,1.3397,11.0232,0.9652
2022-09-22,126.1667,122.0284,0.9841,142.16,1.1269,1.3499,11.0671,0.9806
2022-09-23,127.2853,123.4251,0.9719,143.18,1.0921,1.3581,11.2589,0.9816
2022-09-26,128.4539,124.8505,0.9623,144.45,1.0703,1.3745,11.3341,0.9924
2022-09-27,128.4386,124.8262,0.9616,144.71,1.0753,1.3738,11.342,0.9896
2022-09-28,128.0884,123.9496,0.9681,144.15,1.0832,1.3648,11.2409,0.9756
2022-09-29,127.5437,123.415,0.9774,144.45,1.1048,1.37,11.1862,0.9798
2022-09-30,127.5148,123.4836,0.9783,144.71,1.1134,1.3752,11.125,0.9845
2022-10-03,127.0813,122.9479,0.9809,144.5,1.1272,1.3651,11.0297,0.9929
2022-10-04,126.1819,121.5251,0.9977,144.32,1.1446,1.3551,10.8576,0.9806
2022-10-05,126.8616,122.6406,0.9866,144.73,1.1275,1.3662,10.989,0.9838
2022-10-06,127.2493,123.3922,0.9806,144.94,1.1133,1.3732,11.1095,0.9899
2022-10-07,127.3111,123.4738,0.9785,145.19,1.1116,1.3692,11.1736,0.9914
2022-10-10,,,,,,,,
2022-10-11,127.6641,123.7746,0.9757,145.55,1.1168,1.3737,11.2669,0.994
2022-10-12,128.1481,124.5404,0.9692,146.87,1.1096,1.3797,11.345,0.998
2022-10-13,127.7286,123.6844,0.978,147.15,1.1344,1.3744,11.2468,0.9987
2022-10-14,128.3325,124.5826,0.9739,148.46,1.1208,1.3873,11.3133,1.0049
2022-10-17,127.6448,123.3037,0.9843,148.71,1.1427,1.3723,11.1437,0.9953
2022-10-18,127.9153,123.6712,0.9842,149.23,1.1307,1.379,11.1197,0.9962
2022-10-19,128.3968,124.1854,0.978,149.77,1.1232,1.3783,11.2058,1.0039
2022-10-20,128.0052,123.6711,0.9823,149.82,1.1288,1.3715,11.2037,1.0003
2022-10-21,127.6735,123.0497,0.9855,146.35,1.1292,1.3673,11.2125,0.9981
2022-10-24,128.0304,123.2922,0.9874,148.76,1.1295,1.3704,11.1832,1.0007
2022-10-25,127.3771,122.2631,0.9959,147.85,1.1469,1.3616,10.9841,0.9961
2022-10-26,126.4723,121.1363,1.0068,146.5,1.1615,1.3551,10.8661,0.9865
2022-10-27,126.7028,121.5497,0.9985,146.02,1.1574,1.3532,10.935,0.9899
2022-10-28,127.2135,122.2846,0.9934,147.68,1.1573,1.3622,10.9896,0.9968
2022-10-31,127.6219,122.7615,0.9885,148.63,1.1515,1.3639,11.0462,1.0006
2022-11-01,127.3987,122.8348,0.9871,148.11,1.146,1.3639,11.0258,0.9995
2022-11-02,127.3115,122.6736,0.9875,147.11,1.1467,1.3628,11.0299,0.9988
2022-11-03,128.1743,124.1283,0.9759,148.18,1.1183,1.3729,11.1845,1.0131
2022-11-04,127.1468,122.5378,0.9895,147.22,1.1279,1.3528,11.1854,0.9981
2022-11-07,126.3062,121.5787,0.9997,146.64,1.1463,1.3497,10.8605,0.9906
2022-11-08,125.633,120.49,1.0089,145.38,1.1595,1.3389,10.7162,0.9842
2022-11-09,125.9861,121.2464,1.0037,146.15,1.1396,1.3453,10.8391,0.9836
2022-11-10,124.7044,119.4187,1.0176,141.78,1.1677,1.3362,10.6242,0.9672
2022-11-11,,,,,,,,
2022-11-14,123.4277,118.0458,1.0337,140.43,1.1728,1.3295,10.4862,0.9427
2022-11-15,123.039,117.5513,1.0372,139.36,1.189,1.328,10.4312,0.9444
2022-11-16,123.2817,117.6488,1.0395,139.59,1.1889,1.3343,10.4763,0.9445
2022-11-17,123.977,118.1878,1.0341,140.45,1.1812,1.3343,10.6457,0.954
2022-11-18,123.8524,118.0837,1.0349,140.03,1.1902,1.3379,10.6108,0.9522
2022-11-21,124.7009,119.2679,1.0238,141.95,1.1785,1.3483,10.7235,0.9586
2022-11-22,124.2365,118.6573,1.0276,141.29,1.188,1.3401,10.6718,0.9531
2022-11-23,123.7574,117.842,1.0364,139.76,1.204,1.3416,10.4909,0.9432
2022-11-24,,,,,,,,
2022-11-25,123.3386,117.4331,1.0402,139.21,1.2102,1.337,10.4153,0.9459
2022-11-28,123.6032,117.7102,1.0386,138.67,1.2041,1.3433,10.4898,0.9463
2022-11-29,123.6615,118.3921,1.0356,138.28,1.1996,1.3636,10.5554,0.9506
2022-11-30,123.5175,118.4207,1.0323,139.31,1.1962,1.3538,10.6181,0.9486
2022-12-01,122.0045,116.5443,1.0498,135.55,1.2252,1.3427,10.3419,0.9377
2022-12-02,122.0102,116.3855,1.0521,134.89,1.2292,1.3448,10.3455,0.9369
2022-12-05,122.6384,117.1667,1.0494,136.55,1.2169,1.3571,10.4059,0.9421
2022-12-06,123.0191,117.3192,1.0497,136.67,1.2202,1.3652,10.3983,0.9406
2022-12-07,122.7608,117.2339,1.0505,136.57,1.2194,1.364,10.3778,0.9401
2022-12-08,122.4152,116.7503,1.0552,136.45,1.2235,1.3574,10.3435,0.9358
2022-12-09,122.4201,116.698,1.055,136.4,1.2311,1.3604,10.2983,0.932
2022-12-12,122.7714,117.0271,1.0545,137.47,1.2285,1.3654,10.3183,0.9356
2022-12-13,121.8493,115.9021,1.063,135.14,1.2375,1.353,10.2125,0.9268
2022-12-14,121.8226,115.8058,1.0655,134.95,1.2408,1.3567,10.1923,0.9238
2022-12-15,122.5519,116.6752,1.0638,137.92,1.2206,1.3649,10.3208,0.9288
2022-12-16,122.6505,116.8508,1.061,136.55,1.2168,1.369,10.3885,0.9324
2022-12-19,122.5275,116.6543,1.0624,136.87,1.218,1.3638,10.3728,0.9303
2022-12-20,122.1357,116.0366,1.0635,131.08,1.2146,1.3618,10.4182,0.9259
2022-12-21,122.2828,116.4029,1.0599,132.36,1.2072,1.3622,10.4287,0.9277
2022-12-22,122.2419,116.607,1.0588,132.34,1.2032,1.3653,10.4728,0.931
2022-12-23,121.9743,116.3308,1.0621,132.78,1.2054,1.3587,10.5236,0.9335
2022-12-26,,,,,,,,
2022-12-27,121.7539,116.0036,1.0654,133.43,1.2032,1.3504,10.4486,0.9285
2022-12-28,122.0075,116.4129,1.0622,134.27,1.2034,1.3588,10.4638,0.9275
2022-12-29,121.6577,115.9286,1.0668,133.16,1.206,1.3546,10.4492,0.9233
2022-12-30,121.4256,115.6071,1.0698,131.81,1.2077,1.3532,10.4167,0.9241
2023-01-02,,,,,,,,
2023-01-03,122.0905,116.7158,1.0559,130.83,1.197,1.3664,10.5603,0.9368
2023-01-04,121.5008,115.9047,1.062,132.0,1.2063,1.3492,10.489,0.9271
2023-01-05,122.1017,117.0223,1.0522,133.57,1.1902,1.3579,10.6977,0.9364
2023-01-06,121.0852,115.8558,1.0619,132.21,1.2064,1.3452,10.5487,0.9293
2023-01-09,120.1508,114.6894,1.0759,131.58,1.2206,1.3372,10.3592,0.918
2023-01-10,120.2483,115.1162,1.0737,132.25,1.2155,1.3433,10.435,0.9225
2023-01-11,120.1614,115.188,1.074,132.58,1.2125,1.3422,10.4843,0.9299
2023-01-12,119.4218,114.3676,1.0823,129.75,1.2182,1.338,10.4508,0.9288
2023-01-13,119.1673,114.2979,1.0811,127.85,1.2194,1.3413,10.4099,0.9284
2023-01-16,,,,,,,,
2023-01-17,119.2121,114.1976,1.0793,128.18,1.2264,1.338,10.4035,0.9215
2023-01-18,119.0755,114.0329,1.0827,128.45,1.2369,1.3436,10.2991,0.914
2023-01-19,119.6107,114.3194,1.081,128.48,1.2366,1.3494,10.3498,0.9162
2023-01-20,119.3486,114.1804,1.0831,129.97,1.2374,1.3416,10.3071,0.9221
2023-01-23,119.1434,113.9898,1.0865,130.69,1.237,1.3384,10.2387,0.9231
2023-01-24,119.0958,113.8943,1.0873,130.07,1.2323,1.3369,10.2091,0.923
2023-01-25,118.9686,113.7485,1.0901,129.64,1.2374,1.3413,10.2404,0.9199
2023-01-26,119.021,113.8362,1.0866,130.4,1.237,1.3348,10.3014,0.921
2023-01-27,118.9223,113.7498,1.0857,129.94,1.2379,1.3314,10.3183,0.9218
2023-01-30,118.8953,113.8625,1.0867,130.34,1.2373,1.335,10.3816,0.9231
2023-01-31,118.9802,113.8861,1.0858,130.17,1.2324,1.3333,10.4656,0.9186
2023-02-01,118.6259,113.524,1.0917,129.27,1.2308,1.3335,10.4293,0.9147
2023-02-02,118.3421,113.4106,1.0918,128.45,1.226,1.3317,10.356,0.912
2023-02-03,119.5095,114.605,1.0825,131.07,1.2073,1.3395,10.5166,0.925
2023-02-06,120.541,115.4706,1.0722,132.76,1.2009,1.3442,10.651,0.9278
2023-02-07,120.3475,115.3499,1.0705,131.37,1.2013,1.344,10.6079,0.9239
2023-02-08,120.1436,115.0668,1.0734,131.27,1.2093,1.343,10.582,0.9198
2023-02-09,119.9781,114.7995,1.0761,130.98,1.2157,1.3428,10.3218,0.9192
2023-02-10,120.1419,115.2791,1.067,131.5,1.2061,1.3363,10.4607,0.9246
2023-02-13,119.9828,115.0036,1.0718,132.71,1.2136,1.3348,10.3819,0.9207
2023-02-14,119.9229,115.0531,1.0722,133.05,1.2157,1.3367,10.3782,0.9224
2023-02-15,120.4557,115.591,1.0683,134.22,1.2031,1.3401,10.4304,0.9238
2023-02-16,120.4651,115.6994,1.0684,133.95,1.2018,1.3451,10.4306,0.9245
2023-02-17,120.5526,115.8724,1.0678,134.21,1.2012,1.3487,10.4656,0.9266
2023-02-20,,,,,,,,
2023-02-21,120.6256,115.9782,1.0657,134.87,1.2111,1.3515,10.3432,0.9267
2023-02-22,120.8389,116.2828,1.0623,134.77,1.2064,1.354,10.4026,0.9297
2023-02-23,121.0896,116.6363,1.0583,134.8,1.2016,1.3567,10.4476,0.9343
2023-02-24,121.5681,117.2146,1.0545,136.36,1.1948,1.3618,10.4833,0.94
2023-02-27,121.3941,116.7439,1.0596,136.18,1.2036,1.3574,10.4118,0.9375
2023-02-28,121.3341,116.7462,1.0602,136.09,1.2093,1.3616,10.4346,0.9376
2023-03-01,120.6347,116.3999,1.0674,135.82,1.2034,1.3597,10.4252,0.9387
2023-03-02,121.1302,117.052,1.0595,136.84,1.1942,1.3616,10.5063,0.942
2023-03-03,120.7742,116.7659,1.0616,136.09,1.1996,1.3609,10.4853,0.9381
2023-03-06,120.485,116.2868,1.0694,135.93,1.2048,1.3606,10.4395,0.9308
2023-03-07,121.4623,117.6117,1.0573,136.9,1.1857,1.3736,10.6996,0.9413
2023-03-08,121.4511,117.8693,1.0549,137.18,1.1837,1.3784,10.7088,0.9395
2023-03-09,121.4458,117.5368,1.0577,136.41,1.1922,1.3777,10.7029,0.9363
2023-03-10,121.2421,116.8612,1.0659,135.05,1.2043,1.3804,10.6653,0.9213
2023-03-13,120.8897,115.8424,1.0733,133.13,1.216,1.3687,10.5824,0.9118
2023-03-14,121.0141,116.0015,1.0722,134.33,1.2146,1.3676,10.4788,0.9137
2023-03-15,122.1079,117.246,1.0535,132.81,1.2032,1.3799,10.6355,0.9243
2023-03-16,121.7221,116.6945,1.0622,133.01,1.2111,1.3761,10.5073,0.9299
2023-03-17,121.5643,116.4105,1.0647,132.01,1.2141,1.3753,10.4966,0.9284
2023-03-20,121.0141,115.7174,1.0722,131.59,1.2257,1.3686,10.3763,0.9267
2023-03-21,120.8958,115.7399,1.0769,132.27,1.2195,1.3732,10.3469,0.9238
2023-03-22,120.6217,115.5962,1.0792,132.67,1.2232,1.3722,10.3496,0.9237
2023-03-23,119.7587,114.6758,1.089,130.99,1.2322,1.3658,10.2578,0.9145
2023-03-24,120.4598,115.638,1.0762,130.64,1.2225,1.3763,10.431,0.9181
2023-03-27,120.2541,115.3489,1.0789,131.49,1.2278,1.3686,10.392,0.9163
2023-03-28,119.7138,114.8151,1.0844,130.97,1.2341,1.3615,10.3416,0.9198
2023-03-29,119.7258,115.0103,1.0826,132.69,1.2313,1.3575,10.4126,0.9195
2023-03-30,119.4078,114.4897,1.0899,132.71,1.2368,1.3536,10.3678,0.914
2023-03-31,119.3602,114.5737,1.0872,132.75,1.2369,1.3525,10.3463,0.9129
2023-04-03,119.3204,114.1786,1.0891,132.35,1.2403,1.3435,10.3808,0.913
2023-04-04,119.142,113.7668,1.0951,131.6,1.2498,1.3454,10.2847,0.9071
2023-04-05,119.2953,113.8974,1.0918,131.11,1.2469,1.3453,10.3858,0.905
2023-04-06,119.3072,113.9897,1.0927,131.67,1.2456,1.3472,10.4192,0.904
2023-04-07,119.3547,114.2277,1.0913,132.11,1.2422,1.3513,10.4205,0.9049
2023-04-10,119.7948,114.8947,1.084,133.75,1.2358,1.3534,10.5569,0.9112
2023-04-11,119.5248,114.3417,1.0906,133.63,1.2409,1.348,10.4657,0.904
2023-04-12,119.003,113.7359,1.0987,133.25,1.2471,1.345,10.3359,0.8968
2023-04-13,118.3915,112.9437,1.1054,132.37,1.2531,1.3344,10.2609,0.8874
2023-04-14,118.8567,113.6808,1.098,133.74,1.2417,1.3379,10.3348,0.8955
2023-04-17,119.2787,114.1831,1.0915,134.51,1.2359,1.3403,10.3748,0.8994
2023-04-18,119.1049,113.843,1.0958,134.11,1.2419,1.3391,10.3199,0.898
2023-04-19,119.303,114.0566,1.0953,134.79,1.2442,1.3454,10.3426,0.8984
2023-04-20,119.1199,113.875,1.097,134.1,1.2448,1.3459,10.3105,0.8944
2023-04-21,119.3117,114.0967,1.0973,134.28,1.2419,1.3534,10.311,0.8926
2023-04-24,119.2039,113.8298,1.1027,134.41,1.2457,1.3543,10.2751,0.8887
2023-04-25,119.613,114.3553,1.0968,133.96,1.2398,1.3627,10.3186,0.8925
2023-04-26,119.3228,113.8137,1.1052,133.72,1.2486,1.3601,10.3153,0.8901
2023-04-27,119.4298,114.0715,1.1017,134.04,1.2471,1.3611,10.3082,0.8957
2023-04-28,119.2248,113.8617,1.104,135.99,1.2582,1.3552,10.246,0.8911
2023-05-01,119.4435,114.3811,1.097,137.35,1.2495,1.3541,10.3295,0.8961
2023-05-02,119.6105,114.3597,1.0997,136.46,1.2475,1.3627,10.3093,0.8931
2023-05-03,119.1233,113.8703,1.1049,135.31,1.2547,1.361,10.2467,0.8871
2023-05-04,119.0465,113.7771,1.1009,133.76,1.258,1.357,10.2605,0.8861
2023-05-05,118.5548,113.3767,1.1026,134.85,1.265,1.3419,10.1593,0.8913
2023-05-08,118.5759,113.2328,1.102,134.83,1.2633,1.3356,10.141,0.8894
2023-05-09,118.8239,113.7084,1.0953,135.15,1.2618,1.3399,10.1975,0.8916
2023-05-10,118.5864,113.5372,1.0966,134.52,1.2614,1.3374,10.2321,0.8911
2023-05-11,119.0303,114.1975,1.0916,134.46,1.2501,1.3487,10.3364,0.8953
2023-05-12,119.3671,114.7664,1.0856,135.63,1.2464,1.354,10.3826,0.8971
2023-05-15,119.1608,114.4877,1.0874,136.07,1.2526,1.3482,10.3516,0.8949
2023-05-16,119.1743,114.5793,1.0866,136.62,1.2494,1.3456,10.4113,0.8965
2023-05-17,119.607,114.9305,1.083,137.51,1.2475,1.3483,10.4576,0.8992
2023-05-18,120.0886,115.4242,1.0776,138.5,1.2424,1.3502,10.5732,0.9046
2023-05-19,119.7751,115.0624,1.0819,137.67,1.2464,1.3508,10.5107,0.8989
2023-05-22,120.0875,115.261,1.0806,138.65,1.2425,1.3508,10.5608,0.8991
2023-05-23,120.3204,115.4117,1.0771,138.74,1.2423,1.3485,10.631,0.9014
2023-05-24,120.4752,115.8867,1.0758,139.14,1.2368,1.3589,10.7186,0.9058
2023-05-25,120.8413,116.2806,1.0725,139.81,1.2325,1.3636,10.8258,0.906
2023-05-26,120.6304,116.3512,1.0713,140.53,1.2342,1.3625,10.8107,0.906
2023-05-29,,,,,,,,
2023-05-30,120.5546,116.1144,1.0722,139.83,1.2403,1.3593,10.8767,0.9048
2023-05-31,120.9662,116.4974,1.0654,139.78,1.2396,1.3588,10.8921,0.9129
2023-06-01,120.0491,115.3802,1.0752,138.74,1.2536,1.3441,10.8182,0.9077
2023-06-02,120.0049,115.6284,1.0724,139.76,1.2468,1.3438,10.7896,0.9075
2023-06-05,120.0048,115.6047,1.0721,139.64,1.244,1.3419,10.8502,0.9058
2023-06-06,119.9718,115.7045,1.0695,139.67,1.2418,1.3403,10.903,0.9076
2023-06-07,119.859,115.5877,1.0702,139.98,1.2451,1.3363,10.889,0.9089
2023-06-08,119.5712,114.9883,1.078,138.83,1.2547,1.338,10.8084,0.9003
2023-06-09,119.4322,115.0552,1.0749,139.35,1.2579,1.3342,10.8247,0.9026
2023-06-12,119.6376,115.3136,1.0747,139.72,1.2489,1.3377,10.8244,0.9099
2023-06-13,119.1899,114.7723,1.0792,140.0,1.2611,1.3298,10.7179,0.9053
2023-06-14,118.776,114.2082,1.0859,139.33,1.2696,1.3283,10.6586,0.8972
2023-06-15,118.5521,113.7547,1.0933,140.49,1.2762,1.3237,10.6026,0.8927
2023-06-16,118.4184,113.7736,1.0925,141.82,1.2815,1.3194,10.6508,0.8943
2023-06-19,,,,,,,,
2023-06-20,118.938,114.1578,1.09,141.46,1.2732,1.3246,10.8246,0.8993
2023-06-21,118.727,113.7714,1.0951,142.09,1.2737,1.3179,10.6927,0.895
2023-06-22,118.7552,113.8092,1.0953,142.89,1.275,1.3164,10.6975,0.8967
2023-06-23,119.152,114.3417,1.0887,143.78,1.2701,1.3196,10.7429,0.8979
2023-06-26,119.0761,114.053,1.091,143.55,1.2724,1.3145,10.7107,0.8946
2023-06-27,118.8949,113.9083,1.0961,144.0,1.2752,1.3175,10.7064,0.8941
2023-06-28,119.3382,114.5285,1.0904,144.23,1.2637,1.3249,10.8036,0.8975
2023-06-29,119.527,114.6892,1.0881,144.72,1.2617,1.3246,10.8524,0.8984
2023-06-30,119.3606,114.3258,1.092,144.47,1.2709,1.3232,10.7822,0.8947
2023-07-03,119.2119,114.3765,1.0919,144.5,1.2695,1.3243,10.825,0.8956
2023-07-04,,,,,,,,
2023-07-05,119.3483,114.6923,1.0868,144.56,1.271,1.3271,10.892,0.898
2023-07-06,119.8193,114.8337,1.0873,144.09,1.2721,1.3353,10.9585,0.8965
2023-07-07,119.0761,113.8977,1.0964,142.21,1.2838,1.3284,10.8287,0.8887
2023-07-10,118.9548,113.71,1.0991,141.56,1.2837,1.3281,10.7937,0.8869
2023-07-11,118.7344,113.4229,1.0992,140.51,1.2901,1.3249,10.6731,0.8805
2023-07-12,117.6385,112.2306,1.1123,138.21,1.2993,1.3179,10.4025,0.8676
2023-07-13,117.1831,111.5813,1.1194,138.14,1.3097,1.3126,10.215,0.8595
2023-07-14,117.0463,111.6511,1.1237,138.74,1.3113,1.3204,10.2318,0.8616
2023-07-17,117.1267,111.6328,1.1236,138.92,1.3078,1.3173,10.2514,0.8602
2023-07-18,117.0264,111.6971,1.1223,138.94,1.3054,1.3175,10.2177,0.8582
2023-07-19,117.3462,112.0296,1.1195,139.76,1.2898,1.3158,10.2759,0.8598
2023-07-20,117.5947,112.4926,1.1135,140.39,1.2849,1.3182,10.3482,0.8671
2023-07-21,117.9418,112.7643,1.112,141.75,1.2854,1.3217,10.3944,0.8658
2023-07-24,117.8124,112.7516,1.1083,141.19,1.2828,1.3154,10.408,0.8664
2023-07-25,117.8565,112.8454,1.105,140.91,1.2876,1.3179,10.3819,0.8644
2023-07-26,117.76,112.7355,1.1078,140.41,1.293,1.3218,10.4327,0.8625
2023-07-27,117.8938,113.1865,1.0998,141.03,1.287,1.3194,10.46,0.8686
2023-07-28,117.788,113.0989,1.1039,140.72,1.287,1.3225,10.5148,0.8687
2023-07-31,117.8241,113.1323,1.102,142.18,1.2857,1.316,10.4989,0.8688
2023-08-01,118.5738,113.9729,1.0971,143.34,1.275,1.3289,10.6153,0.8763
2023-08-02,119.1268,114.3057,1.0939,143.21,1.2712,1.3334,10.7352,0.8779
2023-08-03,119.3963,114.1835,1.0947,142.42,1.2709,1.334,10.7068,0.8742
2023-08-04,118.821,113.6072,1.1036,141.79,1.2775,1.3337,10.5536,0.8713
2023-08-07,119.0809,113.9538,1.1,142.45,1.2769,1.3372,10.5972,0.8742
2023-08-08,119.6407,114.5103,1.0951,143.17,1.2729,1.3454,10.726,0.8757
2023-08-09,119.476,114.4248,1.0975,143.58,1.2715,1.3442,10.6964,0.877
2023-08-10,119.1581,114.1592,1.1016,144.4,1.2726,1.3401,10.6357,0.8736
2023-08-11,119.6268,114.6566,1.0957,144.94,1.2694,1.3437,10.8329,0.8765
2023-08-14,120.0725,114.8777,1.0922,145.3,1.2691,1.3451,10.8015,0.8775
2023-08-15,120.2127,114.8644,1.0928,145.4,1.2745,1.3472,10.8374,0.8769
2023-08-16,120.3551,115.1444,1.0904,145.81,1.2749,1.3516,10.88,0.8786
2023-08-17,120.5242,115.3373,1.0874,146.16,1.2753,1.3522,10.9085,0.8792
2023-08-18,120.4321,115.3718,1.0875,145.15,1.2738,1.3557,10.9613,0.8817
2023-08-21,120.4627,115.4198,1.0888,146.26,1.2737,1.3563,10.9704,0.8799
2023-08-22,120.3554,115.5147,1.0846,145.79,1.2733,1.3547,10.9436,0.88
2023-08-23,120.0307,115.3135,1.0862,144.62,1.2715,1.3542,10.9212,0.8785
2023-08-24,120.2354,115.7542,1.0826,145.75,1.2634,1.3562,10.9934,0.8825
2023-08-25,120.5137,116.2417,1.0787,146.38,1.257,1.3626,11.0669,0.886
2023-08-28,120.3155,116.0054,1.081,146.4,1.2592,1.3596,10.9983,0.8832
2023-08-29,120.2669,115.6983,1.0851,146.01,1.2614,1.3589,10.9186,0.8798
2023-08-30,119.7937,115.0295,1.0926,145.94,1.2726,1.3515,10.8163,0.8772
2023-08-31,120.225,115.5866,1.0839,145.68,1.2667,1.3539,10.9523,0.8837
2023-09-01,120.759,116.071,1.0787,146.2,1.2594,1.3582,11.0474,0.8857
2023-09-04,,,,,,,,
2023-09-05,121.4345,116.5959,1.0727,147.63,1.2583,1.3607,11.0926,0.8888
2023-09-06,121.8671,116.8823,1.0714,147.65,1.2498,1.3655,11.1252,0.8924
2023-09-07,121.9528,116.9549,1.0704,147.13,1.2485,1.3678,11.13,0.8927
2023-09-08,121.9475,116.8491,1.0709,147.7,1.2476,1.3621,11.1088,0.8927
2023-09-11,121.3386,116.3975,1.0744,146.46,1.2529,1.3581,11.0717,0.891
2023-09-12,121.2913,116.5323,1.0726,147.12,1.2477,1.3553,11.1053,0.8913
2023-09-13,121.0549,116.4617,1.0737,147.45,1.2488,1.3533,11.1188,0.8925
2023-09-14,121.2395,116.8332,1.066,147.17,1.241,1.3513,11.1695,0.8949
2023-09-15,121.199,116.8328,1.0673,147.83,1.2392,1.3504,11.1561,0.896
2023-09-18,121.1938,116.6555,1.0695,147.63,1.2403,1.3482,11.1553,0.8964
2023-09-19,121.1645,116.611,1.0684,147.8,1.2393,1.3431,11.1497,0.8979
2023-09-20,120.9648,116.3993,1.0715,147.74,1.2389,1.3424,11.0621,0.8953
2023-09-21,121.5528,116.9502,1.0664,147.42,1.2299,1.3484,11.1692,0.9033
2023-09-22,121.5306,117.037,1.066,148.24,1.2257,1.3467,11.1132,0.9064
2023-09-25,122.1143,117.5011,1.0591,148.74,1.2218,1.3473,11.0506,0.912
2023-09-26,122.4742,117.7563,1.0573,148.9,1.2168,1.3509,11.0262,0.9144
2023-09-27,122.9895,118.2038,1.051,149.48,1.2133,1.3512,11.0391,0.9198
2023-09-28,122.5342,117.5948,1.0578,149.18,1.2223,1.3474,10.9116,0.915
2023-09-29,122.3077,117.7197,1.0584,149.43,1.2214,1.3535,10.8936,0.9141
2023-10-02,123.0545,118.6248,1.05,149.8,1.213,1.3666,11.0225,0.9176
2023-10-03,123.7848,119.0811,1.0453,149.16,1.2069,1.372,11.1291,0.9226
2023-10-04,123.5946,118.6173,1.0518,148.83,1.2157,1.3739,11.0579,0.916
2023-10-05,123.8993,118.4997,1.0527,148.49,1.2171,1.3736,11.0267,0.9141
2023-10-06,123.3563,117.8757,1.0596,149.08,1.2255,1.3657,10.9401,0.9082
2023-10-09,,,,,,,,
2023-10-10,122.9282,117.4562,1.0618,148.62,1.2288,1.3579,10.8589,0.9039
2023-10-11,122.7697,117.5738,1.062,149.17,1.2304,1.3617,10.8987,0.9025
2023-10-12,123.2101,118.1909,1.0553,149.71,1.2214,1.3656,10.9661,0.9064
2023-10-13,123.5954,118.4837,1.0502,149.62,1.2139,1.365,11.0284,0.9018
2023-10-16,123.3185,118.0814,1.0546,149.57,1.2198,1.3615,10.9307,0.9007
2023-10-17,123.1202,117.8461,1.0593,149.71,1.2206,1.3622,10.8881,0.8995
2023-10-18,123.8148,118.4101,1.0532,149.86,1.215,1.3696,11.0308,0.8985
2023-10-19,123.798,118.2644,1.057,149.92,1.2145,1.3716,10.9694,0.8956
2023-10-20,123.612,118.0652,1.0592,149.85,1.2153,1.3692,10.9656,0.8918
2023-10-23,123.2846,117.6817,1.0646,149.78,1.2235,1.3676,10.9841,0.8919
2023-10-24,123.6416,118.1712,1.0595,149.84,1.217,1.3744,11.1072,0.8935
2023-10-25,123.7871,118.3517,1.0583,149.94,1.214,1.3772,11.1065,0.8951
2023-10-26,124.0064,118.8531,1.0532,150.44,1.2113,1.383,11.1884,0.8995
2023-10-27,123.62,118.5355,1.0592,149.6,1.2151,1.3866,11.1296,0.9021
2023-10-30,123.4076,118.2491,1.062,149.01,1.2157,1.3829,11.1386,0.9017
2023-10-31,123.8364,118.9232,1.0568,151.46,1.2135,1.3878,11.1759,0.91
2023-11-01,123.7922,119.0259,1.0538,150.96,1.2127,1.3879,11.224,0.9103
2023-11-02,122.8818,118.2725,1.0618,150.48,1.2175,1.3788,11.1318,0.9061
2023-11-03,121.7564,117.0441,1.0733,149.36,1.2374,1.3671,10.9064,0.8984
2023-11-06,121.6484,116.964,1.0747,149.77,1.2391,1.3662,10.8827,0.8969
2023-11-07,122.0777,117.7165,1.0687,150.47,1.2296,1.3769,10.9362,0.9005
2023-11-08,122.0926,117.6496,1.0715,150.77,1.2301,1.3798,10.8782,0.898
2023-11-09,122.1281,117.6505,1.071,151.04,1.2279,1.3766,10.8488,0.8996
2023-11-10,,,,,,,,
2023-11-13,122.4264,117.8143,1.07,151.56,1.2268,1.3781,10.8347,0.9014
2023-11-14,121.35,116.4735,1.0861,150.75,1.2483,1.3711,10.6129,0.8905
2023-11-15,121.0749,116.4281,1.0853,151.07,1.2431,1.3665,10.5247,0.8872
2023-11-16,121.1754,116.7065,1.0851,150.59,1.2423,1.3774,10.6114,0.8882
2023-11-17,120.8477,116.3997,1.0879,149.82,1.243,1.374,10.5562,0.887
2023-11-20,120.2533,115.7897,1.0945,148.26,1.2505,1.372,10.4518,0.8841
2023-11-21,120.2241,115.7399,1.0923,147.88,1.254,1.369,10.4492,0.8831
2023-11-22,120.6802,116.3299,1.0871,149.67,1.2468,1.3733,10.5111,0.8853
2023-11-23,,,,,,,,
2023-11-24,120.2105,115.564,1.0934,149.57,1.2601,1.3608,10.4512,0.8818
2023-11-27,120.173,115.5293,1.0937,148.89,1.2613,1.3633,10.447,0.8811
2023-11-28,119.5904,114.7536,1.1007,147.41,1.2713,1.3562,10.3235,0.8763
2023-11-29,119.8159,115.0409,1.0969,147.39,1.269,1.3596,10.367,0.8752
2023-11-30,120.2434,115.3681,1.0908,147.87,1.264,1.3587,10.4386,0.8725
2023-12-01,119.9424,115.1297,1.0878,147.0,1.2682,1.3495,10.3749,0.8706
2023-12-04,120.4727,115.576,1.0824,147.15,1.2633,1.3537,10.4506,0.873
2023-12-05,120.7913,115.9501,1.0787,147.26,1.259,1.3577,10.4975,0.876
2023-12-06,120.5334,115.9056,1.079,147.16,1.2589,1.358,10.4472,0.8741
2023-12-07,120.6013,115.6602,1.0794,144.1,1.2582,1.3594,10.3998,0.8758
2023-12-08,120.7607,116.0542,1.0746,144.88,1.2539,1.3595,10.4897,0.881
2023-12-11,120.9279,116.0984,1.0747,146.41,1.255,1.3568,10.5039,0.8795
2023-12-12,120.6817,115.8905,1.079,145.45,1.2549,1.3611,10.4544,0.8757
2023-12-13,121.1571,115.7695,1.0793,145.17,1.2527,1.357,10.4443,0.8761
2023-12-14,119.5683,113.7589,1.0997,141.53,1.2767,1.3404,10.2029,0.8639
2023-12-15,119.7382,114.206,1.0906,141.8,1.2709,1.3374,10.2539,0.8688
2023-12-18,119.9102,114.3608,1.092,143.04,1.2632,1.3391,10.2216,0.8682
2023-12-19,119.4632,113.8341,1.0977,143.62,1.2751,1.334,10.1649,0.8609
2023-12-20,119.5435,113.9787,1.0957,143.77,1.266,1.3322,10.1464,0.8615
2023-12-21,119.3168,113.5798,1.099,142.16,1.2668,1.3294,10.1015,0.8577
2023-12-22,119.0625,113.3804,1.1008,142.6,1.272,1.3259,10.0149,0.8564
2023-12-25,,,,,,,,
2023-12-26,118.8875,113.1317,1.1035,142.48,1.2709,1.3208,10.0285,0.8552
2023-12-27,118.4729,112.5314,1.1114,142.05,1.2797,1.3201,9.9291,0.8417
2023-12-28,118.4104,112.6671,1.1073,141.08,1.2743,1.3202,9.9748,0.8396
2023-12-29,118.4208,112.726,1.1062,140.92,1.2743,1.3202,10.0506,0.8405
2024-01-01,,,,,,,,
2024-01-02,119.2686,113.7247,1.0957,141.89,1.2632,1.331,10.1963,0.8483
2024-01-03,119.6958,114.248,1.0909,143.55,1.2641,1.3358,10.3025,0.8523
2024-01-04,119.6208,114.0412,1.0957,144.59,1.2692,1.3355,10.2089,0.8503
2024-01-05,119.388,113.9205,1.0957,144.52,1.274,1.3331,10.237,0.8486
2024-01-08,119.2506,113.8086,1.0976,143.89,1.2766,1.3361,10.2199,0.8466
2024-01-09,119.6666,114.1805,1.0935,144.35,1.272,1.3384,10.2473,0.8515
2024-01-10,119.7614,114.1564,1.096,145.68,1.273,1.3379,10.2338,0.8514
2024-01-11,119.8916,114.474,1.0943,146.03,1.2712,1.3439,10.3012,0.8556
2024-01-12,119.534,114.1353,1.0959,144.86,1.2746,1.3399,10.2769,0.8523
2024-01-15,,,,,,,,
2024-01-16,120.5759,115.0383,1.0882,147.01,1.2657,1.3472,10.4211,0.8604
2024-01-17,121.0402,115.4528,1.0858,148.39,1.2666,1.3523,10.4769,0.8667
2024-01-18,120.8895,115.3496,1.0863,148.15,1.2687,1.3503,10.4924,0.8685
2024-01-19,120.6442,115.1716,1.0887,148.21,1.2677,1.3467,10.4721,0.8694
2024-01-22,120.6178,115.0227,1.0895,147.95,1.2728,1.3454,10.4395,0.8686
2024-01-23,121.1001,115.5508,1.0829,148.55,1.2661,1.3486,10.502,0.8718
2024-01-24,120.4916,114.9182,1.0901,147.31,1.2754,1.3479,10.4145,0.8631
2024-01-25,120.8311,115.3622,1.0837,147.69,1.27,1.3489,10.4485,0.8674
2024-01-26,120.6173,115.1201,1.0866,147.94,1.272,1.3456,10.4253,0.8635
2024-01-29,120.8538,115.3719,1.0807,147.65,1.2681,1.3439,10.4746,0.864
2024-01-30,120.6025,115.1174,1.0844,147.71,1.2683,1.3409,10.4075,0.8624
2024-01-31,120.4331,114.8034,1.0855,146.26,1.2733,1.3384,10.3475,0.8587
2024-02-01,120.3335,114.7654,1.0865,146.18,1.2727,1.338,10.3899,0.8579
2024-02-02,120.902,115.7063,1.0787,148.54,1.2627,1.3458,10.495,0.8676
2024-02-05,121.349,116.2838,1.0736,148.79,1.2532,1.3533,10.6173,0.8711
2024-02-06,120.9588,115.9806,1.0751,148.03,1.2589,1.3499,10.5323,0.8702
2024-02-07,120.9049,115.8064,1.0769,148.04,1.2629,1.347,10.4699,0.8731
2024-02-08,121.0798,115.8982,1.0774,149.25,1.262,1.3463,10.4771,0.8736
2024-02-09,121.039,115.8946,1.0782,149.38,1.2628,1.3478,10.4703,0.875
2024-02-12,120.9378,115.8242,1.0774,149.37,1.2631,1.3437,10.4173,0.8759
2024-02-13,121.5202,116.6347,1.072,150.72,1.2606,1.3563,10.5712,0.8863
2024-02-14,121.4002,116.5313,1.0735,150.5,1.2562,1.355,10.5249,0.8852
2024-02-15,121.2121,116.1875,1.0761,150.19,1.258,1.3493,10.4647,0.8808
2024-02-16,121.1505,116.1208,1.0769,150.34,1.259,1.3483,10.4505,0.8813
2024-02-19,,,,,,,,
2024-02-20,121.0199,115.8645,1.0814,149.87,1.2645,1.3517,10.3512,0.8807
2024-02-21,121.0379,115.8756,1.0818,150.29,1.2624,1.3504,10.3701,0.8799
2024-02-22,121.102,115.8821,1.0815,150.62,1.2649,1.3496,10.3371,0.8816
2024-02-23,121.0369,115.7642,1.0828,150.36,1.2678,1.3502,10.3143,0.8804
2024-02-26,121.0592,115.705,1.0855,150.79,1.2681,1.3513,10.2837,0.8801
2024-02-27,120.9647,115.668,1.0857,150.46,1.2693,1.3522,10.2961,0.8792
2024-02-28,121.128,115.9053,1.0843,150.68,1.267,1.357,10.3329,0.8786
2024-02-29,121.1824,116.0773,1.0807,149.9,1.2632,1.3568,10.3652,0.8833
2024-03-01,121.0111,115.9238,1.0832,150.2,1.2652,1.3553,10.3226,0.8844
2024-03-04,120.872,115.7868,1.0862,150.44,1.2701,1.3563,10.3494,0.8841
2024-03-05,120.8846,115.7989,1.0861,150.14,1.2712,1.3579,10.3709,0.8837
2024-03-06,120.4649,115.2164,1.0913,149.17,1.2757,1.3509,10.271,0.8812
2024-03-07,120.1909,114.8179,1.0941,148.08,1.2796,1.3466,10.2287,0.8781
2024-03-08,119.975,114.6756,1.0941,147.17,1.2852,1.3468,10.212,0.8766
2024-03-11,120.0394,114.8158,1.0928,146.86,1.2807,1.3485,10.2405,0.8783
2024-03-12,120.1668,114.9736,1.0918,147.69,1.2786,1.3495,10.2388,0.8782
2024-03-13,119.9642,114.779,1.0944,147.73,1.2799,1.347,10.2318,0.878
2024-03-14,120.241,115.2937,1.0888,148.19,1.2749,1.3516,10.3287,0.8834
2024-03-15,120.4003,115.4248,1.0888,149.14,1.2742,1.353,10.3648,0.8837
2024-03-18,120.5752,115.4928,1.0886,149.13,1.2736,1.354,10.425,0.8862
2024-03-19,120.9332,115.8867,1.0859,150.73,1.2713,1.3578,10.4367,0.8882
2024-03-20,120.9289,115.9661,1.0856,151.66,1.2713,1.3562,10.4746,0.8911
2024-03-21,120.8086,115.9649,1.0861,151.59,1.267,1.3536,10.4639,0.8993
2024-03-22,121.1842,116.3714,1.0817,151.35,1.2603,1.3594,10.5507,0.8983
2024-03-25,121.0295,116.2006,1.0837,151.42,1.2648,1.3579,10.5689,0.8983
2024-03-26,121.0742,116.2795,1.0829,151.58,1.263,1.3568,10.5779,0.9027
2024-03-27,121.0089,116.3703,1.0821,151.35,1.2631,1.3586,10.6099,0.9056
2024-03-28,121.0635,116.3062,1.0801,151.35,1.2634,1.353,10.6881,0.9006
2024-03-29,121.0191,116.3678,1.0791,151.22,1.2637,1.354,10.6834,0.9015
2024-04-01,121.5151,116.9258,1.0733,151.72,1.2545,1.3579,10.8241,0.9055
2024-04-02,121.3035,116.6766,1.0769,151.55,1.2576,1.357,10.7143,0.9071
2024-04-03,121.0198,116.1931,1.0827,151.67,1.2635,1.3521,10.6401,0.9038
2024-04-04,120.7613,115.8933,1.0865,151.66,1.2669,1.3493,10.5732,0.9049
2024-04-05,120.9646,116.215,1.0841,151.59,1.2633,1.358,10.6267,0.9005
2024-04-08,120.7359,116.1784,1.0853,151.78,1.2655,1.3583,10.5628,0.9051
2024-04-09,120.7048,116.1158,1.0856,151.73,1.2676,1.3583,10.5682,0.9032
2024-04-10,121.5727,117.2762,1.0737,152.9,1.2544,1.3688,10.7254,0.9127
2024-04-11,121.6081,117.3968,1.0722,153.19,1.2535,1.3705,10.7582,0.9107
2024-04-12,122.2885,117.9866,1.0647,153.12,1.2457,1.3756,10.8792,0.912
2024-04-15,122.425,118.0899,1.0644,154.25,1.2466,1.3751,10.8778,0.9137
2024-04-16,123.1234,118.4156,1.0628,154.57,1.2437,1.3824,10.9406,0.9128
2024-04-17,123.0207,118.2902,1.0644,154.61,1.2443,1.3804,10.9925,0.9121
2024-04-18,123.0017,118.0605,1.066,154.61,1.2465,1.3755,10.9315,0.9115
2024-04-19,123.1075,118.1073,1.0655,154.55,1.2397,1.3742,10.9212,0.9092
2024-04-22,123.0609,118.1482,1.0655,154.77,1.2341,1.3721,10.9248,0.9119
2024-04-23,122.7227,117.7319,1.0695,154.81,1.2434,1.3676,10.828,0.9117
2024-04-24,122.89,117.9169,1.0687,155.11,1.2434,1.3721,10.8853,0.9141
2024-04-25,122.8384,117.6496,1.0721,155.52,1.2494,1.3691,10.9055,0.9134
2024-04-26,122.9471,117.9716,1.0686,157.62,1.2474,1.3678,10.9472,0.9142
2024-04-29,122.5449,117.5622,1.0717,156.71,1.2553,1.3649,10.932,0.9108
2024-04-30,122.9853,118.1415,1.0684,157.54,1.2514,1.3748,10.988,0.9174
2024-05-01,123.0168,118.2332,1.068,157.65,1.2488,1.376,10.9733,0.9195
2024-05-02,122.4384,117.543,1.0706,153.77,1.2507,1.3696,10.8953,0.9119
2024-05-03,122.1375,116.9941,1.077,152.85,1.255,1.3683,10.8001,0.9047
2024-05-06,121.8913,116.9458,1.0779,153.85,1.2575,1.3655,10.7976,0.9052
2024-05-07,122.093,117.2547,1.0767,154.59,1.2535,1.3712,10.829,0.9072
2024-05-08,122.1926,117.4481,1.0755,155.42,1.2503,1.3719,10.8938,0.9076
2024-05-09,122.1634,117.3112,1.0771,155.68,1.2505,1.369,10.8739,0.9072
2024-05-10,122.014,117.2191,1.0773,155.85,1.2528,1.3663,10.8322,0.9063
2024-05-13,122.0261,117.1372,1.0796,156.17,1.2563,1.3675,10.8328,0.9075
2024-05-14,121.9256,116.9679,1.0818,156.5,1.2588,1.365,10.8257,0.9067
2024-05-15,121.3543,116.4407,1.086,155.02,1.2658,1.3612,10.6967,0.9041
2024-05-16,121.2236,116.3509,1.0875,155.25,1.2682,1.3606,10.6933,0.9044
2024-05-17,121.2354,116.4315,1.0869,155.57,1.2703,1.3615,10.7141,0.9079
2024-05-20,121.2289,116.5124,1.0861,156.09,1.2708,1.3611,10.6967,0.9097
2024-05-21,121.3793,116.624,1.0855,156.08,1.271,1.3644,10.7009,0.9108
2024-05-22,121.5462,116.81,1.0836,156.49,1.2739,1.3667,10.7284,0.914
2024-05-23,121.7477,116.9877,1.0827,157.05,1.2717,1.3696,10.7266,0.9144
2024-05-24,121.6172,116.7535,1.0852,156.9,1.2746,1.3665,10.6566,0.9143
2024-05-27,,,,,,,,
2024-05-28,121.43,116.449,1.0879,156.9,1.2786,1.363,10.5358,0.9106
2024-05-29,122.1641,117.1122,1.0811,157.62,1.2714,1.3702,10.6663,0.9135
2024-05-30,121.9601,116.7158,1.0837,156.63,1.2739,1.3668,10.5925,0.9036
2024-05-31,122.098,116.6627,1.0846,157.19,1.2738,1.3646,10.5396,0.9034
2024-06-03,122.3509,116.1688,1.089,156.04,1.2795,1.3626,10.4075,0.8954
2024-06-04,122.7256,116.2569,1.0878,154.87,1.2785,1.3684,10.4556,0.8904
2024-06-05,122.5339,116.5053,1.0865,156.21,1.2771,1.3705,10.4209,0.894
2024-06-06,122.3713,116.3147,1.0883,155.98,1.2786,1.3684,10.4094,0.8917
2024-06-07,123.549,116.996,1.0807,156.58,1.2727,1.3747,10.5347,0.896
2024-06-10,123.9125,117.284,1.0751,156.93,1.2733,1.3755,10.496,0.8968
2024-06-11,124.0349,117.4501,1.0733,157.32,1.2725,1.3764,10.5102,0.8987
2024-06-12,123.8295,116.4138,1.0843,155.88,1.2843,1.369,10.3076,0.8918
2024-06-13,124.0235,117.1531,1.0756,156.77,1.2764,1.3746,10.4739,0.8935
2024-06-14,124.1694,117.5105,1.0699,157.28,1.2685,1.3735,10.5315,0.8907
2024-06-17,124.239,117.4855,1.0723,157.8,1.2689,1.3752,10.5146,0.8914
2024-06-18,123.9776,117.2423,1.0739,157.81,1.2699,1.3723,10.4425,0.8842
2024-06-19,,,,,,,,
2024-06-20,124.192,117.5029,1.0708,158.77,1.2671,1.3703,10.4703,0.8912
2024-06-21,124.1086,117.6717,1.0694,159.45,1.2645,1.3698,10.5173,0.8938
2024-06-24,123.7125,117.3958,1.0727,159.71,1.2684,1.3658,10.468,0.8939
2024-06-25,123.9417,117.5194,1.0705,159.68,1.2677,1.3658,10.5071,0.8944
2024-06-26,124.26,117.8716,1.0682,160.68,1.2625,1.3697,10.5696,0.8973
2024-06-27,124.3379,117.727,1.0708,160.7,1.2653,1.3693,10.616,0.898
2024-06-28,124.2103,117.7119,1.0711,160.88,1.264,1.3684,10.5996,0.8992
2024-07-01,124.4667,117.8555,1.0728,161.55,1.265,1.3742,10.6292,0.9039
2024-07-02,124.2917,117.6715,1.0737,161.53,1.2679,1.3691,10.6157,0.9046
2024-07-03,123.7768,117.0643,1.0799,161.48,1.2766,1.3624,10.4807,0.9007
2024-07-04,,,,,,,,
2024-07-05,123.4762,116.8128,1.0828,160.73,1.2807,1.3631,10.4839,0.8976
2024-07-08,123.3576,116.782,1.0835,160.77,1.2829,1.3637,10.5494,0.8971
2024-07-09,123.4071,116.9781,1.0813,161.4,1.2787,1.3636,10.5532,0.8978
2024-07-10,123.1895,116.8462,1.0823,161.73,1.2842,1.3608,10.5459,0.8992
2024-07-11,122.769,116.2736,1.087,158.58,1.292,1.3619,10.4836,0.8939
2024-07-12,122.4404,116.0313,1.0902,157.88,1.2986,1.3627,10.5289,0.8942
2024-07-15,122.6347,116.081,1.0912,157.89,1.2986,1.3662,10.5752,0.8949
2024-07-16,122.7264,116.3715,1.0885,158.57,1.2958,1.3686,10.6196,0.8953
2024-07-17,122.518,115.8476,1.0933,156.56,1.3008,1.3683,10.5445,0.8846
2024-07-18,122.7909,116.0435,1.0913,156.97,1.2973,1.3695,10.568,0.8858
2024-07-19,123.147,116.3514,1.0888,157.38,1.2922,1.3723,10.6776,0.8884
2024-07-22,123.2172,116.4958,1.088,157.08,1.2911,1.3756,10.732,0.89
2024-07-23,123.3843,116.5639,1.0855,156.02,1.2916,1.3763,10.7632,0.8915
2024-07-24,123.5575,116.3476,1.0853,153.39,1.2925,1.3783,10.7577,0.8838
2024-07-25,123.5286,116.4557,1.0861,153.97,1.2884,1.3809,10.801,0.8802
2024-07-26,123.672,116.5437,1.0859,153.86,1.2864,1.3832,10.811,0.8826
2024-07-29,124.1392,116.8302,1.0819,153.96,1.2853,1.3853,10.8291,0.886
2024-07-30,124.2855,116.8601,1.0809,153.72,1.2828,1.3848,10.7899,0.8852
2024-07-31,123.6373,116.3683,1.0823,150.38,1.284,1.3806,10.7099,0.8797
2024-08-01,123.8693,116.6128,1.0789,150.06,1.2772,1.3845,10.7027,0.8744
2024-08-02,123.4681,115.6318,1.0914,146.98,1.2798,1.3846,10.5672,0.8605
2024-08-05,123.5787,115.1181,1.0957,143.95,1.2765,1.382,10.5628,0.8528
2024-08-06,123.6532,115.3425,1.0926,145.11,1.2695,1.3791,10.527,0.8533
2024-08-07,123.5698,115.4509,1.0925,147.42,1.2718,1.3729,10.4514,0.8652
2024-08-08,123.4466,115.4776,1.0914,147.08,1.2741,1.3742,10.5292,0.8656
2024-08-09,122.9276,115.3033,1.0925,146.49,1.2766,1.3725,10.5073,0.8639
2024-08-12,123.2204,115.4225,1.0928,147.54,1.2776,1.3741,10.5245,0.8673
2024-08-13,123.0146,115.1422,1.0954,146.97,1.2828,1.3723,10.5035,0.8654
2024-08-14,122.4297,114.7193,1.1024,146.86,1.2849,1.3696,10.4438,0.8638
2024-08-15,122.5844,115.1162,1.0986,148.91,1.2863,1.3701,10.5105,0.8712
2024-08-16,122.3972,114.9415,1.0996,148.13,1.2906,1.3705,10.4926,0.8685
2024-08-19,121.8788,114.1999,1.107,146.42,1.2984,1.3659,10.3304,0.8629
2024-08-20,121.7728,113.813,1.1106,145.7,1.3027,1.3631,10.24,0.8576
2024-08-21,121.8535,113.3994,1.1143,145.19,1.3077,1.3583,10.1957,0.8515
2024-08-22,122.3626,113.6525,1.1114,145.97,1.3094,1.3605,10.2414,0.8518
2024-08-23,121.4597,112.9379,1.1176,144.86,1.3197,1.3514,10.1837,0.8492
2024-08-26,121.6943,112.9046,1.1164,144.51,1.3185,1.3485,10.2112,0.8479
2024-08-27,121.8672,112.7484,1.116,144.26,1.3235,1.3454,10.1818,0.8439
2024-08-28,121.8943,112.9407,1.1127,144.47,1.3201,1.3462,10.1862,0.842
2024-08-29,122.2333,113.1995,1.1086,144.98,1.3186,1.346,10.222,0.8466
2024-08-30,122.3262,113.5632,1.106,145.95,1.3132,1.3493,10.269,0.8493
2024-09-02,,,,,,,,
2024-09-03,122.7811,113.798,1.1043,145.82,1.3103,1.3543,10.3064,0.8503
2024-09-04,122.5144,113.3957,1.1081,144.31,1.3142,1.3519,10.2727,0.8482
2024-09-05,122.4533,113.2003,1.1096,143.43,1.3165,1.3515,10.2567,0.8453
2024-09-06,122.4991,113.2698,1.1086,142.13,1.3136,1.3561,10.2869,0.8428
2024-09-09,122.7156,113.6353,1.1042,142.92,1.3083,1.356,10.3666,0.848
2024-09-10,123.0071,113.7667,1.1025,142.28,1.3065,1.3607,10.3869,0.8459
2024-09-11,122.7754,113.8242,1.1012,141.72,1.3027,1.3595,10.3863,0.8505
2024-09-12,122.4423,113.6763,1.1041,142.24,1.3081,1.3595,10.3213,0.8527
2024-09-13,121.6551,113.2034,1.1085,140.66,1.314,1.3581,10.2093,0.8479
2024-09-16,121.4976,112.9958,1.1123,140.79,1.3202,1.3599,10.198,0.8453
2024-09-17,121.6031,113.1379,1.1118,141.77,1.3164,1.3598,10.1891,0.847
2024-09-18,121.5618,113.1375,1.1116,141.93,1.3199,1.3607,10.2063,0.8459
2024-09-19,121.3059,112.8916,1.1147,142.88,1.3279,1.356,10.171,0.8478
2024-09-20,121.4052,112.9342,1.1159,143.9,1.3305,1.3565,10.1894,0.8496
2024-09-23,121.4303,112.8181,1.113,143.59,1.3351,1.3502,10.1864,0.8475
2024-09-24,121.1291,112.6218,1.115,143.77,1.3376,1.347,10.1284,0.8459
2024-09-25,121.4447,112.7831,1.1143,144.41,1.3338,1.3466,10.1756,0.8495
2024-09-26,121.0785,112.4804,1.1184,144.68,1.3428,1.3466,10.0975,0.8463
2024-09-27,121.1111,112.4936,1.1159,142.6,1.3394,1.3504,10.1018,0.8424
2024-09-30,121.2864,112.6294,1.1145,143.25,1.3399,1.3511,10.1427,0.8444
2024-10-01,121.6881,113.1174,1.1067,143.66,1.3282,1.3492,10.2766,0.8458
2024-10-02,121.5724,113.4069,1.105,146.05,1.3271,1.3485,10.2558,0.8495
2024-10-03,122.1197,113.9425,1.1015,146.82,1.3114,1.3533,10.3156,0.854
2024-10-04,122.2197,114.5107,1.0961,148.69,1.3107,1.3578,10.3856,0.8589
2024-10-07,122.4241,114.476,1.0976,148.13,1.308,1.3608,10.3598,0.8555
2024-10-08,122.6625,114.6439,1.097,148.22,1.3093,1.3662,10.3588,0.8576
2024-10-09,122.8821,114.8895,1.0951,149.2,1.308,1.3682,10.3847,0.8595
2024-10-10,123.0951,115.112,1.0925,148.56,1.3053,1.3752,10.4004,0.8573
2024-10-11,122.9805,115.0846,1.0942,149.12,1.307,1.3768,10.3658,0.8574
2024-10-14,,,,,,,,
2024-10-15,123.5124,115.4145,1.0899,149.22,1.3083,1.3803,10.3876,0.8621
2024-10-16,123.9235,115.6394,1.0873,149.71,1.3,1.3772,10.4995,0.8642
2024-10-17,124.1122,115.8629,1.0837,150.12,1.3008,1.3791,10.5231,0.8654
2024-10-18,123.9185,115.7629,1.0854,149.58,1.3022,1.3804,10.5323,0.8659
2024-10-21,124.4757,116.1471,1.082,150.47,1.298,1.3847,10.5623,0.8658
2024-10-22,124.4107,116.2259,1.0805,151.11,1.2969,1.383,10.5418,0.8654
2024-10-23,124.6931,116.5644,1.0779,152.81,1.2944,1.3838,10.5951,0.8665
2024-10-24,124.5127,116.391,1.0806,151.87,1.2964,1.3858,10.5804,0.8668
2024-10-25,124.6105,116.4174,1.0813,152.08,1.2978,1.3882,10.5936,0.8664
2024-10-28,124.8076,116.5428,1.0819,153.21,1.2981,1.3903,10.6353,0.8659
2024-10-29,124.8612,116.6893,1.0798,153.47,1.3005,1.3909,10.6581,0.8684
2024-10-30,124.8153,116.3299,1.0864,153.15,1.3012,1.3911,10.6671,0.8664
2024-10-31,124.7988,116.5265,1.0855,152.35,1.2856,1.3939,10.7003,0.8648
2024-11-01,124.8076,116.5092,1.0848,152.94,1.2959,1.3925,10.728,0.8704
2024-11-04,124.5903,116.1663,1.0884,152.02,1.2942,1.3898,10.7068,0.8632
2024-11-05,124.5532,115.8015,1.092,151.96,1.3015,1.385,10.7044,0.8635
2024-11-06,125.7035,117.3121,1.0732,154.58,1.2897,1.3929,10.85,0.8761
2024-11-07,124.775,116.5957,1.0792,153.13,1.2985,1.3866,10.7078,0.8724
2024-11-08,125.5811,117.2227,1.071,152.58,1.2905,1.3921,10.8435,0.8755
2024-11-11,,,,,,,,
2024-11-12,126.7762,118.2661,1.0598,154.73,1.2733,1.3956,10.9327,0.8827
2024-11-13,126.9572,118.5911,1.0567,155.28,1.2709,1.3985,10.9869,0.885
2024-11-14,127.0015,118.787,1.0562,155.96,1.2706,1.4025,10.9627,0.8878
2024-11-15,126.8848,118.9213,1.0552,154.59,1.2629,1.4076,10.9726,0.8878
2024-11-18,126.6045,118.5865,1.0586,154.78,1.2664,1.4028,10.9393,0.885
2024-11-19,126.3994,118.4473,1.0578,154.34,1.2667,1.3981,10.9347,0.8824
2024-11-20,126.88,118.9184,1.0521,155.38,1.2639,1.3995,11.0367,0.8855
2024-11-21,127.1047,119.0681,1.0475,154.66,1.2586,1.396,11.0785,0.8866
2024-11-22,127.4712,119.638,1.0399,154.73,1.2516,1.3985,11.0672,0.8946
2024-11-25,126.9948,119.1524,1.0478,154.29,1.2554,1.4003,10.9947,0.8874
2024-11-26,127.4301,119.2193,1.0481,153.49,1.2547,1.4058,10.9988,0.8876
2024-11-27,126.8205,118.2533,1.0575,150.69,1.2678,1.4028,10.9031,0.8806
2024-11-28,,,,,,,,
2024-11-29,126.5798,118.3169,1.0547,150.41,1.2699,1.4014,10.9241,0.8822
2024-12-02,127.1272,118.7803,1.0484,149.26,1.2639,1.4069,11.0098,0.8866
2024-12-03,126.9565,118.5328,1.0518,149.12,1.2677,1.4065,11.0017,0.8852
2024-12-04,126.7574,118.5528,1.0527,150.18,1.2712,1.4069,10.9245,0.8835
2024-12-05,126.4286,118.1858,1.0571,150.19,1.2754,1.4035,10.8769,0.8794
2024-12-06,126.688,118.4614,1.0563,149.78,1.2744,1.4144,10.9343,0.8776
2024-12-09,126.5981,118.4098,1.057,151.24,1.2783,1.412,10.9071,0.8774
2024-12-10,126.957,118.9635,1.0512,152.05,1.2758,1.416,10.9867,0.8823
2024-12-11,126.8483,118.9298,1.0508,152.34,1.2763,1.4126,10.966,0.883
2024-12-12,126.9556,119.0767,1.0514,152.07,1.2715,1.4179,10.967,0.8879
2024-12-13,127.3096,119.5687,1.0498,153.74,1.2629,1.424,10.9782,0.8929
2024-12-16,127.2687,119.4384,1.0512,154.18,1.269,1.423,10.8905,0.8934
2024-12-17,127.5043,119.5749,1.0506,153.41,1.2718,1.4312,10.9293,0.893
2024-12-18,127.6418,119.9072,1.0469,154.0,1.2696,1.4335,10.9711,0.8937
2024-12-19,128.6366,121.0843,1.0357,157.73,1.253,1.4366,11.0432,0.8994
2024-12-20,127.893,120.4395,1.043,156.11,1.2587,1.4354,11.0018,0.8928
2024-12-23,128.3021,120.8261,1.0409,157.04,1.2529,1.439,11.0407,0.8991
2024-12-24,128.3377,120.9688,1.0388,157.29,1.2528,1.4383,11.1178,0.9009
2024-12-25,,,,,,,,
2024-12-26,128.3329,120.8892,1.0423,158.01,1.2522,1.4404,11.0394,0.9
2024-12-27,128.45,120.8965,1.0423,157.73,1.2573,1.4433,10.9947,0.9018
2024-12-30,128.8205,121.0029,1.0386,157.26,1.2523,1.4374,11.0363,0.9066
2024-12-31,129.2775,121.2702,1.0351,157.37,1.2521,1.44,11.0676,0.9068
2025-01-01,,,,,,,,
2025-01-02,129.4598,121.9875,1.0261,157.65,1.2376,1.4422,11.1443,0.9124
2025-01-03,129.4535,121.7951,1.0292,157.2,1.2419,1.4455,11.1216,0.9096
2025-01-06,128.538,120.8947,1.0397,157.54,1.253,1.4359,11.0392,0.9043
2025-01-07,128.613,121.0857,1.0369,157.82,1.2499,1.4341,11.0883,0.9076
2025-01-08,129.0785,121.6686,1.0313,158.31,1.2366,1.4375,11.1543,0.9107
2025-01-09,129.2827,121.8532,1.0298,158.01,1.2303,1.4394,11.1514,0.9124
2025-01-10,129.8664,122.3953,1.0238,157.68,1.2215,1.4437,11.2225,0.9172
2025-01-13,130.0413,122.5524,1.0209,157.51,1.2158,1.4411,11.2786,0.9192
2025-01-14,129.3812,121.9702,1.0292,157.95,1.2188,1.4369,11.191,0.9139
2025-01-15,129.2092,121.7871,1.0282,156.6,1.2214,1.434,11.1612,0.9129
2025-01-16,129.436,121.6133,1.0303,155.44,1.2246,1.4377,11.1388,0.911
2025-01-17,129.4859,121.9697,1.0287,156.3,1.2181,1.442,11.1712,0.9148
2025-01-20,,,,,,,,
2025-01-21,128.4151,120.7409,1.0423,155.49,1.2331,1.4328,10.9948,0.9069
2025-01-22,128.3402,120.9264,1.042,156.62,1.2324,1.4361,10.9979,0.907
2025-01-23,128.2162,120.8427,1.042,156.0,1.2347,1.4359,10.9966,0.9072
2025-01-24,127.4611,120.0731,1.0515,155.58,1.2496,1.4331,10.9069,0.9044
2025-01-27,128.0912,120.2129,1.0492,154.22,1.2479,1.4388,10.9416,0.9006
2025-01-28,128.2817,120.7693,1.0427,155.65,1.2433,1.4392,11.0081,0.9051
2025-01-29,128.3418,120.9042,1.0416,155.22,1.2435,1.4432,11.0019,0.9077
2025-01-30,128.1004,120.7596,1.042,154.42,1.2453,1.4411,11.0132,0.9085
2025-01-31,128.4828,121.012,1.04,154.91,1.2447,1.4459,11.0513,0.9088
2025-02-03,129.109,122.0707,1.0277,154.68,1.2389,1.4601,11.1561,0.9139
2025-02-04,128.1083,120.694,1.0379,154.56,1.2487,1.4318,10.9666,0.9058
2025-02-05,127.9751,120.1268,1.0419,152.33,1.2516,1.428,10.8861,0.9009
2025-02-06,128.2017,120.5618,1.0368,152.04,1.2435,1.4314,10.9099,0.9055
2025-02-07,128.4292,120.7772,1.0329,151.3,1.2396,1.4311,10.9414,0.9101
2025-02-10,128.6382,120.9173,1.0312,151.72,1.2385,1.4317,10.9179,0.911
2025-02-11,128.4322,120.7461,1.0346,152.37,1.2423,1.4308,10.8677,0.9133
2025-02-12,128.3288,120.6428,1.0392,154.62,1.2444,1.4288,10.8774,0.913
2025-02-13,127.8931,120.0501,1.0428,153.18,1.2528,1.423,10.7798,0.9048
2025-02-14,127.1491,119.3176,1.0498,152.25,1.2609,1.417,10.696,0.8983
2025-02-17,,,,,,,,
2025-02-18,127.2906,119.5523,1.0457,151.79,1.2614,1.4189,10.7087,0.9023
2025-02-19,127.7317,119.9738,1.0406,151.67,1.2571,1.4235,10.7539,0.9054
2025-02-20,127.1126,119.2156,1.0475,149.63,1.2643,1.4195,10.6603,0.8993
2025-02-21,127.1408,119.3031,1.0455,149.49,1.2647,1.4196,10.64,0.899
2025-02-24,127.1921,119.2566,1.0478,149.57,1.264,1.4224,10.6501,0.8966
2025-02-25,127.3752,119.2506,1.0498,149.09,1.2652,1.43,10.602,0.8928
2025-02-26,127.2822,119.2409,1.0514,149.13,1.2696,1.4346,10.6134,0.8931
2025-02-27,127.9704,120.1055,1.0414,149.8,1.2628,1.4419,10.7329,0.8981
2025-02-28,128.2805,120.3574,1.0402,150.64,1.2591,1.4433,10.7191,0.9019
2025-03-03,127.75,119.5754,1.0496,150.16,1.2711,1.4399,10.5249,0.8972
2025-03-04,127.9966,119.4754,1.0534,148.81,1.2726,1.4515,10.5341,0.89
2025-03-05,126.504,117.8326,1.0768,148.82,1.2864,1.4375,10.2391,0.89
2025-03-06,126.1099,117.2168,1.0818,147.9,1.2894,1.4282,10.1498,0.8841
2025-03-07,125.9814,117.1178,1.0859,147.13,1.2918,1.4385,10.0602,0.8774
2025-03-10,126.268,117.3629,1.0837,147.15,1.2909,1.4431,10.1221,0.8813
2025-03-11,126.0457,116.9921,1.0927,147.48,1.2948,1.4462,10.0193,0.88
2025-03-12,125.8664,116.9276,1.0925,148.32,1.297,1.4397,10.0466,0.8827
2025-03-13,126.0031,117.2527,1.0859,147.71,1.2945,1.4398,10.1867,0.8849
2025-03-14,125.6942,117.2237,1.0872,148.51,1.2917,1.4377,10.1343,0.8855
2025-03-17,125.3688,116.6896,1.0922,148.56,1.2988,1.4298,10.0745,0.8812
2025-03-18,125.488,116.7487,1.0927,149.49,1.2987,1.4312,10.0445,0.8773
2025-03-19,125.8006,117.1201,1.0877,150.02,1.2969,1.4328,10.1329,0.88
2025-03-20,125.985,117.1864,1.0848,148.84,1.2973,1.4326,10.1427,0.8826
2025-03-21,126.2679,117.5554,1.0806,148.98,1.2896,1.4356,10.14,0.8834
2025-03-24,126.1956,117.598,1.0794,150.74,1.2913,1.4292,10.1138,0.8842
2025-03-25,126.0535,117.4235,1.0804,149.77,1.2948,1.4307,10.0296,0.8819
2025-03-26,126.2364,117.5675,1.0781,150.69,1.2889,1.4254,10.0318,0.8839
2025-03-27,126.3626,117.5431,1.08,150.97,1.2963,1.4316,10.015,0.8818
2025-03-28,126.4187,117.306,1.0826,150.26,1.2942,1.4282,9.9926,0.8809
2025-03-31,126.7075,117.7381,1.0796,149.9,1.2896,1.4379,10.0548,0.8843
2025-04-01,126.4338,117.4727,1.08,149.4,1.2923,1.4316,9.9933,0.8827
2025-04-02,126.3811,117.1123,1.0868,149.98,1.2974,1.431,9.8981,0.8819
2025-04-03,124.7316,115.0625,1.1052,146.04,1.3113,1.4062,9.7478,0.859
2025-04-04,125.8129,115.8452,1.1014,145.93,1.2927,1.4194,9.9729,0.8547
2025-04-07,126.8282,116.8231,1.0912,147.96,1.2729,1.4224,10.0781,0.8597
2025-04-08,126.8668,116.5923,1.0912,147.02,1.2769,1.4199,10.0126,0.856
2025-04-09,126.628,115.7141,1.104,145.09,1.2771,1.4187,10.032,0.8413
2025-04-10,125.089,114.2047,1.1192,144.34,1.294,1.401,9.8359,0.8283
2025-04-11,124.0163,113.0826,1.1325,143.57,1.3051,1.3895,9.8196,0.8153
2025-04-14,123.6598,112.7174,1.1358,142.96,1.3176,1.3892,9.7743,0.8139
2025-04-15,123.776,113.1314,1.129,143.1,1.3223,1.3944,9.8589,0.8209
2025-04-16,123.2724,112.4563,1.1382,142.56,1.3247,1.3882,9.7494,0.8142
2025-04-17,123.1298,112.4847,1.1364,142.33,1.3259,1.3856,9.633,0.8203
2025-04-18,122.9865,112.3068,1.139,142.22,1.3279,1.3846,9.6353,0.8174
2025-04-21,122.3145,111.4244,1.1508,140.81,1.3385,1.3818,9.5423,0.8069
2025-04-22,122.4175,111.6391,1.1466,140.87,1.3376,1.3798,9.4871,0.815
2025-04-23,123.0252,112.7146,1.135,142.64,1.3256,1.3894,9.6529,0.8271
2025-04-24,122.9251,112.585,1.1363,142.64,1.3309,1.3889,9.6129,0.8271
2025-04-25,122.8858,112.5365,1.1381,143.75,1.3331,1.3858,9.6739,0.8285
2025-04-28,122.7176,112.3227,1.1387,142.7,1.3395,1.3857,9.6203,0.8254
2025-04-29,122.5944,112.2438,1.1396,142.29,1.3397,1.3853,9.6166,0.8241
2025-04-30,122.5921,112.4077,1.1349,142.63,1.3344,1.3807,9.6581,0.8227
2025-05-01,123.1405,113.1965,1.1279,145.48,1.3273,1.3847,9.7704,0.8321
2025-05-02,122.4962,112.6624,1.133,144.52,1.3283,1.379,9.6242,0.8262
2025-05-05,122.2613,112.6973,1.1315,143.98,1.3284,1.381,9.6644,0.8239
2025-05-06,122.0417,112.2979,1.1345,142.76,1.3369,1.3774,9.5789,0.8242
2025-05-07,122.117,112.3589,1.1348,143.47,1.3344,1.3773,9.601,0.8215
2025-05-08,122.7568,113.3958,1.1249,145.46,1.3287,1.3914,9.7039,0.8291
2025-05-09,122.5191,113.2762,1.127,145.15,1.3318,1.3925,9.7016,0.8298
2025-05-12,123.4863,114.6594,1.1106,148.09,1.3194,1.4003,9.8121,0.8427
2025-05-13,122.9583,114.0727,1.1176,147.75,1.328,1.3958,9.7296,0.8412
2025-05-14,122.6746,113.8329,1.1206,146.54,1.3303,1.3963,9.7256,0.8397
2025-05-15,122.8174,113.8885,1.1189,145.61,1.3292,1.3989,9.7344,0.8359
2025-05-16,123.0737,114.211,1.1141,146.02,1.3257,1.3991,9.7944,0.8396
2025-05-19,122.4186,113.4304,1.1236,144.99,1.3357,1.3944,9.6846,0.8342
2025-05-20,122.3199,113.3194,1.1254,144.72,1.3371,1.3941,9.6677,0.8321
2025-05-21,121.7496,112.4281,1.1343,143.68,1.3447,1.3822,9.5515,0.8251
2025-05-22,122.0429,112.8692,1.1281,143.89,1.3426,1.3856,9.6262,0.8291
2025-05-23,121.3837,112.073,1.135,142.61,1.3511,1.3755,9.5304,0.8214
2025-05-26,,,,,,,,
2025-05-27,121.6099,112.457,1.1326,144.37,1.3505,1.3776,9.6267,0.8278
2025-05-28,121.9888,112.8235,1.1286,145.04,1.3462,1.3819,9.6523,0.8276
2025-05-29,121.5617,112.2764,1.137,144.09,1.3489,1.3809,9.553,0.8227
2025-05-30,121.7674,112.2801,1.1347,144.18,1.3468,1.3747,9.5915,0.8229
2025-06-02,121.1881,111.5501,1.1432,142.76,1.3549,1.3699,9.5361,0.8173
2025-06-03,121.4592,112.0512,1.1373,143.93,1.352,1.3722,9.6156,0.8242
2025-06-04,121.0539,111.5216,1.1424,142.91,1.357,1.3668,9.5678,0.8183
2025-06-05,120.9596,111.5333,1.144,143.87,1.3584,1.3667,9.5723,0.821
2025-06-06,121.161,111.9088,1.1397,144.87,1.3532,1.3686,9.64,0.822
2025-06-09,120.9103,111.6655,1.1425,144.37,1.3563,1.3675,9.5876,0.8205
2025-06-10,121.0485,111.7977,1.1423,144.91,1.3508,1.3683,9.5979,0.8219
2025-06-11,120.587,111.372,1.149,144.48,1.3556,1.3662,9.5482,0.8195
2025-06-12,120.1723,110.7383,1.1578,143.64,1.3589,1.3615,9.4358,0.8125
2025-06-13,120.3245,110.774,1.1557,144.04,1.3594,1.3575,9.4896,0.8116
2025-06-16,120.1565,110.6227,1.1581,144.14,1.36,1.3556,9.4633,0.8115
2025-06-17,120.5048,111.0589,1.1535,145.04,1.3516,1.3587,9.495,0.8141
2025-06-18,120.7305,111.3615,1.1521,144.58,1.3471,1.3683,9.5946,0.8174
2025-06-19,,,,,,,,
2025-06-20,121.0408,111.6429,1.152,145.92,1.3465,1.3739,9.6761,0.8175
2025-06-23,121.1694,111.6389,1.1538,146.47,1.3491,1.3773,9.6482,0.8133
2025-06-24,120.3645,110.8615,1.1608,144.9,1.3616,1.3711,9.5353,0.8049
2025-06-25,120.3336,110.9476,1.162,145.59,1.3626,1.375,9.5127,0.8057
2025-06-26,119.6451,110.0016,1.1717,144.34,1.3754,1.3629,9.4832,0.799
2025-06-27,119.659,110.1202,1.1724,144.74,1.372,1.3666,9.4765,0.7989
2025-06-30,119.4088,109.7337,1.177,144.17,1.3722,1.362,9.4881,0.7938
2025-07-01,119.3436,109.7337,1.1776,143.58,1.3728,1.3659,9.5012,0.7929
2025-07-02,119.3037,109.7014,1.179,143.76,1.3623,1.362,9.5462,0.7921
2025-07-03,119.2382,109.795,1.1758,144.96,1.3656,1.3559,9.5732,0.7951
2025-07-04,,,,,,,,
2025-07-07,119.6201,110.1953,1.1733,145.86,1.3638,1.3644,9.4982,0.7969
2025-07-08,119.8371,110.4892,1.1707,146.81,1.3575,1.3671,9.5439,0.7971
2025-07-09,119.7311,110.4881,1.1707,146.53,1.3585,1.3694,9.5257,0.7957
2025-07-10,119.8343,110.5398,1.1688,146.46,1.3569,1.3682,9.526,0.7971
2025-07-11,119.9214,110.6156,1.1696,147.29,1.3503,1.3678,9.5465,0.7962
2025-07-14,120.2209,110.8722,1.1672,147.69,1.3437,1.3694,9.6191,0.7977
2025-07-15,120.5105,111.2985,1.1619,148.75,1.3396,1.3713,9.7114,0.8004
2025-07-16,120.4175,111.1728,1.1629,148.08,1.3426,1.3706,9.7241,0.8014
2025-07-17,120.6384,111.4892,1.1597,148.55,1.3413,1.3749,9.7498,0.8043
2025-07-18,120.356,111.121,1.1645,148.55,1.3439,1.3711,9.6591,0.8001
2025-07-21,119.9961,110.6401,1.1705,147.27,1.3498,1.3689,9.5671,0.7973
2025-07-22,119.681,110.1571,1.1749,146.36,1.3522,1.3615,9.5233,0.7926
2025-07-23,119.5697,110.1154,1.1748,146.55,1.3566,1.3609,9.5114,0.7936
2025-07-24,119.5664,110.1978,1.1765,146.92,1.3524,1.3643,9.5178,0.7957
2025-07-25,119.9857,110.6678,1.173,147.77,1.3429,1.3714,9.532,0.7965
2025-07-28,120.6149,111.3301,1.1609,148.45,1.3393,1.3718,9.5963,0.8025
2025-07-29,120.9674,111.8726,1.1534,148.57,1.3339,1.3777,9.6562,0.8071
2025-07-30,121.4042,112.3899,1.147,149.07,1.3274,1.3814,9.7446,0.8111
2025-07-31,121.721,112.8142,1.1431,150.6,1.322,1.3845,9.7718,0.8123
2025-08-01,121.2122,111.8399,1.1555,148.06,1.3259,1.3778,9.6735,0.8068
2025-08-04,120.9859,111.6874,1.1568,147.09,1.329,1.3775,9.6699,0.8083
2025-08-05,120.9082,111.6474,1.158,147.49,1.3309,1.3779,9.66,0.8071
2025-08-06,120.5082,111.1867,1.1647,147.25,1.336,1.3739,9.6169,0.8052
2025-08-07,120.5043,111.1894,1.1641,147.35,1.3434,1.3749,9.5865,0.8074
2025-08-08,120.3329,111.1217,1.166,147.7,1.3444,1.3752,9.5728,0.8073
2025-08-11,120.6892,111.514,1.1607,147.99,1.3414,1.3783,9.6382,0.8126
2025-08-12,120.2736,111.0422,1.1673,147.8,1.3509,1.3762,9.5516,0.8081
2025-08-13,120.13,110.7384,1.1715,147.25,1.3572,1.3764,9.5431,0.8043
2025-08-14,120.6446,111.2483,1.1644,147.69,1.3532,1.3806,9.5968,0.8078
2025-08-15,120.3377,110.8754,1.1708,147.0,1.3565,1.3808,9.5457,0.8061
2025-08-18,120.5622,111.1722,1.1667,147.76,1.3521,1.3815,9.5543,0.8068
2025-08-19,120.7224,111.3355,1.166,147.72,1.3496,1.3859,9.5877,0.807
2025-08-20,120.7757,111.4045,1.1649,147.19,1.345,1.3874,9.5922,0.8044
2025-08-21,121.0843,111.8033,1.1605,148.35,1.3417,1.39,9.6279,0.8085
2025-08-22,120.2774,110.9214,1.1713,146.82,1.3528,1.3845,9.5038,0.8016
2025-08-25,120.4214,111.1711,1.167,147.61,1.3491,1.3829,9.5456,0.8034
2025-08-26,120.5274,111.1905,1.1657,147.3,1.3485,1.3823,9.5529,0.8031
2025-08-27,120.7274,111.4401,1.1611,147.75,1.3468,1.3825,9.5539,0.8037
2025-08-28,120.2595,110.8865,1.1672,146.98,1.3516,1.375,9.4834,0.8017
2025-08-29,120.2082,110.7152,1.1695,146.9,1.3511,1.3726,9.4692,0.7996
2025-09-01,,,,,,,,
2025-09-02,120.6837,111.2596,1.1653,148.23,1.3392,1.3784,9.4509,0.8033
2025-09-03,120.5052,111.0801,1.1676,147.97,1.3448,1.3787,9.4197,0.8032
2025-09-04,120.7629,111.3876,1.1648,148.63,1.3441,1.3828,9.4814,0.8059
2025-09-05,120.1282,110.5656,1.1759,146.84,1.3543,1.3823,9.3501,0.7958
2025-09-08,120.0971,110.6148,1.1751,147.58,1.355,1.382,9.3568,0.7935
2025-09-09,120.1569,110.7684,1.1723,147.23,1.3533,1.3834,9.38,0.7961
2025-09-10,120.1223,110.8133,1.1714,147.37,1.3548,1.3843,9.3334,0.7979
2025-09-11,119.9534,110.6472,1.1732,147.17,1.3568,1.383,9.3152,0.7961
2025-09-12,120.0611,110.877,1.1714,147.85,1.3547,1.3858,9.346,0.7975
2025-09-15,119.5644,110.3574,1.1772,147.27,1.3609,1.3797,9.2642,0.7938
2025-09-16,119.1348,109.7948,1.1848,146.56,1.3654,1.3745,9.2412,0.7877
2025-09-17,119.1582,109.8229,1.1845,146.36,1.3661,1.3761,9.2756,0.7871
2025-09-18,119.6616,110.4653,1.178,148.02,1.3552,1.3796,9.3601,0.7927
2025-09-19,119.7858,110.6012,1.1753,147.83,1.3484,1.3772,9.4077,0.7949
2025-09-22,119.8152,110.5767,1.1773,147.83,1.3505,1.3814,9.3774,0.7935
2025-09-23,119.6202,110.4793,1.18,147.83,1.3518,1.3834,9.3515,0.7922
2025-09-24,120.1707,111.0044,1.1742,148.71,1.345,1.3894,9.4051,0.7951
2025-09-25,120.5419,111.5889,1.1673,149.78,1.3351,1.3923,9.4611,0.8006
2025-09-26,120.4349,111.4699,1.1692,149.52,1.3404,1.3946,9.4189,0.7985
2025-09-29,120.115,111.0993,1.173,148.57,1.3433,1.3904,9.4142,0.797
2025-09-30,120.1368,111.0498,1.1735,147.97,1.3443,1.3927,9.4159,0.7966
2025-10-01,120.1502,111.075,1.1723,147.16,1.3474,1.3953,9.3824,0.7984
2025-10-02,120.4296,111.3118,1.1696,147.35,1.3423,1.3974,9.4311,0.7994
2025-10-03,120.0881,110.9321,1.1747,147.33,1.3481,1.3946,9.351,0.7949
2025-10-06,120.2722,111.3139,1.1707,150.02,1.3476,1.3945,9.3804,0.7954
2025-10-07,120.4884,111.6085,1.1674,151.17,1.3441,1.3949,9.3925,0.797
2025-10-08,120.7766,112.1136,1.1606,152.72,1.339,1.3953,9.4461,0.802
2025-10-09,121.0902,112.5812,1.1559,153.05,1.3312,1.4009,9.5458,0.8059
2025-10-10,121.1163,112.2072,1.1613,151.94,1.3343,1.3997,9.5113,0.8015
2025-10-13,,,,,,,,
2025-10-14,121.1822,112.3264,1.1608,151.77,1.3321,1.4041,9.5333,0.801
2025-10-15,120.8642,112.0241,1.1638,151.21,1.3396,1.4033,9.4789,0.7972
2025-10-16,120.6698,111.8678,1.1665,150.75,1.3425,1.4045,9.4312,0.7957
2025-10-17,120.7028,111.7705,1.1674,150.33,1.3425,1.4046,9.4287,0.7919
2025-10-20,120.6209,111.8145,1.1656,150.59,1.342,1.4029,9.4108,0.7918
2025-10-21,120.8895,112.0904,1.1616,151.72,1.3391,1.401,9.4172,0.795
2025-10-22,120.8958,112.065,1.1612,151.79,1.3372,1.3978,9.3972,0.7958
2025-10-23,120.9531,112.1988,1.1612,152.72,1.3323,1.3991,9.393,0.7956
2025-10-24,120.9345,112.2212,1.1626,152.82,1.3298,1.4013,9.392,0.7958
2025-10-27,120.7988,112.1186,1.1636,153.09,1.3331,1.3995,9.3936,0.7965
2025-10-28,120.6361,111.8224,1.1659,152.14,1.328,1.3937,9.3557,0.7927
2025-10-29,120.5312,111.7384,1.1664,151.91,1.3243,1.3893,9.3566,0.7958
2025-10-30,121.2832,112.6908,1.1564,154.17,1.3147,1.3982,9.433,0.802
2025-10-31,121.3859,112.8612,1.1541,154.05,1.3141,1.401,9.4958,0.8027
2025-11-03,121.4512,113.023,1.1531,154.13,1.315,1.4049,9.4765,0.8073
2025-11-04,121.8271,113.3566,1.1491,153.55,1.3044,1.4081,9.5651,0.8091
2025-11-05,121.8482,113.4833,1.1485,154.11,1.3051,1.4108,9.5623,0.8107
2025-11-06,121.6948,113.149,1.1539,152.97,1.3107,1.4127,9.5805,0.8069
2025-11-07,121.388,112.7962,1.1578,153.06,1.3165,1.4075,9.5313,0.804
2025-11-10,121.2984,112.9112,1.1545,153.99,1.3157,1.4029,9.5251,0.8062
2025-11-11,,,,,,,,
2025-11-12,121.0458,112.6316,1.1592,154.64,1.3131,1.4,9.4486,0.7972
2025-11-13,120.7725,112.2603,1.1649,154.4,1.3214,1.401,9.3814,0.7917
2025-11-14,120.9666,112.516,1.1617,154.64,1.3156,1.4023,9.4485,0.7933
2025-11-17,121.1146,112.6641,1.1598,155.2,1.3179,1.4028,9.4542,0.7956
2025-11-18,121.2127,112.7624,1.1579,155.44,1.3152,1.3996,9.4789,0.7996
2025-11-19,121.4978,113.2673,1.154,156.63,1.3077,1.4049,9.5474,0.8046
2025-11-20,121.6889,113.4562,1.1534,157.41,1.3079,1.4092,9.5428,0.8054
2025-11-21,121.8653,113.5216,1.1506,156.58,1.31,1.4094,9.5622,0.8087
2025-11-24,121.9171,113.533,1.1518,156.94,1.3096,1.411,9.5573,0.8084
2025-11-25,121.6335,113.283,1.1553,156.3,1.3174,1.4115,9.5523,0.8091
2025-11-26,121.2437,112.8716,1.1591,156.38,1.3228,1.4051,9.4992,0.8048
2025-11-27,,,,,,,,
2025-11-28,121.0527,112.6103,1.16,156.17,1.3239,1.3974,9.4402,0.8036
2025-12-01,120.9862,112.4717,1.1623,155.28,1.3229,1.3982,9.4415,0.8035
2025-12-02,121.1467,112.6944,1.1596,155.92,1.3186,1.3988,9.4572,0.8046
2025-12-03,120.7336,112.0945,1.166,155.17,1.3334,1.395,9.3747,0.8004
2025-12-04,120.6766,112.0431,1.1659,154.9,1.3355,1.3939,9.4074,0.8022
2025-12-05,120.6863,112.0464,1.1635,155.3,1.3324,1.3858,9.4113,0.805
2025-12-08,120.776,112.1349,1.1626,155.89,1.3321,1.3846,9.4065,0.8078
2025-12-09,120.6832,112.0869,1.1639,156.85,1.332,1.3832,9.3471,0.8061
2025-12-10,120.6752,111.9596,1.165,156.33,1.334,1.3834,9.3072,0.8027
2025-12-11,119.98,111.1202,1.1756,155.15,1.3428,1.3769,9.2363,0.7932
2025-12-12,120.1442,111.4161,1.1731,155.81,1.3351,1.3783,9.2935,0.796
2025-12-15,119.9561,111.212,1.1756,155.29,1.338,1.3765,9.2841,0.7963
2025-12-16,119.8902,111.0332,1.177,154.8,1.3429,1.3749,9.2857,0.7949
2025-12-17,120.155,111.3206,1.1748,155.6,1.339,1.3791,9.3024,0.7948
2025-12-18,120.0528,111.3186,1.1729,155.53,1.3389,1.3762,9.2826,0.7942
2025-12-19,120.1652,111.5451,1.1721,157.43,1.3379,1.378,9.2631,0.795
2025-12-22,119.9912,111.2007,1.175,156.93,1.3457,1.3744,9.2353,0.7925
2025-12-23,119.7057,110.9116,1.1776,156.33,1.3485,1.3713,9.1816,0.7897
2025-12-24,119.4372,110.7357,1.178,155.83,1.3505,1.3671,9.169,0.7887
2025-12-25,,,,,,,,
2025-12-26,119.4723,110.8534,1.1766,156.63,1.3492,1.3662,9.1673,0.79
2025-12-29,119.5899,110.9004,1.1756,156.1,1.3497,1.368,9.1943,0.7899
2025-12-30,119.4939,110.8863,1.1765,156.26,1.348,1.3678,9.1867,0.7907
2025-12-31,119.7456,111.1906,1.1736,156.8,1.3447,1.3712,9.2227,0.7936
2026-01-01,,,,,,,,
2026-01-02,119.6059,111.1765,1.1738,156.72,1.3481,1.3738,9.2082,0.7918
2026-01-05,119.6192,111.224,1.1715,156.32,1.3527,1.3757,9.1837,0.7924
