Date,DEXUSEU,DEXUSUK,DEXJPUS,DEXCAUS,DEXSDUS,DEXSZUS,IR3TIB01EZM156N,IR3TIB01GBM156N,IR3TIB01JPM156N,IR3TIB01CAM156N,IR3TIB01SEM156N,IR3TIB01CHM156N,IR3TIB01USM156N
1956-01-01,,,,,,,,,,2.94,,,
1956-02-01,,,,,,,,,,2.94,,,
1956-03-01,,,,,,,,,,2.68,,,
1956-04-01,,,,,,,,,,3.19,,,
1956-05-01,,,,,,,,,,3.53,,,
1956-06-01,,,,,,,,,,3.78,,,
1956-07-01,,,,,,,,,,3.95,,,
1956-08-01,,,,,,,,,,4.12,,,
1956-09-01,,,,,,,,,,4.12,,,
1956-10-01,,,,,,,,,,4.29,,,
1956-11-01,,,,,,,,,,4.29,,,
1956-12-01,,,,,,,,,,4.98,,,
1957-01-01,,,,,,,,4.84,,4.98,,,
1957-02-01,,,,,,,,4.44,,5.32,,,
1957-03-01,,,,,,,,4.25,,5.32,,,
1957-04-01,,,,,,,,4.18,,5.32,,,
1957-05-01,,,,,,,,4.04,,5.32,,,
1957-06-01,,,,,,,,4.08,,5.32,,,
1957-07-01,,,,,,,,4.06,,5.32,,,
1957-08-01,,,,,,,,4.17,,5.32,,,
1957-09-01,,,,,,,,5.4,,5.32,,,
1957-10-01,,,,,,,,6.81,,5.32,,,
1957-11-01,,,,,,,,6.77,,5.15,,,
1957-12-01,,,,,,,,6.67,,5.06,,,
1958-01-01,,,,,,,,6.51,,4.89,,,
1958-02-01,,,,,,,,6.17,,3.78,,,
1958-03-01,,,,,,,,5.96,,3.7,,,
1958-04-01,,,,,,,,5.47,,3.02,,,
1958-05-01,,,,,,,,5.24,,2.94,,,
1958-06-01,,,,,,,,4.64,,2.77,,,
1958-07-01,,,,,,,,4.31,,2.52,,,
1958-08-01,,,,,,,,3.98,,2.52,,,
1958-09-01,,,,,,,,3.82,,2.77,,,
1958-10-01,,,,,,,,3.79,,2.94,,,
1958-11-01,,,,,,,,3.67,,2.77,,,
1958-12-01,,,,,,,,3.34,,3.28,,,
1959-01-01,,,,,,,,3.28,,3.28,,,
1959-02-01,,,,,,,,3.23,,3.87,,,
1959-03-01,,,,,,,,3.41,,4.55,,,
1959-04-01,,,,,,,,3.4,,4.65,,,
1959-05-01,,,,,,,,3.44,,5.23,,,
1959-06-01,,,,,,,,3.54,,5.23,,,
1959-07-01,,,,,,,,3.57,,5.4,,,
1959-08-01,,,,,,,,3.6,,6.48,,,
1959-09-01,,,,,,,,3.59,,6.43,,,
1959-10-01,,,,,,,,3.58,,6.0,,,
1959-11-01,,,,,,,,3.55,,5.58,,,
1959-12-01,,,,,,,,3.72,,5.49,,,
1960-01-01,,,,,,,,4.14,,5.4,,,
1960-02-01,,,,,,,,4.69,,5.23,,,
1960-03-01,,,,,,,,4.74,,4.12,,,
1960-04-01,,,,,,,,4.8,,4.29,,,
1960-05-01,,,,,,,,4.76,,3.78,,,
1960-06-01,,,,,,,,5.03,,3.87,,,
1960-07-01,,,,,,,,5.76,,3.78,,,
1960-08-01,,,,,,,,5.75,,3.02,,,
1960-09-01,,,,,,,,5.71,,2.52,,,
1960-10-01,,,,,,,,5.62,,3.45,,,
1960-11-01,,,,,,,,4.98,,4.21,,,
1960-12-01,,,,,,,,4.63,,4.29,,,
1961-01-01,,,,,,,,4.44,,3.78,,,
1961-02-01,,,,,,,,4.48,,3.53,,,
1961-03-01,,,,,,,,4.61,,3.78,,,
1961-04-01,,,,,,,,4.63,,3.53,,,
1961-05-01,,,,,,,,4.55,,3.78,,,
1961-06-01,,,,,,,,4.64,,3.28,,,
1961-07-01,,,,,,,,5.1,,3.02,,,
1961-08-01,,,,,,,,6.91,,3.28,,,
1961-09-01,,,,,,,,6.84,,3.11,,,
1961-10-01,,,,,,,,6.32,,3.02,,,
1961-11-01,,,,,,,,5.67,,2.85,,,
1961-12-01,,,,,,,,5.61,,3.45,,,
1962-01-01,,,,,,,,5.65,,3.514,,,
1962-02-01,,,,,,,,5.65,,3.3825,,,
1962-03-01,,,,,,,,5.13,,3.31,,,
1962-04-01,,,,,,,,4.5,,3.4175,,,
1962-05-01,,,,,,,,4.14,,3.546,,,
1962-06-01,,,,,,,,3.99,,4.1275,,,
1962-07-01,,,,,,,,4.09,,5.6975,,,
1962-08-01,,,,,,,,4.02,,5.698,,,
1962-09-01,,,,,,,,3.93,,5.445,,,
1962-10-01,,,,,,,,3.92,,4.964,,,
1962-11-01,,,,,,,,4.03,,4.38,,,
1962-12-01,,,,,,,,3.86,,4.3125,,,
1963-01-01,,,,,,,,3.69,,4.248,,,
1963-02-01,,,,,,,,3.63,,4.1625,,,
1963-03-01,,,,,,,,3.7,,4.155,,,
1963-04-01,,,,,,,,3.88,,3.8075,,,
1963-05-01,,,,,,,,3.88,,3.582,,,
1963-06-01,,,,,,,,3.84,,3.6275,,,
1963-07-01,,,,,,,,3.87,,3.806,,,
1963-08-01,,,,,,,,3.85,,4.1675,,,
1963-09-01,,,,,,,,3.88,,4.13,,,
1963-10-01,,,,,,,,3.86,,4.0,,,
1963-11-01,,,,,,,,3.91,,4.115,,,
1963-12-01,,,,,,,,3.91,,4.3275,,,
1964-01-01,,,,,,,,3.91,,4.202,,,
1964-02-01,,,,,,,,4.0,,4.06,,,
1964-03-01,,,,,,,,4.53,,4.17,,,
1964-04-01,,,,,,,,4.53,,4.118,,,
1964-05-01,,,,,,,,4.56,,4.05,,,
1964-06-01,,,,,,,,4.65,,4.02,,,3.86
1964-07-01,,,,,,,,4.73,,4.032,,,3.87
1964-08-01,,,,,,,,4.84,,4.2225,,,3.85
1964-09-01,,,,,,,,4.84,,4.308,,,3.87
1964-10-01,,,,,,,,4.88,,4.38,,,3.94
1964-11-01,,,,,,,,5.42,,4.36,,,3.99
1964-12-01,,,,,,,,6.84,,4.59,,,4.14
1965-01-01,,,,,,,,6.84,,4.3625,,,4.13
1965-02-01,,,,,,,,6.75,,4.37,,,4.19
1965-03-01,,,,,,,,6.74,,4.444,,,4.27
1965-04-01,,,,,,,,6.78,,4.48,,,4.28
1965-05-01,,,,,,,,6.73,,4.685,,,4.32
1965-06-01,,,,,,,,6.04,,4.816,,,4.31
1965-07-01,,,,,,,,5.97,,4.9,,,4.29
1965-08-01,,,,,,,,5.97,,5.17,,,4.3
1965-09-01,,,,,,,,5.97,,5.226,,,4.34
1965-10-01,,,,,,,,5.92,,5.34,,,4.46
1965-11-01,,,,,,,,5.91,,5.65,,,4.49
1965-12-01,,,,,,,,5.91,,5.96,,,4.75
1966-01-01,,,,,,,,5.91,,6.0475,,,4.95
1966-02-01,,,,,,,,5.95,,6.02,,,5.05
1966-03-01,,,,,,,,5.97,,6.05,,,5.19
1966-04-01,,,,,,,,5.97,,6.055,,,5.26
1966-05-01,,,,,,,,5.97,,6.1375,,,5.38
1966-06-01,,,,,,,,5.97,,6.244,,,5.5
1966-07-01,,,,,,,,6.56,,6.3175,,,5.62
1966-08-01,,,,,,,,6.97,,6.344,,,5.72
1966-09-01,,,,,,,,7.01,,6.405,,,5.86
1966-10-01,,,,,,,,6.97,,6.3825,,,5.83
1966-11-01,,,,,,,,6.93,,6.47,,,5.79
1966-12-01,,,,,,,,6.94,,6.6025,,,5.65
1967-01-01,,,,,,,,6.77,,6.44,,,5.4
1967-02-01,,,,,,,,6.4,,6.0375,,,5.18
1967-03-01,,,,,,,,6.18,,5.566,,,5.01
1967-04-01,,,,,,,,5.69,,5.01,,,4.43
1967-05-01,,,,,,,,5.51,,5.046,,,4.49
1967-06-01,,,,,,,,5.44,,5.4225,,,4.66
1967-07-01,,,,,,,,5.47,,5.5875,,,5.0
1967-08-01,,,,,,,,5.53,,5.63,,,4.93
1967-09-01,,,,,,,,5.54,,5.825,,,4.91
1967-10-01,,,,,,,,5.79,,6.5025,,,5.22
1967-11-01,,,,,,,,6.88,,6.524,,,5.4
1967-12-01,,,,,,,,7.78,,6.575,,,5.62
1968-01-01,,,,,,,,7.78,,6.578,,,5.48
1968-02-01,,,,,,,,7.75,,6.8,,,5.33
1968-03-01,,,,,,,,7.65,,7.1375,,,5.58
1968-04-01,,,,,,,,7.41,,7.2575,,,5.78
1968-05-01,,,,,,,,7.42,,7.35,,,6.14
1968-06-01,,,,,,,,7.53,,7.3275,,,6.12
1968-07-01,,,,,,,,7.58,,7.118,,,6.03
1968-08-01,,,,,,,,7.44,,6.7225,,,5.85
1968-09-01,,,,,,,,7.3,,6.215,,,5.78
1968-10-01,,,,,,,,6.97,,6.318,,,5.9
1968-11-01,,,,,,,,7.02,,6.4475,,,6.05
1968-12-01,,,,,,,,7.25,,6.55,,,6.27
1969-01-01,,,,,,,,7.28,,6.858,,,6.5
1969-02-01,,,,,,,,7.33,,6.885,,,6.52
1969-03-01,,,,,,,,8.35,,6.9525,,,6.65
1969-04-01,,,,,,,,8.41,,7.064,,,6.84
1969-05-01,,,,,,,,8.45,,7.1325,,,7.28
1969-06-01,,,,,,,,8.68,,7.5975,,,8.01
1969-07-01,,,,,,,,8.87,,8.082,,,8.69
1969-08-01,,,,,,,,8.87,,8.355,,,8.38
1969-09-01,,,,,,,,8.87,,8.43,,,8.47
1969-10-01,,,,,,,,8.87,,8.55,,,8.56
1969-11-01,,,,,,,,8.87,,8.6025,,,8.46
1969-12-01,,,,,,,,8.87,,9.03,,,8.77
1970-01-01,,,,,,,,8.87,,9.065,,,8.91
1970-02-01,,,,,,,,8.87,,8.575,,,8.58
1970-03-01,,,,,,,,8.61,,8.2375,,,8.08
1970-04-01,,,,,,,,8.29,,7.738,,,7.51
1970-05-01,,,,,,,,8.06,,7.855,,,8.08
1970-06-01,,,,,,,,8.06,,7.3275,,,8.07
1970-07-01,,,,,,,,8.06,,7.624,,,8.01
1970-08-01,,,,,,,,8.06,,7.6275,,,7.72
1970-09-01,,,,,,,,8.06,,6.86,,,7.3
1970-10-01,,,,,,,,8.06,,6.835,,,6.76
1970-11-01,,,,,,,,8.06,,6.12,,,6.08
1970-12-01,,,,,,,,8.06,,5.582,,,5.67
1971-01-01,,,,,,,,8.06,,5.775,,,5.09
1971-01-04,,2.3938,357.73,1.0109,5.1643,4.318,,,,,,,
1971-01-05,,2.3949,357.81,1.0102,5.1628,4.3117,,,,,,,
1971-01-06,,2.3967,357.86,1.0106,5.1614,4.3113,,,,,,,
1971-01-07,,2.3963,357.87,1.0148,5.1649,4.3103,,,,,,,
1971-01-08,,2.3972,357.82,1.0154,5.1631,4.3109,,,,,,,
1971-01-11,,2.3992,357.95,1.0159,5.1642,4.3102,,,,,,,
1971-01-12,,2.4001,358.06,1.013,5.1643,4.3099,,,,,,,
1971-01-13,,2.4021,358.44,1.0122,5.1615,4.3095,,,,,,,
1971-01-14,,2.4071,358.4,1.0133,5.1625,4.3095,,,,,,,
1971-01-15,,2.4057,358.4,1.0135,5.164,4.3076,,,,,,,
1971-01-18,,2.4052,358.29,1.0126,5.1651,4.3029,,,,,,,
1971-01-19,,2.4081,358.35,1.0111,5.1657,4.3006,,,,,,,
1971-01-20,,2.408,358.4,1.0115,5.1636,4.301,,,,,,,
1971-01-21,,2.4092,358.27,1.0109,5.1648,4.3017,,,,,,,
1971-01-22,,2.4103,357.9,1.0117,5.1626,4.2996,,,,,,,
1971-01-25,,2.4147,357.73,1.0111,5.1626,4.3005,,,,,,,
1971-01-26,,2.416,357.78,1.0107,5.164,4.2987,,,,,,,
1971-01-27,,2.4161,357.79,1.0101,5.1635,4.2973,,,,,,,
1971-01-28,,2.4169,357.83,1.009,5.1653,4.2978,,,,,,,
1971-01-29,,2.4174,357.72,1.008,5.1675,4.2963,,,,,,,
1971-02-01,,2.4184,357.67,1.0076,5.1778,4.2968,,8.06,,5.4725,,,4.38
1971-02-02,,2.4181,357.55,1.0087,5.1778,4.2969,,,,,,,
1971-02-03,,2.4184,357.54,1.0085,5.1742,4.2965,,,,,,,
1971-02-04,,2.4167,357.51,1.0078,5.1733,4.2966,,,,,,,
1971-02-05,,2.4147,357.53,1.0078,5.1784,4.2969,,,,,,,
1971-02-08,,2.4182,357.49,1.0083,5.1813,4.2979,,,,,,,
1971-02-09,,2.4151,357.5,1.0083,5.1811,4.2969,,,,,,,
1971-02-10,,2.4159,357.5,1.0086,5.1799,4.2972,,,,,,,
1971-02-11,,2.4158,357.5,1.0086,5.1778,4.2967,,,,,,,
1971-02-12,,,,,,,,,,,,,
1971-02-15,,,,,,,,,,,,,
1971-02-16,,2.4193,357.53,1.0084,5.1752,4.2968,,,,,,,
1971-02-17,,2.4193,357.53,1.0087,5.1706,4.2968,,,,,,,
1971-02-18,,2.4191,357.53,1.0076,5.17,4.2967,,,,,,,
1971-02-19,,2.419,357.56,1.0066,5.1692,4.2963,,,,,,,
1971-02-22,,2.4192,357.6,1.0043,5.1664,4.2958,,,,,,,
1971-02-23,,2.4193,357.55,1.0035,5.161,4.2957,,,,,,,
1971-02-24,,2.4193,357.6,1.0075,5.1631,4.3015,,,,,,,
1971-02-25,,2.4177,357.56,1.0066,5.1652,4.3073,,,,,,,
1971-02-26,,2.416,357.56,1.007,5.1652,4.307,,,,,,,
1971-03-01,,2.4162,357.63,1.0076,5.1631,4.3073,,8.06,,4.092,,,3.85
1971-03-02,,2.4184,357.56,1.0071,5.1638,4.3054,,,,,,,
1971-03-03,,2.4193,357.49,1.0073,5.1622,4.3039,,,,,,,
1971-03-04,,2.4179,357.45,1.0064,5.1631,4.3068,,,,,,,
1971-03-05,,2.4183,357.59,1.0047,5.1631,4.3066,,,,,,,
1971-03-08,,2.4192,357.55,1.003,5.1635,4.302,,,,,,,
1971-03-09,,2.4188,357.46,1.004,5.1644,4.3011,,,,,,,
1971-03-10,,2.4192,357.59,1.0036,5.1625,4.304,,,,,,,
1971-03-11,,2.4188,357.56,1.0049,5.1636,4.3012,,,,,,,
1971-03-12,,2.4193,357.58,1.0056,5.1626,4.301,,,,,,,
1971-03-15,,2.4193,357.54,1.0059,5.1626,4.3004,,,,,,,
1971-03-16,,2.4183,357.49,1.0052,5.1623,4.3002,,,,,,,
1971-03-17,,2.4194,357.53,1.0056,5.1613,4.2995,,,,,,,
1971-03-18,,2.419,357.56,1.0065,5.1625,4.2983,,,,,,,
1971-03-19,,2.419,357.56,1.0077,5.1621,4.2972,,,,,,,
1971-03-22,,2.4193,357.44,1.0079,5.1617,4.2971,,,,,,,
1971-03-23,,2.4193,357.53,1.0078,5.162,4.2972,,,,,,,
1971-03-24,,2.4194,357.53,1.0076,5.1613,4.2968,,,,,,,
1971-03-25,,2.4185,357.47,1.007,5.1626,4.2969,,,,,,,
1971-03-26,,2.4188,357.47,1.0074,5.1637,4.2959,,,,,,,
1971-03-29,,2.4194,357.44,1.0075,5.1648,4.2966,,,,,,,
1971-03-30,,2.4181,357.49,1.0082,5.1631,4.2958,,,,,,,
1971-03-31,,2.4168,357.42,1.0081,5.1624,4.2954,,,,,,,
1971-04-01,,2.4147,357.49,1.0076,5.1645,4.2955,,7.06,,3.745,,,4.45
1971-04-02,,2.4125,357.53,1.0073,5.1644,4.2947,,,,,,,
1971-04-05,,2.4161,357.5,1.0071,5.1646,4.2971,,,,,,,
1971-04-06,,2.4189,357.46,1.0062,5.1628,4.2974,,,,,,,
1971-04-07,,2.417,357.55,1.0069,5.1637,4.296,,,,,,,
1971-04-08,,2.4167,357.55,1.0071,5.1653,4.2937,,,,,,,
1971-04-09,,2.4167,357.5,1.0068,5.165,4.2951,,,,,,,
1971-04-12,,2.4169,357.5,1.0069,5.1646,4.2969,,,,,,,
1971-04-13,,2.4167,357.62,1.0076,5.1653,4.3019,,,,,,,
1971-04-14,,2.418,357.58,1.0081,5.1644,4.3024,,,,,,,
1971-04-15,,2.4187,357.5,1.0075,5.1633,4.2992,,,,,,,
1971-04-16,,2.4186,357.54,1.0068,5.1615,4.3019,,,,,,,
1971-04-19,,2.4193,357.49,1.0073,5.1619,4.3052,,,,,,,
1971-04-20,,2.4193,357.49,1.0075,5.1623,4.3039,,,,,,,
1971-04-21,,2.4196,357.49,1.0073,5.1611,4.3008,,,,,,,
1971-04-22,,2.4187,357.49,1.0076,5.162,4.2995,,,,,,,
1971-04-23,,2.4189,357.49,1.0085,5.1612,4.3025,,,,,,,
1971-04-26,,2.4188,357.5,1.0092,5.1624,4.3008,,,,,,,
1971-04-27,,2.419,357.49,1.0095,5.1615,4.299,,,,,,,
1971-04-28,,2.4195,357.5,1.0089,5.1615,4.2957,,,,,,,
1971-04-29,,2.4192,357.41,1.0086,5.1616,4.2957,,,,,,,
1971-04-30,,2.4193,357.4,1.0091,5.1614,4.2959,,,,,,,
1971-05-01,,,,,,,,7.05,,3.9025,,,4.98
1971-05-03,,2.4189,357.41,1.0089,5.162,4.2955,,,,,,,
1971-05-04,,2.4185,357.4,1.009,5.1613,4.2952,,,,,,,
1971-05-05,,2.4194,357.4,1.0074,5.1673,4.1841,,,,,,,
1971-05-06,,2.4185,357.41,1.0074,5.1724,4.1667,,,,,,,
1971-05-07,,2.4188,357.41,1.0069,5.1726,4.1374,,,,,,,
1971-05-10,,2.4173,357.14,1.0084,5.1683,4.1076,,,,,,,
1971-05-11,,2.417,357.44,1.0084,5.1731,4.1164,,,,,,,
1971-05-12,,2.4183,357.53,1.0083,5.1714,4.1095,,,,,,,
1971-05-13,,2.4183,357.49,1.0089,5.1655,4.095,,,,,,,
1971-05-14,,2.4186,357.49,1.0089,5.1664,4.095,,,,,,,
1971-05-17,,2.4193,357.4,1.0089,5.1634,4.0914,,,,,,,
1971-05-18,,2.419,357.44,1.0089,5.1622,4.0872,,,,,,,
1971-05-19,,2.4194,357.4,1.0095,5.1645,4.0866,,,,,,,
1971-05-20,,2.4193,357.46,1.0093,5.1649,4.0869,,,,,,,
1971-05-21,,2.4194,357.4,1.0092,5.1645,4.0733,,,,,,,
1971-05-24,,2.4194,357.4,1.009,5.163,4.0771,,,,,,,
1971-05-25,,2.419,357.4,1.0091,5.1644,4.0868,,,,,,,
1971-05-26,,2.4194,357.44,1.0086,5.1632,4.0882,,,,,,,
1971-05-27,,2.4187,357.4,1.0093,5.1653,4.0984,,,,,,,
1971-05-28,,2.4178,357.4,1.0101,5.1648,4.1058,,,,,,,
1971-05-31,,,,,,,,,,,,,
1971-06-01,,2.4162,357.46,1.0126,5.1661,4.1059,,6.74,,3.91,,,5.4
1971-06-02,,2.417,357.4,1.0134,5.1675,4.0995,,,,,,,
1971-06-03,,2.4188,357.46,1.0185,5.165,4.0898,,,,,,,
1971-06-04,,2.419,357.4,1.0174,5.1645,4.094,,,,,,,
1971-06-07,,2.4192,357.4,1.0161,5.1639,4.0879,,,,,,,
1971-06-08,,2.4188,357.4,1.0179,5.164,4.0896,,,,,,,
1971-06-09,,2.4194,357.4,1.0186,5.1626,4.0909,,,,,,,
1971-06-10,,2.4193,357.4,1.0239,5.1632,4.0851,,,,,,,
1971-06-11,,2.4194,357.4,1.0239,5.162,4.0885,,,,,,,
1971-06-14,,2.4186,357.4,1.0232,5.1628,4.0901,,,,,,,
1971-06-15,,2.4187,357.46,1.0248,5.1651,4.0948,,,,,,,
1971-06-16,,2.4193,357.46,1.0244,5.1643,4.0907,,,,,,,
1971-06-17,,2.4189,357.46,1.0242,5.1626,4.094,,,,,,,
1971-06-18,,2.4191,357.4,1.0225,5.1625,4.0931,,,,,,,
1971-06-21,,2.4191,357.4,1.0242,5.1621,4.0929,,,,,,,
1971-06-22,,2.419,357.4,1.0243,5.1614,4.0961,,,,,,,
1971-06-23,,2.4195,357.4,1.0234,5.1586,4.0943,,,,,,,
1971-06-24,,2.4191,357.4,1.0242,5.1593,4.094,,,,,,,
1971-06-25,,2.4191,357.4,1.0233,5.1585,4.0944,,,,,,,
1971-06-28,,2.4185,357.37,1.0221,5.1613,4.0981,,,,,,,
1971-06-29,,2.419,357.39,1.023,5.1591,4.1017,,,,,,,
1971-06-30,,2.4196,357.4,1.0235,5.1588,4.0989,,,,,,,
1971-07-01,,2.419,357.4,1.0232,5.16,4.0966,,6.43,,4.4375,,,5.75
1971-07-02,,2.419,357.4,1.0226,5.1616,4.0989,,,,,,,
1971-07-05,,,,,,,,,,,,,
1971-07-06,,2.4181,357.45,1.023,5.1638,4.1037,,,,,,,
1971-07-07,,2.4187,357.46,1.0233,5.1634,4.1049,,,,,,,
1971-07-08,,2.4185,357.46,1.023,5.1652,4.105,,,,,,,
1971-07-09,,2.4183,357.4,1.023,5.1661,4.1061,,,,,,,
1971-07-12,,2.4182,357.41,1.0231,5.168,4.106,,,,,,,
1971-07-13,,2.418,357.44,1.0231,5.1682,4.1038,,,,,,,
1971-07-14,,2.4187,357.4,1.023,5.1643,4.098,,,,,,,
1971-07-15,,2.4187,357.4,1.0227,5.1605,4.0939,,,,,,,
1971-07-16,,2.4189,357.4,1.0228,5.1621,4.0934,,,,,,,
1971-07-19,,2.4183,357.39,1.0222,5.1634,4.0915,,,,,,,
1971-07-20,,2.4182,357.39,1.0203,5.1614,4.0909,,,,,,,
1971-07-21,,2.4191,357.4,1.02,5.1594,4.0886,,,,,,,
1971-07-22,,2.4188,357.37,1.0175,5.16,4.0866,,,,,,,
1971-07-23,,2.419,357.36,1.0151,5.1597,4.0866,,,,,,,
1971-07-26,,2.418,357.4,1.0176,5.1609,4.0862,,,,,,,
1971-07-27,,2.4178,357.37,1.0205,5.1607,4.0862,,,,,,,
1971-07-28,,2.4185,357.4,1.0221,5.1596,4.0854,,,,,,,
1971-07-29,,2.4184,357.4,1.0207,5.1599,4.0871,,,,,,,
1971-07-30,,2.4184,357.39,1.0188,5.1591,4.0862,,,,,,,
1971-08-01,,,,,,,,6.02,,4.545,,,5.74
1971-08-02,,2.4175,357.41,1.0193,5.16,4.0878,,,,,,,
1971-08-03,,2.417,357.37,1.0195,5.1615,4.0887,,,,,,,
1971-08-04,,2.4193,357.37,1.0185,5.1593,4.0607,,,,,,,
1971-08-05,,2.4183,357.37,1.0168,5.1596,4.0616,,,,,,,
1971-08-06,,2.4185,357.37,1.0186,5.1597,4.0699,,,,,,,
1971-08-09,,2.4192,357.35,1.0063,5.1598,4.0532,,,,,,,
1971-08-10,,2.4187,357.39,1.0128,5.1624,4.0582,,,,,,,
1971-08-11,,2.4197,357.35,1.0143,5.1614,4.06,,,,,,,
1971-08-12,,2.4196,357.4,1.0132,5.163,4.0527,,,,,,,
1971-08-13,,2.4195,357.35,1.0119,5.1593,4.0633,,,,,,,
1971-08-16,,,,1.0098,,,,,,,,,
1971-08-17,,,,1.0067,,,,,,,,,
1971-08-18,,,,1.0087,,,,,,,,,
1971-08-19,,,,1.0112,,,,,,,,,
1971-08-20,,,,1.0113,,,,,,,,,
1971-08-23,,2.435,,1.0128,5.1053,3.9932,,,,,,,
1971-08-24,,2.4447,,1.0143,5.0889,3.9761,,,,,,,
1971-08-25,,2.4589,,1.0121,5.0855,3.9748,,,,,,,
1971-08-26,,2.4723,,1.0106,5.0787,3.9651,,,,,,,
1971-08-27,,2.4693,,1.01,5.0671,3.9732,,,,,,,
1971-08-30,,2.4677,,1.0135,5.0633,3.9878,,,,,,,
1971-08-31,,2.4535,339.85,1.0142,5.0793,3.9936,,,,,,,
1971-09-01,,2.4541,341.01,1.0162,5.0933,4.0024,,5.3,,4.796,,,5.63
1971-09-02,,2.4576,338.98,1.0143,5.0879,3.9992,,,,,,,
1971-09-03,,2.459,340.14,1.0146,5.0807,3.979,,,,,,,
1971-09-06,,,,,,,,,,,,,
1971-09-07,,2.4583,339.79,1.0162,5.0839,3.9999,,,,,,,
1971-09-08,,2.4584,339.39,1.0161,5.0913,3.9963,,,,,,,
1971-09-09,,2.4587,339.07,1.0157,5.0913,3.9948,,,,,,,
1971-09-10,,2.4592,338.81,1.0159,5.0897,3.9933,,,,,,,
1971-09-13,,2.4602,338.98,1.0161,5.0845,3.9984,,,,,,,
1971-09-14,,2.467,338.24,1.0153,5.0798,3.9897,,,,,,,
1971-09-15,,2.4709,338.41,1.0141,5.0747,3.9853,,,,,,,
1971-09-16,,2.471,337.84,1.0142,5.0736,3.986,,,,,,,
1971-09-17,,2.472,337.95,1.0136,5.0715,3.9864,,,,,,,
1971-09-20,,2.4743,337.27,1.012,5.0656,3.9714,,,,,,,
1971-09-21,,2.4733,337.34,1.0122,5.0581,3.9751,,,,,,,
1971-09-22,,2.474,337.44,1.0119,5.0599,3.9714,,,,,,,
1971-09-23,,2.4805,337.27,1.0092,5.058,3.9563,,,,,,,
1971-09-24,,2.4825,336.98,1.0066,5.0314,3.9698,,,,,,,
1971-09-27,,2.4803,336.25,1.0098,5.047,3.9689,,,,,,,
1971-09-28,,2.4782,336.36,1.0099,5.0452,3.9681,,,,,,,
1971-09-29,,2.4838,335.57,1.0098,5.0355,3.9594,,,,,,,
1971-09-30,,2.4847,335.35,1.0093,5.0273,3.9541,,,,,,,
1971-10-01,,2.4892,333.39,1.0091,5.0176,3.9588,,4.91,,5.155,,,5.27
1971-10-04,,2.4889,333.17,1.0082,5.0163,3.9599,,,,,,,
1971-10-05,,2.4894,333.14,1.0079,5.0201,3.9596,,,,,,,
1971-10-06,,2.4882,332.65,1.0075,5.013,3.9603,,,,,,,
1971-10-07,,2.4894,332.61,1.0062,5.0177,3.9604,,,,,,,
1971-10-08,,2.4802,332.37,1.0057,5.0176,3.9659,,,,,,,
1971-10-11,,,,,,,,,,,,,
1971-10-12,,2.4895,330.52,1.0054,5.0221,3.9699,,,,,,,
1971-10-13,,2.4891,331.4,1.0056,5.0272,3.9781,,,,,,,
1971-10-14,,2.4806,330.85,1.0045,5.0314,3.9824,,,,,,,
1971-10-15,,2.4889,330.58,1.0051,5.0302,3.9833,,,,,,,
1971-10-18,,2.4894,329.6,1.0045,5.0286,3.9727,,,,,,,
1971-10-19,,2.4893,330.85,1.0036,5.0256,3.9749,,,,,,,
1971-10-20,,2.4912,331.07,1.0034,5.0263,3.9755,,,,,,,
1971-10-21,,2.4921,330.79,1.0034,5.0262,3.9774,,,,,,,
1971-10-22,,2.4927,330.36,1.0007,5.0217,3.9799,,,,,,,
1971-10-25,,,,,,,,,,,,,
1971-10-26,,2.494,329.0,1.0019,5.0164,3.9914,,,,,,,
1971-10-27,,2.4945,329.54,1.0013,5.0173,3.9948,,,,,,,
1971-10-28,,2.4938,329.71,1.0017,5.0176,3.988,,,,,,,
1971-10-29,,2.4914,329.5,1.0036,5.0196,3.9927,,,,,,,
1971-11-01,,2.4927,329.45,1.0054,5.0247,3.996,,4.77,,4.605,,,4.87
1971-11-02,,,,,,,,,,,,,
1971-11-03,,2.493,329.5,1.0036,5.0226,3.9917,,,,,,,
1971-11-04,,2.4928,330.87,1.0042,5.0245,3.9912,,,,,,,
1971-11-05,,2.4936,329.16,1.0048,5.0196,3.9911,,,,,,,
1971-11-08,,2.4931,329.22,1.0058,5.022,3.9946,,,,,,,
1971-11-09,,2.4926,329.16,1.006,5.0207,3.9946,,,,,,,
1971-11-10,,2.4925,329.11,1.0053,5.0207,3.996,,,,,,,
1971-11-11,,2.4934,329.11,1.0048,5.0203,3.9952,,,,,,,
1971-11-12,,2.4937,329.49,1.0045,5.0136,3.9943,,,,,,,
1971-11-15,,2.493,328.73,1.0038,5.0136,3.9944,,,,,,,
1971-11-16,,2.4929,328.62,1.0034,5.0094,3.9948,,,,,,,
1971-11-17,,2.4938,328.8,1.0037,5.0074,3.996,,,,,,,
1971-11-18,,2.4935,328.68,1.0036,5.0088,3.9965,,,,,,,
1971-11-19,,2.4938,328.4,1.0027,5.0044,3.9839,,,,,,,
1971-11-22,,2.4937,328.41,1.0027,5.001,3.9761,,,,,,,
1971-11-23,,2.4939,328.19,1.0027,4.9897,3.9647,,,,,,,
1971-11-24,,2.4935,328.04,1.0026,4.9775,3.9526,,,,,,,
1971-11-25,,,,,,,,,,,,,
1971-11-26,,2.4937,327.6,1.0027,4.9565,3.9555,,,,,,,
1971-11-29,,2.4938,327.06,1.0027,4.9427,3.9539,,,,,,,
1971-11-30,,2.4937,327.44,1.0036,4.957,3.9555,,,,,,,
1971-12-01,,2.4939,327.6,1.003,4.9346,3.9489,,4.51,,4.396,,,4.65
1971-12-02,,2.493,326.0,1.0027,4.926,3.9335,,,,,,,
1971-12-03,,2.4985,325.1,1.0026,4.9257,3.917,,,,,,,
1971-12-06,,2.4978,326.53,1.001,4.9128,3.8948,,,,,,,
1971-12-07,,2.5011,323.62,1.0011,4.8888,3.8997,,,,,,,
1971-12-08,,2.5079,323.5,0.9997,4.89,3.8986,,,,,,,
1971-12-09,,2.5175,323.52,0.9978,4.8959,3.9,,,,,,,
1971-12-10,,2.5182,323.1,0.9957,4.8972,3.8998,,,,,,,
1971-12-13,,2.519,322.79,0.9967,4.8969,3.9027,,,,,,,
1971-12-14,,2.5189,322.58,0.9971,4.8968,3.885,,,,,,,
1971-12-15,,2.5192,321.54,0.9969,4.8924,3.8756,,,,,,,
1971-12-16,,2.5197,320.0,0.9973,4.8909,3.8826,,,,,,,
1971-12-17,,2.5292,320.36,0.9967,4.8924,3.8754,,,,,,,
1971-12-20,,,,0.9933,,,,,,,,,
1971-12-21,,2.5537,314.98,0.9967,4.8715,3.8842,,,,,,,
1971-12-22,,2.5538,314.96,0.9985,4.8729,3.885,,,,,,,
1971-12-23,,2.5485,315.01,1.0004,4.8796,3.9043,,,,,,,
1971-12-24,,2.5477,315.21,1.0006,4.8742,3.9092,,,,,,,
1971-12-27,,2.5482,314.96,1.0002,4.889,3.9193,,,,,,,
1971-12-28,,2.5473,315.01,1.0014,4.8896,3.9192,,,,,,,
1971-12-29,,2.5474,315.21,1.0019,4.9019,3.9212,,,,,,,
1971-12-30,,2.5536,315.01,1.0008,4.8838,3.9196,,,,,,,
1971-12-31,,2.552,315.01,1.0024,4.8631,3.9147,,,,,,,
1972-01-01,,,,,,,,4.43,,4.0625,,,3.95
1972-01-03,,2.552,314.86,1.0041,4.8544,3.9177,,,,,,,
1972-01-04,,2.5505,314.96,1.0052,4.855,3.92,,,,,,,
1972-01-05,,2.551,314.86,1.005,4.852,3.9216,,,,,,,
1972-01-06,,2.5502,312.01,1.005,4.8514,3.9185,,,,,,,
1972-01-07,,2.5502,312.5,1.0068,4.8479,3.9208,,,,,,,
1972-01-10,,2.5498,312.99,1.0093,4.8298,3.9198,,,,,,,
1972-01-11,,2.549,314.47,1.0085,4.8353,3.9216,,,,,,,
1972-01-12,,2.5504,313.48,1.0076,4.8309,3.9164,,,,,,,
1972-01-13,,2.5541,313.97,1.0071,4.8286,3.9002,,,,,,,
1972-01-14,,2.572,312.99,1.0061,4.8216,3.8835,,,,,,,
1972-01-17,,2.585,313.38,1.0045,4.8135,3.8655,,,,,,,
1972-01-18,,2.58,312.89,1.0065,4.8144,3.8775,,,,,,,
1972-01-19,,2.5801,312.79,1.0061,4.8077,3.8728,,,,,,,
1972-01-20,,2.5815,312.01,1.0065,4.8077,3.8775,,,,,,,
1972-01-21,,2.5824,312.3,1.0063,4.8077,3.8778,,,,,,,
1972-01-24,,2.5873,312.21,1.0056,4.806,3.8728,,,,,,,
1972-01-25,,2.5903,311.82,1.0046,4.8065,3.8655,,,,,,,
1972-01-26,,2.5894,311.53,1.0046,4.8077,3.8685,,,,,,,
1972-01-27,,2.5903,310.08,1.0045,4.8088,3.8707,,,,,,,
1972-01-28,,2.5914,310.46,1.0046,4.8077,3.873,,,,,,,
1972-01-31,,2.5937,310.56,1.0056,4.8054,3.8745,,,,,,,
1972-02-01,,2.5998,310.37,1.0063,4.8077,3.8677,,4.85,,4.4975,,,3.61
1972-02-02,,2.6067,308.55,1.0058,4.7985,3.8462,,,,,,,
1972-02-03,,2.6046,309.12,1.0057,4.7973,3.858,,,,,,,
1972-02-04,,2.6,308.64,1.0058,4.8054,3.8745,,,,,,,
1972-02-07,,2.6029,308.17,1.006,4.8019,3.873,,,,,,,
1972-02-08,,2.6037,307.69,1.0065,4.7973,3.8692,,,,,,,
1972-02-09,,2.605,304.79,1.0058,4.7962,3.861,,,,,,,
1972-02-10,,2.6059,304.69,1.0057,4.7939,3.861,,,,,,,
1972-02-11,,2.6055,304.69,1.0057,4.7962,3.858,,,,,,,
1972-02-14,,2.5952,304.23,1.0057,4.8031,3.861,,,,,,,
1972-02-15,,2.5937,304.14,1.005,4.8031,3.864,,,,,,,
1972-02-16,,2.6045,303.95,1.0047,4.7985,3.8447,,,,,,,
1972-02-17,,2.605,303.95,1.0045,4.7778,3.8484,,,,,,,
1972-02-18,,2.6055,303.49,1.004,4.7755,3.8491,,,,,,,
1972-02-21,,,,,,,,,,,,,
1972-02-22,,2.605,302.85,1.0034,4.7847,3.8595,,,,,,,
1972-02-23,,2.6062,302.48,1.0047,4.7847,3.8565,,,,,,,
1972-02-24,,2.607,302.11,1.0025,4.7881,3.8565,,,,,,,
1972-02-25,,2.6054,302.48,1.0025,4.7927,3.8692,,,,,,,
1972-02-28,,2.6057,303.95,1.0028,4.7927,3.8752,,,,,,,
1972-02-29,,2.6059,303.4,1.0012,4.7927,3.8685,,,,,,,
1972-03-01,,2.6058,303.21,1.001,4.787,3.8711,,4.79,,5.256,,,4.08
1972-03-02,,2.6058,303.03,1.0006,4.7847,3.8685,,,,,,,
1972-03-03,,2.6077,302.66,1.0004,4.7801,3.8715,,,,,,,
1972-03-06,,2.6112,302.75,0.9974,4.7755,3.861,,,,,,,
1972-03-07,,2.6213,302.3,0.9971,4.7653,3.8573,,,,,,,
1972-03-08,,2.6257,302.02,0.9969,4.7596,3.841,,,,,,,
1972-03-09,,2.644,301.66,0.9962,4.7326,3.8183,,,,,,,
1972-03-10,,2.6409,301.93,0.9971,4.7506,3.8175,,,,,,,
1972-03-13,,2.6387,302.3,0.9989,4.7438,3.9817,,,,,,,
1972-03-14,,2.629,302.21,1.0003,4.7574,3.8358,,,,,,,
1972-03-15,,2.621,302.11,1.0011,4.7687,3.8388,,,,,,,
1972-03-16,,2.62,302.02,1.0006,4.7664,3.8432,,,,,,,
1972-03-17,,2.61,302.11,1.0008,4.779,3.858,,,,,,,
1972-03-20,,2.6105,302.3,0.9996,4.7893,3.8625,,,,,,,
1972-03-21,,2.6175,302.11,0.9973,4.7733,3.8513,,,,,,,
1972-03-22,,2.6168,302.11,0.9978,4.7687,3.8603,,,,,,,
1972-03-23,,2.6096,301.93,0.999,4.787,3.8655,,,,,,,
1972-03-24,,2.6065,302.3,0.9987,4.7927,3.87,,,,,,,
1972-03-27,,2.6107,302.57,0.9966,4.7881,3.8591,,,,,,,
1972-03-28,,2.615,302.85,0.9961,4.7778,3.8528,,,,,,,
1972-03-29,,2.616,303.77,0.9966,4.7687,3.8476,,,,,,,
1972-03-30,,2.6152,303.77,0.9972,4.779,3.8366,,,,,,,
1972-03-31,,2.6163,304.32,0.9977,4.7801,3.8358,,,,,,,
1972-04-01,,,,,,,,4.62,,5.7525,,,4.6
1972-04-03,,2.616,304.14,0.9983,4.7801,3.8373,,,,,,,
1972-04-04,,2.6128,304.97,0.9979,4.7778,3.8476,,,,,,,
1972-04-05,,2.612,305.16,0.9969,4.7824,3.8491,,,,,,,
1972-04-06,,2.6093,304.88,0.9964,4.7824,3.8521,,,,,,,
1972-04-07,,2.6088,303.21,0.997,4.7847,3.8521,,,,,,,
1972-04-10,,2.6082,302.11,0.997,4.7841,3.7092,,,,,,,
1972-04-11,,2.6115,302.3,0.9969,4.7801,3.8499,,,,,,,
1972-04-12,,2.6125,302.43,0.997,4.7793,3.8484,,,,,,,
1972-04-13,,2.6102,302.57,0.9968,4.7824,3.8506,,,,,,,
1972-04-14,,2.6086,302.94,0.9972,4.7835,3.8558,,,,,,,
1972-04-17,,2.6082,302.57,0.9967,4.7847,3.8588,,,,,,,
1972-04-18,,2.6068,302.39,0.997,4.791,3.8737,,,,,,,
1972-04-19,,2.6068,302.94,0.9969,4.7939,3.879,,,,,,,
1972-04-20,,2.6093,303.03,0.9961,4.7847,3.867,,,,,,,
1972-04-21,,2.6084,303.21,0.9945,4.787,3.87,,,,,,,
1972-04-24,,2.6099,305.16,0.9933,4.787,3.8632,,,,,,,
1972-04-25,,2.6111,304.32,0.992,4.7813,3.8625,,,,,,,
1972-04-26,,2.611,303.77,0.9917,4.7824,3.864,,,,,,,
1972-04-27,,2.6116,304.23,0.9923,4.7778,3.8629,,,,,,,
1972-04-28,,2.611,304.88,0.9924,4.7755,3.8647,,,,,,,
1972-05-01,,2.611,304.41,0.9935,4.7744,3.864,,4.62,,6.018,,,4.41
1972-05-02,,2.6108,304.23,0.9931,4.7733,3.864,,,,,,,
1972-05-03,,2.6115,304.32,0.992,4.7721,3.8625,,,,,,,
1972-05-04,,2.6112,304.23,0.992,4.7676,3.8617,,,,,,,
1972-05-05,,2.6105,304.32,0.9921,4.7676,3.8632,,,,,,,
1972-05-08,,2.6107,305.06,0.9922,4.7664,3.8632,,,,,,,
1972-05-09,,2.6139,304.97,0.9917,4.7596,3.8573,,,,,,,
1972-05-10,,2.6152,303.77,0.991,4.7506,3.8551,,,,,,,
1972-05-11,,2.6128,303.58,0.9896,4.7529,3.861,,,,,,,
1972-05-12,,2.613,303.86,0.9899,4.754,3.8625,,,,,,,
1972-05-15,,2.6122,304.32,0.9901,4.754,3.867,,,,,,,
1972-05-16,,2.6113,304.41,0.9911,4.7574,3.8707,,,,,,,
1972-05-17,,2.6136,304.51,0.9893,4.7529,3.8655,,,,,,,
1972-05-18,,2.6135,304.6,0.9887,4.7506,3.8655,,,,,,,
1972-05-19,,2.6132,304.04,0.9886,4.7506,3.8651,,,,,,,
1972-05-22,,2.6133,304.41,0.9882,4.7483,3.8655,,,,,,,
1972-05-23,,2.6128,304.23,0.9876,4.7483,3.8565,,,,,,,
1972-05-24,,2.6133,304.32,0.9838,4.7377,3.8565,,,,,,,
1972-05-25,,2.6116,304.32,0.9839,4.7472,3.8595,,,,,,,
1972-05-26,,2.6126,304.41,0.9841,4.7461,3.8562,,,,,,,
1972-05-29,,,,,,,,,,,,,
1972-05-30,,2.6125,305.34,0.9831,4.736,3.8462,,,,,,,
1972-05-31,,2.613,304.69,0.9812,4.7337,3.8432,,,,,,,
1972-06-01,,2.6125,304.41,0.9816,4.736,3.8351,,5.72,,5.515,,,4.64
1972-06-02,,2.6117,304.23,0.9813,4.736,3.8373,,,,,,,
1972-06-05,,2.6114,304.69,0.9786,4.7427,3.8432,,,,,,,
1972-06-06,,2.6109,304.51,0.979,4.7461,3.8421,,,,,,,
1972-06-07,,2.6115,304.41,0.979,4.7427,3.8366,,,,,,,
1972-06-08,,2.6112,304.32,0.9768,4.7393,3.8329,,,,,,,
1972-06-09,,2.6112,304.23,0.9759,4.7388,3.8329,,,,,,,
1972-06-12,,2.607,304.51,0.9777,4.7393,3.8278,,,,,,,
1972-06-13,,2.6076,304.04,0.9778,4.7405,3.8179,,,,,,,
1972-06-14,,2.608,303.95,0.9756,4.7393,3.8197,,,,,,,
1972-06-15,,2.6008,304.04,0.9744,4.7293,3.8157,,,,,,,
1972-06-16,,2.5913,303.95,0.9759,4.7326,3.8088,,,,,,,
1972-06-19,,2.591,303.86,0.9783,4.7304,3.8059,,,,,,,
1972-06-20,,2.585,303.4,0.9805,4.7371,3.7979,,,,,,,
1972-06-21,,2.576,302.94,0.9832,4.7438,3.794,,,,,,,
1972-06-22,,2.572,302.07,0.9813,4.7664,3.7786,,,,,,,
1972-06-23,,2.5,294.12,0.9808,4.7619,3.7439,,,,,,,
1972-06-26,,2.5195,298.51,0.9805,4.7619,3.7355,,,,,,,
1972-06-27,,2.4925,298.51,0.981,4.7483,3.7594,,,,,,,
1972-06-28,,2.485,296.74,0.9815,4.7281,3.7383,,,,,,,
1972-06-29,,2.4635,300.75,0.9835,4.7148,3.7495,,,,,,,
1972-06-30,,2.441,300.93,0.9856,4.7059,3.7425,,,,,,,
1972-07-01,,,,,,,,6.8,,4.98,,,4.82
1972-07-03,,2.421,300.84,0.9846,4.7103,3.7481,,,,,,,
1972-07-04,,,,,,,,,,,,,
1972-07-05,,2.446,300.03,0.9836,4.7483,3.7707,,,,,,,
1972-07-06,,2.4355,300.57,0.9843,4.7393,3.7594,,,,,,,
1972-07-07,,2.4385,300.93,0.9855,4.7427,3.7559,,,,,,,
1972-07-10,,2.442,301.3,0.9853,4.7371,3.7552,,,,,,,
1972-07-11,,2.441,301.57,0.9844,4.7382,3.7545,,,,,,,
1972-07-12,,2.4455,301.2,0.9834,4.7371,3.7523,,,,,,,
1972-07-13,,2.4537,301.02,0.9835,4.7309,3.752,,,,,,,
1972-07-14,,2.4465,301.2,0.9828,4.7226,3.753,,,,,,,
1972-07-17,,2.4445,301.02,0.9848,4.7259,3.7538,,,,,,,
1972-07-18,,2.4445,300.75,0.9836,4.7281,3.7707,,,,,,,
1972-07-19,,2.4455,301.2,0.9835,4.7259,3.7771,,,,,,,
1972-07-20,,2.447,300.93,0.9833,4.7237,3.77,,,,,,,
1972-07-21,,2.4505,301.11,0.9843,4.7248,3.775,,,,,,,
1972-07-24,,2.4458,301.2,0.9848,4.7326,3.7811,,,,,,,
1972-07-25,,2.4482,300.75,0.9847,4.7382,3.775,,,,,,,
1972-07-26,,2.4483,301.2,0.9835,4.7382,3.7718,,,,,,,
1972-07-27,,2.4505,301.2,0.983,4.7304,3.775,,,,,,,
1972-07-28,,2.449,301.2,0.9827,4.7304,3.775,,,,,,,
1972-07-31,,2.4498,301.39,0.9834,4.7281,3.7736,,,,,,,
1972-08-01,,2.4485,301.2,0.9833,4.7248,3.7736,,7.08,,4.836,,,4.85
1972-08-02,,2.4505,301.2,0.9832,4.7259,3.7786,,,,,,,
1972-08-03,,2.4497,301.2,0.9824,4.727,3.7793,,,,,,,
1972-08-04,,2.4505,300.93,0.9821,4.7259,3.7779,,,,,,,
1972-08-07,,2.4505,301.11,0.9822,4.7259,3.7757,,,,,,,
1972-08-08,,2.4527,301.2,0.982,4.7237,3.7768,,,,,,,
1972-08-09,,2.454,301.2,0.9819,4.7248,3.7786,,,,,,,
1972-08-10,,2.4525,301.11,0.9815,4.7259,3.7786,,,,,,,
1972-08-11,,2.4522,301.11,0.9818,4.7248,3.7793,,,,,,,
1972-08-14,,2.4523,301.11,0.9818,4.7237,3.7793,,,,,,,
1972-08-15,,2.4534,301.2,0.9816,4.7237,3.7821,,,,,,,
1972-08-16,,2.4542,301.2,0.9819,4.727,3.7836,,,,,,,
1972-08-17,,2.4523,301.2,0.982,4.7293,3.7886,,,,,,,
1972-08-18,,2.4509,301.2,0.9822,4.7276,3.7879,,,,,,,
1972-08-21,,2.4498,301.11,0.9828,4.7298,3.7915,,,,,,,
1972-08-22,,2.4461,301.2,0.9834,4.7253,3.7821,,,,,,,
1972-08-23,,2.4476,301.2,0.9827,4.7242,3.7793,,,,,,,
1972-08-24,,2.446,301.2,0.9826,4.7259,3.7793,,,,,,,
1972-08-25,,2.4465,301.2,0.9827,4.727,3.7864,,,,,,,
1972-08-28,,2.4464,301.2,0.9823,4.727,3.7777,,,,,,,
1972-08-29,,2.4497,301.2,0.9825,4.727,3.7821,,,,,,,
1972-08-30,,2.4509,301.11,0.9833,4.7231,3.7786,,,,,,,
1972-08-31,,2.4483,301.11,0.9832,4.7248,3.7818,,,,,,,
1972-09-01,,2.4489,301.11,0.9833,4.727,3.7793,,7.13,,5.025,,,5.13
1972-09-04,,,,,,,,,,,,,
1972-09-05,,2.4485,301.2,0.9836,4.7293,3.7821,,,,,,,
1972-09-06,,2.4496,301.2,0.9839,4.727,3.7811,,,,,,,
1972-09-07,,2.4485,301.11,0.9836,4.7293,3.7775,,,,,,,
1972-09-08,,2.4467,301.11,0.984,4.7281,3.7787,,,,,,,
1972-09-11,,2.4464,301.2,0.9843,4.7304,3.78,,,,,,,
1972-09-12,,2.4461,301.11,0.9838,4.7293,3.7807,,,,,,,
1972-09-13,,2.4472,301.11,0.983,4.7287,3.7793,,,,,,,
1972-09-14,,2.4476,301.11,0.9828,4.7259,3.7836,,,,,,,
1972-09-15,,2.447,301.11,0.9818,4.7253,3.7847,,,,,,,
1972-09-18,,2.4465,301.11,0.9816,4.7248,3.7918,,,,,,,
1972-09-19,,2.4429,301.11,0.9821,4.7259,3.7904,,,,,,,
1972-09-20,,2.444,301.11,0.9828,4.7259,3.7904,,,,,,,
1972-09-21,,2.4432,301.11,0.9821,4.7265,3.7915,,,,,,,
1972-09-22,,2.434,301.11,0.9822,4.727,3.79,,,,,,,
1972-09-25,,2.4329,301.11,0.9821,4.727,3.7925,,,,,,,
1972-09-26,,2.4307,301.11,0.9826,4.7281,3.7958,,,,,,,
1972-09-27,,2.4284,301.02,0.9832,4.7298,3.7951,,,,,,,
1972-09-28,,2.4223,301.11,0.9838,4.7427,3.8019,,,,,,,
1972-09-29,,2.4195,301.11,0.9835,4.745,3.8023,,,,,,,
1972-10-01,,,,,,,,7.34,,5.025,,,5.25
1972-10-02,,2.4242,301.11,0.9842,4.7405,3.8066,,,,,,,
1972-10-03,,2.4231,301.11,0.984,4.7393,3.8045,,,,,,,
1972-10-04,,2.424,301.11,0.9833,4.7354,3.7965,,,,,,,
1972-10-05,,2.4232,301.11,0.9834,4.7326,3.7882,,,,,,,
1972-10-06,,2.4217,300.93,0.9837,4.7371,3.7872,,,,,,,
1972-10-09,,,,,,,,,,,,,
1972-10-10,,2.4191,300.93,0.9825,4.7405,3.7922,,,,,,,
1972-10-11,,2.4204,301.02,0.9825,4.7405,3.7971,,,,,,,
1972-10-12,,2.4185,301.02,0.9825,4.7427,3.7994,,,,,,,
1972-10-13,,2.4179,301.11,0.9819,4.7438,3.7994,,,,,,,
1972-10-16,,2.4055,301.11,0.9821,4.7551,3.7983,,,,,,,
1972-10-17,,2.4074,301.11,0.982,4.7529,3.7979,,,,,,,
1972-10-18,,2.408,301.11,0.983,4.7483,3.7961,,,,,,,
1972-10-19,,2.3925,301.02,0.9825,4.7416,3.794,,,,,,,
1972-10-20,,2.3926,300.75,0.9825,4.7438,3.7976,,,,,,,
1972-10-23,,,,,,,,,,,,,
1972-10-24,,2.3755,301.02,0.9825,4.7506,3.8043,,,,,,,
1972-10-25,,2.361,301.2,0.9821,4.7483,3.7994,,,,,,,
1972-10-26,,2.344,300.84,0.9821,4.7472,3.799,,,,,,,
1972-10-27,,2.346,300.48,0.9822,4.7483,3.7987,,,,,,,
1972-10-30,,2.33,301.02,0.9825,4.7472,3.7979,,,,,,,
1972-10-31,,2.3405,301.11,0.9832,4.7483,3.7994,,,,,,,
1972-11-01,,2.3565,301.02,0.9843,4.7495,3.7981,,7.84,,5.124,,,5.22
1972-11-02,,2.3532,300.66,0.9859,4.7495,3.7965,,,,,,,
1972-11-03,,2.345,299.94,0.9866,4.7483,3.7972,,,,,,,
1972-11-06,,2.3565,301.02,0.9867,4.7483,3.801,,,,,,,
1972-11-07,,,,,,,,,,,,,
1972-11-08,,2.351,301.02,0.9866,4.7478,3.8019,,,,,,,
1972-11-09,,2.3447,301.02,0.9865,4.7483,3.8008,,,,,,,
1972-11-10,,2.348,300.93,0.9862,4.7461,3.8023,,,,,,,
1972-11-13,,2.349,301.02,0.9857,4.7444,3.8019,,,,,,,
1972-11-14,,2.3504,301.02,0.986,4.7438,3.803,,,,,,,
1972-11-15,,2.3554,301.11,0.986,4.7427,3.7994,,,,,,,
1972-11-16,,2.3595,301.11,0.9859,4.7438,3.8012,,,,,,,
1972-11-17,,2.3504,301.02,0.9861,4.7427,3.8023,,,,,,,
1972-11-20,,2.351,301.11,0.9863,4.7433,3.8023,,,,,,,
1972-11-21,,2.3518,301.11,0.9869,4.7427,3.8008,,,,,,,
1972-11-22,,2.3509,301.11,0.9869,4.7438,3.799,,,,,,,
1972-11-23,,,,,,,,,,,,,
1972-11-24,,2.3498,301.02,0.9876,4.7427,3.7925,,,,,,,
1972-11-27,,2.3506,301.11,0.9886,4.7438,3.7739,,,,,,,
1972-11-28,,2.3519,301.2,0.9909,4.7438,3.785,,,,,,,
1972-11-29,,2.3528,301.11,0.9934,4.7416,3.7764,,,,,,,
1972-11-30,,2.3522,301.11,0.9945,4.7393,3.7761,,,,,,,
1972-12-01,,2.3474,301.11,0.995,4.7438,3.7658,,8.09,,5.085,,,5.43
1972-12-04,,2.3478,301.11,0.9958,4.7461,3.7729,,,,,,,
1972-12-05,,2.3446,301.11,0.9961,4.7461,3.7718,,,,,,,
1972-12-06,,2.3443,301.11,0.9985,4.7438,3.7743,,,,,,,
1972-12-07,,2.3405,301.11,1.0017,4.7461,3.7743,,,,,,,
1972-12-08,,2.3432,301.11,1.0012,4.7455,3.7747,,,,,,,
1972-12-11,,2.338,301.07,1.0016,4.7419,3.775,,,,,,,
1972-12-12,,2.3381,301.11,0.9988,4.745,3.7775,,,,,,,
1972-12-13,,2.34,301.11,0.9968,4.745,3.7743,,,,,,,
1972-12-14,,2.3415,301.11,0.9974,4.745,3.7718,,,,,,,
1972-12-15,,2.347,301.11,0.997,4.745,3.7718,,,,,,,
1972-12-18,,2.3478,301.11,0.9971,4.7438,3.7736,,,,,,,
1972-12-19,,2.3438,301.11,0.9961,4.7438,3.7745,,,,,,,
1972-12-20,,2.3462,301.11,0.9933,4.7427,3.77,,,,,,,
1972-12-21,,2.3447,301.11,0.9923,4.7416,3.7615,,,,,,,
1972-12-22,,2.3475,301.11,0.9944,4.7416,3.7594,,,,,,,
1972-12-25,,,,,,,,,,,,,
1972-12-26,,2.3486,301.39,0.9963,4.7416,3.758,,,,,,,
1972-12-27,,2.3504,302.02,0.995,4.741,3.7594,,,,,,,
1972-12-28,,2.3476,302.02,0.995,4.7427,3.7679,,,,,,,
1972-12-29,,2.348,301.66,0.9956,4.7438,3.7707,,,,,,,
1973-01-01,,,,,,,,8.75,,5.116,,,5.81
1973-01-02,,2.3472,301.39,0.9964,4.7438,3.7714,,,,,,,
1973-01-03,,2.3487,301.43,0.9986,4.7438,3.7636,,,,,,,
1973-01-04,,2.3503,301.2,0.9981,4.7438,3.7672,,,,,,,
1973-01-05,,2.3517,301.3,0.9976,4.7433,3.7651,,,,,,,
1973-01-08,,2.351,302.21,0.9996,4.7478,3.7693,,,,,,,
1973-01-09,,2.3514,302.07,1.0008,4.7486,3.7631,,,,,,,
1973-01-10,,2.3525,301.84,0.9997,4.7461,3.7585,,,,,,,
1973-01-11,,2.3513,301.48,0.9985,4.7466,3.7612,,,,,,,
1973-01-12,,2.3518,301.66,0.9992,4.7461,3.7619,,,,,,,
1973-01-15,,2.3509,301.66,0.9998,4.7478,3.7644,,,,,,,
1973-01-16,,2.3509,301.93,0.9989,4.7495,3.7633,,,,,,,
1973-01-17,,2.3527,302.11,0.9994,4.7472,3.7601,,,,,,,
1973-01-18,,2.3531,302.21,1.0,4.7472,3.7601,,,,,,,
1973-01-19,,2.3525,302.57,1.0,4.7483,3.759,,,,,,,
1973-01-22,,2.3535,302.48,0.9995,4.7461,3.7202,,,,,,,
1973-01-23,,2.3553,301.66,0.9996,4.7438,3.7313,,,,,,,
1973-01-24,,2.3595,302.11,0.9994,4.7438,3.695,,,,,,,
1973-01-25,,2.3605,301.84,0.9993,4.7388,3.6778,,,,,,,
1973-01-26,,2.361,301.75,0.9993,4.7393,3.6711,,,,,,,
1973-01-29,,2.371,301.66,0.9995,4.7281,3.6225,,,,,,,
1973-01-30,,2.379,301.39,1.0002,4.7081,3.6186,,,,,,,
1973-01-31,,2.3817,301.39,1.0009,4.707,3.6206,,,,,,,
1973-02-01,,2.3871,300.93,1.0003,4.6992,3.6049,,9.35,,4.9375,,,6.34
1973-02-02,,2.364,299.58,1.0004,4.7059,3.614,,,,,,,
1973-02-05,,2.3808,300.75,1.0012,4.7081,3.601,,,,,,,
1973-02-06,,2.379,299.85,1.0015,4.7059,3.5868,,,,,,,
1973-02-07,,2.383,299.85,1.0019,4.7037,3.5855,,,,,,,
1973-02-08,,2.3828,299.4,1.0003,4.7053,3.56,,,,,,,
1973-02-09,,2.3818,293.26,1.0002,4.7037,3.5651,,,,,,,
1973-02-12,,,,,,,,,,,,,
1973-02-13,,2.44,266.67,0.9941,4.5455,3.459,,,,,,,
1973-02-14,,2.47,265.96,0.9887,4.5045,3.3875,,,,,,,
1973-02-15,,2.45,263.02,0.9906,4.5147,3.358,,,,,,,
1973-02-16,,2.4331,263.85,0.9924,4.2772,3.367,,,,,,,
1973-02-19,,,,,,,,,,,,,
1973-02-20,,2.4385,265.96,0.9919,4.5106,3.3636,,,,,,,
1973-02-21,,2.442,264.9,0.9923,4.5045,3.3422,,,,,,,
1973-02-22,,2.461,265.46,0.9911,4.5055,3.252,,,,,,,
1973-02-23,,2.474,264.9,0.9915,4.4583,3.2733,,,,,,,
1973-02-26,,2.465,265.6,0.9942,4.4583,3.2563,,,,,,,
1973-02-27,,2.468,265.96,0.9947,4.4583,3.2,,,,,,,
1973-02-28,,2.49,265.67,0.9942,4.4543,3.1299,,,,,,,
1973-03-01,,2.5,265.6,0.994,4.4385,3.1299,,9.77,,5.1025,,,7.05
1973-03-02,,2.5,262.12,0.9941,4.2735,3.1299,,,,,,,
1973-03-05,,2.447,259.07,0.9954,4.3668,3.2113,,,,,,,
1973-03-06,,2.462,261.78,0.9965,4.386,3.1928,,,,,,,
1973-03-07,,2.472,261.92,0.998,4.3573,3.1796,,,,,,,
1973-03-08,,2.473,261.44,0.9964,4.3103,3.1726,,,,,,,
1973-03-09,,2.4705,260.42,0.9967,4.3384,3.1827,,,,,,,
1973-03-12,,2.47,257.07,0.9967,4.3898,3.231,,,,,,,
1973-03-13,,2.4685,254.97,0.9966,4.4248,3.268,,,,,,,
1973-03-14,,2.464,254.45,0.9963,4.4563,3.2436,,,,,,,
1973-03-15,,2.464,255.75,0.9963,4.4209,3.2041,,,,,,,
1973-03-16,,2.457,260.08,0.9965,4.4346,3.2394,,,,,,,
1973-03-19,,2.46,263.16,0.9974,4.4743,3.252,,,,,,,
1973-03-20,,2.4665,263.16,0.998,4.4783,3.2425,,,,,,,
1973-03-21,,2.4737,263.16,0.9973,4.4843,3.2468,,,,,,,
1973-03-22,,2.474,263.5,0.9966,4.4803,3.2478,,,,,,,
1973-03-23,,2.4737,266.03,0.9967,4.4863,3.2404,,,,,,,
1973-03-26,,2.4767,265.53,0.9967,4.4823,3.23,,,,,,,
1973-03-27,,2.4814,265.39,0.9965,4.4823,3.2248,,,,,,,
1973-03-28,,2.4814,265.6,0.9976,4.4924,3.2279,,,,,,,
1973-03-29,,2.482,265.67,0.9974,4.4939,3.2352,,,,,,,
1973-03-30,,2.4755,265.96,0.9991,4.4944,3.2436,,,,,,,
1973-04-01,,,,,,,,8.72,,5.5825,,,7.31
1973-04-02,,2.4776,266.03,0.9987,4.5203,3.2648,,,,,,,
1973-04-03,,2.4762,265.46,0.9988,4.5285,3.26,,,,,,,
1973-04-04,,2.4814,264.97,0.999,4.4863,3.2352,,,,,,,
1973-04-05,,2.4825,264.55,0.9992,4.4863,3.2331,,,,,,,
1973-04-06,,2.483,264.76,1.001,4.4984,3.2404,,,,,,,
1973-04-09,,2.4837,265.53,0.9992,4.5045,3.2373,,,,,,,
1973-04-10,,2.4867,265.53,0.9996,4.5188,3.2373,,,,,,,
1973-04-11,,2.4878,265.67,0.9995,4.5086,3.2305,,,,,,,
1973-04-12,,2.4834,266.03,1.0003,4.5045,3.23,,,,,,,
1973-04-13,,2.4805,265.89,0.999,4.5045,3.2362,,,,,,,
1973-04-16,,2.4822,265.6,0.9996,4.5167,3.2373,,,,,,,
1973-04-17,,2.4845,265.46,1.0003,4.5106,3.23,,,,,,,
1973-04-18,,2.4823,265.46,1.0006,4.5055,3.2362,,,,,,,
1973-04-19,,2.4837,265.53,1.0007,4.5167,3.241,,,,,,,
1973-04-20,,2.4848,265.6,1.0015,4.5147,3.2415,,,,,,,
1973-04-23,,2.4845,265.6,1.0027,4.5147,3.241,,,,,,,
1973-04-24,,2.4836,265.46,1.0034,4.5239,3.2452,,,,,,,
1973-04-25,,2.488,265.46,1.0029,4.5249,3.2436,,,,,,,
1973-04-26,,2.4863,265.6,1.0027,4.5208,3.2468,,,,,,,
1973-04-27,,2.4867,265.6,1.0032,4.5269,3.2436,,,,,,,
1973-04-30,,2.489,265.53,1.0032,4.5249,3.2415,,,,,,,
1973-05-01,,2.4883,265.53,1.0034,4.5208,3.2404,,8.46,,6.35,,,7.55
1973-05-02,,2.4935,265.53,1.0033,4.5208,3.2415,,,,,,,
1973-05-03,,2.4893,265.53,1.0027,4.5249,3.2457,,,,,,,
1973-05-04,,2.4896,265.53,1.0032,4.5249,3.2489,,,,,,,
1973-05-07,,2.4913,265.53,1.0024,4.5249,3.2515,,,,,,,
1973-05-08,,2.4984,265.67,1.0024,4.5249,3.2415,,,,,,,
1973-05-09,,2.5044,265.04,1.0026,4.5126,3.2394,,,,,,,
1973-05-10,,2.5055,265.04,1.0024,4.5137,3.2425,,,,,,,
1973-05-11,,2.511,265.46,1.0016,4.5137,3.2368,,,,,,,
1973-05-14,,2.539,264.76,0.9996,4.4623,3.1796,,,,,,,
1973-05-15,,2.564,262.47,0.9995,4.3898,3.1447,,,,,,,
1973-05-16,,2.5435,262.95,1.0008,4.417,3.1576,,,,,,,
1973-05-17,,2.547,264.48,1.0008,4.4189,3.1636,,,,,,,
1973-05-18,,2.5505,264.27,1.001,4.4033,3.1447,,,,,,,
1973-05-21,,2.5695,262.95,1.0006,4.3535,3.096,,,,,,,
1973-05-22,,2.5605,263.57,1.0006,4.3516,3.1027,,,,,,,
1973-05-23,,2.5555,264.2,0.9998,4.3649,3.0979,,,,,,,
1973-05-24,,2.546,264.55,0.9997,4.3668,3.1075,,,,,,,
1973-05-25,,2.5395,264.83,0.9986,4.3821,3.126,,,,,,,
1973-05-28,,,,,,,,,,,,,
1973-05-29,,2.556,264.9,0.9988,4.344,3.1124,,,,,,,
1973-05-30,,2.5645,264.83,0.9976,4.3085,3.0941,,,,,,,
1973-05-31,,2.5661,264.69,0.9951,4.2772,3.0864,,,,,,,
1973-06-01,,2.573,264.06,0.996,4.2753,3.0741,,8.07,,7.085,,,8.16
1973-06-04,,2.583,262.88,0.9966,4.1929,3.0303,,,,,,,
1973-06-05,,2.58,262.88,0.9977,4.1964,3.0488,,,,,,,
1973-06-06,,2.57,264.13,0.9981,4.2808,3.0703,,,,,,,
1973-06-07,,2.573,264.27,0.9986,4.2827,3.0883,,,,,,,
1973-06-08,,2.574,264.41,0.9981,4.2589,3.0807,,,,,,,
1973-06-11,,2.5725,264.69,0.9978,4.2535,3.0883,,,,,,,
1973-06-12,,2.5742,264.69,0.9982,4.2499,3.0731,,,,,,,
1973-06-13,,2.573,264.62,0.9991,4.2735,3.0979,,,,,,,
1973-06-14,,2.577,264.69,0.9998,4.2517,3.0798,,,,,,,
1973-06-15,,2.58,264.69,1.0007,4.2283,3.0637,,,,,,,
1973-06-18,,2.581,264.69,1.0,4.2017,3.0432,,,,,,,
1973-06-19,,2.571,264.83,0.9995,4.2283,3.0562,,,,,,,
1973-06-20,,2.574,264.97,0.9994,4.2159,3.0637,,,,,,,
1973-06-21,,2.573,265.04,0.9991,4.2141,3.0423,,,,,,,
1973-06-22,,2.574,265.04,0.9984,4.1946,3.0404,,,,,,,
1973-06-25,,2.575,265.18,0.9971,4.1964,3.0497,,,,,,,
1973-06-26,,2.577,265.18,0.9973,4.1858,3.0423,,,,,,,
1973-06-27,,2.5805,265.18,0.9984,4.1408,3.034,,,,,,,
1973-06-28,,2.583,265.18,0.998,4.075,3.0211,,,,,,,
1973-06-29,,2.581,263.16,0.9985,4.0568,2.9283,,,,,,,
1973-07-01,,,,,,,,8.74,,7.705,,,9.7
1973-07-02,,2.5802,265.25,0.9993,4.0209,2.8902,,,,,,,
1973-07-03,,2.579,265.04,0.9994,4.0241,2.8313,,,,,,,
1973-07-04,,,,,,,,,,,,,
1973-07-05,,2.5735,265.11,0.9983,4.0161,2.7902,,,,,,,
1973-07-06,,2.5575,262.12,0.9978,3.9683,2.6991,,,,,,,
1973-07-09,,2.558,259.4,0.9976,3.9761,2.7647,,,,,,,
1973-07-10,,2.547,263.16,0.9988,4.0816,2.8736,,,,,,,
1973-07-11,,2.547,264.83,0.9989,4.1408,2.8852,,,,,,,
1973-07-12,,2.5443,264.76,0.9983,4.1152,2.8653,,,,,,,
1973-07-13,,2.542,265.04,0.9987,4.1254,2.8686,,,,,,,
1973-07-16,,2.5465,265.11,0.9995,4.0816,2.8498,,,,,,,
1973-07-17,,2.544,265.25,1.0005,4.0486,2.8169,,,,,,,
1973-07-18,,2.5445,265.11,1.0002,4.0161,2.7871,,,,,,,
1973-07-19,,2.5335,265.18,1.0004,4.0683,2.849,,,,,,,
1973-07-20,,2.5395,265.6,0.9992,4.0453,2.8225,,,,,,,
1973-07-23,,2.535,266.17,0.9992,4.0306,2.8121,,,,,,,
1973-07-24,,2.5205,265.6,1.0006,4.0323,2.805,,,,,,,
1973-07-25,,2.5035,265.53,1.0003,4.0225,2.8043,,,,,,,
1973-07-26,,2.485,265.6,0.9999,4.0,2.7933,,,,,,,
1973-07-27,,2.504,264.76,1.0004,4.0128,2.805,,,,,,,
1973-07-30,,2.5035,263.57,1.001,4.0453,2.8361,,,,,,,
1973-07-31,,2.499,263.44,1.0015,4.0486,2.8409,,,,,,,
1973-08-01,,2.517,263.44,1.0018,4.029,2.8409,,12.55,,8.31,,,10.77
1973-08-02,,2.515,264.76,1.0018,4.0519,2.8531,,,,,,,
1973-08-03,,2.5085,265.39,1.0012,4.0486,2.8474,,,,,,,
1973-08-06,,2.4925,265.11,1.002,4.0634,2.8818,,,,,,,
1973-08-07,,2.497,265.25,1.002,4.0733,2.8661,,,,,,,
1973-08-08,,2.5,265.18,1.003,4.07,2.8629,,,,,,,
1973-08-09,,2.481,265.11,1.0025,4.122,2.8918,,,,,,,
1973-08-10,,2.475,265.25,1.0033,4.1459,2.9499,,,,,,,
1973-08-13,,2.475,265.46,1.0047,4.1288,2.9533,,,,,,,
1973-08-14,,2.4695,265.46,1.0046,4.1946,3.0148,,,,,,,
1973-08-15,,2.462,265.46,1.0061,4.2052,3.0266,,,,,,,
1973-08-16,,2.459,265.39,1.0043,4.2301,3.0488,,,,,,,
1973-08-17,,2.4635,265.53,1.0043,4.2017,3.0386,,,,,,,
1973-08-20,,2.477,265.6,1.0045,4.1408,2.9499,,,,,,,
1973-08-21,,2.469,265.18,1.0052,4.1824,3.046,,,,,,,
1973-08-22,,2.4655,265.25,1.0054,4.1982,3.0377,,,,,,,
1973-08-23,,2.457,265.25,1.0048,4.2194,3.0628,,,,,,,
1973-08-24,,2.4585,265.25,1.0044,4.1982,3.0367,,,,,,,
1973-08-27,,2.461,265.32,1.0046,4.2194,3.0432,,,,,,,
1973-08-28,,2.4575,265.32,1.0047,4.223,3.0478,,,,,,,
1973-08-29,,2.465,265.32,1.005,4.1999,3.0211,,,,,,,
1973-08-30,,2.457,265.39,1.005,4.2176,3.0303,,,,,,,
1973-08-31,,2.458,265.39,1.0056,4.2176,3.0349,,,,,,,
1973-09-01,,,,,,,,12.59,,8.8025,,,10.59
1973-09-03,,,,,,,,,,,,,
1973-09-04,,2.441,265.46,1.006,4.2248,3.0312,,,,,,,
1973-09-05,,2.422,265.39,1.0065,4.2017,3.0157,,,,,,,
1973-09-06,,2.422,265.39,1.0078,4.207,3.0257,,,,,,,
1973-09-07,,2.4185,265.39,1.0083,4.2159,3.0003,,,,,,,
1973-09-10,,2.4125,265.39,1.0082,4.2105,3.012,,,,,,,
1973-09-11,,2.4085,265.46,1.0107,4.2212,3.0285,,,,,,,
1973-09-12,,2.4065,265.6,1.0101,4.2194,3.0193,,,,,,,
1973-09-13,,2.4135,265.6,1.0083,4.2355,3.0367,,,,,,,
1973-09-14,,2.4115,265.6,1.0093,4.2301,3.0321,,,,,,,
1973-09-17,,2.411,265.53,1.01,4.1982,3.0057,,,,,,,
1973-09-18,,2.4165,265.53,1.011,4.1911,3.0075,,,,,,,
1973-09-19,,2.418,265.46,1.0104,4.207,3.0166,,,,,,,
1973-09-20,,2.421,265.39,1.0079,4.1754,2.9931,,,,,,,
1973-09-21,,2.424,265.25,1.0077,4.2034,3.0139,,,,,,,
1973-09-24,,2.4225,265.39,1.0083,4.1999,3.0084,,,,,,,
1973-09-25,,2.4225,265.46,1.0075,4.1929,3.0093,,,,,,,
1973-09-26,,2.423,265.53,1.0077,4.1964,3.0148,,,,,,,
1973-09-27,,2.4193,265.6,1.0056,4.2017,3.0221,,,,,,,
1973-09-28,,2.4135,265.6,1.0058,4.2052,3.0303,,,,,,,
1973-10-01,,2.4135,265.6,1.0055,4.2052,3.0248,,11.98,,9.35,,,9.2
1973-10-02,,2.4115,265.75,1.007,4.207,3.0166,,,,,,,
1973-10-03,,2.4138,265.89,1.007,4.2105,3.0202,,,,,,,
1973-10-04,,2.4128,265.96,1.0065,4.2123,3.0211,,,,,,,
1973-10-05,,2.413,266.17,1.0073,4.2176,3.0184,,,,,,,
1973-10-08,,,,,,,,,,,,,
1973-10-09,,2.4118,266.31,1.0056,4.1999,3.0184,,,,,,,
1973-10-10,,2.4205,266.31,1.0044,4.1911,3.0057,,,,,,,
1973-10-11,,2.4255,266.24,1.0039,4.1667,3.0003,,,,,,,
1973-10-12,,2.426,266.24,1.0028,4.1667,3.0066,,,,,,,
1973-10-15,,2.4325,266.45,1.0014,4.1841,3.0166,,,,,,,
1973-10-16,,2.438,266.45,1.0002,4.1701,3.0111,,,,,,,
1973-10-17,,2.4525,266.38,1.001,4.1511,3.0039,,,,,,,
1973-10-18,,2.4445,266.31,0.9999,4.1528,3.0075,,,,,,,
1973-10-19,,2.437,266.38,0.9986,4.158,3.0275,,,,,,,
1973-10-22,,,,,,,,,,,,,
1973-10-23,,2.4455,266.45,0.9969,4.1102,3.012,,,,,,,
1973-10-24,,2.4425,266.38,0.995,4.1254,3.0202,,,,,,,
1973-10-25,,2.442,266.45,0.993,4.1356,3.0248,,,,,,,
1973-10-26,,2.4355,266.67,0.9945,4.1789,3.0525,,,,,,,
1973-10-29,,2.4235,266.74,0.9966,4.1964,3.0989,,,,,,,
1973-10-30,,2.4325,266.95,0.997,4.1964,3.0989,,,,,,,
1973-10-31,,2.4385,266.95,0.999,4.1789,3.0998,,,,,,,
1973-11-01,,2.4345,270.27,0.9997,4.1911,3.0998,,12.4,,9.35,,,9.24
1973-11-02,,2.4345,276.01,0.9966,4.1824,3.0769,,,,,,,
1973-11-05,,2.43,275.18,0.997,4.2123,3.095,,,,,,,
1973-11-06,,,,,,,,,,,,,
1973-11-07,,2.4225,275.18,0.9984,4.2717,3.1162,,,,,,,
1973-11-08,,2.4187,275.25,0.998,4.2992,3.1211,,,,,,,
1973-11-09,,2.4015,275.33,0.9985,4.329,3.1328,,,,,,,
1973-11-12,,2.388,275.25,0.9995,4.3975,3.1867,,,,,,,
1973-11-13,,2.3925,280.19,1.0007,4.3783,3.1857,,,,,,,
1973-11-14,,2.397,280.66,1.002,4.3011,3.1576,,,,,,,
1973-11-15,,2.397,280.27,1.0,4.3365,3.1766,,,,,,,
1973-11-16,,2.3855,280.11,0.9996,4.329,3.1726,,,,,,,
1973-11-19,,2.39,280.11,0.9976,4.3478,3.1696,,,,,,,
1973-11-20,,2.391,280.43,0.9986,4.3554,3.1756,,,,,,,
1973-11-21,,2.3915,280.11,0.9974,4.386,3.1837,,,,,,,
1973-11-22,,,,,,,,,,,,,
1973-11-23,,2.346,280.66,0.9982,4.4683,3.23,,,,,,,
1973-11-26,,2.343,280.11,0.9998,4.4444,3.2062,,,,,,,
1973-11-27,,2.3575,280.11,1.0008,4.4111,3.1959,,,,,,,
1973-11-28,,2.336,279.8,1.0003,4.4267,3.1969,,,,,,,
1973-11-29,,2.34,280.11,0.9988,4.4248,3.2103,,,,,,,
1973-11-30,,2.343,280.11,1.0002,4.4248,3.2051,,,,,,,
1973-12-01,,,,,,,,13.76,,9.925,,,9.27
1973-12-03,,2.34,280.11,1.0009,4.4623,3.2031,,,,,,,
1973-12-04,,2.3345,280.11,1.0006,4.5167,3.2103,,,,,,,
1973-12-05,,2.3375,280.11,1.0,4.4924,3.1949,,,,,,,
1973-12-06,,2.337,280.11,1.0004,4.4863,3.1726,,,,,,,
1973-12-07,,2.326,280.11,1.001,4.5045,3.1756,,,,,,,
1973-12-10,,2.3125,280.11,1.0002,4.5249,3.1928,,,,,,,
1973-12-11,,2.3065,280.11,1.0002,4.5208,3.198,,,,,,,
1973-12-12,,2.3125,280.03,1.0002,4.5228,3.1908,,,,,,,
1973-12-13,,2.3165,280.11,0.9996,4.5228,3.1939,,,,,,,
1973-12-14,,2.31,280.11,1.0,4.5393,3.199,,,,,,,
1973-12-17,,2.307,280.11,0.9996,4.5704,3.199,,,,,,,
1973-12-18,,2.3085,280.11,1.0001,4.5725,3.198,,,,,,,
1973-12-19,,2.31,280.11,0.9999,4.5851,3.199,,,,,,,
1973-12-20,,2.308,280.11,0.9997,4.5725,3.1918,,,,,,,
1973-12-21,,2.3075,280.11,0.9994,4.5537,3.1766,,,,,,,
1973-12-24,,2.3105,280.35,0.9983,4.5496,3.1847,,,,,,,
1973-12-25,,,,,,,,,,,,,
1973-12-26,,2.3095,280.27,0.9983,4.5767,3.1898,,,,,,,
1973-12-27,,2.313,280.66,0.998,4.5746,3.231,,,,,,,
1973-12-28,,2.318,280.43,0.996,4.5767,3.2478,,,,,,,
1973-12-31,,2.3225,280.27,0.996,4.5809,3.251,,,,,,,
1974-01-01,,,,,,,,13.72,,9.468,,,9.0
1974-01-02,,2.3045,280.82,0.9956,4.6816,3.3311,,,,,,,
1974-01-03,,2.2855,283.69,0.993,4.7059,3.3245,,,,,,,
1974-01-04,,2.276,282.09,0.9931,4.7037,3.3311,,,,,,,
1974-01-07,,2.2265,300.3,0.9926,4.8403,3.427,,,,,,,
1974-01-08,,2.2295,299.94,0.9919,4.845,3.4141,,,,,,,
1974-01-09,,2.241,299.94,0.9895,4.7962,3.3841,,,,,,,
1974-01-10,,2.2375,299.94,0.9909,4.7801,3.3557,,,,,,,
1974-01-11,,2.2485,300.03,0.992,4.9769,3.3681,,,,,,,
1974-01-14,,2.231,300.12,0.9915,4.8309,3.3875,,,,,,,
1974-01-15,,2.191,300.12,0.9916,4.8614,3.3979,,,,,,,
1974-01-16,,2.1775,300.12,0.993,4.8031,3.3772,,,,,,,
1974-01-17,,2.18,300.12,0.9935,4.8193,3.3875,,,,,,,
1974-01-18,,2.186,300.12,0.9925,4.8216,3.3693,,,,,,,
1974-01-21,,2.1735,305.34,0.9924,4.8733,3.3967,,,,,,,
1974-01-22,,2.182,304.88,0.9921,4.8497,3.3829,,,,,,,
1974-01-23,,2.185,303.58,0.9928,4.8709,3.3979,,,,,,,
1974-01-24,,2.2015,300.12,0.9916,4.8309,3.3738,,,,,,,
1974-01-25,,2.204,299.8,0.9892,4.8473,3.3761,,,,,,,
1974-01-28,,2.206,299.85,0.9884,4.8008,3.3613,,,,,,,
1974-01-29,,2.22,300.03,0.9879,4.8123,3.3234,,,,,,,
1974-01-30,,2.255,299.22,0.9897,4.7962,3.2949,,,,,,,
1974-01-31,,2.286,298.77,0.9882,4.7393,3.2552,,,,,,,
1974-02-01,,2.2765,298.86,0.9871,4.7506,3.2658,,13.63,,8.745,,,8.08
1974-02-04,,2.2635,297.0,0.9853,4.7037,3.2206,,,,,,,
1974-02-05,,2.248,293.69,0.9832,4.7281,3.2468,,,,,,,
1974-02-06,,2.2335,297.62,0.9817,4.7461,3.252,,,,,,,
1974-02-07,,2.2425,296.82,0.9804,4.7506,3.2373,,,,,,,
1974-02-08,,2.2385,296.3,0.9817,4.7281,3.231,,,,,,,
1974-02-11,,2.2425,295.51,0.9791,4.7281,3.2082,,,,,,,
1974-02-12,,,,,,,,,,,,,
1974-02-13,,2.2665,291.89,0.9768,4.6729,3.198,,,,,,,
1974-02-14,,2.2735,291.55,0.9726,4.6555,3.1928,,,,,,,
1974-02-15,,2.278,293.17,0.9741,4.662,3.1908,,,,,,,
1974-02-18,,,,,,,,,,,,,
1974-02-19,,2.282,290.11,0.9745,4.6555,3.1466,,,,,,,
1974-02-20,,2.2875,289.02,0.9748,4.6425,3.1299,,,,,,,
1974-02-21,,2.295,282.09,0.972,4.6339,3.0989,,,,,,,
1974-02-22,,2.3155,280.58,0.9719,4.5998,3.0656,,,,,,,
1974-02-25,,2.292,283.37,0.973,4.6577,3.1211,,,,,,,
1974-02-26,,2.311,286.53,0.973,4.6275,3.095,,,,,,,
1974-02-27,,2.3005,287.03,0.9693,4.6512,3.1407,,,,,,,
1974-02-28,,2.3015,288.43,0.9685,4.6339,3.1328,,,,,,,
1974-03-01,,2.286,292.06,0.9698,4.6577,3.1506,,14.4,,8.9075,,,8.84
1974-03-04,,2.2795,292.74,0.9695,4.6533,3.1586,,,,,,,
1974-03-05,,2.324,289.44,0.9723,4.6232,3.1397,,,,,,,
1974-03-06,,2.33,287.03,0.9737,4.6296,3.1348,,,,,,,
1974-03-07,,2.3225,286.86,0.9726,4.6425,3.1348,,,,,,,
1974-03-08,,2.322,287.19,0.971,4.6382,3.1153,,,,,,,
1974-03-11,,2.322,285.71,0.9723,4.6232,3.0788,,,,,,,
1974-03-12,,2.327,281.69,0.9722,4.6211,3.0883,,,,,,,
1974-03-13,,2.348,282.33,0.9717,4.6147,3.0855,,,,,,,
1974-03-14,,2.3455,282.89,0.9723,4.6382,3.1153,,,,,,,
1974-03-15,,2.334,282.49,0.973,4.6253,3.1075,,,,,,,
1974-03-18,,2.3295,281.93,0.9731,4.6168,3.095,,,,,,,
1974-03-19,,2.331,280.98,0.9724,4.6019,3.0807,,,,,,,
1974-03-20,,2.345,280.19,0.9711,4.5517,3.0581,,,,,,,
1974-03-21,,2.36,279.1,0.9708,4.4743,3.0303,,,,,,,
1974-03-22,,2.341,276.78,0.9713,4.4944,3.0581,,,,,,,
1974-03-25,,2.3665,275.18,0.9713,4.4287,2.9931,,,,,,,
1974-03-26,,2.37,274.88,0.9723,4.4385,3.0048,,,,,,,
1974-03-27,,2.375,275.48,0.9744,4.4683,3.0239,,,,,,,
1974-03-28,,2.402,274.42,0.973,4.3937,2.9851,,,,,,,
1974-03-29,,2.393,276.09,0.9728,4.4248,3.0157,,,,,,,
1974-04-01,,2.396,280.11,0.9723,4.4346,3.0423,,13.93,,10.4175,,,10.25
1974-04-02,,2.397,275.48,0.9722,4.4053,3.0294,,,,,,,
1974-04-03,,2.3985,275.86,0.9721,4.4326,3.0675,,,,,,,
1974-04-04,,2.3925,278.32,0.9705,4.4484,3.075,,,,,,,
1974-04-05,,2.393,279.33,0.9702,4.4464,3.0572,,,,,,,
1974-04-08,,2.3935,278.01,0.9721,4.4346,3.0647,,,,,,,
1974-04-09,,2.383,279.25,0.9724,4.4743,3.0769,,,,,,,
1974-04-10,,2.3555,278.01,0.9714,4.4603,3.075,,,,,,,
1974-04-11,,2.3615,276.78,0.9714,4.4444,3.06,,,,,,,
1974-04-12,,2.364,278.55,0.9716,4.4444,3.0628,,,,,,,
1974-04-15,,2.3635,278.55,0.9705,4.4405,3.0637,,,,,,,
1974-04-16,,2.357,276.93,0.9695,4.4425,3.0581,,,,,,,
1974-04-17,,2.368,276.4,0.9687,4.4209,3.0441,,,,,,,
1974-04-18,,2.372,276.4,0.9666,4.4072,3.023,,,,,,,
1974-04-19,,2.3845,276.93,0.9656,4.4072,3.0266,,,,,,,
1974-04-22,,2.39,277.39,0.965,4.3956,3.013,,,,,,,
1974-04-23,,2.402,275.56,0.9624,4.3346,2.9833,,,,,,,
1974-04-24,,2.409,276.24,0.9605,4.3328,2.9656,,,,,,,
1974-04-25,,2.403,278.16,0.9577,4.344,2.9797,,,,,,,
1974-04-26,,2.41,279.8,0.9614,4.3141,2.9691,,,,,,,
1974-04-29,,2.432,279.33,0.9615,4.2662,2.924,,,,,,,
1974-04-30,,2.424,279.64,0.9606,4.2772,2.9325,,,,,,,
1974-05-01,,2.4185,279.41,0.9596,4.279,2.9377,,13.34,,11.782,,,11.2
1974-05-02,,2.419,279.96,0.9605,4.2992,2.9516,,,,,,,
1974-05-03,,2.418,279.8,0.9612,4.2974,2.9603,,,,,,,
1974-05-06,,2.435,279.41,0.9638,4.2553,2.918,,,,,,,
1974-05-07,,2.4155,279.56,0.9631,4.279,2.936,,,,,,,
1974-05-08,,2.43,277.62,0.964,4.2337,2.8952,,,,,,,
1974-05-09,,2.4305,277.62,0.9644,4.2301,2.8843,,,,,,,
1974-05-10,,2.43,277.62,0.962,4.2409,2.8736,,,,,,,
1974-05-13,,2.429,277.62,0.9625,4.1858,2.8249,,,,,,,
1974-05-14,,2.4185,277.78,0.9622,4.1858,2.809,,,,,,,
1974-05-15,,2.4245,277.39,0.9622,4.2882,2.8985,,,,,,,
1974-05-16,,2.4125,277.62,0.9624,4.2735,2.8927,,,,,,,
1974-05-17,,2.41,277.7,0.9639,4.2699,2.8944,,,,,,,
1974-05-20,,2.405,278.24,0.9632,4.2937,2.9455,,,,,,,
1974-05-21,,2.406,279.1,0.9634,4.2735,2.9197,,,,,,,
1974-05-22,,2.4145,279.88,0.9626,4.268,2.896,,,,,,,
1974-05-23,,2.4115,279.56,0.9606,4.2553,2.891,,,,,,,
1974-05-24,,2.401,279.49,0.9604,4.268,2.9274,,,,,,,
1974-05-27,,,,,,,,,,,,,
1974-05-28,,2.393,279.33,0.9617,4.3253,2.9525,,,,,,,
1974-05-29,,2.391,279.72,0.963,4.386,3.0012,,,,,,,
1974-05-30,,2.392,280.9,0.9623,4.3611,2.9904,,,,,,,
1974-05-31,,2.396,281.93,0.9622,4.329,2.9797,,,,,,,
1974-06-01,,,,,,,,12.6,,11.375,,,11.38
1974-06-03,,2.398,283.69,0.9626,4.3066,2.9612,,,,,,,
1974-06-04,,2.401,282.89,0.963,4.3459,2.9718,,,,,,,
1974-06-05,,2.408,281.85,0.9631,4.3478,2.9533,,,,,,,
1974-06-06,,2.4075,281.93,0.9632,4.3309,2.9283,,,,,,,
1974-06-07,,2.4025,282.65,0.9633,4.3422,2.9429,,,,,,,
1974-06-10,,2.4,282.17,0.9634,4.3649,2.9638,,,,,,,
1974-06-11,,2.395,282.25,0.966,4.3592,2.9824,,,,,,,
1974-06-12,,2.3945,282.97,0.9667,4.3725,3.0093,,,,,,,
1974-06-13,,2.3905,282.49,0.965,4.3611,3.0012,,,,,,,
1974-06-14,,2.3925,282.57,0.9639,4.3668,2.9958,,,,,,,
1974-06-17,,2.3895,282.73,0.9646,4.3783,2.9895,,,,,,,
1974-06-18,,2.3875,282.73,0.966,4.386,2.9976,,,,,,,
1974-06-19,,2.39,282.65,0.9668,4.3649,3.0012,,,,,,,
1974-06-20,,2.386,282.89,0.9669,4.3649,3.0057,,,,,,,
1974-06-21,,2.377,283.21,0.969,4.3879,3.0193,,,,,,,
1974-06-24,,2.3555,283.61,0.9726,4.417,3.0441,,,,,,,
1974-06-25,,2.3705,283.85,0.969,4.386,3.0148,,,,,,,
1974-06-26,,2.3785,284.09,0.9692,4.415,3.0157,,,,,,,
1974-06-27,,2.389,283.93,0.9709,4.3956,2.9994,,,,,,,
1974-06-28,,2.3905,284.25,0.9723,4.4053,3.0003,,,,,,,
1974-07-01,,2.386,285.31,0.973,4.4053,3.012,,13.22,,11.648,,,12.25
1974-07-02,,2.398,286.61,0.9741,4.386,2.9851,,,,,,,
1974-07-03,,2.397,285.88,0.9737,4.3725,2.97,,,,,,,
1974-07-04,,,,,,,,,,,,,
1974-07-05,,2.388,287.36,0.9742,4.3995,2.9788,,,,,,,
1974-07-08,,2.388,287.94,0.9746,4.3975,2.9851,,,,,,,
1974-07-09,,2.3875,288.43,0.9734,4.4033,2.9931,,,,,,,
1974-07-10,,2.388,290.7,0.9737,4.4014,2.9994,,,,,,,
1974-07-11,,2.3825,291.97,0.9738,4.4033,3.0012,,,,,,,
1974-07-12,,2.386,289.18,0.9757,4.3898,2.9833,,,,,,,
1974-07-15,,2.3875,288.85,0.9761,4.3725,2.9718,,,,,,,
1974-07-16,,2.386,288.1,0.9775,4.3725,2.9753,,,,,,,
1974-07-17,,2.39,289.94,0.9788,4.3687,2.9429,,,,,,,
1974-07-18,,2.3925,290.36,0.979,4.3668,2.9516,,,,,,,
1974-07-19,,2.3928,290.7,0.9815,4.3745,2.9542,,,,,,,
1974-07-22,,2.3915,291.29,0.9804,4.3687,2.9394,,,,,,,
1974-07-23,,2.39,292.74,0.9781,4.3535,2.9231,,,,,,,
1974-07-24,,2.394,292.83,0.9776,4.2955,2.886,,,,,,,
1974-07-25,,2.3905,293.94,0.9737,4.344,2.9377,,,,,,,
1974-07-26,,2.3923,295.42,0.9754,4.3611,2.9438,,,,,,,
1974-07-29,,2.393,298.24,0.9773,4.3668,2.942,,,,,,,
1974-07-30,,2.3825,297.53,0.9788,4.3668,2.9718,,,,,,,
1974-07-31,,2.387,298.24,0.9792,4.3687,2.9647,,,,,,,
1974-08-01,,2.383,299.58,0.979,4.3764,2.9551,,12.81,,11.805,,,12.23
1974-08-02,,2.3845,300.12,0.9791,4.3764,2.9542,,,,,,,
1974-08-05,,2.384,300.21,0.979,4.3725,2.9455,,,,,,,
1974-08-06,,2.38,300.75,0.9787,4.363,2.956,,,,,,,
1974-08-07,,2.3762,302.11,0.977,4.3764,2.963,,,,,,,
1974-08-08,,2.3645,302.75,0.975,4.3956,2.9771,,,,,,,
1974-08-09,,2.373,302.57,0.977,4.386,2.9568,,,,,,,
1974-08-12,,2.3695,302.11,0.9778,4.3917,2.9709,,,,,,,
1974-08-13,,2.3585,301.84,0.9788,4.4092,2.9895,,,,,,,
1974-08-14,,2.3565,302.48,0.977,4.4131,2.9735,,,,,,,
1974-08-15,,2.3447,302.75,0.9773,4.4189,2.9815,,,,,,,
1974-08-16,,2.3385,302.94,0.9783,4.4287,2.9886,,,,,,,
1974-08-19,,2.3245,303.12,0.979,4.4524,3.0075,,,,,,,
1974-08-20,,2.32,303.12,0.9782,4.4524,2.9949,,,,,,,
1974-08-21,,2.3225,303.49,0.9777,4.4543,3.0084,,,,,,,
1974-08-22,,2.313,303.86,0.9785,4.4643,3.0111,,,,,,,
1974-08-23,,2.3225,303.12,0.9811,4.4623,3.0021,,,,,,,
1974-08-26,,2.3245,302.85,0.9815,4.4464,2.9913,,,,,,,
1974-08-27,,2.3125,302.11,0.9847,4.4803,3.0157,,,,,,,
1974-08-28,,2.3185,302.48,0.9883,4.4803,3.0003,,,,,,,
1974-08-29,,2.3165,302.94,0.987,4.4843,3.0075,,,,,,,
1974-08-30,,2.3162,302.94,0.9877,4.4803,3.0111,,,,,,,
1974-09-01,,,,,,,,12.09,,11.54,,,11.6
1974-09-02,,,,,,,,,,,,,
1974-09-03,,2.31,302.66,0.9879,4.4863,3.0111,,,,,,,
1974-09-04,,2.3135,302.75,0.9866,4.4863,3.0111,,,,,,,
1974-09-05,,2.311,302.57,0.9856,4.5005,3.0248,,,,,,,
1974-09-06,,2.3106,302.66,0.9873,4.4863,3.0184,,,,,,,
1974-09-09,,2.313,302.48,0.9883,4.4984,3.0139,,,,,,,
1974-09-10,,2.3165,302.75,0.9862,4.4883,3.0003,,,,,,,
1974-09-11,,2.315,302.11,0.9877,4.4903,3.0166,,,,,,,
1974-09-12,,2.3155,301.2,0.9877,4.4924,3.0057,,,,,,,
1974-09-13,,2.312,299.58,0.9873,4.4823,3.0084,,,,,,,
1974-09-16,,2.3133,299.4,0.9879,4.4763,3.0057,,,,,,,
1974-09-17,,2.317,296.12,0.9877,4.4643,2.994,,,,,,,
1974-09-18,,2.3195,296.03,0.9876,4.4583,2.9842,,,,,,,
1974-09-19,,2.315,296.82,0.9867,4.4663,2.994,,,,,,,
1974-09-20,,2.3142,295.86,0.9868,4.4723,2.9958,,,,,,,
1974-09-23,,2.3165,295.86,0.9836,4.4643,2.9851,,,,,,,
1974-09-24,,2.3148,294.81,0.9838,4.4643,2.986,,,,,,,
1974-09-25,,2.316,296.21,0.9829,4.4723,2.9833,,,,,,,
1974-09-26,,2.323,296.74,0.9842,4.4723,2.9771,,,,,,,
1974-09-27,,2.332,296.74,0.9856,4.4703,2.9691,,,,,,,
1974-09-30,,2.3325,298.33,0.9859,4.4643,2.9499,,,,,,,
1974-10-01,,2.3362,298.15,0.9848,4.4464,2.9412,,11.95,,10.752,,,9.78
1974-10-02,,2.3335,297.97,0.9843,4.4484,2.9516,,,,,,,
1974-10-03,,2.327,299.04,0.9844,4.4267,2.9429,,,,,,,
1974-10-04,,2.335,299.04,0.9845,4.3975,2.924,,,,,,,
1974-10-07,,2.3357,300.03,0.983,4.4014,2.9274,,,,,,,
1974-10-08,,2.3343,299.76,0.9808,4.4014,2.9308,,,,,,,
1974-10-09,,2.341,298.69,0.9789,4.3783,2.9053,,,,,,,
1974-10-10,,2.325,298.77,0.9799,4.4092,2.9189,,,,,,,
1974-10-11,,2.334,299.13,0.9823,4.4111,2.924,,,,,,,
1974-10-14,,,,,,,,,,,,,
1974-10-15,,2.331,299.13,0.982,4.3937,2.9163,,,,,,,
1974-10-16,,2.3337,299.04,0.9821,4.3764,2.8985,,,,,,,
1974-10-17,,2.3326,298.95,0.9815,4.3745,2.896,,,,,,,
1974-10-18,,2.3324,299.31,0.9822,4.3783,2.8885,,,,,,,
1974-10-21,,2.3299,299.67,0.9839,4.3937,2.8902,,,,,,,
1974-10-22,,2.3295,299.94,0.9838,4.3956,2.8736,,,,,,,
1974-10-23,,2.3325,299.67,0.9838,4.3725,2.8506,,,,,,,
1974-10-24,,2.3315,299.94,0.9837,4.3745,2.8506,,,,,,,
1974-10-25,,2.3332,299.85,0.9832,4.3764,2.8498,,,,,,,
1974-10-28,,2.3323,300.12,0.9838,4.3821,2.8506,,,,,,,
1974-10-29,,2.3342,299.94,0.9845,4.3725,2.8506,,,,,,,
1974-10-30,,2.3352,299.94,0.9844,4.3821,2.8727,,,,,,,
1974-10-31,,2.3355,299.94,0.9846,4.3821,2.8703,,,,,,,
1974-11-01,,2.338,300.48,0.9845,4.3706,2.8571,,12.09,,9.795,,,9.09
1974-11-04,,2.343,300.48,0.9835,4.3573,2.8361,,,,,,,
1974-11-05,,,,,,,,,,,,,
1974-11-06,,2.3472,300.48,0.9855,4.3478,2.8169,,,,,,,
1974-11-07,,2.3464,299.76,0.9864,4.3422,2.7878,,,,,,,
1974-11-08,,2.335,299.67,0.988,4.3535,2.798,,,,,,,
1974-11-11,,,,,,,,,,,,,
1974-11-12,,2.299,300.3,0.9899,4.3478,2.8353,,,,,,,
1974-11-13,,2.303,300.12,0.9913,4.3554,2.809,,,,,,,
1974-11-14,,2.3135,300.3,0.9899,4.3234,2.7307,,,,,,,
1974-11-15,,2.3145,299.94,0.9888,4.3103,2.71,,,,,,,
1974-11-18,,2.3325,299.67,0.9886,4.2248,2.6076,,,,,,,
1974-11-19,,2.3235,299.94,0.9866,4.2808,2.6511,,,,,,,
1974-11-20,,2.3197,299.94,0.9859,4.3197,2.7624,,,,,,,
1974-11-21,,2.321,299.94,0.9866,4.3478,2.8169,,,,,,,
1974-11-22,,2.32,299.85,0.9881,4.3011,2.7382,,,,,,,
1974-11-25,,2.3222,300.21,0.9872,4.279,2.6882,,,,,,,
1974-11-26,,2.3245,300.12,0.9876,4.2662,2.6631,,,,,,,
1974-11-27,,2.3247,299.85,0.9868,4.2845,2.6846,,,,,,,
1974-11-28,,,,,,,,,,,,,
1974-11-29,,2.3255,300.3,0.9874,4.2644,2.7122,,,,,,,
1974-12-01,,,,,,,,12.93,,10.4175,,,9.23
1974-12-02,,2.3245,300.39,0.9885,4.2882,2.7435,,,,,,,
1974-12-03,,2.3235,300.03,0.9894,4.268,2.7211,,,,,,,
1974-12-04,,2.3275,299.76,0.9865,4.2499,2.6788,,,,,,,
1974-12-05,,2.329,300.03,0.9875,4.2499,2.6511,,,,,,,
1974-12-06,,2.3297,299.94,0.9878,4.2608,2.6667,,,,,,,
1974-12-09,,2.335,299.85,0.9869,4.2355,2.6413,,,,,,,
1974-12-10,,2.3242,299.76,0.9867,4.2159,2.6316,,,,,,,
1974-12-11,,2.3157,299.76,0.9856,4.2176,2.626,,,,,,,
1974-12-12,,2.306,300.03,0.9855,4.2105,2.5981,,,,,,,
1974-12-13,,2.313,300.03,0.9864,4.2088,2.6123,,,,,,,
1974-12-16,,2.3293,300.3,0.9876,4.2052,2.5967,,,,,,,
1974-12-17,,2.3343,300.48,0.9896,4.1494,2.5445,,,,,,,
1974-12-18,,2.3415,300.66,0.9893,4.1597,2.5641,,,,,,,
1974-12-19,,2.3295,300.84,0.9894,4.1719,2.6062,,,,,,,
1974-12-20,,2.3255,301.11,0.9893,4.1563,2.5641,,,,,,,
1974-12-23,,2.3295,301.02,0.9893,4.1442,2.5674,,,,,,,
1974-12-24,,2.331,301.2,0.9887,4.1356,2.5381,,,,,,,
1974-12-25,,,,,,,,,,,,,
1974-12-26,,2.332,301.11,0.9883,4.1322,2.5284,,,,,,,
1974-12-27,,2.3432,300.75,0.9885,4.0984,2.5126,,,,,,,
1974-12-30,,2.346,300.57,0.9906,4.0617,2.5221,,,,,,,
1974-12-31,,2.347,301.02,0.9914,4.0766,2.5445,,,,,,,
1975-01-01,,,,,,,,11.95,,8.476,,,7.48
1975-01-02,,2.333,300.66,0.9917,4.1,2.5727,,,,,,,
1975-01-03,,2.3414,300.84,0.9919,4.065,2.5304,,,,,,,
1975-01-06,,2.3535,301.02,0.9917,4.0128,2.5342,,,,,,,
1975-01-07,,2.354,300.93,0.9937,4.0355,2.5342,,,,,,,
1975-01-08,,2.347,300.75,0.9938,4.0667,2.5773,,,,,,,
1975-01-09,,2.35,300.84,0.9966,4.0601,2.5615,,,,,,,
1975-01-10,,2.352,300.84,0.9982,4.0617,2.5621,,,,,,,
1975-01-13,,2.3531,300.93,0.9978,4.065,2.5595,,,,,,,
1975-01-14,,2.3476,300.93,0.9967,4.1017,2.576,,,,,,,
1975-01-15,,2.354,301.02,0.9953,4.0883,2.57,,,,,,,
1975-01-16,,2.3535,300.75,0.9932,4.07,2.5641,,,,,,,
1975-01-17,,2.3525,300.84,0.9918,4.0684,2.5608,,,,,,,
1975-01-20,,2.359,301.02,0.9911,4.0469,2.5195,,,,,,,
1975-01-21,,2.3635,300.84,0.9925,4.0388,2.5088,,,,,,,
1975-01-22,,2.376,300.3,0.9933,4.0486,2.5284,,,,,,,
1975-01-23,,2.3815,299.67,0.9938,4.0145,2.5,,,,,,,
1975-01-24,,2.3835,295.33,0.9949,4.0,2.4722,,,,,,,
1975-01-27,,2.4,294.99,0.9964,3.9386,2.4125,,,,,,,
1975-01-28,,2.3865,297.44,0.9962,3.9698,2.4691,,,,,,,
1975-01-29,,2.37,297.35,0.9966,4.0161,2.5094,,,,,,,
1975-01-30,,2.3765,297.8,0.9983,4.0161,2.4938,,,,,,,
1975-01-31,,2.3825,297.97,0.9995,4.0145,2.4956,,,,,,,
1975-02-01,,,,,,,,11.42,,6.895,,,6.41
1975-02-03,,2.375,297.44,0.9999,3.9936,2.5202,,,,,,,
1975-02-04,,2.369,297.09,0.9991,4.0601,2.5478,,,,,,,
1975-02-05,,2.368,297.27,0.9989,4.065,2.5407,,,,,,,
1975-02-06,,2.371,297.0,0.9991,4.0502,2.5278,,,,,,,
1975-02-07,,2.374,295.6,1.0008,4.0323,2.5208,,,,,,,
1975-02-10,,2.3875,292.4,1.0026,4.0096,2.5031,,,,,,,
1975-02-11,,2.384,291.63,1.0047,4.008,2.5063,,,,,,,
1975-02-12,,,,,,,,,,,,,
1975-02-13,,2.3895,292.83,1.0023,3.992,2.4722,,,,,,,
1975-02-14,,2.3905,293.26,1.0021,3.9793,2.4679,,,,,,,
1975-02-17,,,,,,,,,,,,,
1975-02-18,,2.3933,293.34,1.0038,3.9698,2.4673,,,,,,,
1975-02-19,,2.398,291.55,1.0023,3.9714,2.4802,,,,,,,
1975-02-20,,2.4005,291.12,1.0016,3.9479,2.451,,,,,,,
1975-02-21,,2.4027,289.52,1.0001,3.9463,2.4492,,,,,,,
1975-02-24,,2.4195,285.88,1.0003,3.9185,2.4307,,,,,,,
1975-02-25,,2.416,285.96,0.9974,3.9185,2.4248,,,,,,,
1975-02-26,,2.426,285.63,0.9966,3.9185,2.4073,,,,,,,
1975-02-27,,2.4305,285.88,0.9979,3.9047,2.3952,,,,,,,
1975-02-28,,2.43,286.45,0.9982,3.8986,2.4033,,,,,,,
1975-03-01,,,,,,,,10.38,,6.77,,,6.18
1975-03-03,,2.4318,285.39,0.9986,3.867,2.4021,,,,,,,
1975-03-04,,2.4285,284.66,0.9978,3.8895,2.4426,,,,,,,
1975-03-05,,2.4315,285.23,0.9978,3.9032,2.4366,,,,,,,
1975-03-06,,2.428,285.71,0.9982,3.8971,2.4426,,,,,,,
1975-03-07,,2.411,285.96,0.9992,3.9324,2.474,,,,,,,
1975-03-10,,2.4055,286.21,1.0004,3.9526,2.471,,,,,,,
1975-03-11,,2.42,286.12,1.0028,3.92,2.4704,,,,,,,
1975-03-12,,2.409,287.27,1.0007,3.937,2.4863,,,,,,,
1975-03-13,,2.415,288.85,1.0004,3.9448,2.4907,,,,,,,
1975-03-14,,2.418,288.1,0.9999,3.9526,2.4876,,,,,,,
1975-03-17,,2.4187,286.53,1.0004,3.9324,2.4894,,,,,,,
1975-03-18,,2.4255,287.19,1.0004,3.9139,2.4691,,,,,,,
1975-03-19,,2.4282,288.18,0.9994,3.9002,2.4612,,,,,,,
1975-03-20,,2.4237,287.19,1.0001,3.9246,2.4783,,,,,,,
1975-03-21,,2.4215,287.44,0.9998,3.9246,2.4925,,,,,,,
1975-03-24,,2.4167,287.77,1.0004,3.9308,2.5088,,,,,,,
1975-03-25,,2.4145,290.02,1.0017,3.9277,2.5082,,,,,,,
1975-03-26,,2.412,290.53,1.0017,3.9339,2.5221,,,,,,,
1975-03-27,,2.404,292.06,1.0031,3.951,2.5432,,,,,,,
1975-03-28,,2.408,292.48,1.0033,3.9494,2.5394,,,,,,,
1975-03-31,,2.406,294.03,1.0035,3.9308,2.5381,,,,,,,
1975-04-01,,2.408,290.87,1.0023,3.9448,2.5202,,9.54,,7.094,,,6.26
1975-04-02,,2.408,291.55,1.0023,3.9231,2.5336,,,,,,,
1975-04-03,,2.4022,292.31,1.003,3.9463,2.5394,,,,,,,
1975-04-04,,2.3903,292.23,1.004,3.9463,2.5641,,,,,,,
1975-04-07,,2.3801,291.97,1.0051,3.9667,2.5517,,,,,,,
1975-04-08,,2.3811,291.89,1.0075,3.9651,2.5484,,,,,,,
1975-04-09,,2.3768,291.89,1.0054,3.9604,2.5562,,,,,,,
1975-04-10,,2.3615,291.8,1.0073,4.0,2.5767,,,,,,,
1975-04-11,,2.365,291.12,1.0082,3.9841,2.57,,,,,,,
1975-04-14,,2.3559,291.29,1.0093,4.0112,2.5793,,,,,,,
1975-04-15,,2.3665,290.95,1.0108,3.9984,2.5694,,,,,,,
1975-04-16,,2.3655,291.38,1.0112,3.9857,2.5667,,,,,,,
1975-04-17,,2.37,291.72,1.0152,3.9857,2.5681,,,,,,,
1975-04-18,,2.3745,291.8,1.0171,3.9777,2.57,,,,,,,
1975-04-21,,2.3624,292.83,1.0147,3.9841,2.57,,,,,,,
1975-04-22,,2.3545,292.83,1.014,3.9841,2.5634,,,,,,,
1975-04-23,,2.369,292.74,1.0164,3.9573,2.5478,,,,,,,
1975-04-24,,2.3595,292.83,1.0152,3.962,2.5497,,,,,,,
1975-04-25,,2.352,293.69,1.017,3.9841,2.5687,,,,,,,
1975-04-28,,2.346,294.55,1.0188,3.9952,2.5674,,,,,,,
1975-04-29,,2.356,293.86,1.0182,3.9746,2.5575,,,,,,,
1975-04-30,,2.351,292.23,1.0194,3.9698,2.5582,,,,,,,
1975-05-01,,2.3482,292.14,1.0208,3.9698,2.5575,,10.1,,7.51,,,5.79
1975-05-02,,2.3368,290.36,1.021,3.9841,2.5595,,,,,,,
1975-05-05,,2.3405,290.44,1.0275,3.962,2.5497,,,,,,,
1975-05-06,,2.3385,291.38,1.0266,3.9604,2.5458,,,,,,,
1975-05-07,,2.3379,291.21,1.026,3.951,2.5291,,,,,,,
1975-05-08,,2.3408,291.38,1.0266,3.9216,2.505,,,,,,,
1975-05-09,,2.317,291.46,1.0285,3.937,2.5094,,,,,,,
1975-05-12,,2.299,291.29,1.0347,3.9339,2.5107,,,,,,,
1975-05-13,,2.3065,291.46,1.0347,3.917,2.4759,,,,,,,
1975-05-14,,2.308,291.8,1.0323,3.917,2.4783,,,,,,,
1975-05-15,,2.3005,291.63,1.0335,3.9401,2.5183,,,,,,,
1975-05-16,,2.3023,291.55,1.0336,3.9401,2.5214,,,,,,,
1975-05-19,,2.303,291.8,1.0327,3.9246,2.5183,,,,,,,
1975-05-20,,2.3038,292.23,1.0307,3.937,2.5132,,,,,,,
1975-05-21,,2.3145,292.06,1.0268,3.9185,2.495,,,,,,,
1975-05-22,,2.327,291.89,1.0311,3.9063,2.4814,,,,,,,
1975-05-23,,2.3265,291.04,1.0279,3.917,2.4808,,,,,,,
1975-05-26,,,,,,,,,,,,,
1975-05-27,,2.3265,291.29,1.0279,3.9124,2.4765,,,,,,,
1975-05-28,,2.32,290.7,1.0277,3.9093,2.482,,,,,,,
1975-05-29,,2.3165,291.38,1.027,3.9154,2.4919,,,,,,,
1975-05-30,,2.316,291.55,1.0228,3.9324,2.5019,,,,,,,
1975-06-01,,,,,,,,9.68,,7.2825,,,5.82
1975-06-02,,2.32,291.46,1.025,3.9277,2.4981,,,,,,,
1975-06-03,,2.3203,291.04,1.0275,3.9093,2.4876,,,,,,,
1975-06-04,,2.318,291.29,1.0281,3.9154,2.4963,,,,,,,
1975-06-05,,2.3225,292.23,1.026,3.9185,2.4944,,,,,,,
1975-06-06,,2.3197,291.8,1.0255,3.9154,2.5031,,,,,,,
1975-06-09,,2.317,291.8,1.0269,3.9355,2.5069,,,,,,,
1975-06-10,,2.316,291.89,1.026,3.9216,2.5006,,,,,,,
1975-06-11,,2.2815,291.89,1.0236,3.9093,2.4919,,,,,,,
1975-06-12,,2.2775,292.48,1.0256,3.9017,2.4882,,,,,,,
1975-06-13,,2.2835,292.65,1.025,3.9063,2.4907,,,,,,,
1975-06-16,,2.275,294.12,1.026,3.9032,2.4826,,,,,,,
1975-06-17,,2.272,293.43,1.0259,3.8941,2.482,,,,,,,
1975-06-18,,2.2729,294.12,1.0247,3.9108,2.4907,,,,,,,
1975-06-19,,2.2735,294.12,1.0261,3.9216,2.4931,,,,,,,
1975-06-20,,2.273,293.94,1.026,3.9093,2.4938,,,,,,,
1975-06-23,,2.2715,294.72,1.0268,3.9231,2.4981,,,,,,,
1975-06-24,,2.257,295.33,1.0253,3.9231,2.4975,,,,,,,
1975-06-25,,2.2565,297.0,1.0267,3.917,2.4956,,,,,,,
1975-06-26,,2.241,295.77,1.0273,3.9216,2.4938,,,,,,,
1975-06-27,,2.225,296.03,1.0303,3.9293,2.5,,,,,,,
1975-06-30,,2.1935,295.68,1.0306,3.9355,2.5025,,,,,,,
1975-07-01,,2.209,295.68,1.0299,3.9479,2.5119,,9.93,,7.484,,,6.55
1975-07-02,,2.1995,295.51,1.0302,3.9841,2.5342,,,,,,,
1975-07-03,,2.1945,295.42,1.0287,3.9984,2.5381,,,,,,,
1975-07-04,,,,,,,,,,,,,
1975-07-07,,2.186,295.51,1.0314,4.0145,2.5602,,,,,,,
1975-07-08,,2.1945,295.68,1.0328,4.0112,2.5504,,,,,,,
1975-07-09,,2.206,295.95,1.031,4.0016,2.553,,,,,,,
1975-07-10,,2.1985,296.12,1.0293,4.042,2.57,,,,,,,
1975-07-11,,2.1995,296.12,1.0304,4.0684,2.5773,,,,,,,
1975-07-14,,2.1915,295.86,1.0295,4.09,2.582,,,,,,,
1975-07-15,,2.1825,295.86,1.029,4.0984,2.5893,,,,,,,
1975-07-16,,2.185,296.03,1.0315,4.1339,2.6042,,,,,,,
1975-07-17,,2.1792,296.3,1.0292,4.1632,2.6219,,,,,,,
1975-07-18,,2.175,296.21,1.031,4.1719,2.6399,,,,,,,
1975-07-21,,2.1755,296.12,1.031,4.1929,2.6441,,,,,,,
1975-07-22,,2.178,296.47,1.0311,4.2017,2.6497,,,,,,,
1975-07-23,,2.18,296.82,1.032,4.2301,2.6774,,,,,,,
1975-07-24,,2.1785,297.62,1.0325,4.2373,2.6717,,,,,,,
1975-07-25,,2.1785,296.65,1.0322,4.2248,2.661,,,,,,,
1975-07-28,,2.176,297.8,1.0325,4.2553,2.6838,,,,,,,
1975-07-29,,2.1755,297.35,1.0319,4.2717,2.6925,,,,,,,
1975-07-30,,2.163,297.44,1.0304,4.2937,2.7027,,,,,,,
1975-07-31,,2.154,297.71,1.0318,4.2918,2.6969,,,,,,,
1975-08-01,,2.1475,297.89,1.0316,4.2937,2.6983,,10.53,,8.355,,,6.87
1975-08-04,,2.1415,297.97,1.0315,4.29,2.686,,,,,,,
1975-08-05,,2.1405,297.97,1.0317,4.268,2.666,,,,,,,
1975-08-06,,2.128,298.06,1.0325,4.3029,2.6788,,,,,,,
1975-08-07,,2.104,297.97,1.0353,4.3197,2.6947,,,,,,,
1975-08-08,,2.104,297.62,1.0355,4.3103,2.6882,,,,,,,
1975-08-11,,2.102,297.8,1.0375,4.3215,2.6882,,,,,,,
1975-08-12,,2.1035,298.06,1.0368,4.3271,2.6896,,,,,,,
1975-08-13,,2.1075,297.97,1.0371,4.3178,2.6824,,,,,,,
1975-08-14,,2.108,297.97,1.0377,4.3103,2.6582,,,,,,,
1975-08-15,,2.108,297.97,1.0393,4.3029,2.6688,,,,,,,
1975-08-18,,2.108,298.15,1.04,4.3011,2.6638,,,,,,,
1975-08-19,,2.1175,298.06,1.0384,4.2882,2.661,,,,,,,
1975-08-20,,2.119,297.97,1.0372,4.2882,2.6731,,,,,,,
1975-08-21,,2.111,297.89,1.0373,4.3029,2.6717,,,,,,,
1975-08-22,,2.106,297.97,1.035,4.3029,2.6774,,,,,,,
1975-08-25,,2.1055,298.06,1.0328,4.3497,2.6846,,,,,,,
1975-08-26,,2.109,298.15,1.0356,4.3441,2.6795,,,,,,,
1975-08-27,,2.1105,297.97,1.0349,4.3497,2.6767,,,,,,,
1975-08-28,,2.1095,298.06,1.0335,4.3611,2.6817,,,,,,,
1975-08-29,,2.11,297.97,1.0324,4.3687,2.6846,,,,,,,
1975-09-01,,,,,,,,10.45,,8.94,,,7.03
1975-09-02,,2.109,297.97,1.0315,4.3783,2.6838,,,,,,,
1975-09-03,,2.112,297.8,1.0302,4.3573,2.6738,,,,,,,
1975-09-04,,2.1085,297.89,1.0305,4.3745,2.6824,,,,,,,
1975-09-05,,2.109,297.97,1.0289,4.3764,2.6838,,,,,,,
1975-09-08,,2.111,297.97,1.0276,4.3745,2.6831,,,,,,,
1975-09-09,,2.1095,298.06,1.0263,4.3668,2.6831,,,,,,,
1975-09-10,,2.1105,297.97,1.0275,4.3802,2.6874,,,,,,,
1975-09-11,,2.11,298.06,1.0287,4.386,2.6925,,,,,,,
1975-09-12,,2.1065,298.06,1.0267,4.4014,2.6983,,,,,,,
1975-09-15,,2.1055,298.06,1.0268,4.4131,2.6983,,,,,,,
1975-09-16,,2.0905,298.06,1.0254,4.4543,2.7137,,,,,,,
1975-09-17,,2.081,298.33,1.0253,4.4843,2.7233,,,,,,,
1975-09-18,,2.0785,300.48,1.0232,4.4944,2.7233,,,,,,,
1975-09-19,,2.08,301.57,1.0245,4.4944,2.7211,,,,,,,
1975-09-22,,2.071,302.94,1.0239,4.5167,2.7322,,,,,,,
1975-09-23,,2.044,303.31,1.0221,4.5475,2.73,,,,,,,
1975-09-24,,2.0445,303.12,1.0234,4.5269,2.727,,,,,,,
1975-09-25,,2.047,302.66,1.0248,4.4843,2.7263,,,,,,,
1975-09-26,,2.0445,301.75,1.0248,4.5167,2.7457,,,,,,,
1975-09-29,,2.0365,303.21,1.0251,4.5249,2.7533,,,,,,,
1975-09-30,,2.043,302.85,1.0252,4.4984,2.745,,,,,,,
1975-10-01,,2.04,302.57,1.0253,4.4444,2.7122,,11.41,,8.888,,,6.56
1975-10-02,,2.0385,302.66,1.0246,4.4524,2.7042,,,,,,,
1975-10-03,,2.0375,303.03,1.0248,4.4823,2.7233,,,,,,,
1975-10-06,,2.043,303.12,1.0257,4.4504,2.7093,,,,,,,
1975-10-07,,2.0415,302.94,1.0264,4.4326,2.6969,,,,,,,
1975-10-08,,2.043,303.12,1.0265,4.4405,2.6998,,,,,,,
1975-10-09,,2.0475,303.03,1.026,4.4189,2.6903,,,,,,,
1975-10-10,,2.058,302.94,1.0254,4.3764,2.6596,,,,,,,
1975-10-13,,,,,,,,,,,,,
1975-10-14,,2.0475,302.66,1.0269,4.4189,2.6824,,,,,,,
1975-10-15,,2.0555,302.94,1.0302,4.3764,2.6617,,,,,,,
1975-10-16,,2.0555,302.94,1.029,4.363,2.6455,,,,,,,
1975-10-17,,2.0575,302.76,1.0291,4.3802,2.6511,,,,,,,
1975-10-20,,2.061,302.48,1.0287,4.3649,2.6462,,,,,,,
1975-10-21,,2.061,301.11,1.0285,4.3611,2.6378,,,,,,,
1975-10-22,,2.0745,301.57,1.0268,4.3535,2.6274,,,,,,,
1975-10-23,,2.0665,301.84,1.0234,4.3592,2.6344,,,,,,,
1975-10-24,,2.0695,301.66,1.022,4.3611,2.6323,,,,,,,
1975-10-27,,2.069,301.57,1.022,4.363,2.6364,,,,,,,
1975-10-28,,2.066,301.48,1.02,4.3687,2.6455,,,,,,,
1975-10-29,,2.068,301.57,1.0206,4.3668,2.6385,,,,,,,
1975-10-30,,2.072,301.66,1.0218,4.3516,2.6288,,,,,,,
1975-10-31,,2.078,301.75,1.0175,4.3459,2.6247,,,,,,,
1975-11-01,,,,,,,,11.18,,9.1725,,,6.26
1975-11-03,,2.0745,301.75,1.0162,4.3403,2.6233,,,,,,,
1975-11-04,,,,,,,,,,,,,
1975-11-05,,2.0645,301.84,1.0171,4.3745,2.6434,,,,,,,
1975-11-06,,2.0685,301.75,1.0168,4.3611,2.6323,,,,,,,
1975-11-07,,2.0655,301.75,1.0163,4.3611,2.6344,,,,,,,
1975-11-10,,2.066,302.3,1.0154,4.363,2.6357,,,,,,,
1975-11-11,,,,,,,,,,,,,
1975-11-12,,2.0635,301.93,1.0127,4.3668,2.6378,,,,,,,
1975-11-13,,2.053,302.21,1.0121,4.3668,2.6483,,,,,,,
1975-11-14,,2.0455,302.57,1.0156,4.4092,2.6617,,,,,,,
1975-11-17,,2.032,302.66,1.0158,4.4346,2.6788,,,,,,,
1975-11-18,,2.0355,302.94,1.0129,4.415,2.6667,,,,,,,
1975-11-19,,2.0405,303.12,1.0128,4.415,2.6603,,,,,,,
1975-11-20,,2.046,302.94,1.0131,4.3898,2.6504,,,,,,,
1975-11-21,,2.0415,303.12,1.0128,4.3995,2.666,,,,,,,
1975-11-24,,2.0375,302.94,1.0117,4.3975,2.6652,,,,,,,
1975-11-25,,2.0373,303.12,1.0122,4.3898,2.6624,,,,,,,
1975-11-26,,2.032,303.21,1.0118,4.3956,2.6709,,,,,,,
1975-11-27,,,,,,,,,,,,,
1975-11-28,,2.02,303.12,1.0108,4.4228,2.6767,,,,,,,
1975-12-01,,2.021,304.41,1.0111,4.4072,2.6667,,10.88,,9.418,,,6.03
1975-12-02,,2.02,304.41,1.0138,4.4033,2.6603,,,,,,,
1975-12-03,,2.024,305.06,1.0127,4.4072,2.6532,,,,,,,
1975-12-04,,2.029,304.97,1.0117,4.4072,2.6427,,,,,,,
1975-12-05,,2.0235,306.75,1.0111,4.4131,2.6392,,,,,,,
1975-12-08,,2.023,306.84,1.0116,4.4111,2.6212,,,,,,,
1975-12-09,,2.0225,306.19,1.0121,4.417,2.6344,,,,,,,
1975-12-10,,2.023,306.09,1.0127,4.4131,2.6337,,,,,,,
1975-12-11,,2.022,305.9,1.0138,4.417,2.6378,,,,,,,
1975-12-12,,2.0185,305.9,1.0173,4.417,2.6392,,,,,,,
1975-12-15,,2.017,306.0,1.0152,4.4248,2.6392,,,,,,,
1975-12-16,,2.0185,305.53,1.0139,4.4209,2.6344,,,,,,,
1975-12-17,,2.0218,305.62,1.0138,4.4111,2.6281,,,,,,,
1975-12-18,,2.0218,305.62,1.0137,4.4092,2.6254,,,,,,,
1975-12-19,,2.0214,306.09,1.0162,4.4092,2.6261,,,,,,,
1975-12-22,,2.0213,306.09,1.015,4.4072,2.624,,,,,,,
1975-12-23,,2.0215,306.0,1.014,4.3975,2.6192,,,,,,,
1975-12-24,,2.023,305.9,1.0142,4.3975,2.6254,,,,,,,
1975-12-25,,,,,,,,,,,,,
1975-12-26,,2.023,305.9,1.0142,4.3995,2.6254,,,,,,,
1975-12-29,,2.0225,305.25,1.0154,4.3937,2.6226,,,,,,,
1975-12-30,,2.0235,305.06,1.0161,4.3995,2.6226,,,,,,,
1975-12-31,,2.0235,305.16,1.0168,4.3956,2.6212,,,,,,,
1976-01-01,,,,,,,,10.04,,9.04,,,5.14
1976-01-02,,2.0245,305.06,1.0166,4.4014,2.6178,,,,,,,
1976-01-05,,2.0325,305.16,1.015,4.3687,2.5907,,,,,,,
1976-01-06,,2.0325,305.06,1.0131,4.3821,2.594,,,,,,,
1976-01-07,,2.0345,305.25,1.0125,4.3592,2.5988,,,,,,,
1976-01-08,,2.034,305.62,1.0127,4.363,2.6008,,,,,,,
1976-01-09,,2.0305,306.0,1.014,4.3802,2.6069,,,,,,,
1976-01-12,,2.031,305.16,1.012,4.3821,2.6055,,,,,,,
1976-01-13,,2.025,305.25,1.0091,4.3956,2.6069,,,,,,,
1976-01-14,,2.027,305.34,1.0069,4.384,2.6008,,,,,,,
1976-01-15,,2.0275,305.25,1.0024,4.3821,2.6015,,,,,,,
1976-01-16,,2.0295,305.25,1.0064,4.3783,2.6008,,,,,,,
1976-01-19,,2.0325,304.14,1.0058,4.3783,2.6021,,,,,,,
1976-01-20,,2.0305,303.86,1.0025,4.3802,2.6042,,,,,,,
1976-01-21,,2.0235,304.41,1.0033,4.3879,2.6103,,,,,,,
1976-01-22,,2.023,304.14,1.0019,4.3764,2.6042,,,,,,,
1976-01-23,,2.023,304.04,1.0007,4.3783,2.6048,,,,,,,
1976-01-26,,2.0252,303.77,0.9992,4.3745,2.6028,,,,,,,
1976-01-27,,2.026,303.67,1.0005,4.3802,2.6028,,,,,,,
1976-01-28,,2.0287,303.58,1.0,4.3821,2.6028,,,,,,,
1976-01-29,,2.03,303.67,1.0003,4.386,2.6021,,,,,,,
1976-01-30,,2.0295,303.67,1.0011,4.3783,2.6021,,,,,,,
1976-02-01,,,,,,,,8.98,,8.9075,,,5.18
1976-02-02,,2.0285,303.21,0.9994,4.3573,2.5681,,,,,,,
1976-02-03,,2.0276,302.76,0.9984,4.363,2.59,,,,,,,
1976-02-04,,2.0311,300.57,0.998,4.3611,2.592,,,,,,,
1976-02-05,,2.028,300.57,0.9964,4.3706,2.5927,,,,,,,
1976-02-06,,2.0265,301.39,0.9959,4.3725,2.5947,,,,,,,
1976-02-09,,2.028,300.75,0.9956,4.3706,2.576,,,,,,,
1976-02-10,,2.0265,300.66,0.9958,4.3725,2.5747,,,,,,,
1976-02-11,,2.0296,300.12,0.9958,4.363,2.553,,,,,,,
1976-02-12,,,,,,,,,,,,,
1976-02-13,,2.0245,300.75,0.9962,4.386,2.551,,,,,,,
1976-02-16,,,,,,,,,,,,,
1976-02-17,,2.0224,301.57,0.9963,4.3802,2.572,,,,,,,
1976-02-18,,2.024,301.66,0.9937,4.3783,2.5641,,,,,,,
1976-02-19,,2.0235,301.75,0.993,4.3783,2.5569,,,,,,,
1976-02-20,,2.0242,302.11,0.9916,4.384,2.5641,,,,,,,
1976-02-23,,2.025,302.57,0.9894,4.3783,2.5595,,,,,,,
1976-02-24,,2.025,302.02,0.9893,4.3764,2.5562,,,,,,,
1976-02-25,,2.0262,302.02,0.9884,4.3783,2.5615,,,,,,,
1976-02-26,,2.026,302.11,0.9855,4.3821,2.5641,,,,,,,
1976-02-27,,2.0252,302.11,0.9848,4.386,2.5687,,,,,,,
1976-03-01,,2.0239,301.66,0.9893,4.3995,2.5907,,8.56,,9.806,,,5.34
1976-03-02,,2.0238,301.66,0.991,4.3995,2.5867,,,,,,,
1976-03-03,,2.0245,301.57,0.9884,4.3956,2.5813,,,,,,,
1976-03-04,,2.0135,301.66,0.9894,4.4053,2.592,,,,,,,
1976-03-05,,1.979,301.57,0.9916,4.4033,2.5893,,,,,,,
1976-03-08,,1.9415,300.75,0.9852,4.3956,2.5773,,,,,,,
1976-03-09,,1.941,301.11,0.9849,4.4014,2.5793,,,,,,,
1976-03-10,,1.9125,301.3,0.9841,4.3975,2.576,,,,,,,
1976-03-11,,1.933,301.3,0.9846,4.4092,2.5893,,,,,,,
1976-03-12,,1.925,300.84,0.9858,4.4131,2.5867,,,,,,,
1976-03-15,,1.922,300.66,0.986,4.4111,2.5813,,,,,,,
1976-03-16,,1.9127,300.57,0.9839,4.4111,2.5813,,,,,,,
1976-03-17,,1.921,299.94,0.9847,4.4033,2.5419,,,,,,,
1976-03-18,,1.9238,299.94,0.9852,4.3975,2.5329,,,,,,,
1976-03-19,,1.921,299.67,0.9853,4.3995,2.5355,,,,,,,
1976-03-22,,1.9217,299.85,0.9853,4.4014,2.5407,,,,,,,
1976-03-23,,1.925,299.76,0.9853,4.4131,2.5648,,,,,,,
1976-03-24,,1.9266,299.76,0.985,4.4111,2.5569,,,,,,,
1976-03-25,,1.9234,299.67,0.9838,4.4092,2.5478,,,,,,,
1976-03-26,,1.92,299.58,0.9831,4.4072,2.5497,,,,,,,
1976-03-29,,1.917,299.67,0.9846,4.4111,2.551,,,,,,,
1976-03-30,,1.9155,299.85,0.9845,4.4092,2.5381,,,,,,,
1976-03-31,,1.9159,299.58,0.9843,4.4072,2.5387,,,,,,,
1976-04-01,,1.884,299.49,0.9845,4.3975,2.5265,,9.04,,9.73,,,5.12
1976-04-02,,1.871,299.31,0.9839,4.415,2.5413,,,,,,,
1976-04-05,,1.8645,299.31,0.9828,4.4131,2.54,,,,,,,
1976-04-06,,1.86,299.04,0.9823,4.4092,2.5361,,,,,,,
1976-04-07,,1.8662,298.86,0.9806,4.415,2.5445,,,,,,,
1976-04-08,,1.834,297.44,0.9789,4.4072,2.5284,,,,,,,
1976-04-09,,1.8365,297.89,0.9802,4.4131,2.5361,,,,,,,
1976-04-12,,1.845,298.42,0.9832,4.4111,2.5387,,,,,,,
1976-04-13,,1.853,298.6,0.9873,4.4111,2.5316,,,,,,,
1976-04-14,,1.8565,298.06,0.9885,4.4072,2.5214,,,,,,,
1976-04-15,,1.852,299.4,0.989,4.4053,2.5259,,,,,,,
1976-04-16,,1.854,299.31,0.987,4.4053,2.5355,,,,,,,
1976-04-19,,1.854,300.03,0.9861,4.4033,2.5272,,,,,,,
1976-04-20,,1.847,299.49,0.9845,4.4014,2.5233,,,,,,,
1976-04-21,,1.84,299.58,0.9815,4.3995,2.5316,,,,,,,
1976-04-22,,1.829,299.67,0.9845,4.3995,2.5284,,,,,,,
1976-04-23,,1.819,299.76,0.9853,4.3995,2.5284,,,,,,,
1976-04-26,,1.8185,299.85,0.9836,4.3956,2.5259,,,,,,,
1976-04-27,,1.8225,299.31,0.9826,4.3975,2.5291,,,,,,,
1976-04-28,,1.8315,299.22,0.9822,4.3937,2.5227,,,,,,,
1976-04-29,,1.841,299.31,0.9817,4.3898,2.5138,,,,,,,
1976-04-30,,1.84,299.04,0.9789,4.3879,2.5157,,,,,,,
1976-05-01,,,,,,,,10.28,,9.435,,,5.56
1976-05-03,,1.828,298.95,0.9802,4.3802,2.5025,,,,,,,
1976-05-04,,1.8255,297.89,0.9827,4.3783,2.4987,,,,,,,
1976-05-05,,1.8246,297.97,0.9808,4.3725,2.4913,,,,,,,
1976-05-06,,1.822,298.24,0.981,4.3745,2.4679,,,,,,,
1976-05-07,,1.823,298.51,0.9815,4.3783,2.4777,,,,,,,
1976-05-10,,1.831,298.42,0.979,4.3821,2.4832,,,,,,,
1976-05-11,,1.8335,298.42,0.9788,4.386,2.4808,,,,,,,
1976-05-12,,1.8385,298.69,0.9796,4.4053,2.4963,,,,,,,
1976-05-13,,1.8275,298.95,0.9792,4.4053,2.4931,,,,,,,
1976-05-14,,1.8165,298.78,0.9796,4.4209,2.5006,,,,,,,
1976-05-17,,1.804,299.31,0.9815,4.4464,2.5221,,,,,,,
1976-05-18,,1.8105,299.13,0.9796,4.4464,2.5189,,,,,,,
1976-05-19,,1.808,299.22,0.9795,4.4267,2.4969,,,,,,,
1976-05-20,,1.8055,299.4,0.9792,4.4307,2.4826,,,,,,,
1976-05-21,,1.78,299.58,0.981,4.4425,2.4944,,,,,,,
1976-05-24,,1.794,299.58,0.9798,4.4346,2.4722,,,,,,,
1976-05-25,,1.7858,299.58,0.9797,4.4484,2.474,,,,,,,
1976-05-26,,1.771,299.76,0.9813,4.4484,2.4673,,,,,,,
1976-05-27,,1.7705,299.67,0.9796,4.4405,2.4655,,,,,,,
1976-05-28,,1.7595,300.03,0.98,4.4444,2.4606,,,,,,,
1976-05-31,,,,,,,,,,,,,
1976-06-01,,1.754,300.39,0.9789,4.4603,2.426,,11.09,,9.39,,,5.84
1976-06-02,,1.7205,300.3,0.9768,4.4504,2.3941,,,,,,,
1976-06-03,,1.7089,300.48,0.9769,4.4543,2.4056,,,,,,,
1976-06-04,,1.7165,300.39,0.9778,4.4504,2.4564,,,,,,,
1976-06-07,,1.756,300.3,0.9782,4.4444,2.46,,,,,,,
1976-06-08,,1.7696,300.12,0.9792,4.4425,2.5019,,,,,,,
1976-06-09,,1.769,299.94,0.9783,4.4385,2.5038,,,,,,,
1976-06-10,,1.7705,299.94,0.9785,4.4464,2.4882,,,,,,,
1976-06-11,,1.7703,300.03,0.9774,4.4405,2.4857,,,,,,,
1976-06-14,,1.77,299.94,0.9767,4.4405,2.4919,,,,,,,
1976-06-15,,1.7765,299.76,0.9752,4.4425,2.4771,,,,,,,
1976-06-16,,1.7755,299.85,0.9737,4.4405,2.4673,,,,,,,
1976-06-17,,1.7755,300.03,0.9712,4.4444,2.4869,,,,,,,
1976-06-18,,1.774,299.31,0.9724,4.4504,2.4876,,,,,,,
1976-06-21,,1.7739,299.31,0.9706,4.4603,2.4882,,,,,,,
1976-06-22,,1.772,299.22,0.97,4.4623,2.4888,,,,,,,
1976-06-23,,1.7725,296.82,0.9682,4.4603,2.4882,,,,,,,
1976-06-24,,1.7715,297.27,0.9628,4.4524,2.4704,,,,,,,
1976-06-25,,1.7721,297.8,0.9667,4.4524,2.4728,,,,,,,
1976-06-28,,1.7742,296.03,0.9689,4.4524,2.4661,,,,,,,
1976-06-29,,1.7795,297.0,0.9722,4.4543,2.474,,,,,,,
1976-06-30,,1.785,297.97,0.9688,4.4484,2.4685,,,,,,,
1976-07-01,,1.79,296.91,0.9686,4.4464,2.4697,,10.99,,9.34,,,5.52
1976-07-02,,1.7911,297.18,0.9707,4.4504,2.4691,,,,,,,
1976-07-05,,,,,,,,,,,,,
1976-07-06,,1.8023,296.38,0.9696,4.4643,2.4722,,,,,,,
1976-07-07,,1.8025,296.65,0.969,4.4683,2.4777,,,,,,,
1976-07-08,,1.782,296.47,0.9682,4.4683,2.4795,,,,,,,
1976-07-09,,1.7795,296.74,0.9677,4.4643,2.4777,,,,,,,
1976-07-12,,1.7891,296.38,0.9686,4.4723,2.4832,,,,,,,
1976-07-13,,1.787,294.9,0.9684,4.4723,2.4814,,,,,,,
1976-07-14,,1.7805,292.65,0.9718,4.4643,2.4752,,,,,,,
1976-07-15,,1.78,293.17,0.9739,4.4703,2.4802,,,,,,,
1976-07-16,,1.776,294.03,0.9743,4.4703,2.482,,,,,,,
1976-07-19,,1.774,293.69,0.9752,4.4683,2.4826,,,,,,,
1976-07-20,,1.7815,293.34,0.9753,4.4723,2.4876,,,,,,,
1976-07-21,,1.7834,293.6,0.9734,4.4763,2.4919,,,,,,,
1976-07-22,,1.783,293.69,0.9746,4.4743,2.5094,,,,,,,
1976-07-23,,1.7818,293.94,0.9739,4.4843,2.5126,,,,,,,
1976-07-26,,1.7786,293.51,0.9746,4.4863,2.5082,,,,,,,
1976-07-27,,1.7815,293.86,0.9748,4.4823,2.505,,,,,,,
1976-07-28,,1.7915,293.51,0.9744,4.4743,2.4722,,,,,,,
1976-07-29,,1.785,293.6,0.9747,4.4603,2.4857,,,,,,,
1976-07-30,,1.785,293.26,0.9752,4.4464,2.482,,,,,,,
1976-08-01,,,,,,,,10.96,,9.34,,,5.39
1976-08-02,,1.788,292.91,0.9775,4.4287,2.4759,,,,,,,
1976-08-03,,1.788,292.91,0.9795,4.4405,2.4845,,,,,,,
1976-08-04,,1.7943,292.83,0.9834,4.4287,2.4771,,,,,,,
1976-08-05,,1.7885,293.0,0.986,4.4307,2.4789,,,,,,,
1976-08-06,,1.7888,293.0,0.9888,4.4326,2.482,,,,,,,
1976-08-09,,1.7925,292.65,0.989,4.4287,2.4944,,,,,,,
1976-08-10,,1.7895,292.83,0.9866,4.4326,2.505,,,,,,,
1976-08-11,,1.7898,292.57,0.9876,4.4287,2.4913,,,,,,,
1976-08-12,,1.7852,292.65,0.9865,4.4307,2.4969,,,,,,,
1976-08-13,,1.7815,291.12,0.9873,4.4248,2.4888,,,,,,,
1976-08-16,,1.7814,290.36,0.987,4.4189,2.4869,,,,,,,
1976-08-17,,1.7864,287.85,0.9888,4.3802,2.471,,,,,,,
1976-08-18,,1.783,288.27,0.9867,4.386,2.4704,,,,,,,
1976-08-19,,1.7815,288.77,0.986,4.3898,2.4746,,,,,,,
1976-08-20,,1.7808,289.35,0.9875,4.4072,2.4759,,,,,,,
1976-08-23,,1.7824,289.77,0.9864,4.3898,2.4746,,,,,,,
1976-08-24,,1.7755,288.43,0.9862,4.3917,2.474,,,,,,,
1976-08-25,,1.7704,288.85,0.9852,4.4072,2.4783,,,,,,,
1976-08-26,,1.7723,288.93,0.9842,4.4033,2.4746,,,,,,,
1976-08-27,,1.77,288.6,0.9841,4.4014,2.4777,,,,,,,
1976-08-30,,1.775,288.77,0.9824,4.3995,2.4777,,,,,,,
1976-08-31,,1.7775,289.35,0.9815,4.4092,2.4783,,,,,,,
1976-09-01,,1.775,288.93,0.9766,4.3937,2.4716,,11.98,,9.47,,,5.33
1976-09-02,,1.773,288.68,0.9791,4.3995,2.4802,,,,,,,
1976-09-03,,1.7725,287.77,0.9804,4.4053,2.4832,,,,,,,
1976-09-06,,,,,,,,,,,,,
1976-09-07,,1.7712,287.77,0.977,4.3995,2.482,,,,,,,
1976-09-08,,1.7715,287.6,0.9776,4.3956,2.4832,,,,,,,
1976-09-09,,1.748,286.04,0.9763,4.384,2.4777,,,,,,,
1976-09-10,,1.753,286.94,0.9765,4.3802,2.4802,,,,,,,
1976-09-13,,1.748,286.62,0.9754,4.3821,2.4795,,,,,,,
1976-09-14,,1.7395,286.53,0.9748,4.3745,2.4789,,,,,,,
1976-09-15,,1.7341,286.12,0.9753,4.3497,2.4697,,,,,,,
1976-09-16,,1.7392,286.7,0.9771,4.3403,2.4752,,,,,,,
1976-09-17,,1.734,287.27,0.9748,4.3346,2.474,,,,,,,
1976-09-20,,1.7222,287.11,0.9734,4.3253,2.4771,,,,,,,
1976-09-21,,1.716,288.02,0.9718,4.3271,2.474,,,,,,,
1976-09-22,,1.716,287.11,0.9748,4.3103,2.4716,,,,,,,
1976-09-23,,1.7107,287.77,0.9734,4.3309,2.474,,,,,,,
1976-09-24,,1.7054,287.85,0.9723,4.3271,2.4716,,,,,,,
1976-09-27,,1.6795,287.6,0.9728,4.3141,2.4673,,,,,,,
1976-09-28,,1.636,287.52,0.9714,4.3011,2.4661,,,,,,,
1976-09-29,,1.6665,287.77,0.9725,4.2882,2.4582,,,,,,,
1976-09-30,,1.66,286.86,0.9732,4.2571,2.445,,,,,,,
1976-10-01,,1.666,287.11,0.9713,4.2753,2.4516,,14.25,,9.27,,,5.12
1976-10-04,,1.6705,287.27,0.9724,4.2735,2.4606,,,,,,,
1976-10-05,,1.6635,287.44,0.9751,4.2571,2.4564,,,,,,,
1976-10-06,,1.6515,288.02,0.9747,4.2409,2.4474,,,,,,,
1976-10-07,,1.6645,288.1,0.9727,4.2553,2.4498,,,,,,,
1976-10-08,,1.662,288.77,0.9731,4.2644,2.451,,,,,,,
1976-10-11,,,,,,,,,,,,,
1976-10-12,,1.6535,289.86,0.9742,4.2589,2.4498,,,,,,,
1976-10-13,,1.6541,290.36,0.9729,4.2463,2.4426,,,,,,,
1976-10-14,,1.639,292.31,0.9729,4.2481,2.445,,,,,,,
1976-10-15,,1.65,293.0,0.9742,4.2644,2.4534,,,,,,,
1976-10-18,,1.6547,292.48,0.9729,4.2918,2.4576,,,,,,,
1976-10-19,,1.6477,292.23,0.9731,4.2863,2.448,,,,,,,
1976-10-20,,1.6463,292.14,0.9726,4.2644,2.442,,,,,,,
1976-10-21,,1.6465,292.74,0.9732,4.268,2.4486,,,,,,,
1976-10-22,,1.6482,293.69,0.9732,4.2662,2.448,,,,,,,
1976-10-25,,1.595,293.34,0.9715,4.2319,2.4372,,,,,,,
1976-10-26,,1.604,293.77,0.9702,4.2391,2.442,,,,,,,
1976-10-27,,1.583,293.17,0.9714,4.2194,2.4361,,,,,,,
1976-10-28,,1.5665,293.6,0.9704,4.2034,2.429,,,,,,,
1976-10-29,,1.588,294.38,0.9722,4.2123,2.4331,,,,,,,
1976-11-01,,1.5875,295.86,0.9724,4.2176,2.4396,,14.3,,9.04,,,5.01
1976-11-02,,,,,,,,,,,,,
1976-11-03,,1.6075,295.16,0.9731,4.2141,2.4372,,,,,,,
1976-11-04,,1.625,295.33,0.9748,4.2553,2.4438,,,,,,,
1976-11-05,,1.625,294.99,0.974,4.2535,2.4438,,,,,,,
1976-11-08,,1.6155,293.77,0.9731,4.2391,2.4402,,,,,,,
1976-11-09,,1.6282,294.29,0.9733,4.2409,2.4426,,,,,,,
1976-11-10,,1.6333,294.38,0.9762,4.2355,2.439,,,,,,,
1976-11-11,,,,,,,,,,,,,
1976-11-12,,1.628,294.64,0.9774,4.2283,2.442,,,,,,,
1976-11-15,,1.64,294.72,0.976,4.2373,2.4426,,,,,,,
1976-11-16,,1.6427,295.16,0.981,4.2301,2.4432,,,,,,,
1976-11-17,,1.6645,295.07,0.9792,4.2283,2.448,,,,,,,
1976-11-18,,1.665,295.16,0.9801,4.2283,2.445,,,,,,,
1976-11-19,,1.679,295.42,0.9845,4.2159,2.4468,,,,,,,
1976-11-22,,1.646,295.07,0.987,4.1929,2.4278,,,,,,,
1976-11-23,,1.6435,295.42,0.9934,4.1876,2.4343,,,,,,,
1976-11-24,,1.6475,295.42,0.9923,4.1964,2.4462,,,,,,,
1976-11-25,,,,,,,,,,,,,
1976-11-26,,1.646,295.51,1.0046,4.1911,2.4402,,,,,,,
1976-11-29,,1.6484,295.68,1.0239,4.1876,2.442,,,,,,,
1976-11-30,,1.651,297.09,1.0354,4.1929,2.445,,,,,,,
1976-12-01,,1.6623,296.91,1.0344,4.1946,2.4528,,13.9,,8.55,,,4.67
1976-12-02,,1.6635,296.82,1.0286,4.1964,2.4546,,,,,,,
1976-12-03,,1.6627,297.89,1.026,4.1911,2.454,,,,,,,
1976-12-06,,1.6567,296.56,1.0233,4.1736,2.4456,,,,,,,
1976-12-07,,1.671,296.38,1.0248,4.1771,2.4558,,,,,,,
1976-12-08,,1.6705,296.3,1.0239,4.1806,2.454,,,,,,,
1976-12-09,,1.67,295.77,1.025,4.1806,2.451,,,,,,,
1976-12-10,,1.6695,294.81,1.0245,4.1771,2.4528,,,,,,,
1976-12-13,,1.6835,294.72,1.0218,4.1736,2.4528,,,,,,,
1976-12-14,,1.675,295.33,1.0175,4.1736,2.454,,,,,,,
1976-12-15,,1.6675,294.72,1.0162,4.1719,2.454,,,,,,,
1976-12-16,,1.663,295.51,1.0156,4.1632,2.4498,,,,,,,
1976-12-17,,1.671,294.64,1.0156,4.1632,2.451,,,,,,,
1976-12-20,,1.681,293.6,1.0105,4.1408,2.4462,,,,,,,
1976-12-21,,1.679,293.94,1.0127,4.1339,2.4361,,,,,,,
1976-12-22,,1.6852,293.86,1.0147,4.1442,2.4444,,,,,,,
1976-12-23,,1.6845,293.43,1.0117,4.1391,2.4486,,,,,,,
1976-12-24,,1.6895,293.51,1.0138,4.1374,2.4474,,,,,,,
1976-12-27,,1.694,292.31,1.0138,4.1305,2.4474,,,,,,,
1976-12-28,,1.697,292.14,1.0125,4.1203,2.451,,,,,,,
1976-12-29,,1.706,292.91,1.0134,4.1254,2.4462,,,,,,,
1976-12-30,,1.6995,293.0,1.012,4.1203,2.4438,,,,,,,
1976-12-31,,1.701,293.08,1.0094,4.1237,2.4474,,,,,,,
1977-01-01,,,,,,,,13.0,,8.1275,,,4.83
1977-01-03,,1.704,292.48,1.0075,4.1017,2.442,,,,,,,
1977-01-04,,1.7085,291.72,1.0049,4.1068,2.4456,,,,,,,
1977-01-05,,1.7107,292.31,1.0019,4.1305,2.4516,,,,,,,
1977-01-06,,1.7055,292.91,1.0028,4.1305,2.4558,,,,,,,
1977-01-07,,1.706,292.83,1.0048,4.1442,2.4637,,,,,,,
1977-01-10,,1.7087,292.48,1.0095,4.1964,2.4826,,,,,,,
1977-01-11,,1.7077,292.48,1.0097,4.1859,2.4795,,,,,,,
1977-01-12,,1.7065,292.4,1.0049,4.1894,2.4752,,,,,,,
1977-01-13,,1.711,292.57,1.0071,4.223,2.4863,,,,,,,
1977-01-14,,1.7108,292.06,1.0015,4.2283,2.4925,,,,,,,
1977-01-17,,1.7138,291.72,1.0115,4.2319,2.4925,,,,,,,
1977-01-18,,1.7155,291.21,1.0139,4.2463,2.5075,,,,,,,
1977-01-19,,1.7185,289.6,1.0115,4.2517,2.5075,,,,,,,
1977-01-20,,1.7165,290.28,1.0089,4.2481,2.5044,,,,,,,
1977-01-21,,1.7162,290.44,1.0107,4.2445,2.505,,,,,,,
1977-01-24,,1.7188,290.11,1.011,4.2626,2.5208,,,,,,,
1977-01-25,,1.7195,289.27,1.0138,4.2808,2.5253,,,,,,,
1977-01-26,,1.7184,288.18,1.0165,4.2827,2.5246,,,,,,,
1977-01-27,,1.7162,289.1,1.0206,4.2772,2.5432,,,,,,,
1977-01-28,,1.713,289.52,1.023,4.2827,2.5284,,,,,,,
1977-01-31,,1.715,288.43,1.02,4.2517,2.5063,,,,,,,
1977-02-01,,1.7153,288.02,1.0234,4.2608,2.5151,,11.33,,7.835,,,4.83
1977-02-02,,1.716,288.27,1.023,4.2626,2.5145,,,,,,,
1977-02-03,,1.7133,288.35,1.0222,4.268,2.517,,,,,,,
1977-02-04,,1.7147,288.1,1.022,4.2662,2.5195,,,,,,,
1977-02-07,,1.7145,287.94,1.0224,4.268,2.5119,,,,,,,
1977-02-08,,1.7157,287.11,1.0238,4.2699,2.5183,,,,,,,
1977-02-09,,1.7177,285.96,1.0224,4.2644,2.5145,,,,,,,
1977-02-10,,1.7158,285.63,1.0216,4.2589,2.517,,,,,,,
1977-02-11,,1.7123,285.06,1.0244,4.2626,2.5157,,,,,,,
1977-02-14,,1.6969,281.69,1.0243,4.2337,2.5038,,,,,,,
1977-02-15,,1.7035,283.93,1.0245,4.2391,2.5151,,,,,,,
1977-02-16,,1.7066,283.77,1.0264,4.2391,2.5151,,,,,,,
1977-02-17,,1.7054,282.97,1.025,4.2391,2.5126,,,,,,,
1977-02-18,,1.7043,283.45,1.0289,4.2337,2.51,,,,,,,
1977-02-21,,,,,,,,,,,,,
1977-02-22,,1.7072,283.37,1.031,4.2248,2.5233,,,,,,,
1977-02-23,,1.7077,283.45,1.0328,4.2283,2.5297,,,,,,,
1977-02-24,,1.7079,283.53,1.0398,4.2463,2.5458,,,,,,,
1977-02-25,,1.7085,282.01,1.0449,4.223,2.5432,,,,,,,
1977-02-28,,1.713,282.81,1.0465,4.2159,2.5549,,,,,,,
1977-03-01,,1.7132,282.49,1.0481,4.2159,2.553,,9.99,,7.77,,,4.84
1977-03-02,,1.7144,281.53,1.0431,4.2176,2.5536,,,,,,,
1977-03-03,,1.7136,281.29,1.0434,4.2176,2.5523,,,,,,,
1977-03-04,,1.7145,282.09,1.0505,4.2141,2.5471,,,,,,,
1977-03-07,,1.7171,281.93,1.0479,4.2176,2.551,,,,,,,
1977-03-08,,1.7175,282.09,1.0467,4.2194,2.5569,,,,,,,
1977-03-09,,1.7181,282.33,1.0483,4.2283,2.5621,,,,,,,
1977-03-10,,1.7158,282.01,1.061,4.2283,2.5582,,,,,,,
1977-03-11,,1.718,282.01,1.0557,4.2265,2.5582,,,,,,,
1977-03-14,,1.7192,281.21,1.0515,4.2176,2.5556,,,,,,,
1977-03-15,,1.719,281.53,1.0553,4.2248,2.5582,,,,,,,
1977-03-16,,1.7193,281.85,1.0517,4.2176,2.5575,,,,,,,
1977-03-17,,1.7189,281.69,1.0513,4.2159,2.5517,,,,,,,
1977-03-18,,1.7168,280.82,1.0543,4.2159,2.5484,,,,,,,
1977-03-21,,1.7173,279.1,1.0496,4.2123,2.5471,,,,,,,
1977-03-22,,1.7164,278.94,1.0491,4.2123,2.5342,,,,,,,
1977-03-23,,1.718,277.24,1.0529,4.2088,2.5407,,,,,,,
1977-03-24,,1.7178,278.47,1.0515,4.2088,2.553,,,,,,,
1977-03-25,,1.7175,278.32,1.0507,4.2088,2.5465,,,,,,,
1977-03-28,,1.7183,276.85,1.0499,4.2052,2.5426,,,,,,,
1977-03-29,,1.7191,276.63,1.0549,4.2034,2.5452,,,,,,,
1977-03-30,,1.7206,277.24,1.0544,4.2017,2.5439,,,,,,,
1977-03-31,,1.72,277.55,1.0571,4.2017,2.5439,,,,,,,
1977-04-01,,1.7194,276.17,1.0525,4.207,2.5445,,8.35,,7.64,,,4.8
1977-04-04,,1.7198,274.65,1.0576,4.3821,2.5407,,,,,,,
1977-04-05,,1.7197,273.0,1.056,4.3783,2.5419,,,,,,,
1977-04-06,,1.7188,273.22,1.0549,4.3783,2.5381,,,,,,,
1977-04-07,,1.7187,273.6,1.0573,4.3745,2.5342,,,,,,,
1977-04-08,,1.7183,273.22,1.0563,4.3745,2.5342,,,,,,,
1977-04-11,,1.7185,271.3,1.0552,4.3725,2.5349,,,,,,,
1977-04-12,,1.7191,270.71,1.0533,4.3554,2.5221,,,,,,,
1977-04-13,,1.7196,272.55,1.0515,4.3384,2.517,,,,,,,
1977-04-14,,1.7182,273.37,1.0494,4.3422,2.5233,,,,,,,
1977-04-15,,1.718,273.82,1.0509,4.3403,2.5132,,,,,,,
1977-04-18,,1.7194,275.33,1.0519,4.3346,2.5119,,,,,,,
1977-04-19,,1.7191,275.79,1.0496,4.3441,2.5189,,,,,,,
1977-04-20,,1.7196,278.78,1.047,4.3535,2.5253,,,,,,,
1977-04-21,,1.7192,276.85,1.0492,4.3459,2.5221,,,,,,,
1977-04-22,,1.7182,277.78,1.0489,4.3516,2.5221,,,,,,,
1977-04-25,,1.7188,278.01,1.0471,4.3478,2.5208,,,,,,,
1977-04-26,,1.7191,278.32,1.0487,4.3516,2.5329,,,,,,,
1977-04-27,,1.7198,278.01,1.0482,4.3459,2.5227,,,,,,,
1977-04-28,,1.7192,277.09,1.0484,4.3384,2.5176,,,,,,,
1977-04-29,,1.7192,277.78,1.0476,4.3365,2.517,,,,,,,
1977-05-01,,,,,,,,7.55,,7.38,,,5.36
1977-05-02,,1.7195,278.01,1.0455,4.329,2.5202,,,,,,,
1977-05-03,,1.7194,278.16,1.0469,4.329,2.5272,,,,,,,
1977-05-04,,1.7196,276.7,1.0467,4.3271,2.5183,,,,,,,
1977-05-05,,1.7186,275.94,1.0471,4.3365,2.5195,,,,,,,
1977-05-06,,1.7181,276.85,1.0474,4.3441,2.5208,,,,,,,
1977-05-09,,1.7189,278.01,1.0494,4.3478,2.5259,,,,,,,
1977-05-10,,1.719,277.47,1.0474,4.3478,2.5233,,,,,,,
1977-05-11,,1.7196,277.93,1.0483,4.3611,2.5278,,,,,,,
1977-05-12,,1.7189,278.01,1.0502,4.3611,2.5233,,,,,,,
1977-05-13,,1.7187,277.62,1.0503,4.363,2.5265,,,,,,,
1977-05-16,,1.7188,277.7,1.0487,4.3668,2.5265,,,,,,,
1977-05-17,,1.7187,277.55,1.047,4.363,2.5208,,,,,,,
1977-05-18,,1.7185,277.39,1.0472,4.3602,2.5202,,,,,,,
1977-05-19,,1.7178,276.97,1.0482,4.3564,2.5195,,,,,,,
1977-05-20,,1.7174,277.24,1.0505,4.3611,2.5195,,,,,,,
1977-05-23,,1.7172,277.55,1.0494,4.363,2.5189,,,,,,,
1977-05-24,,1.7165,277.78,1.0505,4.3649,2.5167,,,,,,,
1977-05-25,,1.7193,277.39,1.0503,4.363,2.5138,,,,,,,
1977-05-26,,1.7171,277.12,1.0491,4.3535,2.5044,,,,,,,
1977-05-27,,1.7168,277.28,1.0492,4.3682,2.5075,,,,,,,
1977-05-30,,,,,,,,,,,,,
1977-05-31,,1.7191,277.28,1.0513,4.3898,2.5047,,,,,,,
1977-06-01,,1.719,277.32,1.0539,4.3869,2.5,,7.73,,7.042,,,5.42
1977-06-02,,1.7169,276.55,1.056,4.384,2.4931,,,,,,,
1977-06-03,,1.7177,276.28,1.0544,4.3966,2.4882,,,,,,,
1977-06-06,,1.7182,275.18,1.054,4.4121,2.4851,,,,,,,
1977-06-07,,1.7185,275.56,1.0563,4.415,2.4944,,,,,,,
1977-06-08,,1.7184,274.42,1.0542,4.4209,2.4928,,,,,,,
1977-06-09,,1.7182,273.75,1.0534,4.4287,2.49,,,,,,,
1977-06-10,,1.7186,273.67,1.0561,4.4248,2.4922,,,,,,,
1977-06-13,,1.7193,271.81,1.056,4.4189,2.4919,,,,,,,
1977-06-14,,1.7192,272.33,1.0576,4.4189,2.4913,,,,,,,
1977-06-15,,1.7196,272.78,1.0559,4.4228,2.4907,,,,,,,
1977-06-16,,1.7192,272.44,1.0564,4.4287,2.4883,,,,,,,
1977-06-17,,1.7194,272.7,1.0579,4.4277,2.4891,,,,,,,
1977-06-20,,1.7196,272.78,1.0593,4.4307,2.4963,,,,,,,
1977-06-21,,1.7194,272.44,1.061,4.4405,2.5019,,,,,,,
1977-06-22,,1.7196,271.74,1.0595,4.4366,2.4959,,,,,,,
1977-06-23,,1.7197,271.81,1.06,4.4385,2.4931,,,,,,,
1977-06-24,,1.7196,272.0,1.0598,4.4464,2.4935,,,,,,,
1977-06-27,,1.7201,271.48,1.0627,4.4346,2.4863,,,,,,,
1977-06-28,,1.7203,270.86,1.0622,4.4238,2.4839,,,,,,,
1977-06-29,,1.7209,267.45,1.0621,4.3975,2.4634,,,,,,,
1977-06-30,,1.7197,267.59,1.0599,4.4033,2.4667,,,,,,,
1977-07-01,,1.7197,267.13,1.0597,4.4033,2.4612,,7.61,,7.185,,,5.46
1977-07-04,,,,,,,,,,,,,
1977-07-05,,1.7202,264.9,1.0581,4.3917,2.4346,,,,,,,
1977-07-06,,1.7206,265.39,1.059,4.3937,2.4349,,,,,,,
1977-07-07,,1.7197,264.69,1.0604,4.3889,2.4257,,,,,,,
1977-07-08,,1.7195,264.76,1.0602,4.3975,2.4237,,,,,,,
1977-07-11,,1.72,263.09,1.059,4.3687,2.4091,,,,,,,
1977-07-12,,1.7199,264.48,1.0581,4.3725,2.419,,,,,,,
1977-07-13,,1.7205,264.27,1.0598,4.3535,2.4114,,,,,,,
1977-07-14,,,,,,,,,,,,,
1977-07-15,,1.7195,265.32,1.0596,4.3592,2.414,,,,,,,
1977-07-18,,1.7199,263.99,1.0589,4.3309,2.4018,,,,,,,
1977-07-19,,1.72,264.27,1.0591,4.3215,2.401,,,,,,,
1977-07-20,,1.7203,264.83,1.0608,4.3159,2.3987,,,,,,,
1977-07-21,,1.7194,264.76,1.0626,4.3253,2.4041,,,,,,,
1977-07-22,,1.7196,264.24,1.0604,4.315,2.3964,,,,,,,
1977-07-25,,1.7198,264.34,1.0612,4.2882,2.3841,,,,,,,
1977-07-26,,1.7201,264.41,1.0654,4.2918,2.3832,,,,,,,
1977-07-27,,1.737,264.76,1.0661,4.3103,2.3872,,,,,,,
1977-07-28,,1.7372,265.96,1.0662,4.3403,2.4004,,,,,,,
1977-07-29,,1.7365,266.81,1.0689,4.3783,2.4096,,,,,,,
1977-08-01,,1.7375,267.13,1.0708,4.3764,2.4099,,6.87,,7.51,,,5.9
1977-08-02,,1.7377,266.52,1.0737,4.3716,2.401,,,,,,,
1977-08-03,,1.7385,265.57,1.0745,4.3687,2.403,,,,,,,
1977-08-04,,1.7394,265.53,1.0734,4.3821,2.4091,,,,,,,
1977-08-05,,1.7387,265.85,1.0719,4.3754,2.3987,,,,,,,
1977-08-08,,1.7373,266.24,1.0735,4.386,2.412,,,,,,,
1977-08-09,,1.7381,265.96,1.076,4.3802,2.4076,,,,,,,
1977-08-10,,1.739,266.06,1.0784,4.4014,2.4175,,,,,,,
1977-08-11,,1.738,265.96,1.075,4.3937,2.4143,,,,,,,
1977-08-12,,1.7378,266.38,1.0784,4.417,2.4225,,,,,,,
1977-08-15,,1.7391,267.92,1.0762,4.3956,2.4254,,,,,,,
1977-08-16,,1.7403,267.67,1.0772,4.417,2.4438,,,,,,,
1977-08-17,,1.7407,266.74,1.0753,4.4053,2.4352,,,,,,,
1977-08-18,,1.7395,266.74,1.0765,4.4111,2.4278,,,,,,,
1977-08-19,,1.7403,267.27,1.0764,4.4223,2.4195,,,,,,,
1977-08-22,,1.7397,266.7,1.0757,4.4111,2.4131,,,,,,,
1977-08-23,,1.7401,266.77,1.0732,4.4092,2.4015,,,,,,,
1977-08-24,,1.7407,266.21,1.0718,4.3802,2.3776,,,,,,,
1977-08-25,,1.7412,267.31,1.0735,4.3951,2.3921,,,,,,,
1977-08-26,,1.7419,267.09,1.0756,4.4033,2.3745,,,,,,,
1977-08-29,,1.7416,267.06,1.0758,4.8567,2.4004,,,,,,,
1977-08-30,,1.7422,267.4,1.0763,4.8544,2.3923,,,,,,,
1977-08-31,,1.7428,267.5,1.0748,4.8508,2.3946,,,,,,,
1977-09-01,,1.7422,268.17,1.0734,4.8544,2.3941,,5.92,,7.315,,,6.19
1977-09-02,,1.7416,267.97,1.0734,4.8567,2.3943,,,,,,,
1977-09-05,,,,,,,,,,,,,
1977-09-06,,1.7411,267.59,1.0752,4.8662,2.3946,,,,,,,
1977-09-07,,1.743,266.81,1.0744,4.8567,2.3827,,,,,,,
1977-09-08,,1.7429,266.88,1.0728,4.8615,2.3815,,,,,,,
1977-09-09,,1.7424,266.84,1.0737,4.8638,2.3869,,,,,,,
1977-09-12,,1.7432,266.67,1.0746,4.8662,2.3889,,,,,,,
1977-09-13,,1.7434,266.84,1.0724,4.865,2.3889,,,,,,,
1977-09-14,,1.744,267.13,1.0731,4.8674,2.3906,,,,,,,
1977-09-15,,1.7437,267.06,1.073,4.8591,2.3861,,,,,,,
1977-09-16,,1.7427,267.09,1.0741,4.8567,2.3835,,,,,,,
1977-09-19,,1.7419,266.92,1.0742,4.8526,2.3804,,,,,,,
1977-09-20,,1.7414,266.88,1.0733,4.852,2.3677,,,,,,,
1977-09-21,,1.7427,266.88,1.072,4.8508,2.3666,,,,,,,
1977-09-22,,1.743,266.81,1.0718,4.8497,2.3613,,,,,,,
1977-09-23,,1.7428,266.81,1.0731,4.8567,2.359,,,,,,,
1977-09-26,,1.7438,266.7,1.073,4.845,2.3513,,,,,,,
1977-09-27,,1.7433,266.63,1.0718,4.8485,2.3657,,,,,,,
1977-09-28,,1.7443,266.67,1.0731,4.8414,2.3518,,,,,,,
1977-09-29,,1.7449,265.11,1.0741,4.8356,2.3419,,,,,,,
1977-09-30,,1.7476,263.71,1.0737,4.8263,2.3474,,,,,,,
1977-10-01,,,,,,,,4.83,,7.38,,,6.67
1977-10-03,,1.7559,260.72,1.0774,4.8054,2.3364,,,,,,,
1977-10-04,,1.7555,260.82,1.0806,4.8193,2.3359,,,,,,,
1977-10-05,,1.7572,261.1,1.082,4.8158,2.3355,,,,,,,
1977-10-06,,1.7596,258.55,1.0855,4.795,2.3213,,,,,,,
1977-10-07,,1.7587,257.6,1.0873,4.8054,2.3132,,,,,,,
1977-10-10,,,,,,,,,,,,,
1977-10-11,,1.7591,257.8,1.0891,4.8216,2.3127,,,,,,,
1977-10-12,,1.7619,256.81,1.0909,4.8123,2.3052,,,,,,,
1977-10-13,,1.7641,254.97,1.0989,4.8077,2.2962,,,,,,,
1977-10-14,,1.7677,253.0,1.0988,4.7893,2.28,,,,,,,
1977-10-17,,1.7722,252.53,1.1061,4.7756,2.2671,,,,,,,
1977-10-18,,1.7741,252.21,1.1095,4.7824,2.2591,,,,,,,
1977-10-19,,1.7732,254.45,1.104,4.7847,2.2578,,,,,,,
1977-10-20,,1.7705,254.19,1.1069,4.8031,2.2607,,,,,,,
1977-10-21,,1.7694,254.32,1.105,4.7985,2.2568,,,,,,,
1977-10-24,,1.7743,251.95,1.1099,4.7847,2.2321,,,,,,,
1977-10-25,,1.7766,252.33,1.113,4.787,2.2386,,,,,,,
1977-10-26,,1.778,251.6,1.1121,4.7893,2.2366,,,,,,,
1977-10-27,,1.7767,250.31,1.1102,4.7916,2.2427,,,,,,,
1977-10-28,,1.7774,250.5,1.1025,4.787,2.2394,,,,,,,
1977-10-31,,1.8395,249.13,1.1083,4.7847,2.2329,,,,,,,
1977-11-01,,1.844,246.73,1.1035,4.7642,2.2148,,5.13,,7.458,,,6.68
1977-11-02,,1.8335,248.32,1.1062,4.7733,2.2242,,,,,,,
1977-11-03,,1.809,247.74,1.1069,4.7847,2.2146,,,,,,,
1977-11-04,,1.805,249.0,1.1091,4.8031,2.2217,,,,,,,
1977-11-07,,1.8033,248.69,1.1086,4.8042,2.2242,,,,,,,
1977-11-08,,,,,,,,,,,,,
1977-11-09,,1.809,247.1,1.1136,4.8031,2.2232,,,,,,,
1977-11-10,,1.8195,246.18,1.1094,4.7962,2.2114,,,,,,,
1977-11-11,,,,,,,,,,,,,
1977-11-14,,1.8158,245.1,1.1123,4.8008,2.2043,,,,,,,
1977-11-15,,1.8159,245.28,1.1114,4.7973,2.206,,,,,,,
1977-11-16,,1.818,245.25,1.1088,4.7985,2.1968,,,,,,,
1977-11-17,,1.8187,245.4,1.1101,4.8077,2.2095,,,,,,,
1977-11-18,,1.8245,243.49,1.1099,4.8054,2.2012,,,,,,,
1977-11-21,,1.817,242.78,1.109,4.7985,2.1988,,,,,,,
1977-11-22,,1.817,240.64,1.1107,4.7939,2.1935,,,,,,,
1977-11-23,,1.8195,239.75,1.1111,4.7985,2.1894,,,,,,,
1977-11-24,,,,,,,,,,,,,
1977-11-25,,1.8185,239.98,1.1107,4.7962,2.1598,,,,,,,
1977-11-28,,1.8186,240.24,1.109,4.8008,2.1455,,,,,,,
1977-11-29,,1.8141,243.66,1.1089,4.8008,2.1568,,,,,,,
1977-11-30,,1.817,244.02,1.1078,4.8077,2.1612,,,,,,,
1977-12-01,,1.8168,243.07,1.1085,4.7996,2.1441,,6.58,,7.2725,,,6.71
1977-12-02,,1.8205,242.51,1.1082,4.7985,2.1386,,,,,,,
1977-12-05,,1.8305,242.01,1.1072,4.7813,2.1249,,,,,,,
1977-12-06,,1.8215,241.6,1.1028,4.7687,2.1263,,,,,,,
1977-12-07,,1.8257,241.43,1.0989,4.7687,2.1213,,,,,,,
1977-12-08,,1.8273,241.72,1.0898,4.7893,2.1272,,,,,,,
1977-12-09,,1.8303,242.37,1.0922,4.7939,2.139,,,,,,,
1977-12-12,,1.8309,241.78,1.0955,4.7881,2.1236,,,,,,,
1977-12-13,,1.8403,240.53,1.0997,4.7642,2.1061,,,,,,,
1977-12-14,,1.847,237.81,1.0973,4.7619,2.0781,,,,,,,
1977-12-15,,1.8465,239.12,1.0971,4.7687,2.0695,,,,,,,
1977-12-16,,1.854,240.59,1.0975,4.7687,2.0597,,,,,,,
1977-12-19,,1.873,241.02,1.0916,4.7281,2.0251,,,,,,,
1977-12-20,,1.8785,240.5,1.0913,4.7015,2.0292,,,,,,,
1977-12-21,,1.8848,240.38,1.0937,4.7148,2.0149,,,,,,,
1977-12-22,,1.854,241.55,1.0952,4.7596,2.045,,,,,,,
1977-12-23,,1.8655,241.66,1.095,4.7551,2.0513,,,,,,,
1977-12-26,,,,,,,,,,,,,
1977-12-27,,1.878,241.37,1.0961,4.7438,2.0576,,,,,,,
1977-12-28,,1.894,240.44,1.0973,4.6992,2.0342,,,,,,,
1977-12-29,,1.91,240.04,1.0943,4.6729,2.0121,,,,,,,
1977-12-30,,1.917,239.98,1.0946,4.6729,1.9932,,,,,,,
1978-01-01,,,,,,,,6.01,,7.1675,,,6.94
1978-01-02,,,,,,,,,,,,,
1978-01-03,,1.961,237.59,1.0918,4.6318,1.926,,,,,,,
1978-01-04,,1.96,237.42,1.0933,4.6083,1.9275,,,,,,,
1978-01-05,,1.8865,241.08,1.0948,4.717,2.0429,,,,,,,
1978-01-06,,1.93,240.38,1.0941,4.7059,2.0,,,,,,,
1978-01-09,,1.9165,241.46,1.0985,4.7209,2.0202,,,,,,,
1978-01-10,,1.918,241.49,1.101,4.697,2.0109,,,,,,,
1978-01-11,,1.9405,240.5,1.1007,4.6664,1.979,,,,,,,
1978-01-12,,1.925,241.6,1.0982,4.697,1.992,,,,,,,
1978-01-13,,1.93,241.49,1.0989,4.6729,1.9782,,,,,,,
1978-01-16,,1.928,241.6,1.0989,4.6707,1.9685,,,,,,,
1978-01-17,,1.923,242.01,1.0998,4.6926,1.994,,,,,,,
1978-01-18,,1.924,242.42,1.1002,4.6937,2.0141,,,,,,,
1978-01-19,,1.9323,242.13,1.1055,4.6795,2.0025,,,,,,,
1978-01-20,,1.9315,241.85,1.105,4.662,2.004,,,,,,,
1978-01-23,,1.9417,241.46,1.1056,4.6533,1.9841,,,,,,,
1978-01-24,,1.9464,241.66,1.1035,4.6533,1.9708,,,,,,,
1978-01-25,,1.9528,241.25,1.1068,4.6447,1.9581,,,,,,,
1978-01-26,,1.9519,240.56,1.1064,4.6512,1.9771,,,,,,,
1978-01-27,,1.9465,241.37,1.108,4.6512,1.9881,,,,,,,
1978-01-30,,1.9475,241.78,1.1071,4.6582,1.9869,,,,,,,
1978-01-31,,1.9475,241.6,1.1078,4.6468,1.9881,,,,,,,
1978-02-01,,1.9481,241.6,1.1088,4.662,1.9861,,6.43,,7.2675,,,6.9
1978-02-02,,1.9492,241.81,1.1093,4.6598,1.9786,,,,,,,
1978-02-03,,1.941,241.84,1.1089,4.6533,1.9677,,,,,,,
1978-02-06,,1.9382,241.14,1.1104,4.6468,1.9639,,,,,,,
1978-02-07,,1.9325,241.43,1.1116,4.649,1.96,,,,,,,
1978-02-08,,1.9335,241.49,1.1102,4.6512,1.965,,,,,,,
1978-02-09,,1.9351,241.55,1.1084,4.6577,1.9583,,,,,,,
1978-02-10,,1.9355,241.58,1.1106,4.6577,1.9482,,,,,,,
1978-02-13,,,,,,,,,,,,,
1978-02-14,,1.9358,240.7,1.1119,4.6664,1.9201,,,,,,,
1978-02-15,,1.935,240.67,1.114,4.6729,1.9201,,,,,,,
1978-02-16,,1.9415,240.15,1.1152,4.6447,1.8997,,,,,,,
1978-02-17,,1.9447,239.81,1.1177,4.6404,1.8832,,,,,,,
1978-02-20,,,,,,,,,,,,,
1978-02-21,,1.9448,238.41,1.118,4.6253,1.8382,,,,,,,
1978-02-22,,1.9475,238.83,1.1162,4.6232,1.8265,,,,,,,
1978-02-23,,1.953,238.15,1.1156,4.5893,1.796,,,,,,,
1978-02-24,,1.925,240.21,1.1159,4.6041,1.8519,,,,,,,
1978-02-27,,1.932,239.23,1.1159,4.6211,1.8868,,,,,,,
1978-02-28,,1.941,238.1,1.115,4.5872,1.8205,,,,,,,
1978-03-01,,1.939,238.27,1.1171,4.5935,1.8365,,6.46,,7.57,,,6.86
1978-03-02,,1.941,238.41,1.1188,4.5893,1.8365,,,,,,,
1978-03-03,,1.939,237.02,1.1209,4.6147,1.8587,,,,,,,
1978-03-06,,1.937,236.41,1.1207,4.6104,1.8779,,,,,,,
1978-03-07,,1.937,235.57,1.1242,4.5809,1.879,,,,,,,
1978-03-08,,1.9343,234.41,1.126,4.6125,1.8918,,,,,,,
1978-03-09,,1.926,235.02,1.1249,4.6168,1.9701,,,,,,,
1978-03-10,,1.9015,235.9,1.123,4.6447,1.9569,,,,,,,
1978-03-13,,1.909,234.03,1.1237,4.6447,1.9486,,,,,,,
1978-03-14,,1.915,233.05,1.1251,4.6253,1.9436,,,,,,,
1978-03-15,,1.906,233.05,1.1233,4.6253,1.9357,,,,,,,
1978-03-16,,1.914,235.63,1.1237,4.6104,1.8797,,,,,,,
1978-03-17,,1.9075,231.0,1.1256,4.6253,1.9001,,,,,,,
1978-03-20,,1.9038,231.16,1.1246,4.6062,1.9205,,,,,,,
1978-03-21,,1.899,230.63,1.1259,4.6157,1.9354,,,,,,,
1978-03-22,,1.898,230.36,1.1263,4.6083,1.9153,,,,,,,
1978-03-23,,1.8745,230.02,1.1257,4.6179,1.9102,,,,,,,
1978-03-24,,1.875,228.0,1.1283,4.6168,1.9011,,,,,,,
1978-03-27,,1.881,225.23,1.1313,4.6083,1.8847,,,,,,,
1978-03-28,,1.8835,225.02,1.1342,4.5998,1.8904,,,,,,,
1978-03-29,,1.8787,222.27,1.1353,4.6009,1.8825,,,,,,,
1978-03-30,,1.864,222.37,1.1335,4.5914,1.8797,,,,,,,
1978-03-31,,1.862,229.89,1.1322,4.5683,1.8315,,,,,,,
1978-04-01,,,,,,,,7.34,,8.3575,,,7.03
1978-04-03,,1.8645,218.34,1.1375,4.5579,1.8501,,,,,,,
1978-04-04,,1.8676,219.3,1.1358,4.583,1.8815,,,,,,,
1978-04-05,,1.873,218.96,1.1407,4.5809,1.8709,,,,,,,
1978-04-06,,1.8735,218.63,1.1384,4.5756,1.8653,,,,,,,
1978-04-07,,1.8746,220.12,1.1422,4.5851,1.8692,,,,,,,
1978-04-10,,1.8753,219.83,1.1427,4.583,1.856,,,,,,,
1978-04-11,,1.88,219.33,1.1432,4.5631,1.8587,,,,,,,
1978-04-12,,1.875,218.72,1.148,4.5662,1.8657,,,,,,,
1978-04-13,,1.863,219.35,1.1515,4.5788,1.8779,,,,,,,
1978-04-14,,1.856,219.4,1.1541,4.584,1.8868,,,,,,,
1978-04-17,,1.846,220.6,1.1416,4.5924,1.9011,,,,,,,
1978-04-18,,1.844,221.53,1.1447,4.5956,1.9109,,,,,,,
1978-04-19,,1.8408,221.88,1.1477,4.6041,1.9298,,,,,,,
1978-04-20,,1.824,226.76,1.146,4.6533,1.9794,,,,,,,
1978-04-21,,1.8275,225.89,1.1448,4.6436,1.9505,,,,,,,
1978-04-24,,1.8215,228.1,1.1409,4.6555,1.9569,,,,,,,
1978-04-25,,1.8147,227.58,1.1338,4.6479,1.9581,,,,,,,
1978-04-26,,1.8166,225.63,1.1346,4.6544,1.9627,,,,,,,
1978-04-27,,1.833,222.22,1.1343,4.6115,1.9286,,,,,,,
1978-04-28,,1.823,224.97,1.1312,4.6211,1.9444,,,,,,,
1978-05-01,,1.8255,225.78,1.1283,4.6253,1.9455,,8.86,,8.172,,,7.4
1978-05-02,,1.8263,226.07,1.1275,4.6296,1.9662,,,,,,,
1978-05-03,,1.825,226.14,1.128,4.6318,1.9627,,,,,,,
1978-05-04,,1.828,224.77,1.1266,4.6125,1.9459,,,,,,,
1978-05-05,,1.8272,224.59,1.1274,4.6232,1.9501,,,,,,,
1978-05-08,,1.818,225.12,1.125,4.6382,1.9755,,,,,,,
1978-05-09,,1.811,225.38,1.1238,4.649,1.9751,,,,,,,
1978-05-10,,1.8242,224.92,1.1197,4.6339,1.9646,,,,,,,
1978-05-11,,1.818,225.23,1.1173,4.6404,1.9745,,,,,,,
1978-05-12,,1.819,225.63,1.1154,4.6522,1.9912,,,,,,,
1978-05-15,,1.8207,226.22,1.1123,4.6642,1.991,,,,,,,
1978-05-16,,1.809,228.41,1.1086,4.6795,1.996,,,,,,,
1978-05-17,,1.812,227.95,1.1102,4.6795,1.991,,,,,,,
1978-05-18,,1.8173,227.53,1.1143,4.6512,1.9716,,,,,,,
1978-05-19,,1.807,228.0,1.1123,4.6598,1.9802,,,,,,,
1978-05-22,,1.8132,228.83,1.112,4.674,1.9751,,,,,,,
1978-05-23,,1.8093,229.04,1.1136,4.674,1.9736,,,,,,,
1978-05-24,,1.8122,228.41,1.1151,4.6838,1.9697,,,,,,,
1978-05-25,,1.8125,225.84,1.1168,4.6795,1.9569,,,,,,,
1978-05-26,,1.8124,225.68,1.114,4.6838,1.9489,,,,,,,
1978-05-29,,1.817,225.05,1.1187,4.6751,1.9384,,,,,,,
1978-05-30,,,,,,,,,,,,,
1978-05-31,,1.8335,221.34,1.1231,4.6296,1.8904,,,,,,,
1978-06-01,,1.8257,221.51,1.1194,4.6211,1.8921,,9.63,,8.3575,,,7.83
1978-06-02,,1.823,221.24,1.1179,4.6211,1.8839,,,,,,,
1978-06-05,,1.82,220.99,1.1192,4.6339,1.938,,,,,,,
1978-06-06,,1.8245,220.99,1.1189,4.649,1.9131,,,,,,,
1978-06-07,,1.8229,220.99,1.1216,4.6361,1.9095,,,,,,,
1978-06-08,,1.8247,220.9,1.1182,4.6211,1.8965,,,,,,,
1978-06-09,,1.8264,220.6,1.1206,4.6253,1.8947,,,,,,,
1978-06-12,,1.838,218.01,1.1211,4.6221,1.8893,,,,,,,
1978-06-13,,1.8338,216.92,1.1218,4.6232,1.8965,,,,,,,
1978-06-14,,1.833,215.38,1.1213,4.6253,1.8886,,,,,,,
1978-06-15,,1.83,216.17,1.1198,4.6253,1.9044,,,,,,,
1978-06-16,,1.831,215.89,1.1192,4.62,1.893,,,,,,,
1978-06-19,,1.8344,213.49,1.1199,4.6147,1.8925,,,,,,,
1978-06-20,,1.84,211.15,1.1222,4.6009,1.8751,,,,,,,
1978-06-21,,1.8497,210.66,1.1244,4.5872,1.8643,,,,,,,
1978-06-22,,1.838,211.1,1.1233,4.6041,1.8822,,,,,,,
1978-06-23,,1.8485,207.47,1.1236,4.5956,1.8646,,,,,,,
1978-06-26,,1.8484,206.06,1.1268,4.5851,1.8646,,,,,,,
1978-06-27,,1.847,205.93,1.126,4.5935,1.8685,,,,,,,
1978-06-28,,1.8544,205.97,1.1246,4.5788,1.8598,,,,,,,
1978-06-29,,1.865,205.21,1.1251,4.5767,1.856,,,,,,,
1978-06-30,,1.861,203.71,1.1247,4.5735,1.8512,,,,,,,
1978-07-01,,,,,,,,9.84,,8.4475,,,8.12
1978-07-03,,1.8674,202.43,1.1231,4.562,1.8305,,,,,,,
1978-07-04,,,,,,,,,,,,,
1978-07-05,,1.8693,201.61,1.1215,4.5424,1.8172,,,,,,,
1978-07-06,,1.8675,203.09,1.1238,4.5579,1.8345,,,,,,,
1978-07-07,,1.8735,202.35,1.1249,4.5558,1.8205,,,,,,,
1978-07-10,,1.8895,201.69,1.1226,4.5269,1.8085,,,,,,,
1978-07-11,,1.884,202.86,1.122,4.5434,1.8141,,,,,,,
1978-07-12,,1.885,203.29,1.1226,4.5537,1.8202,,,,,,,
1978-07-13,,1.885,202.65,1.1252,4.5558,1.8149,,,,,,,
1978-07-14,,1.882,202.59,1.1237,4.5579,1.8152,,,,,,,
1978-07-17,,1.8795,203.79,1.1232,4.5683,1.8355,,,,,,,
1978-07-18,,1.8835,202.55,1.1254,4.5605,1.8292,,,,,,,
1978-07-19,,1.895,201.53,1.1241,4.5517,1.8141,,,,,,,
1978-07-20,,1.9035,201.57,1.1237,4.5486,1.8034,,,,,,,
1978-07-21,,1.911,200.94,1.1241,4.5434,1.7931,,,,,,,
1978-07-24,,1.924,198.02,1.125,4.5188,1.779,,,,,,,
1978-07-25,,1.9255,195.47,1.1241,4.5249,1.7778,,,,,,,
1978-07-26,,1.9105,194.1,1.1238,4.5269,1.7854,,,,,,,
1978-07-27,,1.9072,193.65,1.127,4.5341,1.7921,,,,,,,
1978-07-28,,1.924,190.59,1.1307,4.5188,1.759,,,,,,,
1978-07-31,,1.931,189.14,1.1315,4.5086,1.7361,,,,,,,
1978-08-01,,1.927,186.57,1.1381,4.5096,1.7331,,9.36,,8.942,,,8.06
1978-08-02,,1.928,186.29,1.1395,4.5065,1.7123,,,,,,,
1978-08-03,,1.9295,188.32,1.1374,4.4964,1.7079,,,,,,,
1978-08-04,,1.925,190.19,1.1379,4.4843,1.7271,,,,,,,
1978-08-07,,1.9292,188.79,1.1383,4.4583,1.7071,,,,,,,
1978-08-08,,1.934,187.34,1.1397,4.44,1.692,,,,,,,
1978-08-09,,1.9485,187.62,1.1362,4.4189,1.6861,,,,,,,
1978-08-10,,1.9525,186.67,1.1338,4.4199,1.6798,,,,,,,
1978-08-11,,1.964,185.53,1.1361,4.4053,1.648,,,,,,,
1978-08-14,,1.9805,183.76,1.1384,4.3802,1.5873,,,,,,,
1978-08-15,,1.972,185.29,1.1393,4.3687,1.6077,,,,,,,
1978-08-16,,1.976,184.64,1.1386,4.3497,1.5936,,,,,,,
1978-08-17,,1.939,188.32,1.1377,4.4444,1.6529,,,,,,,
1978-08-18,,1.94,188.86,1.1386,4.415,1.6447,,,,,,,
1978-08-21,,1.9278,193.01,1.1384,4.4603,1.6681,,,,,,,
1978-08-22,,1.93,191.31,1.1403,4.4326,1.6653,,,,,,,
1978-08-23,,1.926,191.9,1.1392,4.4524,1.6681,,,,,,,
1978-08-24,,1.9298,191.02,1.138,4.4385,1.6585,,,,,,,
1978-08-25,,1.9255,192.57,1.1447,4.4613,1.6811,,,,,,,
1978-08-28,,1.922,193.35,1.1477,4.4753,1.6915,,,,,,,
1978-08-29,,1.9435,189.39,1.1496,4.4366,1.6447,,,,,,,
1978-08-30,,1.941,189.07,1.1503,4.4366,1.6474,,,,,,,
1978-08-31,,1.943,190.51,1.1513,4.4366,1.6407,,,,,,,
1978-09-01,,1.95,190.8,1.1513,4.4366,1.605,,9.26,,9.27,,,8.64
1978-09-04,,,,,,,,,,,,,
1978-09-05,,1.943,190.15,1.1514,4.4275,1.617,,,,,,,
1978-09-06,,1.9423,190.0,1.1546,4.427,1.616,,,,,,,
1978-09-07,,1.9375,191.05,1.1575,4.455,1.6175,,,,,,,
1978-09-08,,1.9362,192.9,1.1561,4.462,1.633,,,,,,,
1978-09-11,,1.9425,191.9,1.1613,4.4635,1.6215,,,,,,,
1978-09-12,,1.9452,191.5,1.1631,4.446,1.6195,,,,,,,
1978-09-13,,1.96,189.9,1.1617,4.427,1.596,,,,,,,
1978-09-14,,1.959,190.15,1.1608,4.43,1.597,,,,,,,
1978-09-15,,1.9615,189.85,1.1631,4.421,1.594,,,,,,,
1978-09-18,,1.9587,190.8,1.167,4.425,1.58,,,,,,,
1978-09-19,,1.961,190.3,1.1699,4.425,1.571,,,,,,,
1978-09-20,,1.9785,188.8,1.1699,4.4105,1.539,,,,,,,
1978-09-21,,1.98,187.75,1.1689,4.4065,1.516,,,,,,,
1978-09-22,,1.972,188.25,1.1732,4.413,1.523,,,,,,,
1978-09-25,,1.975,187.65,1.1765,4.405,1.492,,,,,,,
1978-09-26,,1.97,189.15,1.1777,4.411,1.49,,,,,,,
1978-09-27,,1.9707,189.1,1.1777,4.419,1.497,,,,,,,
1978-09-28,,1.9725,189.2,1.1829,4.4063,1.52,,,,,,,
1978-09-29,,1.975,189.19,1.1836,4.4115,1.55,,,,,,,
1978-10-01,,,,,,,,10.29,,9.78,,,9.44
1978-10-02,,1.9715,188.85,1.1893,4.412,1.592,,,,,,,
1978-10-03,,1.9735,187.5,1.1899,4.376,1.574,,,,,,,
1978-10-04,,1.982,187.0,1.1862,4.357,1.591,,,,,,,
1978-10-05,,1.9817,187.3,1.1833,4.365,1.589,,,,,,,
1978-10-06,,1.981,188.4,1.1809,4.373,1.591,,,,,,,
1978-10-09,,,,,,,,,,,,,
1978-10-10,,1.9835,187.9,1.1841,4.369,1.572,,,,,,,
1978-10-11,,1.9922,185.85,1.185,4.33,1.5445,,,,,,,
1978-10-12,,1.985,186.6,1.1867,4.337,1.544,,,,,,,
1978-10-13,,1.986,185.9,1.1848,4.318,1.5265,,,,,,,
1978-10-16,,1.989,183.85,1.1829,4.3245,1.52,,,,,,,
1978-10-17,,1.996,182.25,1.1816,4.2955,1.5125,,,,,,,
1978-10-18,,1.9955,182.3,1.1826,4.2855,1.5095,,,,,,,
1978-10-19,,1.9935,183.25,1.1851,4.298,1.53,,,,,,,
1978-10-20,,2.0,181.8,1.1876,4.258,1.515,,,,,,,
1978-10-23,,2.007,181.55,1.1841,4.25,1.5245,,,,,,,
1978-10-24,,2.0065,182.55,1.1825,4.2495,1.53,,,,,,,
1978-10-25,,2.029,179.55,1.1841,4.202,1.516,,,,,,,
1978-10-26,,2.069,178.3,1.1858,4.173,1.509,,,,,,,
1978-10-27,,2.0625,179.0,1.1747,4.167,1.504,,,,,,,
1978-10-30,,2.098,177.05,1.1705,4.086,1.471,,,,,,,
1978-10-31,,2.076,179.5,1.1671,4.15,1.5,,,,,,,
1978-11-01,,2.01,186.0,1.1662,4.283,1.59,,11.85,,10.626,,,10.72
1978-11-02,,1.995,187.85,1.1677,4.32,1.6025,,,,,,,
1978-11-03,,1.9825,189.0,1.1693,4.331,1.621,,,,,,,
1978-11-06,,1.9765,190.25,1.167,4.3525,1.65,,,,,,,
1978-11-07,,,,,,,,,,,,,
1978-11-08,,1.975,187.25,1.173,4.332,1.616,,,,,,,
1978-11-09,,1.972,187.9,1.1721,4.3375,1.6275,,,,,,,
1978-11-10,,1.967,188.6,1.1719,4.335,1.623,,,,,,,
1978-11-13,,1.967,188.45,1.1726,4.342,1.628,,,,,,,
1978-11-14,,1.9712,188.95,1.1744,4.342,1.632,,,,,,,
1978-11-15,,1.9674,191.0,1.1785,4.3485,1.6415,,,,,,,
1978-11-16,,1.951,194.1,1.1752,4.3805,1.689,,,,,,,
1978-11-17,,1.928,195.6,1.1744,4.405,1.724,,,,,,,
1978-11-20,,1.9355,194.8,1.1744,4.4145,1.741,,,,,,,
1978-11-21,,1.9435,195.0,1.1751,4.4095,1.723,,,,,,,
1978-11-22,,1.9475,194.2,1.1728,4.4135,1.724,,,,,,,
1978-11-23,,,,,,,,,,,,,
1978-11-24,,1.9395,195.05,1.1779,4.429,1.7375,,,,,,,
1978-11-27,,1.9435,196.0,1.1792,4.429,1.736,,,,,,,
1978-11-28,,1.9478,196.75,1.1749,4.427,1.736,,,,,,,
1978-11-29,,1.9512,197.0,1.1737,4.4395,1.722,,,,,,,
1978-11-30,,1.944,199.1,1.1718,4.4445,1.735,,,,,,,
1978-12-01,,1.9377,201.7,1.1688,4.4575,1.7355,,12.07,,10.6075,,,10.72
1978-12-04,,1.947,197.65,1.1732,4.457,1.7115,,,,,,,
1978-12-05,,1.9512,197.5,1.1716,4.441,1.7085,,,,,,,
1978-12-06,,1.951,197.55,1.173,4.4285,1.708,,,,,,,
1978-12-07,,1.9515,198.65,1.1752,4.433,1.7065,,,,,,,
1978-12-08,,1.9605,198.1,1.1751,4.4305,1.702,,,,,,,
1978-12-11,,1.977,196.0,1.178,4.46,1.693,,,,,,,
1978-12-12,,1.9728,196.35,1.1763,4.4255,1.697,,,,,,,
1978-12-13,,1.9765,196.25,1.1776,4.4275,1.7055,,,,,,,
1978-12-14,,1.9755,195.55,1.1819,4.4115,1.689,,,,,,,
1978-12-15,,1.979,195.8,1.1819,4.403,1.685,,,,,,,
1978-12-18,,2.004,193.05,1.1846,4.352,1.6585,,,,,,,
1978-12-19,,2.01,193.3,1.1869,4.336,1.643,,,,,,,
1978-12-20,,2.01,194.6,1.1833,4.314,1.644,,,,,,,
1978-12-21,,1.997,195.2,1.1816,4.345,1.654,,,,,,,
1978-12-22,,2.004,194.1,1.1823,4.3525,1.66,,,,,,,
1978-12-25,,,,,,,,,,,,,
1978-12-26,,2.01,195.0,1.1837,4.3525,1.6475,,,,,,,
1978-12-27,,2.037,194.5,1.1882,4.29,1.6195,,,,,,,
1978-12-28,,2.029,193.95,1.1858,4.3,1.625,,,,,,,
1978-12-29,,2.0415,194.3,1.1867,4.286,1.62,,,,,,,
1979-01-01,,,,,,,,12.37,,10.97,,,10.51
1979-01-02,,2.03,194.58,1.1882,4.2775,1.623,,,,,,,
1979-01-03,,2.026,196.6,1.1919,4.335,1.645,,,,,,,
1979-01-04,,2.016,196.4,1.1879,4.33,1.649,,,,,,,
1979-01-05,,2.0195,196.65,1.1844,4.339,1.647,,,,,,,
1979-01-08,,2.025,195.65,1.1876,4.3305,1.644,,,,,,,
1979-01-09,,2.0185,196.65,1.1886,4.345,1.6655,,,,,,,
1979-01-10,,2.007,196.65,1.1887,4.336,1.6615,,,,,,,
1979-01-11,,2.0005,198.25,1.1876,4.3705,1.677,,,,,,,
1979-01-12,,1.9955,197.6,1.1881,4.3575,1.686,,,,,,,
1979-01-15,,1.9923,197.8,1.1886,4.3665,1.701,,,,,,,
1979-01-16,,2.0015,197.15,1.1915,4.3475,1.682,,,,,,,
1979-01-17,,2.006,196.8,1.1898,4.3405,1.669,,,,,,,
1979-01-18,,2.0095,196.75,1.1889,4.3375,1.665,,,,,,,
1979-01-19,,2.0035,198.25,1.1874,4.345,1.6735,,,,,,,
1979-01-22,,1.9987,197.63,1.1875,4.354,1.674,,,,,,,
1979-01-23,,1.9987,197.9,1.1884,4.361,1.68,,,,,,,
1979-01-24,,2.0,197.7,1.1902,4.347,1.675,,,,,,,
1979-01-25,,1.993,199.0,1.1915,4.372,1.689,,,,,,,
1979-01-26,,1.995,199.55,1.1938,4.3665,1.6875,,,,,,,
1979-01-29,,1.9952,200.1,1.1939,4.373,1.686,,,,,,,
1979-01-30,,1.996,200.75,1.1929,4.3795,1.69,,,,,,,
1979-01-31,,1.9896,202.2,1.2004,4.4,1.7,,,,,,,
1979-02-01,,1.9805,202.75,1.201,4.4075,1.71,,12.89,,11.005,,,10.19
1979-02-02,,1.979,201.6,1.1988,4.4075,1.709,,,,,,,
1979-02-05,,1.9892,199.85,1.1973,4.375,1.691,,,,,,,
1979-02-06,,1.9952,199.05,1.1948,4.37,1.6855,,,,,,,
1979-02-07,,2.013,196.0,1.1938,4.33,1.6595,,,,,,,
1979-02-08,,2.0045,197.7,1.194,4.36,1.658,,,,,,,
1979-02-09,,2.0025,198.8,1.1952,4.3525,1.663,,,,,,,
1979-02-12,,,,,,,,,,,,,
1979-02-13,,2.0035,199.7,1.1935,4.371,1.6685,,,,,,,
1979-02-14,,2.005,200.4,1.1935,4.3665,1.6762,,,,,,,
1979-02-15,,2.0035,200.25,1.194,4.3615,1.667,,,,,,,
1979-02-16,,2.002,200.7,1.1945,4.3675,1.6745,,,,,,,
1979-02-19,,,,,,,,,,,,,
1979-02-20,,2.004,201.05,1.1956,4.3675,1.6725,,,,,,,
1979-02-21,,2.0072,201.85,1.1957,4.372,1.6745,,,,,,,
1979-02-22,,2.0095,201.4,1.1955,4.362,1.672,,,,,,,
1979-02-23,,2.012,201.4,1.1972,4.361,1.6675,,,,,,,
1979-02-26,,2.0205,202.08,1.1973,4.356,1.6632,,,,,,,
1979-02-27,,2.0218,201.9,1.1961,4.365,1.6678,,,,,,,
1979-02-28,,2.0234,202.65,1.1937,4.359,1.674,,,,,,,
1979-03-01,,2.0231,203.75,1.1865,4.3635,1.676,,11.68,,11.11,,,10.13
1979-03-02,,2.022,204.9,1.1864,4.3645,1.677,,,,,,,
1979-03-05,,2.0223,204.73,1.1845,4.374,1.6795,,,,,,,
1979-03-06,,2.0246,204.5,1.1867,4.37,1.6774,,,,,,,
1979-03-07,,2.0347,204.0,1.1855,4.357,1.6685,,,,,,,
1979-03-08,,2.042,204.18,1.1809,4.357,1.669,,,,,,,
1979-03-09,,2.0378,204.7,1.1818,4.3625,1.67,,,,,,,
1979-03-12,,2.041,205.73,1.1786,4.3635,1.6736,,,,,,,
1979-03-13,,2.04,208.65,1.1721,4.38,1.6835,,,,,,,
1979-03-14,,2.0365,207.28,1.1722,4.359,1.679,,,,,,,
1979-03-15,,2.0357,206.95,1.1726,4.361,1.6815,,,,,,,
1979-03-16,,2.03,207.45,1.1734,4.367,1.6818,,,,,,,
1979-03-19,,2.0247,207.0,1.167,4.369,1.6825,,,,,,,
1979-03-20,,2.0323,207.17,1.1712,4.3698,1.685,,,,,,,
1979-03-21,,2.0343,206.95,1.1678,4.374,1.6895,,,,,,,
1979-03-22,,2.0343,205.5,1.1678,4.371,1.6876,,,,,,,
1979-03-23,,2.039,205.9,1.1682,4.3719,1.691,,,,,,,
1979-03-26,,2.0537,206.8,1.1675,4.359,1.6818,,,,,,,
1979-03-27,,2.051,207.15,1.1687,4.37,1.688,,,,,,,
1979-03-28,,2.0516,207.88,1.1642,4.3655,1.685,,,,,,,
1979-03-29,,2.058,208.37,1.1626,4.37,1.69,,,,,,,
1979-03-30,,2.0625,209.58,1.1606,4.368,1.695,,,,,,,
1979-04-01,,,,,,,,11.52,,11.24,,,10.06
1979-04-02,,2.0673,211.65,1.1575,4.3825,1.7045,,,,,,,
1979-04-03,,2.067,214.4,1.1586,4.367,1.7064,,,,,,,
1979-04-04,,2.0671,215.28,1.1547,4.376,1.7055,,,,,,,
1979-04-05,,2.077,215.23,1.1507,4.38,1.7095,,,,,,,
1979-04-06,,2.0882,214.9,1.1491,4.392,1.7142,,,,,,,
1979-04-09,,2.0985,213.5,1.1503,4.4035,1.7262,,,,,,,
1979-04-10,,2.1025,212.75,1.1458,4.391,1.7205,,,,,,,
1979-04-11,,2.09,213.5,1.1468,4.381,1.7153,,,,,,,
1979-04-12,,2.0745,215.75,1.1466,4.394,1.7278,,,,,,,
1979-04-13,,2.08,215.9,1.1452,4.394,1.7295,,,,,,,
1979-04-16,,2.0875,216.45,1.1464,4.396,1.73,,,,,,,
1979-04-17,,2.0833,218.0,1.1426,4.395,1.726,,,,,,,
1979-04-18,,2.0737,215.4,1.1417,4.3905,1.7145,,,,,,,
1979-04-19,,2.0725,216.18,1.1432,4.383,1.714,,,,,,,
1979-04-20,,2.0695,218.3,1.1413,4.406,1.7238,,,,,,,
1979-04-23,,2.0714,218.35,1.1419,4.398,1.721,,,,,,,
1979-04-24,,2.0655,218.45,1.1401,4.396,1.718,,,,,,,
1979-04-25,,2.0365,218.2,1.1416,4.399,1.714,,,,,,,
1979-04-26,,2.0473,218.1,1.1441,4.397,1.7125,,,,,,,
1979-04-27,,2.0552,219.9,1.143,4.4,1.716,,,,,,,
1979-04-30,,2.068,221.8,1.1422,4.399,1.7215,,,,,,,
1979-05-01,,2.0595,224.4,1.1424,4.393,1.7177,,11.56,,11.286,,,10.16
1979-05-02,,2.0677,224.95,1.1423,4.397,1.725,,,,,,,
1979-05-03,,2.0765,224.8,1.1449,4.398,1.722,,,,,,,
1979-05-04,,2.0775,221.5,1.1491,4.4,1.719,,,,,,,
1979-05-07,,2.0826,214.8,1.151,4.3965,1.7135,,,,,,,
1979-05-08,,2.0663,215.15,1.1571,4.3975,1.714,,,,,,,
1979-05-09,,2.0665,213.15,1.1608,4.3995,1.7135,,,,,,,
1979-05-10,,2.0485,214.58,1.1587,4.3983,1.7187,,,,,,,
1979-05-11,,2.0415,215.13,1.1596,4.392,1.7213,,,,,,,
1979-05-14,,2.0435,214.0,1.1625,4.392,1.7195,,,,,,,
1979-05-15,,2.0635,214.2,1.1611,4.394,1.7285,,,,,,,
1979-05-16,,2.061,214.35,1.157,4.39,1.7274,,,,,,,
1979-05-17,,2.055,216.7,1.1568,4.396,1.7335,,,,,,,
1979-05-18,,2.0565,218.8,1.1543,4.3975,1.7395,,,,,,,
1979-05-21,,2.0435,218.8,1.1578,4.4015,1.7405,,,,,,,
1979-05-22,,2.044,219.4,1.1588,4.395,1.738,,,,,,,
1979-05-23,,2.0572,219.15,1.1569,4.39,1.736,,,,,,,
1979-05-24,,2.0525,218.65,1.1554,4.3795,1.7335,,,,,,,
1979-05-25,,2.0506,219.75,1.1588,4.3915,1.7363,,,,,,,
1979-05-28,,2.0525,220.45,1.1595,4.3945,1.738,,,,,,,
1979-05-29,,2.0555,222.05,1.1585,4.4,1.741,,,,,,,
1979-05-30,,,,,,,,,,,,,
1979-05-31,,2.07,220.35,1.1608,4.388,1.725,,,,,,,
1979-06-01,,2.074,221.28,1.1666,4.3905,1.734,,12.93,,11.19,,,9.95
1979-06-04,,2.0768,219.75,1.1754,4.3765,1.7286,,,,,,,
1979-06-05,,2.08,221.15,1.1749,4.386,1.7358,,,,,,,
1979-06-06,,2.0738,220.35,1.1743,4.3845,1.7363,,,,,,,
1979-06-07,,2.0645,219.55,1.178,4.382,1.7292,,,,,,,
1979-06-08,,2.062,218.6,1.1755,4.387,1.7302,,,,,,,
1979-06-11,,2.069,218.83,1.1753,4.391,1.733,,,,,,,
1979-06-12,,2.09,219.7,1.1746,4.397,1.7325,,,,,,,
1979-06-13,,2.1045,220.15,1.1724,4.386,1.7302,,,,,,,
1979-06-14,,2.0958,220.18,1.1719,4.385,1.7274,,,,,,,
1979-06-15,,2.106,218.8,1.1723,4.3635,1.7003,,,,,,,
1979-06-18,,2.106,219.9,1.1717,4.3545,1.71,,,,,,,
1979-06-19,,2.12,218.65,1.1771,4.3365,1.6835,,,,,,,
1979-06-20,,2.132,219.0,1.1747,4.3175,1.678,,,,,,,
1979-06-21,,2.1393,218.95,1.1753,4.305,1.66,,,,,,,
1979-06-22,,2.1418,215.8,1.1756,4.2845,1.654,,,,,,,
1979-06-25,,2.1587,213.24,1.1703,4.2605,1.644,,,,,,,
1979-06-26,,2.151,215.9,1.166,4.2835,1.6625,,,,,,,
1979-06-27,,2.1559,216.4,1.1642,4.2835,1.658,,,,,,,
1979-06-28,,2.1685,216.55,1.1663,4.279,1.6565,,,,,,,
1979-06-29,,2.181,217.8,1.168,4.27,1.654,,,,,,,
1979-07-01,,,,,,,,13.71,,11.2625,,,10.11
1979-07-02,,2.1885,218.3,1.1689,4.264,1.656,,,,,,,
1979-07-03,,2.2015,218.4,1.1656,4.262,1.6575,,,,,,,
1979-07-04,,,,,,,,,,,,,
1979-07-05,,2.229,217.0,1.1644,4.244,1.6525,,,,,,,
1979-07-06,,2.219,217.5,1.1596,4.244,1.6635,,,,,,,
1979-07-09,,2.201,217.5,1.1569,4.2655,1.6653,,,,,,,
1979-07-10,,2.222,217.68,1.1592,4.257,1.662,,,,,,,
1979-07-11,,2.2325,217.45,1.1605,4.2475,1.6565,,,,,,,
1979-07-12,,2.2275,217.25,1.159,4.237,1.656,,,,,,,
1979-07-13,,2.229,217.35,1.1623,4.235,1.655,,,,,,,
1979-07-16,,2.242,216.8,1.1607,4.23,1.647,,,,,,,
1979-07-17,,2.2695,216.45,1.16,4.212,1.635,,,,,,,
1979-07-18,,2.278,213.6,1.1642,4.196,1.6305,,,,,,,
1979-07-19,,2.2925,216.0,1.1652,4.192,1.6365,,,,,,,
1979-07-20,,2.274,217.1,1.1646,4.206,1.642,,,,,,,
1979-07-23,,2.3015,215.75,1.1628,4.199,1.6324,,,,,,,
1979-07-24,,2.3255,214.4,1.1652,4.187,1.6335,,,,,,,
1979-07-25,,2.3205,215.25,1.166,4.193,1.64,,,,,,,
1979-07-26,,2.329,215.03,1.1691,4.19,1.6448,,,,,,,
1979-07-27,,2.313,215.4,1.1698,4.1855,1.6435,,,,,,,
1979-07-30,,2.3132,215.8,1.1678,4.199,1.658,,,,,,,
1979-07-31,,2.2475,216.7,1.1697,4.216,1.659,,,,,,,
1979-08-01,,2.2695,216.05,1.172,4.208,1.6572,,13.8,,11.79,,,10.71
1979-08-02,,2.266,216.55,1.1754,4.2055,1.658,,,,,,,
1979-08-03,,2.2685,216.9,1.1749,4.214,1.6598,,,,,,,
1979-08-06,,2.2385,216.45,1.1755,4.212,1.656,,,,,,,
1979-08-07,,2.217,216.5,1.173,4.218,1.659,,,,,,,
1979-08-08,,2.215,216.5,1.1709,4.222,1.658,,,,,,,
1979-08-09,,2.2345,216.05,1.1729,4.214,1.6515,,,,,,,
1979-08-10,,2.248,215.9,1.1724,4.2105,1.6467,,,,,,,
1979-08-13,,2.2355,216.58,1.1723,4.2155,1.6525,,,,,,,
1979-08-14,,2.232,216.8,1.1725,4.2255,1.6577,,,,,,,
1979-08-15,,2.232,216.85,1.1734,4.2252,1.657,,,,,,,
1979-08-16,,2.221,216.98,1.1699,4.2245,1.655,,,,,,,
1979-08-17,,2.218,217.3,1.17,4.235,1.6595,,,,,,,
1979-08-20,,2.2215,217.38,1.1694,4.233,1.6606,,,,,,,
1979-08-21,,2.2105,217.85,1.1653,4.2295,1.6595,,,,,,,
1979-08-22,,2.2179,219.5,1.1676,4.23,1.6593,,,,,,,
1979-08-23,,2.222,219.12,1.1645,4.226,1.6568,,,,,,,
1979-08-24,,2.232,219.25,1.167,4.2235,1.6552,,,,,,,
1979-08-27,,2.243,220.95,1.1688,4.224,1.6602,,,,,,,
1979-08-28,,2.249,220.55,1.1687,4.223,1.6594,,,,,,,
1979-08-29,,2.2525,221.93,1.1719,4.222,1.6626,,,,,,,
1979-08-30,,2.249,219.95,1.1698,4.217,1.6541,,,,,,,
1979-08-31,,2.2527,220.4,1.1663,4.217,1.6562,,,,,,,
1979-09-01,,,,,,,,14.07,,12.0,,,11.89
1979-09-03,,,,,,,,,,,,,
1979-09-04,,2.2391,221.05,1.1681,4.2205,1.6555,,,,,,,
1979-09-05,,2.242,221.5,1.1695,4.2195,1.6533,,,,,,,
1979-09-06,,2.247,220.85,1.1672,4.205,1.6393,,,,,,,
1979-09-07,,2.2495,220.8,1.1665,4.193,1.628,,,,,,,
1979-09-10,,2.2447,220.9,1.1637,4.196,1.6275,,,,,,,
1979-09-11,,2.24,221.55,1.1614,4.2045,1.6355,,,,,,,
1979-09-12,,2.222,222.2,1.162,4.2045,1.628,,,,,,,
1979-09-13,,2.203,223.6,1.1626,4.209,1.6355,,,,,,,
1979-09-14,,2.168,223.4,1.1629,4.221,1.6335,,,,,,,
1979-09-17,,2.152,223.48,1.1632,4.2195,1.632,,,,,,,
1979-09-18,,2.1535,223.8,1.1659,4.2185,1.628,,,,,,,
1979-09-19,,2.1448,223.43,1.1655,4.215,1.6215,,,,,,,
1979-09-20,,2.1605,220.3,1.1681,4.169,1.5825,,,,,,,
1979-09-21,,2.163,222.45,1.1685,4.17,1.5715,,,,,,,
1979-09-24,,2.1565,223.1,1.1678,4.1675,1.5794,,,,,,,
1979-09-25,,2.1583,222.8,1.1683,4.17,1.5748,,,,,,,
1979-09-26,,2.186,222.6,1.1668,4.167,1.578,,,,,,,
1979-09-27,,2.202,223.55,1.1623,4.137,1.557,,,,,,,
1979-09-28,,2.203,224.5,1.1606,4.128,1.554,,,,,,,
1979-10-01,,2.1925,225.25,1.1609,4.125,1.548,,14.05,,13.47,,,13.66
1979-10-02,,2.1912,225.35,1.161,4.1465,1.564,,,,,,,
1979-10-03,,2.183,224.45,1.1634,4.1375,1.582,,,,,,,
1979-10-04,,2.186,223.4,1.1648,4.167,1.584,,,,,,,
1979-10-05,,2.178,224.15,1.1666,4.159,1.58,,,,,,,
1979-10-08,,,,,,,,,,,,,
1979-10-09,,2.1545,226.0,1.1713,4.21,1.623,,,,,,,
1979-10-10,,2.1685,225.6,1.1741,4.177,1.611,,,,,,,
1979-10-11,,2.1635,226.4,1.1743,4.2,1.6195,,,,,,,
1979-10-12,,2.1565,227.5,1.1734,4.204,1.622,,,,,,,
1979-10-15,,2.157,229.8,1.1739,4.2145,1.63,,,,,,,
1979-10-16,,2.1525,232.0,1.1745,4.2265,1.6375,,,,,,,
1979-10-17,,2.1445,234.1,1.1767,4.235,1.653,,,,,,,
1979-10-18,,2.1525,232.18,1.1794,4.227,1.6405,,,,,,,
1979-10-19,,2.1545,230.65,1.1815,4.2315,1.6445,,,,,,,
1979-10-22,,2.1485,233.8,1.1826,4.236,1.665,,,,,,,
1979-10-23,,2.1125,235.4,1.186,4.26,1.673,,,,,,,
1979-10-24,,2.1105,234.5,1.1838,4.25,1.659,,,,,,,
1979-10-25,,2.1135,233.9,1.1783,4.238,1.6565,,,,,,,
1979-10-26,,2.1048,234.3,1.1811,4.242,1.6695,,,,,,,
1979-10-29,,2.0963,235.98,1.1832,4.2545,1.682,,,,,,,
1979-10-30,,2.0673,238.1,1.1825,4.258,1.6745,,,,,,,
1979-10-31,,2.0745,237.85,1.1845,4.2545,1.6605,,,,,,,
1979-11-01,,2.071,238.15,1.1837,4.252,1.6495,,16.04,,14.1625,,,13.9
1979-11-02,,2.0665,234.55,1.1871,4.25,1.641,,,,,,,
1979-11-05,,2.069,237.1,1.1863,4.24,1.6465,,,,,,,
1979-11-06,,,,,,,,,,,,,
1979-11-07,,2.1055,240.2,1.1849,4.2385,1.634,,,,,,,
1979-11-08,,2.085,241.3,1.1858,4.25,1.6455,,,,,,,
1979-11-09,,2.091,243.55,1.1895,4.258,1.653,,,,,,,
1979-11-12,,,,,,,,,,,,,
1979-11-13,,2.109,246.6,1.1844,4.263,1.659,,,,,,,
1979-11-14,,2.1115,243.35,1.1828,4.245,1.645,,,,,,,
1979-11-15,,2.142,247.2,1.1835,4.241,1.658,,,,,,,
1979-11-16,,2.1595,246.5,1.1821,4.2375,1.648,,,,,,,
1979-11-19,,2.1825,245.25,1.1798,4.199,1.6395,,,,,,,
1979-11-20,,2.1665,246.2,1.1771,4.205,1.644,,,,,,,
1979-11-21,,2.1735,248.1,1.1738,4.194,1.641,,,,,,,
1979-11-22,,,,,,,,,,,,,
1979-11-23,,2.161,249.0,1.1764,4.212,1.6525,,,,,,,
1979-11-26,,2.161,250.85,1.1716,4.2035,1.6525,,,,,,,
1979-11-27,,2.16,249.45,1.1713,4.1945,1.6505,,,,,,,
1979-11-28,,2.174,248.95,1.1733,4.196,1.6365,,,,,,,
1979-11-29,,2.182,248.85,1.1699,4.1895,1.622,,,,,,,
1979-11-30,,2.199,249.55,1.1706,4.18,1.598,,,,,,,
1979-12-01,,,,,,,,16.63,,14.05,,,13.43
1979-12-03,,2.213,248.89,1.1676,4.133,1.5645,,,,,,,
1979-12-04,,2.194,247.5,1.1627,4.174,1.5895,,,,,,,
1979-12-05,,2.178,245.7,1.1663,4.201,1.6095,,,,,,,
1979-12-06,,2.191,243.6,1.1669,4.197,1.6045,,,,,,,
1979-12-07,,2.1665,240.2,1.1646,4.211,1.6165,,,,,,,
1979-12-10,,2.1685,232.65,1.1645,4.205,1.6135,,,,,,,
1979-12-11,,2.189,233.3,1.1637,4.184,1.598,,,,,,,
1979-12-12,,2.191,237.9,1.1616,4.185,1.6,,,,,,,
1979-12-13,,2.204,240.7,1.1678,4.176,1.598,,,,,,,
1979-12-14,,2.199,242.55,1.1731,4.179,1.61,,,,,,,
1979-12-17,,2.198,240.1,1.1726,4.184,1.6075,,,,,,,
1979-12-18,,2.198,239.4,1.1743,4.186,1.6075,,,,,,,
1979-12-19,,2.2045,239.0,1.1769,4.175,1.599,,,,,,,
1979-12-20,,2.1975,236.6,1.1746,4.183,1.6055,,,,,,,
1979-12-21,,2.2015,239.9,1.1757,4.19,1.6065,,,,,,,
1979-12-24,,2.2085,239.8,1.174,4.175,1.598,,,,,,,
1979-12-25,,,,,,,,,,,,,
1979-12-26,,2.214,239.05,1.1765,4.175,1.5845,,,,,,,
1979-12-27,,2.2455,239.8,1.1758,4.144,1.578,,,,,,,
1979-12-28,,2.2335,240.55,1.1726,4.1505,1.595,,,,,,,
1979-12-31,,2.2185,240.3,1.1684,4.153,1.595,,,,,,,
1980-01-01,,,,,,,,16.7,,13.91,,,13.39
1980-01-02,,2.2427,238.45,1.1658,4.138,1.5775,,,,,,,
1980-01-03,,2.24,238.35,1.1703,4.128,1.572,,,,,,,
1980-01-04,,2.237,234.8,1.1687,4.1405,1.5755,,,,,,,
1980-01-07,,2.2615,231.55,1.1694,4.127,1.57,,,,,,,
1980-01-08,,2.262,234.75,1.1698,4.1385,1.577,,,,,,,
1980-01-09,,2.266,234.95,1.1686,4.1315,1.574,,,,,,,
1980-01-10,,2.258,235.8,1.165,4.1375,1.579,,,,,,,
1980-01-11,,2.257,236.05,1.165,4.14,1.583,,,,,,,
1980-01-14,,2.2755,236.2,1.1663,4.1415,1.583,,,,,,,
1980-01-15,,2.2765,239.65,1.1658,4.147,1.595,,,,,,,
1980-01-16,,2.271,238.15,1.1644,4.146,1.585,,,,,,,
1980-01-17,,2.277,239.9,1.1613,4.145,1.593,,,,,,,
1980-01-18,,2.2855,239.65,1.1617,4.148,1.593,,,,,,,
1980-01-21,,2.2835,241.0,1.1611,4.15,1.6045,,,,,,,
1980-01-22,,2.275,239.7,1.159,4.158,1.609,,,,,,,
1980-01-23,,2.2775,237.25,1.1603,4.153,1.606,,,,,,,
1980-01-24,,2.2778,239.35,1.1569,4.156,1.6085,,,,,,,
1980-01-25,,2.261,239.6,1.1609,4.1565,1.616,,,,,,,
1980-01-28,,2.2475,240.22,1.1637,4.1625,1.6188,,,,,,,
1980-01-29,,2.2495,239.35,1.1638,4.1665,1.617,,,,,,,
1980-01-30,,2.262,239.5,1.1617,4.164,1.6215,,,,,,,
1980-01-31,,2.2667,239.33,1.1585,4.167,1.638,,,,,,,
1980-02-01,,2.274,240.45,1.156,4.162,1.6335,,17.4,,14.0375,,,14.3
1980-02-04,,2.2865,240.29,1.1588,4.164,1.631,,,,,,,
1980-02-05,,2.2905,240.1,1.1618,4.1585,1.626,,,,,,,
1980-02-06,,2.312,240.1,1.1597,4.1435,1.606,,,,,,,
1980-02-07,,2.3015,240.09,1.1587,4.148,1.616,,,,,,,
1980-02-08,,2.298,241.65,1.159,4.158,1.619,,,,,,,
1980-02-11,,2.3047,241.4,1.1589,4.1495,1.617,,,,,,,
1980-02-12,,,,,,,,,,,,,
1980-02-13,,2.308,242.1,1.1615,4.144,1.6133,,,,,,,
1980-02-14,,2.3131,243.39,1.1598,4.149,1.617,,,,,,,
1980-02-15,,2.295,243.2,1.1621,4.161,1.629,,,,,,,
1980-02-18,,,,,,,,,,,,,
1980-02-19,,2.272,245.36,1.1597,4.1785,1.6385,,,,,,,
1980-02-20,,2.2794,246.05,1.1552,4.1715,1.644,,,,,,,
1980-02-21,,2.2865,246.09,1.1512,4.171,1.6403,,,,,,,
1980-02-22,,2.2745,247.45,1.1529,4.192,1.662,,,,,,,
1980-02-25,,2.276,248.35,1.1512,4.1965,1.6695,,,,,,,
1980-02-26,,2.2767,248.08,1.1504,4.2,1.6705,,,,,,,
1980-02-27,,2.287,248.45,1.1459,4.1995,1.665,,,,,,,
1980-02-28,,2.2848,248.4,1.1464,4.195,1.672,,,,,,,
1980-02-29,,2.273,251.65,1.145,4.213,1.7025,,,,,,,
1980-03-01,,,,,,,,17.57,,14.725,,,17.57
1980-03-03,,2.242,247.85,1.143,4.2365,1.715,,,,,,,
1980-03-04,,2.235,246.4,1.1529,4.258,1.721,,,,,,,
1980-03-05,,2.24,246.88,1.1473,4.251,1.7105,,,,,,,
1980-03-06,,2.2335,248.1,1.1533,4.266,1.715,,,,,,,
1980-03-07,,2.227,247.85,1.1576,4.279,1.715,,,,,,,
1980-03-10,,2.2168,247.93,1.1637,4.29,1.735,,,,,,,
1980-03-11,,2.2265,247.3,1.165,4.284,1.7345,,,,,,,
1980-03-12,,2.2335,247.5,1.1673,4.285,1.7295,,,,,,,
1980-03-13,,2.223,248.1,1.1695,4.299,1.744,,,,,,,
1980-03-14,,2.213,249.05,1.1786,4.319,1.754,,,,,,,
1980-03-17,,2.1875,248.9,1.1847,4.3985,1.788,,,,,,,
1980-03-18,,2.186,249.1,1.18,4.394,1.781,,,,,,,
1980-03-19,,2.1905,248.65,1.1772,4.382,1.7735,,,,,,,
1980-03-20,,2.194,248.7,1.1789,4.375,1.7618,,,,,,,
1980-03-21,,2.1835,248.92,1.1829,4.391,1.779,,,,,,,
1980-03-24,,2.186,249.15,1.1865,4.406,1.789,,,,,,,
1980-03-25,,2.1885,249.07,1.1937,4.4015,1.798,,,,,,,
1980-03-26,,2.1855,249.1,1.1882,4.3985,1.7945,,,,,,,
1980-03-27,,2.174,249.9,1.1875,4.453,1.8285,,,,,,,
1980-03-28,,2.169,249.65,1.1868,4.452,1.8325,,,,,,,
1980-03-31,,2.16,249.95,1.1915,4.48,1.8515,,,,,,,
1980-04-01,,2.1515,254.65,1.1972,4.498,1.864,,17.08,,16.13,,,16.14
1980-04-02,,2.154,257.15,1.1904,4.499,1.856,,,,,,,
1980-04-03,,2.139,257.2,1.193,4.512,1.8635,,,,,,,
1980-04-04,,2.135,258.75,1.1925,4.525,1.87,,,,,,,
1980-04-07,,2.14,261.4,1.1882,4.545,1.877,,,,,,,
1980-04-08,,2.179,258.2,1.1844,4.466,1.841,,,,,,,
1980-04-09,,2.186,251.8,1.1819,4.383,1.786,,,,,,,
1980-04-10,,2.1915,249.5,1.1812,4.377,1.755,,,,,,,
1980-04-11,,2.195,252.5,1.1795,4.39,1.748,,,,,,,
1980-04-14,,2.2035,251.35,1.1824,4.371,1.743,,,,,,,
1980-04-15,,2.1875,252.7,1.1875,4.41,1.7695,,,,,,,
1980-04-16,,2.217,249.1,1.187,4.3555,1.731,,,,,,,
1980-04-17,,2.215,248.7,1.1852,4.355,1.737,,,,,,,
1980-04-18,,2.2185,249.4,1.1845,4.345,1.74,,,,,,,
1980-04-21,,2.242,249.8,1.1822,4.342,1.724,,,,,,,
1980-04-22,,2.2345,250.0,1.184,4.356,1.744,,,,,,,
1980-04-23,,2.269,243.25,1.1808,4.293,1.699,,,,,,,
1980-04-24,,2.2635,244.65,1.1819,4.275,1.7005,,,,,,,
1980-04-25,,2.2735,246.0,1.1855,4.27,1.694,,,,,,,
1980-04-28,,2.283,241.3,1.1872,4.2485,1.6715,,,,,,,
1980-04-29,,2.2695,239.3,1.1895,4.21,1.67,,,,,,,
1980-04-30,,2.2585,239.35,1.1881,4.208,1.6675,,,,,,,
1980-05-01,,2.259,240.5,1.1895,4.215,1.668,,16.58,,12.975,,,9.79
1980-05-02,,2.2555,240.35,1.1933,4.27,1.695,,,,,,,
1980-05-05,,2.278,237.2,1.19,4.225,1.6625,,,,,,,
1980-05-06,,2.2795,231.8,1.1875,4.21,1.6555,,,,,,,
1980-05-07,,2.2815,231.85,1.1842,4.216,1.65,,,,,,,
1980-05-08,,2.285,233.6,1.1789,4.225,1.662,,,,,,,
1980-05-09,,2.267,231.8,1.1818,4.2425,1.682,,,,,,,
1980-05-12,,2.281,226.8,1.1787,4.232,1.661,,,,,,,
1980-05-13,,2.279,227.75,1.1758,4.224,1.667,,,,,,,
1980-05-14,,2.2975,227.2,1.1749,4.218,1.66,,,,,,,
1980-05-15,,2.3005,227.8,1.1774,4.2175,1.6645,,,,,,,
1980-05-16,,2.284,229.6,1.1746,4.226,1.671,,,,,,,
1980-05-19,,2.2835,229.0,1.1755,4.234,1.6765,,,,,,,
1980-05-20,,2.291,226.75,1.1741,4.241,1.6795,,,,,,,
1980-05-21,,2.3305,224.4,1.1595,4.208,1.6625,,,,,,,
1980-05-22,,2.3285,224.05,1.1609,4.204,1.6615,,,,,,,
1980-05-23,,2.344,221.25,1.1601,4.18,1.65,,,,,,,
1980-05-26,,,,,,,,,,,,,
1980-05-27,,2.37,219.2,1.1589,4.16,1.6375,,,,,,,
1980-05-28,,2.359,223.5,1.1628,4.175,1.645,,,,,,,
1980-05-29,,2.346,223.8,1.1595,4.183,1.653,,,,,,,
1980-05-30,,2.3425,223.0,1.1588,4.19,1.662,,,,,,,
1980-06-01,,,,,,,,16.29,,11.6375,,,8.49
1980-06-02,,2.3365,223.55,1.1588,4.199,1.6602,,,,,,,
1980-06-03,,2.303,222.7,1.1615,4.1895,1.654,,,,,,,
1980-06-04,,2.3215,221.4,1.1584,4.1875,1.647,,,,,,,
1980-06-05,,2.3305,220.35,1.157,4.176,1.648,,,,,,,
1980-06-06,,2.3318,219.3,1.153,4.173,1.635,,,,,,,
1980-06-09,,2.3505,216.35,1.1509,4.162,1.6225,,,,,,,
1980-06-10,,2.3327,215.8,1.1505,4.16,1.6225,,,,,,,
1980-06-11,,2.3348,217.75,1.147,4.166,1.629,,,,,,,
1980-06-12,,2.3385,216.5,1.1476,4.163,1.624,,,,,,,
1980-06-13,,2.3425,216.0,1.1461,4.14,1.6135,,,,,,,
1980-06-16,,2.3405,216.0,1.1483,4.1535,1.634,,,,,,,
1980-06-17,,2.3306,216.0,1.1521,4.1695,1.63,,,,,,,
1980-06-18,,2.3323,215.75,1.1501,4.16,1.623,,,,,,,
1980-06-19,,2.3355,216.35,1.1484,4.167,1.638,,,,,,,
1980-06-20,,2.335,217.2,1.1496,4.164,1.632,,,,,,,
1980-06-23,,2.341,216.07,1.1497,4.1665,1.6345,,,,,,,
1980-06-24,,2.3357,216.6,1.1493,4.174,1.64,,,,,,,
1980-06-25,,2.336,217.95,1.153,4.174,1.6382,,,,,,,
1980-06-26,,2.3435,217.2,1.152,4.163,1.6287,,,,,,,
1980-06-27,,2.347,217.55,1.1493,4.1525,1.6275,,,,,,,
1980-06-30,,2.3555,219.9,1.1512,4.16,1.6298,,,,,,,
1980-07-01,,2.3615,219.5,1.1502,4.155,1.6265,,15.18,,11.03,,,8.65
1980-07-02,,2.358,218.8,1.147,4.144,1.6195,,,,,,,
1980-07-03,,2.3483,219.0,1.1438,4.148,1.613,,,,,,,
1980-07-04,,,,,,,,,,,,,
1980-07-07,,2.3825,217.9,1.1423,4.122,1.5875,,,,,,,
1980-07-08,,2.373,219.1,1.144,4.119,1.591,,,,,,,
1980-07-09,,2.3735,218.15,1.1453,4.121,1.5955,,,,,,,
1980-07-10,,2.3755,216.85,1.1464,4.112,1.5948,,,,,,,
1980-07-11,,2.3777,217.7,1.1501,4.1125,1.595,,,,,,,
1980-07-14,,2.3755,218.25,1.1506,4.124,1.605,,,,,,,
1980-07-15,,2.3715,219.4,1.1531,4.124,1.61,,,,,,,
1980-07-16,,2.3715,218.8,1.1517,4.123,1.6045,,,,,,,
1980-07-17,,2.38,218.5,1.1495,4.106,1.597,,,,,,,
1980-07-18,,2.3742,220.27,1.1508,4.12,1.6107,,,,,,,
1980-07-21,,2.3795,220.38,1.1533,4.1155,1.6025,,,,,,,
1980-07-22,,2.388,221.0,1.1531,4.109,1.598,,,,,,,
1980-07-23,,2.3845,224.15,1.1542,4.1185,1.6005,,,,,,,
1980-07-24,,2.3965,223.2,1.1528,4.107,1.595,,,,,,,
1980-07-25,,2.3905,225.4,1.1569,4.1095,1.5988,,,,,,,
1980-07-28,,2.3862,227.4,1.1636,4.1205,1.6075,,,,,,,
1980-07-29,,2.371,226.8,1.164,4.133,1.6235,,,,,,,
1980-07-30,,2.348,227.05,1.1668,4.155,1.648,,,,,,,
1980-07-31,,2.3425,227.4,1.1619,4.169,1.648,,,,,,,
1980-08-01,,2.333,227.0,1.1585,4.177,1.663,,15.72,,10.5625,,,9.91
1980-08-04,,2.3425,226.05,1.1579,4.182,1.6495,,,,,,,
1980-08-05,,2.3555,226.25,1.1574,4.1575,1.6395,,,,,,,
1980-08-06,,2.374,225.3,1.1564,4.1535,1.63,,,,,,,
1980-08-07,,2.3698,225.7,1.1583,4.168,1.6445,,,,,,,
1980-08-08,,2.372,226.3,1.157,4.1725,1.6505,,,,,,,
1980-08-11,,2.3718,225.78,1.1598,4.17,1.6505,,,,,,,
1980-08-12,,2.373,222.9,1.1607,4.16,1.641,,,,,,,
1980-08-13,,2.3755,224.0,1.1597,4.1595,1.644,,,,,,,
1980-08-14,,2.3755,224.4,1.159,4.168,1.6445,,,,,,,
1980-08-15,,2.3795,225.75,1.1595,4.1745,1.644,,,,,,,
1980-08-18,,2.369,226.3,1.1642,4.183,1.6585,,,,,,,
1980-08-19,,2.36,224.38,1.1646,4.19,1.6608,,,,,,,
1980-08-20,,2.3685,224.15,1.1612,4.1805,1.6585,,,,,,,
1980-08-21,,2.369,224.75,1.1605,4.1735,1.6565,,,,,,,
1980-08-22,,2.3655,223.8,1.1597,4.2035,1.674,,,,,,,
1980-08-25,,2.3685,223.2,1.1586,4.192,1.6695,,,,,,,
1980-08-26,,2.3795,219.4,1.1589,4.189,1.6622,,,,,,,
1980-08-27,,2.3905,219.68,1.1588,4.179,1.6615,,,,,,,
1980-08-28,,2.389,218.0,1.1559,4.166,1.645,,,,,,,
1980-08-29,,2.396,219.1,1.1576,4.173,1.649,,,,,,,
1980-09-01,,,,,,,,15.24,,10.7625,,,11.29
1980-09-02,,2.418,215.93,1.1555,4.1485,1.636,,,,,,,
1980-09-03,,2.4155,216.7,1.1581,4.1475,1.629,,,,,,,
1980-09-04,,2.418,217.2,1.1621,4.146,1.63,,,,,,,
1980-09-05,,2.413,218.0,1.1629,4.1545,1.635,,,,,,,
1980-09-08,,2.4175,216.7,1.1643,4.143,1.6258,,,,,,,
1980-09-09,,2.4005,216.8,1.1626,4.141,1.6313,,,,,,,
1980-09-10,,2.402,216.55,1.1618,4.1495,1.6302,,,,,,,
1980-09-11,,2.4115,214.47,1.1624,4.148,1.6285,,,,,,,
1980-09-12,,2.4135,213.2,1.1614,4.1535,1.6305,,,,,,,
1980-09-15,,2.396,212.65,1.1646,4.156,1.6322,,,,,,,
1980-09-16,,2.3865,211.47,1.1661,4.15,1.634,,,,,,,
1980-09-17,,2.3923,211.95,1.1706,4.147,1.6303,,,,,,,
1980-09-18,,2.384,212.98,1.1682,4.1605,1.6418,,,,,,,
1980-09-19,,2.3855,210.8,1.1667,4.165,1.6445,,,,,,,
1980-09-22,,2.403,214.8,1.1665,4.175,1.658,,,,,,,
1980-09-23,,2.402,218.15,1.1619,4.17,1.661,,,,,,,
1980-09-24,,2.399,214.45,1.1659,4.153,1.6445,,,,,,,
1980-09-25,,2.3992,215.0,1.1664,4.156,1.645,,,,,,,
1980-09-26,,2.3915,211.7,1.1677,4.148,1.6455,,,,,,,
1980-09-29,,2.3905,212.4,1.1723,4.1645,1.6543,,,,,,,
1980-09-30,,2.387,210.85,1.1705,4.161,1.6535,,,,,,,
1980-10-01,,2.391,208.5,1.171,4.1585,1.642,,15.28,,11.67,,,12.94
1980-10-02,,2.386,208.15,1.1718,4.1665,1.646,,,,,,,
1980-10-03,,2.3883,207.6,1.1684,4.1625,1.6455,,,,,,,
1980-10-06,,2.3978,207.9,1.1665,4.153,1.633,,,,,,,
1980-10-07,,2.3925,208.85,1.1676,4.1575,1.6382,,,,,,,
1980-10-08,,2.393,208.35,1.1681,4.155,1.638,,,,,,,
1980-10-09,,2.3972,208.95,1.1659,4.163,1.636,,,,,,,
1980-10-10,,2.4028,209.0,1.165,4.156,1.636,,,,,,,
1980-10-13,,,,,,,,,,,,,
1980-10-14,,2.4078,206.5,1.1643,4.17,1.645,,,,,,,
1980-10-15,,2.407,207.3,1.165,4.172,1.6475,,,,,,,
1980-10-16,,2.4165,208.15,1.1663,4.1785,1.6505,,,,,,,
1980-10-17,,2.413,208.2,1.1669,4.193,1.658,,,,,,,
1980-10-20,,2.4295,208.65,1.1671,4.212,1.658,,,,,,,
1980-10-21,,2.435,207.95,1.1672,4.206,1.657,,,,,,,
1980-10-22,,2.4345,209.35,1.1678,4.219,1.664,,,,,,,
1980-10-23,,2.442,210.4,1.1691,4.2075,1.6625,,,,,,,
1980-10-24,,2.44,212.75,1.167,4.2135,1.6755,,,,,,,
1980-10-27,,2.438,213.75,1.1718,4.237,1.6995,,,,,,,
1980-10-28,,2.4345,213.25,1.1752,4.252,1.7075,,,,,,,
1980-10-29,,2.441,210.0,1.1745,4.237,1.696,,,,,,,
1980-10-30,,2.438,210.5,1.1779,4.2475,1.712,,,,,,,
1980-10-31,,2.4365,211.05,1.1753,4.252,1.715,,,,,,,
1980-11-01,,,,,,,,15.13,,13.0875,,,15.68
1980-11-03,,2.443,210.8,1.179,4.2795,1.717,,,,,,,
1980-11-04,,,,,,,,,,,,,
1980-11-05,,2.446,211.35,1.1843,4.2975,1.742,,,,,,,
1980-11-06,,2.438,212.65,1.1882,4.31,1.7453,,,,,,,
1980-11-07,,2.418,213.1,1.187,4.333,1.745,,,,,,,
1980-11-10,,2.3965,209.5,1.1836,4.278,1.7075,,,,,,,
1980-11-11,,,,,,,,,,,,,
1980-11-12,,2.413,213.1,1.1827,4.283,1.7105,,,,,,,
1980-11-13,,2.4175,212.3,1.1849,4.275,1.704,,,,,,,
1980-11-14,,2.403,212.9,1.1865,4.283,1.714,,,,,,,
1980-11-17,,2.394,213.6,1.189,4.3125,1.737,,,,,,,
1980-11-18,,2.39,213.3,1.1882,4.31,1.727,,,,,,,
1980-11-19,,2.376,212.65,1.1867,4.3025,1.7155,,,,,,,
1980-11-20,,2.385,213.7,1.1872,4.3065,1.7235,,,,,,,
1980-11-21,,2.3585,213.8,1.1855,4.314,1.728,,,,,,,
1980-11-24,,2.339,213.35,1.1909,4.31,1.7315,,,,,,,
1980-11-25,,2.355,213.65,1.1882,4.3115,1.7265,,,,,,,
1980-11-26,,2.3695,216.45,1.1878,4.317,1.7285,,,,,,,
1980-11-27,,,,,,,,,,,,,
1980-11-28,,2.3575,216.6,1.1899,4.3285,1.7385,,,,,,,
1980-12-01,,2.3485,217.85,1.1929,4.366,1.7525,,14.03,,17.02,,,18.65
1980-12-02,,2.3415,216.55,1.1932,4.366,1.7575,,,,,,,
1980-12-03,,2.346,213.55,1.1945,4.361,1.7505,,,,,,,
1980-12-04,,2.3442,211.0,1.1917,4.369,1.7515,,,,,,,
1980-12-05,,2.339,211.6,1.1959,4.3975,1.7715,,,,,,,
1980-12-08,,2.3435,208.5,1.1954,4.3875,1.775,,,,,,,
1980-12-09,,2.3355,209.1,1.1986,4.417,1.7925,,,,,,,
1980-12-10,,2.34,210.1,1.2,4.452,1.82,,,,,,,
1980-12-11,,2.3145,210.45,1.201,4.485,1.827,,,,,,,
1980-12-12,,2.3235,210.5,1.2038,4.472,1.8165,,,,,,,
1980-12-15,,2.3275,209.4,1.2046,4.4225,1.809,,,,,,,
1980-12-16,,2.309,208.75,1.2109,4.484,1.8305,,,,,,,
1980-12-17,,2.33,208.9,1.2087,4.416,1.803,,,,,,,
1980-12-18,,2.324,209.5,1.2027,4.431,1.807,,,,,,,
1980-12-19,,2.341,208.2,1.1929,4.412,1.801,,,,,,,
1980-12-22,,2.351,207.65,1.1942,4.403,1.773,,,,,,,
1980-12-23,,2.368,207.9,1.1923,4.385,1.775,,,,,,,
1980-12-24,,2.36,208.0,1.1924,4.33,1.763,,,,,,,
1980-12-25,,,,,,,,,,,,,
1980-12-26,,2.379,208.4,1.192,4.335,1.7725,,,,,,,
1980-12-29,,2.366,206.65,1.1881,4.371,1.775,,,,,,,
1980-12-30,,2.39,203.1,1.1887,4.385,1.767,,,,,,,
1980-12-31,,2.389,203.1,1.1945,4.3825,1.7875,,,,,,,
1981-01-01,,,,,,,,13.46,,17.0125,,,17.19
1981-01-02,,2.382,202.5,1.1948,4.4,1.79,,,,,,,
1981-01-05,,2.4155,199.05,1.1886,4.354,1.757,,,,,,,
1981-01-06,,2.4225,199.7,1.1882,4.3,1.7505,,,,,,,
1981-01-07,,2.4115,201.05,1.188,4.355,1.767,,,,,,,
1981-01-08,,2.4035,201.7,1.1879,4.378,1.7746,,,,,,,
1981-01-09,,2.395,203.0,1.1883,4.392,1.797,,,,,,,
1981-01-12,,2.397,204.1,1.1894,4.411,1.805,,,,,,,
1981-01-13,,2.388,203.3,1.1903,4.442,1.812,,,,,,,
1981-01-14,,2.4025,203.05,1.1909,4.4265,1.807,,,,,,,
1981-01-15,,2.4005,201.75,1.1898,4.438,1.8155,,,,,,,
1981-01-16,,2.3935,202.9,1.1919,4.45,1.822,,,,,,,
1981-01-19,,2.405,202.3,1.1901,4.4525,1.829,,,,,,,
1981-01-20,,2.4185,200.65,1.1904,4.441,1.819,,,,,,,
1981-01-21,,2.427,199.2,1.1894,4.428,1.812,,,,,,,
1981-01-22,,2.403,200.85,1.1911,4.462,1.8335,,,,,,,
1981-01-23,,2.407,202.75,1.1906,4.488,1.8405,,,,,,,
1981-01-26,,2.416,203.55,1.19,4.5065,1.851,,,,,,,
1981-01-27,,2.402,202.5,1.1916,4.56,1.8695,,,,,,,
1981-01-28,,2.4083,204.5,1.1943,4.55,1.8825,,,,,,,
1981-01-29,,2.3968,204.6,1.198,4.567,1.903,,,,,,,
1981-01-30,,2.3655,206.7,1.1943,4.6,1.932,,,,,,,
1981-02-01,,,,,,,,12.31,,17.475,,,16.14
1981-02-02,,2.349,203.15,1.1941,4.565,1.92,,,,,,,
1981-02-03,,2.3505,204.05,1.1971,4.5875,1.937,,,,,,,
1981-02-04,,2.356,202.9,1.1954,4.546,1.916,,,,,,,
1981-02-05,,2.3405,202.95,1.1971,4.595,1.944,,,,,,,
1981-02-06,,2.34,203.8,1.1961,4.602,1.942,,,,,,,
1981-02-09,,2.3405,203.9,1.1972,4.5775,1.941,,,,,,,
1981-02-10,,2.337,203.9,1.1989,4.598,1.9485,,,,,,,
1981-02-11,,2.3375,203.9,1.1967,4.6,1.952,,,,,,,
1981-02-12,,,,,,,,,,,,,
1981-02-13,,2.2845,207.45,1.2011,4.6725,2.0175,,,,,,,
1981-02-16,,,,,,,,,,,,,
1981-02-17,,2.263,206.8,1.2061,4.6675,1.9955,,,,,,,
1981-02-18,,2.266,206.55,1.2034,4.6575,1.988,,,,,,,
1981-02-19,,2.284,206.8,1.1993,4.577,1.925,,,,,,,
1981-02-20,,2.31,206.8,1.1956,4.54,1.885,,,,,,,
1981-02-23,,2.244,208.05,1.1967,4.5575,1.9025,,,,,,,
1981-02-24,,2.233,207.0,1.1985,4.605,1.919,,,,,,,
1981-02-25,,2.228,207.3,1.1977,4.61,1.9165,,,,,,,
1981-02-26,,2.2265,207.9,1.1996,4.626,1.948,,,,,,,
1981-02-27,,2.204,209.7,1.2013,4.64,1.962,,,,,,,
1981-03-01,,,,,,,,11.7,,16.9625,,,14.43
1981-03-02,,2.1805,211.1,1.2036,4.673,1.9825,,,,,,,
1981-03-03,,2.205,208.6,1.2034,4.68,1.971,,,,,,,
1981-03-04,,2.198,208.6,1.203,4.635,1.9475,,,,,,,
1981-03-05,,2.204,208.9,1.201,4.649,1.945,,,,,,,
1981-03-06,,2.1925,209.0,1.1996,4.66,1.9575,,,,,,,
1981-03-09,,2.215,206.0,1.1977,4.6475,1.929,,,,,,,
1981-03-10,,2.228,207.0,1.1972,4.616,1.923,,,,,,,
1981-03-11,,2.2165,207.6,1.1986,4.66,1.937,,,,,,,
1981-03-12,,2.219,207.6,1.198,4.615,1.937,,,,,,,
1981-03-13,,2.217,207.55,1.1926,4.62,1.927,,,,,,,
1981-03-16,,2.2365,207.27,1.1906,4.595,1.902,,,,,,,
1981-03-17,,2.249,207.7,1.1864,4.5725,1.9005,,,,,,,
1981-03-18,,2.2785,207.6,1.1823,4.5275,1.865,,,,,,,
1981-03-19,,2.2805,208.75,1.1818,4.52,1.87,,,,,,,
1981-03-20,,2.263,208.25,1.1809,4.5425,1.8865,,,,,,,
1981-03-23,,2.2495,208.6,1.1827,4.5745,1.8982,,,,,,,
1981-03-24,,2.2655,208.55,1.183,4.571,1.8965,,,,,,,
1981-03-25,,2.2625,208.85,1.1833,4.575,1.904,,,,,,,
1981-03-26,,2.245,211.45,1.1837,4.6,1.928,,,,,,,
1981-03-27,,2.226,211.8,1.1882,4.6275,1.935,,,,,,,
1981-03-30,,2.2375,211.4,1.1868,4.6,1.912,,,,,,,
1981-03-31,,2.2325,211.25,1.1873,4.61,1.928,,,,,,,
1981-04-01,,2.246,212.4,1.1835,4.5915,1.9165,,11.54,,17.22,,,15.08
1981-04-02,,2.218,213.8,1.1819,4.6,1.9245,,,,,,,
1981-04-03,,2.195,213.2,1.1838,4.6325,1.9425,,,,,,,
1981-04-06,,2.175,214.0,1.188,4.682,1.969,,,,,,,
1981-04-07,,2.203,213.1,1.1846,4.616,1.939,,,,,,,
1981-04-08,,2.196,213.45,1.1838,4.65,1.943,,,,,,,
1981-04-09,,2.19,214.1,1.1853,4.66,1.954,,,,,,,
1981-04-10,,2.185,215.17,1.1867,4.664,1.961,,,,,,,
1981-04-13,,2.163,216.25,1.192,4.702,1.9805,,,,,,,
1981-04-14,,2.1758,215.22,1.1917,4.697,1.974,,,,,,,
1981-04-15,,2.153,216.7,1.197,4.714,1.9885,,,,,,,
1981-04-16,,2.154,216.8,1.1949,4.73,1.994,,,,,,,
1981-04-17,,2.154,217.5,1.1963,4.735,1.9985,,,,,,,
1981-04-20,,2.1575,218.2,1.1956,4.74,1.99,,,,,,,
1981-04-21,,2.1617,218.35,1.1938,4.7238,1.993,,,,,,,
1981-04-22,,2.1865,216.85,1.1934,4.701,1.9735,,,,,,,
1981-04-23,,2.1745,215.2,1.1946,4.7075,1.983,,,,,,,
1981-04-24,,2.167,214.3,1.193,4.72,1.983,,,,,,,
1981-04-27,,2.163,212.1,1.1933,4.733,1.991,,,,,,,
1981-04-28,,2.156,212.3,1.195,4.75,1.987,,,,,,,
1981-04-29,,2.143,214.7,1.1973,4.755,2.021,,,,,,,
1981-04-30,,2.1395,215.78,1.1962,4.75,2.021,,,,,,,
1981-05-01,,2.143,215.75,1.1963,4.75,2.018,,11.56,,18.975,,,18.27
1981-05-04,,2.118,217.1,1.2008,4.833,2.051,,,,,,,
1981-05-05,,2.1135,217.8,1.2026,4.86,2.0675,,,,,,,
1981-05-06,,2.1168,216.9,1.199,4.8375,2.0605,,,,,,,
1981-05-07,,2.1035,217.9,1.1993,4.865,2.0755,,,,,,,
1981-05-08,,2.1155,217.6,1.1996,4.848,2.054,,,,,,,
1981-05-11,,2.101,217.95,1.2013,4.87,2.0755,,,,,,,
1981-05-12,,2.0875,219.75,1.2019,4.892,2.0755,,,,,,,
1981-05-13,,2.0775,220.45,1.2013,4.895,2.078,,,,,,,
1981-05-14,,2.0663,222.35,1.2018,4.918,2.081,,,,,,,
1981-05-15,,2.0745,223.05,1.2017,4.926,2.069,,,,,,,
1981-05-18,,2.0882,221.97,1.199,4.8925,2.0533,,,,,,,
1981-05-19,,2.0765,221.0,1.2015,4.904,2.058,,,,,,,
1981-05-20,,2.081,220.8,1.2016,4.893,2.048,,,,,,,
1981-05-21,,2.068,222.5,1.202,4.922,2.076,,,,,,,
1981-05-22,,2.0725,222.5,1.2011,4.924,2.073,,,,,,,
1981-05-25,,,,,,,,,,,,,
1981-05-26,,2.066,224.35,1.2011,4.9495,2.076,,,,,,,
1981-05-27,,2.06,224.95,1.2023,4.9735,2.086,,,,,,,
1981-05-28,,2.068,224.0,1.2018,4.907,2.0728,,,,,,,
1981-05-29,,2.07,223.9,1.2037,4.95,2.0758,,,,,,,
1981-06-01,,2.0575,222.5,1.206,4.953,2.076,,12.13,,19.25,,,16.9
1981-06-02,,2.036,223.85,1.2079,4.9925,2.102,,,,,,,
1981-06-03,,2.016,223.4,1.207,5.016,2.09,,,,,,,
1981-06-04,,1.94,226.4,1.2105,5.089,2.144,,,,,,,
1981-06-05,,1.93,227.8,1.2069,5.113,2.135,,,,,,,
1981-06-08,,1.94,227.9,1.2057,5.085,2.115,,,,,,,
1981-06-09,,1.9405,228.1,1.2062,5.09,2.112,,,,,,,
1981-06-10,,1.9705,225.45,1.2026,5.045,2.088,,,,,,,
1981-06-11,,1.949,226.1,1.2054,5.105,2.115,,,,,,,
1981-06-12,,1.957,224.15,1.2047,5.093,2.096,,,,,,,
1981-06-15,,2.002,219.7,1.2019,5.0,2.0445,,,,,,,
1981-06-16,,1.9948,220.15,1.204,5.0275,2.0505,,,,,,,
1981-06-17,,1.997,220.9,1.2051,5.015,2.048,,,,,,,
1981-06-18,,1.976,222.1,1.2059,5.036,2.072,,,,,,,
1981-06-19,,1.972,223.35,1.206,5.045,2.068,,,,,,,
1981-06-22,,1.9918,222.52,1.2018,5.0275,2.054,,,,,,,
1981-06-23,,1.9982,221.8,1.1991,5.015,2.034,,,,,,,
1981-06-24,,1.979,222.8,1.1995,5.0325,2.0375,,,,,,,
1981-06-25,,1.953,225.45,1.2008,5.073,2.039,,,,,,,
1981-06-26,,1.949,224.85,1.2027,5.08,2.028,,,,,,,
1981-06-29,,1.9435,225.85,1.1998,5.085,2.0335,,,,,,,
1981-06-30,,1.93,226.85,1.2006,5.088,2.0495,,,,,,,
1981-07-01,,1.9025,228.25,1.2035,5.116,2.075,,13.27,,19.66,,,17.76
1981-07-02,,1.884,226.75,1.2023,5.1175,2.0735,,,,,,,
1981-07-03,,1.893,228.5,1.2018,5.125,2.075,,,,,,,
1981-07-06,,1.9,229.83,1.2022,5.18,2.091,,,,,,,
1981-07-07,,1.9025,228.75,1.2027,5.168,2.0915,,,,,,,
1981-07-08,,1.879,229.45,1.2058,5.215,2.115,,,,,,,
1981-07-09,,1.877,228.85,1.206,5.19,2.106,,,,,,,
1981-07-10,,1.8925,228.3,1.2031,5.17,2.078,,,,,,,
1981-07-13,,1.8805,228.3,1.2032,5.14,2.071,,,,,,,
1981-07-14,,1.862,231.0,1.2056,5.1885,2.094,,,,,,,
1981-07-15,,1.89,230.6,1.2039,5.145,2.07,,,,,,,
1981-07-16,,1.8825,231.28,1.2042,5.15,2.074,,,,,,,
1981-07-17,,1.8815,231.97,1.2057,5.1725,2.0845,,,,,,,
1981-07-20,,1.867,233.0,1.2068,5.2,2.0965,,,,,,,
1981-07-21,,1.845,234.35,1.2125,5.24,2.116,,,,,,,
1981-07-22,,1.8607,234.5,1.2129,5.213,2.1015,,,,,,,
1981-07-23,,1.8545,234.9,1.2195,5.21,2.1085,,,,,,,
1981-07-24,,1.8622,234.52,1.2083,5.197,2.105,,,,,,,
1981-07-27,,1.86,236.1,1.2238,5.189,2.1125,,,,,,,
1981-07-28,,1.8635,237.25,1.2267,5.203,2.115,,,,,,,
1981-07-29,,1.858,237.85,1.227,5.2225,2.122,,,,,,,
1981-07-30,,1.857,238.8,1.225,5.24,2.132,,,,,,,
1981-07-31,,1.84,240.4,1.2339,5.228,2.1485,,,,,,,
1981-08-01,,,,,,,,13.55,,22.0125,,,17.96
1981-08-03,,1.8015,245.4,1.2426,5.33,2.198,,,,,,,
1981-08-04,,1.7935,246.1,1.2425,5.3345,2.204,,,,,,,
1981-08-05,,1.8055,240.9,1.2425,5.314,2.181,,,,,,,
1981-08-06,,1.798,239.9,1.2383,5.343,2.1889,,,,,,,
1981-08-07,,1.7905,234.9,1.2421,5.363,2.185,,,,,,,
1981-08-10,,1.771,236.1,1.2397,5.4035,2.2,,,,,,,
1981-08-11,,1.776,235.75,1.2323,5.382,2.195,,,,,,,
1981-08-12,,1.8115,230.2,1.2297,5.295,2.16,,,,,,,
1981-08-13,,1.804,231.7,1.2303,5.342,2.169,,,,,,,
1981-08-14,,1.802,233.75,1.2263,5.3475,2.186,,,,,,,
1981-08-17,,1.8225,229.8,1.2227,5.295,2.1715,,,,,,,
1981-08-18,,1.829,229.2,1.2157,5.28,2.1765,,,,,,,
1981-08-19,,1.8315,230.35,1.2113,5.298,2.17,,,,,,,
1981-08-20,,1.8595,228.9,1.2124,5.25,2.152,,,,,,,
1981-08-21,,1.8765,227.25,1.2061,5.195,2.138,,,,,,,
1981-08-24,,1.849,228.4,1.2087,5.227,2.1465,,,,,,,
1981-08-25,,1.8235,230.6,1.2142,5.3075,2.175,,,,,,,
1981-08-26,,1.845,230.1,1.2138,5.26,2.148,,,,,,,
1981-08-27,,1.8425,230.95,1.2112,5.269,2.148,,,,,,,
1981-08-28,,1.849,229.1,1.2021,5.2475,2.132,,,,,,,
1981-08-31,,1.845,230.5,1.202,5.217,2.142,,,,,,,
1981-09-01,,1.832,230.95,1.2041,5.235,2.1595,,14.16,,20.54,,,16.84
1981-09-02,,1.8415,229.7,1.1959,5.21,2.15,,,,,,,
1981-09-03,,1.8445,230.4,1.1944,5.204,2.117,,,,,,,
1981-09-04,,1.843,229.7,1.1982,5.2,2.0895,,,,,,,
1981-09-07,,,,,,,,,,,,,
1981-09-08,,1.7935,232.5,1.2008,5.24,2.118,,,,,,,
1981-09-09,,1.781,233.8,1.2086,5.2325,2.0985,,,,,,,
1981-09-10,,1.804,230.9,1.2017,5.18,2.063,,,,,,,
1981-09-11,,1.779,231.35,1.2043,5.195,2.052,,,,,,,
1981-09-14,,1.795,230.2,1.202,5.685,2.033,,,,,,,
1981-09-15,,1.833,225.7,1.1999,5.624,1.998,,,,,,,
1981-09-16,,1.8475,226.95,1.2025,5.54,1.98,,,,,,,
1981-09-17,,1.832,226.3,1.2025,5.495,1.9615,,,,,,,
1981-09-18,,1.834,226.3,1.2001,5.5075,1.948,,,,,,,
1981-09-21,,1.854,224.2,1.1961,5.435,1.907,,,,,,,
1981-09-22,,1.831,226.8,1.1982,5.503,1.96,,,,,,,
1981-09-23,,1.8115,227.9,1.1986,5.545,1.964,,,,,,,
1981-09-24,,1.7885,229.1,1.1976,5.585,1.975,,,,,,,
1981-09-25,,1.7855,229.7,1.1983,5.585,1.977,,,,,,,
1981-09-28,,1.779,232.45,1.2042,5.636,1.979,,,,,,,
1981-09-29,,1.7945,231.9,1.2029,5.595,1.963,,,,,,,
1981-09-30,,1.803,232.3,1.2069,5.605,1.975,,,,,,,
1981-10-01,,1.831,233.1,1.2054,5.599,1.969,,15.53,,18.7875,,,15.39
1981-10-02,,1.818,232.05,1.2045,5.547,1.935,,,,,,,
1981-10-05,,1.8545,227.6,1.1991,5.495,1.887,,,,,,,
1981-10-06,,1.847,230.4,1.2004,5.54,1.905,,,,,,,
1981-10-07,,1.869,228.5,1.1989,5.4775,1.878,,,,,,,
1981-10-08,,1.8985,228.35,1.1992,5.47,1.866,,,,,,,
1981-10-09,,1.901,226.55,1.1975,5.4275,1.84,,,,,,,
1981-10-12,,,,,,,,,,,,,
1981-10-13,,1.855,228.6,1.1978,5.475,1.86,,,,,,,
1981-10-14,,1.853,228.75,1.2011,5.49,1.862,,,,,,,
1981-10-15,,1.847,230.6,1.2003,5.51,1.87,,,,,,,
1981-10-16,,1.831,230.6,1.2031,5.536,1.87,,,,,,,
1981-10-19,,1.84,232.35,1.2021,5.526,1.8645,,,,,,,
1981-10-20,,1.819,232.7,1.2019,5.534,1.876,,,,,,,
1981-10-21,,1.8212,233.7,1.2056,5.597,1.8965,,,,,,,
1981-10-22,,1.8148,233.65,1.2061,5.603,1.902,,,,,,,
1981-10-23,,1.8205,232.3,1.2045,5.605,1.889,,,,,,,
1981-10-26,,1.805,236.15,1.2081,5.657,1.917,,,,,,,
1981-10-27,,1.8108,234.75,1.2084,5.654,1.9085,,,,,,,
1981-10-28,,1.8245,234.05,1.2074,5.623,1.883,,,,,,,
1981-10-29,,1.8315,234.35,1.2057,5.604,1.86,,,,,,,
1981-10-30,,1.862,232.8,1.203,5.564,1.835,,,,,,,
1981-11-01,,,,,,,,14.25,,16.6125,,,12.48
1981-11-02,,1.8725,229.15,1.1991,5.507,1.8025,,,,,,,
1981-11-03,,,,,,,,,,,,,
1981-11-04,,1.878,227.3,1.1968,5.4825,1.788,,,,,,,
1981-11-05,,1.8725,228.5,1.1973,5.509,1.793,,,,,,,
1981-11-06,,1.875,229.05,1.1929,5.504,1.7905,,,,,,,
1981-11-09,,1.892,226.78,1.1918,5.4675,1.77,,,,,,,
1981-11-10,,1.867,229.85,1.1939,5.5225,1.7925,,,,,,,
1981-11-11,,,,,,,,,,,,,
1981-11-12,,1.8945,227.25,1.1901,5.465,1.759,,,,,,,
1981-11-13,,1.907,227.35,1.1889,5.485,1.757,,,,,,,
1981-11-16,,1.913,225.7,1.1866,5.5,1.766,,,,,,,
1981-11-17,,1.893,224.25,1.1879,5.5175,1.8015,,,,,,,
1981-11-18,,1.9115,222.2,1.1794,5.483,1.789,,,,,,,
1981-11-19,,1.911,220.3,1.1838,5.5,1.797,,,,,,,
1981-11-20,,1.897,218.65,1.1846,5.535,1.818,,,,,,,
1981-11-23,,1.9037,217.6,1.1829,5.5,1.806,,,,,,,
1981-11-24,,1.9185,215.9,1.1803,5.475,1.7855,,,,,,,
1981-11-25,,1.928,216.6,1.1799,5.469,1.78,,,,,,,
1981-11-26,,,,,,,,,,,,,
1981-11-27,,1.956,215.65,1.1768,5.45,1.7775,,,,,,,
1981-11-30,,1.955,214.2,1.1766,5.4375,1.7725,,,,,,,
1981-12-01,,1.9455,216.4,1.1784,5.447,1.7865,,14.56,,16.0,,,12.49
1981-12-02,,1.9525,214.7,1.1776,5.45,1.7785,,,,,,,
1981-12-03,,1.933,216.65,1.1813,5.48,1.793,,,,,,,
1981-12-04,,1.9415,216.5,1.1783,5.465,1.7885,,,,,,,
1981-12-07,,1.935,217.55,1.1836,5.477,1.807,,,,,,,
1981-12-08,,1.9265,218.0,1.1836,5.514,1.827,,,,,,,
1981-12-09,,1.9225,218.4,1.1834,5.51,1.83,,,,,,,
1981-12-10,,1.8928,218.6,1.1863,5.538,1.8465,,,,,,,
1981-12-11,,1.8775,219.3,1.1894,5.56,1.846,,,,,,,
1981-12-14,,1.8655,220.75,1.196,5.6025,1.847,,,,,,,
1981-12-15,,1.8855,217.5,1.1934,5.5625,1.833,,,,,,,
1981-12-16,,1.8865,218.3,1.1921,5.57,1.8275,,,,,,,
1981-12-17,,1.8865,218.45,1.1898,5.567,1.823,,,,,,,
1981-12-18,,1.8775,219.0,1.1884,5.588,1.83,,,,,,,
1981-12-21,,1.8715,220.05,1.1863,5.595,1.821,,,,,,,
1981-12-22,,1.886,219.35,1.1822,5.59,1.814,,,,,,,
1981-12-23,,1.8865,220.7,1.1816,5.59,1.814,,,,,,,
1981-12-24,,1.893,222.1,1.1836,5.585,1.815,,,,,,,
1981-12-25,,,,,,,,,,,,,
1981-12-28,,1.89,222.8,1.181,5.58,1.809,,,,,,,
1981-12-29,,1.8905,222.3,1.1857,5.59,1.805,,,,,,,
1981-12-30,,1.9125,219.8,1.1839,5.5525,1.804,,,,,,,
1981-12-31,,1.915,219.8,1.1863,5.49,1.788,,,,,,,
1982-01-01,,,,,,,,14.39,,15.025,11.71,,13.51
1982-01-04,,1.926,218.75,1.1866,5.516,1.7915,,,,,,,
1982-01-05,,1.912,219.7,1.1895,5.558,1.811,,,,,,,
1982-01-06,,1.9253,219.6,1.1863,5.525,1.8105,,,,,,,
1982-01-07,,1.92,222.0,1.1876,5.563,1.8285,,,,,,,
1982-01-08,,1.92,221.4,1.1863,5.555,1.827,,,,,,,
1982-01-11,,1.887,223.3,1.1897,5.595,1.855,,,,,,,
1982-01-12,,1.873,223.05,1.1912,5.62,1.858,,,,,,,
1982-01-13,,1.868,224.35,1.1908,5.6205,1.86,,,,,,,
1982-01-14,,1.8635,224.5,1.1941,5.645,1.8545,,,,,,,
1982-01-15,,1.87,224.5,1.1946,5.645,1.856,,,,,,,
1982-01-18,,1.8835,225.35,1.1956,5.622,1.849,,,,,,,
1982-01-19,,1.894,224.5,1.1938,5.625,1.847,,,,,,,
1982-01-20,,1.8832,225.5,1.1946,5.6425,1.8605,,,,,,,
1982-01-21,,1.88,225.65,1.191,5.636,1.8435,,,,,,,
1982-01-22,,1.8705,227.4,1.1945,5.65,1.853,,,,,,,
1982-01-25,,1.8545,229.4,1.1984,5.6875,1.8695,,,,,,,
1982-01-26,,1.8705,228.25,1.1949,5.6475,1.851,,,,,,,
1982-01-27,,1.866,229.6,1.1969,5.6875,1.8555,,,,,,,
1982-01-28,,1.8745,231.0,1.198,5.6875,1.8575,,,,,,,
1982-01-29,,1.879,228.3,1.1967,5.685,1.846,,,,,,,
1982-02-01,,1.8605,232.6,1.2016,5.723,1.875,,13.68,,15.325,12.55,,15.0
1982-02-02,,1.8625,233.25,1.2067,5.707,1.883,,,,,,,
1982-02-03,,1.8585,234.8,1.2074,5.7425,1.897,,,,,,,
1982-02-04,,1.87,233.15,1.2048,5.7075,1.877,,,,,,,
1982-02-05,,1.8605,233.5,1.2058,5.72,1.885,,,,,,,
1982-02-08,,1.8625,234.75,1.2087,5.7515,1.895,,,,,,,
1982-02-09,,1.842,236.5,1.2168,5.765,1.9115,,,,,,,
1982-02-10,,1.8475,236.35,1.2144,5.762,1.904,,,,,,,
1982-02-11,,1.849,235.75,1.2098,5.755,1.8973,,,,,,,
1982-02-12,,,,,,,,,,,,,
1982-02-15,,,,,,,,,,,,,
1982-02-16,,1.8322,240.65,1.2185,5.812,1.911,,,,,,,
1982-02-17,,1.8355,240.35,1.2182,5.8275,1.9145,,,,,,,
1982-02-18,,1.8515,235.5,1.2146,5.775,1.895,,,,,,,
1982-02-19,,1.8525,233.6,1.2168,5.745,1.884,,,,,,,
1982-02-22,,1.8475,232.1,1.2164,5.74,1.872,,,,,,,
1982-02-23,,1.831,234.9,1.2207,5.7675,1.879,,,,,,,
1982-02-24,,1.8295,234.45,1.2203,5.773,1.877,,,,,,,
1982-02-25,,1.8327,236.05,1.2216,5.772,1.88,,,,,,,
1982-02-26,,1.82,237.25,1.229,5.7975,1.899,,,,,,,
1982-03-01,,1.8217,238.3,1.2278,5.81,1.8935,,12.68,,15.74,12.77,,14.21
1982-03-02,,1.8125,237.7,1.2253,5.789,1.8775,,,,,,,
1982-03-03,,1.823,236.6,1.2249,5.782,1.8805,,,,,,,
1982-03-04,,1.8275,236.55,1.2191,5.7775,1.8705,,,,,,,
1982-03-05,,1.8375,233.9,1.2126,5.7525,1.85,,,,,,,
1982-03-08,,1.825,234.3,1.2136,5.7525,1.842,,,,,,,
1982-03-09,,1.8035,237.55,1.2123,5.7975,1.8655,,,,,,,
1982-03-10,,1.81,237.25,1.2127,5.7875,1.859,,,,,,,
1982-03-11,,1.805,239.4,1.2118,5.813,1.8695,,,,,,,
1982-03-12,,1.7975,240.1,1.2155,5.814,1.8805,,,,,,,
1982-03-15,,1.807,240.5,1.218,5.826,1.8775,,,,,,,
1982-03-16,,1.802,241.6,1.2169,5.8375,1.882,,,,,,,
1982-03-17,,1.8092,241.4,1.2154,5.8275,1.882,,,,,,,
1982-03-18,,1.8095,242.1,1.2154,5.845,1.8855,,,,,,,
1982-03-19,,1.799,244.0,1.2204,5.8275,1.8975,,,,,,,
1982-03-22,,1.7978,245.3,1.2203,5.8625,1.9055,,,,,,,
1982-03-23,,1.802,244.9,1.2207,5.856,1.896,,,,,,,
1982-03-24,,1.8045,243.6,1.2239,5.865,1.899,,,,,,,
1982-03-25,,1.7955,245.35,1.2266,5.888,1.9065,,,,,,,
1982-03-26,,1.79,247.1,1.2282,5.905,1.913,,,,,,,
1982-03-29,,1.7775,247.2,1.2323,5.938,1.9385,,,,,,,
1982-03-30,,1.7835,245.3,1.2277,5.939,1.9285,,,,,,,
1982-03-31,,1.781,248.25,1.2305,5.937,1.9385,,,,,,,
1982-04-01,,1.79,246.2,1.2267,5.921,1.941,,12.99,,15.7375,12.64,,14.44
1982-04-02,,1.7875,245.6,1.2259,5.9075,1.9395,,,,,,,
1982-04-05,,1.7722,248.4,1.2265,5.93,1.954,,,,,,,
1982-04-06,,1.7505,248.4,1.2289,5.9525,1.967,,,,,,,
1982-04-07,,1.763,245.9,1.2326,5.9425,1.963,,,,,,,
1982-04-08,,1.753,248.75,1.2328,5.96,1.986,,,,,,,
1982-04-09,,1.754,248.05,1.2316,5.955,1.983,,,,,,,
1982-04-12,,1.768,248.0,1.2307,5.935,1.9785,,,,,,,
1982-04-13,,1.769,246.7,1.2244,5.94,1.956,,,,,,,
1982-04-14,,1.76,247.45,1.2248,5.96,1.9695,,,,,,,
1982-04-15,,1.7598,248.4,1.2218,5.985,1.9795,,,,,,,
1982-04-16,,1.76,247.8,1.2207,5.975,1.978,,,,,,,
1982-04-19,,1.773,245.0,1.2185,5.9525,1.9575,,,,,,,
1982-04-20,,1.7705,243.15,1.2224,5.93,1.949,,,,,,,
1982-04-21,,1.777,243.2,1.2226,5.9,1.9535,,,,,,,
1982-04-22,,1.7775,242.8,1.225,5.91,1.966,,,,,,,
1982-04-23,,1.772,241.15,1.2242,5.8875,1.971,,,,,,,
1982-04-26,,1.7775,238.4,1.2223,5.875,1.9565,,,,,,,
1982-04-27,,1.7745,238.0,1.2253,5.855,1.956,,,,,,,
1982-04-28,,1.7855,237.25,1.2255,5.838,1.951,,,,,,,
1982-04-29,,1.794,235.9,1.2223,5.81,1.96,,,,,,,
1982-04-30,,1.7945,235.85,1.2197,5.795,1.957,,,,,,,
1982-05-01,,,,,,,,12.69,,15.5375,12.82,,13.8
1982-05-03,,1.8135,236.6,1.2245,5.8,1.944,,,,,,,
1982-05-04,,1.7945,237.55,1.2268,5.828,1.9575,,,,,,,
1982-05-05,,1.805,234.1,1.2231,5.795,1.9385,,,,,,,
1982-05-06,,1.821,233.55,1.2213,5.76,1.9185,,,,,,,
1982-05-07,,1.8262,232.92,1.2231,5.735,1.888,,,,,,,
1982-05-10,,1.836,233.3,1.2254,5.735,1.8985,,,,,,,
1982-05-11,,1.833,232.85,1.2323,5.735,1.911,,,,,,,
1982-05-12,,1.837,233.8,1.2396,5.73,1.928,,,,,,,
1982-05-13,,1.824,235.2,1.2388,5.755,1.938,,,,,,,
1982-05-14,,1.8235,235.25,1.2375,5.775,1.946,,,,,,,
1982-05-17,,1.8165,236.85,1.2392,5.77,1.9575,,,,,,,
1982-05-18,,1.8135,237.25,1.2392,5.78,1.9745,,,,,,,
1982-05-19,,1.7965,238.95,1.2366,5.83,1.975,,,,,,,
1982-05-20,,1.7795,238.3,1.2327,5.805,1.973,,,,,,,
1982-05-21,,1.7975,237.6,1.2355,5.7975,1.964,,,,,,,
1982-05-24,,1.8045,238.4,1.2362,5.79,1.957,,,,,,,
1982-05-25,,1.8048,240.2,1.2376,5.815,1.962,,,,,,,
1982-05-26,,1.8,240.4,1.2366,5.835,1.973,,,,,,,
1982-05-27,,1.7895,242.9,1.2423,5.855,1.999,,,,,,,
1982-05-28,,1.791,243.3,1.244,5.85,1.9975,,,,,,,
1982-05-31,,,,,,,,,,,,,
1982-06-01,,1.7875,244.3,1.2491,5.8975,2.025,,12.36,,16.88,13.62,,14.46
1982-06-02,,1.7915,244.7,1.2455,5.88,2.02,,,,,,,
1982-06-03,,1.7962,243.2,1.2438,5.875,2.024,,,,,,,
1982-06-04,,1.795,243.65,1.2499,5.885,2.029,,,,,,,
1982-06-07,,1.79,245.65,1.254,5.913,2.032,,,,,,,
1982-06-08,,1.782,247.0,1.2584,5.95,2.045,,,,,,,
1982-06-09,,1.7745,248.95,1.2639,5.975,2.057,,,,,,,
1982-06-10,,1.764,249.3,1.2612,5.97,2.063,,,,,,,
1982-06-11,,1.7745,247.55,1.2619,5.94,2.049,,,,,,,
1982-06-14,,1.758,250.65,1.2718,6.015,2.0715,,,,,,,
1982-06-15,,1.7612,251.65,1.2751,6.005,2.077,,,,,,,
1982-06-16,,1.748,252.85,1.2827,6.04,2.0955,,,,,,,
1982-06-17,,1.743,254.5,1.2892,6.0575,2.1155,,,,,,,
1982-06-18,,1.7385,255.15,1.294,6.095,2.126,,,,,,,
1982-06-21,,1.727,257.15,1.3002,6.1375,2.129,,,,,,,
1982-06-22,,1.7365,254.5,1.2981,6.095,2.089,,,,,,,
1982-06-23,,1.7295,256.0,1.299,6.1225,2.1155,,,,,,,
1982-06-24,,1.733,252.4,1.2865,6.125,2.103,,,,,,,
1982-06-25,,1.719,257.7,1.2874,6.17,2.126,,,,,,,
1982-06-28,,1.7185,258.95,1.2984,6.17,2.1365,,,,,,,
1982-06-29,,1.735,255.55,1.2995,6.1,2.107,,,,,,,
1982-06-30,,1.7355,255.0,1.2929,6.12,2.0995,,,,,,,
1982-07-01,,1.735,255.95,1.286,6.145,2.1025,,11.72,,16.2625,14.38,,13.44
1982-07-02,,1.731,257.0,1.2875,6.1425,2.104,,,,,,,
1982-07-05,,,,,,,,,,,,,
1982-07-06,,1.7238,257.7,1.2919,6.16,2.1195,,,,,,,
1982-07-07,,1.7105,259.0,1.2962,6.1925,2.144,,,,,,,
1982-07-08,,1.7105,257.85,1.29,6.215,2.147,,,,,,,
1982-07-09,,1.7245,255.8,1.2792,6.165,2.123,,,,,,,
1982-07-12,,1.7325,254.25,1.2717,6.1275,2.108,,,,,,,
1982-07-13,,1.7225,257.5,1.2736,6.18,2.13,,,,,,,
1982-07-14,,1.723,256.35,1.2712,6.1675,2.131,,,,,,,
1982-07-15,,1.7215,255.95,1.2665,6.14,2.123,,,,,,,
1982-07-16,,1.724,254.05,1.2637,6.135,2.104,,,,,,,
1982-07-19,,1.735,254.65,1.2607,6.106,2.105,,,,,,,
1982-07-20,,1.739,253.75,1.257,6.09,2.085,,,,,,,
1982-07-21,,1.756,252.05,1.2537,6.05,2.06,,,,,,,
1982-07-22,,1.7475,251.85,1.2603,6.06,2.0625,,,,,,,
1982-07-23,,1.7665,249.2,1.2565,5.985,2.021,,,,,,,
1982-07-26,,1.764,250.95,1.2636,6.0225,2.0285,,,,,,,
1982-07-27,,1.7562,252.3,1.2623,6.05,2.0485,,,,,,,
1982-07-28,,1.7435,254.8,1.2601,6.1,2.074,,,,,,,
1982-07-29,,1.738,256.6,1.2617,6.09,2.0955,,,,,,,
1982-07-30,,1.738,258.1,1.2556,6.11,2.1,,,,,,,
1982-08-01,,,,,,,,10.56,,14.7625,14.19,,10.61
1982-08-02,,1.7535,256.6,1.25,6.055,2.066,,,,,,,
1982-08-03,,1.7485,257.85,1.2528,6.09,2.072,,,,,,,
1982-08-04,,1.7278,260.35,1.2531,6.15,2.117,,,,,,,
1982-08-05,,1.7155,259.85,1.2481,6.1575,2.1195,,,,,,,
1982-08-06,,1.714,260.1,1.2482,6.17,2.131,,,,,,,
1982-08-09,,1.7,262.3,1.2549,6.198,2.1495,,,,,,,
1982-08-10,,1.6975,263.9,1.2534,6.1975,2.1465,,,,,,,
1982-08-11,,1.698,263.4,1.2535,6.23,2.1545,,,,,,,
1982-08-12,,1.698,263.2,1.2599,6.21,2.159,,,,,,,
1982-08-13,,1.702,262.1,1.252,6.2175,2.145,,,,,,,
1982-08-16,,1.7025,264.05,1.2515,6.2025,2.16,,,,,,,
1982-08-17,,1.707,264.05,1.2392,6.175,2.1475,,,,,,,
1982-08-18,,1.724,259.2,1.2398,6.155,2.11,,,,,,,
1982-08-19,,1.7235,258.35,1.242,6.17,2.115,,,,,,,
1982-08-20,,1.7415,254.75,1.2355,6.11,2.076,,,,,,,
1982-08-23,,1.744,254.6,1.2373,6.096,2.076,,,,,,,
1982-08-24,,1.7665,251.5,1.2336,6.05,2.04,,,,,,,
1982-08-25,,1.7605,251.0,1.2335,6.0525,2.043,,,,,,,
1982-08-26,,1.76,253.2,1.2336,6.0625,2.07,,,,,,,
1982-08-27,,1.736,256.6,1.2398,6.1025,2.098,,,,,,,
1982-08-30,,1.7085,260.95,1.2435,6.171,2.14,,,,,,,
1982-08-31,,1.7205,261.1,1.2392,6.1475,2.127,,,,,,,
1982-09-01,,1.7205,259.1,1.2374,6.15,2.125,,10.12,,13.61,14.5,,10.66
1982-09-02,,1.735,256.2,1.2366,6.148,2.1085,,,,,,,
1982-09-03,,1.7305,257.8,1.24,6.155,2.103,,,,,,,
1982-09-06,,,,,,,,,,,,,
1982-09-07,,1.7278,257.45,1.241,6.15,2.106,,,,,,,
1982-09-08,,1.721,259.5,1.2369,6.19,2.125,,,,,,,
1982-09-09,,1.728,258.65,1.233,6.1775,2.114,,,,,,,
1982-09-10,,1.7125,262.65,1.2385,6.26,2.144,,,,,,,
1982-09-13,,1.7053,264.0,1.2374,6.255,2.148,,,,,,,
1982-09-14,,1.7075,263.25,1.2359,6.245,2.145,,,,,,,
1982-09-15,,1.7065,263.4,1.2354,6.2625,2.145,,,,,,,
1982-09-16,,1.7075,263.4,1.2338,6.2575,2.139,,,,,,,
1982-09-17,,1.713,263.2,1.234,6.23,2.132,,,,,,,
1982-09-20,,1.7105,264.5,1.2321,6.23,2.14,,,,,,,
1982-09-21,,1.71,265.1,1.2286,6.248,2.145,,,,,,,
1982-09-22,,1.7215,262.65,1.2285,6.2225,2.138,,,,,,,
1982-09-23,,1.7105,264.95,1.2278,6.25,2.1515,,,,,,,
1982-09-24,,1.7085,266.25,1.2324,6.2575,2.166,,,,,,,
1982-09-27,,1.6958,269.8,1.2348,6.295,2.1805,,,,,,,
1982-09-28,,1.6905,270.0,1.2364,6.3075,2.1815,,,,,,,
1982-09-29,,1.6955,268.85,1.2337,6.2875,2.1695,,,,,,,
1982-09-30,,1.6945,268.3,1.2363,6.28,2.171,,,,,,,
1982-10-01,,1.698,268.9,1.2353,6.2775,2.174,,9.33,,12.0125,14.48,,9.51
1982-10-04,,1.6833,273.5,1.2382,6.305,2.2025,,,,,,,
1982-10-05,,1.6865,273.8,1.2403,6.307,2.1985,,,,,,,
1982-10-06,,1.6925,273.95,1.2386,6.3215,2.188,,,,,,,
1982-10-07,,1.7035,270.1,1.235,,2.156,,,,,,,
1982-10-08,,1.7045,267.7,1.2328,7.35,2.154,,,,,,,
1982-10-11,,,,,,,,,,,,,
1982-10-12,,1.724,262.6,1.225,7.305,2.1175,,,,,,,
1982-10-13,,1.7085,266.65,1.2289,7.33,2.1415,,,,,,,
1982-10-14,,1.706,268.5,1.2288,7.335,2.155,,,,,,,
1982-10-15,,1.704,269.7,1.23,7.36,2.1515,,,,,,,
1982-10-18,,1.708,268.55,1.228,7.3525,2.1495,,,,,,,
1982-10-19,,1.707,268.3,1.2248,7.341,2.158,,,,,,,
1982-10-20,,1.6973,270.4,1.2279,7.373,2.1705,,,,,,,
1982-10-21,,1.6957,273.0,1.2262,7.402,2.175,,,,,,,
1982-10-22,,1.698,273.45,1.2262,7.395,2.177,,,,,,,
1982-10-25,,1.6805,276.55,1.2274,7.4375,2.198,,,,,,,
1982-10-26,,1.686,276.05,1.2272,7.431,2.195,,,,,,,
1982-10-27,,1.6848,276.05,1.2282,7.4025,2.192,,,,,,,
1982-10-28,,1.678,277.45,1.2272,7.45,2.212,,,,,,,
1982-10-29,,1.677,277.1,1.2261,7.456,2.2075,,,,,,,
1982-11-01,,1.6825,276.9,1.2245,7.4325,2.191,,8.94,,11.05,13.02,,8.95
1982-11-02,,,,,,,,,,,,,
1982-11-03,,1.6795,276.52,1.2219,7.455,2.2,,,,,,,
1982-11-04,,1.6665,277.65,1.2229,7.495,2.222,,,,,,,
1982-11-05,,1.6625,275.8,1.223,7.5025,2.218,,,,,,,
1982-11-08,,1.6505,276.0,1.2226,7.5475,2.2405,,,,,,,
1982-11-09,,1.6603,271.15,1.2194,7.5325,2.2105,,,,,,,
1982-11-10,,1.6625,268.1,1.221,7.5275,2.217,,,,,,,
1982-11-11,,,,,,,,,,,,,
1982-11-12,,1.6518,268.5,1.2234,7.5475,2.224,,,,,,,
1982-11-15,,1.6315,267.35,1.2249,7.555,2.22,,,,,,,
1982-11-16,,1.6205,263.7,1.2258,7.545,2.1925,,,,,,,
1982-11-17,,1.6015,263.3,1.2259,7.575,2.2035,,,,,,,
1982-11-18,,1.603,262.7,1.2251,7.575,2.1985,,,,,,,
1982-11-19,,1.6195,257.85,1.2211,7.512,2.1815,,,,,,,
1982-11-22,,1.594,254.65,1.2253,7.5425,2.192,,,,,,,
1982-11-23,,1.5972,257.05,1.2263,7.5475,2.191,,,,,,,
1982-11-24,,1.5955,250.7,1.2286,7.515,2.1655,,,,,,,
1982-11-25,,,,,,,,,,,,,
1982-11-26,,1.5925,250.2,1.2382,7.455,2.151,,,,,,,
1982-11-29,,1.6062,250.35,1.2398,7.44,2.133,,,,,,,
1982-11-30,,1.632,249.2,1.2373,7.378,2.1175,,,,,,,
1982-12-01,,1.6285,248.6,1.2393,7.395,2.111,,10.12,,10.56,12.32,,8.66
1982-12-02,,1.6365,248.1,1.2407,7.33,2.0975,,,,,,,
1982-12-03,,1.641,246.6,1.2359,7.315,2.076,,,,,,,
1982-12-06,,1.62,245.1,1.2411,7.35,2.0695,,,,,,,
1982-12-07,,1.632,242.75,1.2447,7.3775,2.059,,,,,,,
1982-12-08,,1.627,242.15,1.241,7.3425,2.066,,,,,,,
1982-12-09,,1.612,245.7,1.2387,7.405,2.0935,,,,,,,
1982-12-10,,1.61,244.25,1.235,7.39,2.083,,,,,,,
1982-12-13,,1.607,247.3,1.2371,7.473,2.119,,,,,,,
1982-12-14,,1.6165,244.3,1.2366,7.38,2.08,,,,,,,
1982-12-15,,1.614,244.95,1.2381,7.425,2.092,,,,,,,
1982-12-16,,1.62,243.3,1.2396,7.355,2.055,,,,,,,
1982-12-17,,1.6,244.15,1.237,7.3725,2.049,,,,,,,
1982-12-20,,1.6105,244.45,1.2361,7.3725,2.036,,,,,,,
1982-12-21,,1.6045,242.1,1.2374,7.35,2.021,,,,,,,
1982-12-22,,1.607,240.5,1.2376,7.35,2.019,,,,,,,
1982-12-23,,1.595,238.1,1.2388,7.337,2.01,,,,,,,
1982-12-24,,1.6,238.1,1.2408,7.33,2.001,,,,,,,
1982-12-27,,1.605,237.5,1.243,7.315,2.001,,,,,,,
1982-12-28,,1.619,234.65,1.242,7.295,1.999,,,,,,,
1982-12-29,,1.627,232.8,1.2395,7.2875,1.995,,,,,,,
1982-12-30,,1.6165,234.5,1.2356,7.32,2.0125,,,,,,,
1982-12-31,,1.618,234.7,1.2297,7.31,2.0075,,,,,,,
1983-01-01,,,,,,,,10.68,,9.8875,11.38,,8.36
1983-01-03,,1.6235,232.0,1.23,7.2845,1.994,,,,,,,
1983-01-04,,1.621,229.8,1.2298,7.26,1.989,,,,,,,
1983-01-05,,1.621,229.1,1.2297,7.2275,1.9575,,,,,,,
1983-01-06,,1.6065,229.8,1.2313,7.2425,1.96,,,,,,,
1983-01-07,,1.61,229.1,1.2267,7.225,1.936,,,,,,,
1983-01-10,,1.5895,226.75,1.2253,7.21,1.9175,,,,,,,
1983-01-11,,1.584,228.8,1.2231,7.225,1.936,,,,,,,
1983-01-12,,1.575,230.55,1.223,7.2825,1.946,,,,,,,
1983-01-13,,1.578,229.1,1.2194,7.2525,1.916,,,,,,,
1983-01-14,,1.581,230.5,1.2224,7.27,1.934,,,,,,,
1983-01-17,,1.589,229.6,1.2223,7.2575,1.9335,,,,,,,
1983-01-18,,1.576,232.15,1.2265,7.31,1.964,,,,,,,
1983-01-19,,1.574,234.95,1.2252,7.3475,1.976,,,,,,,
1983-01-20,,1.572,235.3,1.225,7.352,1.978,,,,,,,
1983-01-21,,1.5675,236.35,1.2283,7.4275,1.991,,,,,,,
1983-01-24,,1.5405,240.2,1.2322,7.465,2.025,,,,,,,
1983-01-25,,1.5388,235.85,1.236,7.375,1.9905,,,,,,,
1983-01-26,,1.548,235.35,1.2373,7.424,1.9875,,,,,,,
1983-01-27,,1.5365,235.85,1.2356,7.418,1.988,,,,,,,
1983-01-28,,1.5362,236.4,1.236,7.415,1.991,,,,,,,
1983-01-31,,1.5202,239.85,1.2367,7.505,2.015,,,,,,,
1983-02-01,,1.5235,239.4,1.2353,7.4925,2.0155,,10.89,,9.75,11.08,,8.54
1983-02-02,,1.5135,242.2,1.2384,7.56,2.0485,,,,,,,
1983-02-03,,1.5245,238.85,1.2334,7.5025,2.0185,,,,,,,
1983-02-04,,1.5245,240.3,1.2285,7.51,2.036,,,,,,,
1983-02-07,,1.534,237.45,1.2248,7.475,2.019,,,,,,,
1983-02-08,,1.5365,237.45,1.2247,7.454,2.0185,,,,,,,
1983-02-09,,1.541,236.6,1.226,7.4225,2.021,,,,,,,
1983-02-10,,1.549,235.1,1.2272,7.397,2.012,,,,,,,
1983-02-11,,1.5405,234.7,1.2252,7.39,2.006,,,,,,,
1983-02-14,,1.5385,234.8,1.2245,7.4175,2.0065,,,,,,,
1983-02-15,,1.541,234.1,1.2241,7.3935,1.9995,,,,,,,
1983-02-16,,1.551,232.6,1.2235,7.35,1.9785,,,,,,,
1983-02-17,,1.5435,233.2,1.2246,7.3695,1.9915,,,,,,,
1983-02-18,,1.5435,233.6,1.2247,7.385,1.997,,,,,,,
1983-02-21,,,,,,,,,,,,,
1983-02-22,,1.5215,233.8,1.2259,7.4275,2.019,,,,,,,
1983-02-23,,1.533,235.05,1.2301,7.45,2.036,,,,,,,
1983-02-24,,1.5275,234.2,1.2282,7.413,2.0245,,,,,,,
1983-02-25,,1.527,235.05,1.2282,7.44,2.032,,,,,,,
1983-02-28,,1.5115,237.85,1.229,7.4825,2.0625,,,,,,,
1983-03-01,,1.5045,239.0,1.2279,7.4975,2.0675,,10.53,,9.37,10.92,,8.69
1983-03-02,,1.505,237.3,1.2254,7.475,2.0545,,,,,,,
1983-03-03,,1.5125,236.4,1.2228,7.455,2.0545,,,,,,,
1983-03-04,,1.511,235.8,1.2232,7.435,2.043,,,,,,,
1983-03-07,,1.5168,235.7,1.2229,7.425,2.045,,,,,,,
1983-03-08,,1.4995,238.7,1.2246,7.48,2.0625,,,,,,,
1983-03-09,,1.5025,237.7,1.2276,7.465,2.062,,,,,,,
1983-03-10,,1.5117,237.05,1.2254,7.4625,2.052,,,,,,,
1983-03-11,,1.5027,238.45,1.2265,7.5,2.072,,,,,,,
1983-03-14,,1.509,237.5,1.2272,7.45,2.0635,,,,,,,
1983-03-15,,1.514,237.25,1.2243,7.43,2.052,,,,,,,
1983-03-16,,1.51,237.25,1.2223,7.402,2.05,,,,,,,
1983-03-17,,1.5023,239.1,1.2231,7.451,2.061,,,,,,,
1983-03-18,,1.4875,240.3,1.2258,7.47,2.067,,,,,,,
1983-03-21,,1.4705,240.85,1.2241,7.54,2.08,,,,,,,
1983-03-22,,1.473,239.4,1.2243,7.515,2.078,,,,,,,
1983-03-23,,1.458,238.8,1.2276,7.55,2.087,,,,,,,
1983-03-24,,1.4618,237.25,1.2271,7.55,2.071,,,,,,,
1983-03-25,,1.46,237.1,1.2272,7.505,2.065,,,,,,,
1983-03-28,,1.4545,240.1,1.2313,7.555,2.0855,,,,,,,
1983-03-29,,1.4543,240.05,1.2305,7.54,2.0815,,,,,,,
1983-03-30,,1.4665,239.8,1.2306,7.525,2.084,,,,,,,
1983-03-31,,1.4825,239.0,1.2341,7.55,2.0855,,,,,,,
1983-04-01,,1.478,239.6,1.2367,7.545,2.0875,,9.89,,9.3625,10.81,,8.63
1983-04-04,,1.4885,239.0,1.2379,7.495,2.072,,,,,,,
1983-04-05,,1.5063,237.65,1.2362,7.485,2.0515,,,,,,,
1983-04-06,,1.517,237.05,1.2346,7.475,2.045,,,,,,,
1983-04-07,,1.5035,237.9,1.236,7.475,2.05,,,,,,,
1983-04-08,,1.505,239.3,1.2352,7.495,2.058,,,,,,,
1983-04-11,,1.5263,237.95,1.233,7.4825,2.051,,,,,,,
1983-04-12,,1.5425,238.05,1.2318,7.49,2.0445,,,,,,,
1983-04-13,,1.5365,238.5,1.2343,7.505,2.056,,,,,,,
1983-04-14,,1.5402,238.25,1.2333,7.5125,2.049,,,,,,,
1983-04-15,,1.5488,237.6,1.233,7.485,2.04,,,,,,,
1983-04-18,,1.561,237.8,1.2368,7.5,2.0605,,,,,,,
1983-04-19,,1.5495,237.05,1.2376,7.4875,2.064,,,,,,,
1983-04-20,,1.542,237.38,1.2344,7.515,2.073,,,,,,,
1983-04-21,,1.5475,236.4,1.2293,7.492,2.0635,,,,,,,
1983-04-22,,1.543,236.85,1.227,7.484,2.061,,,,,,,
1983-04-25,,1.568,236.25,1.2258,7.5,2.0555,,,,,,,
1983-04-26,,1.57,237.35,1.228,7.4825,2.057,,,,,,,
1983-04-27,,1.568,236.25,1.2276,7.47,2.0525,,,,,,,
1983-04-28,,1.5592,238.2,1.2271,7.496,2.068,,,,,,,
1983-04-29,,1.5573,238.3,1.2262,7.505,2.073,,,,,,,
1983-05-01,,,,,,,,9.84,,9.225,10.92,,8.49
1983-05-02,,1.5707,237.6,1.2239,7.4925,2.0685,,,,,,,
1983-05-03,,1.5782,237.65,1.226,7.495,2.0678,,,,,,,
1983-05-04,,1.5787,236.25,1.2256,7.485,2.057,,,,,,,
1983-05-05,,1.578,235.2,1.2243,7.484,2.0535,,,,,,,
1983-05-06,,1.579,234.7,1.227,7.485,2.053,,,,,,,
1983-05-09,,1.568,232.65,1.2265,7.47,2.039,,,,,,,
1983-05-10,,1.5645,232.5,1.2268,7.485,2.042,,,,,,,
1983-05-11,,1.568,230.9,1.2257,7.46,2.024,,,,,,,
1983-05-12,,1.5681,231.5,1.2265,7.475,2.0225,,,,,,,
1983-05-13,,1.5665,231.3,1.2271,7.4675,2.023,,,,,,,
1983-05-16,,1.5605,233.3,1.2288,7.5,2.043,,,,,,,
1983-05-17,,1.554,233.4,1.231,7.4925,2.048,,,,,,,
1983-05-18,,1.5585,232.75,1.2311,7.497,2.023,,,,,,,
1983-05-19,,1.5528,234.4,1.233,7.52,2.0695,,,,,,,
1983-05-20,,1.5562,234.1,1.2335,7.498,2.0785,,,,,,,
1983-05-23,,1.5562,235.4,1.2344,7.525,2.0785,,,,,,,
1983-05-24,,1.5677,236.6,1.2351,7.525,2.0825,,,,,,,
1983-05-25,,1.5854,236.3,1.2325,7.506,2.073,,,,,,,
1983-05-26,,1.602,236.55,1.233,7.5225,2.0745,,,,,,,
1983-05-27,,1.6018,237.97,1.2306,7.5275,2.085,,,,,,,
1983-05-30,,,,,,,,,,,,,
1983-05-31,,1.6005,238.85,1.23,7.5425,2.096,,,,,,,
1983-06-01,,1.59,239.85,1.231,7.569,2.109,,9.54,,9.35,11.21,,9.2
1983-06-02,,1.5816,238.35,1.2296,7.5675,2.104,,,,,,,
1983-06-03,,1.565,239.0,1.2323,7.5925,2.1085,,,,,,,
1983-06-06,,1.576,240.5,1.2344,7.635,2.1205,,,,,,,
1983-06-07,,1.572,240.35,1.2354,7.638,2.13,,,,,,,
1983-06-08,,1.5696,241.38,1.2357,7.6525,2.1315,,,,,,,
1983-06-09,,1.5788,242.7,1.2343,7.645,2.129,,,,,,,
1983-06-10,,1.5705,242.18,1.2339,7.6375,2.127,,,,,,,
1983-06-13,,1.5522,242.55,1.235,7.665,2.127,,,,,,,
1983-06-14,,1.5225,243.05,1.2364,7.675,2.135,,,,,,,
1983-06-15,,1.522,242.45,1.2375,7.68,2.1375,,,,,,,
1983-06-16,,1.527,240.55,1.235,7.67,2.1245,,,,,,,
1983-06-17,,1.523,239.9,1.232,7.677,2.1185,,,,,,,
1983-06-20,,1.532,239.25,1.2311,7.675,2.105,,,,,,,
1983-06-21,,1.526,239.6,1.2293,7.66,2.1105,,,,,,,
1983-06-22,,1.5305,237.4,1.2277,7.614,2.0815,,,,,,,
1983-06-23,,1.541,237.5,1.232,7.6075,2.0845,,,,,,,
1983-06-24,,1.5455,237.3,1.2325,7.6125,2.0865,,,,,,,
1983-06-27,,1.5375,239.4,1.2304,7.6,2.096,,,,,,,
1983-06-28,,1.5325,238.8,1.2295,7.6225,2.0965,,,,,,,
1983-06-29,,1.5277,239.35,1.2287,7.646,2.106,,,,,,,
1983-06-30,,1.533,239.28,1.2276,7.63,2.1025,,,,,,,
1983-07-01,,1.531,239.15,1.227,7.635,2.106,,9.46,,9.35,11.39,,9.5
1983-07-04,,,,,,,,,,,,,
1983-07-05,,1.5285,240.7,1.2308,7.6725,2.129,,,,,,,
1983-07-06,,1.5395,239.5,1.2309,7.664,2.125,,,,,,,
1983-07-07,,1.539,240.85,1.2317,7.666,2.1315,,,,,,,
1983-07-08,,1.5415,241.35,1.2313,7.6675,2.129,,,,,,,
1983-07-11,,1.534,241.65,1.2316,7.68,2.13,,,,,,,
1983-07-12,,1.5315,240.65,1.2319,7.68,2.117,,,,,,,
1983-07-13,,1.5298,239.8,1.2327,7.6675,2.1125,,,,,,,
1983-07-14,,1.528,240.1,1.2327,7.675,2.115,,,,,,,
1983-07-15,,1.5165,241.25,1.2341,7.71,2.1285,,,,,,,
1983-07-18,,1.5197,240.8,1.2328,7.715,2.122,,,,,,,
1983-07-19,,1.5179,240.8,1.233,7.698,2.1185,,,,,,,
1983-07-20,,1.524,239.3,1.2327,7.6725,2.0995,,,,,,,
1983-07-21,,1.525,239.6,1.2334,7.695,2.0975,,,,,,,
1983-07-22,,1.5205,240.25,1.2343,7.705,2.107,,,,,,,
1983-07-25,,1.5215,240.55,1.2339,7.7,2.115,,,,,,,
1983-07-26,,1.525,240.6,1.2328,7.74,2.112,,,,,,,
1983-07-27,,1.5275,240.87,1.2332,7.7395,2.115,,,,,,,
1983-07-28,,1.5253,240.8,1.232,7.7375,2.123,,,,,,,
1983-07-29,,1.52,241.75,1.234,7.753,2.1345,,,,,,,
1983-08-01,,1.509,243.7,1.2344,7.835,2.155,,9.44,,9.44,11.31,,9.77
1983-08-02,,1.5072,243.15,1.2355,7.783,2.141,,,,,,,
1983-08-03,,1.5058,243.25,1.2334,7.806,2.154,,,,,,,
1983-08-04,,1.4875,243.6,1.2338,7.826,2.1605,,,,,,,
1983-08-05,,1.485,243.9,1.2362,7.86,2.1705,,,,,,,
1983-08-08,,1.491,244.25,1.2363,7.899,2.1785,,,,,,,
1983-08-09,,1.494,243.98,1.2353,7.89,2.1775,,,,,,,
1983-08-10,,1.481,245.8,1.2369,7.955,2.1955,,,,,,,
1983-08-11,,1.4792,246.35,1.2375,7.963,2.192,,,,,,,
1983-08-12,,1.4815,247.05,1.2372,7.95,2.1845,,,,,,,
1983-08-15,,1.4925,246.9,1.2358,7.9325,2.1685,,,,,,,
1983-08-16,,1.5075,243.15,1.2333,7.8275,2.1415,,,,,,,
1983-08-17,,1.5145,243.6,1.2331,7.812,2.141,,,,,,,
1983-08-18,,1.5233,242.98,1.2336,7.803,2.145,,,,,,,
1983-08-19,,1.517,244.0,1.234,7.8425,2.155,,,,,,,
1983-08-22,,1.528,243.1,1.2323,7.795,2.1415,,,,,,,
1983-08-23,,1.5308,243.25,1.2305,7.7775,2.138,,,,,,,
1983-08-24,,1.5198,242.9,1.2299,7.785,2.1465,,,,,,,
1983-08-25,,1.506,243.2,1.2295,7.814,2.146,,,,,,,
1983-08-26,,1.5045,245.65,1.2305,7.8625,2.171,,,,,,,
1983-08-29,,1.501,246.15,1.2313,7.898,2.1792,,,,,,,
1983-08-30,,1.4988,246.25,1.2322,7.905,2.1845,,,,,,,
1983-08-31,,1.494,246.45,1.234,7.925,2.187,,,,,,,
1983-09-01,,1.4974,246.5,1.2334,7.9325,2.1885,,9.24,,9.325,11.65,,9.39
1983-09-02,,1.495,246.8,1.2329,7.916,2.19,,,,,,,
1983-09-05,,,,,,,,,,,,,
1983-09-06,,1.4985,245.85,1.2308,7.908,2.1775,,,,,,,
1983-09-07,,1.4905,245.7,1.2318,7.92,2.181,,,,,,,
1983-09-08,,1.4922,244.6,1.2308,7.9,2.174,,,,,,,
1983-09-09,,1.494,244.55,1.2317,7.895,2.1695,,,,,,,
1983-09-12,,1.501,243.42,1.2309,7.865,2.164,,,,,,,
1983-09-13,,1.4935,244.2,1.2323,7.915,2.1795,,,,,,,
1983-09-14,,1.49,245.3,1.2338,7.907,2.185,,,,,,,
1983-09-15,,1.497,244.65,1.234,7.898,2.178,,,,,,,
1983-09-16,,1.502,243.55,1.2338,7.8565,2.165,,,,,,,
1983-09-19,,1.509,241.7,1.2325,7.85,2.153,,,,,,,
1983-09-20,,1.508,242.5,1.2328,7.87,2.159,,,,,,,
1983-09-21,,1.506,242.25,1.2324,7.8775,2.161,,,,,,,
1983-09-22,,1.4975,242.8,1.2337,7.898,2.1715,,,,,,,
1983-09-23,,1.5027,239.6,1.2319,7.8465,2.145,,,,,,,
1983-09-26,,1.5032,238.05,1.2324,7.8375,2.145,,,,,,,
1983-09-27,,1.4975,237.9,1.233,7.855,2.1385,,,,,,,
1983-09-28,,1.4992,236.9,1.2331,7.836,2.133,,,,,,,
1983-09-29,,1.4995,236.8,1.2328,7.83,2.1306,,,,,,,
1983-09-30,,1.4977,235.65,1.233,7.81,2.12,,,,,,,
1983-10-01,,,,,,,,8.91,,9.3,12.25,,9.18
1983-10-03,,1.4835,234.15,1.2325,7.813,2.113,,,,,,,
1983-10-04,,1.475,234.1,1.2327,7.815,2.1175,,,,,,,
1983-10-05,,1.489,232.9,1.2313,7.777,2.1015,,,,,,,
1983-10-06,,1.4903,232.4,1.2304,7.76,2.0945,,,,,,,
1983-10-07,,1.509,230.85,1.2299,7.715,2.087,,,,,,,
1983-10-10,,,,,,,,,,,,,
1983-10-11,,1.508,232.05,1.232,7.745,2.1035,,,,,,,
1983-10-12,,1.504,234.28,1.233,7.805,2.123,,,,,,,
1983-10-13,,1.4995,233.15,1.2326,7.7875,2.1155,,,,,,,
1983-10-14,,1.4994,232.8,1.2329,7.83,2.121,,,,,,,
1983-10-17,,1.5005,232.95,1.232,7.795,2.1103,,,,,,,
1983-10-18,,1.5005,232.3,1.2313,7.765,2.098,,,,,,,
1983-10-19,,1.5003,232.65,1.2313,7.761,2.0995,,,,,,,
1983-10-20,,1.4978,232.5,1.2315,7.768,2.104,,,,,,,
1983-10-21,,1.5018,232.38,1.2312,7.756,2.101,,,,,,,
1983-10-24,,1.4975,233.5,1.2326,7.795,2.1208,,,,,,,
1983-10-25,,1.4997,232.45,1.2325,7.773,2.1145,,,,,,,
1983-10-26,,1.498,232.95,1.2326,7.796,2.123,,,,,,,
1983-10-27,,1.4942,232.6,1.2325,7.801,2.1245,,,,,,,
1983-10-28,,1.495,232.7,1.2325,7.805,2.1295,,,,,,,
1983-10-31,,1.4952,234.05,1.2326,7.8255,2.143,,,,,,,
1983-11-01,,1.4855,234.77,1.2333,7.8725,2.1615,,8.89,,9.38,12.22,,9.36
1983-11-02,,1.4871,234.45,1.233,7.84,2.1505,,,,,,,
1983-11-03,,1.487,234.35,1.2332,7.86,2.158,,,,,,,
1983-11-04,,1.488,236.65,1.2344,7.895,2.17,,,,,,,
1983-11-07,,1.4855,237.0,1.2355,7.893,2.177,,,,,,,
1983-11-08,,,,,,,,,,,,,
1983-11-09,,1.4845,235.4,1.2355,7.8925,2.1675,,,,,,,
1983-11-10,,1.491,234.45,1.2347,7.875,2.152,,,,,,,
1983-11-11,,,,,,,,,,,,,
1983-11-14,,1.484,234.65,1.2357,7.888,2.163,,,,,,,
1983-11-15,,1.4851,234.45,1.2365,7.897,2.1634,,,,,,,
1983-11-16,,1.483,235.4,1.2367,7.9325,2.1665,,,,,,,
1983-11-17,,1.4783,236.25,1.2375,7.9525,2.183,,,,,,,
1983-11-18,,1.4695,235.95,1.2381,7.955,2.1865,,,,,,,
1983-11-21,,1.465,235.2,1.2382,7.945,2.183,,,,,,,
1983-11-22,,1.474,234.5,1.2367,7.94,2.1695,,,,,,,
1983-11-23,,1.4675,235.05,1.2377,7.9425,2.179,,,,,,,
1983-11-24,,,,,,,,,,,,,
1983-11-25,,1.4595,235.1,1.2401,7.985,2.1815,,,,,,,
1983-11-28,,1.4587,234.85,1.2402,7.975,2.177,,,,,,,
1983-11-29,,1.46,234.6,1.2406,7.9825,2.1815,,,,,,,
1983-11-30,,1.463,232.5,1.2392,7.96,2.1615,,,,,,,
1983-12-01,,1.4578,232.53,1.24,7.958,2.163,,8.9,,9.85,11.79,,9.69
1983-12-02,,1.4572,233.4,1.2444,7.9925,2.174,,,,,,,
1983-12-05,,1.4455,235.2,1.2457,8.027,2.19,,,,,,,
1983-12-06,,1.4505,234.3,1.2438,8.0075,2.1865,,,,,,,
1983-12-07,,1.439,234.05,1.2445,8.0175,2.1905,,,,,,,
1983-12-08,,1.4415,234.3,1.2449,8.004,2.194,,,,,,,
1983-12-09,,1.435,236.9,1.2492,8.0475,2.2115,,,,,,,
1983-12-12,,1.4307,236.65,1.2481,8.067,2.212,,,,,,,
1983-12-13,,1.4165,236.25,1.2507,8.1175,2.22,,,,,,,
1983-12-14,,1.415,235.08,1.2508,8.114,2.2125,,,,,,,
1983-12-15,,1.4215,234.9,1.2493,8.122,2.2135,,,,,,,
1983-12-16,,1.415,235.5,1.2511,8.1475,2.216,,,,,,,
1983-12-19,,1.4182,236.1,1.2501,8.133,2.2115,,,,,,,
1983-12-20,,1.419,234.8,1.2488,8.108,2.208,,,,,,,
1983-12-21,,1.4225,234.7,1.2491,8.103,2.2105,,,,,,,
1983-12-22,,1.427,234.05,1.2477,8.091,2.2115,,,,,,,
1983-12-23,,1.4315,233.9,1.246,8.075,2.198,,,,,,,
1983-12-26,,,,,,,,,,,,,
1983-12-27,,1.432,233.8,1.2451,8.07,2.19,,,,,,,
1983-12-28,,1.436,233.4,1.2461,8.052,2.189,,,,,,,
1983-12-29,,1.4475,232.2,1.245,8.013,2.184,,,,,,,
1983-12-30,,1.4515,231.7,1.2445,8.01,2.179,,,,,,,
1984-01-01,,,,,,,,8.92,,9.8375,11.25,,9.42
1984-01-02,,,,,,,,,,,,,
1984-01-03,,1.4287,232.45,1.2461,8.082,2.2165,,,,,,,
1984-01-04,,1.4173,233.42,1.249,8.16,2.233,,,,,,,
1984-01-05,,1.4125,232.7,1.2496,8.161,2.2315,,,,,,,
1984-01-06,,1.407,232.7,1.2497,8.175,2.2383,,,,,,,
1984-01-09,,1.4028,233.3,1.2523,8.22,2.252,,,,,,,
1984-01-10,,1.4024,233.45,1.2518,8.19,2.2355,,,,,,,
1984-01-11,,1.3963,234.45,1.2523,8.2575,2.253,,,,,,,
1984-01-12,,1.3981,234.87,1.2499,8.253,2.25,,,,,,,
1984-01-13,,1.41,233.4,1.2473,8.155,2.2275,,,,,,,
1984-01-16,,1.4195,233.3,1.2448,8.1745,2.222,,,,,,,
1984-01-17,,1.4105,234.28,1.2481,8.18,2.2365,,,,,,,
1984-01-18,,1.414,233.6,1.2485,8.173,2.2325,,,,,,,
1984-01-19,,1.418,233.35,1.2466,8.158,2.223,,,,,,,
1984-01-20,,1.4005,234.5,1.2472,8.195,2.2405,,,,,,,
1984-01-23,,1.4039,233.85,1.2458,8.15,2.237,,,,,,,
1984-01-24,,1.399,234.35,1.2475,8.19,2.247,,,,,,,
1984-01-25,,1.4007,234.2,1.2479,8.175,2.244,,,,,,,
1984-01-26,,1.406,234.1,1.2466,8.15,2.2383,,,,,,,
1984-01-27,,1.4035,234.28,1.2482,8.175,2.246,,,,,,,
1984-01-30,,1.4074,234.58,1.2486,8.181,2.2415,,,,,,,
1984-01-31,,1.4012,234.67,1.2493,8.188,2.253,,,,,,,
1984-02-01,,1.41,234.25,1.2473,8.1525,2.235,,8.88,,9.83,11.0,,9.54
1984-02-02,,1.4225,233.6,1.246,8.11,2.2175,,,,,,,
1984-02-03,,1.431,232.7,1.2464,8.064,2.197,,,,,,,
1984-02-06,,1.4225,233.1,1.2453,8.0975,2.213,,,,,,,
1984-02-07,,1.4107,234.5,1.2477,8.1345,2.235,,,,,,,
1984-02-08,,1.4128,234.15,1.2463,8.117,2.2295,,,,,,,
1984-02-09,,1.421,233.88,1.2461,8.095,2.2275,,,,,,,
1984-02-10,,1.4143,234.6,1.2463,8.105,2.24,,,,,,,
1984-02-13,,,,,,,,,,,,,
1984-02-14,,1.428,233.95,1.2476,8.0725,2.223,,,,,,,
1984-02-15,,1.4445,233.2,1.245,7.99,2.197,,,,,,,
1984-02-16,,1.446,232.85,1.2465,7.95,2.1925,,,,,,,
1984-02-17,,1.451,233.2,1.2476,7.97,2.1945,,,,,,,
1984-02-20,,,,,,,,,,,,,
1984-02-21,,1.441,234.1,1.2498,8.005,2.2205,,,,,,,
1984-02-22,,1.4515,233.2,1.2479,7.93,2.194,,,,,,,
1984-02-23,,1.4575,233.6,1.2494,7.91,2.193,,,,,,,
1984-02-24,,1.4725,233.2,1.2502,7.825,2.174,,,,,,,
1984-02-27,,1.473,233.3,1.2535,7.86,2.178,,,,,,,
1984-02-28,,1.4915,233.52,1.2521,7.7975,2.1665,,,,,,,
1984-02-29,,1.4905,233.43,1.2519,7.77,2.168,,,,,,,
1984-03-01,,1.478,233.43,1.2416,7.799,2.176,,8.45,,10.35,10.75,,10.08
1984-03-02,,1.481,228.2,1.2511,7.76,2.1545,,,,,,,
1984-03-05,,1.4845,223.35,1.2523,7.719,2.128,,,,,,,
1984-03-06,,1.484,223.35,1.2558,7.64,2.1095,,,,,,,
1984-03-07,,1.4755,223.25,1.2602,7.6425,2.116,,,,,,,
1984-03-08,,1.458,224.55,1.2651,7.6975,2.136,,,,,,,
1984-03-09,,1.4625,224.8,1.271,7.6975,2.134,,,,,,,
1984-03-12,,1.4532,224.83,1.2784,7.7575,2.153,,,,,,,
1984-03-13,,1.4675,223.15,1.2675,7.688,2.126,,,,,,,
1984-03-14,,1.4665,223.7,1.2748,7.655,2.128,,,,,,,
1984-03-15,,1.461,224.1,1.2735,7.7075,2.143,,,,,,,
1984-03-16,,1.445,225.85,1.2697,7.775,2.156,,,,,,,
1984-03-19,,1.443,225.8,1.2762,7.78,2.163,,,,,,,
1984-03-20,,1.439,226.0,1.2767,7.806,2.167,,,,,,,
1984-03-21,,1.4313,226.8,1.2767,7.83,2.1767,,,,,,,
1984-03-22,,1.4303,226.45,1.2743,7.795,2.175,,,,,,,
1984-03-23,,1.436,225.63,1.2773,7.775,2.172,,,,,,,
1984-03-26,,1.4475,224.67,1.2774,7.735,2.157,,,,,,,
1984-03-27,,1.447,224.45,1.2791,7.705,2.1522,,,,,,,
1984-03-28,,1.4465,224.7,1.2793,7.725,2.158,,,,,,,
1984-03-29,,1.451,224.05,1.2792,7.7015,2.144,,,,,,,
1984-03-30,,1.4375,224.75,1.2766,7.72,2.1525,,,,,,,
1984-04-01,,,,,,,,8.41,,10.7,10.63,,10.41
1984-04-02,,1.433,224.65,1.2745,7.735,2.1535,,,,,,,
1984-04-03,,1.4315,225.1,1.2778,7.78,2.1675,,,,,,,
1984-04-04,,1.4325,225.35,1.2799,7.78,2.1715,,,,,,,
1984-04-05,,1.426,225.6,1.2788,7.7925,2.181,,,,,,,
1984-04-06,,1.43,225.35,1.2791,7.786,2.175,,,,,,,
1984-04-09,,1.425,225.5,1.2797,7.802,2.176,,,,,,,
1984-04-10,,1.437,225.18,1.2785,7.785,2.1695,,,,,,,
1984-04-11,,1.436,222.7,1.2778,7.7675,2.1655,,,,,,,
1984-04-12,,1.429,224.1,1.2785,7.7875,2.1715,,,,,,,
1984-04-13,,1.429,224.7,1.2787,7.8,2.1765,,,,,,,
1984-04-16,,1.4215,225.42,1.2804,7.83,2.1868,,,,,,,
1984-04-17,,1.4211,225.05,1.2799,7.845,2.193,,,,,,,
1984-04-18,,1.4192,224.8,1.2805,7.845,2.1903,,,,,,,
1984-04-19,,1.4177,225.1,1.2813,7.8925,2.202,,,,,,,
1984-04-20,,1.416,225.1,1.2809,7.89,2.202,,,,,,,
1984-04-23,,1.4155,224.75,1.2812,7.885,2.196,,,,,,,
1984-04-24,,1.4072,225.85,1.2811,7.92,2.2175,,,,,,,
1984-04-25,,1.4115,225.6,1.2792,7.92,2.216,,,,,,,
1984-04-26,,1.4038,225.75,1.2789,7.94,2.2262,,,,,,,
1984-04-27,,1.4015,226.55,1.281,7.965,2.2345,,,,,,,
1984-04-30,,1.398,227.0,1.2845,7.985,2.2465,,,,,,,
1984-05-01,,1.3975,226.95,1.2903,8.01,2.2448,,9.03,,11.43,11.0,,11.11
1984-05-02,,1.399,227.05,1.2943,8.001,2.2477,,,,,,,
1984-05-03,,1.413,226.4,1.2888,7.9885,2.242,,,,,,,
1984-05-04,,1.408,226.85,1.2917,8.025,2.2505,,,,,,,
1984-05-07,,1.3855,229.0,1.2944,8.105,2.282,,,,,,,
1984-05-08,,1.3825,229.15,1.2964,8.123,2.282,,,,,,,
1984-05-09,,1.389,228.87,1.2951,8.126,2.28,,,,,,,
1984-05-10,,1.383,229.2,1.2975,8.15,2.288,,,,,,,
1984-05-11,,1.3835,230.3,1.2942,8.125,2.2902,,,,,,,
1984-05-14,,1.388,231.2,1.2943,8.12,2.28,,,,,,,
1984-05-15,,1.3875,231.75,1.294,8.08,2.2715,,,,,,,
1984-05-16,,1.394,231.1,1.2943,8.0495,2.268,,,,,,,
1984-05-17,,1.394,232.33,1.2942,8.092,2.2735,,,,,,,
1984-05-18,,1.3867,233.35,1.2956,8.124,2.281,,,,,,,
1984-05-21,,1.3905,233.0,1.2943,8.09,2.2695,,,,,,,
1984-05-22,,1.389,233.25,1.295,8.0675,2.267,,,,,,,
1984-05-23,,1.3765,232.37,1.2952,8.115,2.2775,,,,,,,
1984-05-24,,1.382,231.83,1.2972,8.045,2.268,,,,,,,
1984-05-25,,1.383,231.7,1.2948,8.045,2.249,,,,,,,
1984-05-28,,,,,,,,,,,,,
1984-05-29,,1.3855,231.8,1.2954,8.071,2.259,,,,,,,
1984-05-30,,1.384,231.48,1.2944,8.085,2.265,,,,,,,
1984-05-31,,1.3855,231.58,1.2946,8.082,2.26,,,,,,,
1984-06-01,,1.4035,230.15,1.294,8.0065,2.2295,,9.02,,11.775,11.8,,11.34
1984-06-04,,1.4,229.7,1.2961,7.949,2.226,,,,,,,
1984-06-05,,1.3945,230.45,1.301,8.013,2.2345,,,,,,,
1984-06-06,,1.4015,230.5,1.2995,7.978,2.2335,,,,,,,
1984-06-07,,1.3968,231.35,1.3006,8.022,2.245,,,,,,,
1984-06-08,,1.3935,231.72,1.3009,8.023,2.249,,,,,,,
1984-06-11,,1.388,231.93,1.3018,8.0475,2.267,,,,,,,
1984-06-12,,1.3835,232.65,1.301,8.089,2.2787,,,,,,,
1984-06-13,,1.3855,232.4,1.301,8.061,2.271,,,,,,,
1984-06-14,,1.385,231.65,1.3007,8.08,2.272,,,,,,,
1984-06-15,,1.3785,233.0,1.3,8.113,2.2805,,,,,,,
1984-06-18,,1.3748,233.45,1.3008,8.124,2.293,,,,,,,
1984-06-19,,1.378,232.95,1.3005,8.1175,2.288,,,,,,,
1984-06-20,,1.366,234.55,1.301,8.172,2.306,,,,,,,
1984-06-21,,1.362,234.85,1.3033,8.175,2.313,,,,,,,
1984-06-22,,1.3633,235.95,1.3076,8.1675,2.3135,,,,,,,
1984-06-25,,1.351,237.95,1.3104,8.194,2.336,,,,,,,
1984-06-26,,1.3532,237.08,1.3117,8.178,2.322,,,,,,,
1984-06-27,,1.349,238.0,1.3154,8.208,2.332,,,,,,,
1984-06-28,,1.3525,237.3,1.316,8.1875,2.327,,,,,,,
1984-06-29,,1.3575,237.3,1.3199,8.1795,2.331,,,,,,,
1984-07-01,,,,,,,,11.03,,12.9125,13.51,,11.56
1984-07-02,,1.3508,238.5,1.3165,8.195,2.3425,,,,,,,
1984-07-03,,1.337,239.63,1.3192,8.2375,2.3645,,,,,,,
1984-07-04,,,,,,,,,,,,,
1984-07-05,,1.318,240.35,1.327,8.2615,2.374,,,,,,,
1984-07-06,,1.3162,241.25,1.3265,8.293,2.387,,,,,,,
1984-07-09,,1.306,242.63,1.3287,8.291,2.392,,,,,,,
1984-07-10,,1.3095,241.45,1.3277,8.266,2.3835,,,,,,,
1984-07-11,,1.312,242.1,1.3338,8.31,2.403,,,,,,,
1984-07-12,,1.3065,242.68,1.3348,8.3075,2.4085,,,,,,,
1984-07-13,,1.3235,241.45,1.3273,8.285,2.4,,,,,,,
1984-07-16,,1.3265,240.7,1.3271,8.2625,2.387,,,,,,,
1984-07-17,,1.3175,242.35,1.3305,8.305,2.4075,,,,,,,
1984-07-18,,1.314,243.85,1.3316,8.333,2.4215,,,,,,,
1984-07-19,,1.328,243.15,1.3285,8.282,2.4075,,,,,,,
1984-07-20,,1.3232,245.2,1.3278,8.313,2.423,,,,,,,
1984-07-23,,1.3185,246.95,1.3254,8.346,2.44,,,,,,,
1984-07-24,,1.324,246.18,1.3193,8.3345,2.4402,,,,,,,
1984-07-25,,1.3325,245.6,1.3141,8.31,2.434,,,,,,,
1984-07-26,,1.3308,243.65,1.312,8.3035,2.4275,,,,,,,
1984-07-27,,1.311,245.4,1.3146,8.371,2.462,,,,,,,
1984-07-30,,1.3075,246.05,1.3154,8.3945,2.4635,,,,,,,
1984-07-31,,1.3073,245.3,1.3115,8.43,2.4725,,,,,,,
1984-08-01,,1.301,245.75,1.3089,8.439,2.465,,10.48,,12.38,13.57,,11.47
1984-08-02,,1.3095,245.42,1.306,8.404,2.451,,,,,,,
1984-08-03,,1.327,241.8,1.3073,8.325,2.404,,,,,,,
1984-08-06,,1.317,243.15,1.3083,8.363,2.4205,,,,,,,
1984-08-07,,1.306,244.5,1.3056,8.4275,2.455,,,,,,,
1984-08-08,,1.3145,243.1,1.3039,8.39,2.445,,,,,,,
1984-08-09,,1.3115,243.35,1.3095,8.3995,2.4415,,,,,,,
1984-08-10,,1.3125,242.5,1.3081,8.384,2.4425,,,,,,,
1984-08-13,,1.305,244.08,1.3069,8.4185,2.4505,,,,,,,
1984-08-14,,1.319,241.7,1.3064,8.3475,2.4215,,,,,,,
1984-08-15,,1.3203,241.9,1.3043,8.346,2.4115,,,,,,,
1984-08-16,,1.3275,240.8,1.304,8.3125,2.3755,,,,,,,
1984-08-17,,1.322,241.1,1.3045,8.314,2.3835,,,,,,,
1984-08-20,,1.319,241.05,1.3018,8.335,2.396,,,,,,,
1984-08-21,,1.3135,242.15,1.3022,8.356,2.409,,,,,,,
1984-08-22,,1.3095,241.3,1.3004,8.318,2.4005,,,,,,,
1984-08-23,,1.3125,240.6,1.2991,8.288,2.384,,,,,,,
1984-08-24,,1.305,241.2,1.2976,8.3125,2.393,,,,,,,
1984-08-27,,1.3075,241.6,1.2995,8.331,2.4005,,,,,,,
1984-08-28,,1.3105,241.2,1.301,8.3035,2.3925,,,,,,,
1984-08-29,,1.315,240.6,1.2989,8.3,2.391,,,,,,,
1984-08-30,,1.311,241.25,1.2991,8.29,2.4015,,,,,,,
1984-08-31,,1.3075,241.9,1.2974,8.32,2.4095,,,,,,,
1984-09-01,,,,,,,,10.13,,12.175,13.43,,11.29
1984-09-03,,,,,,,,,,,,,
1984-09-04,,1.292,243.75,1.2995,8.4125,2.4475,,,,,,,
1984-09-05,,1.281,244.7,1.3044,8.4425,2.464,,,,,,,
1984-09-06,,1.285,244.1,1.3055,8.45,2.4615,,,,,,,
1984-09-07,,1.273,245.8,1.3155,8.5125,2.487,,,,,,,
1984-09-10,,1.276,245.6,1.3125,8.522,2.492,,,,,,,
1984-09-11,,1.275,245.55,1.3163,8.512,2.499,,,,,,,
1984-09-12,,1.2795,244.95,1.3141,8.53,2.49,,,,,,,
1984-09-13,,1.2675,245.8,1.3161,8.6,2.513,,,,,,,
1984-09-14,,1.266,245.65,1.3142,8.5825,2.505,,,,,,,
1984-09-17,,1.242,247.2,1.3185,8.646,2.5275,,,,,,,
1984-09-18,,1.232,246.18,1.318,8.687,2.543,,,,,,,
1984-09-19,,1.237,245.75,1.3173,8.6975,2.5345,,,,,,,
1984-09-20,,1.221,246.9,1.3199,8.75,2.557,,,,,,,
1984-09-21,,1.245,244.4,1.3166,8.665,2.5125,,,,,,,
1984-09-24,,1.2455,244.2,1.3159,8.62,2.492,,,,,,,
1984-09-25,,1.2315,246.0,1.3178,8.683,2.5225,,,,,,,
1984-09-26,,1.241,245.15,1.3178,8.61,2.508,,,,,,,
1984-09-27,,1.246,245.1,1.318,8.586,2.505,,,,,,,
1984-09-28,,1.234,246.9,1.3183,8.687,2.533,,,,,,,
1984-10-01,,1.2375,246.4,1.3172,8.645,2.523,,10.06,,11.95,12.96,,10.38
1984-10-02,,1.24,246.0,1.3146,8.6215,2.5095,,,,,,,
1984-10-03,,1.2495,245.75,1.3119,8.585,2.495,,,,,,,
1984-10-04,,1.247,246.2,1.3143,8.61,2.508,,,,,,,
1984-10-05,,1.2375,246.95,1.3187,8.646,2.521,,,,,,,
1984-10-08,,,,,,,,,,,,,
1984-10-09,,1.228,247.6,1.3195,8.706,2.543,,,,,,,
1984-10-10,,1.233,247.05,1.3167,8.691,2.5375,,,,,,,
1984-10-11,,1.225,248.0,1.3176,8.7125,2.547,,,,,,,
1984-10-12,,1.223,248.1,1.3195,8.7375,2.562,,,,,,,
1984-10-15,,1.2095,248.8,1.3237,8.796,2.572,,,,,,,
1984-10-16,,1.2035,248.98,1.3264,8.8025,2.569,,,,,,,
1984-10-17,,1.2004,249.1,1.3272,8.79,2.558,,,,,,,
1984-10-18,,1.187,248.9,1.3284,8.8,2.554,,,,,,,
1984-10-19,,1.1915,247.25,1.3228,8.713,2.5335,,,,,,,
1984-10-22,,1.199,247.3,1.321,8.72,2.529,,,,,,,
1984-10-23,,1.2085,244.6,1.317,8.65,2.5045,,,,,,,
1984-10-24,,1.222,244.12,1.3157,8.615,2.485,,,,,,,
1984-10-25,,1.2275,244.05,1.3152,8.59,2.475,,,,,,,
1984-10-26,,1.222,245.5,1.318,8.6425,2.492,,,,,,,
1984-10-29,,1.2085,246.65,1.3189,8.721,2.521,,,,,,,
1984-10-30,,1.2125,245.6,1.3177,8.695,2.5065,,,,,,,
1984-10-31,,1.2185,245.7,1.315,8.661,2.494,,,,,,,
1984-11-01,,1.235,244.3,1.312,8.595,2.458,,9.34,,10.9875,11.6,,9.18
1984-11-02,,1.251,242.0,1.312,8.4925,2.426,,,,,,,
1984-11-05,,1.2685,242.05,1.3092,8.462,2.41,,,,,,,
1984-11-06,,,,,,,,,,,,,
1984-11-07,,1.272,240.8,1.3113,8.444,2.417,,,,,,,
1984-11-08,,1.2697,240.95,1.3143,8.4825,2.415,,,,,,,
1984-11-09,,1.2605,241.0,1.3163,8.475,2.426,,,,,,,
1984-11-12,,,,,,,,,,,,,
1984-11-13,,1.2715,240.45,1.3153,8.464,2.414,,,,,,,
1984-11-14,,1.2605,242.45,1.3166,8.524,2.45,,,,,,,
1984-11-15,,1.261,242.5,1.3162,8.517,2.4415,,,,,,,
1984-11-16,,1.254,242.8,1.3153,8.545,2.453,,,,,,,
1984-11-19,,1.2487,243.65,1.3168,8.5885,2.474,,,,,,,
1984-11-20,,1.2375,244.8,1.3186,8.618,2.49,,,,,,,
1984-11-21,,1.2272,245.53,1.3176,8.6415,2.502,,,,,,,
1984-11-22,,,,,,,,,,,,,
1984-11-23,,1.22,245.4,1.3178,8.68,2.5015,,,,,,,
1984-11-26,,1.1995,246.15,1.3194,8.7415,2.525,,,,,,,
1984-11-27,,1.2087,245.4,1.3211,8.723,2.523,,,,,,,
1984-11-28,,1.201,245.45,1.3236,8.74,2.521,,,,,,,
1984-11-29,,1.2015,245.8,1.3223,8.744,2.5285,,,,,,,
1984-11-30,,1.197,247.5,1.3242,8.84,2.555,,,,,,,
1984-12-01,,,,,,,,9.15,,10.3375,11.67,,8.6
1984-12-03,,1.1943,248.2,1.3251,8.84,2.5655,,,,,,,
1984-12-04,,1.2085,246.45,1.3218,8.715,2.53,,,,,,,
1984-12-05,,1.208,246.8,1.3216,8.8,2.545,,,,,,,
1984-12-06,,1.207,246.55,1.3208,8.762,2.526,,,,,,,
1984-12-07,,1.2035,247.4,1.3211,8.8,2.544,,,,,,,
1984-12-10,,1.203,246.82,1.322,8.815,2.5535,,,,,,,
1984-12-11,,1.199,247.0,1.319,8.815,2.551,,,,,,,
1984-12-12,,1.1987,247.25,1.3206,8.82,2.555,,,,,,,
1984-12-13,,1.1895,247.55,1.3214,8.8475,2.562,,,,,,,
1984-12-14,,1.1935,247.75,1.3207,8.82,2.545,,,,,,,
1984-12-17,,1.191,247.55,1.3202,8.825,2.55,,,,,,,
1984-12-18,,1.186,246.75,1.3176,8.845,2.5435,,,,,,,
1984-12-19,,1.1748,247.76,1.3194,8.875,2.558,,,,,,,
1984-12-20,,1.1645,248.1,1.3184,8.945,2.5715,,,,,,,
1984-12-21,,1.173,247.95,1.3158,8.925,2.567,,,,,,,
1984-12-24,,1.173,248.1,1.3164,8.925,2.57,,,,,,,
1984-12-25,,,,,,,,,,,,,
1984-12-26,,1.171,249.05,1.317,8.935,2.576,,,,,,,
1984-12-27,,1.1625,250.2,1.3206,8.98,2.599,,,,,,,
1984-12-28,,1.163,250.45,1.3207,8.953,2.591,,,,,,,
1984-12-31,,1.158,251.6,1.3217,8.985,2.601,,,,,,,
1985-01-01,,,,,,,,11.06,,9.67,11.92,,8.14
1985-01-02,,1.148,251.8,1.3227,9.045,2.617,,,,,,,
1985-01-03,,1.1505,252.45,1.3209,9.0325,2.6215,,,,,,,
1985-01-04,,1.1535,253.2,1.3209,9.0325,2.634,,,,,,,
1985-01-07,,1.1415,255.95,1.3217,9.046,2.6475,,,,,,,
1985-01-08,,1.1475,253.75,1.3209,9.035,2.6365,,,,,,,
1985-01-09,,1.141,255.1,1.3202,9.035,2.652,,,,,,,
1985-01-10,,1.134,253.7,1.3212,9.0375,2.636,,,,,,,
1985-01-11,,1.1245,253.83,1.3214,9.065,2.645,,,,,,,
1985-01-14,,1.111,255.4,1.3248,9.1445,2.677,,,,,,,
1985-01-15,,1.1195,254.7,1.3246,9.1525,2.6805,,,,,,,
1985-01-16,,1.117,254.95,1.3246,9.14,2.6765,,,,,,,
1985-01-17,,1.1187,254.55,1.3272,9.145,2.679,,,,,,,
1985-01-18,,1.1195,254.58,1.3273,9.1475,2.6815,,,,,,,
1985-01-21,,,,,,,,,,,,,
1985-01-22,,1.1235,254.0,1.3242,9.07,2.672,,,,,,,
1985-01-23,,1.11,254.4,1.326,9.086,2.6835,,,,,,,
1985-01-24,,1.118,253.7,1.3241,9.035,2.6565,,,,,,,
1985-01-25,,1.11,253.95,1.3249,9.0475,2.6635,,,,,,,
1985-01-28,,1.111,254.18,1.326,9.0525,2.6625,,,,,,,
1985-01-29,,1.1138,254.35,1.3268,9.063,2.667,,,,,,,
1985-01-30,,1.126,254.5,1.3271,9.0525,2.676,,,,,,,
1985-01-31,,1.1305,254.8,1.3272,9.04,2.675,,,,,,,
1985-02-01,,1.124,256.75,1.3279,9.06,2.7045,,13.23,,10.575,13.52,,8.69
1985-02-04,,1.114,259.42,1.3333,9.146,2.7395,,,,,,,
1985-02-05,,1.1112,259.7,1.335,9.185,2.7415,,,,,,,
1985-02-06,,1.1135,259.53,1.335,9.1625,2.7375,,,,,,,
1985-02-07,,1.116,260.65,1.3363,9.1975,2.76,,,,,,,
1985-02-08,,1.109,260.7,1.336,9.22,2.775,,,,,,,
1985-02-11,,1.097,261.65,1.3391,9.275,2.795,,,,,,,
1985-02-12,,,,,,,,,,,,,
1985-02-13,,1.0875,262.8,1.3408,9.342,2.812,,,,,,,
1985-02-14,,1.092,260.5,1.3407,9.3075,2.7985,,,,,,,
1985-02-15,,1.102,257.85,1.3398,9.255,2.777,,,,,,,
1985-02-18,,,,,,,,,,,,,
1985-02-19,,1.0929,260.7,1.3469,9.355,2.811,,,,,,,
1985-02-20,,1.0865,261.3,1.352,9.37,2.823,,,,,,,
1985-02-21,,1.0815,261.8,1.368,9.43,2.828,,,,,,,
1985-02-22,,1.0765,262.8,1.3875,9.4975,2.858,,,,,,,
1985-02-25,,1.0545,262.65,1.4025,9.68,2.917,,,,,,,
1985-02-26,,1.052,261.05,1.3985,9.6725,2.906,,,,,,,
1985-02-27,,1.0875,259.3,1.382,9.42,2.84,,,,,,,
1985-02-28,,1.079,259.45,1.3835,9.48,2.857,,,,,,,
1985-03-01,,1.072,260.35,1.3885,9.53,2.861,,13.1,,11.3,13.75,,9.02
1985-03-04,,1.0677,260.1,1.395,9.5375,2.893,,,,,,,
1985-03-05,,1.0545,261.0,1.3982,9.715,2.9245,,,,,,,
1985-03-06,,1.072,261.2,1.4005,9.6,2.898,,,,,,,
1985-03-07,,1.0674,261.0,1.398,9.65,2.901,,,,,,,
1985-03-08,,1.064,261.63,1.4004,9.65,2.903,,,,,,,
1985-03-11,,1.0885,259.25,1.3885,9.546,2.849,,,,,,,
1985-03-12,,1.0885,260.1,1.3865,9.55,2.84,,,,,,,
1985-03-13,,1.086,260.25,1.3885,9.5575,2.85,,,,,,,
1985-03-14,,1.0805,260.55,1.3895,9.605,2.88,,,,,,,
1985-03-15,,1.084,260.55,1.3875,9.5775,2.876,,,,,,,
1985-03-18,,1.106,259.9,1.382,9.5125,2.843,,,,,,,
1985-03-19,,1.1355,256.3,1.3752,9.355,2.7825,,,,,,,
1985-03-20,,1.151,256.4,1.376,9.3625,2.755,,,,,,,
1985-03-21,,1.187,254.1,1.369,9.22,2.72,,,,,,,
1985-03-22,,1.1725,255.65,1.3775,9.25,2.731,,,,,,,
1985-03-25,,1.171,256.65,1.383,9.2775,2.742,,,,,,,
1985-03-26,,1.182,255.4,1.377,9.2175,2.72,,,,,,,
1985-03-27,,1.2375,251.95,1.365,9.001,2.65,,,,,,,
1985-03-28,,1.227,253.0,1.3705,9.05,2.65,,,,,,,
1985-03-29,,1.236,251.0,1.3675,8.92,2.6,,,,,,,
1985-04-01,,1.2215,252.45,1.368,9.0275,2.639,,12.15,,10.1625,13.69,,8.49
1985-04-02,,1.205,254.3,1.3742,9.1075,2.66,,,,,,,
1985-04-03,,1.2165,253.15,1.372,9.05,2.642,,,,,,,
1985-04-04,,1.1935,254.5,1.3775,9.1775,2.689,,,,,,,
1985-04-05,,1.1985,254.85,1.3745,9.1325,2.675,,,,,,,
1985-04-08,,1.201,255.5,1.3725,9.1075,2.666,,,,,,,
1985-04-09,,1.21,254.9,1.372,9.0875,2.653,,,,,,,
1985-04-10,,1.215,254.25,1.3743,9.0805,2.653,,,,,,,
1985-04-11,,1.251,251.7,1.3665,8.935,2.593,,,,,,,
1985-04-12,,1.2545,251.35,1.3645,8.9225,2.569,,,,,,,
1985-04-15,,1.2755,249.95,1.363,8.8575,2.529,,,,,,,
1985-04-16,,1.2775,249.55,1.36,8.8575,2.529,,,,,,,
1985-04-17,,1.2738,249.55,1.3575,8.8775,2.531,,,,,,,
1985-04-18,,1.2935,247.6,1.3525,8.77,2.48,,,,,,,
1985-04-19,,1.293,247.4,1.3509,8.775,2.4765,,,,,,,
1985-04-22,,1.278,248.8,1.3525,8.846,2.503,,,,,,,
1985-04-23,,1.252,250.0,1.358,8.9775,2.557,,,,,,,
1985-04-24,,1.23,251.3,1.3685,9.05,2.595,,,,,,,
1985-04-25,,1.2035,252.35,1.3668,9.13,2.6215,,,,,,,
1985-04-26,,1.216,252.95,1.366,9.07,2.612,,,,,,,
1985-04-29,,1.23,252.7,1.3683,9.03,2.613,,,,,,,
1985-04-30,,1.241,251.5,1.367,9.0125,2.6,,,,,,,
1985-05-01,,1.2235,252.75,1.3688,9.1125,2.64,,12.0,,9.75,15.46,,7.92
1985-05-02,,1.2205,252.95,1.3735,9.14,2.66,,,,,,,
1985-05-03,,1.207,253.85,1.3815,9.25,2.711,,,,,,,
1985-05-06,,1.188,254.55,1.3815,9.241,2.706,,,,,,,
1985-05-07,,1.218,252.9,1.3812,9.13,2.663,,,,,,,
1985-05-08,,1.2075,253.75,1.3855,9.165,2.686,,,,,,,
1985-05-09,,1.2378,251.55,1.3788,9.045,2.616,,,,,,,
1985-05-10,,1.2335,252.4,1.3772,9.06,2.63,,,,,,,
1985-05-13,,1.2535,251.35,1.3746,8.91,2.584,,,,,,,
1985-05-14,,1.2735,249.6,1.3745,8.85,2.567,,,,,,,
1985-05-15,,1.2625,251.0,1.3735,8.9,2.581,,,,,,,
1985-05-16,,1.259,251.5,1.3721,8.955,2.591,,,,,,,
1985-05-17,,1.265,250.7,1.3717,8.88,2.582,,,,,,,
1985-05-20,,1.2825,249.65,1.3677,8.825,2.567,,,,,,,
1985-05-21,,1.2715,250.25,1.3717,8.86,2.582,,,,,,,
1985-05-22,,1.2635,250.75,1.3695,8.92,2.588,,,,,,,
1985-05-23,,1.259,251.3,1.3717,8.935,2.586,,,,,,,
1985-05-24,,1.2585,251.1,1.3759,8.935,2.608,,,,,,,
1985-05-27,,,,,,,,,,,,,
1985-05-28,,1.2515,251.6,1.3787,8.96,2.6175,,,,,,,
1985-05-29,,1.2665,251.75,1.3815,8.9,2.59,,,,,,,
1985-05-30,,1.2735,251.6,1.3775,8.925,2.599,,,,,,,
1985-05-31,,1.286,251.2,1.3745,8.87,2.575,,,,,,,
1985-06-01,,,,,,,,11.94,,9.4875,16.25,,7.44
1985-06-03,,1.2945,248.6,1.3663,8.84,2.561,,,,,,,
1985-06-04,,1.276,249.1,1.3685,8.855,2.571,,,,,,,
1985-06-05,,1.2565,249.45,1.3707,8.903,2.584,,,,,,,
1985-06-06,,1.271,247.7,1.3705,8.87,2.572,,,,,,,
1985-06-07,,1.268,249.55,1.372,8.9,2.598,,,,,,,
1985-06-10,,1.257,250.0,1.3738,8.95,2.613,,,,,,,
1985-06-11,,1.2623,249.9,1.3713,8.93,2.599,,,,,,,
1985-06-12,,1.2665,249.85,1.3695,8.934,2.601,,,,,,,
1985-06-13,,1.265,249.8,1.3722,8.939,2.61,,,,,,,
1985-06-14,,1.28,248.75,1.3678,8.86,2.573,,,,,,,
1985-06-17,,1.279,248.7,1.371,8.855,2.5745,,,,,,,
1985-06-18,,1.299,247.55,1.367,8.77,2.539,,,,,,,
1985-06-19,,1.3065,247.7,1.3645,8.771,2.53,,,,,,,
1985-06-20,,1.2769,248.35,1.3645,8.8525,2.575,,,,,,,
1985-06-21,,1.287,248.15,1.3662,8.84,2.565,,,,,,,
1985-06-24,,1.287,248.8,1.3653,8.849,2.566,,,,,,,
1985-06-25,,1.285,249.0,1.3648,8.8575,2.571,,,,,,,
1985-06-26,,1.298,248.45,1.3628,8.795,2.535,,,,,,,
1985-06-27,,1.292,249.0,1.364,8.8175,2.564,,,,,,,
1985-06-28,,1.3095,248.4,1.3592,8.7425,2.541,,,,,,,
1985-07-01,,1.305,247.95,1.3575,8.752,2.549,,11.51,,9.26,15.66,,7.64
1985-07-02,,1.304,248.35,1.3575,8.76,2.548,,,,,,,
1985-07-03,,1.3127,248.05,1.3568,8.745,2.542,,,,,,,
1985-07-04,,,,,,,,,,,,,
1985-07-05,,1.327,247.0,1.3575,8.67,2.52,,,,,,,
1985-07-08,,1.3435,246.05,1.3574,8.615,2.5005,,,,,,,
1985-07-09,,1.365,244.25,1.3546,8.565,2.474,,,,,,,
1985-07-10,,1.386,243.45,1.3525,8.51,2.451,,,,,,,
1985-07-11,,1.381,243.0,1.3537,8.477,2.436,,,,,,,
1985-07-12,,1.385,240.95,1.3525,8.4275,2.399,,,,,,,
1985-07-15,,1.389,237.65,1.3505,8.42,2.3935,,,,,,,
1985-07-16,,1.387,237.9,1.3519,8.406,2.3935,,,,,,,
1985-07-17,,1.4112,236.5,1.3473,8.3185,2.335,,,,,,,
1985-07-18,,1.4045,238.2,1.3485,8.374,2.369,,,,,,,
1985-07-19,,1.399,238.75,1.3481,8.43,2.378,,,,,,,
1985-07-22,,1.3885,240.05,1.3514,8.4565,2.379,,,,,,,
1985-07-23,,1.41,238.0,1.3482,8.355,2.34,,,,,,,
1985-07-24,,1.3978,239.75,1.353,8.42,2.369,,,,,,,
1985-07-25,,1.4105,238.9,1.3512,8.3905,2.34,,,,,,,
1985-07-26,,1.409,239.25,1.3522,8.39,2.335,,,,,,,
1985-07-29,,1.4278,237.15,1.3493,8.29,2.29,,,,,,,
1985-07-30,,1.4215,237.4,1.3511,8.29,2.297,,,,,,,
1985-07-31,,1.411,236.45,1.354,8.285,2.294,,,,,,,
1985-08-01,,1.381,237.65,1.354,8.3575,2.32,,11.04,,9.1125,14.9,,7.81
1985-08-02,,1.371,237.45,1.3523,8.36,2.314,,,,,,,
1985-08-05,,1.3675,237.5,1.3526,8.37,2.3245,,,,,,,
1985-08-06,,1.346,238.45,1.3582,8.42,2.3625,,,,,,,
1985-08-07,,1.338,238.4,1.3618,8.4125,2.362,,,,,,,
1985-08-08,,1.3555,238.5,1.361,8.33,2.3405,,,,,,,
1985-08-09,,1.3575,238.55,1.361,8.405,2.341,,,,,,,
1985-08-12,,1.3835,237.3,1.3588,8.33,2.3035,,,,,,,
1985-08-13,,1.388,237.35,1.3578,8.305,2.299,,,,,,,
1985-08-14,,1.384,238.0,1.3571,8.32,2.302,,,,,,,
1985-08-15,,1.3965,237.15,1.3545,8.25,2.267,,,,,,,
1985-08-16,,1.3995,236.85,1.3537,8.2425,2.259,,,,,,,
1985-08-19,,1.399,236.85,1.356,8.25,2.2615,,,,,,,
1985-08-20,,1.389,237.4,1.3552,8.2825,2.279,,,,,,,
1985-08-21,,1.3923,237.0,1.355,8.2825,2.268,,,,,,,
1985-08-22,,1.4075,235.85,1.3547,8.218,2.244,,,,,,,
1985-08-23,,1.401,236.5,1.3547,8.23,2.253,,,,,,,
1985-08-26,,1.4073,236.89,1.3578,8.2775,2.27,,,,,,,
1985-08-27,,1.393,237.38,1.3613,8.31,2.288,,,,,,,
1985-08-28,,1.4015,237.0,1.3601,8.266,2.2665,,,,,,,
1985-08-29,,1.3995,237.12,1.3621,8.289,2.2805,,,,,,,
1985-08-30,,1.391,239.0,1.3659,8.325,2.31,,,,,,,
1985-09-01,,,,,,,,11.11,,9.0625,14.83,,7.93
1985-09-02,,,,,,,,,,,,,
1985-09-03,,1.369,239.5,1.3704,8.435,2.352,,,,,,,
1985-09-04,,1.3728,239.6,1.3688,8.425,2.346,,,,,,,
1985-09-05,,1.365,239.95,1.3689,8.434,2.3565,,,,,,,
1985-09-06,,1.325,243.6,1.3702,8.596,2.418,,,,,,,
1985-09-09,,1.3045,243.45,1.3711,8.625,2.423,,,,,,,
1985-09-10,,1.313,242.75,1.3716,8.616,2.426,,,,,,,
1985-09-11,,1.3085,243.55,1.3726,8.66,2.44,,,,,,,
1985-09-12,,1.3185,243.2,1.3734,8.62,2.425,,,,,,,
1985-09-13,,1.34,242.0,1.3726,8.53,2.393,,,,,,,
1985-09-16,,1.342,241.35,1.3743,8.49,2.383,,,,,,,
1985-09-17,,1.3395,241.7,1.3761,8.51,2.379,,,,,,,
1985-09-18,,1.335,242.25,1.3787,8.525,2.389,,,,,,,
1985-09-19,,1.34,242.05,1.38,8.5,2.383,,,,,,,
1985-09-20,,1.367,240.1,1.3759,8.378,2.342,,,,,,,
1985-09-23,,1.427,231.9,1.3665,8.179,2.241,,,,,,,
1985-09-24,,1.4315,229.8,1.361,8.1275,2.232,,,,,,,
1985-09-25,,1.4375,226.9,1.3603,8.0395,2.206,,,,,,,
1985-09-26,,1.437,220.3,1.359,8.005,2.192,,,,,,,
1985-09-27,,1.4025,220.1,1.3643,8.07,2.197,,,,,,,
1985-09-30,,1.4085,216.5,1.371,8.05,2.195,,,,,,,
1985-10-01,,1.4105,215.0,1.3707,7.98,2.168,,11.12,,8.71,14.5,,7.88
1985-10-02,,1.4135,214.1,1.3643,7.98,2.165,,,,,,,
1985-10-03,,1.425,212.79,1.366,7.945,2.147,,,,,,,
1985-10-04,,1.4155,213.45,1.3675,7.915,2.162,,,,,,,
1985-10-07,,1.4125,215.45,1.368,7.995,2.171,,,,,,,
1985-10-08,,1.413,216.0,1.367,7.98,2.171,,,,,,,
1985-10-09,,1.414,214.8,1.3651,7.98,2.176,,,,,,,
1985-10-10,,1.411,215.4,1.3684,7.994,2.186,,,,,,,
1985-10-11,,1.4115,214.65,1.3674,7.995,2.178,,,,,,,
1985-10-14,,,,,,,,,,,,,
1985-10-15,,1.4128,215.45,1.3703,7.983,2.183,,,,,,,
1985-10-16,,1.4075,217.3,1.371,8.035,2.205,,,,,,,
1985-10-17,,1.414,215.15,1.3664,7.966,2.175,,,,,,,
1985-10-18,,1.428,215.15,1.3651,7.964,2.169,,,,,,,
1985-10-21,,1.4335,215.7,1.3634,7.93,2.164,,,,,,,
1985-10-22,,1.4305,216.1,1.3652,7.9425,2.173,,,,,,,
1985-10-23,,1.4335,215.9,1.3642,7.951,2.165,,,,,,,
1985-10-24,,1.421,216.7,1.366,7.96,2.172,,,,,,,
1985-10-25,,1.422,214.9,1.3672,7.965,2.175,,,,,,,
1985-10-28,,1.4275,213.5,1.3665,7.935,2.167,,,,,,,
1985-10-29,,1.4352,212.43,1.3651,7.88,2.15,,,,,,,
1985-10-30,,1.441,211.5,1.3663,7.875,2.15,,,,,,,
1985-10-31,,1.4405,211.55,1.3668,7.876,2.151,,,,,,,
1985-11-01,,1.441,209.0,1.367,7.86,2.136,,11.14,,8.825,13.24,,7.81
1985-11-04,,1.4405,207.9,1.3695,7.829,2.139,,,,,,,
1985-11-05,,1.4325,208.0,1.3745,7.8375,2.152,,,,,,,
1985-11-06,,1.4353,205.25,1.3763,7.815,2.1415,,,,,,,
1985-11-07,,1.4165,205.6,1.3747,7.8675,2.16,,,,,,,
1985-11-08,,1.4167,205.85,1.3769,7.895,2.1575,,,,,,,
1985-11-11,,,,,,,,,,,,,
1985-11-12,,1.411,205.85,1.379,7.885,2.153,,,,,,,
1985-11-13,,1.4235,204.0,1.3798,7.87,2.1435,,,,,,,
1985-11-14,,1.4273,203.35,1.3782,7.865,2.144,,,,,,,
1985-11-15,,1.4217,204.3,1.3769,7.875,2.15,,,,,,,
1985-11-18,,1.4255,203.45,1.3764,7.85,2.142,,,,,,,
1985-11-19,,1.4345,203.0,1.3756,7.8125,2.128,,,,,,,
1985-11-20,,1.434,203.45,1.3778,7.85,2.142,,,,,,,
1985-11-21,,1.4415,202.1,1.3769,7.887,2.1215,,,,,,,
1985-11-22,,1.455,201.35,1.3758,7.7515,2.1075,,,,,,,
1985-11-25,,1.4628,200.8,1.3776,7.7175,2.1015,,,,,,,
1985-11-26,,1.4705,201.0,1.3778,7.679,2.091,,,,,,,
1985-11-27,,1.4738,201.05,1.3781,7.659,2.09,,,,,,,
1985-11-28,,,,,,,,,,,,,
1985-11-29,,1.489,202.1,1.384,7.6355,2.081,,,,,,,
1985-12-01,,,,,,,,11.2,,9.2375,12.37,,7.8
1985-12-02,,1.4875,204.03,1.3895,7.655,2.105,,,,,,,
1985-12-03,,1.479,204.75,1.3912,7.694,2.1135,,,,,,,
1985-12-04,,1.486,202.65,1.389,7.651,2.0955,,,,,,,
1985-12-05,,1.4795,203.0,1.3943,7.6525,2.096,,,,,,,
1985-12-06,,1.4785,203.4,1.3957,7.68,2.105,,,,,,,
1985-12-09,,1.4575,203.5,1.3985,7.699,2.1165,,,,,,,
1985-12-10,,1.435,203.6,1.398,7.723,2.1205,,,,,,,
1985-12-11,,1.415,203.9,1.3922,7.755,2.129,,,,,,,
1985-12-12,,1.4395,202.05,1.3893,7.693,2.1035,,,,,,,
1985-12-13,,1.4365,202.8,1.3905,7.707,2.1065,,,,,,,
1985-12-16,,1.4375,202.6,1.3936,7.716,2.113,,,,,,,
1985-12-17,,1.437,201.95,1.3955,7.682,2.106,,,,,,,
1985-12-18,,1.4195,203.15,1.3957,7.717,2.114,,,,,,,
1985-12-19,,1.421,202.97,1.398,7.7185,2.115,,,,,,,
1985-12-20,,1.425,202.7,1.3962,7.7025,2.111,,,,,,,
1985-12-23,,1.429,202.45,1.3983,7.685,2.105,,,,,,,
1985-12-24,,1.427,202.75,1.4,7.68,2.104,,,,,,,
1985-12-25,,,,,,,,,,,,,
1985-12-26,,1.429,202.8,1.401,7.69,2.103,,,,,,,
1985-12-27,,1.436,202.2,1.4,7.64,2.085,,,,,,,
1985-12-30,,1.439,201.05,1.3995,7.6,2.081,,,,,,,
1985-12-31,,1.445,200.25,1.3985,7.575,2.06,,,,,,,
1986-01-01,,,,,,,,12.863,,10.16,12.09,,7.82
1986-01-02,,1.4505,199.15,1.401,7.571,2.05,,,,,,,
1986-01-03,,1.438,202.53,1.4035,7.595,2.0695,,,,,,,
1986-01-06,,1.4355,201.9,1.407,7.559,2.069,,,,,,,
1986-01-07,,1.4395,201.7,1.3993,7.574,2.0735,,,,,,,
1986-01-08,,1.4433,202.1,1.4015,7.6225,2.086,,,,,,,
1986-01-09,,1.45,202.1,1.398,7.58,2.078,,,,,,,
1986-01-10,,1.4545,202.35,1.3937,7.6075,2.084,,,,,,,
1986-01-13,,1.442,202.7,1.4025,7.645,2.094,,,,,,,
1986-01-14,,1.4398,202.6,1.403,7.636,2.09,,,,,,,
1986-01-15,,1.442,202.5,1.4067,7.624,2.081,,,,,,,
1986-01-16,,1.438,202.55,1.404,7.638,2.085,,,,,,,
1986-01-17,,1.4367,202.52,1.4007,7.642,2.093,,,,,,,
1986-01-20,,,,,,,,,,,,,
1986-01-21,,1.4075,202.35,1.4059,7.635,2.0865,,,,,,,
1986-01-22,,1.3943,201.7,1.4048,7.6275,2.08,,,,,,,
1986-01-23,,1.3835,202.05,1.4059,7.65,2.0765,,,,,,,
1986-01-24,,1.394,196.05,1.4133,7.5885,2.045,,,,,,,
1986-01-27,,1.3915,195.75,1.4155,7.5695,2.0345,,,,,,,
1986-01-28,,1.408,195.65,1.4206,7.535,2.0315,,,,,,,
1986-01-29,,1.4025,194.1,1.4156,7.53,2.023,,,,,,,
1986-01-30,,1.409,193.05,1.4208,7.509,2.02,,,,,,,
1986-01-31,,1.412,192.3,1.4233,7.5325,2.036,,,,,,,
1986-02-01,,,,,,,,12.71875,,11.725,11.09,,7.69
1986-02-03,,1.386,191.55,1.432,7.562,2.0355,,,,,,,
1986-02-04,,1.377,192.05,1.438,7.592,2.0435,,,,,,,
1986-02-05,,1.3905,190.65,1.428,7.521,2.0195,,,,,,,
1986-02-06,,1.3975,190.48,1.409,7.517,2.022,,,,,,,
1986-02-07,,1.399,191.35,1.4068,7.56,2.0385,,,,,,,
1986-02-10,,1.4085,188.15,1.396,7.514,2.0065,,,,,,,
1986-02-11,,1.412,187.45,1.3985,7.485,1.982,,,,,,,
1986-02-12,,1.4095,186.72,1.399,7.475,1.969,,,,,,,
1986-02-13,,1.4175,182.3,1.4025,7.45,1.9455,,,,,,,
1986-02-14,,1.4183,182.0,1.397,7.4375,1.945,,,,,,,
1986-02-17,,,,,,,,,,,,,
1986-02-18,,1.4283,181.05,1.3963,7.431,1.939,,,,,,,
1986-02-19,,1.45,179.4,1.3922,7.34,1.908,,,,,,,
1986-02-20,,1.4515,181.1,1.3895,7.3375,1.92,,,,,,,
1986-02-21,,1.4465,182.98,1.3882,7.349,1.933,,,,,,,
1986-02-24,,1.463,182.15,1.3878,7.292,1.902,,,,,,,
1986-02-25,,1.492,180.95,1.3925,7.204,1.8855,,,,,,,
1986-02-26,,1.489,181.15,1.3951,7.1725,1.8805,,,,,,,
1986-02-27,,1.4815,180.15,1.41,7.155,1.876,,,,,,,
1986-02-28,,1.446,180.55,1.423,7.2005,1.888,,,,,,,
1986-03-01,,,,,,,,11.77679,,11.025,10.75,,7.24
1986-03-03,,1.4415,179.65,1.4245,7.19,1.88,,,,,,,
1986-03-04,,1.463,179.0,1.423,7.145,1.872,,,,,,,
1986-03-05,,1.451,181.45,1.411,7.245,1.916,,,,,,,
1986-03-06,,1.4575,179.3,1.4138,7.235,1.899,,,,,,,
1986-03-07,,1.4525,179.45,1.4075,7.22,1.8965,,,,,,,
1986-03-10,,1.443,180.7,1.397,7.294,1.937,,,,,,,
1986-03-11,,1.4555,179.9,1.3995,7.255,1.922,,,,,,,
1986-03-12,,1.467,180.2,1.398,7.281,1.933,,,,,,,
1986-03-13,,1.4593,179.9,1.3969,7.2975,1.933,,,,,,,
1986-03-14,,1.461,177.15,1.3895,7.225,1.905,,,,,,,
1986-03-17,,1.464,175.73,1.3895,7.205,1.885,,,,,,,
1986-03-18,,1.4767,175.0,1.3885,7.205,1.8835,,,,,,,
1986-03-19,,1.479,177.1,1.389,7.22,1.895,,,,,,,
1986-03-20,,1.4875,176.37,1.397,7.2075,1.8935,,,,,,,
1986-03-21,,1.5015,175.8,1.3978,7.175,1.8725,,,,,,,
1986-03-24,,1.4875,178.9,1.4007,7.265,1.9185,,,,,,,
1986-03-25,,1.4618,180.2,1.4025,7.385,1.961,,,,,,,
1986-03-26,,1.475,179.8,1.4025,7.35,1.956,,,,,,,
1986-03-27,,1.4837,179.52,1.397,7.35,1.947,,,,,,,
1986-03-28,,1.474,179.85,1.3969,7.3615,1.953,,,,,,,
1986-03-31,,1.4735,177.6,1.397,7.37,1.956,,,,,,,
1986-04-01,,1.471,178.15,1.3923,7.367,1.952,,10.5767,,9.55,10.25,,6.6
1986-04-02,,1.4645,179.5,1.3925,7.415,1.981,,,,,,,
1986-04-03,,1.4595,179.9,1.393,7.4575,2.001,,,,,,,
1986-04-04,,1.451,180.35,1.3903,7.495,1.992,,,,,,,
1986-04-07,,1.4555,182.85,1.3863,7.52,2.013,,,,,,,
1986-04-08,,1.4605,180.05,1.384,7.3825,1.9765,,,,,,,
1986-04-09,,1.461,180.05,1.3829,7.3975,1.9565,,,,,,,
1986-04-10,,1.4615,178.8,1.3885,7.38,1.945,,,,,,,
1986-04-11,,1.476,178.35,1.391,7.3225,1.924,,,,,,,
1986-04-14,,1.4822,179.12,1.4,7.3225,1.935,,,,,,,
1986-04-15,,1.48,178.25,1.3923,7.321,1.934,,,,,,,
1986-04-16,,1.5065,176.5,1.39,7.19,1.8885,,,,,,,
1986-04-17,,1.5285,175.15,1.3908,7.125,1.847,,,,,,,
1986-04-18,,1.518,173.8,1.3864,7.1575,1.857,,,,,,,
1986-04-21,,1.5112,172.0,1.3852,7.136,1.85,,,,,,,
1986-04-22,,1.5215,170.15,1.3895,7.105,1.845,,,,,,,
1986-04-23,,1.5235,169.35,1.3952,7.095,1.837,,,,,,,
1986-04-24,,1.5338,169.0,1.3871,7.08,1.841,,,,,,,
1986-04-25,,1.544,168.1,1.384,7.045,1.818,,,,,,,
1986-04-28,,1.555,167.15,1.3785,7.0025,1.8085,,,,,,,
1986-04-29,,1.552,167.85,1.3795,7.03,1.8205,,,,,,,
1986-04-30,,1.551,167.6,1.3738,7.007,1.813,,,,,,,
1986-05-01,,1.5292,169.65,1.3775,7.098,1.846,,10.26705,,8.575,10.15,,6.65
1986-05-02,,1.522,169.9,1.3795,7.085,1.855,,,,,,,
1986-05-05,,1.541,165.62,1.3755,7.025,1.832,,,,,,,
1986-05-06,,1.534,166.25,1.378,7.1,1.846,,,,,,,
1986-05-07,,1.5415,165.1,1.38,7.065,1.8325,,,,,,,
1986-05-08,,1.543,163.62,1.3775,7.015,1.815,,,,,,,
1986-05-09,,1.5425,162.35,1.38,7.021,1.81,,,,,,,
1986-05-12,,1.546,161.15,1.3802,7.04,1.8045,,,,,,,
1986-05-13,,1.5348,163.0,1.379,7.1,1.826,,,,,,,
1986-05-14,,1.5395,163.3,1.378,7.0725,1.8175,,,,,,,
1986-05-15,,1.535,163.6,1.3755,7.078,1.829,,,,,,,
1986-05-16,,1.5255,165.4,1.376,7.11,1.8415,,,,,,,
1986-05-19,,1.5177,168.15,1.377,7.125,1.8605,,,,,,,
1986-05-20,,1.5182,168.6,1.3715,7.1675,1.868,,,,,,,
1986-05-21,,1.5165,168.77,1.3665,7.191,1.8635,,,,,,,
1986-05-22,,1.4928,169.3,1.364,7.26,1.891,,,,,,,
1986-05-23,,1.494,169.6,1.368,7.268,1.885,,,,,,,
1986-05-26,,,,,,,,,,,,,
1986-05-27,,1.5055,169.2,1.3747,7.263,1.881,,,,,,,
1986-05-28,,1.502,169.0,1.3755,7.269,1.8835,,,,,,,
1986-05-29,,1.491,171.6,1.3765,7.3175,1.9088,,,,,,,
1986-05-30,,1.4723,174.5,1.3797,7.3905,1.9335,,,,,,,
1986-06-01,,,,,,,,9.82292,,8.7,9.83,,6.73
1986-06-02,,1.474,174.9,1.3893,7.387,1.9295,,,,,,,
1986-06-03,,1.493,171.6,1.3928,7.285,1.881,,,,,,,
1986-06-04,,1.4835,171.53,1.393,7.301,1.886,,,,,,,
1986-06-05,,1.4955,168.9,1.393,7.24,1.8435,,,,,,,
1986-06-06,,1.5045,167.7,1.3967,7.192,1.841,,,,,,,
1986-06-09,,1.498,167.87,1.3927,7.211,1.844,,,,,,,
1986-06-10,,1.5165,166.9,1.3898,7.179,1.829,,,,,,,
1986-06-11,,1.527,166.35,1.3888,7.168,1.8275,,,,,,,
1986-06-12,,1.523,165.85,1.3872,7.16,1.828,,,,,,,
1986-06-13,,1.5235,165.25,1.384,7.168,1.822,,,,,,,
1986-06-16,,1.523,165.5,1.386,7.151,1.816,,,,,,,
1986-06-17,,1.5015,167.8,1.3908,7.242,1.853,,,,,,,
1986-06-18,,1.5,167.65,1.3917,7.24,1.85,,,,,,,
1986-06-19,,1.5035,166.88,1.3947,7.2275,1.84,,,,,,,
1986-06-20,,1.499,167.7,1.3875,7.261,1.8475,,,,,,,
1986-06-23,,1.4995,167.9,1.388,7.245,1.849,,,,,,,
1986-06-24,,1.5165,166.65,1.3862,7.185,1.824,,,,,,,
1986-06-25,,1.5165,166.1,1.386,7.17,1.818,,,,,,,
1986-06-26,,1.5195,166.1,1.3945,7.18,1.8195,,,,,,,
1986-06-27,,1.529,165.45,1.3885,7.141,1.808,,,,,,,
1986-06-30,,1.532,163.8,1.387,7.128,1.7965,,,,,,,
1986-07-01,,1.5495,162.7,1.3802,7.0825,1.773,,10.03805,,8.47,9.5,,6.37
1986-07-02,,1.537,163.35,1.3785,7.115,1.784,,,,,,,
1986-07-03,,1.5455,161.4,1.378,7.085,1.7672,,,,,,,
1986-07-04,,,,,,,,,,,,,
1986-07-07,,1.5342,160.7,1.38,7.095,1.781,,,,,,,
1986-07-08,,1.531,161.0,1.3817,7.105,1.775,,,,,,,
1986-07-09,,1.524,161.08,1.3817,7.116,1.785,,,,,,,
1986-07-10,,1.5155,160.5,1.3779,7.1125,1.7778,,,,,,,
1986-07-11,,1.504,161.35,1.3782,7.1465,1.79,,,,,,,
1986-07-14,,1.4805,160.25,1.3769,7.153,1.781,,,,,,,
1986-07-15,,1.494,159.5,1.3745,7.108,1.7595,,,,,,,
1986-07-16,,1.514,158.4,1.376,7.056,1.7425,,,,,,,
1986-07-17,,1.515,157.35,1.375,7.05,1.7447,,,,,,,
1986-07-18,,1.5045,156.45,1.3753,7.022,1.724,,,,,,,
1986-07-21,,1.499,155.05,1.3762,7.02,1.713,,,,,,,
1986-07-22,,1.49,156.8,1.3839,7.07,1.7285,,,,,,,
1986-07-23,,1.492,157.45,1.3898,7.0575,1.727,,,,,,,
1986-07-24,,1.4935,156.7,1.3885,7.063,1.725,,,,,,,
1986-07-25,,1.4825,157.7,1.3872,7.08,1.7315,,,,,,,
1986-07-28,,1.4805,155.95,1.388,7.033,1.7025,,,,,,,
1986-07-29,,1.488,155.7,1.3875,7.018,1.6915,,,,,,,
1986-07-30,,1.4895,156.1,1.3839,7.01,1.697,,,,,,,
1986-07-31,,1.4915,153.85,1.3795,6.976,1.678,,,,,,,
1986-08-01,,1.485,153.85,1.3807,6.975,1.6705,,9.89435,,8.5125,9.29,,5.92
1986-08-04,,1.47,154.0,1.382,6.987,1.678,,,,,,,
1986-08-05,,1.485,154.95,1.38,6.99,1.6875,,,,,,,
1986-08-06,,1.479,154.4,1.3825,6.97,1.678,,,,,,,
1986-08-07,,1.4765,153.8,1.3813,6.953,1.6665,,,,,,,
1986-08-08,,1.473,154.15,1.386,6.953,1.669,,,,,,,
1986-08-11,,1.4857,153.77,1.3858,6.939,1.6555,,,,,,,
1986-08-12,,1.4845,154.7,1.39,6.9605,1.6785,,,,,,,
1986-08-13,,1.486,154.3,1.3885,6.9485,1.6708,,,,,,,
1986-08-14,,1.493,153.73,1.3856,6.932,1.6615,,,,,,,
1986-08-15,,1.494,154.2,1.3892,6.935,1.6635,,,,,,,
1986-08-18,,1.493,154.2,1.394,6.95,1.676,,,,,,,
1986-08-19,,1.5015,153.5,1.3945,6.914,1.66,,,,,,,
1986-08-20,,1.504,153.4,1.391,6.895,1.6475,,,,,,,
1986-08-21,,1.4981,153.25,1.39,6.892,1.6455,,,,,,,
1986-08-22,,1.4865,153.45,1.391,6.899,1.6505,,,,,,,
1986-08-25,,1.4778,153.84,1.394,6.9055,1.6455,,,,,,,
1986-08-26,,1.4835,154.95,1.3957,6.92,1.652,,,,,,,
1986-08-27,,1.484,154.68,1.3965,6.927,1.6455,,,,,,,
1986-08-28,,1.4805,156.05,1.3925,6.931,1.6515,,,,,,,
1986-08-29,,1.488,154.55,1.3881,6.89,1.641,,,,,,,
1986-09-01,,,,,,,,10.18892,,8.35,8.74,,5.71
1986-09-02,,1.4892,154.25,1.3862,6.885,1.639,,,,,,,
1986-09-03,,1.4995,154.7,1.3867,6.876,1.636,,,,,,,
1986-09-04,,1.504,154.9,1.3879,6.877,1.643,,,,,,,
1986-09-05,,1.495,155.4,1.3862,6.911,1.6645,,,,,,,
1986-09-08,,1.4865,156.15,1.385,6.9625,1.6898,,,,,,,
1986-09-09,,1.484,155.7,1.3815,6.9405,1.675,,,,,,,
1986-09-10,,1.4815,154.8,1.3871,6.946,1.6745,,,,,,,
1986-09-11,,1.4695,156.4,1.3885,7.011,1.6995,,,,,,,
1986-09-12,,1.476,155.35,1.3865,6.95,1.671,,,,,,,
1986-09-15,,1.4808,155.18,1.386,6.93,1.658,,,,,,,
1986-09-16,,1.4755,156.35,1.3874,6.931,1.6575,,,,,,,
1986-09-17,,1.475,154.8,1.3907,6.881,1.64,,,,,,,
1986-09-18,,1.472,153.65,1.3865,6.825,1.6105,,,,,,,
1986-09-19,,1.4755,152.0,1.388,6.829,1.604,,,,,,,
1986-09-22,,1.456,153.6,1.387,6.914,1.639,,,,,,,
1986-09-23,,1.4487,154.66,1.3875,6.956,1.661,,,,,,,
1986-09-24,,1.4465,154.57,1.388,6.946,1.658,,,,,,,
1986-09-25,,1.4345,154.55,1.3896,6.95,1.659,,,,,,,
1986-09-26,,1.4365,154.35,1.3888,6.95,1.661,,,,,,,
1986-09-29,,1.433,153.65,1.3884,6.921,1.641,,,,,,,
1986-09-30,,1.4468,154.35,1.3888,6.91,1.647,,,,,,,
1986-10-01,,1.444,154.15,1.388,6.907,1.6405,,11.1644,,8.44,8.51,,5.69
1986-10-02,,1.434,153.92,1.388,6.879,1.6265,,,,,,,
1986-10-03,,1.4425,154.17,1.3865,6.855,1.6205,,,,,,,
1986-10-06,,1.4385,154.06,1.3855,6.84,1.6195,,,,,,,
1986-10-07,,1.432,154.07,1.387,6.86,1.6295,,,,,,,
1986-10-08,,1.4202,154.35,1.3863,6.865,1.628,,,,,,,
1986-10-09,,1.4215,154.95,1.387,6.883,1.631,,,,,,,
1986-10-10,,1.4335,154.45,1.387,6.8325,1.6185,,,,,,,
1986-10-13,,,,,,,,,,,,,
1986-10-14,,1.437,153.97,1.3887,6.8155,1.6155,,,,,,,
1986-10-15,,1.4395,154.2,1.3893,6.816,1.615,,,,,,,
1986-10-16,,1.4375,154.2,1.3893,6.82,1.619,,,,,,,
1986-10-17,,1.4315,154.23,1.3903,6.827,1.621,,,,,,,
1986-10-20,,1.4298,154.75,1.3917,6.8525,1.6313,,,,,,,
1986-10-21,,1.436,155.16,1.391,6.852,1.6298,,,,,,,
1986-10-22,,1.431,155.8,1.3904,6.852,1.631,,,,,,,
1986-10-23,,1.424,158.13,1.3887,6.88,1.6432,,,,,,,
1986-10-24,,1.4125,161.35,1.3881,6.957,1.6735,,,,,,,
1986-10-27,,1.4065,160.7,1.3878,6.998,1.693,,,,,,,
1986-10-28,,1.4155,160.1,1.3884,6.957,1.6765,,,,,,,
1986-10-29,,1.4115,160.5,1.3886,6.965,1.676,,,,,,,
1986-10-30,,1.3973,161.78,1.3884,7.031,1.7035,,,,,,,
1986-10-31,,1.4055,163.4,1.3905,7.038,1.711,,,,,,,
1986-11-01,,,,,,,,11.24609,,8.3875,8.64,,5.76
1986-11-03,,1.4113,164.0,1.3913,7.043,1.7182,,,,,,,
1986-11-04,,1.4148,163.92,1.3905,7.027,1.716,,,,,,,
1986-11-05,,1.423,164.5,1.3885,7.038,1.726,,,,,,,
1986-11-06,,1.431,163.3,1.3876,7.033,1.7195,,,,,,,
1986-11-07,,1.4258,163.2,1.3885,7.03,1.72,,,,,,,
1986-11-10,,1.4354,162.85,1.3879,6.99,1.699,,,,,,,
1986-11-11,,,,,,,,,,,,,
1986-11-12,,1.4265,160.62,1.3858,6.9525,1.6795,,,,,,,
1986-11-13,,1.4245,160.9,1.3844,6.9375,1.669,,,,,,,
1986-11-14,,1.4303,161.45,1.3843,6.925,1.6615,,,,,,,
1986-11-17,,1.428,162.82,1.3852,6.945,1.675,,,,,,,
1986-11-18,,1.4225,162.8,1.3832,6.949,1.675,,,,,,,
1986-11-19,,1.418,162.4,1.3836,6.947,1.671,,,,,,,
1986-11-20,,1.4107,162.75,1.3852,6.953,1.67,,,,,,,
1986-11-21,,1.423,164.05,1.387,6.971,1.6925,,,,,,,
1986-11-24,,1.4165,164.18,1.3859,6.979,1.69,,,,,,,
1986-11-25,,1.4222,162.55,1.3858,6.91,1.6595,,,,,,,
1986-11-26,,1.4315,162.95,1.3853,6.9225,1.66,,,,,,,
1986-11-27,,,,,,,,,,,,,
1986-11-28,,1.4335,162.05,1.384,6.8775,1.643,,,,,,,
1986-12-01,,1.4375,162.25,1.3825,6.866,1.638,,11.40421,,8.36,9.13,,6.04
1986-12-02,,1.4343,162.0,1.3828,6.89,1.6445,,,,,,,
1986-12-03,,1.432,162.26,1.3836,6.88,1.6415,,,,,,,
1986-12-04,,1.429,162.77,1.3813,6.923,1.663,,,,,,,
1986-12-05,,1.4285,162.42,1.3792,6.933,1.6725,,,,,,,
1986-12-08,,1.4195,162.4,1.3775,6.953,1.6795,,,,,,,
1986-12-09,,1.4235,162.6,1.3775,6.9705,1.691,,,,,,,
1986-12-10,,1.4252,162.75,1.3793,6.957,1.6825,,,,,,,
1986-12-11,,1.423,162.7,1.3809,6.9745,1.688,,,,,,,
1986-12-12,,1.4273,163.05,1.3785,6.9715,1.695,,,,,,,
1986-12-15,,1.432,163.25,1.3795,6.967,1.7005,,,,,,,
1986-12-16,,1.4295,163.95,1.3793,6.97,1.705,,,,,,,
1986-12-17,,1.4298,163.65,1.379,6.964,1.701,,,,,,,
1986-12-18,,1.4307,163.0,1.3797,6.952,1.6883,,,,,,,
1986-12-19,,1.4325,162.2,1.3794,6.946,1.685,,,,,,,
1986-12-22,,1.4415,162.75,1.378,6.886,1.66,,,,,,,
1986-12-23,,1.4525,162.7,1.3776,6.8725,1.6415,,,,,,,
1986-12-24,,1.4585,161.45,1.3784,6.8795,1.644,,,,,,,
1986-12-25,,,,,,,,,,,,,
1986-12-26,,1.458,159.75,1.382,6.857,1.639,,,,,,,
1986-12-29,,1.4683,159.05,1.3816,6.806,1.6235,,,,,,,
1986-12-30,,1.4685,159.9,1.3831,6.819,1.6255,,,,,,,
1986-12-31,,1.4825,158.3,1.381,6.741,1.614,,,,,,,
1987-01-01,,,,,,,,11.10085,,7.925,9.77,,5.87
1987-01-02,,1.49,158.25,1.3785,6.7375,1.61,,,,,,,
1987-01-05,,1.4728,159.4,1.3758,6.775,1.629,,,,,,,
1987-01-06,,1.4762,158.78,1.3744,6.755,1.6132,,,,,,,
1987-01-07,,1.4705,158.05,1.3718,6.785,1.6205,,,,,,,
1987-01-08,,1.475,158.23,1.3711,6.78,1.611,,,,,,,
1987-01-09,,1.478,158.2,1.3702,6.758,1.6057,,,,,,,
1987-01-12,,1.4918,156.77,1.3662,6.698,1.5817,,,,,,,
1987-01-13,,1.4903,155.75,1.3661,6.665,1.576,,,,,,,
1987-01-14,,1.5055,152.8,1.3635,6.5715,1.54,,,,,,,
1987-01-15,,1.5042,153.55,1.363,6.5895,1.547,,,,,,,
1987-01-16,,1.5155,153.4,1.3633,6.589,1.545,,,,,,,
1987-01-19,,,,,,,,,,,,,
1987-01-20,,1.52,152.68,1.3589,6.571,1.5415,,,,,,,
1987-01-21,,1.517,153.95,1.357,6.592,1.551,,,,,,,
1987-01-22,,1.532,151.9,1.3573,6.505,1.5225,,,,,,,
1987-01-23,,1.5205,153.08,1.359,6.538,1.537,,,,,,,
1987-01-26,,1.527,152.65,1.3521,6.532,1.5325,,,,,,,
1987-01-27,,1.5357,151.65,1.3436,6.495,1.5155,,,,,,,
1987-01-28,,1.536,151.75,1.3382,6.44,1.503,,,,,,,
1987-01-29,,1.5368,152.1,1.342,6.457,1.503,,,,,,,
1987-01-30,,1.514,153.65,1.339,6.5425,1.546,,,,,,,
1987-02-01,,,,,,,,10.89219,,7.4375,10.34,,6.1
1987-02-02,,1.5241,152.57,1.334,6.4825,1.5255,,,,,,,
1987-02-03,,1.5275,152.5,1.333,6.465,1.518,,,,,,,
1987-02-04,,1.5228,152.8,1.326,6.49,1.5325,,,,,,,
1987-02-05,,1.515,153.63,1.3315,6.55,1.5495,,,,,,,
1987-02-06,,1.5065,154.45,1.3341,6.58,1.566,,,,,,,
1987-02-09,,1.519,152.55,1.336,6.505,1.5325,,,,,,,
1987-02-10,,1.535,152.4,1.336,6.4625,1.518,,,,,,,
1987-02-11,,1.523,153.7,1.3438,6.502,1.538,,,,,,,
1987-02-12,,1.519,154.1,1.3455,6.535,1.546,,,,,,,
1987-02-13,,1.52,153.7,1.3425,6.5235,1.549,,,,,,,
1987-02-16,,,,,,,,,,,,,
1987-02-17,,1.5305,153.22,1.33,6.492,1.5335,,,,,,,
1987-02-18,,1.5312,153.85,1.3308,6.51,1.548,,,,,,,
1987-02-19,,1.526,154.13,1.3325,6.525,1.553,,,,,,,
1987-02-20,,1.5283,153.65,1.3303,6.496,1.5452,,,,,,,
1987-02-23,,1.542,153.68,1.3324,6.493,1.5475,,,,,,,
1987-02-24,,1.5395,153.78,1.331,6.4935,1.55,,,,,,,
1987-02-25,,1.537,153.6,1.3305,6.485,1.5395,,,,,,,
1987-02-26,,1.5395,153.15,1.3324,6.465,1.536,,,,,,,
1987-02-27,,1.546,153.27,1.3332,6.475,1.5385,,,,,,,
1987-03-01,,,,,,,,10.0142,,7.175,10.77,,6.17
1987-03-02,,1.5638,153.5,1.3316,6.47,1.5417,,,,,,,
1987-03-03,,1.56,153.65,1.3327,6.46,1.545,,,,,,,
1987-03-04,,1.5642,153.71,1.3328,6.458,1.5485,,,,,,,
1987-03-05,,1.5778,153.2,1.3342,6.4375,1.544,,,,,,,
1987-03-06,,1.589,153.47,1.333,6.451,1.551,,,,,,,
1987-03-09,,1.588,153.8,1.3348,6.4775,1.5647,,,,,,,
1987-03-10,,1.5842,153.65,1.3352,6.478,1.5635,,,,,,,
1987-03-11,,1.591,153.82,1.327,6.4955,1.5698,,,,,,,
1987-03-12,,1.5885,153.63,1.3211,6.4795,1.56,,,,,,,
1987-03-13,,1.575,152.65,1.3213,6.471,1.554,,,,,,,
1987-03-16,,1.583,151.65,1.3165,6.432,1.5375,,,,,,,
1987-03-17,,1.5975,151.95,1.3129,6.4225,1.5395,,,,,,,
1987-03-18,,1.6058,151.95,1.3133,6.416,1.538,,,,,,,
1987-03-19,,1.6033,151.48,1.3155,6.415,1.5345,,,,,,,
1987-03-20,,1.6022,151.7,1.3088,6.4085,1.537,,,,,,,
1987-03-23,,1.617,150.25,1.3085,6.369,1.5235,,,,,,,
1987-03-24,,1.61,149.32,1.3078,6.317,1.5235,,,,,,,
1987-03-25,,1.6058,149.15,1.3114,6.387,1.5248,,,,,,,
1987-03-26,,1.606,149.2,1.3085,6.388,1.527,,,,,,,
1987-03-27,,1.603,147.72,1.3065,6.365,1.52,,,,,,,
1987-03-30,,1.6075,146.4,1.3087,6.321,1.507,,,,,,,
1987-03-31,,1.607,145.68,1.3053,6.325,1.5055,,,,,,,
1987-04-01,,1.602,146.82,1.3097,6.36,1.5215,,9.83097,,7.62,9.48,,6.52
1987-04-02,,1.607,146.5,1.3073,6.34,1.516,,,,,,,
1987-04-03,,1.6095,146.2,1.308,6.36,1.521,,,,,,,
1987-04-06,,1.617,146.1,1.3077,6.36,1.5195,,,,,,,
1987-04-07,,1.6183,145.35,1.3057,6.361,1.515,,,,,,,
1987-04-08,,1.6128,146.6,1.3077,6.393,1.53,,,,,,,
1987-04-09,,1.6177,144.7,1.3028,6.357,1.5145,,,,,,,
1987-04-10,,1.625,142.55,1.3023,6.321,1.496,,,,,,,
1987-04-13,,1.6235,142.65,1.3028,6.321,1.4995,,,,,,,
1987-04-14,,1.633,141.13,1.3195,6.2945,1.486,,,,,,,
1987-04-15,,1.633,141.75,1.3247,6.303,1.489,,,,,,,
1987-04-16,,1.631,143.0,1.3185,6.315,1.493,,,,,,,
1987-04-17,,1.63,143.2,1.32,6.324,1.4965,,,,,,,
1987-04-20,,1.6317,142.4,1.3183,6.3151,1.4935,,,,,,,
1987-04-21,,1.6332,142.35,1.322,6.32,1.4945,,,,,,,
1987-04-22,,1.6275,142.35,1.3305,6.34,1.4975,,,,,,,
1987-04-23,,1.637,141.2,1.3317,6.313,1.4825,,,,,,,
1987-04-24,,1.657,139.75,1.3363,6.253,1.4635,,,,,,,
1987-04-27,,1.6675,138.4,1.338,6.239,1.4605,,,,,,,
1987-04-28,,1.6545,139.9,1.3354,6.273,1.468,,,,,,,
1987-04-29,,1.6597,140.2,1.3363,6.2795,1.4745,,,,,,,
1987-04-30,,1.6605,140.67,1.3371,6.284,1.477,,,,,,,
1987-05-01,,1.6685,140.35,1.338,6.235,1.461,,8.86792,,8.25,9.23,,6.99
1987-05-04,,1.68,139.1,1.3447,6.2255,1.4525,,,,,,,
1987-05-05,,1.6885,138.67,1.342,6.203,1.454,,,,,,,
1987-05-06,,1.6843,139.2,1.3363,6.214,1.4555,,,,,,,
1987-05-07,,1.679,139.4,1.3365,6.2345,1.4605,,,,,,,
1987-05-08,,1.6745,139.6,1.337,6.2475,1.471,,,,,,,
1987-05-11,,1.658,139.5,1.335,6.285,1.4785,,,,,,,
1987-05-12,,1.6692,139.6,1.3358,6.263,1.469,,,,,,,
1987-05-13,,1.6715,139.76,1.3393,6.265,1.4705,,,,,,,
1987-05-14,,1.6778,139.5,1.3391,6.256,1.4695,,,,,,,
1987-05-15,,1.6783,139.8,1.3403,6.239,1.4616,,,,,,,
1987-05-18,,1.6838,139.95,1.3406,6.23,1.4595,,,,,,,
1987-05-19,,1.6825,140.0,1.3406,6.242,1.459,,,,,,,
1987-05-20,,1.683,139.78,1.346,6.23,1.454,,,,,,,
1987-05-21,,1.679,140.45,1.348,6.2375,1.459,,,,,,,
1987-05-22,,1.673,140.6,1.3482,6.2375,1.4605,,,,,,,
1987-05-25,,,,,,,,,,,,,
1987-05-26,,1.634,143.3,1.3445,6.315,1.488,,,,,,,
1987-05-27,,1.613,143.52,1.3467,6.346,1.507,,,,,,,
1987-05-28,,1.6255,143.4,1.344,6.345,1.5065,,,,,,,
1987-05-29,,1.6295,144.1,1.3388,6.362,1.5125,,,,,,,
1987-06-01,,1.6242,145.45,1.338,6.378,1.522,,8.93608,,8.4625,8.8,,6.94
1987-06-02,,1.6435,142.25,1.3422,6.2975,1.488,,,,,,,
1987-06-03,,1.643,142.8,1.3435,6.309,1.4938,,,,,,,
1987-06-04,,1.6232,144.3,1.3414,6.341,1.5035,,,,,,,
1987-06-05,,1.631,143.8,1.3437,6.33,1.504,,,,,,,
1987-06-08,,1.6385,143.45,1.3433,6.31,1.5015,,,,,,,
1987-06-09,,1.661,142.5,1.3427,6.284,1.4833,,,,,,,
1987-06-10,,1.6585,142.45,1.3394,6.286,1.487,,,,,,,
1987-06-11,,1.6613,142.55,1.3423,6.275,1.484,,,,,,,
1987-06-12,,1.652,143.85,1.3398,6.309,1.5,,,,,,,
1987-06-15,,1.632,144.8,1.3412,6.356,1.5125,,,,,,,
1987-06-16,,1.634,144.45,1.341,6.355,1.521,,,,,,,
1987-06-17,,1.6342,144.65,1.3407,6.36,1.5184,,,,,,,
1987-06-18,,1.6298,144.6,1.3415,6.362,1.516,,,,,,,
1987-06-19,,1.616,145.05,1.3393,6.381,1.522,,,,,,,
1987-06-22,,1.595,145.9,1.3353,6.413,1.5285,,,,,,,
1987-06-23,,1.599,146.03,1.334,6.402,1.519,,,,,,,
1987-06-24,,1.622,145.08,1.3337,6.362,1.5115,,,,,,,
1987-06-25,,1.6121,146.33,1.3303,6.385,1.519,,,,,,,
1987-06-26,,1.6105,146.3,1.3327,6.381,1.5145,,,,,,,
1987-06-29,,1.6008,146.7,1.3337,6.398,1.522,,,,,,,
1987-06-30,,1.6128,146.8,1.3315,6.386,1.5155,,,,,,,
1987-07-01,,1.6155,146.85,1.3305,6.392,1.5195,,9.24796,,8.64,8.73,,6.7
1987-07-02,,1.6155,147.3,1.3303,6.4,1.522,,,,,,,
1987-07-03,,1.61,148.82,1.3279,6.42,1.5307,,,,,,,
1987-07-06,,1.6185,149.13,1.3282,6.4205,1.5345,,,,,,,
1987-07-07,,1.62,149.7,1.3232,6.4135,1.5345,,,,,,,
1987-07-08,,1.6178,150.57,1.3245,6.424,1.5337,,,,,,,
1987-07-09,,1.6175,149.98,1.3235,6.417,1.535,,,,,,,
1987-07-10,,1.6135,150.65,1.3211,6.433,1.5405,,,,,,,
1987-07-13,,1.6175,150.98,1.3199,6.433,1.537,,,,,,,
1987-07-14,,1.6108,151.08,1.3179,6.445,1.5405,,,,,,,
1987-07-15,,1.6315,148.65,1.3236,6.39,1.523,,,,,,,
1987-07-16,,1.6305,150.55,1.3217,6.414,1.5292,,,,,,,
1987-07-17,,1.6075,152.76,1.3188,6.472,1.5475,,,,,,,
1987-07-20,,1.6018,152.85,1.3189,6.485,1.5505,,,,,,,
1987-07-21,,1.5955,152.66,1.3213,6.49,1.548,,,,,,,
1987-07-22,,1.595,152.34,1.3212,6.495,1.5458,,,,,,,
1987-07-23,,1.6037,150.78,1.3292,6.465,1.537,,,,,,,
1987-07-24,,1.603,149.95,1.3388,6.465,1.536,,,,,,,
1987-07-27,,1.5975,150.45,1.3348,6.47,1.5388,,,,,,,
1987-07-28,,1.5985,150.38,1.3334,6.48,1.5386,,,,,,,
1987-07-29,,1.6,150.78,1.3325,6.4825,1.5405,,,,,,,
1987-07-30,,1.594,149.65,1.3326,6.476,1.5388,,,,,,,
1987-07-31,,1.591,149.9,1.328,6.489,1.5385,,,,,,,
1987-08-01,,,,,,,,10.0997,,9.1375,9.08,,6.75
1987-08-03,,1.5835,150.5,1.3241,6.514,1.544,,,,,,,
1987-08-04,,1.57,152.1,1.3258,6.586,1.568,,,,,,,
1987-08-05,,1.5783,150.75,1.3251,6.555,1.5575,,,,,,,
1987-08-06,,1.576,151.45,1.3231,6.573,1.562,,,,,,,
1987-08-07,,1.5667,151.57,1.3262,6.592,1.5725,,,,,,,
1987-08-10,,1.5667,151.12,1.3287,6.598,1.5735,,,,,,,
1987-08-11,,1.5697,151.77,1.3298,6.599,1.5772,,,,,,,
1987-08-12,,1.579,151.25,1.3315,6.586,1.5727,,,,,,,
1987-08-13,,1.5797,151.45,1.3294,6.57,1.566,,,,,,,
1987-08-14,,1.589,150.0,1.3312,6.536,1.558,,,,,,,
1987-08-17,,1.5908,149.92,1.3311,6.543,1.5576,,,,,,,
1987-08-18,,1.617,146.07,1.3317,6.452,1.527,,,,,,,
1987-08-19,,1.615,145.1,1.3308,6.443,1.5265,,,,,,,
1987-08-20,,1.622,144.15,1.3271,6.417,1.5145,,,,,,,
1987-08-21,,1.629,142.75,1.325,6.3855,1.5047,,,,,,,
1987-08-24,,1.63,142.0,1.3213,6.377,1.497,,,,,,,
1987-08-25,,1.6182,143.22,1.3195,6.407,1.503,,,,,,,
1987-08-26,,1.6165,143.05,1.3223,6.412,1.504,,,,,,,
1987-08-27,,1.629,142.05,1.317,6.384,1.493,,,,,,,
1987-08-28,,1.6325,142.0,1.3183,6.38,1.4922,,,,,,,
1987-08-31,,1.6328,141.75,1.3196,6.376,1.4935,,,,,,,
1987-09-01,,1.6401,141.83,1.3173,6.3785,1.4975,,10.19602,,9.36,8.98,,7.37
1987-09-02,,1.6497,141.03,1.3155,6.356,1.489,,,,,,,
1987-09-03,,1.657,141.03,1.3142,6.334,1.483,,,,,,,
1987-09-04,,1.6538,141.75,1.3142,6.345,1.487,,,,,,,
1987-09-07,,,,,,,,,,,,,
1987-09-08,,1.6595,141.75,1.313,6.3305,1.4843,,,,,,,
1987-09-09,,1.651,141.6,1.3204,6.351,1.487,,,,,,,
1987-09-10,,1.6447,142.57,1.3215,6.375,1.496,,,,,,,
1987-09-11,,1.65,142.8,1.3183,6.356,1.4905,,,,,,,
1987-09-14,,1.637,144.5,1.3184,6.411,1.508,,,,,,,
1987-09-15,,1.6423,144.05,1.3153,6.394,1.5048,,,,,,,
1987-09-16,,1.6452,144.36,1.3178,6.385,1.506,,,,,,,
1987-09-17,,1.6462,143.4,1.3155,6.383,1.507,,,,,,,
1987-09-18,,1.6553,142.67,1.3136,6.362,1.4967,,,,,,,
1987-09-21,,1.6478,143.55,1.315,6.385,1.5053,,,,,,,
1987-09-22,,1.641,144.15,1.3178,6.403,1.508,,,,,,,
1987-09-23,,1.6422,143.9,1.3174,6.405,1.5125,,,,,,,
1987-09-24,,1.637,143.73,1.316,6.402,1.5109,,,,,,,
1987-09-25,,1.6417,143.67,1.3123,6.399,1.5113,,,,,,,
1987-09-28,,1.642,144.07,1.3114,6.4075,1.514,,,,,,,
1987-09-29,,1.628,146.2,1.31,6.451,1.5288,,,,,,,
1987-09-30,,1.6248,146.5,1.3095,6.458,1.5336,,,,,,,
1987-10-01,,1.6165,146.9,1.307,6.478,1.534,,10.0277,,9.1625,9.17,,8.02
1987-10-02,,1.6212,146.4,1.3085,6.46,1.5352,,,,,,,
1987-10-05,,1.6238,146.85,1.309,6.46,1.5355,,,,,,,
1987-10-06,,1.632,146.71,1.3049,6.437,1.5307,,,,,,,
1987-10-07,,1.6403,145.65,1.3052,6.4125,1.524,,,,,,,
1987-10-08,,1.6425,144.89,1.304,6.402,1.5187,,,,,,,
1987-10-09,,1.6507,143.85,1.307,6.378,1.509,,,,,,,
1987-10-12,,,,,,,,,,,,,
1987-10-13,,1.647,143.75,1.306,6.3975,1.5096,,,,,,,
1987-10-14,,1.653,142.75,1.306,6.369,1.5015,,,,,,,
1987-10-15,,1.664,142.15,1.3009,6.345,1.49,,,,,,,
1987-10-16,,1.6645,142.75,1.2985,6.356,1.493,,,,,,,
1987-10-19,,1.68,141.83,1.2966,6.308,1.4773,,,,,,,
1987-10-20,,1.6545,143.9,1.3192,6.379,1.501,,,,,,,
1987-10-21,,1.6515,144.2,1.3145,6.375,1.506,,,,,,,
1987-10-22,,1.6495,144.68,1.3167,6.398,1.505,,,,,,,
1987-10-23,,1.675,142.85,1.314,6.32,1.479,,,,,,,
1987-10-26,,1.688,142.2,1.3155,6.29,1.463,,,,,,,
1987-10-27,,1.6965,141.58,1.3183,6.27,1.4535,,,,,,,
1987-10-28,,1.71,139.18,1.3185,6.242,1.444,,,,,,,
1987-10-29,,1.719,138.25,1.318,6.2,1.435,,,,,,,
1987-10-30,,1.7215,138.4,1.3162,6.2,1.429,,,,,,,
1987-11-01,,,,,,,,8.99851,,8.775,9.27,,7.24
1987-11-02,,1.739,137.0,1.3145,6.16,1.4163,,,,,,,
1987-11-03,,1.74,137.38,1.322,6.16,1.4142,,,,,,,
1987-11-04,,1.7482,137.28,1.3236,6.15,1.411,,,,,,,
1987-11-05,,1.783,134.7,1.3315,6.0,1.368,,,,,,,
1987-11-06,,1.7825,135.4,1.3205,6.06,1.379,,,,,,,
1987-11-09,,1.793,134.3,1.3204,6.014,1.3655,,,,,,,
1987-11-10,,1.7865,134.55,1.32,6.025,1.366,,,,,,,
1987-11-11,,,,,,,,,,,,,
1987-11-12,,1.7575,136.45,1.3175,6.11,1.398,,,,,,,
1987-11-13,,1.768,135.85,1.319,6.098,1.3885,,,,,,,
1987-11-16,,1.75,136.6,1.3177,6.135,1.4,,,,,,,
1987-11-17,,1.764,135.72,1.3172,6.101,1.39,,,,,,,
1987-11-18,,1.77,135.55,1.315,6.097,1.3835,,,,,,,
1987-11-19,,1.7802,135.15,1.3107,6.0825,1.3768,,,,,,,
1987-11-20,,1.779,135.45,1.3137,6.08,1.38,,,,,,,
1987-11-23,,1.7905,134.73,1.3115,6.044,1.369,,,,,,,
1987-11-24,,1.7725,135.52,1.315,6.085,1.3865,,,,,,,
1987-11-25,,1.7925,134.8,1.31,6.036,1.3715,,,,,,,
1987-11-26,,,,,,,,,,,,,
1987-11-27,,1.8105,133.7,1.3091,6.015,1.3585,,,,,,,
1987-11-30,,1.8256,132.42,1.3081,5.961,1.3455,,,,,,,
1987-12-01,,1.818,133.0,1.3138,5.987,1.361,,7.97283,,8.97,9.07,,7.66
1987-12-02,,1.812,132.7,1.3134,6.003,1.352,,,,,,,
1987-12-03,,1.8065,132.9,1.3117,6.028,1.359,,,,,,,
1987-12-04,,1.798,132.85,1.3108,6.045,1.3645,,,,,,,
1987-12-07,,1.794,132.8,1.3112,6.05,1.3665,,,,,,,
1987-12-08,,1.7962,132.72,1.3097,6.04,1.3645,,,,,,,
1987-12-09,,1.802,132.4,1.3075,6.022,1.361,,,,,,,
1987-12-10,,1.83,129.4,1.3055,5.957,1.3345,,,,,,,
1987-12-11,,1.838,128.5,1.3056,5.94,1.331,,,,,,,
1987-12-14,,1.837,128.02,1.3077,5.938,1.3282,,,,,,,
1987-12-15,,1.8315,127.6,1.3074,5.94,1.328,,,,,,,
1987-12-16,,1.8315,127.28,1.3086,5.947,1.3285,,,,,,,
1987-12-17,,1.8355,126.25,1.306,5.92,1.317,,,,,,,
1987-12-18,,1.8258,127.1,1.3065,5.94,1.3275,,,,,,,
1987-12-21,,1.827,127.08,1.3074,5.948,1.3295,,,,,,,
1987-12-22,,1.8305,126.55,1.3058,5.936,1.3235,,,,,,,
1987-12-23,,1.8232,126.75,1.3068,5.944,1.3305,,,,,,,
1987-12-24,,1.8315,126.12,1.307,5.936,1.3215,,,,,,,
1987-12-25,,,,,,,,,,,,,
1987-12-28,,1.86,123.15,1.3037,5.84,1.29,,,,,,,
1987-12-29,,1.861,123.5,1.3053,5.845,1.289,,,,,,,
1987-12-30,,1.858,123.4,1.3033,5.839,1.2895,,,,,,,
1987-12-31,,1.886,121.25,1.3002,5.795,1.2715,,,,,,,
1988-01-01,,,,,,,,8.88691,,8.7125,9.1,,6.92
1988-01-04,,1.8773,122.7,1.299,5.807,1.285,,,,,,,
1988-01-05,,1.8305,126.9,1.2965,5.905,1.325,,,,,,,
1988-01-06,,1.806,129.65,1.2894,5.977,1.347,,,,,,,
1988-01-07,,1.816,128.58,1.2878,5.94,1.3378,,,,,,,
1988-01-08,,1.806,129.15,1.2854,5.9685,1.3493,,,,,,,
1988-01-11,,1.8219,128.2,1.2897,5.941,1.3377,,,,,,,
1988-01-12,,1.821,127.38,1.286,5.935,1.3346,,,,,,,
1988-01-13,,1.825,126.65,1.2888,5.929,1.3303,,,,,,,
1988-01-14,,1.8125,126.73,1.2911,5.929,1.3362,,,,,,,
1988-01-15,,1.7755,130.5,1.2862,6.05,1.372,,,,,,,
1988-01-18,,,,,,,,,,,,,
1988-01-19,,1.7785,128.6,1.287,6.0305,1.366,,,,,,,
1988-01-20,,1.7923,127.75,1.2825,5.988,1.349,,,,,,,
1988-01-21,,1.796,127.2,1.2827,5.991,1.351,,,,,,,
1988-01-22,,1.7823,127.85,1.2798,6.02,1.3567,,,,,,,
1988-01-25,,1.772,127.78,1.2802,6.029,1.3616,,,,,,,
1988-01-26,,1.774,127.88,1.2805,6.032,1.3605,,,,,,,
1988-01-27,,1.7798,127.6,1.2789,6.015,1.3615,,,,,,,
1988-01-28,,1.782,127.17,1.2768,6.005,1.3565,,,,,,,
1988-01-29,,1.7691,127.75,1.276,6.032,1.3673,,,,,,,
1988-02-01,,1.758,129.38,1.2741,6.068,1.3825,,9.28795,,8.55,9.23,,6.6
1988-02-02,,1.77,128.28,1.275,6.06,1.373,,,,,,,
1988-02-03,,1.767,127.9,1.275,6.045,1.3795,,,,,,,
1988-02-04,,1.7628,128.5,1.2712,6.057,1.382,,,,,,,
1988-02-05,,1.755,129.05,1.2676,6.07,1.392,,,,,,,
1988-02-08,,1.754,128.6,1.2659,6.07,1.3865,,,,,,,
1988-02-09,,1.7462,129.18,1.2664,6.0735,1.3932,,,,,,,
1988-02-10,,1.7608,129.02,1.2695,6.05,1.3863,,,,,,,
1988-02-11,,1.7585,129.14,1.2665,6.0475,1.3875,,,,,,,
1988-02-12,,1.7395,131.15,1.2625,6.1,1.407,,,,,,,
1988-02-15,,,,,,,,,,,,,
1988-02-16,,1.7475,130.25,1.2682,6.098,1.402,,,,,,,
1988-02-17,,1.748,130.3,1.2656,6.07,1.4027,,,,,,,
1988-02-18,,1.7435,130.23,1.2684,6.0825,1.4067,,,,,,,
1988-02-19,,1.749,130.05,1.2708,6.075,1.3995,,,,,,,
1988-02-22,,1.764,129.28,1.2738,6.0395,1.3912,,,,,,,
1988-02-23,,1.7663,128.78,1.2706,6.025,1.3902,,,,,,,
1988-02-24,,1.764,128.8,1.2647,6.023,1.3947,,,,,,,
1988-02-25,,1.7635,128.8,1.2645,6.0125,1.396,,,,,,,
1988-02-26,,1.7732,128.19,1.2634,5.99,1.3875,,,,,,,
1988-02-29,,1.7735,128.45,1.2606,5.992,1.3925,,,,,,,
1988-03-01,,1.7775,128.27,1.257,5.9925,1.3917,,8.91304,,8.59,9.43,,6.63
1988-03-02,,1.7705,129.2,1.2558,6.0075,1.3987,,,,,,,
1988-03-03,,1.768,129.25,1.2535,6.0235,1.407,,,,,,,
1988-03-04,,1.774,128.75,1.2559,6.006,1.3993,,,,,,,
1988-03-07,,1.818,128.17,1.256,5.9575,1.3838,,,,,,,
1988-03-08,,1.8415,128.09,1.2536,5.931,1.3775,,,,,,,
1988-03-09,,1.8475,128.02,1.2535,5.92,1.379,,,,,,,
1988-03-10,,1.8422,128.1,1.2568,5.9345,1.3795,,,,,,,
1988-03-11,,1.8525,127.38,1.2563,5.92,1.372,,,,,,,
1988-03-14,,1.8528,126.92,1.2575,5.9225,1.3725,,,,,,,
1988-03-15,,1.8542,127.15,1.2562,5.93,1.377,,,,,,,
1988-03-16,,1.8475,127.43,1.2515,5.945,1.384,,,,,,,
1988-03-17,,1.8325,128.65,1.2495,5.9845,1.4014,,,,,,,
1988-03-18,,1.8205,128.35,1.249,5.995,1.4065,,,,,,,
1988-03-21,,1.8263,127.08,1.2492,5.985,1.4002,,,,,,,
1988-03-22,,1.8294,127.12,1.2472,5.9875,1.402,,,,,,,
1988-03-23,,1.835,126.8,1.2437,5.9725,1.398,,,,,,,
1988-03-24,,1.843,125.75,1.2428,5.9455,1.3887,,,,,,,
1988-03-25,,1.836,125.35,1.2437,5.93,1.3865,,,,,,,
1988-03-28,,1.8588,124.2,1.2373,5.891,1.3707,,,,,,,
1988-03-29,,1.868,124.65,1.236,5.894,1.3745,,,,,,,
1988-03-30,,1.877,124.84,1.2364,5.898,1.373,,,,,,,
1988-03-31,,1.8865,124.1,1.2342,5.871,1.3625,,,,,,,
1988-04-01,,1.89,124.0,1.2348,5.87,1.365,,8.37426,,8.8625,9.69,,6.92
1988-04-04,,1.888,124.4,1.2366,5.878,1.3635,,,,,,,
1988-04-05,,1.879,125.18,1.2395,5.901,1.3757,,,,,,,
1988-04-06,,1.875,125.5,1.2406,5.9175,1.383,,,,,,,
1988-04-07,,1.871,125.82,1.245,5.93,1.3905,,,,,,,
1988-04-08,,1.8752,125.55,1.248,5.91,1.3828,,,,,,,
1988-04-11,,1.8544,126.68,1.2396,5.94,1.3958,,,,,,,
1988-04-12,,1.8505,126.56,1.237,5.94,1.3982,,,,,,,
1988-04-13,,1.839,126.33,1.2384,5.95,1.405,,,,,,,
1988-04-14,,1.8756,123.65,1.2365,5.88,1.374,,,,,,,
1988-04-15,,1.8885,123.88,1.2335,5.865,1.3725,,,,,,,
1988-04-18,,1.905,124.06,1.2324,5.845,1.371,,,,,,,
1988-04-19,,1.8925,124.18,1.234,5.8575,1.3754,,,,,,,
1988-04-20,,1.893,123.98,1.2285,5.8575,1.3752,,,,,,,
1988-04-21,,1.898,124.15,1.2337,5.8525,1.3752,,,,,,,
1988-04-22,,1.889,124.7,1.233,5.88,1.3835,,,,,,,
1988-04-25,,1.8748,124.82,1.2318,5.89,1.3885,,,,,,,
1988-04-26,,1.875,124.79,1.229,5.885,1.3866,,,,,,,
1988-04-27,,1.877,125.1,1.2285,5.8855,1.388,,,,,,,
1988-04-28,,1.874,124.6,1.2315,5.863,1.3846,,,,,,,
1988-04-29,,1.8785,124.92,1.2292,5.875,1.3935,,,,,,,
1988-05-01,,,,,,,,8.06676,,9.0375,10.41,,7.24
1988-05-02,,1.8715,124.95,1.2314,5.89,1.398,,,,,,,
1988-05-03,,1.8712,124.88,1.2347,5.88,1.395,,,,,,,
1988-05-04,,1.8645,125.0,1.2355,5.89,1.4,,,,,,,
1988-05-05,,1.8665,124.65,1.2332,5.885,1.3993,,,,,,,
1988-05-06,,1.862,124.88,1.2379,5.8955,1.402,,,,,,,
1988-05-09,,1.8797,124.82,1.2396,5.8875,1.401,,,,,,,
1988-05-10,,1.8813,124.44,1.2384,5.8775,1.3949,,,,,,,
1988-05-11,,1.886,124.25,1.2322,5.8625,1.394,,,,,,,
1988-05-12,,1.8845,124.39,1.2313,5.877,1.396,,,,,,,
1988-05-13,,1.891,124.68,1.2338,5.88,1.4002,,,,,,,
1988-05-16,,1.889,124.95,1.2335,5.891,1.4045,,,,,,,
1988-05-17,,1.8638,125.73,1.236,5.935,1.4195,,,,,,,
1988-05-18,,1.864,125.4,1.2409,5.937,1.4215,,,,,,,
1988-05-19,,1.8668,124.87,1.2434,5.9225,1.4172,,,,,,,
1988-05-20,,1.8618,124.84,1.2423,5.9285,1.4207,,,,,,,
1988-05-23,,1.869,124.55,1.2431,5.9225,1.4175,,,,,,,
1988-05-24,,1.867,124.35,1.2415,5.92,1.422,,,,,,,
1988-05-25,,1.863,124.35,1.2433,5.925,1.425,,,,,,,
1988-05-26,,1.8625,124.44,1.2375,5.9375,1.424,,,,,,,
1988-05-27,,1.8555,125.0,1.24,5.955,1.4365,,,,,,,
1988-05-30,,,,,,,,,,,,,
1988-05-31,,1.8382,125.11,1.2339,5.9925,1.4438,,,,,,,
1988-06-01,,1.8235,125.2,1.2325,6.01,1.4412,,8.97514,,9.37,10.24,,7.51
1988-06-02,,1.7995,126.55,1.233,6.038,1.437,,,,,,,
1988-06-03,,1.794,125.97,1.231,6.0385,1.4395,,,,,,,
1988-06-06,,1.8017,126.18,1.2325,6.016,1.4325,,,,,,,
1988-06-07,,1.8112,125.72,1.2307,5.9925,1.429,,,,,,,
1988-06-08,,1.8171,125.25,1.2228,5.9925,1.4325,,,,,,,
1988-06-09,,1.8145,125.2,1.2214,6.004,1.4357,,,,,,,
1988-06-10,,1.817,124.92,1.2195,6.0075,1.4373,,,,,,,
1988-06-13,,1.8165,125.2,1.2207,6.0295,1.4425,,,,,,,
1988-06-14,,1.785,126.4,1.218,6.08,1.4627,,,,,,,
1988-06-15,,1.786,126.27,1.2158,6.085,1.466,,,,,,,
1988-06-16,,1.786,125.78,1.2138,6.088,1.4614,,,,,,,
1988-06-17,,1.7825,125.87,1.213,6.095,1.4575,,,,,,,
1988-06-20,,1.7845,126.25,1.2096,6.105,1.4635,,,,,,,
1988-06-21,,1.7855,126.47,1.2082,6.105,1.4626,,,,,,,
1988-06-22,,1.7677,128.63,1.2105,6.156,1.4731,,,,,,,
1988-06-23,,1.7566,128.67,1.2041,6.184,1.478,,,,,,,
1988-06-24,,1.725,130.6,1.2028,6.2685,1.507,,,,,,,
1988-06-27,,1.7029,130.88,1.2076,6.2675,1.5055,,,,,,,
1988-06-28,,1.718,130.95,1.21,6.231,1.498,,,,,,,
1988-06-29,,1.7063,133.75,1.2176,6.2835,1.5155,,,,,,,
1988-06-30,,1.7085,133.53,1.213,6.285,1.506,,,,,,,
1988-07-01,,1.701,134.1,1.221,6.3,1.5135,,10.57366,,9.4125,10.34,,7.94
1988-07-04,,,,,,,,,,,,,
1988-07-05,,1.707,134.29,1.2136,6.299,1.5165,,,,,,,
1988-07-06,,1.7115,133.6,1.2071,6.285,1.5137,,,,,,,
1988-07-07,,1.7173,131.77,1.2053,6.267,1.51,,,,,,,
1988-07-08,,1.7015,133.23,1.2097,6.313,1.5307,,,,,,,
1988-07-11,,1.689,132.9,1.2085,6.358,1.5347,,,,,,,
1988-07-12,,1.6955,132.63,1.2102,6.33,1.5232,,,,,,,
1988-07-13,,1.6917,132.9,1.2086,6.352,1.531,,,,,,,
1988-07-14,,1.689,133.13,1.2085,6.361,1.532,,,,,,,
1988-07-15,,1.663,135.3,1.212,6.4475,1.5557,,,,,,,
1988-07-18,,1.67,134.75,1.2097,6.46,1.5626,,,,,,,
1988-07-19,,1.6935,133.9,1.2014,6.408,1.548,,,,,,,
1988-07-20,,1.7095,133.18,1.1956,6.368,1.5367,,,,,,,
1988-07-21,,1.7265,132.25,1.1975,6.3335,1.529,,,,,,,
1988-07-22,,1.74,130.7,1.1985,6.3,1.518,,,,,,,
1988-07-25,,1.725,132.1,1.2075,6.355,1.5343,,,,,,,
1988-07-26,,1.7133,132.55,1.209,6.3885,1.546,,,,,,,
1988-07-27,,1.726,131.7,1.2074,6.355,1.5383,,,,,,,
1988-07-28,,1.722,132.4,1.2089,6.385,1.551,,,,,,,
1988-07-29,,1.71,133.05,1.2107,6.419,1.562,,,,,,,
1988-08-01,,1.713,132.8,1.2077,6.438,1.562,,11.44429,,9.91,10.58,,8.35
1988-08-02,,1.71,132.92,1.2065,6.4465,1.5625,,,,,,,
1988-08-03,,1.7105,132.87,1.203,6.444,1.5625,,,,,,,
1988-08-04,,1.709,133.02,1.203,6.448,1.5684,,,,,,,
1988-08-05,,1.6928,133.68,1.2055,6.471,1.581,,,,,,,
1988-08-08,,1.697,133.75,1.2105,6.5075,1.5905,,,,,,,
1988-08-09,,1.6863,134.75,1.2155,6.5425,1.603,,,,,,,
1988-08-10,,1.6905,134.45,1.226,6.55,1.6005,,,,,,,
1988-08-11,,1.691,133.86,1.223,6.515,1.5905,,,,,,,
1988-08-12,,1.7155,133.15,1.2198,6.474,1.5752,,,,,,,
1988-08-15,,1.7138,133.25,1.2236,6.479,1.578,,,,,,,
1988-08-16,,1.719,132.92,1.2278,6.442,1.5698,,,,,,,
1988-08-17,,1.6898,134.07,1.2324,6.54,1.604,,,,,,,
1988-08-18,,1.6985,133.35,1.2302,6.505,1.5973,,,,,,,
1988-08-19,,1.7025,133.45,1.2272,6.491,1.592,,,,,,,
1988-08-22,,1.6763,134.1,1.2293,6.5695,1.6117,,,,,,,
1988-08-23,,1.679,133.85,1.2305,6.5345,1.605,,,,,,,
1988-08-24,,1.6785,134.25,1.232,6.5115,1.5955,,,,,,,
1988-08-25,,1.699,133.35,1.2345,6.454,1.5725,,,,,,,
1988-08-26,,1.6908,133.66,1.2373,6.436,1.566,,,,,,,
1988-08-29,,1.685,134.13,1.24,6.465,1.5755,,,,,,,
1988-08-30,,1.69,134.47,1.2388,6.462,1.576,,,,,,,
1988-08-31,,1.6825,136.52,1.24,6.493,1.585,,,,,,,
1988-09-01,,1.669,136.35,1.237,6.491,1.581,,12.19034,,10.475,10.4,,8.23
1988-09-02,,1.683,136.1,1.2372,6.456,1.564,,,,,,,
1988-09-05,,,,,,,,,,,,,
1988-09-06,,1.7033,135.3,1.2338,6.405,1.5535,,,,,,,
1988-09-07,,1.708,133.67,1.239,6.405,1.5547,,,,,,,
1988-09-08,,1.697,133.87,1.2391,6.4175,1.563,,,,,,,
1988-09-09,,1.6968,133.62,1.2398,6.42,1.5623,,,,,,,
1988-09-12,,1.6957,133.5,1.2385,6.4115,1.5538,,,,,,,
1988-09-13,,1.696,133.3,1.231,6.4125,1.5602,,,,,,,
1988-09-14,,1.6745,134.6,1.2227,6.4825,1.5835,,,,,,,
1988-09-15,,1.68,133.67,1.2238,6.475,1.582,,,,,,,
1988-09-16,,1.6754,134.3,1.2235,6.485,1.5845,,,,,,,
1988-09-19,,1.6788,133.55,1.2195,6.435,1.579,,,,,,,
1988-09-20,,1.6865,133.9,1.2205,6.4175,1.5747,,,,,,,
1988-09-21,,1.675,134.25,1.2183,6.445,1.5836,,,,,,,
1988-09-22,,1.6675,134.63,1.2186,6.4625,1.5875,,,,,,,
1988-09-23,,1.6715,134.47,1.222,6.4525,1.585,,,,,,,
1988-09-26,,1.6665,134.65,1.2215,6.475,1.5936,,,,,,,
1988-09-27,,1.6788,134.45,1.2186,6.46,1.5908,,,,,,,
1988-09-28,,1.6868,134.23,1.2207,6.4525,1.59,,,,,,,
1988-09-29,,1.6822,134.36,1.2176,6.455,1.5932,,,,,,,
1988-09-30,,1.691,133.9,1.2173,6.425,1.5835,,,,,,,
1988-10-01,,,,,,,,12.0439,,10.4375,10.5,,8.36
1988-10-03,,1.6985,133.65,1.2105,6.398,1.5788,,,,,,,
1988-10-04,,1.6945,133.26,1.2099,6.394,1.5801,,,,,,,
1988-10-05,,1.6955,133.5,1.2075,6.392,1.5833,,,,,,,
1988-10-06,,1.694,133.41,1.2115,6.395,1.583,,,,,,,
1988-10-07,,1.698,133.3,1.2077,6.384,1.58,,,,,,,
1988-10-10,,,,,,,,,,,,,
1988-10-11,,1.716,131.07,1.209,6.3475,1.571,,,,,,,
1988-10-12,,1.731,128.96,1.2105,6.298,1.551,,,,,,,
1988-10-13,,1.7455,128.03,1.2086,6.258,1.5395,,,,,,,
1988-10-14,,1.7555,127.15,1.205,6.249,1.5308,,,,,,,
1988-10-17,,1.748,127.28,1.2049,6.244,1.53,,,,,,,
1988-10-18,,1.752,126.67,1.1998,6.227,1.5245,,,,,,,
1988-10-19,,1.7505,127.3,1.2,6.245,1.5298,,,,,,,
1988-10-20,,1.763,127.2,1.1991,6.225,1.5225,,,,,,,
1988-10-21,,1.762,126.35,1.202,6.18,1.5077,,,,,,,
1988-10-24,,1.7515,126.83,1.1975,6.175,1.5159,,,,,,,
1988-10-25,,1.7535,126.7,1.2,6.215,1.5175,,,,,,,
1988-10-26,,1.761,125.7,1.1991,6.195,1.5041,,,,,,,
1988-10-27,,1.768,125.9,1.2041,6.192,1.4955,,,,,,,
1988-10-28,,1.768,125.85,1.2039,6.18,1.498,,,,,,,
1988-10-31,,1.769,125.5,1.2197,6.195,1.5015,,,,,,,
1988-11-01,,1.7668,125.3,1.2282,6.2,1.5005,,12.31818,,10.85,10.65,,8.78
1988-11-02,,1.777,124.6,1.227,6.18,1.4945,,,,,,,
1988-11-03,,1.782,124.2,1.2213,6.164,1.485,,,,,,,
1988-11-04,,1.765,125.32,1.2227,6.2175,1.5037,,,,,,,
1988-11-07,,1.775,124.72,1.2372,6.19,1.494,,,,,,,
1988-11-08,,1.7702,125.57,1.2352,6.196,1.5017,,,,,,,
1988-11-09,,1.7908,124.25,1.2324,6.133,1.4815,,,,,,,
1988-11-10,,1.7955,123.98,1.2258,6.128,1.477,,,,,,,
1988-11-11,,,,,,,,,,,,,
1988-11-14,,1.808,123.43,1.2298,6.088,1.465,,,,,,,
1988-11-15,,1.807,123.42,1.235,6.085,1.4635,,,,,,,
1988-11-16,,1.822,122.55,1.231,6.04,1.4465,,,,,,,
1988-11-17,,1.821,122.73,1.2339,6.064,1.4525,,,,,,,
1988-11-18,,1.816,122.65,1.2345,6.072,1.4587,,,,,,,
1988-11-21,,1.8235,121.95,1.2117,6.044,1.452,,,,,,,
1988-11-22,,1.8318,121.35,1.202,6.023,1.4473,,,,,,,
1988-11-23,,1.837,121.3,1.2,6.006,1.4405,,,,,,,
1988-11-24,,,,,,,,,,,,,
1988-11-25,,1.844,121.1,1.1907,6.004,1.437,,,,,,,
1988-11-28,,1.837,122.22,1.1915,6.04,1.4508,,,,,,,
1988-11-29,,1.8516,121.5,1.1941,6.02,1.4453,,,,,,,
1988-11-30,,1.8493,121.9,1.1878,6.0415,1.4535,,,,,,,
1988-12-01,,1.8525,121.6,1.1873,6.024,1.4525,,13.15767,,11.1125,10.43,,9.25
1988-12-02,,1.856,121.47,1.1875,6.02,1.4503,,,,,,,
1988-12-05,,1.87,121.5,1.1858,6.001,1.445,,,,,,,
1988-12-06,,1.8654,121.75,1.1896,6.015,1.4523,,,,,,,
1988-12-07,,1.841,123.5,1.2005,6.09,1.479,,,,,,,
1988-12-08,,1.85,122.57,1.1936,6.048,1.466,,,,,,,
1988-12-09,,1.849,122.35,1.1972,6.025,1.4612,,,,,,,
1988-12-12,,1.842,122.85,1.1985,6.0495,1.4662,,,,,,,
1988-12-13,,1.828,123.15,1.1997,6.067,1.471,,,,,,,
1988-12-14,,1.8295,122.71,1.2003,6.045,1.4654,,,,,,,
1988-12-15,,1.8278,123.37,1.2056,6.068,1.4725,,,,,,,
1988-12-16,,1.811,124.5,1.205,6.119,1.4895,,,,,,,
1988-12-19,,1.8226,124.1,1.2001,6.121,1.488,,,,,,,
1988-12-20,,1.8015,125.1,1.2008,6.1625,1.499,,,,,,,
1988-12-21,,1.807,124.35,1.2006,6.13,1.494,,,,,,,
1988-12-22,,1.798,124.71,1.1958,6.137,1.4975,,,,,,,
1988-12-23,,1.8,124.85,1.1965,6.139,1.4985,,,,,,,
1988-12-26,,,,,,,,,,,,,
1988-12-27,,1.804,124.85,1.1965,6.138,1.4995,,,,,,,
1988-12-28,,1.789,125.58,1.195,6.1725,1.5135,,,,,,,
1988-12-29,,1.7895,125.85,1.1925,6.1625,1.515,,,,,,,
1988-12-30,,1.8085,125.05,1.1928,6.131,1.502,,,,,,,
1989-01-01,,,,,,,,13.16122,,11.2875,10.38,,9.2
1989-01-02,,,,,,,,,,,,,
1989-01-03,,1.8225,123.6,1.1907,6.096,1.4973,,,,,,,
1989-01-04,,1.807,125.05,1.1921,6.16,1.5188,,,,,,,
1989-01-05,,1.797,125.59,1.1895,6.18,1.531,,,,,,,
1989-01-06,,1.78,126.62,1.1952,6.23,1.549,,,,,,,
1989-01-09,,1.7636,126.45,1.197,6.264,1.5575,,,,,,,
1989-01-10,,1.7637,126.3,1.2009,6.275,1.5645,,,,,,,
1989-01-11,,1.781,126.13,1.2008,6.25,1.5552,,,,,,,
1989-01-12,,1.784,126.17,1.1967,6.25,1.5562,,,,,,,
1989-01-13,,1.7787,126.7,1.1988,6.2695,1.5627,,,,,,,
1989-01-16,,,,,,,,,,,,,
1989-01-17,,1.768,127.75,1.198,6.312,1.5765,,,,,,,
1989-01-18,,1.7545,128.5,1.194,6.3525,1.5903,,,,,,,
1989-01-19,,1.75,129.7,1.1895,6.347,1.591,,,,,,,
1989-01-20,,1.7685,128.27,1.1879,6.294,1.5685,,,,,,,
1989-01-23,,1.774,127.8,1.1885,6.2775,1.5575,,,,,,,
1989-01-24,,1.7677,127.65,1.187,6.285,1.561,,,,,,,
1989-01-25,,1.771,127.73,1.1857,6.2915,1.568,,,,,,,
1989-01-26,,1.7735,128.15,1.1823,6.291,1.5677,,,,,,,
1989-01-27,,1.758,129.24,1.1877,6.334,1.5865,,,,,,,
1989-01-30,,1.7618,129.35,1.181,6.331,1.5792,,,,,,,
1989-01-31,,1.75,130.5,1.1835,6.36,1.5997,,,,,,,
1989-02-01,,1.7535,129.6,1.1894,6.34,1.584,,13.06406,,11.5625,10.55,,9.51
1989-02-02,,1.7508,129.15,1.1881,6.353,1.5855,,,,,,,
1989-02-03,,1.7415,129.65,1.1858,6.383,1.5975,,,,,,,
1989-02-06,,1.7327,129.65,1.1832,6.382,1.5965,,,,,,,
1989-02-07,,1.7425,129.29,1.1822,6.347,1.5865,,,,,,,
1989-02-08,,1.7433,129.6,1.185,6.37,1.591,,,,,,,
1989-02-09,,1.7548,128.58,1.184,6.33,1.5795,,,,,,,
1989-02-10,,1.7543,128.49,1.186,6.3325,1.5825,,,,,,,
1989-02-13,,1.7495,128.4,1.1865,6.353,1.5895,,,,,,,
1989-02-14,,1.7685,126.73,1.184,6.305,1.57,,,,,,,
1989-02-15,,1.7733,126.4,1.1805,6.293,1.5635,,,,,,,
1989-02-16,,1.7708,126.32,1.186,6.307,1.5642,,,,,,,
1989-02-17,,1.776,125.9,1.1895,6.295,1.56,,,,,,,
1989-02-20,,,,,,,,,,,,,
1989-02-21,,1.7502,126.75,1.1899,6.321,1.569,,,,,,,
1989-02-22,,1.7505,126.58,1.1958,6.3005,1.5685,,,,,,,
1989-02-23,,1.76,126.2,1.1958,6.28,1.554,,,,,,,
1989-02-24,,1.753,126.32,1.1987,6.285,1.557,,,,,,,
1989-02-27,,1.7448,126.53,1.2035,6.288,1.5525,,,,,,,
1989-02-28,,1.744,126.87,1.199,6.287,1.5549,,,,,,,
1989-03-01,,1.724,128.1,1.1997,6.325,1.5685,,13.0625,,12.21,11.44,,10.09
1989-03-02,,1.7238,127.88,1.1935,6.336,1.5747,,,,,,,
1989-03-03,,1.723,127.7,1.196,6.331,1.5747,,,,,,,
1989-03-06,,1.722,128.85,1.1935,6.359,1.584,,,,,,,
1989-03-07,,1.7217,128.74,1.1987,6.351,1.5835,,,,,,,
1989-03-08,,1.7197,128.7,1.2014,6.361,1.586,,,,,,,
1989-03-09,,1.7175,129.05,1.201,6.375,1.59,,,,,,,
1989-03-10,,1.7155,129.5,1.1988,6.383,1.592,,,,,,,
1989-03-13,,1.7115,129.88,1.1982,6.398,1.5975,,,,,,,
1989-03-14,,1.7272,129.68,1.1945,6.382,1.5902,,,,,,,
1989-03-15,,1.719,130.6,1.1949,6.406,1.609,,,,,,,
1989-03-16,,1.7179,131.22,1.1965,6.414,1.6115,,,,,,,
1989-03-17,,1.713,131.6,1.197,6.4035,1.618,,,,,,,
1989-03-20,,1.7103,131.7,1.1946,6.414,1.6155,,,,,,,
1989-03-21,,1.72,131.28,1.1922,6.392,1.622,,,,,,,
1989-03-22,,1.7228,131.15,1.1898,6.384,1.623,,,,,,,
1989-03-23,,1.7218,131.2,1.1895,6.387,1.6255,,,,,,,
1989-03-24,,1.719,131.5,1.192,6.395,1.6285,,,,,,,
1989-03-27,,1.71,132.7,1.1935,6.428,1.6415,,,,,,,
1989-03-28,,1.688,133.08,1.1949,6.47,1.653,,,,,,,
1989-03-29,,1.6886,132.83,1.1953,6.4455,1.6445,,,,,,,
1989-03-30,,1.6875,132.95,1.1945,6.462,1.6585,,,,,,,
1989-03-31,,1.6852,132.77,1.1936,6.443,1.6625,,,,,,,
1989-04-01,,,,,,,,13.18359,,12.475,11.52,,9.94
1989-04-03,,1.686,132.05,1.1899,6.4,1.6495,,,,,,,
1989-04-04,,1.7068,130.9,1.1875,6.375,1.6322,,,,,,,
1989-04-05,,1.6997,131.8,1.1899,6.365,1.642,,,,,,,
1989-04-06,,1.704,131.93,1.1941,6.369,1.6395,,,,,,,
1989-04-07,,1.697,132.45,1.193,6.405,1.649,,,,,,,
1989-04-10,,1.6975,132.63,1.1902,6.406,1.6563,,,,,,,
1989-04-11,,1.689,132.75,1.1895,6.42,1.665,,,,,,,
1989-04-12,,1.6905,132.98,1.189,6.4165,1.6675,,,,,,,
1989-04-13,,1.6975,132.2,1.1883,6.385,1.647,,,,,,,
1989-04-14,,1.6988,132.15,1.1876,6.378,1.65,,,,,,,
1989-04-17,,1.716,131.95,1.1853,6.332,1.6363,,,,,,,
1989-04-18,,1.718,131.52,1.1847,6.326,1.6285,,,,,,,
1989-04-19,,1.71,132.34,1.187,6.345,1.636,,,,,,,
1989-04-20,,1.717,131.35,1.1845,6.3105,1.6277,,,,,,,
1989-04-21,,1.714,131.45,1.1865,6.31,1.633,,,,,,,
1989-04-24,,1.7049,131.6,1.189,6.3365,1.643,,,,,,,
1989-04-25,,1.701,131.39,1.189,6.356,1.6442,,,,,,,
1989-04-26,,1.6885,132.25,1.1902,6.383,1.6582,,,,,,,
1989-04-27,,1.6905,132.19,1.1935,6.372,1.6588,,,,,,,
1989-04-28,,1.689,132.85,1.1865,6.388,1.6735,,,,,,,
1989-05-01,,1.68,134.07,1.1867,6.42,1.6895,,13.22215,,12.402,11.56,,9.59
1989-05-02,,1.685,133.81,1.1839,6.411,1.678,,,,,,,
1989-05-03,,1.683,134.2,1.1836,6.42,1.6835,,,,,,,
1989-05-04,,1.6833,133.95,1.1842,6.423,1.6865,,,,,,,
1989-05-05,,1.6732,134.33,1.1838,6.446,1.6988,,,,,,,
1989-05-08,,1.6692,134.8,1.1858,6.455,1.705,,,,,,,
1989-05-09,,1.6605,134.83,1.1877,6.4895,1.7042,,,,,,,
1989-05-10,,1.6715,134.43,1.185,6.451,1.693,,,,,,,
1989-05-11,,1.667,135.3,1.1867,6.48,1.7055,,,,,,,
1989-05-12,,1.6593,135.95,1.187,6.49,1.72,,,,,,,
1989-05-15,,1.6394,137.24,1.191,6.55,1.738,,,,,,,
1989-05-16,,1.6393,137.3,1.1893,6.57,1.736,,,,,,,
1989-05-17,,1.6125,139.25,1.1925,6.654,1.7645,,,,,,,
1989-05-18,,1.6175,138.65,1.1928,6.653,1.756,,,,,,,
1989-05-19,,1.619,138.8,1.1911,6.6475,1.7583,,,,,,,
1989-05-22,,1.5806,142.05,1.1958,6.762,1.7923,,,,,,,
1989-05-23,,1.5678,142.0,1.198,6.751,1.7883,,,,,,,
1989-05-24,,1.5695,142.8,1.2005,6.7595,1.786,,,,,,,
1989-05-25,,1.5803,142.0,1.208,6.712,1.7562,,,,,,,
1989-05-26,,1.588,141.43,1.2055,6.697,1.737,,,,,,,
1989-05-29,,,,,,,,,,,,,
1989-05-30,,1.558,143.48,1.2102,6.7585,1.7555,,,,,,,
1989-05-31,,1.5715,142.33,1.2062,6.664,1.706,,,,,,,
1989-06-01,,1.573,142.73,1.207,6.685,1.705,,14.18253,,12.3125,11.56,,9.2
1989-06-02,,1.592,141.75,1.2066,6.624,1.685,,,,,,,
1989-06-05,,1.5807,141.82,1.2005,6.6405,1.695,,,,,,,
1989-06-06,,1.571,142.95,1.2018,6.671,1.7135,,,,,,,
1989-06-07,,1.5815,142.5,1.1973,6.639,1.699,,,,,,,
1989-06-08,,1.573,143.4,1.1976,6.6735,1.713,,,,,,,
1989-06-09,,1.554,146.15,1.2,6.752,1.74,,,,,,,
1989-06-12,,1.5251,148.8,1.2027,6.8125,1.7555,,,,,,,
1989-06-13,,1.5155,149.2,1.201,6.8145,1.7527,,,,,,,
1989-06-14,,1.5145,149.05,1.1992,6.815,1.7525,,,,,,,
1989-06-15,,1.5195,149.62,1.1993,6.8165,1.7492,,,,,,,
1989-06-16,,1.534,145.55,1.1975,6.722,1.721,,,,,,,
1989-06-19,,1.548,144.45,1.199,6.68,1.7055,,,,,,,
1989-06-20,,1.5495,144.07,1.1994,6.6905,1.74,,,,,,,
1989-06-21,,1.547,143.85,1.197,6.652,1.703,,,,,,,
1989-06-22,,1.553,141.07,1.1923,6.638,1.6852,,,,,,,
1989-06-23,,1.567,138.5,1.1913,6.575,1.665,,,,,,,
1989-06-26,,1.5448,140.82,1.194,6.6405,1.6845,,,,,,,
1989-06-27,,1.566,141.1,1.1942,6.622,1.6855,,,,,,,
1989-06-28,,1.5555,142.8,1.1967,6.652,1.689,,,,,,,
1989-06-29,,1.552,143.4,1.1953,6.645,1.677,,,,,,,
1989-06-30,,1.549,144.0,1.1985,6.657,1.679,,,,,,,
1989-07-01,,,,,,,,13.96317,,12.225,11.7,,8.76
1989-07-03,,1.5774,141.25,1.1948,6.575,1.654,,,,,,,
1989-07-04,,,,,,,,,,,,,
1989-07-05,,1.619,138.9,1.1915,6.472,1.6205,,,,,,,
1989-07-06,,1.6215,139.4,1.1919,6.46,1.6225,,,,,,,
1989-07-07,,1.6235,139.8,1.191,6.454,1.62,,,,,,,
1989-07-10,,1.6405,139.0,1.1886,6.398,1.596,,,,,,,
1989-07-11,,1.6265,140.3,1.1903,6.459,1.617,,,,,,,
1989-07-12,,1.625,139.85,1.1901,6.445,1.6145,,,,,,,
1989-07-13,,1.6235,139.45,1.193,6.448,1.6195,,,,,,,
1989-07-14,,1.6125,140.5,1.1918,6.502,1.6465,,,,,,,
1989-07-17,,1.6138,141.55,1.191,6.5065,1.6475,,,,,,,
1989-07-18,,1.625,141.3,1.1911,6.471,1.641,,,,,,,
1989-07-19,,1.619,141.95,1.1892,6.4925,1.6468,,,,,,,
1989-07-20,,1.6265,141.45,1.1876,6.4865,1.6415,,,,,,,
1989-07-21,,1.62,141.92,1.188,6.5,1.6457,,,,,,,
1989-07-24,,1.6173,143.18,1.1888,6.51,1.645,,,,,,,
1989-07-25,,1.6258,142.55,1.188,6.481,1.6315,,,,,,,
1989-07-26,,1.6495,140.65,1.187,6.424,1.613,,,,,,,
1989-07-27,,1.6598,138.95,1.1832,6.399,1.608,,,,,,,
1989-07-28,,1.6445,139.58,1.185,6.438,1.6242,,,,,,,
1989-07-31,,1.666,136.95,1.1809,6.384,1.6065,,,,,,,
1989-08-01,,1.6545,136.82,1.1747,6.384,1.6075,,13.89572,,12.292,11.76,,8.64
1989-08-02,,1.6628,136.15,1.1757,6.359,1.5922,,,,,,,
1989-08-03,,1.6415,136.95,1.1718,6.39,1.6073,,,,,,,
1989-08-04,,1.6145,139.45,1.177,6.477,1.635,,,,,,,
1989-08-07,,1.6073,139.5,1.174,6.4975,1.638,,,,,,,
1989-08-08,,1.6255,138.8,1.1722,6.4605,1.6268,,,,,,,
1989-08-09,,1.6177,139.25,1.1713,6.472,1.6355,,,,,,,
1989-08-10,,1.6275,139.08,1.1724,6.455,1.631,,,,,,,
1989-08-11,,1.585,141.94,1.176,6.584,1.6725,,,,,,,
1989-08-14,,1.5835,141.7,1.178,6.595,1.6752,,,,,,,
1989-08-15,,1.5725,142.19,1.1826,6.604,1.6785,,,,,,,
1989-08-16,,1.5785,142.15,1.179,6.6,1.6725,,,,,,,
1989-08-17,,1.559,143.8,1.1825,6.6625,1.697,,,,,,,
1989-08-18,,1.5685,145.85,1.184,6.61,1.685,,,,,,,
1989-08-21,,1.578,142.42,1.1745,6.615,1.6817,,,,,,,
1989-08-22,,1.5845,142.58,1.1729,6.5925,1.6725,,,,,,,
1989-08-23,,1.5705,143.23,1.1762,6.62,1.6875,,,,,,,
1989-08-24,,1.5697,143.34,1.1768,6.628,1.688,,,,,,,
1989-08-25,,1.572,143.3,1.1735,6.615,1.6847,,,,,,,
1989-08-28,,1.5665,144.2,1.1723,6.623,1.688,,,,,,,
1989-08-29,,1.5835,143.13,1.1727,6.5725,1.6695,,,,,,,
1989-08-30,,1.5822,143.73,1.1765,6.568,1.677,,,,,,,
1989-08-31,,1.573,144.6,1.1763,6.621,1.688,,,,,,,
1989-09-01,,1.557,145.85,1.182,6.686,1.71,,14.07217,,12.3275,11.61,,8.78
1989-09-04,,,,,,,,,,,,,
1989-09-05,,1.5375,147.05,1.1814,6.714,1.7177,,,,,,,
1989-09-06,,1.553,146.25,1.18,6.672,1.705,,,,,,,
1989-09-07,,1.546,146.9,1.1843,6.69,1.713,,,,,,,
1989-09-08,,1.548,146.3,1.1878,6.679,1.709,,,,,,,
1989-09-11,,1.546,146.82,1.1874,6.6975,1.7155,,,,,,,
1989-09-12,,1.547,147.15,1.1893,6.695,1.716,,,,,,,
1989-09-13,,1.553,146.95,1.1859,6.675,1.7096,,,,,,,
1989-09-14,,1.5595,146.55,1.185,6.65,1.6985,,,,,,,
1989-09-15,,1.538,148.75,1.1882,6.744,1.7269,,,,,,,
1989-09-18,,1.5685,145.85,1.184,6.61,1.685,,,,,,,
1989-09-19,,1.5735,145.65,1.1836,6.61,1.6875,,,,,,,
1989-09-20,,1.5815,145.05,1.1828,6.585,1.6805,,,,,,,
1989-09-21,,1.5805,145.35,1.1845,6.595,1.6837,,,,,,,
1989-09-22,,1.5755,145.6,1.1808,6.599,1.689,,,,,,,
1989-09-25,,1.608,142.7,1.1775,6.5,1.657,,,,,,,
1989-09-26,,1.6215,141.88,1.1745,6.472,1.64,,,,,,,
1989-09-27,,1.613,140.6,1.1777,6.446,1.632,,,,,,,
1989-09-28,,1.6077,140.55,1.1805,6.4555,1.6323,,,,,,,
1989-09-29,,1.6145,139.6,1.1789,6.431,1.6228,,,,,,,
1989-10-01,,,,,,,,15.06818,,12.33,11.78,,8.6
1989-10-02,,1.6178,139.48,1.1776,6.434,1.6245,,,,,,,
1989-10-03,,1.6055,141.13,1.1764,6.47,1.6255,,,,,,,
1989-10-04,,1.604,141.05,1.1749,6.445,1.6275,,,,,,,
1989-10-05,,1.61,142.4,1.1753,6.485,1.637,,,,,,,
1989-10-06,,1.6025,142.8,1.1765,6.48,1.6455,,,,,,,
1989-10-09,,,,,,,,,,,,,
1989-10-10,,1.5575,143.95,1.1734,6.515,1.657,,,,,,,
1989-10-11,,1.5445,144.8,1.1758,6.57,1.67,,,,,,,
1989-10-12,,1.5515,144.2,1.1755,6.564,1.673,,,,,,,
1989-10-13,,1.564,143.2,1.1745,6.52,1.6615,,,,,,,
1989-10-16,,1.5745,141.8,1.1767,6.4725,1.635,,,,,,,
1989-10-17,,1.5815,141.5,1.1759,6.446,1.6235,,,,,,,
1989-10-18,,1.5878,141.7,1.1739,6.452,1.6255,,,,,,,
1989-10-19,,1.594,141.95,1.1743,6.438,1.622,,,,,,,
1989-10-20,,1.59,142.3,1.1735,6.455,1.626,,,,,,,
1989-10-23,,1.5935,142.35,1.1725,6.4505,1.625,,,,,,,
1989-10-24,,1.606,141.55,1.1723,6.3995,1.612,,,,,,,
1989-10-25,,1.6088,141.65,1.1747,6.4005,1.612,,,,,,,
1989-10-26,,1.612,141.65,1.1752,6.402,1.609,,,,,,,
1989-10-27,,1.575,142.0,1.1754,6.393,1.602,,,,,,,
1989-10-30,,1.5783,142.15,1.1747,6.406,1.607,,,,,,,
1989-10-31,,1.5775,142.73,1.1741,6.42,1.6145,,,,,,,
1989-11-01,,1.5818,143.11,1.1743,6.413,1.614,,15.15412,,12.352,11.84,,8.39
1989-11-02,,1.564,143.7,1.1727,6.44,1.6235,,,,,,,
1989-11-03,,1.5705,143.18,1.1725,6.432,1.622,,,,,,,
1989-11-06,,1.5785,143.7,1.1714,6.439,1.6242,,,,,,,
1989-11-07,,1.5812,143.44,1.171,6.425,1.6195,,,,,,,
1989-11-08,,1.5865,143.14,1.1698,6.42,1.617,,,,,,,
1989-11-09,,1.5862,142.86,1.1678,6.427,1.6217,,,,,,,
1989-11-10,,1.5763,143.3,1.1697,6.46,1.6377,,,,,,,
1989-11-13,,1.58,143.88,1.1678,6.485,1.641,,,,,,,
1989-11-14,,1.5815,143.68,1.1705,6.45,1.6315,,,,,,,
1989-11-15,,1.5816,143.75,1.173,6.448,1.623,,,,,,,
1989-11-16,,1.577,143.8,1.1698,6.45,1.6285,,,,,,,
1989-11-17,,1.5675,144.4,1.1697,6.4475,1.632,,,,,,,
1989-11-20,,1.559,144.5,1.1715,6.452,1.6325,,,,,,,
1989-11-21,,1.567,143.75,1.1703,6.44,1.6183,,,,,,,
1989-11-22,,1.565,143.85,1.1705,6.435,1.6147,,,,,,,
1989-11-23,,,,,,,,,,,,,
1989-11-24,,1.562,143.5,1.1675,6.421,1.615,,,,,,,
1989-11-27,,1.56,143.4,1.1675,6.404,1.6055,,,,,,,
1989-11-28,,1.562,143.72,1.1678,6.395,1.596,,,,,,,
1989-11-29,,1.5665,142.65,1.166,6.38,1.5885,,,,,,,
1989-11-30,,1.5695,142.91,1.1633,6.38,1.5915,,,,,,,
1989-12-01,,1.566,143.1,1.1663,6.385,1.5925,,15.15179,,12.345,12.29,,8.32
1989-12-04,,1.5635,143.58,1.1646,6.381,1.6,,,,,,,
1989-12-05,,1.5706,143.8,1.1631,6.374,1.59,,,,,,,
1989-12-06,,1.5765,143.85,1.1607,6.347,1.5865,,,,,,,
1989-12-07,,1.575,144.32,1.1627,6.356,1.5925,,,,,,,
1989-12-08,,1.5742,144.28,1.1617,6.365,1.598,,,,,,,
1989-12-11,,1.5892,144.5,1.1635,6.35,1.597,,,,,,,
1989-12-12,,1.603,143.9,1.163,6.27,1.578,,,,,,,
1989-12-13,,1.5945,144.17,1.1595,6.28,1.576,,,,,,,
1989-12-14,,1.5975,144.1,1.163,6.286,1.564,,,,,,,
1989-12-15,,1.6045,144.15,1.1605,6.26,1.55,,,,,,,
1989-12-18,,1.6018,144.1,1.1611,6.2775,1.5477,,,,,,,
1989-12-19,,1.6,143.85,1.1612,6.282,1.562,,,,,,,
1989-12-20,,1.603,144.02,1.162,6.298,1.5625,,,,,,,
1989-12-21,,1.6125,143.7,1.1607,6.269,1.558,,,,,,,
1989-12-22,,1.621,142.88,1.1595,6.24,1.5495,,,,,,,
1989-12-25,,,,,,,,,,,,,
1989-12-26,,1.6255,142.15,1.1598,6.21,1.551,,,,,,,
1989-12-27,,1.6245,142.1,1.1589,6.192,1.536,,,,,,,
1989-12-28,,1.6133,143.35,1.157,6.21,1.5395,,,,,,,
1989-12-29,,1.6145,143.8,1.158,6.2065,1.541,,,,,,,
1990-01-01,,,,,,,,15.19837,,12.244,12.62,,8.16
1990-01-02,,1.611,146.25,1.1605,6.23,1.5768,,,,,,,
1990-01-03,,1.61,145.7,1.1613,6.27,1.5785,,,,,,,
1990-01-04,,1.6293,143.37,1.1614,6.176,1.542,,,,,,,
1990-01-05,,1.637,143.82,1.16,6.172,1.537,,,,,,,
1990-01-08,,1.653,144.1,1.1601,6.14,1.5238,,,,,,,
1990-01-09,,1.6537,145.2,1.1614,6.151,1.527,,,,,,,
1990-01-10,,1.662,145.25,1.1589,6.142,1.5125,,,,,,,
1990-01-11,,1.6568,145.4,1.157,6.148,1.516,,,,,,,
1990-01-12,,1.6695,145.4,1.1571,6.126,1.4945,,,,,,,
1990-01-15,,,,,,,,,,,,,
1990-01-16,,1.657,145.48,1.165,6.168,1.5165,,,,,,,
1990-01-17,,1.6495,145.49,1.164,6.164,1.5067,,,,,,,
1990-01-18,,1.6445,146.12,1.1713,6.2025,1.5185,,,,,,,
1990-01-19,,1.6465,145.65,1.179,6.2175,1.5145,,,,,,,
1990-01-22,,1.639,146.43,1.183,6.258,1.532,,,,,,,
1990-01-23,,1.649,146.09,1.178,6.2055,1.508,,,,,,,
1990-01-24,,1.655,145.32,1.1855,6.165,1.4965,,,,,,,
1990-01-25,,1.6572,144.42,1.1905,6.17,1.488,,,,,,,
1990-01-26,,1.657,143.35,1.1939,6.18,1.498,,,,,,,
1990-01-29,,1.678,143.13,1.1885,6.14,1.486,,,,,,,
1990-01-30,,1.6818,144.1,1.1906,6.145,1.491,,,,,,,
1990-01-31,,1.6794,144.55,1.1858,6.16,1.504,,,,,,,
1990-02-01,,1.6815,144.9,1.1864,6.11,1.4982,,15.14922,,12.8425,14.88,,8.22
1990-02-02,,1.6817,145.38,1.1887,6.15,1.497,,,,,,,
1990-02-05,,1.695,145.39,1.1899,6.116,1.4802,,,,,,,
1990-02-06,,1.702,145.13,1.1879,6.08,1.4769,,,,,,,
1990-02-07,,1.699,145.47,1.1935,6.06,1.4815,,,,,,,
1990-02-08,,1.687,145.4,1.1971,6.125,1.4948,,,,,,,
1990-02-09,,1.6925,145.2,1.1956,6.1385,1.497,,,,,,,
1990-02-12,,1.695,144.2,1.2024,6.123,1.4958,,,,,,,
1990-02-13,,1.6905,144.4,1.1999,6.14,1.497,,,,,,,
1990-02-14,,1.696,144.27,1.2068,6.13,1.4923,,,,,,,
1990-02-15,,1.693,144.4,1.206,6.14,1.4955,,,,,,,
1990-02-16,,1.6955,144.15,1.199,6.142,1.4935,,,,,,,
1990-02-19,,,,,,,,,,,,,
1990-02-20,,1.704,145.45,1.202,6.285,1.485,,,,,,,
1990-02-21,,1.715,145.32,1.2013,6.102,1.4747,,,,,,,
1990-02-22,,1.7147,145.89,1.1945,6.0935,1.4725,,,,,,,
1990-02-23,,1.71,146.92,1.197,6.089,1.477,,,,,,,
1990-02-26,,1.693,148.85,1.198,6.1125,1.487,,,,,,,
1990-02-27,,1.692,148.63,1.1948,6.1115,1.4833,,,,,,,
1990-02-28,,1.6892,148.82,1.1923,6.1265,1.4915,,,,,,,
1990-03-01,,1.665,149.67,1.1902,6.175,1.506,,15.31676,,13.3575,14.68,,8.35
1990-03-02,,1.651,150.28,1.194,6.185,1.5135,,,,,,,
1990-03-05,,1.6388,149.78,1.1906,6.1575,1.5,,,,,,,
1990-03-06,,1.649,149.8,1.187,6.155,1.4995,,,,,,,
1990-03-07,,1.639,151.22,1.1851,6.188,1.5067,,,,,,,
1990-03-08,,1.6425,150.83,1.1795,6.17,1.5093,,,,,,,
1990-03-09,,1.6181,151.34,1.1793,6.175,1.5123,,,,,,,
1990-03-12,,1.6103,152.38,1.179,6.195,1.5239,,,,,,,
1990-03-13,,1.6003,152.55,1.1778,6.21,1.528,,,,,,,
1990-03-14,,1.609,152.24,1.1745,6.196,1.527,,,,,,,
1990-03-15,,1.6175,152.55,1.178,6.1725,1.522,,,,,,,
1990-03-16,,1.6235,152.38,1.1803,6.145,1.5095,,,,,,,
1990-03-19,,1.6103,153.5,1.1837,6.13,1.5087,,,,,,,
1990-03-20,,1.6105,153.88,1.1793,6.15,1.5167,,,,,,,
1990-03-21,,1.5945,154.16,1.1768,6.1775,1.521,,,,,,,
1990-03-22,,1.601,155.1,1.1767,6.174,1.515,,,,,,,
1990-03-23,,1.604,153.9,1.175,6.17,1.5185,,,,,,,
1990-03-26,,1.618,156.5,1.1759,6.1785,1.5265,,,,,,,
1990-03-27,,1.6261,157.4,1.176,6.17,1.518,,,,,,,
1990-03-28,,1.6275,158.75,1.1762,6.172,1.516,,,,,,,
1990-03-29,,1.634,156.75,1.1743,6.1425,1.498,,,,,,,
1990-03-30,,1.648,157.82,1.1705,6.114,1.4975,,,,,,,
1990-04-01,,,,,,,,15.25744,,13.515,13.74,,8.42
1990-04-02,,1.6315,158.9,1.1695,6.157,1.5075,,,,,,,
1990-04-03,,1.6355,159.13,1.1662,6.14,1.5027,,,,,,,
1990-04-04,,1.6415,158.6,1.1673,6.146,1.5065,,,,,,,
1990-04-05,,1.6415,157.68,1.1686,6.145,1.501,,,,,,,
1990-04-06,,1.6385,157.65,1.1655,6.1345,1.5013,,,,,,,
1990-04-09,,1.6385,157.5,1.1617,6.128,1.4962,,,,,,,
1990-04-10,,1.6343,158.58,1.1615,6.118,1.4963,,,,,,,
1990-04-11,,1.6425,158.28,1.1652,6.0915,1.484,,,,,,,
1990-04-12,,1.642,158.19,1.1631,6.105,1.4828,,,,,,,
1990-04-13,,1.6385,158.75,1.165,6.1,1.485,,,,,,,
1990-04-16,,1.631,159.37,1.167,6.108,1.4903,,,,,,,
1990-04-17,,1.6338,159.9,1.1683,6.103,1.4905,,,,,,,
1990-04-18,,1.638,159.1,1.1623,6.085,1.484,,,,,,,
1990-04-19,,1.6435,156.5,1.1619,6.083,1.4828,,,,,,,
1990-04-20,,1.6353,157.85,1.1628,6.1225,1.4913,,,,,,,
1990-04-23,,1.6357,157.7,1.161,6.136,1.493,,,,,,,
1990-04-24,,1.6341,158.72,1.1593,6.133,1.488,,,,,,,
1990-04-25,,1.637,158.73,1.1608,6.108,1.467,,,,,,,
1990-04-26,,1.6335,158.75,1.1602,6.1065,1.4615,,,,,,,
1990-04-27,,1.636,158.9,1.1634,6.0885,1.457,,,,,,,
1990-04-30,,1.6389,158.85,1.1654,6.098,1.4505,,,,,,,
1990-05-01,,1.6405,158.85,1.1648,6.105,1.4555,,15.19429,,13.76,12.97,,8.35
1990-05-02,,1.643,158.3,1.1673,6.0975,1.4555,,,,,,,
1990-05-03,,1.6422,158.15,1.167,6.097,1.4544,,,,,,,
1990-05-04,,1.66,158.35,1.1633,6.08,1.4447,,,,,,,
1990-05-07,,1.668,158.0,1.1625,6.048,1.4325,,,,,,,
1990-05-08,,1.6695,157.9,1.1635,6.045,1.433,,,,,,,
1990-05-09,,1.678,156.45,1.1662,6.004,1.404,,,,,,,
1990-05-10,,1.6763,157.0,1.1653,6.019,1.3955,,,,,,,
1990-05-11,,1.6813,152.73,1.1785,5.9915,1.3952,,,,,,,
1990-05-14,,1.684,152.77,1.177,6.0135,1.3957,,,,,,,
1990-05-15,,1.677,151.4,1.181,6.0185,1.398,,,,,,,
1990-05-16,,1.68,151.43,1.1757,6.014,1.4,,,,,,,
1990-05-17,,1.6917,152.35,1.1738,6.0215,1.404,,,,,,,
1990-05-18,,1.6908,152.85,1.1783,6.02,1.4048,,,,,,,
1990-05-21,,1.6912,153.53,1.1795,6.059,1.424,,,,,,,
1990-05-22,,1.6915,151.6,1.1922,6.0735,1.418,,,,,,,
1990-05-23,,1.694,151.23,1.1836,6.0725,1.4123,,,,,,,
1990-05-24,,1.6895,151.55,1.1855,6.08,1.42,,,,,,,
1990-05-25,,1.6892,149.69,1.1841,6.0955,1.4255,,,,,,,
1990-05-28,,,,,,,,,,,,,
1990-05-29,,1.6946,150.88,1.1818,6.065,1.4098,,,,,,,
1990-05-30,,1.693,151.32,1.178,6.0785,1.421,,,,,,,
1990-05-31,,1.6765,152.64,1.1745,6.133,1.433,,,,,,,
1990-06-01,,1.6838,151.39,1.1726,6.113,1.436,,15.01302,,13.8175,12.56,,8.23
1990-06-04,,1.675,151.6,1.1766,6.123,1.441,,,,,,,
1990-06-05,,1.683,152.65,1.1757,6.109,1.4347,,,,,,,
1990-06-06,,1.6882,152.55,1.1728,6.1015,1.4285,,,,,,,
1990-06-07,,1.6883,152.53,1.1683,6.1135,1.4385,,,,,,,
1990-06-08,,1.6848,153.53,1.175,6.137,1.4478,,,,,,,
1990-06-11,,1.6858,154.52,1.1711,6.13,1.4405,,,,,,,
1990-06-12,,1.7025,154.44,1.1715,6.118,1.437,,,,,,,
1990-06-13,,1.707,154.79,1.1722,6.1085,1.4328,,,,,,,
1990-06-14,,1.7052,154.07,1.1705,6.109,1.4355,,,,,,,
1990-06-15,,1.7055,154.2,1.172,6.128,1.436,,,,,,,
1990-06-18,,1.713,153.7,1.1727,6.0825,1.4165,,,,,,,
1990-06-19,,1.7205,153.65,1.1741,6.057,1.4077,,,,,,,
1990-06-20,,1.723,154.0,1.1724,6.077,1.4145,,,,,,,
1990-06-21,,1.725,154.82,1.1749,6.079,1.4155,,,,,,,
1990-06-22,,1.733,154.75,1.1822,6.061,1.409,,,,,,,
1990-06-25,,1.7305,155.37,1.1794,6.073,1.4107,,,,,,,
1990-06-26,,1.7355,155.15,1.1732,6.0475,1.406,,,,,,,
1990-06-27,,1.7428,154.38,1.1705,6.0335,1.408,,,,,,,
1990-06-28,,1.7393,153.17,1.1698,6.044,1.4137,,,,,,,
1990-06-29,,1.745,152.35,1.1665,6.0375,1.4155,,,,,,,
1990-07-01,,,,,,,,14.9858,,13.675,12.58,,8.1
1990-07-02,,1.7634,151.27,1.1619,6.01,1.404,,,,,,,
1990-07-03,,1.7795,151.2,1.1625,5.997,1.3945,,,,,,,
1990-07-04,,,,,,,,,,,,,
1990-07-05,,1.7805,150.77,1.1632,5.9905,1.3997,,,,,,,
1990-07-06,,1.7865,151.03,1.1632,5.998,1.4015,,,,,,,
1990-07-09,,1.8058,151.1,1.1592,5.9675,1.3955,,,,,,,
1990-07-10,,1.815,148.9,1.1572,5.962,1.3963,,,,,,,
1990-07-11,,1.798,148.68,1.1597,5.981,1.4035,,,,,,,
1990-07-12,,1.7985,148.6,1.1593,6.002,1.405,,,,,,,
1990-07-13,,1.806,147.5,1.1579,5.969,1.393,,,,,,,
1990-07-16,,1.804,148.05,1.1589,5.979,1.4165,,,,,,,
1990-07-17,,1.8112,148.35,1.1563,5.966,1.407,,,,,,,
1990-07-18,,1.8205,147.3,1.153,5.952,1.4088,,,,,,,
1990-07-19,,1.8146,148.05,1.1538,5.959,1.41,,,,,,,
1990-07-20,,1.8143,148.97,1.1573,5.953,1.4075,,,,,,,
1990-07-23,,1.8205,148.45,1.157,5.9165,1.3885,,,,,,,
1990-07-24,,1.8248,148.35,1.156,5.8975,1.375,,,,,,,
1990-07-25,,1.812,148.88,1.152,5.9025,1.374,,,,,,,
1990-07-26,,1.8135,150.45,1.1517,5.9125,1.3782,,,,,,,
1990-07-27,,1.8335,149.6,1.1522,5.89,1.3685,,,,,,,
1990-07-30,,1.8438,148.2,1.1523,5.87,1.365,,,,,,,
1990-07-31,,1.86,146.13,1.153,5.813,1.3477,,,,,,,
1990-08-01,,1.855,147.25,1.1535,5.8285,1.3555,,15.01664,,13.256,12.99,,7.97
1990-08-02,,1.8492,149.6,1.1523,5.839,1.3565,,,,,,,
1990-08-03,,1.8565,149.9,1.1515,5.8355,1.351,,,,,,,
1990-08-06,,1.872,149.75,1.1485,5.797,1.3322,,,,,,,
1990-08-07,,1.877,149.8,1.1503,5.806,1.331,,,,,,,
1990-08-08,,1.8655,150.15,1.149,5.845,1.344,,,,,,,
1990-08-09,,1.8717,149.82,1.147,5.838,1.3385,,,,,,,
1990-08-10,,1.8713,150.15,1.1475,5.825,1.339,,,,,,,
1990-08-13,,1.884,150.35,1.147,5.788,1.3165,,,,,,,
1990-08-14,,1.8925,149.48,1.1454,5.769,1.306,,,,,,,
1990-08-15,,1.8998,147.45,1.1435,5.759,1.293,,,,,,,
1990-08-16,,1.898,148.38,1.1482,5.7555,1.3035,,,,,,,
1990-08-17,,1.919,147.57,1.1445,5.725,1.2815,,,,,,,
1990-08-20,,1.9198,146.87,1.1438,5.749,1.2918,,,,,,,
1990-08-21,,1.921,146.4,1.1395,5.745,1.2868,,,,,,,
1990-08-22,,1.9275,145.75,1.1365,5.745,1.2735,,,,,,,
1990-08-23,,1.9515,146.6,1.1316,5.721,1.2605,,,,,,,
1990-08-24,,1.9453,146.55,1.1338,5.75,1.2685,,,,,,,
1990-08-27,,1.9443,144.45,1.1372,5.7115,1.275,,,,,,,
1990-08-28,,1.9483,143.48,1.1422,5.7205,1.2815,,,,,,,
1990-08-29,,1.9465,143.62,1.1378,5.733,1.285,,,,,,,
1990-08-30,,1.9225,144.3,1.1455,5.7605,1.296,,,,,,,
1990-08-31,,1.892,143.93,1.1545,5.789,1.3085,,,,,,,
1990-09-01,,,,,,,,14.95117,,12.755,13.07,,8.06
1990-09-03,,,,,,,,,,,,,
1990-09-04,,1.8758,143.55,1.1615,5.8125,1.3175,,,,,,,
1990-09-05,,1.899,141.68,1.1529,5.7545,1.2975,,,,,,,
1990-09-06,,1.908,141.05,1.1579,5.735,1.2988,,,,,,,
1990-09-07,,1.894,140.1,1.1635,5.754,1.304,,,,,,,
1990-09-10,,1.8555,139.2,1.1705,5.7925,1.319,,,,,,,
1990-09-11,,1.8485,139.85,1.163,5.825,1.3305,,,,,,,
1990-09-12,,1.864,137.7,1.1628,5.8,1.3232,,,,,,,
1990-09-13,,1.8767,137.35,1.1644,5.76,1.3139,,,,,,,
1990-09-14,,1.8985,136.67,1.1647,5.737,1.2905,,,,,,,
1990-09-17,,1.9025,137.0,1.1594,5.72,1.287,,,,,,,
1990-09-18,,1.918,137.5,1.1575,5.698,1.2825,,,,,,,
1990-09-19,,1.8847,137.5,1.1575,5.7595,1.306,,,,,,,
1990-09-20,,1.8683,136.93,1.1546,5.788,1.32,,,,,,,
1990-09-21,,1.846,136.9,1.1532,5.785,1.3222,,,,,,,
1990-09-24,,1.884,136.1,1.1503,5.748,1.2975,,,,,,,
1990-09-25,,1.8768,137.38,1.1495,5.76,1.302,,,,,,,
1990-09-26,,1.864,137.27,1.1534,5.78,1.3112,,,,,,,
1990-09-27,,1.871,138.37,1.1553,5.788,1.308,,,,,,,
1990-09-28,,1.8735,138.27,1.1565,5.763,1.2995,,,,,,,
1990-10-01,,1.889,136.9,1.1529,5.7265,1.2895,,14.06216,,12.578,14.67,,8.06
1990-10-02,,1.8885,136.95,1.153,5.738,1.292,,,,,,,
1990-10-03,,1.898,136.13,1.1517,5.708,1.285,,,,,,,
1990-10-04,,1.9118,133.9,1.1489,5.6755,1.277,,,,,,,
1990-10-05,,1.9465,132.4,1.1545,5.6775,1.291,,,,,,,
1990-10-08,,,,,,,,,,,,,
1990-10-09,,1.97,130.33,1.151,5.627,1.2775,,,,,,,
1990-10-10,,1.9675,129.97,1.15,5.642,1.278,,,,,,,
1990-10-11,,1.964,129.95,1.1514,5.653,1.291,,,,,,,
1990-10-12,,1.9732,128.65,1.1472,5.632,1.2785,,,,,,,
1990-10-15,,1.9535,128.15,1.1523,5.6425,1.2885,,,,,,,
1990-10-16,,1.957,127.25,1.1555,5.6215,1.279,,,,,,,
1990-10-17,,1.965,125.27,1.1647,5.6165,1.2735,,,,,,,
1990-10-18,,1.9535,125.05,1.1748,5.6115,1.274,,,,,,,
1990-10-19,,1.9595,125.75,1.167,5.5755,1.27,,,,,,,
1990-10-22,,1.948,126.05,1.1733,5.608,1.282,,,,,,,
1990-10-23,,1.9464,127.5,1.171,5.6195,1.2817,,,,,,,
1990-10-24,,1.9565,128.05,1.1688,5.597,1.27,,,,,,,
1990-10-25,,1.954,127.3,1.168,5.605,1.277,,,,,,,
1990-10-26,,1.956,128.0,1.1655,5.62,1.281,,,,,,,
1990-10-29,,1.953,128.4,1.1642,5.63,1.287,,,,,,,
1990-10-30,,1.9475,129.1,1.167,5.637,1.2895,,,,,,,
1990-10-31,,1.944,129.95,1.1678,5.641,1.287,,,,,,,
1990-11-01,,1.95,130.48,1.1652,5.62,1.2762,,13.68111,,12.405,14.89,,8.03
1990-11-02,,1.9515,128.6,1.1655,5.6,1.2707,,,,,,,
1990-11-05,,1.9695,126.8,1.1587,5.5525,1.2505,,,,,,,
1990-11-06,,1.973,127.3,1.1611,5.544,1.25,,,,,,,
1990-11-07,,1.976,128.15,1.1628,5.5345,1.244,,,,,,,
1990-11-08,,1.967,129.9,1.169,5.5635,1.2485,,,,,,,
1990-11-09,,1.9665,129.73,1.17,5.567,1.25,,,,,,,
1990-11-12,,,,,,,,,,,,,
1990-11-13,,1.9642,129.6,1.1658,5.548,1.2537,,,,,,,
1990-11-14,,1.961,129.62,1.1645,5.543,1.246,,,,,,,
1990-11-15,,1.9595,129.27,1.1621,5.55,1.2522,,,,,,,
1990-11-16,,1.966,129.43,1.164,5.538,1.244,,,,,,,
1990-11-19,,1.9707,129.0,1.1631,5.5385,1.2457,,,,,,,
1990-11-20,,1.9698,128.95,1.16,5.5465,1.2473,,,,,,,
1990-11-21,,1.9685,127.65,1.1592,5.555,1.2513,,,,,,,
1990-11-22,,,,,,,,,,,,,
1990-11-23,,1.967,127.35,1.1593,5.5625,1.2585,,,,,,,
1990-11-26,,1.9658,128.75,1.16,5.5785,1.2675,,,,,,,
1990-11-27,,1.976,128.33,1.1635,5.545,1.26,,,,,,,
1990-11-28,,1.972,129.85,1.1652,5.5635,1.2683,,,,,,,
1990-11-29,,1.9515,132.45,1.1648,5.597,1.277,,,,,,,
1990-11-30,,1.9392,133.1,1.1658,5.6185,1.2765,,,,,,,
1990-12-01,,,,,,,,13.8817,,12.05,14.36,,7.82
1990-12-03,,1.9195,134.4,1.1655,5.662,1.292,,,,,,,
1990-12-04,,1.926,134.05,1.1638,5.6385,1.2842,,,,,,,
1990-12-05,,1.922,134.53,1.163,5.6475,1.2835,,,,,,,
1990-12-06,,1.938,132.35,1.1623,5.6035,1.2725,,,,,,,
1990-12-07,,1.95,131.05,1.159,5.5675,1.263,,,,,,,
1990-12-10,,1.9425,131.9,1.157,5.5575,1.262,,,,,,,
1990-12-11,,1.939,132.1,1.1589,5.582,1.2675,,,,,,,
1990-12-12,,1.944,131.82,1.1602,5.577,1.2645,,,,,,,
1990-12-13,,1.9435,132.13,1.16,5.578,1.2655,,,,,,,
1990-12-14,,1.9391,132.95,1.1599,5.588,1.2742,,,,,,,
1990-12-17,,1.9285,133.25,1.1575,5.6075,1.275,,,,,,,
1990-12-18,,1.935,133.23,1.1566,5.603,1.2703,,,,,,,
1990-12-19,,1.931,134.15,1.1593,5.5885,1.27,,,,,,,
1990-12-20,,1.906,134.85,1.159,5.6495,1.2898,,,,,,,
1990-12-21,,1.885,135.6,1.16,5.724,1.309,,,,,,,
1990-12-24,,1.867,136.05,1.1604,5.777,1.316,,,,,,,
1990-12-25,,,,,,,,,,,,,
1990-12-26,,1.885,136.05,1.16,5.7265,1.307,,,,,,,
1990-12-27,,1.887,136.45,1.1612,5.733,1.306,,,,,,,
1990-12-28,,1.921,135.12,1.1612,5.632,1.2795,,,,,,,
1990-12-31,,1.9285,135.75,1.1605,5.6335,1.277,,,,,,,
1991-01-01,,,,,,,,14.01087,,11.366,13.37,,7.17
1991-01-02,,1.9425,134.6,1.1574,5.6025,1.2622,,,,,,,
1991-01-03,,1.9465,133.05,1.153,5.604,1.2665,,,,,,,
1991-01-04,,1.932,135.1,1.1513,5.6395,1.2755,,,,,,,
1991-01-07,,1.905,136.7,1.1533,5.72,1.2921,,,,,,,
1991-01-08,,1.906,136.45,1.1515,5.7115,1.288,,,,,,,
1991-01-09,,1.9258,134.05,1.1559,5.6525,1.2732,,,,,,,
1991-01-10,,1.905,134.6,1.1526,5.7085,1.2885,,,,,,,
1991-01-11,,1.907,134.25,1.153,5.7,1.28,,,,,,,
1991-01-14,,1.9045,135.05,1.1485,5.7325,1.2831,,,,,,,
1991-01-15,,1.904,135.9,1.1485,5.7395,1.2873,,,,,,,
1991-01-16,,1.9047,136.85,1.1486,5.738,1.289,,,,,,,
1991-01-17,,1.9228,132.88,1.1554,5.6515,1.2725,,,,,,,
1991-01-18,,1.9416,132.8,1.1588,5.6175,1.262,,,,,,,
1991-01-21,,,,,,,,,,,,,
1991-01-22,,1.9477,131.7,1.1615,5.586,1.2582,,,,,,,
1991-01-23,,1.955,132.41,1.1588,5.568,1.2532,,,,,,,
1991-01-24,,1.96,132.23,1.1589,5.561,1.258,,,,,,,
1991-01-25,,1.9575,132.27,1.1645,5.577,1.26,,,,,,,
1991-01-28,,1.9642,132.2,1.1621,5.562,1.2635,,,,,,,
1991-01-29,,1.9695,131.53,1.1597,5.556,1.2605,,,,,,,
1991-01-30,,1.961,131.6,1.1605,5.5645,1.2675,,,,,,,
1991-01-31,,1.965,131.45,1.1629,5.533,1.258,,,,,,,
1991-02-01,,1.9763,131.45,1.1608,5.504,1.2525,,13.29532,,10.52,12.05,,6.52
1991-02-04,,1.9772,131.08,1.1582,5.486,1.2512,,,,,,,
1991-02-05,,1.983,129.73,1.1595,5.4855,1.249,,,,,,,
1991-02-06,,1.999,128.35,1.158,5.4565,1.2347,,,,,,,
1991-02-07,,1.9965,127.95,1.1597,5.45,1.2375,,,,,,,
1991-02-08,,1.987,127.9,1.1585,5.469,1.2445,,,,,,,
1991-02-11,,1.997,127.72,1.1568,5.442,1.2355,,,,,,,
1991-02-12,,1.9915,128.3,1.1534,5.4665,1.245,,,,,,,
1991-02-13,,1.9918,129.08,1.1533,5.7555,1.2495,,,,,,,
1991-02-14,,1.98,129.8,1.154,5.497,1.257,,,,,,,
1991-02-15,,1.9705,130.45,1.1545,5.5225,1.268,,,,,,,
1991-02-18,,,,,,,,,,,,,
1991-02-19,,1.9515,131.55,1.154,5.5745,1.2815,,,,,,,
1991-02-20,,1.947,131.8,1.1534,5.5785,1.2798,,,,,,,
1991-02-21,,1.9571,131.4,1.1515,5.5625,1.2743,,,,,,,
1991-02-22,,1.9437,132.2,1.152,5.5995,1.2895,,,,,,,
1991-02-25,,1.923,133.35,1.1521,5.6525,1.304,,,,,,,
1991-02-26,,1.9205,132.85,1.1516,5.6515,1.305,,,,,,,
1991-02-27,,1.9155,132.27,1.1518,5.6565,1.316,,,,,,,
1991-02-28,,1.91,132.95,1.1499,5.67,1.3265,,,,,,,
1991-03-01,,1.898,134.55,1.1531,5.7015,1.332,,12.4628,,9.9575,12.1,,6.45
1991-03-04,,1.8965,135.55,1.1557,5.704,1.34,,,,,,,
1991-03-05,,1.9017,135.39,1.1549,5.6955,1.3355,,,,,,,
1991-03-06,,1.889,136.25,1.1599,5.712,1.3455,,,,,,,
1991-03-07,,1.8865,135.8,1.1602,5.737,1.35,,,,,,,
1991-03-08,,1.8718,136.25,1.1619,5.774,1.3645,,,,,,,
1991-03-11,,1.8505,138.1,1.1557,5.8265,1.3705,,,,,,,
1991-03-12,,1.858,136.3,1.1551,5.806,1.3625,,,,,,,
1991-03-13,,1.856,136.4,1.1542,5.8155,1.3695,,,,,,,
1991-03-14,,1.8555,135.95,1.1538,5.821,1.3685,,,,,,,
1991-03-15,,1.8305,137.2,1.1553,5.8765,1.3873,,,,,,,
1991-03-18,,1.791,138.15,1.1533,5.971,1.412,,,,,,,
1991-03-19,,1.765,138.15,1.1558,6.033,1.4285,,,,,,,
1991-03-20,,1.7765,138.6,1.1584,6.002,1.423,,,,,,,
1991-03-21,,1.792,137.6,1.156,5.975,1.4105,,,,,,,
1991-03-22,,1.7895,137.2,1.1576,5.995,1.4093,,,,,,,
1991-03-25,,1.764,138.43,1.1605,6.069,1.429,,,,,,,
1991-03-26,,1.7533,138.35,1.1598,6.113,1.4353,,,,,,,
1991-03-27,,1.7395,139.1,1.1608,6.15,1.4545,,,,,,,
1991-03-28,,1.7365,141.2,1.1588,6.1625,1.4555,,,,,,,
1991-03-29,,1.7485,140.6,1.1595,6.13,1.445,,,,,,,
1991-04-01,,1.7585,140.2,1.1585,6.096,1.4382,,12.01492,,9.7075,12.27,,6.06
1991-04-02,,1.7705,138.3,1.156,6.0715,1.4243,,,,,,,
1991-04-03,,1.777,137.4,1.1557,6.051,1.4161,,,,,,,
1991-04-04,,1.788,135.97,1.1557,6.0235,1.4015,,,,,,,
1991-04-05,,1.7705,136.9,1.1538,6.06,1.419,,,,,,,
1991-04-08,,1.7675,137.25,1.154,6.0825,1.4322,,,,,,,
1991-04-09,,1.791,135.1,1.1527,6.036,1.4125,,,,,,,
1991-04-10,,1.7793,136.35,1.1522,6.05,1.424,,,,,,,
1991-04-11,,1.79,135.95,1.1498,6.032,1.412,,,,,,,
1991-04-12,,1.7775,136.3,1.1508,6.068,1.4265,,,,,,,
1991-04-15,,1.7875,134.48,1.1498,6.0325,1.4235,,,,,,,
1991-04-16,,1.7885,134.85,1.1488,6.017,1.418,,,,,,,
1991-04-17,,1.783,136.35,1.1509,6.027,1.426,,,,,,,
1991-04-18,,1.771,136.8,1.1525,6.071,1.443,,,,,,,
1991-04-19,,1.719,138.58,1.155,6.19,1.4715,,,,,,,
1991-04-22,,1.69,139.45,1.1595,6.2765,1.481,,,,,,,
1991-04-23,,1.712,137.94,1.1563,6.212,1.4595,,,,,,,
1991-04-24,,1.694,138.05,1.155,6.241,1.4698,,,,,,,
1991-04-25,,1.6935,138.05,1.153,6.2165,1.4658,,,,,,,
1991-04-26,,1.686,138.13,1.1519,6.245,1.4795,,,,,,,
1991-04-29,,1.6765,137.7,1.1534,6.272,1.484,,,,,,,
1991-04-30,,1.7225,136.38,1.152,6.148,1.449,,,,,,,
1991-05-01,,1.7265,137.6,1.152,6.128,1.445,,11.56522,,9.198,11.74,,5.91
1991-05-02,,1.717,138.1,1.1497,6.158,1.459,,,,,,,
1991-05-03,,1.695,138.55,1.1515,6.229,1.476,,,,,,,
1991-05-06,,1.705,138.47,1.1515,6.1995,1.4702,,,,,,,
1991-05-07,,1.7215,137.95,1.1508,6.15,1.459,,,,,,,
1991-05-08,,1.7175,138.35,1.152,6.183,1.465,,,,,,,
1991-05-09,,1.704,139.3,1.153,6.2,1.473,,,,,,,
1991-05-10,,1.719,138.75,1.1514,6.17,1.459,,,,,,,
1991-05-13,,1.7315,139.42,1.1503,6.1375,1.444,,,,,,,
1991-05-14,,1.7383,138.15,1.1511,6.1055,1.4322,,,,,,,
1991-05-15,,1.7478,137.99,1.1501,6.086,1.4315,,,,,,,
1991-05-16,,1.7455,137.55,1.149,6.1,1.441,,,,,,,
1991-05-17,,1.7135,138.5,1.1507,6.2025,1.471,,,,,,,
1991-05-20,,1.719,138.22,1.1496,6.2055,1.4587,,,,,,,
1991-05-21,,1.7365,137.5,1.1488,6.14,1.4495,,,,,,,
1991-05-22,,1.727,138.05,1.1492,6.178,1.46,,,,,,,
1991-05-23,,1.7345,137.73,1.1509,6.1455,1.4563,,,,,,,
1991-05-24,,1.731,138.4,1.1495,6.128,1.4546,,,,,,,
1991-05-27,,,,,,,,,,,,,
1991-05-28,,1.7453,137.8,1.1464,6.096,1.4455,,,,,,,
1991-05-29,,1.734,138.2,1.1472,6.1275,1.463,,,,,,,
1991-05-30,,1.7155,137.85,1.1468,6.165,1.466,,,,,,,
1991-05-31,,1.698,138.45,1.1453,6.2375,1.4822,,,,,,,
1991-06-01,,,,,,,,11.29844,,8.8325,10.61,,6.07
1991-06-03,,1.6969,139.08,1.1451,6.261,1.4895,,,,,,,
1991-06-04,,1.703,138.66,1.1445,6.247,1.485,,,,,,,
1991-06-05,,1.6937,139.13,1.1455,6.2865,1.4962,,,,,,,
1991-06-06,,1.6875,139.18,1.1465,6.2985,1.5025,,,,,,,
1991-06-07,,1.671,140.31,1.1475,6.3595,1.519,,,,,,,
1991-06-10,,1.6688,141.9,1.1474,6.364,1.5118,,,,,,,
1991-06-11,,1.6615,141.2,1.1452,6.365,1.5145,,,,,,,
1991-06-12,,1.6445,141.9,1.1445,6.442,1.5325,,,,,,,
1991-06-13,,1.6377,141.33,1.1445,6.472,1.5373,,,,,,,
1991-06-14,,1.639,140.55,1.1431,6.44,1.5335,,,,,,,
1991-06-17,,1.6252,140.97,1.143,6.4995,1.546,,,,,,,
1991-06-18,,1.6115,140.9,1.1425,6.551,1.5621,,,,,,,
1991-06-19,,1.6325,140.08,1.1424,6.472,1.5387,,,,,,,
1991-06-20,,1.6312,138.74,1.1418,6.503,1.5417,,,,,,,
1991-06-21,,1.631,139.0,1.1427,6.502,1.5468,,,,,,,
1991-06-24,,1.642,138.9,1.143,6.46,1.5335,,,,,,,
1991-06-25,,1.6281,138.82,1.1419,6.501,1.5525,,,,,,,
1991-06-26,,1.6395,138.3,1.1418,6.457,1.544,,,,,,,
1991-06-27,,1.632,138.1,1.1426,6.498,1.5495,,,,,,,
1991-06-28,,1.618,137.9,1.1424,6.4915,1.5582,,,,,,,
1991-07-01,,1.614,138.4,1.143,6.574,1.565,,11.12976,,8.76,10.57,,5.98
1991-07-02,,1.6015,138.78,1.1433,6.625,1.5805,,,,,,,
1991-07-03,,1.6057,139.5,1.1428,6.62,1.583,,,,,,,
1991-07-04,,,,,,,,,,,,,
1991-07-05,,1.615,138.35,1.1438,6.6065,1.5755,,,,,,,
1991-07-08,,1.628,138.73,1.1445,6.5535,1.5635,,,,,,,
1991-07-09,,1.622,138.65,1.1475,6.575,1.5735,,,,,,,
1991-07-10,,1.621,138.53,1.148,6.559,1.572,,,,,,,
1991-07-11,,1.607,138.58,1.1493,6.628,1.5898,,,,,,,
1991-07-12,,1.6505,136.75,1.1483,6.4775,1.5499,,,,,,,
1991-07-15,,1.6515,136.7,1.1465,6.478,1.5478,,,,,,,
1991-07-16,,1.644,137.15,1.1463,6.501,1.5615,,,,,,,
1991-07-17,,1.6525,136.8,1.1474,6.483,1.5535,,,,,,,
1991-07-18,,1.666,136.8,1.1545,6.4095,1.5355,,,,,,,
1991-07-19,,1.691,136.45,1.16,6.328,1.515,,,,,,,
1991-07-22,,1.681,137.45,1.1567,6.366,1.523,,,,,,,
1991-07-23,,1.6835,136.98,1.1568,6.3605,1.5255,,,,,,,
1991-07-24,,1.6938,137.38,1.1525,6.289,1.5118,,,,,,,
1991-07-25,,1.675,138.85,1.152,6.3495,1.5305,,,,,,,
1991-07-26,,1.6875,137.9,1.1498,6.3065,1.515,,,,,,,
1991-07-29,,1.6743,138.18,1.1491,6.359,1.5325,,,,,,,
1991-07-30,,1.6798,137.93,1.1513,6.3555,1.5288,,,,,,,
1991-07-31,,1.6845,137.42,1.1519,6.336,1.526,,,,,,,
1991-08-01,,1.6735,137.67,1.1503,6.377,1.5357,,10.93324,,8.7225,10.7,,5.65
1991-08-02,,1.6945,136.74,1.151,6.29,1.508,,,,,,,
1991-08-05,,1.7095,136.68,1.1498,6.2485,1.499,,,,,,,
1991-08-06,,1.712,135.73,1.1487,6.222,1.4952,,,,,,,
1991-08-07,,1.7128,135.85,1.1475,6.2165,1.4945,,,,,,,
1991-08-08,,1.7,136.47,1.1467,6.269,1.5075,,,,,,,
1991-08-09,,1.695,136.9,1.1468,6.2795,1.515,,,,,,,
1991-08-12,,1.6983,136.54,1.1469,6.273,1.51,,,,,,,
1991-08-13,,1.6935,136.52,1.146,6.2945,1.514,,,,,,,
1991-08-14,,1.6875,136.61,1.1444,6.306,1.5185,,,,,,,
1991-08-15,,1.688,136.47,1.1434,6.3025,1.523,,,,,,,
1991-08-16,,1.662,137.25,1.1443,6.403,1.5405,,,,,,,
1991-08-19,,1.63,138.3,1.1443,6.58,1.551,,,,,,,
1991-08-20,,1.6377,137.45,1.1421,6.54,1.5485,,,,,,,
1991-08-21,,1.6765,136.8,1.1438,6.358,1.523,,,,,,,
1991-08-22,,1.697,136.43,1.1435,6.267,1.505,,,,,,,
1991-08-23,,1.6715,137.1,1.144,6.3625,1.532,,,,,,,
1991-08-26,,1.6795,137.0,1.1445,6.3525,1.5275,,,,,,,
1991-08-27,,1.68,137.0,1.1417,6.3405,1.5227,,,,,,,
1991-08-28,,1.69,136.6,1.1408,6.318,1.5173,,,,,,,
1991-08-29,,1.6805,137.0,1.1406,6.3395,1.5255,,,,,,,
1991-08-30,,1.68,136.85,1.1422,6.344,1.5285,,,,,,,
1991-09-01,,,,,,,,10.33408,,8.59,10.27,,5.47
1991-09-02,,,,,,,,,,,,,
1991-09-03,,1.691,136.02,1.1407,6.313,1.5265,,,,,,,
1991-09-04,,1.6935,135.3,1.1417,6.3035,1.5238,,,,,,,
1991-09-05,,1.692,135.87,1.141,6.3135,1.5273,,,,,,,
1991-09-06,,1.6975,136.15,1.1395,6.29,1.5225,,,,,,,
1991-09-09,,1.73,134.95,1.1391,6.162,1.49,,,,,,,
1991-09-10,,1.7295,134.85,1.1406,6.1575,1.4805,,,,,,,
1991-09-11,,1.7252,134.95,1.1378,6.1765,1.4863,,,,,,,
1991-09-12,,1.7335,134.06,1.1371,6.141,1.4775,,,,,,,
1991-09-13,,1.7325,133.98,1.1361,6.132,1.476,,,,,,,
1991-09-16,,1.739,133.65,1.1358,6.101,1.4635,,,,,,,
1991-09-17,,1.742,133.82,1.1365,6.0925,1.4585,,,,,,,
1991-09-18,,1.7307,134.17,1.1369,6.128,1.4678,,,,,,,
1991-09-19,,1.7275,134.5,1.1365,6.159,1.4777,,,,,,,
1991-09-20,,1.7285,134.37,1.1355,6.15,1.4725,,,,,,,
1991-09-23,,1.744,133.05,1.1345,6.099,1.459,,,,,,,
1991-09-24,,1.738,133.08,1.134,6.11,1.4575,,,,,,,
1991-09-25,,1.7333,133.3,1.1345,6.144,1.4645,,,,,,,
1991-09-26,,1.7325,133.67,1.1352,6.141,1.4657,,,,,,,
1991-09-27,,1.737,133.4,1.1343,6.121,1.4595,,,,,,,
1991-09-30,,1.752,132.85,1.1318,6.0685,1.449,,,,,,,
1991-10-01,,1.7485,133.2,1.1315,6.0775,1.452,,10.45823,,8.366,10.75,,5.33
1991-10-02,,1.751,132.68,1.131,6.0615,1.4538,,,,,,,
1991-10-03,,1.75,130.77,1.1313,6.0675,1.4576,,,,,,,
1991-10-04,,1.739,130.03,1.1319,6.109,1.4685,,,,,,,
1991-10-07,,1.7352,129.3,1.1295,6.124,1.4725,,,,,,,
1991-10-08,,1.714,130.1,1.1285,6.1775,1.486,,,,,,,
1991-10-09,,1.7165,130.25,1.129,6.175,1.481,,,,,,,
1991-10-10,,1.7145,130.35,1.1305,6.1775,1.482,,,,,,,
1991-10-11,,1.719,129.73,1.1294,6.173,1.482,,,,,,,
1991-10-14,,,,,,,,,,,,,
1991-10-15,,1.702,130.22,1.1298,6.2335,1.4945,,,,,,,
1991-10-16,,1.7105,130.02,1.1307,6.2005,1.488,,,,,,,
1991-10-17,,1.7096,129.83,1.1289,6.205,1.4885,,,,,,,
1991-10-18,,1.725,129.77,1.128,6.1605,1.4765,,,,,,,
1991-10-21,,1.7185,130.73,1.127,6.157,1.481,,,,,,,
1991-10-22,,1.7145,131.2,1.1267,6.1745,1.4795,,,,,,,
1991-10-23,,1.7065,131.55,1.1275,6.2085,1.489,,,,,,,
1991-10-24,,1.711,131.18,1.1254,6.191,1.4885,,,,,,,
1991-10-25,,1.711,131.4,1.1256,6.196,1.4895,,,,,,,
1991-10-28,,1.7047,132.25,1.1235,6.2245,1.5003,,,,,,,
1991-10-29,,1.723,130.75,1.1232,6.159,1.4785,,,,,,,
1991-10-30,,1.7425,131.08,1.1228,6.0835,1.464,,,,,,,
1991-10-31,,1.7425,130.6,1.123,6.0775,1.465,,,,,,,
1991-11-01,,1.7498,130.3,1.1203,6.057,1.461,,10.52977,,7.8475,11.06,,4.94
1991-11-04,,1.781,128.9,1.121,5.952,1.4348,,,,,,,
1991-11-05,,1.7697,129.8,1.1208,5.994,1.449,,,,,,,
1991-11-06,,1.7705,129.9,1.124,5.985,1.451,,,,,,,
1991-11-07,,1.7797,129.7,1.1212,5.9555,1.439,,,,,,,
1991-11-08,,1.768,130.32,1.126,5.9975,1.451,,,,,,,
1991-11-11,,,,,,,,,,,,,
1991-11-12,,1.7725,129.65,1.1316,5.981,1.4515,,,,,,,
1991-11-13,,1.7707,130.12,1.1318,5.986,1.453,,,,,,,
1991-11-14,,1.775,129.87,1.1321,5.965,1.4475,,,,,,,
1991-11-15,,1.769,130.05,1.1307,5.993,1.453,,,,,,,
1991-11-18,,1.791,129.3,1.128,5.8765,1.426,,,,,,,
1991-11-19,,1.7955,129.95,1.1287,5.8445,1.419,,,,,,,
1991-11-20,,1.796,129.77,1.1359,5.858,1.422,,,,,,,
1991-11-21,,1.7975,129.62,1.1358,5.837,1.4188,,,,,,,
1991-11-22,,1.7975,129.53,1.1378,5.8065,1.4107,,,,,,,
1991-11-25,,1.7985,127.77,1.1396,5.8015,1.4085,,,,,,,
1991-11-26,,1.7978,128.1,1.136,5.8,1.401,,,,,,,
1991-11-27,,1.767,130.28,1.137,5.9205,1.4275,,,,,,,
1991-11-28,,,,,,,,,,,,,
1991-11-29,,1.7655,130.08,1.135,5.9565,1.436,,,,,,,
1991-12-01,,,,,,,,10.84837,,7.455,13.63,,4.47
1991-12-02,,1.776,129.95,1.1335,5.898,1.4235,,,,,,,
1991-12-03,,1.7715,129.55,1.1342,5.9085,1.429,,,,,,,
1991-12-04,,1.7725,129.55,1.1354,5.92,1.429,,,,,,,
1991-12-05,,1.7915,128.77,1.137,5.824,1.408,,,,,,,
1991-12-06,,1.81,128.2,1.1368,5.761,1.3897,,,,,,,
1991-12-09,,1.806,128.4,1.1361,5.764,1.3905,,,,,,,
1991-12-10,,1.808,128.7,1.1364,5.784,1.3955,,,,,,,
1991-12-11,,1.8085,129.15,1.1407,5.769,1.392,,,,,,,
1991-12-12,,1.8075,129.24,1.1421,5.7715,1.397,,,,,,,
1991-12-13,,1.8185,128.8,1.1424,5.778,1.3985,,,,,,,
1991-12-16,,1.821,128.47,1.1437,5.7655,1.395,,,,,,,
1991-12-17,,1.822,128.6,1.1455,5.743,1.395,,,,,,,
1991-12-18,,1.8252,128.45,1.1468,5.7335,1.3945,,,,,,,
1991-12-19,,1.8325,128.33,1.1573,5.704,1.3833,,,,,,,
1991-12-20,,1.86,127.57,1.155,5.61,1.362,,,,,,,
1991-12-23,,1.8765,126.55,1.1601,5.538,1.346,,,,,,,
1991-12-24,,1.8705,127.55,1.1609,5.572,1.355,,,,,,,
1991-12-25,,,,,,,,,,,,,
1991-12-26,,1.884,126.78,1.1613,5.525,1.3445,,,,,,,
1991-12-27,,1.8768,125.57,1.1603,5.553,1.351,,,,,,,
1991-12-30,,1.8665,125.75,1.1584,5.554,1.3555,,,,,,,
1991-12-31,,1.866,124.9,1.1558,5.555,1.3615,,,,,,,
1992-01-01,,,,,,,,10.71773,,7.31,12.49,,4.05
1992-01-02,,1.868,124.5,1.1515,5.578,1.365,,,,,,,
1992-01-03,,1.845,124.8,1.1473,5.639,1.3762,,,,,,,
1992-01-06,,1.877,124.1,1.1433,5.54,1.349,,,,,,,
1992-01-07,,1.871,124.4,1.142,5.55,1.3492,,,,,,,
1992-01-08,,1.871,124.9,1.1428,5.531,1.351,,,,,,,
1992-01-09,,1.831,125.4,1.149,5.629,1.383,,,,,,,
1992-01-10,,1.792,127.05,1.1543,5.765,1.411,,,,,,,
1992-01-13,,1.8015,126.85,1.149,5.74,1.3982,,,,,,,
1992-01-14,,1.789,126.8,1.1488,5.7685,1.4115,,,,,,,
1992-01-15,,1.753,128.4,1.1563,5.9,1.4437,,,,,,,
1992-01-16,,1.7605,128.28,1.1533,5.8955,1.437,,,,,,,
1992-01-17,,1.777,127.45,1.1532,5.85,1.4225,,,,,,,
1992-01-20,,,,,,,,,,,,,
1992-01-21,,1.807,123.2,1.1538,5.759,1.4037,,,,,,,
1992-01-22,,1.8065,123.22,1.1549,5.774,1.406,,,,,,,
1992-01-23,,1.7951,123.9,1.1583,5.8,1.417,,,,,,,
1992-01-24,,1.8055,123.42,1.1675,5.7715,1.4095,,,,,,,
1992-01-27,,1.776,125.4,1.1731,5.868,1.4375,,,,,,,
1992-01-28,,1.7945,125.62,1.1743,5.808,1.421,,,,,,,
1992-01-29,,1.806,125.45,1.1723,5.781,1.4185,,,,,,,
1992-01-30,,1.773,126.0,1.178,5.882,1.442,,,,,,,
1992-01-31,,1.789,125.55,1.1752,5.838,1.429,,,,,,,
1992-02-01,,,,,,,,10.42031,,7.2525,12.23,,4.07
1992-02-03,,1.7995,125.95,1.1731,5.812,1.4245,,,,,,,
1992-02-04,,1.8015,126.15,1.1808,5.7885,1.4215,,,,,,,
1992-02-05,,1.8062,125.83,1.1793,5.781,1.4175,,,,,,,
1992-02-06,,1.8205,125.65,1.179,5.741,1.407,,,,,,,
1992-02-07,,1.8375,125.22,1.1788,5.6775,1.39,,,,,,,
1992-02-10,,1.8255,126.7,1.1767,5.7105,1.4033,,,,,,,
1992-02-11,,1.8013,126.93,1.1825,5.787,1.4245,,,,,,,
1992-02-12,,1.787,127.68,1.1822,5.839,1.4392,,,,,,,
1992-02-13,,1.7725,127.68,1.1852,5.8865,1.4595,,,,,,,
1992-02-14,,1.7685,127.93,1.187,5.906,1.468,,,,,,,
1992-02-17,,,,,,,,,,,,,
1992-02-18,,1.751,128.0,1.1895,5.9785,1.4895,,,,,,,
1992-02-19,,1.752,128.4,1.1879,5.9785,1.4888,,,,,,,
1992-02-20,,1.75,128.65,1.185,5.978,1.4895,,,,,,,
1992-02-21,,1.7465,128.72,1.1842,5.9855,1.494,,,,,,,
1992-02-24,,1.748,129.1,1.1873,5.975,1.4907,,,,,,,
1992-02-25,,1.756,129.45,1.1859,5.945,1.4855,,,,,,,
1992-02-26,,1.7455,129.68,1.1808,5.983,1.499,,,,,,,
1992-02-27,,1.754,129.41,1.1795,5.961,1.489,,,,,,,
1992-02-28,,1.756,129.15,1.182,5.9375,1.4845,,,,,,,
1992-03-01,,,,,,,,10.67045,,7.54,11.7,,4.25
1992-03-02,,1.7543,129.63,1.1847,5.955,1.4878,,,,,,,
1992-03-03,,1.739,130.84,1.1907,6.0015,1.507,,,,,,,
1992-03-04,,1.723,132.11,1.1923,6.052,1.524,,,,,,,
1992-03-05,,1.716,131.85,1.1905,6.055,1.5242,,,,,,,
1992-03-06,,1.718,131.76,1.1885,6.0485,1.517,,,,,,,
1992-03-09,,1.7225,131.92,1.1928,6.0345,1.508,,,,,,,
1992-03-10,,1.714,132.88,1.1954,6.061,1.5185,,,,,,,
1992-03-11,,1.7253,133.45,1.1943,6.032,1.5085,,,,,,,
1992-03-12,,1.707,134.25,1.1948,6.067,1.513,,,,,,,
1992-03-13,,1.7115,133.6,1.199,6.043,1.5075,,,,,,,
1992-03-16,,1.715,133.98,1.2002,6.0385,1.5105,,,,,,,
1992-03-17,,1.731,133.45,1.197,5.999,1.4965,,,,,,,
1992-03-18,,1.733,132.05,1.1933,5.985,1.4928,,,,,,,
1992-03-19,,1.711,133.27,1.1968,6.067,1.515,,,,,,,
1992-03-20,,1.706,134.15,1.1985,6.084,1.5255,,,,,,,
1992-03-23,,1.715,133.7,1.193,6.057,1.5175,,,,,,,
1992-03-24,,1.72,133.69,1.192,6.041,1.5145,,,,,,,
1992-03-25,,1.732,133.35,1.1891,5.993,1.5,,,,,,,
1992-03-26,,1.722,133.95,1.1898,6.03,1.5165,,,,,,,
1992-03-27,,1.7395,133.12,1.1888,5.974,1.4965,,,,,,,
1992-03-30,,1.733,133.06,1.1907,5.985,1.5042,,,,,,,
1992-03-31,,1.7363,132.92,1.1902,5.976,1.502,,,,,,,
1992-04-01,,1.7265,134.5,1.1915,5.993,1.509,,10.65483,,7.118,11.85,,4.0
1992-04-02,,1.7295,133.83,1.193,5.976,1.5027,,,,,,,
1992-04-03,,1.743,133.25,1.1893,5.9,1.489,,,,,,,
1992-04-06,,1.75,132.72,1.1878,5.886,1.4887,,,,,,,
1992-04-07,,1.7495,133.28,1.188,5.9,1.492,,,,,,,
1992-04-08,,1.7485,132.6,1.1893,5.905,1.4923,,,,,,,
1992-04-09,,1.764,132.23,1.1884,5.875,1.487,,,,,,,
1992-04-10,,1.7652,132.9,1.1867,5.932,1.508,,,,,,,
1992-04-13,,1.762,133.28,1.1863,5.974,1.525,,,,,,,
1992-04-14,,1.771,132.79,1.1818,5.945,1.5135,,,,,,,
1992-04-15,,1.756,133.39,1.1799,5.993,1.5335,,,,,,,
1992-04-16,,1.7477,133.9,1.1823,6.023,1.543,,,,,,,
1992-04-17,,1.745,134.0,1.182,6.032,1.545,,,,,,,
1992-04-20,,1.7425,134.5,1.18,6.051,1.5485,,,,,,,
1992-04-21,,1.747,134.23,1.18,6.03,1.5474,,,,,,,
1992-04-22,,1.7625,134.15,1.1863,6.004,1.5415,,,,,,,
1992-04-23,,1.764,134.53,1.1858,6.004,1.542,,,,,,,
1992-04-24,,1.772,134.53,1.1856,5.966,1.533,,,,,,,
1992-04-27,,1.78,133.13,1.194,5.961,1.53,,,,,,,
1992-04-28,,1.775,133.33,1.1954,5.972,1.5173,,,,,,,
1992-04-29,,1.7698,133.5,1.1941,5.98,1.522,,,,,,,
1992-04-30,,1.775,133.3,1.196,5.966,1.517,,,,,,,
1992-05-01,,1.786,132.75,1.1888,5.9225,1.501,,10.109,,6.6175,11.66,,3.82
1992-05-04,,1.783,132.7,1.1905,5.927,1.5045,,,,,,,
1992-05-05,,1.7815,133.07,1.1915,5.918,1.5083,,,,,,,
1992-05-06,,1.7945,132.5,1.1967,5.873,1.502,,,,,,,
1992-05-07,,1.7965,132.7,1.1988,5.897,1.5117,,,,,,,
1992-05-08,,1.7875,133.4,1.2,5.939,1.529,,,,,,,
1992-05-11,,1.7927,133.17,1.2063,5.912,1.528,,,,,,,
1992-05-12,,1.813,130.5,1.2045,5.846,1.5045,,,,,,,
1992-05-13,,1.813,130.4,1.2052,5.838,1.4945,,,,,,,
1992-05-14,,1.822,130.2,1.2025,5.812,1.476,,,,,,,
1992-05-15,,1.8185,130.25,1.2028,5.818,1.4885,,,,,,,
1992-05-18,,1.8355,128.8,1.1978,5.7475,1.465,,,,,,,
1992-05-19,,1.8395,129.1,1.1959,5.732,1.4595,,,,,,,
1992-05-20,,1.8308,129.58,1.196,5.7695,1.4705,,,,,,,
1992-05-21,,1.817,130.25,1.196,5.8155,1.4825,,,,,,,
1992-05-22,,1.8142,129.4,1.1955,5.8315,1.489,,,,,,,
1992-05-25,,,,,,,,,,,,,
1992-05-26,,1.828,129.33,1.2019,5.796,1.4792,,,,,,,
1992-05-27,,1.801,129.95,1.202,5.881,1.4865,,,,,,,
1992-05-28,,1.8065,129.62,1.204,5.86,1.4768,,,,,,,
1992-05-29,,1.829,127.75,1.2048,5.7875,1.4562,,,,,,,
1992-06-01,,1.8227,127.45,1.2048,5.801,1.4617,,10.05078,,6.0325,11.59,,3.86
1992-06-02,,1.8245,127.53,1.2035,5.7935,1.461,,,,,,,
1992-06-03,,1.8178,127.8,1.2003,5.7955,1.4703,,,,,,,
1992-06-04,,1.825,127.57,1.1975,5.775,1.4615,,,,,,,
1992-06-05,,1.836,126.8,1.1926,5.734,1.45,,,,,,,
1992-06-08,,1.834,127.2,1.194,5.7425,1.4523,,,,,,,
1992-06-09,,1.8325,127.55,1.1935,5.747,1.456,,,,,,,
1992-06-10,,1.833,127.65,1.195,5.753,1.452,,,,,,,
1992-06-11,,1.846,126.75,1.1933,5.704,1.4315,,,,,,,
1992-06-12,,1.8515,126.65,1.1916,5.6995,1.427,,,,,,,
1992-06-15,,1.856,126.8,1.1925,5.675,1.415,,,,,,,
1992-06-16,,1.86,126.7,1.196,5.666,1.407,,,,,,,
1992-06-17,,1.853,127.05,1.1963,5.6945,1.42,,,,,,,
1992-06-18,,1.8655,126.65,1.1975,5.6565,1.4125,,,,,,,
1992-06-19,,1.8595,126.93,1.1981,5.6745,1.4165,,,,,,,
1992-06-22,,1.8615,127.1,1.1948,5.657,1.415,,,,,,,
1992-06-23,,1.8635,127.23,1.197,5.655,1.417,,,,,,,
1992-06-24,,1.877,126.68,1.1967,5.6065,1.4045,,,,,,,
1992-06-25,,1.891,125.45,1.1943,5.5715,1.392,,,,,,,
1992-06-26,,1.891,125.72,1.193,5.556,1.3845,,,,,,,
1992-06-29,,1.907,125.25,1.1935,5.48,1.368,,,,,,,
1992-06-30,,1.9035,125.87,1.1972,5.5045,1.3747,,,,,,,
1992-07-01,,1.911,124.92,1.2011,5.484,1.3665,,10.20245,,5.574,11.92,,3.37
1992-07-02,,1.918,124.6,1.2025,5.471,1.358,,,,,,,
1992-07-03,,1.9085,124.8,1.2025,5.482,1.3575,,,,,,,
1992-07-06,,1.9102,124.55,1.1998,5.465,1.3538,,,,,,,
1992-07-07,,1.9248,124.42,1.1965,5.4255,1.3485,,,,,,,
1992-07-08,,1.9195,124.85,1.1915,5.415,1.348,,,,,,,
1992-07-09,,1.896,125.8,1.194,5.492,1.372,,,,,,,
1992-07-10,,1.921,125.4,1.1922,5.432,1.356,,,,,,,
1992-07-13,,1.929,124.95,1.1928,5.365,1.336,,,,,,,
1992-07-14,,1.913,126.0,1.1936,5.425,1.3481,,,,,,,
1992-07-15,,1.9257,125.0,1.1928,5.3675,1.3362,,,,,,,
1992-07-16,,1.9355,125.45,1.1909,5.3585,1.328,,,,,,,
1992-07-17,,1.9495,124.55,1.19,5.2945,1.307,,,,,,,
1992-07-20,,1.918,125.25,1.1893,5.388,1.313,,,,,,,
1992-07-21,,1.9095,125.3,1.1928,5.4125,1.3225,,,,,,,
1992-07-22,,1.9035,126.9,1.1905,5.415,1.322,,,,,,,
1992-07-23,,1.913,126.63,1.1885,5.387,1.316,,,,,,,
1992-07-24,,1.8985,127.67,1.1915,5.444,1.33,,,,,,,
1992-07-27,,1.916,127.73,1.189,5.3845,1.3128,,,,,,,
1992-07-28,,1.929,127.58,1.1884,5.3495,1.3039,,,,,,,
1992-07-29,,1.9175,127.93,1.1875,5.3835,1.3207,,,,,,,
1992-07-30,,1.9195,127.65,1.1831,5.3765,1.321,,,,,,,
1992-07-31,,1.92,127.35,1.1845,5.3755,1.3195,,,,,,,
1992-08-01,,,,,,,,10.4122,,5.1725,13.26,,3.31
1992-08-03,,1.9237,127.28,1.1842,5.364,1.3198,,,,,,,
1992-08-04,,1.9215,127.25,1.1854,5.357,1.32,,,,,,,
1992-08-05,,1.913,127.4,1.183,5.3665,1.3235,,,,,,,
1992-08-06,,1.907,127.75,1.1865,5.382,1.331,,,,,,,
1992-08-07,,1.929,127.5,1.183,5.325,1.3128,,,,,,,
1992-08-10,,1.927,128.05,1.1883,5.3335,1.3172,,,,,,,
1992-08-11,,1.9215,128.05,1.1859,5.3455,1.3252,,,,,,,
1992-08-12,,1.928,127.72,1.1912,5.326,1.3215,,,,,,,
1992-08-13,,1.931,127.27,1.1919,5.31,1.314,,,,,,,
1992-08-14,,1.916,126.25,1.1933,5.346,1.3242,,,,,,,
1992-08-17,,1.9257,125.75,1.195,5.3255,1.315,,,,,,,
1992-08-18,,1.9295,126.25,1.1973,5.317,1.3112,,,,,,,
1992-08-19,,1.935,126.3,1.1978,5.3,1.3024,,,,,,,
1992-08-20,,1.939,126.32,1.1927,5.283,1.2915,,,,,,,
1992-08-21,,1.9475,126.07,1.1923,5.2465,1.279,,,,,,,
1992-08-24,,1.9945,124.68,1.1904,5.1335,1.2425,,,,,,,
1992-08-25,,1.988,124.9,1.1899,5.1315,1.248,,,,,,,
1992-08-26,,1.9865,124.95,1.1909,5.141,1.26,,,,,,,
1992-08-27,,1.9762,124.9,1.195,5.1525,1.265,,,,,,,
1992-08-28,,1.9825,123.26,1.1965,5.153,1.259,,,,,,,
1992-08-31,,1.9893,122.95,1.1952,5.126,1.2465,,,,,,,
1992-09-01,,1.996,122.95,1.1943,5.1035,1.2405,,10.03729,,5.038,20.18,,3.13
1992-09-02,,2.0035,123.0,1.197,5.0885,1.2395,,,,,,,
1992-09-03,,1.983,124.0,1.1985,5.1605,1.263,,,,,,,
1992-09-04,,1.9945,123.22,1.199,5.1385,1.2515,,,,,,,
1992-09-07,,,,,,,,,,,,,
1992-09-08,,2.003,122.68,1.2043,5.094,1.2327,,,,,,,
1992-09-09,,1.975,123.23,1.216,5.149,1.252,,,,,,,
1992-09-10,,1.976,122.98,1.22,5.1615,1.2495,,,,,,,
1992-09-11,,1.9235,124.23,1.2218,5.304,1.289,,,,,,,
1992-09-14,,1.8915,124.25,1.2118,5.4415,1.3155,,,,,,,
1992-09-15,,1.8715,124.38,1.219,5.47,1.3145,,,,,,,
1992-09-16,,1.811,124.95,1.222,5.556,1.3205,,,,,,,
1992-09-17,,1.7815,124.43,1.2176,5.459,1.295,,,,,,,
1992-09-18,,1.737,124.63,1.2165,5.6535,1.305,,,,,,,
1992-09-21,,1.7125,123.72,1.231,5.55,1.3005,,,,,,,
1992-09-22,,1.7082,121.2,1.2312,5.602,1.302,,,,,,,
1992-09-23,,1.7085,120.15,1.2424,5.606,1.3105,,,,,,,
1992-09-24,,1.709,120.7,1.2415,5.565,1.3055,,,,,,,
1992-09-25,,1.714,120.5,1.2396,5.55,1.297,,,,,,,
1992-09-28,,1.7295,119.58,1.2465,5.442,1.2715,,,,,,,
1992-09-29,,1.769,119.75,1.254,5.34,1.2465,,,,,,,
1992-09-30,,1.779,120.0,1.248,5.304,1.2372,,,,,,,
1992-10-01,,1.734,120.0,1.2436,5.3515,1.245,,8.39347,,7.6375,14.39,,3.26
1992-10-02,,1.706,119.35,1.255,5.3218,1.2352,,,,,,,
1992-10-05,,1.701,119.65,1.2469,5.36,1.226,,,,,,,
1992-10-06,,1.7125,119.92,1.2474,5.426,1.249,,,,,,,
1992-10-07,,1.7175,120.02,1.2487,5.448,1.2645,,,,,,,
1992-10-08,,1.6895,120.97,1.2466,5.542,1.3012,,,,,,,
1992-10-09,,1.6975,122.0,1.2505,5.583,1.3145,,,,,,,
1992-10-12,,,,,,,,,,,,,
1992-10-13,,1.714,121.5,1.2455,5.563,1.3138,,,,,,,
1992-10-14,,1.7098,121.02,1.2485,5.503,1.304,,,,,,,
1992-10-15,,1.7,120.4,1.2495,5.479,1.2942,,,,,,,
1992-10-16,,1.6555,119.85,1.2474,5.576,1.3185,,,,,,,
1992-10-19,,1.63,119.85,1.2467,5.596,1.323,,,,,,,
1992-10-20,,1.6235,121.95,1.238,5.72,1.361,,,,,,,
1992-10-21,,1.6135,121.8,1.238,5.6925,1.348,,,,,,,
1992-10-22,,1.6195,120.75,1.2425,5.695,1.351,,,,,,,
1992-10-23,,1.613,121.77,1.2469,5.77,1.363,,,,,,,
1992-10-26,,1.5865,122.03,1.2495,5.7925,1.3685,,,,,,,
1992-10-27,,1.5775,122.48,1.2372,5.791,1.366,,,,,,,
1992-10-28,,1.578,122.5,1.24,5.7975,1.37,,,,,,,
1992-10-29,,1.57,123.36,1.2425,5.7975,1.376,,,,,,,
1992-10-30,,1.5625,123.3,1.2405,5.807,1.377,,,,,,,
1992-11-01,,,,,,,,7.26711,,6.9325,12.45,,3.58
1992-11-02,,1.533,123.95,1.2415,5.905,1.3985,,,,,,,
1992-11-03,,1.5479,122.25,1.2418,5.8835,1.3925,,,,,,,
1992-11-04,,1.5535,122.8,1.246,5.902,1.398,,,,,,,
1992-11-05,,1.538,122.67,1.248,5.936,1.417,,,,,,,
1992-11-06,,1.5365,123.2,1.2523,5.984,1.4315,,,,,,,
1992-11-09,,1.52,123.9,1.2595,5.9705,1.4265,,,,,,,
1992-11-10,,1.513,124.4,1.2643,6.016,1.4375,,,,,,,
1992-11-11,,,,,,,,,,,,,
1992-11-12,,1.523,124.12,1.2635,5.99,1.435,,,,,,,
1992-11-13,,1.549,123.85,1.264,5.898,1.413,,,,,,,
1992-11-16,,1.518,124.85,1.27,5.988,1.439,,,,,,,
1992-11-17,,1.519,124.55,1.275,6.0275,1.455,,,,,,,
1992-11-18,,1.5205,124.38,1.2755,6.15,1.456,,,,,,,
1992-11-19,,1.532,123.55,1.273,6.56,1.434,,,,,,,
1992-11-20,,1.521,124.22,1.2785,6.73,1.432,,,,,,,
1992-11-23,,1.5175,124.18,1.285,6.73,1.44,,,,,,,
1992-11-24,,1.519,124.1,1.2885,6.75,1.4373,,,,,,,
1992-11-25,,1.525,123.93,1.2832,6.73,1.431,,,,,,,
1992-11-26,,,,,,,,,,,,,
1992-11-27,,1.5095,124.4,1.2855,6.81,1.442,,,,,,,
1992-11-30,,1.5135,124.42,1.2861,6.843,1.4375,,,,,,,
1992-12-01,,1.535,124.4,1.2857,6.8,1.415,,7.23132,,7.9,10.58,,3.48
1992-12-02,,1.548,124.41,1.2815,6.7795,1.3915,,,,,,,
1992-12-03,,1.565,124.67,1.277,6.802,1.4115,,,,,,,
1992-12-04,,1.557,124.9,1.2782,6.826,1.4342,,,,,,,
1992-12-07,,1.586,124.44,1.276,6.718,1.4,,,,,,,
1992-12-08,,1.5975,124.0,1.2749,6.675,1.3935,,,,,,,
1992-12-09,,1.5695,124.1,1.2735,6.7725,1.407,,,,,,,
1992-12-10,,1.557,123.73,1.2718,6.795,1.4125,,,,,,,
1992-12-11,,1.5578,123.89,1.2765,6.769,1.4055,,,,,,,
1992-12-14,,1.565,123.85,1.2746,6.76,1.4085,,,,,,,
1992-12-15,,1.5665,124.1,1.2772,6.768,1.41,,,,,,,
1992-12-16,,1.5772,122.9,1.2787,6.81,1.397,,,,,,,
1992-12-17,,1.574,123.1,1.2748,6.9475,1.4015,,,,,,,
1992-12-18,,1.566,123.28,1.2756,6.94,1.4115,,,,,,,
1992-12-21,,1.564,122.97,1.2675,6.933,1.414,,,,,,,
1992-12-22,,1.5385,123.52,1.2613,7.009,1.435,,,,,,,
1992-12-23,,1.526,123.85,1.2605,7.063,1.442,,,,,,,
1992-12-24,,1.523,123.9,1.2612,7.085,1.4485,,,,,,,
1992-12-25,,,,,,,,,,,,,
1992-12-28,,1.5115,124.75,1.2617,7.115,1.455,,,,,,,
1992-12-29,,1.5125,124.7,1.266,7.0835,1.463,,,,,,,
1992-12-30,,1.512,124.59,1.2687,7.0565,1.4595,,,,,,,
1992-12-31,,1.513,124.85,1.2714,7.079,1.466,,,,,,,
1993-01-01,,,,,,,,6.98363,,6.9925,9.76,,3.19
1993-01-04,,1.501,125.4,1.2782,7.184,1.479,,,,,,,
1993-01-05,,1.545,125.11,1.2768,7.23,1.4702,,,,,,,
1993-01-06,,1.5413,125.1,1.2782,7.258,1.487,,,,,,,
1993-01-07,,1.536,125.25,1.2798,7.3675,1.4925,,,,,,,
1993-01-08,,1.54,125.27,1.2825,7.4175,1.495,,,,,,,
1993-01-11,,1.5535,125.05,1.2755,7.3825,1.4885,,,,,,,
1993-01-12,,1.54,125.3,1.2783,7.46,1.4975,,,,,,,
1993-01-13,,1.54,126.03,1.2821,7.45,1.4925,,,,,,,
1993-01-14,,1.539,125.75,1.2785,7.23,1.4815,,,,,,,
1993-01-15,,1.53,126.1,1.2822,7.29,1.497,,,,,,,
1993-01-18,,,,,,,,,,,,,
1993-01-19,,1.548,125.55,1.2769,7.21,1.4745,,,,,,,
1993-01-20,,1.5416,124.9,1.2805,7.17,1.4705,,,,,,,
1993-01-21,,1.5175,125.0,1.2875,7.24,1.481,,,,,,,
1993-01-22,,1.532,124.85,1.2822,7.168,1.4595,,,,,,,
1993-01-25,,1.5585,123.28,1.2789,7.064,1.4432,,,,,,,
1993-01-26,,1.5385,123.63,1.2712,7.0855,1.4525,,,,,,,
1993-01-27,,1.5145,124.1,1.2701,7.109,1.4605,,,,,,,
1993-01-28,,1.5165,124.23,1.2709,7.203,1.461,,,,,,,
1993-01-29,,1.4855,124.97,1.27,7.3,1.488,,,,,,,
1993-02-01,,1.454,124.95,1.264,7.47,1.5185,,6.23086,,6.395,9.32,,3.12
1993-02-02,,1.446,124.86,1.2627,7.447,1.524,,,,,,,
1993-02-03,,1.4345,124.33,1.2663,7.54,1.5252,,,,,,,
1993-02-04,,1.4452,124.58,1.263,7.48,1.5305,,,,,,,
1993-02-05,,1.4475,124.43,1.2611,7.45,1.528,,,,,,,
1993-02-08,,1.4395,124.02,1.2641,7.46,1.5321,,,,,,,
1993-02-09,,1.431,121.38,1.2682,7.424,1.5285,,,,,,,
1993-02-10,,1.4255,120.97,1.2659,7.478,1.5345,,,,,,,
1993-02-11,,1.418,120.5,1.2563,7.465,1.5349,,,,,,,
1993-02-12,,1.4175,120.9,1.2554,7.52,1.5404,,,,,,,
1993-02-15,,,,,,,,,,,,,
1993-02-16,,1.4475,119.8,1.2564,7.4435,1.5075,,,,,,,
1993-02-17,,1.4439,119.4,1.2617,7.454,1.505,,,,,,,
1993-02-18,,1.446,119.6,1.26,7.566,1.5095,,,,,,,
1993-02-19,,1.4525,119.11,1.257,7.59,1.507,,,,,,,
1993-02-22,,1.4544,116.45,1.262,7.59,1.4905,,,,,,,
1993-02-23,,1.4585,116.65,1.255,7.6975,1.484,,,,,,,
1993-02-24,,1.4375,116.9,1.2619,7.84,1.4975,,,,,,,
1993-02-25,,1.43,117.5,1.2535,7.847,1.5155,,,,,,,
1993-02-26,,1.4215,118.1,1.2498,7.8125,1.526,,,,,,,
1993-03-01,,1.4363,118.75,1.2498,7.765,1.5265,,6.03193,,5.61,9.71,,3.11
1993-03-02,,1.4475,117.77,1.248,7.721,1.5215,,,,,,,
1993-03-03,,1.449,117.25,1.2469,7.71,1.527,,,,,,,
1993-03-04,,1.4535,116.8,1.2428,7.665,1.5185,,,,,,,
1993-03-05,,1.447,117.65,1.2475,7.745,1.5467,,,,,,,
1993-03-08,,1.4455,116.62,1.2435,7.6125,1.5385,,,,,,,
1993-03-09,,1.4345,117.4,1.2462,7.631,1.5433,,,,,,,
1993-03-10,,1.432,118.12,1.2458,7.609,1.5362,,,,,,,
1993-03-11,,1.4349,117.57,1.2446,7.781,1.5245,,,,,,,
1993-03-12,,1.433,117.8,1.2435,7.8005,1.5223,,,,,,,
1993-03-15,,1.434,118.45,1.2465,7.843,1.522,,,,,,,
1993-03-16,,1.4445,116.9,1.2505,7.8,1.523,,,,,,,
1993-03-17,,1.451,117.25,1.2518,7.819,1.5335,,,,,,,
1993-03-18,,1.4755,116.88,1.2472,7.784,1.5215,,,,,,,
1993-03-19,,1.4892,115.95,1.2455,7.706,1.5095,,,,,,,
1993-03-22,,1.4876,115.67,1.2453,7.7325,1.5146,,,,,,,
1993-03-23,,1.4832,115.7,1.2483,7.7385,1.5097,,,,,,,
1993-03-24,,1.482,116.88,1.2446,7.7565,1.508,,,,,,,
1993-03-25,,1.4743,117.3,1.244,7.824,1.5217,,,,,,,
1993-03-26,,1.4905,116.4,1.2449,7.714,1.5088,,,,,,,
1993-03-29,,1.4904,116.77,1.2468,7.7495,1.509,,,,,,,
1993-03-30,,1.495,116.62,1.2514,7.697,1.496,,,,,,,
1993-03-31,,1.509,114.9,1.2573,7.7275,1.4915,,,,,,,
1993-04-01,,1.526,114.1,1.2585,7.606,1.4824,,6.02379,,5.275,9.48,,3.09
1993-04-02,,1.513,114.2,1.2605,7.6215,1.491,,,,,,,
1993-04-05,,1.52,113.6,1.262,7.567,1.477,,,,,,,
1993-04-06,,1.5127,114.0,1.2595,7.637,1.4895,,,,,,,
1993-04-07,,1.5138,113.7,1.2614,7.665,1.4885,,,,,,,
1993-04-08,,1.5253,113.45,1.258,7.61,1.4797,,,,,,,
1993-04-09,,1.5282,113.2,1.2597,7.6,1.4765,,,,,,,
1993-04-12,,1.5478,112.75,1.2607,7.5375,1.463,,,,,,,
1993-04-13,,1.5585,113.4,1.2613,7.4415,1.4455,,,,,,,
1993-04-14,,1.552,113.9,1.2634,7.4055,1.4575,,,,,,,
1993-04-15,,1.543,113.4,1.261,7.466,1.4655,,,,,,,
1993-04-16,,1.5255,112.63,1.259,7.5275,1.477,,,,,,,
1993-04-19,,1.5379,111.03,1.2562,7.404,1.4698,,,,,,,
1993-04-20,,1.5424,110.8,1.2567,7.39,1.4637,,,,,,,
1993-04-21,,1.5363,111.1,1.258,7.4275,1.462,,,,,,,
1993-04-22,,1.548,110.05,1.262,7.41,1.458,,,,,,,
1993-04-23,,1.5755,110.62,1.2615,7.2725,1.43,,,,,,,
1993-04-26,,1.59,110.45,1.2585,7.183,1.418,,,,,,,
1993-04-27,,1.5775,111.25,1.2715,7.2475,1.4262,,,,,,,
1993-04-28,,1.571,112.4,1.2732,7.2575,1.433,,,,,,,
1993-04-29,,1.5705,111.75,1.2724,7.2975,1.429,,,,,,,
1993-04-30,,1.5695,111.27,1.2702,7.325,1.435,,,,,,,
1993-05-01,,,,,,,,6.04427,,5.325,8.74,,3.1
1993-05-03,,1.561,110.9,1.2675,7.335,1.4325,,,,,,,
1993-05-04,,1.5703,110.3,1.2727,7.3075,1.417,,,,,,,
1993-05-05,,1.566,110.25,1.2763,7.3,1.4175,,,,,,,
1993-05-06,,1.57,110.3,1.2707,7.275,1.4205,,,,,,,
1993-05-07,,1.5715,110.35,1.2711,7.305,1.429,,,,,,,
1993-05-10,,1.535,111.75,1.2685,7.4,1.4545,,,,,,,
1993-05-11,,1.542,111.05,1.2749,7.4275,1.4585,,,,,,,
1993-05-12,,1.534,111.5,1.2747,7.425,1.461,,,,,,,
1993-05-13,,1.5255,111.7,1.2727,7.395,1.4583,,,,,,,
1993-05-14,,1.5385,110.85,1.2743,7.34,1.451,,,,,,,
1993-05-17,,1.5322,111.4,1.2757,7.345,1.469,,,,,,,
1993-05-18,,1.5314,111.59,1.273,7.375,1.4787,,,,,,,
1993-05-19,,1.5408,110.52,1.2675,7.36,1.4745,,,,,,,
1993-05-20,,1.5563,110.5,1.2683,7.305,1.464,,,,,,,
1993-05-21,,1.5415,110.43,1.2665,7.295,1.473,,,,,,,
1993-05-24,,1.535,110.35,1.2622,7.3015,1.4717,,,,,,,
1993-05-25,,1.542,109.5,1.2606,7.28,1.459,,,,,,,
1993-05-26,,1.546,108.65,1.2645,7.337,1.4625,,,,,,,
1993-05-27,,1.5545,107.8,1.2637,7.26,1.438,,,,,,,
1993-05-28,,1.5605,107.17,1.2707,7.174,1.4185,,,,,,,
1993-05-31,,,,,,,,,,,,,
1993-06-01,,1.551,107.23,1.2722,7.2,1.425,,5.9517,,4.88,8.32,,3.21
1993-06-02,,1.541,107.68,1.2714,7.19,1.425,,,,,,,
1993-06-03,,1.5393,107.4,1.2746,7.2,1.4287,,,,,,,
1993-06-04,,1.517,107.75,1.2775,7.311,1.459,,,,,,,
1993-06-07,,1.5225,107.36,1.2785,7.2635,1.4555,,,,,,,
1993-06-08,,1.5175,106.3,1.283,7.245,1.4575,,,,,,,
1993-06-09,,1.515,106.55,1.2806,7.307,1.4742,,,,,,,
1993-06-10,,1.519,106.16,1.2791,7.256,1.4682,,,,,,,
1993-06-11,,1.5245,106.1,1.28,7.187,1.45,,,,,,,
1993-06-14,,1.527,105.15,1.2815,7.23,1.45,,,,,,,
1993-06-15,,1.522,105.6,1.2796,7.303,1.4633,,,,,,,
1993-06-16,,1.5035,106.6,1.2804,7.425,1.486,,,,,,,
1993-06-17,,1.5145,106.75,1.2771,7.46,1.4785,,,,,,,
1993-06-18,,1.496,109.5,1.2749,7.53,1.5005,,,,,,,
1993-06-21,,1.488,111.05,1.2738,7.56,1.5015,,,,,,,
1993-06-22,,1.4772,111.35,1.2785,7.6025,1.5134,,,,,,,
1993-06-23,,1.4717,109.15,1.2807,7.71,1.5075,,,,,,,
1993-06-24,,1.4675,109.25,1.2825,7.815,1.518,,,,,,,
1993-06-25,,1.4778,106.15,1.283,7.818,1.5128,,,,,,,
1993-06-28,,1.493,106.05,1.2836,7.8735,1.5048,,,,,,,
1993-06-29,,1.503,107.13,1.2815,7.768,1.501,,,,,,,
1993-06-30,,1.493,106.8,1.2823,7.735,1.5105,,,,,,,
1993-07-01,,1.5065,107.85,1.2886,7.725,1.5065,,6.00355,,4.4725,8.21,,3.16
1993-07-02,,1.5075,108.7,1.2887,7.7045,1.509,,,,,,,
1993-07-05,,,,,,,,,,,,,
1993-07-06,,1.5097,108.28,1.2857,7.7975,1.511,,,,,,,
1993-07-07,,1.4935,107.7,1.2847,7.859,1.517,,,,,,,
1993-07-08,,1.4948,108.75,1.2804,7.915,1.5145,,,,,,,
1993-07-09,,1.4779,109.67,1.2765,7.9775,1.5315,,,,,,,
1993-07-12,,1.478,109.65,1.279,8.0125,1.529,,,,,,,
1993-07-13,,1.4929,108.34,1.2783,7.917,1.5185,,,,,,,
1993-07-14,,1.5012,107.5,1.2834,7.93,1.5115,,,,,,,
1993-07-15,,1.4883,108.25,1.2819,8.0205,1.517,,,,,,,
1993-07-16,,1.4795,107.8,1.2798,8.026,1.515,,,,,,,
1993-07-19,,1.4985,108.5,1.2784,7.9125,1.4985,,,,,,,
1993-07-20,,1.501,108.4,1.2784,7.991,1.5055,,,,,,,
1993-07-21,,1.5155,108.5,1.2772,7.975,1.5008,,,,,,,
1993-07-22,,1.5085,106.9,1.2795,8.0755,1.5022,,,,,,,
1993-07-23,,1.4964,106.8,1.2799,8.075,1.5185,,,,,,,
1993-07-26,,1.5015,106.9,1.2814,8.0375,1.521,,,,,,,
1993-07-27,,1.489,106.35,1.284,8.083,1.521,,,,,,,
1993-07-28,,1.4945,105.33,1.2836,8.0725,1.514,,,,,,,
1993-07-29,,1.4861,106.3,1.2875,8.2385,1.524,,,,,,,
1993-07-30,,1.485,105.05,1.2844,8.24,1.523,,,,,,,
1993-08-01,,,,,,,,5.91406,,4.3075,7.59,,3.14
1993-08-02,,1.4897,104.35,1.2873,8.098,1.5025,,,,,,,
1993-08-03,,1.5045,104.43,1.291,8.025,1.5013,,,,,,,
1993-08-04,,1.5005,104.8,1.2879,7.999,1.5065,,,,,,,
1993-08-05,,1.491,104.25,1.2895,8.04,1.5111,,,,,,,
1993-08-06,,1.4985,104.45,1.2908,7.9575,1.501,,,,,,,
1993-08-09,,1.4927,104.93,1.2914,7.915,1.5035,,,,,,,
1993-08-10,,1.4802,104.67,1.2918,7.998,1.5177,,,,,,,
1993-08-11,,1.4737,103.68,1.3008,8.0605,1.5282,,,,,,,
1993-08-12,,1.463,103.17,1.3099,8.16,1.5265,,,,,,,
1993-08-13,,1.4595,102.18,1.315,8.18,1.5265,,,,,,,
1993-08-16,,1.484,101.1,1.3152,8.045,1.4975,,,,,,,
1993-08-17,,1.4885,101.55,1.3143,8.049,1.5065,,,,,,,
1993-08-18,,1.5112,101.6,1.32,7.9025,1.4895,,,,,,,
1993-08-19,,1.505,103.95,1.3185,7.97,1.485,,,,,,,
1993-08-20,,1.512,104.85,1.32,7.98,1.477,,,,,,,
1993-08-23,,1.5013,103.12,1.32,8.09,1.4855,,,,,,,
1993-08-24,,1.4962,103.73,1.3194,8.0475,1.4795,,,,,,,
1993-08-25,,1.4818,104.95,1.3145,8.0625,1.4855,,,,,,,
1993-08-26,,1.499,104.4,1.316,8.07,1.4685,,,,,,,
1993-08-27,,1.5005,104.0,1.3218,8.085,1.471,,,,,,,
1993-08-30,,1.4905,103.94,1.3204,8.115,1.4738,,,,,,,
1993-08-31,,1.4868,104.73,1.3208,8.175,1.4805,,,,,,,
1993-09-01,,1.5075,105.7,1.3227,8.18,1.459,,5.95987,,4.786,7.53,,3.12
1993-09-02,,1.5012,106.0,1.327,8.195,1.4517,,,,,,,
1993-09-03,,1.5262,105.05,1.3284,8.01,1.429,,,,,,,
1993-09-06,,,,,,,,,,,,,
1993-09-07,,1.5425,104.05,1.3243,7.917,1.4169,,,,,,,
1993-09-08,,1.5395,105.64,1.319,7.985,1.423,,,,,,,
1993-09-09,,1.55,105.2,1.3163,7.887,1.4007,,,,,,,
1993-09-10,,1.5495,106.2,1.3145,7.86,1.3945,,,,,,,
1993-09-13,,1.542,106.3,1.3162,7.8525,1.408,,,,,,,
1993-09-14,,1.5463,105.85,1.3218,7.9025,1.3975,,,,,,,
1993-09-15,,1.5512,106.3,1.313,7.878,1.3905,,,,,,,
1993-09-16,,1.533,104.45,1.3147,7.9425,1.4017,,,,,,,
1993-09-17,,1.5345,104.5,1.314,7.9826,1.401,,,,,,,
1993-09-20,,1.5317,104.31,1.322,8.0675,1.4035,,,,,,,
1993-09-21,,1.503,106.5,1.3232,8.2295,1.43,,,,,,,
1993-09-22,,1.5198,106.5,1.319,8.14,1.419,,,,,,,
1993-09-23,,1.5055,106.07,1.3225,8.0625,1.434,,,,,,,
1993-09-24,,1.5013,106.05,1.3195,8.0775,1.4385,,,,,,,
1993-09-27,,1.5123,105.9,1.3243,8.025,1.426,,,,,,,
1993-09-28,,1.5152,105.25,1.3237,8.0375,1.413,,,,,,,
1993-09-29,,1.512,105.2,1.3289,8.045,1.413,,,,,,,
1993-09-30,,1.496,106.05,1.336,8.08,1.431,,,,,,,
1993-10-01,,1.5048,106.05,1.339,8.104,1.4247,,5.81362,,4.7375,7.45,,3.24
1993-10-04,,1.514,105.8,1.339,8.0825,1.4187,,,,,,,
1993-10-05,,1.5165,105.57,1.3386,8.085,1.4215,,,,,,,
1993-10-06,,1.5257,105.6,1.3355,8.05,1.422,,,,,,,
1993-10-07,,1.522,105.15,1.333,8.05,1.426,,,,,,,
1993-10-08,,1.5352,105.57,1.3317,7.9825,1.4055,,,,,,,
1993-10-11,,,,,,,,,,,,,
1993-10-12,,1.532,105.95,1.3312,7.905,1.3995,,,,,,,
1993-10-13,,1.5223,106.02,1.3293,7.92,1.4058,,,,,,,
1993-10-14,,1.5127,107.43,1.3267,7.934,1.4227,,,,,,,
1993-10-15,,1.512,107.08,1.3317,7.872,1.427,,,,,,,
1993-10-18,,1.498,107.47,1.3275,7.8825,1.4345,,,,,,,
1993-10-19,,1.4924,107.07,1.3253,7.904,1.445,,,,,,,
1993-10-20,,1.4893,107.31,1.322,7.9355,1.4552,,,,,,,
1993-10-21,,1.4863,108.35,1.317,7.999,1.4685,,,,,,,
1993-10-22,,1.4725,108.16,1.305,8.052,1.4758,,,,,,,
1993-10-25,,1.4863,108.36,1.3095,8.081,1.472,,,,,,,
1993-10-26,,1.477,108.14,1.3207,8.1035,1.483,,,,,,,
1993-10-27,,1.4783,108.47,1.3184,8.1345,1.482,,,,,,,
1993-10-28,,1.48,108.5,1.3227,8.169,1.492,,,,,,,
1993-10-29,,1.4882,108.35,1.322,8.144,1.483,,,,,,,
1993-11-01,,1.4807,108.28,1.316,8.1965,1.5015,,5.6076,,4.3625,7.22,,3.35
1993-11-02,,1.4825,107.57,1.3058,8.1775,1.5015,,,,,,,
1993-11-03,,1.4805,107.3,1.3092,8.17,1.502,,,,,,,
1993-11-04,,1.4788,108.27,1.3048,8.189,1.5035,,,,,,,
1993-11-05,,1.4865,108.2,1.2935,8.104,1.4925,,,,,,,
1993-11-08,,1.4808,108.07,1.2963,8.133,1.4852,,,,,,,
1993-11-09,,1.4682,108.26,1.3073,8.186,1.496,,,,,,,
1993-11-10,,1.4753,107.28,1.3086,8.2265,1.494,,,,,,,
1993-11-11,,,,,,,,,,,,,
1993-11-12,,1.4818,106.3,1.3135,8.2185,1.4978,,,,,,,
1993-11-15,,1.4907,106.9,1.3207,8.2025,1.4915,,,,,,,
1993-11-16,,1.483,106.73,1.319,8.243,1.5005,,,,,,,
1993-11-17,,1.4765,107.0,1.3163,8.2475,1.4975,,,,,,,
1993-11-18,,1.4775,107.1,1.3227,8.2855,1.503,,,,,,,
1993-11-19,,1.4712,108.3,1.3278,8.34,1.507,,,,,,,
1993-11-22,,1.4745,108.27,1.33,8.3225,1.4935,,,,,,,
1993-11-23,,1.487,108.45,1.327,8.37,1.4892,,,,,,,
1993-11-24,,1.488,108.15,1.3293,8.3765,1.4927,,,,,,,
1993-11-25,,,,,,,,,,,,,
1993-11-26,,1.4795,108.75,1.3288,8.408,1.498,,,,,,,
1993-11-29,,1.488,109.27,1.3349,8.4435,1.491,,,,,,,
1993-11-30,,1.4852,109.08,1.3372,8.481,1.5002,,,,,,,
1993-12-01,,1.4805,108.7,1.3333,8.4835,1.4965,,5.38281,,4.092,6.89,,3.26
1993-12-02,,1.4823,108.74,1.3309,8.4685,1.4978,,,,,,,
1993-12-03,,1.49,108.46,1.329,8.422,1.4897,,,,,,,
1993-12-06,,1.4985,108.23,1.3267,8.3215,1.4665,,,,,,,
1993-12-07,,1.4915,107.6,1.3227,8.34,1.4662,,,,,,,
1993-12-08,,1.495,108.62,1.323,8.313,1.4665,,,,,,,
1993-12-09,,1.4945,108.75,1.3248,8.315,1.4675,,,,,,,
1993-12-10,,1.4945,109.18,1.3293,8.35,1.4567,,,,,,,
1993-12-13,,1.4903,108.98,1.3292,8.415,1.465,,,,,,,
1993-12-14,,1.4882,109.38,1.334,8.455,1.4657,,,,,,,
1993-12-15,,1.4831,109.66,1.3332,8.4475,1.4665,,,,,,,
1993-12-16,,1.4885,109.72,1.3317,8.396,1.46,,,,,,,
1993-12-17,,1.491,110.1,1.3387,8.392,1.455,,,,,,,
1993-12-20,,1.4855,110.55,1.3443,8.422,1.463,,,,,,,
1993-12-21,,1.4887,111.08,1.3442,8.368,1.4515,,,,,,,
1993-12-22,,1.4945,110.57,1.3345,8.26,1.4377,,,,,,,
1993-12-23,,1.5043,110.55,1.3265,8.2025,1.434,,,,,,,
1993-12-24,,1.503,110.95,1.3265,8.2126,1.439,,,,,,,
1993-12-27,,1.5035,111.53,1.328,8.282,1.445,,,,,,,
1993-12-28,,1.5072,111.35,1.329,8.239,1.4385,,,,,,,
1993-12-29,,1.491,111.6,1.3335,8.2795,1.457,,,,,,,
1993-12-30,,1.4763,112.0,1.329,8.328,1.484,,,,,,,
1993-12-31,,1.4775,111.7,1.3255,8.34,1.488,,,,,,,
1994-01-01,,,,,,,6.91,5.44345,,3.8725,6.97,,3.15
1994-01-03,,1.476,112.5,1.3155,8.384,1.491,,,,,,,
1994-01-04,,1.484,112.75,1.3173,8.246,1.4875,,,,,,,
1994-01-05,,1.487,113.1,1.318,8.212,1.4807,,,,,,,
1994-01-06,,1.4855,112.75,1.3215,8.2115,1.4807,,,,,,,
1994-01-07,,1.49,111.97,1.3235,8.152,1.47,,,,,,,
1994-01-10,,1.4923,112.38,1.3181,8.163,1.473,,,,,,,
1994-01-11,,1.4905,112.35,1.3219,8.19,1.4775,,,,,,,
1994-01-12,,1.5018,112.4,1.3208,8.158,1.466,,,,,,,
1994-01-13,,1.4957,111.92,1.3209,8.171,1.4775,,,,,,,
1994-01-14,,1.4913,111.24,1.3205,8.1935,1.481,,,,,,,
1994-01-17,,,,,,,,,,,,,
1994-01-18,,1.4965,110.75,1.3157,8.0965,1.4642,,,,,,,
1994-01-19,,1.491,110.85,1.311,8.1325,1.461,,,,,,,
1994-01-20,,1.5,111.6,1.3103,8.097,1.454,,,,,,,
1994-01-21,,1.4948,111.25,1.3115,8.07,1.4645,,,,,,,
1994-01-24,,1.4905,111.8,1.311,8.08,1.465,,,,,,,
1994-01-25,,1.493,111.15,1.3117,8.026,1.471,,,,,,,
1994-01-26,,1.494,110.28,1.3133,7.973,1.4705,,,,,,,
1994-01-27,,1.493,109.62,1.3115,7.975,1.4718,,,,,,,
1994-01-28,,1.4995,109.45,1.324,7.936,1.4625,,,,,,,
1994-01-31,,1.5005,108.72,1.327,7.902,1.4627,,,,,,,
1994-02-01,,1.503,108.05,1.3308,7.8775,1.45,6.86,5.26328,,3.805,6.98,,3.43
1994-02-02,,1.4953,108.03,1.3277,7.9255,1.4525,,,,,,,
1994-02-03,,1.493,108.18,1.3278,7.892,1.4505,,,,,,,
1994-02-04,,1.479,108.98,1.3343,7.9105,1.4568,,,,,,,
1994-02-07,,1.4825,108.56,1.3418,7.983,1.4707,,,,,,,
1994-02-08,,1.4718,108.66,1.3423,8.035,1.48,,,,,,,
1994-02-09,,1.4615,107.89,1.3447,8.0295,1.476,,,,,,,
1994-02-10,,1.4622,108.45,1.3416,8.089,1.478,,,,,,,
1994-02-11,,1.4648,107.67,1.343,8.081,1.4765,,,,,,,
1994-02-14,,1.4708,104.08,1.3536,8.0625,1.4705,,,,,,,
1994-02-15,,1.475,103.95,1.3546,8.037,1.4535,,,,,,,
1994-02-16,,1.4755,103.8,1.3508,8.048,1.4545,,,,,,,
1994-02-17,,1.477,104.2,1.3406,7.996,1.4565,,,,,,,
1994-02-18,,1.4791,104.15,1.3387,7.923,1.451,,,,,,,
1994-02-21,,,,,,,,,,,,,
1994-02-22,,1.4784,105.27,1.3425,7.9295,1.4493,,,,,,,
1994-02-23,,1.4755,105.8,1.34,7.951,1.454,,,,,,,
1994-02-24,,1.4847,105.15,1.3475,7.9785,1.4393,,,,,,,
1994-02-25,,1.4875,104.63,1.3516,8.0265,1.4285,,,,,,,
1994-02-28,,1.4875,104.22,1.3522,7.9755,1.425,,,,,,,
1994-03-01,,1.4854,104.8,1.3498,8.0405,1.44,6.75,5.22758,,4.206,7.04,,3.77
1994-03-02,,1.4944,103.7,1.3534,8.026,1.4275,,,,,,,
1994-03-03,,1.4964,103.73,1.3561,7.986,1.4325,,,,,,,
1994-03-04,,1.4895,105.6,1.3575,8.022,1.4405,,,,,,,
1994-03-07,,1.492,105.73,1.3569,8.001,1.4385,,,,,,,
1994-03-08,,1.4877,105.3,1.3573,8.0145,1.4395,,,,,,,
1994-03-09,,1.4915,105.88,1.3522,8.011,1.4355,,,,,,,
1994-03-10,,1.5008,105.7,1.3577,7.915,1.4205,,,,,,,
1994-03-11,,1.501,105.05,1.3617,7.835,1.4165,,,,,,,
1994-03-14,,1.4943,106.0,1.36,7.879,1.437,,,,,,,
1994-03-15,,1.4925,105.97,1.364,7.8735,1.4385,,,,,,,
1994-03-16,,1.4927,105.85,1.3623,7.854,1.4335,,,,,,,
1994-03-17,,1.4947,105.82,1.3656,7.834,1.4335,,,,,,,
1994-03-18,,1.4925,106.05,1.3695,7.851,1.4345,,,,,,,
1994-03-21,,1.4838,106.25,1.3642,7.898,1.437,,,,,,,
1994-03-22,,1.4865,106.0,1.3665,7.874,1.4295,,,,,,,
1994-03-23,,1.4937,106.4,1.364,7.877,1.4285,,,,,,,
1994-03-24,,1.4948,105.52,1.3726,7.864,1.419,,,,,,,
1994-03-25,,1.4975,104.85,1.3753,7.901,1.4165,,,,,,,
1994-03-28,,1.4965,104.12,1.3748,7.8935,1.4218,,,,,,,
1994-03-29,,1.485,103.45,1.3775,7.913,1.4255,,,,,,,
1994-03-30,,1.4823,103.07,1.3794,7.872,1.4165,,,,,,,
1994-03-31,,1.488,102.4,1.3838,7.823,1.4097,,,,,,,
1994-04-01,,1.4735,103.75,1.389,7.915,1.4265,6.57,5.28981,,5.8875,7.09,,4.01
1994-04-04,,1.468,103.3,1.3954,7.925,1.4275,,,,,,,
1994-04-05,,1.4621,103.85,1.3841,7.9965,1.4426,,,,,,,
1994-04-06,,1.4686,104.45,1.384,7.9525,1.4489,,,,,,,
1994-04-07,,1.4684,104.85,1.3865,7.9145,1.4512,,,,,,,
1994-04-08,,1.4763,105.02,1.3817,7.892,1.4435,,,,,,,
1994-04-11,,1.4715,103.45,1.388,7.889,1.4417,,,,,,,
1994-04-12,,1.4745,103.62,1.3795,7.91,1.4498,,,,,,,
1994-04-13,,1.477,103.57,1.3763,7.9235,1.4417,,,,,,,
1994-04-14,,1.4765,104.15,1.3797,7.922,1.4453,,,,,,,
1994-04-15,,1.4729,103.6,1.3851,7.913,1.4528,,,,,,,
1994-04-18,,1.4725,103.4,1.3887,7.9205,1.4575,,,,,,,
1994-04-19,,1.4775,103.23,1.3865,7.9315,1.4425,,,,,,,
1994-04-20,,1.4858,103.3,1.3858,7.915,1.44,,,,,,,
1994-04-21,,1.4948,103.65,1.3812,7.8865,1.4343,,,,,,,
1994-04-22,,1.488,103.6,1.3785,7.891,1.4376,,,,,,,
1994-04-25,,1.4915,103.26,1.3815,7.858,1.4328,,,,,,,
1994-04-26,,1.5037,102.95,1.3733,7.842,1.4333,,,,,,,
1994-04-27,,1.5055,102.35,1.3753,7.7865,1.424,,,,,,,
1994-04-28,,1.5075,101.77,1.3805,7.7445,1.4195,,,,,,,
1994-04-29,,1.5118,102.05,1.3818,7.6575,1.411,,,,,,,
1994-05-01,,,,,,,6.24,5.22727,,6.285,7.0,,4.51
1994-05-02,,1.5187,101.79,1.383,7.602,1.4,,,,,,,
1994-05-03,,1.513,101.2,1.384,7.5965,1.3995,,,,,,,
1994-05-04,,1.4995,102.0,1.3863,7.694,1.4105,,,,,,,
1994-05-05,,1.498,102.7,1.3847,7.719,1.4166,,,,,,,
1994-05-06,,1.4935,102.72,1.3836,7.6915,1.4147,,,,,,,
1994-05-09,,1.4975,102.7,1.3797,7.682,1.4125,,,,,,,
1994-05-10,,1.4905,104.0,1.3784,7.7535,1.4302,,,,,,,
1994-05-11,,1.4911,104.42,1.3781,7.757,1.428,,,,,,,
1994-05-12,,1.4995,104.23,1.3808,7.7415,1.427,,,,,,,
1994-05-13,,1.4985,104.9,1.3785,7.758,1.4255,,,,,,,
1994-05-16,,1.5025,104.8,1.3756,7.7905,1.4262,,,,,,,
1994-05-17,,1.5065,104.37,1.379,7.744,1.4157,,,,,,,
1994-05-18,,1.5085,103.55,1.3778,7.6995,1.4075,,,,,,,
1994-05-19,,1.508,104.25,1.3738,7.6935,1.4098,,,,,,,
1994-05-20,,1.5098,103.97,1.3768,7.676,1.4057,,,,,,,
1994-05-23,,1.5055,104.33,1.379,7.68,1.407,,,,,,,
1994-05-24,,1.5058,104.9,1.3786,7.7445,1.414,,,,,,,
1994-05-25,,1.5095,104.5,1.3825,7.7835,1.4017,,,,,,,
1994-05-26,,1.5108,104.45,1.3865,7.746,1.4038,,,,,,,
1994-05-27,,1.5095,104.3,1.3864,7.718,1.4025,,,,,,,
1994-05-30,,,,,,,,,,,,,
1994-05-31,,1.512,104.74,1.3845,7.8105,1.4033,,,,,,,
1994-06-01,,1.5172,104.7,1.386,7.8798,1.4005,6.3,5.18786,,6.394,6.99,,4.52
1994-06-02,,1.5082,104.98,1.3855,7.8619,1.405,,,,,,,
1994-06-03,,1.5055,105.38,1.3831,7.8976,1.417,,,,,,,
1994-06-06,,1.5083,105.25,1.3745,7.8966,1.415,,,,,,,
1994-06-07,,1.508,104.9,1.371,7.9318,1.4126,,,,,,,
1994-06-08,,1.5063,104.05,1.3756,7.945,1.413,,,,,,,
1994-06-09,,1.5067,104.45,1.374,7.958,1.4155,,,,,,,
1994-06-10,,1.5084,103.7,1.3745,7.9255,1.406,,,,,,,
1994-06-13,,1.5202,103.0,1.3812,7.9075,1.3884,,,,,,,
1994-06-14,,1.5192,102.5,1.386,7.8965,1.3835,,,,,,,
1994-06-15,,1.5194,102.78,1.3882,7.867,1.3735,,,,,,,
1994-06-16,,1.52,103.28,1.3928,7.874,1.372,,,,,,,
1994-06-17,,1.5307,102.75,1.3925,7.7615,1.3592,,,,,,,
1994-06-20,,1.5385,101.9,1.394,7.722,1.35,,,,,,,
1994-06-21,,1.5405,101.78,1.3805,7.674,1.3445,,,,,,,
1994-06-22,,1.5315,101.17,1.385,7.707,1.352,,,,,,,
1994-06-23,,1.5415,101.1,1.3853,7.69,1.3475,,,,,,,
1994-06-24,,1.5519,100.5,1.3898,7.6315,1.332,,,,,,,
1994-06-27,,1.5495,100.05,1.3875,7.5915,1.321,,,,,,,
1994-06-28,,1.5512,100.03,1.3864,7.6075,1.328,,,,,,,
1994-06-29,,1.5462,98.82,1.384,7.644,1.3315,,,,,,,
1994-06-30,,1.5483,98.51,1.3825,7.659,1.3325,,,,,,,
1994-07-01,,1.539,98.51,1.3822,7.82,1.3355,6.34,5.26637,,6.3625,7.32,,4.73
1994-07-04,,,,,,,,,,,,,
1994-07-05,,1.5415,98.87,1.3891,7.8365,1.3288,,,,,,,
1994-07-06,,1.5505,98.23,1.3849,7.844,1.321,,,,,,,
1994-07-07,,1.5421,98.86,1.3885,7.8355,1.325,,,,,,,
1994-07-08,,1.5445,98.1,1.3903,7.7535,1.322,,,,,,,
1994-07-11,,1.5645,97.37,1.391,7.622,1.296,,,,,,,
1994-07-12,,1.5725,96.81,1.3837,7.516,1.2845,,,,,,,
1994-07-13,,1.5675,97.9,1.3814,7.5835,1.2955,,,,,,,
1994-07-14,,1.5615,98.4,1.382,7.695,1.3075,,,,,,,
1994-07-15,,1.5574,98.1,1.379,7.765,1.3125,,,,,,,
1994-07-18,,1.5622,98.51,1.378,7.6975,1.3055,,,,,,,
1994-07-19,,1.5513,99.2,1.38,7.736,1.322,,,,,,,
1994-07-20,,1.5493,98.55,1.3815,7.7315,1.32,,,,,,,
1994-07-21,,1.5395,98.55,1.3785,7.778,1.3315,,,,,,,
1994-07-22,,1.531,98.55,1.378,7.8495,1.35,,,,,,,
1994-07-25,,1.532,98.95,1.3787,7.8025,1.35,,,,,,,
1994-07-26,,1.5244,98.03,1.3807,7.7775,1.349,,,,,,,
1994-07-27,,1.5306,98.18,1.3797,7.7435,1.3357,,,,,,,
1994-07-28,,1.5317,99.18,1.3808,7.77,1.341,,,,,,,
1994-07-29,,1.5415,100.05,1.3835,7.784,1.3445,,,,,,,
1994-08-01,,1.5368,99.35,1.3885,7.7736,1.3315,6.43,5.57745,,5.68,7.68,,4.81
1994-08-02,,1.5378,100.37,1.3896,7.738,1.334,,,,,,,
1994-08-03,,1.5395,100.42,1.3883,7.71,1.335,,,,,,,
1994-08-04,,1.5387,100.2,1.3869,7.738,1.3355,,,,,,,
1994-08-05,,1.5425,100.37,1.3882,7.74,1.3345,,,,,,,
1994-08-08,,1.5422,101.33,1.38,7.737,1.3315,,,,,,,
1994-08-09,,1.5385,101.2,1.3747,7.786,1.3341,,,,,,,
1994-08-10,,1.5393,101.2,1.3753,7.7895,1.327,,,,,,,
1994-08-11,,1.5395,100.85,1.378,7.8745,1.328,,,,,,,
1994-08-12,,1.545,100.27,1.3819,7.8185,1.3095,,,,,,,
1994-08-15,,1.5422,100.1,1.3802,7.778,1.3027,,,,,,,
1994-08-16,,1.5427,100.31,1.3796,7.835,1.3012,,,,,,,
1994-08-17,,1.54,100.31,1.3768,7.882,1.308,,,,,,,
1994-08-18,,1.545,98.85,1.3792,7.8105,1.299,,,,,,,
1994-08-19,,1.549,98.57,1.3757,7.723,1.2925,,,,,,,
1994-08-22,,1.551,98.01,1.3755,7.5515,1.289,,,,,,,
1994-08-23,,1.5535,98.4,1.3775,7.6175,1.298,,,,,,,
1994-08-24,,1.5535,98.62,1.3746,7.6435,1.302,,,,,,,
1994-08-25,,1.5535,99.71,1.373,7.617,1.3065,,,,,,,
1994-08-26,,1.5355,100.4,1.37,7.722,1.3237,,,,,,,
1994-08-29,,1.534,100.05,1.3693,7.7345,1.337,,,,,,,
1994-08-30,,1.535,99.63,1.3673,7.723,1.3325,,,,,,,
1994-08-31,,1.5362,100.11,1.3712,7.723,1.3315,,,,,,,
1994-09-01,,1.5445,99.63,1.3682,7.693,1.324,6.38,5.76811,,5.6425,7.71,,5.03
1994-09-02,,1.5475,99.2,1.3665,7.6535,1.3085,,,,,,,
1994-09-05,,,,,,,,,,,,,
1994-09-06,,1.5487,98.77,1.368,7.6385,1.295,,,,,,,
1994-09-07,,1.5462,99.25,1.3685,7.607,1.2955,,,,,,,
1994-09-08,,1.5436,99.48,1.371,7.6595,1.3055,,,,,,,
1994-09-09,,1.5503,99.2,1.3674,7.5525,1.283,,,,,,,
1994-09-12,,1.5696,99.0,1.3662,7.4835,1.282,,,,,,,
1994-09-13,,1.5623,98.96,1.3537,7.522,1.2915,,,,,,,
1994-09-14,,1.5673,99.05,1.3516,7.5355,1.278,,,,,,,
1994-09-15,,1.563,99.45,1.354,7.4985,1.2845,,,,,,,
1994-09-16,,1.584,98.72,1.3515,7.4127,1.2735,,,,,,,
1994-09-19,,1.566,98.58,1.3517,7.4655,1.288,,,,,,,
1994-09-20,,1.5745,97.79,1.3443,7.4775,1.287,,,,,,,
1994-09-21,,1.578,97.92,1.343,7.4565,1.2825,,,,,,,
1994-09-22,,1.576,98.05,1.3433,7.4534,1.2845,,,,,,,
1994-09-23,,1.5813,97.7,1.3458,7.467,1.2835,,,,,,,
1994-09-26,,1.5745,98.65,1.3473,7.485,1.2875,,,,,,,
1994-09-27,,1.5775,98.37,1.3478,7.465,1.2835,,,,,,,
1994-09-28,,1.576,98.77,1.341,7.473,1.2845,,,,,,,
1994-09-29,,1.58,98.67,1.3425,7.486,1.285,,,,,,,
1994-09-30,,1.577,99.05,1.341,7.4915,1.2865,,,,,,,
1994-10-01,,,,,,,6.43,5.9747,,5.44,7.95,,5.51
1994-10-03,,1.5785,99.5,1.3457,7.478,1.293,,,,,,,
1994-10-04,,1.5783,99.65,1.345,7.394,1.289,,,,,,,
1994-10-05,,1.586,99.47,1.3472,7.3945,1.278,,,,,,,
1994-10-06,,1.5875,99.65,1.3477,7.362,1.2805,,,,,,,
1994-10-07,,1.5865,100.37,1.3485,7.3465,1.2817,,,,,,,
1994-10-10,,,,,,,,,,,,,
1994-10-11,,1.578,100.5,1.3438,7.4165,1.2905,,,,,,,
1994-10-12,,1.581,99.95,1.3477,7.427,1.287,,,,,,,
1994-10-13,,1.5815,99.75,1.3488,7.391,1.284,,,,,,,
1994-10-14,,1.591,98.43,1.354,7.3315,1.263,,,,,,,
1994-10-17,,1.61,97.68,1.3565,7.222,1.249,,,,,,,
1994-10-18,,1.6135,97.79,1.355,7.215,1.249,,,,,,,
1994-10-19,,1.618,97.3,1.3548,7.2175,1.246,,,,,,,
1994-10-20,,1.6215,97.2,1.355,7.1685,1.247,,,,,,,
1994-10-21,,1.6255,97.37,1.3543,7.139,1.2483,,,,,,,
1994-10-24,,1.6275,97.2,1.3525,7.1115,1.247,,,,,,,
1994-10-25,,1.6365,96.95,1.3495,7.064,1.245,,,,,,,
1994-10-26,,1.632,97.05,1.3475,7.0775,1.2505,,,,,,,
1994-10-27,,1.6368,96.95,1.349,7.103,1.2515,,,,,,,
1994-10-28,,1.623,97.4,1.3502,7.2095,1.261,,,,,,,
1994-10-31,,1.635,96.9,1.3527,7.1935,1.255,,,,,,,
1994-11-01,,1.632,96.77,1.3545,7.206,1.248,6.4,6.12536,,5.68,8.11,,5.79
1994-11-02,,1.6345,97.0,1.3555,7.2185,1.254,,,,,,,
1994-11-03,,1.6125,98.2,1.3573,7.3905,1.274,,,,,,,
1994-11-04,,1.6105,97.65,1.3576,7.351,1.272,,,,,,,
1994-11-07,,1.616,97.24,1.3556,7.339,1.267,,,,,,,
1994-11-08,,1.621,96.93,1.3575,7.279,1.259,,,,,,,
1994-11-09,,1.605,97.78,1.3535,7.359,1.28,,,,,,,
1994-11-10,,1.5992,97.92,1.3588,7.3115,1.2865,,,,,,,
1994-11-11,,,,,,,,,,,,,
1994-11-14,,1.588,98.07,1.3578,7.258,1.294,,,,,,,
1994-11-15,,1.584,98.28,1.3632,7.3475,1.2995,,,,,,,
1994-11-16,,1.5715,98.37,1.365,7.3445,1.3056,,,,,,,
1994-11-17,,1.577,98.1,1.3654,7.3245,1.298,,,,,,,
1994-11-18,,1.568,98.5,1.3675,7.3395,1.319,,,,,,,
1994-11-21,,1.566,98.41,1.3669,7.362,1.322,,,,,,,
1994-11-22,,1.5695,98.19,1.3762,7.3725,1.3195,,,,,,,
1994-11-23,,1.5725,98.27,1.3735,7.3773,1.314,,,,,,,
1994-11-24,,,,,,,,,,,,,
1994-11-25,,1.563,98.75,1.3761,7.478,1.3225,,,,,,,
1994-11-28,,1.563,98.59,1.3785,7.5325,1.3275,,,,,,,
1994-11-29,,1.5643,98.95,1.3777,7.547,1.3255,,,,,,,
1994-11-30,,1.567,98.91,1.3752,7.536,1.325,,,,,,,
1994-12-01,,1.5652,99.4,1.3754,7.5485,1.3305,6.69,6.42685,,6.5975,7.97,,6.29
1994-12-02,,1.5602,100.39,1.372,7.5195,1.331,,,,,,,
1994-12-05,,1.559,100.32,1.3732,7.492,1.327,,,,,,,
1994-12-06,,1.561,100.35,1.3732,7.54,1.33,,,,,,,
1994-12-07,,1.5641,100.13,1.3799,7.508,1.3283,,,,,,,
1994-12-08,,1.5632,100.41,1.3835,7.527,1.337,,,,,,,
1994-12-09,,1.5602,100.22,1.3848,7.5205,1.3385,,,,,,,
1994-12-12,,1.5637,100.04,1.386,7.5415,1.3335,,,,,,,
1994-12-13,,1.5605,100.32,1.3872,7.545,1.3305,,,,,,,
1994-12-14,,1.5612,100.3,1.3875,7.572,1.3301,,,,,,,
1994-12-15,,1.563,100.26,1.3875,7.5395,1.3262,,,,,,,
1994-12-16,,1.563,100.28,1.3885,7.5475,1.3312,,,,,,,
1994-12-19,,1.5622,100.15,1.3941,7.5505,1.3308,,,,,,,
1994-12-20,,1.56,100.32,1.3946,7.5215,1.3299,,,,,,,
1994-12-21,,1.5595,100.23,1.3945,7.492,1.326,,,,,,,
1994-12-22,,1.5462,100.45,1.3985,7.495,1.3329,,,,,,,
1994-12-23,,1.5445,100.22,1.3991,7.5045,1.3343,,,,,,,
1994-12-26,,,,,,,,,,,,,
1994-12-27,,1.545,100.46,1.4005,7.492,1.3305,,,,,,,
1994-12-28,,1.5435,100.33,1.4035,7.4955,1.3286,,,,,,,
1994-12-29,,1.5602,99.65,1.4078,7.456,1.3097,,,,,,,
1994-12-30,,1.5665,99.6,1.403,7.4295,1.31,,,,,,,
1995-01-01,,,,,,,6.66,6.63778,,7.838,8.02,,6.24
1995-01-02,,,,,,,,,,,,,
1995-01-03,,1.5624,100.52,1.4035,7.4545,1.313,,,,,,,
1995-01-04,,1.5605,101.4,1.403,7.467,1.313,,,,,,,
1995-01-05,,1.5635,100.97,1.4005,7.466,1.3035,,,,,,,
1995-01-06,,1.5518,101.37,1.4008,7.544,1.31,,,,,,,
1995-01-09,,1.5573,100.33,1.406,7.488,1.2945,,,,,,,
1995-01-10,,1.5585,100.4,1.4123,7.551,1.289,,,,,,,
1995-01-11,,1.5592,99.9,1.414,7.493,1.2865,,,,,,,
1995-01-12,,1.5715,98.8,1.4165,7.478,1.2805,,,,,,,
1995-01-13,,1.567,98.77,1.4112,7.52,1.291,,,,,,,
1995-01-16,,,,,,,,,,,,,
1995-01-17,,1.568,99.0,1.4215,7.4715,1.287,,,,,,,
1995-01-18,,1.5707,99.55,1.4217,7.456,1.2885,,,,,,,
1995-01-19,,1.575,99.43,1.422,7.484,1.2815,,,,,,,
1995-01-20,,1.5877,99.4,1.4238,7.433,1.2715,,,,,,,
1995-01-23,,1.5955,99.75,1.4195,7.454,1.2695,,,,,,,
1995-01-24,,1.596,99.64,1.4148,7.449,1.271,,,,,,,
1995-01-25,,1.5932,99.6,1.4149,7.494,1.2755,,,,,,,
1995-01-26,,1.5908,99.31,1.4148,7.463,1.2735,,,,,,,
1995-01-27,,1.5885,99.35,1.4152,7.464,1.2745,,,,,,,
1995-01-30,,1.5935,98.4,1.4193,7.4175,1.268,,,,,,,
1995-01-31,,1.5815,99.43,1.4092,7.5015,1.2845,,,,,,,
1995-02-01,,1.5805,99.4,1.4109,7.4695,1.289,6.59,6.80391,,8.118,7.9,,6.16
1995-02-02,,1.583,99.5,1.4065,7.448,1.2842,,,,,,,
1995-02-03,,1.5643,99.75,1.4029,7.478,1.291,,,,,,,
1995-02-06,,1.56,99.3,1.3985,7.446,1.2948,,,,,,,
1995-02-07,,1.557,99.42,1.3955,7.478,1.3015,,,,,,,
1995-02-08,,1.5523,98.98,1.395,7.471,1.2968,,,,,,,
1995-02-09,,1.5565,98.85,1.3988,7.463,1.293,,,,,,,
1995-02-10,,1.5627,98.86,1.402,7.41,1.2847,,,,,,,
1995-02-13,,1.5635,98.66,1.4028,7.427,1.2838,,,,,,,
1995-02-14,,1.5575,98.65,1.3995,7.3915,1.2782,,,,,,,
1995-02-15,,1.5605,98.52,1.4047,7.3815,1.2787,,,,,,,
1995-02-16,,1.5775,97.55,1.41,7.3605,1.259,,,,,,,
1995-02-17,,1.5765,97.48,1.4055,7.356,1.259,,,,,,,
1995-02-20,,,,,,,,,,,,,
1995-02-21,,1.5815,97.3,1.3995,7.316,1.248,,,,,,,
1995-02-22,,1.586,97.03,1.3987,7.3095,1.249,,,,,,,
1995-02-23,,1.593,96.8,1.3943,7.27,1.25,,,,,,,
1995-02-24,,1.5885,97.1,1.394,7.265,1.2483,,,,,,,
1995-02-27,,1.5835,96.75,1.3965,7.3615,1.2358,,,,,,,
1995-02-28,,1.584,96.6,1.3937,7.3345,1.2332,,,,,,,
1995-03-01,,1.5843,96.75,1.3965,7.315,1.2405,7.58,6.72554,,8.314782609,8.67,,6.15
1995-03-02,,1.591,95.81,1.404,7.34,1.237,,,,,,,
1995-03-03,,1.621,94.4,1.4015,7.296,1.216,,,,,,,
1995-03-06,,1.633,92.6,1.4179,7.2435,1.1695,,,,,,,
1995-03-07,,1.644,90.85,1.4215,7.177,1.1445,,,,,,,
1995-03-08,,1.619,91.27,1.4088,7.1615,1.164,,,,,,,
1995-03-09,,1.6152,90.57,1.4132,7.1385,1.1612,,,,,,,
1995-03-10,,1.5802,91.23,1.4091,7.235,1.1785,,,,,,,
1995-03-13,,1.5968,90.5,1.4121,7.277,1.174,,,,,,,
1995-03-14,,1.5855,90.97,1.417,7.2075,1.177,,,,,,,
1995-03-15,,1.603,89.4,1.4158,7.198,1.1485,,,,,,,
1995-03-16,,1.586,90.3,1.4142,7.217,1.1642,,,,,,,
1995-03-17,,1.582,89.19,1.4178,7.237,1.1505,,,,,,,
1995-03-20,,1.5805,89.42,1.4085,7.2805,1.164,,,,,,,
1995-03-21,,1.5855,89.38,1.402,7.284,1.1767,,,,,,,
1995-03-22,,1.586,88.92,1.4026,7.2965,1.1675,,,,,,,
1995-03-23,,1.5923,88.31,1.4065,7.3295,1.1665,,,,,,,
1995-03-24,,1.588,89.1,1.4015,7.355,1.176,,,,,,,
1995-03-27,,1.5955,89.07,1.4015,7.293,1.1595,,,,,,,
1995-03-28,,1.61,89.22,1.4033,7.3515,1.1495,,,,,,,
1995-03-29,,1.608,88.31,1.4037,7.344,1.1412,,,,,,,
1995-03-30,,1.5985,89.53,1.3987,7.439,1.171,,,,,,,
1995-03-31,,1.619,86.85,1.3993,7.395,1.133,,,,,,,
1995-04-01,,,,,,,7.29,6.73633,,8.148421053,8.78,,6.11
1995-04-03,,1.616,86.25,1.399,7.3635,1.1242,,,,,,,
1995-04-04,,1.6015,86.36,1.3943,7.3865,1.137,,,,,,,
1995-04-05,,1.6065,86.25,1.3923,7.39,1.1322,,,,,,,
1995-04-06,,1.6058,85.47,1.3998,7.38,1.128,,,,,,,
1995-04-07,,1.6015,84.32,1.3918,7.362,1.135,,,,,,,
1995-04-10,,1.594,83.1,1.3841,7.351,1.1605,,,,,,,
1995-04-11,,1.5945,83.8,1.3796,7.337,1.1525,,,,,,,
1995-04-12,,1.59,84.0,1.3777,7.3755,1.1562,,,,,,,
1995-04-13,,1.6068,83.59,1.3737,7.319,1.1495,,,,,,,
1995-04-14,,1.602,83.35,1.369,7.321,1.1522,,,,,,,
1995-04-17,,1.6195,82.1,1.3663,7.2505,1.1292,,,,,,,
1995-04-18,,1.614,81.4,1.3697,7.2925,1.126,,,,,,,
1995-04-19,,1.616,81.12,1.3711,7.3055,1.1172,,,,,,,
1995-04-20,,1.6127,82.95,1.3708,7.4095,1.143,,,,,,,
1995-04-21,,1.61,82.92,1.3683,7.406,1.136,,,,,,,
1995-04-24,,1.6055,83.26,1.3655,7.468,1.1375,,,,,,,
1995-04-25,,1.6135,81.95,1.365,7.3495,1.132,,,,,,,
1995-04-26,,1.6105,83.98,1.363,7.3295,1.1395,,,,,,,
1995-04-27,,1.6162,83.58,1.3633,7.2435,1.135,,,,,,,
1995-04-28,,1.6091,84.04,1.3597,7.2695,1.1455,,,,,,,
1995-05-01,,1.618,83.53,1.3555,7.2715,1.146,7.04,6.77616,,7.561363636,8.77,,6.02
1995-05-02,,1.6125,83.69,1.3576,7.3035,1.135,,,,,,,
1995-05-03,,1.6172,83.45,1.3645,7.2665,1.133,,,,,,,
1995-05-04,,1.6185,83.62,1.3645,7.255,1.129,,,,,,,
1995-05-05,,1.599,84.03,1.354,7.259,1.132,,,,,,,
1995-05-08,,1.608,83.0,1.3581,7.186,1.1245,,,,,,,
1995-05-09,,1.5885,82.95,1.3578,7.1745,1.132,,,,,,,
1995-05-10,,1.5815,83.87,1.3568,7.1805,1.154,,,,,,,
1995-05-11,,1.5576,85.8,1.352,7.3108,1.19,,,,,,,
1995-05-12,,1.571,87.0,1.3535,7.376,1.205,,,,,,,
1995-05-15,,1.5652,86.86,1.3592,7.3525,1.2085,,,,,,,
1995-05-16,,1.569,86.2,1.3562,7.313,1.1985,,,,,,,
1995-05-17,,1.5685,86.73,1.3572,7.369,1.2005,,,,,,,
1995-05-18,,1.5625,87.43,1.357,7.44,1.218,,,,,,,
1995-05-19,,1.5735,86.77,1.357,7.3905,1.201,,,,,,,
1995-05-22,,1.575,87.47,1.365,7.3565,1.199,,,,,,,
1995-05-23,,1.566,87.38,1.365,7.4295,1.2045,,,,,,,
1995-05-24,,1.5755,87.15,1.3653,7.3765,1.2,,,,,,,
1995-05-25,,1.6037,85.05,1.3695,7.252,1.165,,,,,,,
1995-05-26,,1.604,82.85,1.373,7.283,1.138,,,,,,,
1995-05-29,,,,,,,,,,,,,
1995-05-30,,1.601,83.0,1.3707,7.2655,1.144,,,,,,,
1995-05-31,,1.5865,84.65,1.3698,7.346,1.1675,,,,,,,
1995-06-01,,1.5945,84.95,1.373,7.325,1.171,7.08,6.71484,,7.047727273,9.16,,5.9
1995-06-02,,1.586,84.9,1.3757,7.345,1.169,,,,,,,
1995-06-05,,1.5955,84.63,1.3772,7.222,1.1555,,,,,,,
1995-06-06,,1.59,85.1,1.381,7.2385,1.17,,,,,,,
1995-06-07,,1.5942,84.24,1.3805,7.2135,1.158,,,,,,,
1995-06-08,,1.592,84.9,1.3738,7.239,1.1685,,,,,,,
1995-06-09,,1.5945,84.4,1.3769,7.2215,1.1585,,,,,,,
1995-06-12,,1.595,83.92,1.3798,7.243,1.1545,,,,,,,
1995-06-13,,1.5955,84.33,1.3843,7.2595,1.1603,,,,,,,
1995-06-14,,1.6085,84.4,1.3815,7.2245,1.156,,,,,,,
1995-06-15,,1.5955,84.82,1.377,7.2865,1.1705,,,,,,,
1995-06-16,,1.607,84.66,1.3825,7.2545,1.1622,,,,,,,
1995-06-19,,1.5995,84.95,1.3813,7.2885,1.1645,,,,,,,
1995-06-20,,1.603,84.65,1.3798,7.273,1.157,,,,,,,
1995-06-21,,1.6049,84.38,1.376,7.274,1.152,,,,,,,
1995-06-22,,1.5998,84.65,1.3763,7.277,1.158,,,,,,,
1995-06-23,,1.6045,84.5,1.3743,7.2425,1.1475,,,,,,,
1995-06-26,,1.5855,84.34,1.3725,7.266,1.1515,,,,,,,
1995-06-27,,1.5845,84.08,1.376,7.247,1.145,,,,,,,
1995-06-28,,1.574,85.7,1.3755,7.309,1.1625,,,,,,,
1995-06-29,,1.5915,84.7,1.3765,7.2485,1.15,,,,,,,
1995-06-30,,1.5905,84.78,1.3738,7.29,1.1515,,,,,,,
1995-07-01,,,,,,,6.92,6.87686,,6.666,9.26,,5.77
1995-07-03,,1.5972,84.8,1.3723,7.2455,1.146,,,,,,,
1995-07-04,,,,,,,,,,,,,
1995-07-05,,1.595,84.94,1.3703,7.2445,1.1468,,,,,,,
1995-07-06,,1.5985,85.18,1.3693,7.251,1.1488,,,,,,,
1995-07-07,,1.5945,86.77,1.364,7.261,1.158,,,,,,,
1995-07-10,,1.5905,87.09,1.3518,7.2435,1.1613,,,,,,,
1995-07-11,,1.588,87.45,1.3541,7.27,1.166,,,,,,,
1995-07-12,,1.5915,87.51,1.3555,7.208,1.166,,,,,,,
1995-07-13,,1.6005,87.4,1.3592,7.1785,1.1605,,,,,,,
1995-07-14,,1.5945,87.89,1.3593,7.193,1.1635,,,,,,,
1995-07-17,,1.5945,88.65,1.3561,7.187,1.1663,,,,,,,
1995-07-18,,1.5962,88.35,1.3605,7.1795,1.1585,,,,,,,
1995-07-19,,1.5955,87.75,1.3602,7.1675,1.1575,,,,,,,
1995-07-20,,1.597,87.76,1.3635,7.155,1.1503,,,,,,,
1995-07-21,,1.594,88.55,1.3598,7.1305,1.1565,,,,,,,
1995-07-24,,1.5976,87.55,1.359,7.1525,1.1503,,,,,,,
1995-07-25,,1.5879,87.88,1.3558,7.1415,1.16,,,,,,,
1995-07-26,,1.5956,87.95,1.358,7.0965,1.1525,,,,,,,
1995-07-27,,1.5964,87.95,1.3608,7.072,1.1468,,,,,,,
1995-07-28,,1.6003,88.18,1.3644,7.048,1.146,,,,,,,
1995-07-31,,1.598,88.34,1.3695,7.072,1.1505,,,,,,,
1995-08-01,,1.5992,88.43,1.3667,7.0905,1.146,6.66,6.87568,,6.586818182,9.15,,5.77
1995-08-02,,1.5995,90.82,1.357,7.1235,1.1588,,,,,,,
1995-08-03,,1.6068,90.45,1.3589,7.0575,1.1493,,,,,,,
1995-08-04,,1.6073,91.25,1.3562,7.0525,1.1495,,,,,,,
1995-08-07,,1.6018,91.3,1.3574,7.1145,1.1655,,,,,,,
1995-08-08,,1.601,91.77,1.3565,7.152,1.169,,,,,,,
1995-08-09,,1.6002,91.57,1.3605,7.149,1.164,,,,,,,
1995-08-10,,1.5888,92.83,1.358,7.1355,1.178,,,,,,,
1995-08-11,,1.5776,93.77,1.359,7.1655,1.191,,,,,,,
1995-08-14,,1.574,93.61,1.3632,7.2015,1.194,,,,,,,
1995-08-15,,1.5553,96.68,1.3607,7.3275,1.224,,,,,,,
1995-08-16,,1.5515,97.8,1.359,7.2885,1.2273,,,,,,,
1995-08-17,,1.5345,97.85,1.359,7.3455,1.2265,,,,,,,
1995-08-18,,1.543,96.95,1.3593,7.36,1.221,,,,,,,
1995-08-21,,1.5405,96.55,1.3592,7.35,1.221,,,,,,,
1995-08-22,,1.5355,96.73,1.3578,7.3455,1.231,,,,,,,
1995-08-23,,1.5415,96.5,1.3585,7.3185,1.2255,,,,,,,
1995-08-24,,1.5432,96.55,1.3565,7.2985,1.221,,,,,,,
1995-08-25,,1.5418,96.64,1.3461,7.334,1.2184,,,,,,,
1995-08-28,,1.5525,96.6,1.3405,7.311,1.204,,,,,,,
1995-08-29,,1.5453,97.63,1.3395,7.325,1.211,,,,,,,
1995-08-30,,1.544,98.95,1.3373,7.3275,1.211,,,,,,,
1995-08-31,,1.5515,97.75,1.3432,7.3065,1.206,,,,,,,
1995-09-01,,1.5533,97.49,1.3435,7.313,1.201,6.5,6.79539,,6.6875,8.92,,5.73
1995-09-04,,,,,,,,,,,,,
1995-09-05,,1.5565,97.77,1.343,7.3045,1.2015,,,,,,,
1995-09-06,,1.5501,98.79,1.3393,7.2955,1.214,,,,,,,
1995-09-07,,1.55,98.58,1.339,7.2765,1.214,,,,,,,
1995-09-08,,1.5482,99.75,1.3446,7.1905,1.217,,,,,,,
1995-09-11,,1.5483,99.78,1.3433,7.115,1.2065,,,,,,,
1995-09-12,,1.5545,100.87,1.3455,7.104,1.2018,,,,,,,
1995-09-13,,1.548,102.5,1.3545,7.1495,1.2205,,,,,,,
1995-09-14,,1.5505,102.55,1.3693,7.1495,1.2105,,,,,,,
1995-09-15,,1.552,103.52,1.366,7.1535,1.2095,,,,,,,
1995-09-18,,1.546,103.55,1.3635,7.174,1.2105,,,,,,,
1995-09-19,,1.546,104.2,1.3588,7.133,1.2025,,,,,,,
1995-09-20,,1.5525,103.25,1.361,7.109,1.1785,,,,,,,
1995-09-21,,1.5695,100.1,1.3575,7.046,1.1453,,,,,,,
1995-09-22,,1.5795,98.5,1.3525,7.057,1.1355,,,,,,,
1995-09-25,,1.5715,99.88,1.3464,6.995,1.1495,,,,,,,
1995-09-26,,1.5708,100.83,1.346,6.9615,1.162,,,,,,,
1995-09-27,,1.5722,100.17,1.3495,7.014,1.152,,,,,,,
1995-09-28,,1.5805,99.73,1.351,6.977,1.147,,,,,,,
1995-09-29,,1.5795,99.1,1.3445,6.9365,1.156,,,,,,,
1995-10-01,,,,,,,6.75,6.81783,,6.697619048,8.86,,5.79
1995-10-02,,1.5909,100.72,1.3394,6.9715,1.1507,,,,,,,
1995-10-03,,1.5808,101.65,1.3285,6.9945,1.161,,,,,,,
1995-10-04,,1.5837,100.73,1.3312,6.9595,1.1517,,,,,,,
1995-10-05,,1.584,100.25,1.3355,6.957,1.1467,,,,,,,
1995-10-06,,1.5812,100.85,1.3318,7.0205,1.148,,,,,,,
1995-10-09,,,,,,,,,,,,,
1995-10-10,,1.5778,100.64,1.3358,6.964,1.148,,,,,,,
1995-10-11,,1.573,100.9,1.3375,6.9585,1.1555,,,,,,,
1995-10-12,,1.5735,100.28,1.3388,6.953,1.1532,,,,,,,
1995-10-13,,1.5725,100.8,1.3374,6.9625,1.1585,,,,,,,
1995-10-16,,1.575,100.45,1.3375,6.958,1.1495,,,,,,,
1995-10-17,,1.574,100.33,1.3387,6.9105,1.1485,,,,,,,
1995-10-18,,1.5695,100.62,1.3391,6.8595,1.1543,,,,,,,
1995-10-19,,1.5725,100.59,1.337,6.776,1.1505,,,,,,,
1995-10-20,,1.5759,100.25,1.35,6.7035,1.1415,,,,,,,
1995-10-23,,1.58,99.7,1.3685,6.7015,1.126,,,,,,,
1995-10-24,,1.581,100.17,1.3705,6.6465,1.1307,,,,,,,
1995-10-25,,1.5795,101.27,1.3665,6.6045,1.135,,,,,,,
1995-10-26,,1.574,101.8,1.366,6.652,1.139,,,,,,,
1995-10-27,,1.5795,101.71,1.3704,6.606,1.1325,,,,,,,
1995-10-30,,1.5775,101.65,1.362,6.6255,1.134,,,,,,,
1995-10-31,,1.5807,102.26,1.3401,6.647,1.136,,,,,,,
1995-11-01,,1.5778,103.07,1.3478,6.624,1.1395,6.45,6.72088,,6.008095238,8.84,,5.74
1995-11-02,,1.5813,103.59,1.3428,6.654,1.1415,,,,,,,
1995-11-03,,1.5805,103.88,1.3477,6.64,1.1375,,,,,,,
1995-11-06,,1.5793,103.2,1.3515,6.6915,1.1392,,,,,,,
1995-11-07,,1.5778,103.18,1.359,6.6855,1.1395,,,,,,,
1995-11-08,,1.5805,102.5,1.3575,6.6755,1.1435,,,,,,,
1995-11-09,,1.5794,100.75,1.356,6.6675,1.1387,,,,,,,
1995-11-10,,1.5753,100.95,1.3523,6.6525,1.1355,,,,,,,
1995-11-13,,1.5555,101.7,1.351,6.767,1.143,,,,,,,
1995-11-14,,1.5605,101.68,1.3537,6.671,1.14,,,,,,,
1995-11-15,,1.558,100.9,1.3557,6.619,1.1347,,,,,,,
1995-11-16,,1.5558,102.15,1.356,6.618,1.142,,,,,,,
1995-11-17,,1.5505,102.03,1.3521,6.555,1.1353,,,,,,,
1995-11-20,,1.5495,101.35,1.3515,6.571,1.139,,,,,,,
1995-11-21,,1.5583,101.63,1.353,6.535,1.1389,,,,,,,
1995-11-22,,1.565,100.5,1.353,6.5045,1.1345,,,,,,,
1995-11-23,,,,,,,,,,,,,
1995-11-24,,1.56,101.5,1.3542,6.525,1.1435,,,,,,,
1995-11-27,,1.5505,101.8,1.3523,6.552,1.159,,,,,,,
1995-11-28,,1.548,101.12,1.3565,6.5105,1.1545,,,,,,,
1995-11-29,,1.5383,101.46,1.3585,6.506,1.1629,,,,,,,
1995-11-30,,1.5302,101.8,1.3587,6.56,1.1755,,,,,,,
1995-12-01,,1.536,101.2,1.366,6.5375,1.174,6.32,6.54985,,5.895263158,8.62,,5.62
1995-12-04,,1.536,101.05,1.3662,6.585,1.1686,,,,,,,
1995-12-05,,1.541,101.42,1.3672,6.548,1.168,,,,,,,
1995-12-06,,1.5422,101.37,1.3658,6.57,1.169,,,,,,,
1995-12-07,,1.5353,101.4,1.3685,6.648,1.1685,,,,,,,
1995-12-08,,1.5329,100.95,1.3756,6.659,1.1687,,,,,,,
1995-12-11,,1.5348,101.07,1.3802,6.7488,1.1693,,,,,,,
1995-12-12,,1.5313,101.85,1.3774,6.725,1.1751,,,,,,,
1995-12-13,,1.5325,101.75,1.3764,6.7125,1.178,,,,,,,
1995-12-14,,1.541,101.5,1.3745,6.645,1.1637,,,,,,,
1995-12-15,,1.5395,102.14,1.3745,6.613,1.165,,,,,,,
1995-12-18,,1.539,101.7,1.3761,6.605,1.1485,,,,,,,
1995-12-19,,1.542,101.85,1.377,6.624,1.1535,,,,,,,
1995-12-20,,1.5373,102.0,1.3675,6.649,1.1567,,,,,,,
1995-12-21,,1.5388,101.81,1.362,6.658,1.1575,,,,,,,
1995-12-22,,1.5425,102.6,1.3637,6.658,1.1592,,,,,,,
1995-12-25,,,,,,,,,,,,,
1995-12-26,,1.5555,102.38,1.3613,6.64,1.156,,,,,,,
1995-12-27,,1.56,102.8,1.3601,6.639,1.153,,,,,,,
1995-12-28,,1.539,102.87,1.3605,6.692,1.1565,,,,,,,
1995-12-29,,1.5535,103.28,1.3655,6.629,1.154,,,,,,,
1996-01-01,,,,,,,5.81,6.44718,,5.546818182,8.19,,5.39
1996-01-02,,1.5565,103.92,1.3577,6.635,1.1573,,,,,,,
1996-01-03,,1.5517,104.35,1.353,6.5995,1.1605,,,,,,,
1996-01-04,,1.5463,106.41,1.3541,6.65,1.1737,,,,,,,
1996-01-05,,1.552,105.13,1.3573,6.62,1.1605,,,,,,,
1996-01-08,,1.5495,105.8,1.3609,6.6225,1.1631,,,,,,,
1996-01-09,,1.5475,104.9,1.3616,6.602,1.1658,,,,,,,
1996-01-10,,1.5456,105.28,1.3649,6.588,1.1635,,,,,,,
1996-01-11,,1.5445,104.8,1.3645,6.577,1.1617,,,,,,,
1996-01-12,,1.5487,105.07,1.3625,6.579,1.1605,,,,,,,
1996-01-15,,,,,,,,,,,,,
1996-01-16,,1.538,105.88,1.3667,6.634,1.1755,,,,,,,
1996-01-17,,1.5255,105.38,1.369,6.675,1.1847,,,,,,,
1996-01-18,,1.5228,105.44,1.364,6.697,1.1866,,,,,,,
1996-01-19,,1.5093,105.4,1.3652,6.716,1.1942,,,,,,,
1996-01-22,,1.5135,105.76,1.369,6.835,1.1886,,,,,,,
1996-01-23,,1.5135,105.8,1.371,6.885,1.192,,,,,,,
1996-01-24,,1.5092,106.92,1.3705,6.862,1.1936,,,,,,,
1996-01-25,,1.5075,106.9,1.3768,6.906,1.1953,,,,,,,
1996-01-26,,1.503,106.6,1.3822,6.976,1.2079,,,,,,,
1996-01-29,,1.5063,106.8,1.3815,6.983,1.208,,,,,,,
1996-01-30,,1.5037,107.29,1.3775,6.962,1.2133,,,,,,,
1996-01-31,,1.5096,106.95,1.3743,6.947,1.2123,,,,,,,
1996-02-01,,1.5132,107.08,1.3738,6.954,1.2195,5.58,6.24554,,5.222857143,7.66,,5.15
1996-02-02,,1.519,106.7,1.3749,6.965,1.218,,,,,,,
1996-02-05,,1.5352,105.02,1.378,6.94,1.197,,,,,,,
1996-02-06,,1.5402,105.54,1.3735,7.025,1.2022,,,,,,,
1996-02-07,,1.5365,106.2,1.3667,7.03,1.2088,,,,,,,
1996-02-08,,1.5374,106.9,1.3697,6.994,1.2055,,,,,,,
1996-02-09,,1.5318,107.1,1.3725,6.959,1.2085,,,,,,,
1996-02-12,,1.5308,106.67,1.3728,6.949,1.2015,,,,,,,
1996-02-13,,1.534,106.93,1.3722,6.96,1.207,,,,,,,
1996-02-14,,1.5371,106.77,1.3789,6.9615,1.1981,,,,,,,
1996-02-15,,1.5385,106.18,1.3792,6.9575,1.1995,,,,,,,
1996-02-16,,1.5487,105.35,1.382,6.9165,1.1879,,,,,,,
1996-02-19,,,,,,,,,,,,,
1996-02-20,,1.5445,106.1,1.3815,6.8475,1.1845,,,,,,,
1996-02-21,,1.5425,105.25,1.3788,6.765,1.1867,,,,,,,
1996-02-22,,1.5435,104.95,1.3757,6.752,1.1815,,,,,,,
1996-02-23,,1.541,104.73,1.3772,6.7125,1.1728,,,,,,,
1996-02-26,,1.54,104.33,1.3752,6.7285,1.1785,,,,,,,
1996-02-27,,1.5398,104.37,1.3745,6.67,1.182,,,,,,,
1996-02-28,,1.5335,104.47,1.3745,6.708,1.1953,,,,,,,
1996-02-29,,1.532,105.12,1.3728,6.754,1.199,,,,,,,
1996-03-01,,1.5273,105.7,1.371,6.77,1.2053,5.5,6.13988,,5.214761905,7.08,,5.29
1996-03-04,,1.5284,105.05,1.3716,6.824,1.2022,,,,,,,
1996-03-05,,1.529,105.1,1.3721,6.839,1.1998,,,,,,,
1996-03-06,,1.529,105.37,1.3717,6.826,1.2009,,,,,,,
1996-03-07,,1.53,105.25,1.3708,6.7795,1.2018,,,,,,,
1996-03-08,,1.524,105.94,1.3668,6.828,1.2062,,,,,,,
1996-03-11,,1.5238,105.35,1.367,6.824,1.2016,,,,,,,
1996-03-12,,1.5213,105.54,1.3679,6.805,1.197,,,,,,,
1996-03-13,,1.5225,105.29,1.368,6.79,1.1915,,,,,,,
1996-03-14,,1.5231,105.48,1.3678,6.786,1.19,,,,,,,
1996-03-15,,1.525,105.87,1.364,6.777,1.1892,,,,,,,
1996-03-18,,1.53,106.02,1.3596,6.71,1.1913,,,,,,,
1996-03-19,,1.5327,106.26,1.3591,6.6775,1.1914,,,,,,,
1996-03-20,,1.5376,106.44,1.3599,6.6145,1.191,,,,,,,
1996-03-21,,1.536,106.72,1.3613,6.659,1.1953,,,,,,,
1996-03-22,,1.5334,106.8,1.3622,6.625,1.1945,,,,,,,
1996-03-25,,1.523,106.19,1.3627,6.628,1.1928,,,,,,,
1996-03-26,,1.524,106.39,1.3636,6.6205,1.1923,,,,,,,
1996-03-27,,1.5181,106.64,1.3635,6.65,1.1993,,,,,,,
1996-03-28,,1.5239,106.34,1.3635,6.652,1.1905,,,,,,,
1996-03-29,,1.5262,107.0,1.3635,6.6824,1.1897,,,,,,,
1996-04-01,,1.5244,107.53,1.3548,6.66,1.1948,5.27,6.08452,,5.008571429,6.25,,5.36
1996-04-02,,1.5248,107.48,1.3559,6.6425,1.193,,,,,,,
1996-04-03,,1.526,106.94,1.357,6.635,1.1946,,,,,,,
1996-04-04,,1.5295,107.09,1.3579,6.647,1.1937,,,,,,,
1996-04-05,,1.5287,107.67,1.3569,6.657,1.197,,,,,,,
1996-04-08,,1.531,107.42,1.3582,6.6495,1.192,,,,,,,
1996-04-09,,1.5243,108.18,1.3588,6.708,1.2058,,,,,,,
1996-04-10,,1.5115,108.56,1.3573,6.7098,1.2178,,,,,,,
1996-04-11,,1.5125,108.52,1.3566,6.711,1.2115,,,,,,,
1996-04-12,,1.5123,108.67,1.3565,6.723,1.2262,,,,,,,
1996-04-15,,1.5085,108.36,1.3563,6.75,1.2306,,,,,,,
1996-04-16,,1.5071,108.28,1.3575,6.761,1.2315,,,,,,,
1996-04-17,,1.507,108.27,1.3565,6.7475,1.226,,,,,,,
1996-04-18,,1.51,107.1,1.3615,6.725,1.2225,,,,,,,
1996-04-19,,1.5168,107.1,1.3619,6.697,1.2225,,,,,,,
1996-04-22,,1.5112,106.7,1.3624,6.707,1.2275,,,,,,,
1996-04-23,,1.5161,106.59,1.3623,6.719,1.2295,,,,,,,
1996-04-24,,1.5138,106.77,1.362,6.746,1.2326,,,,,,,
1996-04-25,,1.5127,106.47,1.3645,6.805,1.2359,,,,,,,
1996-04-26,,1.5103,105.54,1.363,6.768,1.236,,,,,,,
1996-04-29,,1.5094,104.52,1.3628,6.754,1.2332,,,,,,,
1996-04-30,,1.505,104.63,1.3615,6.7875,1.2415,,,,,,,
1996-05-01,,1.4948,105.08,1.3626,6.833,1.2497,5.06,6.11651,,4.809090909,6.19,,5.36
1996-05-02,,1.503,104.49,1.3625,6.8675,1.2445,,,,,,,
1996-05-03,,1.5042,104.83,1.3631,6.824,1.242,,,,,,,
1996-05-06,,1.5072,104.93,1.3658,6.844,1.2455,,,,,,,
1996-05-07,,1.5125,104.97,1.3665,6.824,1.2402,,,,,,,
1996-05-08,,1.5215,105.15,1.3682,6.809,1.2334,,,,,,,
1996-05-09,,1.522,104.8,1.368,6.785,1.2355,,,,,,,
1996-05-10,,1.5223,105.5,1.3666,6.7875,1.2476,,,,,,,
1996-05-13,,1.5145,104.96,1.3686,6.765,1.2492,,,,,,,
1996-05-14,,1.5149,105.8,1.3692,6.7725,1.2511,,,,,,,
1996-05-15,,1.513,106.85,1.3685,6.76,1.2533,,,,,,,
1996-05-16,,1.5133,106.67,1.368,6.745,1.258,,,,,,,
1996-05-17,,1.515,106.53,1.37,6.731,1.2546,,,,,,,
1996-05-20,,1.513,107.14,1.3737,6.757,1.2625,,,,,,,
1996-05-21,,1.5115,107.0,1.3725,6.811,1.2673,,,,,,,
1996-05-22,,1.5103,107.04,1.3726,6.827,1.266,,,,,,,
1996-05-23,,1.5134,106.78,1.3753,6.849,1.2637,,,,,,,
1996-05-24,,1.511,107.9,1.3746,6.8395,1.267,,,,,,,
1996-05-27,,,,,,,,,,,,,
1996-05-28,,1.5127,108.7,1.3765,6.822,1.274,,,,,,,
1996-05-29,,1.5211,108.77,1.3718,6.819,1.271,,,,,,,
1996-05-30,,1.5345,107.65,1.3685,6.7625,1.2586,,,,,,,
1996-05-31,,1.5495,107.99,1.3704,6.731,1.251,,,,,,,
1996-06-01,,,,,,,5.08,5.93477,,4.849,5.79,,5.46
1996-06-03,,1.5515,108.37,1.3692,6.712,1.2515,,,,,,,
1996-06-04,,1.5485,109.2,1.3691,6.703,1.2582,,,,,,,
1996-06-05,,1.5474,108.84,1.366,6.733,1.2574,,,,,,,
1996-06-06,,1.5405,109.26,1.3646,6.748,1.261,,,,,,,
1996-06-07,,1.541,109.23,1.3669,6.75,1.2668,,,,,,,
1996-06-10,,1.5322,109.07,1.364,6.7585,1.2663,,,,,,,
1996-06-11,,1.5355,109.5,1.3656,6.7175,1.2679,,,,,,,
1996-06-12,,1.5345,109.47,1.3668,6.715,1.2644,,,,,,,
1996-06-13,,1.532,108.85,1.369,6.717,1.259,,,,,,,
1996-06-14,,1.5358,108.87,1.3665,6.705,1.253,,,,,,,
1996-06-17,,1.545,108.85,1.3664,6.661,1.2485,,,,,,,
1996-06-18,,1.5435,108.04,1.369,6.643,1.2491,,,,,,,
1996-06-19,,1.5433,108.05,1.3682,6.621,1.2535,,,,,,,
1996-06-20,,1.5418,108.1,1.3676,6.63,1.2541,,,,,,,
1996-06-21,,1.5383,109.1,1.3655,6.652,1.2637,,,,,,,
1996-06-24,,1.54,108.94,1.3618,6.651,1.2618,,,,,,,
1996-06-25,,1.5405,109.03,1.36,6.63,1.2615,,,,,,,
1996-06-26,,1.5414,109.5,1.3613,6.6075,1.259,,,,,,,
1996-06-27,,1.5462,109.45,1.3628,6.6325,1.2515,,,,,,,
1996-06-28,,1.5529,109.48,1.3657,6.6275,1.2505,,,,,,,
1996-07-01,,1.5545,109.56,1.3635,6.6525,1.2495,5.06,5.82167,,4.732727273,5.43,,5.53
1996-07-02,,1.5583,110.1,1.3637,6.694,1.2513,,,,,,,
1996-07-03,,1.5587,110.31,1.361,6.663,1.253,,,,,,,
1996-07-04,,,,,,,,,,,,,
1996-07-05,,1.5522,110.95,1.3683,6.69,1.266,,,,,,,
1996-07-08,,1.553,110.94,1.3711,6.707,1.2635,,,,,,,
1996-07-09,,1.5495,110.28,1.3695,6.688,1.2612,,,,,,,
1996-07-10,,1.5504,110.18,1.369,6.671,1.2645,,,,,,,
1996-07-11,,1.5555,110.18,1.3704,6.673,1.257,,,,,,,
1996-07-12,,1.5525,110.69,1.3695,6.707,1.258,,,,,,,
1996-07-15,,1.55,110.45,1.3695,6.752,1.2559,,,,,,,
1996-07-16,,1.5585,109.15,1.3717,6.645,1.2207,,,,,,,
1996-07-17,,1.5432,108.62,1.3726,6.622,1.2115,,,,,,,
1996-07-18,,1.5479,107.93,1.3678,6.631,1.2145,,,,,,,
1996-07-19,,1.5466,108.22,1.3674,6.606,1.2165,,,,,,,
1996-07-22,,1.5512,107.5,1.3676,6.596,1.2075,,,,,,,
1996-07-23,,1.5515,108.09,1.3715,6.573,1.213,,,,,,,
1996-07-24,,1.5525,108.29,1.372,6.5675,1.2138,,,,,,,
1996-07-25,,1.5572,108.38,1.3726,6.5455,1.208,,,,,,,
1996-07-26,,1.5545,108.33,1.3746,6.587,1.211,,,,,,,
1996-07-29,,1.557,109.2,1.3724,6.5789,1.2073,,,,,,,
1996-07-30,,1.5558,108.08,1.3737,6.605,1.2035,,,,,,,
1996-07-31,,1.5556,106.77,1.3747,6.613,1.1978,,,,,,,
1996-08-01,,1.5572,106.75,1.3715,6.565,1.2008,5.08,5.83647,,4.267619048,5.17,,5.4
1996-08-02,,1.5418,107.05,1.3755,6.585,1.204,,,,,,,
1996-08-05,,1.5442,106.64,1.3757,6.608,1.203,,,,,,,
1996-08-06,,1.5375,106.92,1.3745,6.602,1.2049,,,,,,,
1996-08-07,,1.5418,107.95,1.3722,6.642,1.2095,,,,,,,
1996-08-08,,1.5497,108.14,1.3723,6.642,1.2103,,,,,,,
1996-08-09,,1.549,108.12,1.3723,6.657,1.205,,,,,,,
1996-08-12,,1.5505,107.72,1.3715,6.669,1.201,,,,,,,
1996-08-13,,1.5499,107.59,1.3748,6.652,1.1993,,,,,,,
1996-08-14,,1.5483,107.94,1.3745,6.641,1.208,,,,,,,
1996-08-15,,1.5504,108.01,1.3775,6.636,1.2057,,,,,,,
1996-08-16,,1.5468,107.96,1.3741,6.64,1.2112,,,,,,,
1996-08-19,,1.5444,107.87,1.3735,6.633,1.2066,,,,,,,
1996-08-20,,1.5473,108.3,1.3735,6.6037,1.2077,,,,,,,
1996-08-21,,1.5497,108.34,1.374,6.609,1.2004,,,,,,,
1996-08-22,,1.5508,108.23,1.3718,6.618,1.2071,,,,,,,
1996-08-23,,1.553,108.4,1.37,6.598,1.2,,,,,,,
1996-08-26,,1.5553,107.7,1.3709,6.592,1.1935,,,,,,,
1996-08-27,,1.553,107.78,1.3676,6.6105,1.1937,,,,,,,
1996-08-28,,1.5593,108.44,1.3665,6.608,1.1928,,,,,,,
1996-08-29,,1.5563,108.5,1.3666,6.626,1.1985,,,,,,,
1996-08-30,,1.5612,108.7,1.3685,6.626,1.2009,,,,,,,
1996-09-01,,,,,,,4.86,5.86365,,4.0785,4.8,,5.51
1996-09-02,,,,,,,,,,,,,
1996-09-03,,1.5671,109.28,1.3698,6.6385,1.208,,,,,,,
1996-09-04,,1.567,108.85,1.3699,6.64,1.206,,,,,,,
1996-09-05,,1.5667,109.09,1.3703,6.642,1.2072,,,,,,,
1996-09-06,,1.5607,109.37,1.3737,6.65,1.2165,,,,,,,
1996-09-09,,1.5582,109.19,1.373,6.659,1.2185,,,,,,,
1996-09-10,,1.5569,109.84,1.371,6.721,1.2331,,,,,,,
1996-09-11,,1.555,110.25,1.3718,6.6985,1.2326,,,,,,,
1996-09-12,,1.5538,110.3,1.371,6.702,1.2395,,,,,,,
1996-09-13,,1.5544,110.44,1.3703,6.6675,1.2413,,,,,,,
1996-09-16,,1.5566,110.15,1.3705,6.6315,1.2394,,,,,,,
1996-09-17,,1.5545,110.39,1.3711,6.6265,1.245,,,,,,,
1996-09-18,,1.5602,109.21,1.3716,6.626,1.2423,,,,,,,
1996-09-19,,1.5515,109.38,1.3713,6.6255,1.244,,,,,,,
1996-09-20,,1.5555,109.87,1.368,6.6175,1.2395,,,,,,,
1996-09-23,,1.5568,109.86,1.3665,6.5975,1.2341,,,,,,,
1996-09-24,,1.558,109.82,1.3679,6.5925,1.2378,,,,,,,
1996-09-25,,1.5633,110.38,1.367,6.603,1.2359,,,,,,,
1996-09-26,,1.5613,110.45,1.3678,6.651,1.2535,,,,,,,
1996-09-27,,1.563,110.85,1.3632,6.633,1.2565,,,,,,,
1996-09-30,,1.5653,111.65,1.362,6.632,1.2555,,,,,,,
1996-10-01,,1.564,111.37,1.3624,6.6285,1.2545,4.69,6.01953,,3.516818182,4.61,,5.41
1996-10-02,,1.5685,111.66,1.362,6.6,1.2545,,,,,,,
1996-10-03,,1.5661,111.48,1.3609,6.617,1.2538,,,,,,,
1996-10-04,,1.5623,111.63,1.3553,6.618,1.2566,,,,,,,
1996-10-07,,1.5635,111.27,1.3538,6.62,1.2562,,,,,,,
1996-10-08,,1.5631,111.31,1.3549,6.583,1.2508,,,,,,,
1996-10-09,,1.5642,111.47,1.3548,6.583,1.2537,,,,,,,
1996-10-10,,1.5651,111.28,1.3516,6.6015,1.252,,,,,,,
1996-10-11,,1.5755,111.66,1.3526,6.6045,1.2547,,,,,,,
1996-10-14,,,,,,,,,,,,,
1996-10-15,,1.5823,112.28,1.3539,6.628,1.268,,,,,,,
1996-10-16,,1.5835,112.14,1.3555,6.63,1.2658,,,,,,,
1996-10-17,,1.5863,112.22,1.3522,6.661,1.2695,,,,,,,
1996-10-18,,1.5903,112.54,1.3493,6.643,1.2717,,,,,,,
1996-10-21,,1.5916,112.76,1.3475,6.615,1.264,,,,,,,
1996-10-22,,1.5953,112.86,1.3448,6.6115,1.2648,,,,,,,
1996-10-23,,1.5968,112.97,1.3439,6.567,1.2546,,,,,,,
1996-10-24,,1.5918,112.85,1.3457,6.579,1.2565,,,,,,,
1996-10-25,,1.6062,113.33,1.3445,6.571,1.26,,,,,,,
1996-10-28,,1.6122,114.12,1.3448,6.576,1.2585,,,,,,,
1996-10-29,,1.6099,114.11,1.3454,6.549,1.2545,,,,,,,
1996-10-30,,1.6326,113.97,1.3417,6.553,1.253,,,,,,,
1996-10-31,,1.6278,113.79,1.3409,6.575,1.2623,,,,,,,
1996-11-01,,1.6358,113.28,1.3348,6.582,1.27,4.57,6.38579,,3.0195,4.43,,5.38
1996-11-04,,1.6435,113.97,1.3359,6.607,1.2718,,,,,,,
1996-11-05,,1.645,114.22,1.333,6.626,1.2778,,,,,,,
1996-11-06,,1.64,113.98,1.331,6.61,1.2784,,,,,,,
1996-11-07,,1.6475,111.54,1.3322,6.602,1.267,,,,,,,
1996-11-08,,1.647,111.63,1.332,6.589,1.266,,,,,,,
1996-11-11,,,,,,,,,,,,,
1996-11-12,,1.647,111.5,1.3352,6.63,1.2635,,,,,,,
1996-11-13,,1.655,111.41,1.3337,6.641,1.2684,,,,,,,
1996-11-14,,1.6653,111.29,1.3343,6.631,1.2745,,,,,,,
1996-11-15,,1.6646,111.3,1.3368,6.622,1.2792,,,,,,,
1996-11-18,,1.67,111.31,1.3419,6.603,1.2673,,,,,,,
1996-11-19,,1.676,111.55,1.3426,6.635,1.2705,,,,,,,
1996-11-20,,1.678,111.25,1.342,6.605,1.2653,,,,,,,
1996-11-21,,1.6887,111.42,1.3393,6.6155,1.2667,,,,,,,
1996-11-22,,1.68,111.41,1.3393,6.611,1.2695,,,,,,,
1996-11-25,,1.6695,112.69,1.3413,6.641,1.2865,,,,,,,
1996-11-26,,1.673,112.66,1.3423,6.671,1.2905,,,,,,,
1996-11-27,,1.676,113.33,1.3466,6.672,1.2924,,,,,,,
1996-11-28,,,,,,,,,,,,,
1996-11-29,,1.682,113.88,1.3489,6.718,1.3033,,,,,,,
1996-12-01,,,,,,,4.5,6.43164,,3.1225,3.88,,5.44
1996-12-02,,1.684,113.8,1.3515,6.731,1.314,,,,,,,
1996-12-03,,1.642,113.59,1.3486,6.799,1.3285,,,,,,,
1996-12-04,,1.6387,113.13,1.3525,6.8005,1.323,,,,,,,
1996-12-05,,1.6268,112.35,1.3585,6.805,1.3138,,,,,,,
1996-12-06,,1.6415,112.84,1.3595,6.809,1.3155,,,,,,,
1996-12-09,,1.6475,113.27,1.3555,6.855,1.3268,,,,,,,
1996-12-10,,1.6505,113.28,1.3569,6.839,1.3275,,,,,,,
1996-12-11,,1.658,112.9,1.3625,6.7875,1.3105,,,,,,,
1996-12-12,,1.657,113.55,1.3569,6.8075,1.314,,,,,,,
1996-12-13,,1.6603,113.8,1.3625,6.791,1.3167,,,,,,,
1996-12-16,,1.6622,114.24,1.3662,6.837,1.327,,,,,,,
1996-12-17,,1.672,113.63,1.3665,6.827,1.321,,,,,,,
1996-12-18,,1.6722,113.65,1.3671,6.848,1.3322,,,,,,,
1996-12-19,,1.6525,114.0,1.3685,6.834,1.337,,,,,,,
1996-12-20,,1.667,114.25,1.3675,6.824,1.3325,,,,,,,
1996-12-23,,1.6715,114.12,1.3675,6.871,1.3375,,,,,,,
1996-12-24,,1.6715,114.5,1.3657,6.8717,1.345,,,,,,,
1996-12-25,,,,,,,,,,,,,
1996-12-26,,1.6726,114.92,1.3637,6.878,1.3453,,,,,,,
1996-12-27,,1.6917,116.13,1.3697,6.867,1.3503,,,,,,,
1996-12-30,,1.6908,115.88,1.3683,6.887,1.3515,,,,,,,
1996-12-31,,1.7123,115.77,1.3697,6.825,1.339,,,,,,,
1997-01-01,,,,,,,4.39,6.41491,,3.152727273,3.76,,5.43
1997-01-02,,1.687,115.49,1.3736,6.8749,1.343,,,,,,,
1997-01-03,,1.69,116.33,1.3742,6.9281,1.3587,,,,,,,
1997-01-06,,1.685,115.8,1.3686,6.965,1.3581,,,,,,,
1997-01-07,,1.695,115.34,1.357,6.966,1.354,,,,,,,
1997-01-08,,1.6871,115.86,1.3533,6.979,1.365,,,,,,,
1997-01-09,,1.6945,116.19,1.3522,6.924,1.3683,,,,,,,
1997-01-10,,1.6814,116.1,1.348,6.909,1.3768,,,,,,,
1997-01-13,,1.6713,116.41,1.349,6.951,1.379,,,,,,,
1997-01-14,,1.6695,116.9,1.3505,6.9645,1.3765,,,,,,,
1997-01-15,,1.6785,117.24,1.3421,6.954,1.3738,,,,,,,
1997-01-16,,1.6762,116.54,1.3392,6.9542,1.3772,,,,,,,
1997-01-17,,1.6602,117.11,1.3399,7.036,1.3945,,,,,,,
1997-01-20,,,,,,,,,,,,,
1997-01-21,,1.6632,117.8,1.3385,7.094,1.4145,,,,,,,
1997-01-22,,1.6534,118.92,1.3357,7.146,1.4273,,,,,,,
1997-01-23,,1.6285,119.65,1.3417,7.27,1.423,,,,,,,
1997-01-24,,1.6283,119.06,1.3486,7.2213,1.4081,,,,,,,
1997-01-27,,1.624,119.45,1.3443,7.2605,1.4226,,,,,,,
1997-01-28,,1.6155,121.19,1.3407,7.304,1.4291,,,,,,,
1997-01-29,,1.6207,121.98,1.3455,7.2823,1.4255,,,,,,,
1997-01-30,,1.6183,121.55,1.3482,7.226,1.4226,,,,,,,
1997-01-31,,1.6012,121.25,1.3474,7.243,1.419,,,,,,,
1997-02-01,,,,,,,4.43,6.28848,,3.116,3.93,,5.37
1997-02-03,,1.6135,121.68,1.3434,7.299,1.4205,,,,,,,
1997-02-04,,1.6207,122.34,1.3431,7.323,1.426,,,,,,,
1997-02-05,,1.638,123.59,1.343,7.378,1.4285,,,,,,,
1997-02-06,,1.6355,123.82,1.3484,7.388,1.4255,,,,,,,
1997-02-07,,1.6228,124.54,1.3493,7.423,1.4448,,,,,,,
1997-02-10,,1.639,122.74,1.3518,7.349,1.4265,,,,,,,
1997-02-11,,1.644,123.17,1.3558,7.408,1.4345,,,,,,,
1997-02-12,,1.6338,124.02,1.3557,7.399,1.4483,,,,,,,
1997-02-13,,1.623,124.35,1.3531,7.407,1.4531,,,,,,,
1997-02-14,,1.6207,124.06,1.3502,7.369,1.4632,,,,,,,
1997-02-17,,,,,,,,,,,,,
1997-02-18,,1.6022,123.92,1.3575,7.421,1.4705,,,,,,,
1997-02-19,,1.6138,124.3,1.359,7.477,1.4887,,,,,,,
1997-02-20,,1.6107,122.83,1.3597,7.413,1.4767,,,,,,,
1997-02-21,,1.6155,123.28,1.3625,7.4206,1.4725,,,,,,,
1997-02-24,,1.6333,122.18,1.3623,7.3864,1.4556,,,,,,,
1997-02-25,,1.6323,121.93,1.3612,7.433,1.4642,,,,,,,
1997-02-26,,1.633,121.9,1.366,7.4699,1.4773,,,,,,,
1997-02-27,,1.6265,120.8,1.3671,7.477,1.478,,,,,,,
1997-02-28,,1.6287,120.83,1.367,7.4909,1.4735,,,,,,,
1997-03-01,,,,,,,4.5,6.30413,,3.2175,4.13,,5.53
1997-03-03,,1.6175,121.15,1.3675,7.5849,1.477,,,,,,,
1997-03-04,,1.6155,121.95,1.37,7.675,1.4872,,,,,,,
1997-03-05,,1.6117,121.5,1.3683,7.648,1.4812,,,,,,,
1997-03-06,,1.6131,121.28,1.3649,7.663,1.486,,,,,,,
1997-03-07,,1.6032,121.88,1.368,7.693,1.4852,,,,,,,
1997-03-10,,1.6005,121.7,1.371,7.609,1.4732,,,,,,,
1997-03-11,,1.6058,121.77,1.3667,7.6276,1.4726,,,,,,,
1997-03-12,,1.5932,122.68,1.364,7.69,1.4656,,,,,,,
1997-03-13,,1.5965,123.24,1.3633,7.6925,1.4642,,,,,,,
1997-03-14,,1.6022,123.46,1.3636,7.7699,1.4582,,,,,,,
1997-03-17,,1.59,123.65,1.3694,7.735,1.4585,,,,,,,
1997-03-18,,1.589,122.45,1.3746,7.69,1.4395,,,,,,,
1997-03-19,,1.5968,122.8,1.379,7.677,1.4469,,,,,,,
1997-03-20,,1.5948,123.59,1.3795,7.66,1.4494,,,,,,,
1997-03-21,,1.6015,122.82,1.3802,7.6355,1.4595,,,,,,,
1997-03-24,,1.6171,122.93,1.378,7.627,1.4564,,,,,,,
1997-03-25,,1.6172,123.9,1.3779,7.668,1.4675,,,,,,,
1997-03-26,,1.6276,124.23,1.3746,7.644,1.4651,,,,,,,
1997-03-27,,1.6312,123.65,1.377,7.549,1.449,,,,,,,
1997-03-28,,1.6315,123.9,1.381,7.575,1.4505,,,,,,,
1997-03-31,,1.6448,123.72,1.3835,7.54,1.4383,,,,,,,
1997-04-01,,1.6485,122.7,1.3865,7.6056,1.4427,4.39,6.45437,,3.460454545,4.03,,5.71
1997-04-02,,1.6425,122.72,1.3877,7.648,1.4445,,,,,,,
1997-04-03,,1.646,122.8,1.3887,7.593,1.4335,,,,,,,
1997-04-04,,1.6389,124.27,1.3923,7.613,1.4422,,,,,,,
1997-04-07,,1.6277,125.67,1.3894,7.71,1.4648,,,,,,,
1997-04-08,,1.6233,126.08,1.388,7.655,1.4692,,,,,,,
1997-04-09,,1.622,126.86,1.3882,7.7005,1.477,,,,,,,
1997-04-10,,1.623,125.95,1.3916,7.699,1.4704,,,,,,,
1997-04-11,,1.6245,126.04,1.3976,7.6959,1.466,,,,,,,
1997-04-14,,1.6225,126.48,1.3985,7.636,1.4689,,,,,,,
1997-04-15,,1.6255,126.35,1.3967,7.707,1.4693,,,,,,,
1997-04-16,,1.6225,125.75,1.3978,7.723,1.4715,,,,,,,
1997-04-17,,1.631,126.05,1.3975,7.731,1.469,,,,,,,
1997-04-18,,1.6315,125.88,1.3994,7.678,1.4589,,,,,,,
1997-04-21,,1.6353,125.66,1.3978,7.643,1.4496,,,,,,,
1997-04-22,,1.6362,126.25,1.3957,7.676,1.4596,,,,,,,
1997-04-23,,1.6213,126.16,1.3942,7.645,1.4624,,,,,,,
1997-04-24,,1.625,125.96,1.3928,7.67,1.4615,,,,,,,
1997-04-25,,1.6235,125.88,1.3966,7.778,1.469,,,,,,,
1997-04-28,,1.6232,126.68,1.3995,7.793,1.469,,,,,,,
1997-04-29,,1.6312,126.81,1.3979,7.822,1.4668,,,,,,,
1997-04-30,,1.62,127.03,1.3971,7.85,1.4745,,,,,,,
1997-05-01,,1.6238,126.64,1.3895,7.777,1.4685,4.3,6.53214,,3.321904762,4.09,,5.7
1997-05-02,,1.6215,126.57,1.3833,7.837,1.47,,,,,,,
1997-05-05,,1.62,126.7,1.3813,7.915,1.4741,,,,,,,
1997-05-06,,1.6375,125.45,1.3781,7.8135,1.4615,,,,,,,
1997-05-07,,1.6364,125.09,1.3817,7.7505,1.4621,,,,,,,
1997-05-08,,1.62,123.85,1.3835,7.695,1.444,,,,,,,
1997-05-09,,1.621,120.73,1.391,7.658,1.423,,,,,,,
1997-05-12,,1.6235,118.95,1.39,7.694,1.4385,,,,,,,
1997-05-13,,1.6319,118.75,1.3862,7.6585,1.4376,,,,,,,
1997-05-14,,1.64,118.33,1.3856,7.606,1.4395,,,,,,,
1997-05-15,,1.6385,116.28,1.3791,7.605,1.4355,,,,,,,
1997-05-16,,1.6335,115.43,1.3705,7.622,1.4205,,,,,,,
1997-05-19,,1.638,116.05,1.372,7.678,1.4288,,,,,,,
1997-05-20,,1.6438,113.8,1.375,7.563,1.4075,,,,,,,
1997-05-21,,1.6465,114.08,1.3667,7.5365,1.406,,,,,,,
1997-05-22,,1.6235,115.96,1.3717,7.605,1.4145,,,,,,,
1997-05-23,,1.6324,115.8,1.3751,7.596,1.4048,,,,,,,
1997-05-26,,,,,,,,,,,,,
1997-05-27,,1.629,116.45,1.3823,7.65,1.4165,,,,,,,
1997-05-28,,1.6382,115.52,1.3843,7.676,1.4162,,,,,,,
1997-05-29,,1.6405,116.21,1.3817,7.7175,1.412,,,,,,,
1997-05-30,,1.636,116.4,1.3798,7.745,1.4145,,,,,,,
1997-06-01,,,,,,,4.29,6.66462,,3.265238095,4.05,,5.66
1997-06-02,,1.6343,116.74,1.3781,7.785,1.4285,,,,,,,
1997-06-03,,1.6342,116.15,1.374,7.749,1.4383,,,,,,,
1997-06-04,,1.6272,116.3,1.376,7.759,1.4481,,,,,,,
1997-06-05,,1.6328,115.67,1.3764,7.76,1.4482,,,,,,,
1997-06-06,,1.628,115.4,1.384,7.7943,1.454,,,,,,,
1997-06-09,,1.6355,112.63,1.3865,7.771,1.4377,,,,,,,
1997-06-10,,1.6382,112.6,1.3862,7.8,1.4445,,,,,,,
1997-06-11,,1.637,111.42,1.387,7.775,1.4375,,,,,,,
1997-06-12,,1.6352,113.98,1.3825,7.772,1.4413,,,,,,,
1997-06-13,,1.637,113.5,1.3804,7.7505,1.4405,,,,,,,
1997-06-16,,1.6357,113.49,1.3845,7.787,1.4416,,,,,,,
1997-06-17,,1.6385,113.35,1.386,7.768,1.4465,,,,,,,
1997-06-18,,1.6384,113.5,1.3873,7.7625,1.4478,,,,,,,
1997-06-19,,1.648,114.09,1.3882,7.725,1.4363,,,,,,,
1997-06-20,,1.6537,114.62,1.3925,7.715,1.4399,,,,,,,
1997-06-23,,1.6688,115.3,1.3895,7.701,1.4328,,,,,,,
1997-06-24,,1.6643,114.8,1.3916,7.7305,1.4393,,,,,,,
1997-06-25,,1.6625,113.95,1.3948,7.6925,1.4383,,,,,,,
1997-06-26,,1.666,113.23,1.3817,7.705,1.4382,,,,,,,
1997-06-27,,1.662,114.67,1.3815,7.726,1.4496,,,,,,,
1997-06-30,,1.665,114.61,1.381,7.7345,1.4606,,,,,,,
1997-07-01,,1.6574,114.93,1.3803,7.737,1.459,4.3,7.04144,,3.531818182,4.06,,5.6
1997-07-02,,1.667,114.52,1.377,7.771,1.4719,,,,,,,
1997-07-03,,1.6885,113.46,1.3736,7.714,1.466,,,,,,,
1997-07-04,,,,,,,,,,,,,
1997-07-07,,1.687,112.6,1.3762,7.7275,1.459,,,,,,,
1997-07-08,,1.6885,112.76,1.3745,7.778,1.4655,,,,,,,
1997-07-09,,1.684,112.97,1.373,7.7245,1.4602,,,,,,,
1997-07-10,,1.6881,113.08,1.3736,7.725,1.4498,,,,,,,
1997-07-11,,1.6935,113.88,1.3705,7.752,1.4601,,,,,,,
1997-07-14,,1.6882,113.76,1.369,7.7995,1.472,,,,,,,
1997-07-15,,1.6765,115.87,1.3708,7.864,1.4803,,,,,,,
1997-07-16,,1.6745,116.28,1.3736,7.83,1.4832,,,,,,,
1997-07-17,,1.675,116.13,1.3781,7.781,1.4815,,,,,,,
1997-07-18,,1.6761,115.46,1.3746,7.7687,1.473,,,,,,,
1997-07-21,,1.6776,115.88,1.3746,7.7814,1.4755,,,,,,,
1997-07-22,,1.6744,115.68,1.3818,7.82,1.49,,,,,,,
1997-07-23,,1.6779,115.85,1.3812,7.812,1.484,,,,,,,
1997-07-24,,1.6729,115.95,1.3832,7.898,1.4995,,,,,,,
1997-07-25,,1.6628,116.75,1.3848,7.8685,1.515,,,,,,,
1997-07-28,,1.6292,117.76,1.3865,7.9508,1.52,,,,,,,
1997-07-29,,1.6275,118.0,1.3855,7.937,1.517,,,,,,,
1997-07-30,,1.621,118.33,1.3813,7.9925,1.515,,,,,,,
1997-07-31,,1.6388,118.37,1.382,7.982,1.5145,,,,,,,
1997-08-01,,1.6348,118.47,1.3891,8.0295,1.526,4.36,7.24349,,3.638,4.17,,5.6
1997-08-04,,1.6283,118.34,1.3798,8.046,1.5255,,,,,,,
1997-08-05,,1.625,119.26,1.3815,8.0825,1.536,,,,,,,
1997-08-06,,1.6008,118.65,1.3871,8.055,1.5317,,,,,,,
1997-08-07,,1.5875,118.4,1.3875,8.048,1.5295,,,,,,,
1997-08-08,,1.585,115.3,1.3928,7.904,1.507,,,,,,,
1997-08-11,,1.5902,115.85,1.3933,7.984,1.523,,,,,,,
1997-08-12,,1.5775,116.21,1.3932,8.0205,1.5285,,,,,,,
1997-08-13,,1.5825,115.78,1.3926,8.011,1.5101,,,,,,,
1997-08-14,,1.5865,117.75,1.3907,8.041,1.5195,,,,,,,
1997-08-15,,1.609,117.8,1.3903,7.966,1.5055,,,,,,,
1997-08-18,,1.6088,117.81,1.3887,8.021,1.512,,,,,,,
1997-08-19,,1.6035,118.45,1.3951,8.08,1.5165,,,,,,,
1997-08-20,,1.5923,118.08,1.3939,8.065,1.527,,,,,,,
1997-08-21,,1.5905,117.78,1.3955,8.0205,1.5165,,,,,,,
1997-08-22,,1.6081,117.26,1.3948,7.943,1.4978,,,,,,,
1997-08-25,,1.6052,118.73,1.3917,7.97,1.4996,,,,,,,
1997-08-26,,1.6121,118.32,1.3951,7.885,1.4875,,,,,,,
1997-08-27,,1.6103,118.88,1.3917,7.879,1.4965,,,,,,,
1997-08-28,,1.6158,118.75,1.3878,7.832,1.4833,,,,,,,
1997-08-29,,1.6203,120.65,1.389,7.877,1.4889,,,,,,,
1997-09-01,,,,,,,4.31,7.29687,,3.626666667,4.11,,5.6
1997-09-02,,1.5897,121.55,1.3845,7.93,1.506,,,,,,,
1997-09-03,,1.5846,121.03,1.3837,7.8536,1.4986,,,,,,,
1997-09-04,,1.5855,120.72,1.3858,7.868,1.497,,,,,,,
1997-09-05,,1.592,121.09,1.3824,7.791,1.4753,,,,,,,
1997-09-08,,1.5827,121.02,1.383,7.7685,1.4875,,,,,,,
1997-09-09,,1.5882,119.05,1.3845,7.799,1.4885,,,,,,,
1997-09-10,,1.589,119.26,1.3852,7.7985,1.4774,,,,,,,
1997-09-11,,1.5968,119.58,1.392,7.7485,1.471,,,,,,,
1997-09-12,,1.6085,120.93,1.3935,7.663,1.4662,,,,,,,
1997-09-15,,1.6042,120.4,1.3922,7.62,1.4494,,,,,,,
1997-09-16,,1.5941,121.1,1.3914,7.629,1.448,,,,,,,
1997-09-17,,1.5985,120.99,1.3888,7.621,1.4593,,,,,,,
1997-09-18,,1.6137,121.98,1.3911,7.615,1.4665,,,,,,,
1997-09-19,,1.6112,121.93,1.3902,7.605,1.4588,,,,,,,
1997-09-22,,1.6025,122.25,1.389,7.695,1.4726,,,,,,,
1997-09-23,,1.6115,121.53,1.3903,7.6345,1.4745,,,,,,,
1997-09-24,,1.6103,120.4,1.3875,7.553,1.4601,,,,,,,
1997-09-25,,1.6279,121.3,1.3842,7.5392,1.4578,,,,,,,
1997-09-26,,1.61,120.87,1.3839,7.5734,1.453,,,,,,,
1997-09-29,,1.6142,121.0,1.3848,7.56,1.451,,,,,,,
1997-09-30,,1.6117,120.71,1.3824,7.5975,1.4548,,,,,,,
1997-10-01,,1.6145,120.8,1.3791,7.602,1.4609,4.44,7.35615,,3.799545455,4.23,,5.65
1997-10-02,,1.6135,121.8,1.3747,7.599,1.456,,,,,,,
1997-10-03,,1.613,121.93,1.3713,7.505,1.4491,,,,,,,
1997-10-06,,1.613,121.93,1.3718,7.533,1.4521,,,,,,,
1997-10-07,,1.6195,122.01,1.373,7.5295,1.445,,,,,,,
1997-10-08,,1.6208,121.09,1.3727,7.553,1.4455,,,,,,,
1997-10-09,,1.6245,121.18,1.3747,7.553,1.4561,,,,,,,
1997-10-10,,1.6207,120.13,1.3795,7.577,1.4572,,,,,,,
1997-10-13,,,,,,,,,,,,,
1997-10-14,,1.6197,121.75,1.3826,7.5824,1.4615,,,,,,,
1997-10-15,,1.6235,121.31,1.3865,7.5695,1.458,,,,,,,
1997-10-16,,1.6187,119.87,1.387,7.568,1.4558,,,,,,,
1997-10-17,,1.6145,120.19,1.386,7.655,1.4755,,,,,,,
1997-10-20,,1.6297,121.4,1.385,7.612,1.4732,,,,,,,
1997-10-21,,1.6338,120.66,1.389,7.6978,1.4885,,,,,,,
1997-10-22,,1.6338,120.71,1.3915,7.7078,1.4793,,,,,,,
1997-10-23,,1.6317,121.67,1.3895,7.615,1.4685,,,,,,,
1997-10-24,,1.6347,121.73,1.392,7.589,1.4636,,,,,,,
1997-10-27,,1.6548,121.87,1.3981,7.576,1.4552,,,,,,,
1997-10-28,,1.6756,119.7,1.409,7.533,1.4115,,,,,,,
1997-10-29,,1.6721,120.53,1.4015,7.5311,1.4178,,,,,,,
1997-10-30,,1.6655,120.68,1.4075,7.505,1.4059,,,,,,,
1997-10-31,,1.6786,120.39,1.4099,7.489,1.3995,,,,,,,
1997-11-01,,,,,,,4.49,7.62617,,3.994736842,4.31,,5.74
1997-11-03,,1.6763,121.04,1.4065,7.555,1.4134,,,,,,,
1997-11-04,,1.6832,121.83,1.4039,7.529,1.407,,,,,,,
1997-11-05,,1.6775,122.56,1.4005,7.52,1.4073,,,,,,,
1997-11-06,,1.692,123.16,1.4025,7.487,1.405,,,,,,,
1997-11-07,,1.6905,123.97,1.4095,7.458,1.3958,,,,,,,
1997-11-10,,1.6893,124.15,1.4071,7.481,1.3912,,,,,,,
1997-11-11,,,,,,,,,,,,,
1997-11-12,,1.7035,126.1,1.409,7.524,1.3998,,,,,,,
1997-11-13,,1.701,125.93,1.4082,7.498,1.3975,,,,,,,
1997-11-14,,1.6931,126.78,1.4127,7.538,1.4065,,,,,,,
1997-11-17,,1.6931,125.85,1.4149,7.541,1.4096,,,,,,,
1997-11-18,,1.6955,125.85,1.4145,7.56,1.4035,,,,,,,
1997-11-19,,1.6911,127.22,1.4155,7.5679,1.4043,,,,,,,
1997-11-20,,1.6925,126.81,1.421,7.56,1.4083,,,,,,,
1997-11-21,,1.6892,125.85,1.417,7.5919,1.4182,,,,,,,
1997-11-24,,1.69,127.07,1.421,7.578,1.4055,,,,,,,
1997-11-25,,1.6805,127.45,1.418,7.6268,1.4073,,,,,,,
1997-11-26,,1.6735,127.51,1.4245,7.732,1.418,,,,,,,
1997-11-27,,,,,,,,,,,,,
1997-11-28,,1.6885,127.74,1.4245,7.7225,1.4255,,,,,,,
1997-12-01,,1.6825,129.15,1.4245,7.8093,1.433,4.37,7.7179,,4.567142857,4.42,,5.8
1997-12-02,,1.6817,128.77,1.4218,7.7828,1.4331,,,,,,,
1997-12-03,,1.684,128.72,1.418,7.764,1.4285,,,,,,,
1997-12-04,,1.6705,129.4,1.4227,7.7722,1.4308,,,,,,,
1997-12-05,,1.6585,130.2,1.423,7.83,1.439,,,,,,,
1997-12-08,,1.6472,130.5,1.4223,7.8019,1.4525,,,,,,,
1997-12-09,,1.6528,129.8,1.4224,7.8326,1.457,,,,,,,
1997-12-10,,1.6495,129.09,1.4242,7.8128,1.446,,,,,,,
1997-12-11,,1.6552,129.92,1.4241,7.7666,1.4335,,,,,,,
1997-12-12,,1.6501,130.73,1.4208,7.7685,1.4333,,,,,,,
1997-12-15,,1.6333,131.08,1.4212,7.7572,1.4305,,,,,,,
1997-12-16,,1.6326,130.87,1.4237,7.7875,1.4415,,,,,,,
1997-12-17,,1.6507,127.0,1.4229,7.7405,1.4343,,,,,,,
1997-12-18,,1.6635,128.53,1.4245,7.7757,1.4394,,,,,,,
1997-12-19,,1.6684,129.1,1.4328,7.76,1.4278,,,,,,,
1997-12-22,,1.6617,130.38,1.4345,7.7785,1.438,,,,,,,
1997-12-23,,1.668,130.0,1.4364,7.7753,1.4338,,,,,,,
1997-12-24,,1.6675,130.06,1.4355,7.769,1.4346,,,,,,,
1997-12-25,,,,,,,,,,,,,
1997-12-26,,1.6695,130.3,1.4356,7.7708,1.4342,,,,,,,
1997-12-29,,1.6683,130.05,1.4398,7.8455,1.4474,,,,,,,
1997-12-30,,1.6552,130.05,1.4365,7.9093,1.4558,,,,,,,
1997-12-31,,1.6427,130.45,1.4288,7.94,1.461,,,,,,,
1998-01-01,,,,,,,4.26,7.5854,,4.651904762,4.41,,5.54
1998-01-02,,1.6417,132.4,1.4255,7.975,1.467,,,,,,,
1998-01-05,,1.633,133.99,1.4264,8.0217,1.4803,,,,,,,
1998-01-06,,1.6335,133.88,1.431,8.055,1.479,,,,,,,
1998-01-07,,1.6253,131.7,1.4297,8.0559,1.4765,,,,,,,
1998-01-08,,1.6114,132.49,1.4317,8.0374,1.4732,,,,,,,
1998-01-09,,1.6165,131.52,1.4255,7.9885,1.4763,,,,,,,
1998-01-12,,1.6221,132.83,1.4345,8.0425,1.4744,,,,,,,
1998-01-13,,1.6345,131.72,1.4362,8.03,1.4765,,,,,,,
1998-01-14,,1.6301,131.43,1.4348,8.0256,1.4828,,,,,,,
1998-01-15,,1.63,130.41,1.4369,8.0285,1.4933,,,,,,,
1998-01-16,,1.6337,128.88,1.4366,8.0233,1.4975,,,,,,,
1998-01-19,,,,,,,,,,,,,
1998-01-20,,1.6271,128.8,1.439,8.0933,1.4983,,,,,,,
1998-01-21,,1.6264,127.5,1.4437,8.0493,1.4861,,,,,,,
1998-01-22,,1.6498,127.22,1.4508,7.962,1.4701,,,,,,,
1998-01-23,,1.6687,125.78,1.4556,7.881,1.4449,,,,,,,
1998-01-26,,1.6525,126.64,1.4498,7.933,1.4585,,,,,,,
1998-01-27,,1.6474,126.02,1.4545,7.955,1.4498,,,,,,,
1998-01-28,,1.643,125.26,1.4568,8.0276,1.4623,,,,,,,
1998-01-29,,1.64,125.38,1.4637,8.0875,1.4673,,,,,,,
1998-01-30,,1.6325,127.1,1.4562,8.1136,1.482,,,,,,,
1998-02-01,,,,,,,4.24,7.54395,,4.9775,4.33,,5.54
1998-02-02,,1.638,126.65,1.4529,8.072,1.473,,,,,,,
1998-02-03,,1.6423,126.02,1.4512,8.0825,1.4689,,,,,,,
1998-02-04,,1.658,123.78,1.4471,8.0255,1.459,,,,,,,
1998-02-05,,1.6545,123.31,1.4388,8.0125,1.4473,,,,,,,
1998-02-06,,1.6475,124.26,1.4285,8.038,1.4556,,,,,,,
1998-02-09,,1.6338,124.28,1.4354,8.1285,1.4653,,,,,,,
1998-02-10,,1.623,123.47,1.4295,8.1209,1.465,,,,,,,
1998-02-11,,1.6324,123.53,1.4363,8.1335,1.4633,,,,,,,
1998-02-12,,1.6379,123.78,1.4383,8.077,1.451,,,,,,,
1998-02-13,,1.6345,125.37,1.4431,8.1125,1.4655,,,,,,,
1998-02-16,,,,,,,,,,,,,
1998-02-17,,1.6312,126.87,1.4405,8.144,1.4731,,,,,,,
1998-02-18,,1.6395,126.35,1.4355,8.104,1.469,,,,,,,
1998-02-19,,1.6355,126.25,1.4235,8.0969,1.4715,,,,,,,
1998-02-20,,1.6363,127.73,1.4205,8.089,1.4705,,,,,,,
1998-02-23,,1.647,128.92,1.4246,8.01,1.4506,,,,,,,
1998-02-24,,1.6455,128.15,1.4218,8.025,1.4539,,,,,,,
1998-02-25,,1.6484,128.62,1.4232,8.059,1.4653,,,,,,,
1998-02-26,,1.6448,127.72,1.4205,8.039,1.4655,,,,,,,
1998-02-27,,1.6453,126.12,1.4236,8.004,1.4662,,,,,,,
1998-03-01,,,,,,,4.11,7.56676,,4.874090909,4.48,,5.58
1998-03-02,,1.6472,125.38,1.425,7.988,1.466,,,,,,,
1998-03-03,,1.6525,126.05,1.4187,7.975,1.4694,,,,,,,
1998-03-04,,1.646,126.79,1.4222,7.99,1.477,,,,,,,
1998-03-05,,1.645,127.61,1.4185,8.045,1.4841,,,,,,,
1998-03-06,,1.6325,128.42,1.4185,8.06,1.4939,,,,,,,
1998-03-09,,1.6364,127.78,1.4143,8.007,1.495,,,,,,,
1998-03-10,,1.6381,127.63,1.414,8.0177,1.4915,,,,,,,
1998-03-11,,1.6467,129.3,1.4075,8.005,1.493,,,,,,,
1998-03-12,,1.6561,129.25,1.4113,7.9938,1.4853,,,,,,,
1998-03-13,,1.6658,128.23,1.41,7.91,1.4765,,,,,,,
1998-03-16,,1.6682,129.4,1.4138,7.952,1.4825,,,,,,,
1998-03-17,,1.6743,129.41,1.4165,7.9395,1.4788,,,,,,,
1998-03-18,,1.6711,130.17,1.4189,7.975,1.4905,,,,,,,
1998-03-19,,1.6678,130.43,1.418,7.986,1.4939,,,,,,,
1998-03-20,,1.6643,130.34,1.4182,7.977,1.4993,,,,,,,
1998-03-23,,1.679,130.28,1.422,7.9328,1.4902,,,,,,,
1998-03-24,,1.6751,130.25,1.4198,7.925,1.49,,,,,,,
1998-03-25,,1.6739,128.76,1.4103,7.926,1.494,,,,,,,
1998-03-26,,1.686,128.71,1.412,7.88,1.4895,,,,,,,
1998-03-27,,1.6825,130.17,1.4147,7.875,1.4972,,,,,,,
1998-03-30,,1.6775,132.16,1.4225,7.931,1.521,,,,,,,
1998-03-31,,1.6765,133.29,1.418,7.998,1.5245,,,,,,,
1998-04-01,,1.674,133.76,1.4175,8.033,1.5335,4.09,7.53533,,4.898095238,4.47,,5.58
1998-04-02,,1.6665,133.5,1.4195,8.023,1.5317,,,,,,,
1998-04-03,,1.6575,135.05,1.421,8.0085,1.5302,,,,,,,
1998-04-06,,1.6635,134.71,1.4185,8.013,1.5285,,,,,,,
1998-04-07,,1.6658,133.68,1.4223,8.0075,1.5297,,,,,,,
1998-04-08,,1.6683,132.64,1.4246,7.913,1.5104,,,,,,,
1998-04-09,,1.6725,130.21,1.4251,7.8786,1.5127,,,,,,,
1998-04-10,,1.6718,128.96,1.4266,7.876,1.5156,,,,,,,
1998-04-13,,1.6668,129.52,1.432,7.862,1.5123,,,,,,,
1998-04-14,,1.684,129.35,1.4345,7.772,1.4925,,,,,,,
1998-04-15,,1.683,129.45,1.4395,7.765,1.493,,,,,,,
1998-04-16,,1.691,131.78,1.4369,7.75,1.5041,,,,,,,
1998-04-17,,1.684,131.85,1.4295,7.77,1.5005,,,,,,,
1998-04-20,,1.6757,132.23,1.428,7.719,1.4937,,,,,,,
1998-04-21,,1.6762,131.33,1.431,7.67,1.4825,,,,,,,
1998-04-22,,1.6718,130.77,1.4327,7.685,1.484,,,,,,,
1998-04-23,,1.6665,130.19,1.4345,7.7278,1.491,,,,,,,
1998-04-24,,1.6678,130.9,1.436,7.683,1.4903,,,,,,,
1998-04-27,,1.6733,132.09,1.4385,7.72,1.486,,,,,,,
1998-04-28,,1.6673,132.19,1.439,7.755,1.493,,,,,,,
1998-04-29,,1.6702,132.05,1.4376,7.755,1.4955,,,,,,,
1998-04-30,,1.6727,132.37,1.4302,7.737,1.5005,,,,,,,
1998-05-01,,1.6675,133.01,1.434,7.685,1.4883,4.06,7.4881,,5.02,4.49,,5.59
1998-05-04,,1.666,132.98,1.435,7.68,1.4895,,,,,,,
1998-05-05,,1.6605,131.74,1.439,7.63,1.4835,,,,,,,
1998-05-06,,1.661,132.73,1.4391,7.58,1.4735,,,,,,,
1998-05-07,,1.6485,133.09,1.44,7.585,1.4703,,,,,,,
1998-05-08,,1.638,132.88,1.4367,7.6136,1.4795,,,,,,,
1998-05-11,,1.63,132.84,1.4335,7.6347,1.486,,,,,,,
1998-05-12,,1.6347,134.0,1.4323,7.614,1.4805,,,,,,,
1998-05-13,,1.6308,134.18,1.4448,7.704,1.4809,,,,,,,
1998-05-14,,1.6306,134.23,1.448,7.723,1.484,,,,,,,
1998-05-15,,1.6278,134.39,1.4508,7.745,1.4879,,,,,,,
1998-05-18,,1.6235,135.95,1.4497,7.794,1.488,,,,,,,
1998-05-19,,1.6232,136.34,1.4502,7.768,1.4825,,,,,,,
1998-05-20,,1.6332,135.99,1.4498,7.714,1.4758,,,,,,,
1998-05-21,,1.6305,135.65,1.4475,7.67,1.4645,,,,,,,
1998-05-22,,1.6318,135.77,1.4496,7.697,1.465,,,,,,,
1998-05-25,,,,,,,,,,,,,
1998-05-26,,1.6365,137.38,1.4549,7.748,1.47,,,,,,,
1998-05-27,,1.6322,137.36,1.4568,7.82,1.4722,,,,,,,
1998-05-28,,1.6277,138.91,1.4556,7.812,1.4755,,,,,,,
1998-05-29,,1.6308,138.5,1.4571,7.835,1.482,,,,,,,
1998-06-01,,1.6392,139.57,1.4568,7.825,1.4765,4.02,7.71396,,5.016818182,4.2,,5.6
1998-06-02,,1.6388,138.97,1.4543,7.797,1.48,,,,,,,
1998-06-03,,1.6385,138.34,1.453,7.77,1.4778,,,,,,,
1998-06-04,,1.6395,138.4,1.4558,7.7525,1.4675,,,,,,,
1998-06-05,,1.6351,139.66,1.4586,7.8055,1.477,,,,,,,
1998-06-08,,1.6324,140.58,1.4592,7.825,1.4772,,,,,,,
1998-06-09,,1.6347,140.25,1.4602,7.885,1.4773,,,,,,,
1998-06-10,,1.6277,141.52,1.4669,7.975,1.4885,,,,,,,
1998-06-11,,1.6292,143.25,1.4701,8.0,1.4905,,,,,,,
1998-06-12,,1.6315,144.36,1.4685,8.001,1.497,,,,,,,
1998-06-15,,1.6315,146.42,1.474,8.1,1.5095,,,,,,,
1998-06-16,,1.6525,144.05,1.4708,8.05,1.4975,,,,,,,
1998-06-17,,1.662,137.68,1.4635,7.9455,1.492,,,,,,,
1998-06-18,,1.6705,137.61,1.469,7.934,1.4965,,,,,,,
1998-06-19,,1.6735,134.2,1.4695,7.9215,1.494,,,,,,,
1998-06-22,,1.672,137.9,1.4713,7.932,1.497,,,,,,,
1998-06-23,,1.6641,139.13,1.4698,7.948,1.5065,,,,,,,
1998-06-24,,1.6683,140.75,1.47,7.8945,1.508,,,,,,,
1998-06-25,,1.6722,141.67,1.4668,7.873,1.5104,,,,,,,
1998-06-26,,1.6608,142.75,1.4693,7.998,1.5255,,,,,,,
1998-06-29,,1.6645,141.92,1.4721,7.975,1.5275,,,,,,,
1998-06-30,,1.6695,138.29,1.4717,7.9755,1.515,,,,,,,
1998-07-01,,1.6616,138.65,1.4658,8.039,1.5285,3.95,7.80622,,5.051363636,4.11,,5.59
1998-07-02,,1.6565,141.44,1.4686,8.101,1.5355,,,,,,,
1998-07-03,,1.6471,139.35,1.4675,8.096,1.53,,,,,,,
1998-07-06,,1.6442,140.18,1.473,8.082,1.5255,,,,,,,
1998-07-07,,1.6375,138.78,1.4732,8.089,1.5281,,,,,,,
1998-07-08,,1.6369,139.6,1.4745,8.068,1.528,,,,,,,
1998-07-09,,1.6315,141.3,1.4768,8.1075,1.542,,,,,,,
1998-07-10,,1.6325,141.05,1.48,8.071,1.5385,,,,,,,
1998-07-13,,1.6412,140.98,1.4786,8.0375,1.5185,,,,,,,
1998-07-14,,1.6355,139.84,1.479,8.057,1.5205,,,,,,,
1998-07-15,,1.6337,140.67,1.485,8.025,1.5153,,,,,,,
1998-07-16,,1.6387,140.25,1.489,7.95,1.507,,,,,,,
1998-07-17,,1.6427,139.6,1.4885,7.914,1.505,,,,,,,
1998-07-20,,1.648,138.85,1.488,7.903,1.5045,,,,,,,
1998-07-21,,1.643,140.39,1.4923,7.9685,1.5123,,,,,,,
1998-07-22,,1.642,141.1,1.4957,7.958,1.51,,,,,,,
1998-07-23,,1.6474,141.54,1.4953,7.956,1.512,,,,,,,
1998-07-24,,1.6594,140.93,1.4979,7.885,1.4948,,,,,,,
1998-07-27,,1.6565,142.24,1.504,7.886,1.4995,,,,,,,
1998-07-28,,1.6485,141.75,1.5023,7.878,1.4925,,,,,,,
1998-07-29,,1.644,142.46,1.5039,7.911,1.487,,,,,,,
1998-07-30,,1.6415,142.51,1.5085,7.925,1.487,,,,,,,
1998-07-31,,1.6349,144.65,1.5112,7.9595,1.4915,,,,,,,
1998-08-01,,,,,,,3.93,7.72824,,5.3055,4.19,,5.58
1998-08-03,,1.6245,145.8,1.5155,7.993,1.502,,,,,,,
1998-08-04,,1.633,144.84,1.514,7.988,1.497,,,,,,,
1998-08-05,,1.636,144.38,1.5155,7.941,1.4915,,,,,,,
1998-08-06,,1.6332,144.6,1.5282,7.976,1.4908,,,,,,,
1998-08-07,,1.629,146.3,1.5219,8.03,1.4982,,,,,,,
1998-08-10,,1.6328,146.54,1.5177,8.085,1.4973,,,,,,,
1998-08-11,,1.6295,147.14,1.5213,8.1295,1.4895,,,,,,,
1998-08-12,,1.629,146.09,1.5152,8.087,1.4835,,,,,,,
1998-08-13,,1.6265,145.05,1.517,8.1162,1.4885,,,,,,,
1998-08-14,,1.6184,146.37,1.5186,8.1725,1.509,,,,,,,
1998-08-17,,1.6162,145.78,1.5243,8.1695,1.5029,,,,,,,
1998-08-18,,1.6162,145.02,1.5285,8.183,1.5105,,,,,,,
1998-08-19,,1.6227,143.85,1.5335,8.165,1.507,,,,,,,
1998-08-20,,1.6275,142.6,1.5305,8.153,1.5045,,,,,,,
1998-08-21,,1.6363,144.94,1.542,8.1837,1.503,,,,,,,
1998-08-24,,1.641,143.96,1.5493,8.225,1.4996,,,,,,,
1998-08-25,,1.6395,144.94,1.5507,8.2635,1.503,,,,,,,
1998-08-26,,1.6385,144.43,1.563,8.3325,1.5053,,,,,,,
1998-08-27,,1.6405,142.2,1.577,8.335,1.482,,,,,,,
1998-08-28,,1.672,142.55,1.5692,8.0976,1.453,,,,,,,
1998-08-31,,1.676,140.9,1.5745,8.0665,1.4417,,,,,,,
1998-09-01,,1.674,136.23,1.5535,7.9675,1.4405,3.93,7.46768,,5.60047619,4.19,,5.41
1998-09-02,,1.6686,137.76,1.5385,7.955,1.445,,,,,,,
1998-09-03,,1.6762,134.82,1.5395,7.895,1.4193,,,,,,,
1998-09-04,,1.672,133.99,1.5265,7.945,1.4252,,,,,,,
1998-09-07,,,,,,,,,,,,,
1998-09-08,,1.6581,132.1,1.5263,7.95,1.4123,,,,,,,
1998-09-09,,1.662,136.45,1.521,7.961,1.4165,,,,,,,
1998-09-10,,1.6816,134.32,1.5145,7.928,1.3905,,,,,,,
1998-09-11,,1.6847,131.05,1.513,7.827,1.386,,,,,,,
1998-09-14,,1.6775,133.22,1.5164,7.875,1.4047,,,,,,,
1998-09-15,,1.6742,133.05,1.502,7.7585,1.3945,,,,,,,
1998-09-16,,1.6758,134.92,1.5038,7.7985,1.3955,,,,,,,
1998-09-17,,1.684,131.88,1.5255,7.834,1.385,,,,,,,
1998-09-18,,1.6835,132.63,1.5295,7.83,1.39,,,,,,,
1998-09-21,,1.6845,133.4,1.5267,7.9125,1.3805,,,,,,,
1998-09-22,,1.6837,135.2,1.5295,7.8825,1.3895,,,,,,,
1998-09-23,,1.6798,136.45,1.528,7.9005,1.3955,,,,,,,
1998-09-24,,1.6945,135.33,1.512,7.888,1.388,,,,,,,
1998-09-25,,1.7023,135.1,1.5128,7.875,1.3805,,,,,,,
1998-09-28,,1.704,135.7,1.5106,7.855,1.39,,,,,,,
1998-09-29,,1.7068,133.9,1.5012,7.831,1.3895,,,,,,,
1998-09-30,,1.6995,136.59,1.5262,7.845,1.3808,,,,,,,
1998-10-01,,1.7045,135.75,1.5364,7.856,1.364,3.81,7.22061,,5.275238095,4.17,,5.21
1998-10-02,,1.7026,135.6,1.5505,7.968,1.3523,,,,,,,
1998-10-05,,1.6901,134.54,1.557,8.0635,1.347,,,,,,,
1998-10-06,,1.6833,131.15,1.552,8.02,1.3442,,,,,,,
1998-10-07,,1.6968,123.97,1.5288,7.745,1.318,,,,,,,
1998-10-08,,1.7222,118.85,1.5435,7.856,1.2935,,,,,,,
1998-10-09,,1.703,117.0,1.546,7.9335,1.323,,,,,,,
1998-10-12,,,,,,,,,,,,,
1998-10-13,,1.7015,118.85,1.5485,7.893,1.3286,,,,,,,
1998-10-14,,1.7055,119.27,1.5465,7.9425,1.3325,,,,,,,
1998-10-15,,1.7028,117.5,1.5463,7.9725,1.323,,,,,,,
1998-10-16,,1.703,115.45,1.543,7.781,1.3148,,,,,,,
1998-10-19,,1.6995,114.46,1.549,7.778,1.3235,,,,,,,
1998-10-20,,1.706,118.09,1.539,7.8075,1.3462,,,,,,,
1998-10-21,,1.7005,116.85,1.555,7.7575,1.348,,,,,,,
1998-10-22,,1.695,117.88,1.5433,7.745,1.3423,,,,,,,
1998-10-23,,1.69,118.06,1.5445,7.6365,1.3375,,,,,,,
1998-10-26,,1.683,118.84,1.545,7.67,1.3463,,,,,,,
1998-10-27,,1.6722,118.6,1.5395,7.791,1.3497,,,,,,,
1998-10-28,,1.672,117.56,1.542,7.808,1.3483,,,,,,,
1998-10-29,,1.6758,117.3,1.5497,7.787,1.3452,,,,,,,
1998-10-30,,1.6735,116.45,1.5432,7.818,1.3548,,,,,,,
1998-11-01,,,,,,,3.69,6.97448,,5.147,3.79,,5.24
1998-11-02,,1.6652,114.52,1.5325,7.786,1.35,,,,,,,
1998-11-03,,1.6577,115.5,1.524,7.814,1.3559,,,,,,,
1998-11-04,,1.6588,116.55,1.5247,7.8475,1.367,,,,,,,
1998-11-05,,1.663,117.45,1.5175,7.7655,1.3585,,,,,,,
1998-11-06,,1.658,118.73,1.5315,7.818,1.3742,,,,,,,
1998-11-09,,1.6585,121.98,1.535,7.91,1.3995,,,,,,,
1998-11-10,,1.658,122.88,1.546,7.9837,1.392,,,,,,,
1998-11-11,,,,,,,,,,,,,
1998-11-12,,1.6568,122.77,1.5493,8.145,1.3955,,,,,,,
1998-11-13,,1.6635,122.68,1.5525,8.128,1.3907,,,,,,,
1998-11-16,,1.6755,119.7,1.555,8.075,1.3735,,,,,,,
1998-11-17,,1.6775,121.3,1.5487,8.053,1.374,,,,,,,
1998-11-18,,1.672,121.44,1.5557,8.043,1.3747,,,,,,,
1998-11-19,,1.6677,119.65,1.55,8.0978,1.387,,,,,,,
1998-11-20,,1.6542,120.32,1.5452,8.073,1.3912,,,,,,,
1998-11-23,,1.654,120.93,1.5472,8.1172,1.4066,,,,,,,
1998-11-24,,1.6582,120.85,1.5486,8.092,1.409,,,,,,,
1998-11-25,,1.6613,121.8,1.544,8.207,1.4075,,,,,,,
1998-11-26,,,,,,,,,,,,,
1998-11-27,,1.6522,123.24,1.5366,8.175,1.4152,,,,,,,
1998-11-30,,1.6485,123.21,1.5235,8.135,1.3963,,,,,,,
1998-12-01,,1.654,122.2,1.533,8.1225,1.3783,3.37,6.46034,,5.002857143,3.42,,5.14
1998-12-02,,1.6625,120.17,1.5368,8.065,1.37,,,,,,,
1998-12-03,,1.6645,118.79,1.5338,8.042,1.3667,,,,,,,
1998-12-04,,1.6615,119.35,1.535,8.09,1.371,,,,,,,
1998-12-07,,1.653,119.63,1.5374,8.1504,1.3756,,,,,,,
1998-12-08,,1.654,119.55,1.5437,8.104,1.3659,,,,,,,
1998-12-09,,1.658,118.08,1.5435,8.035,1.3603,,,,,,,
1998-12-10,,1.667,117.07,1.5414,8.0465,1.3396,,,,,,,
1998-12-11,,1.6835,116.78,1.5422,8.022,1.3295,,,,,,,
1998-12-14,,1.6885,115.08,1.5405,8.037,1.3338,,,,,,,
1998-12-15,,1.6853,116.73,1.542,8.052,1.3415,,,,,,,
1998-12-16,,1.6765,115.68,1.539,8.041,1.3441,,,,,,,
1998-12-17,,1.675,116.33,1.5422,8.11,1.3487,,,,,,,
1998-12-18,,1.6803,115.67,1.5448,8.034,1.3482,,,,,,,
1998-12-21,,1.68,116.08,1.5494,8.045,1.363,,,,,,,
1998-12-22,,1.6775,116.85,1.553,8.03,1.3655,,,,,,,
1998-12-23,,1.6767,116.02,1.5516,8.035,1.363,,,,,,,
1998-12-24,,1.6723,116.24,1.5515,8.072,1.376,,,,,,,
1998-12-25,,,,,,,,,,,,,
1998-12-28,,1.6745,115.88,1.5525,8.135,1.372,,,,,,,
1998-12-29,,1.6836,115.42,1.552,8.086,1.363,,,,,,,
1998-12-30,,1.6665,114.88,1.5492,8.117,1.3805,,,,,,,
1998-12-31,,1.6628,113.08,1.5375,8.103,1.3735,,,,,,,
1999-01-01,,,,,,,3.1321,5.92171,,5.0045,3.27,,4.89
1999-01-04,1.1812,1.6581,112.15,1.5268,8.02,1.3666,,,,,,,
1999-01-05,1.176,1.6566,111.15,1.5213,7.972,1.3694,,,,,,,
1999-01-06,1.1636,1.6547,112.78,1.511,7.936,1.3852,,,,,,,
1999-01-07,1.1672,1.6495,111.69,1.5117,7.915,1.3863,,,,,,,
1999-01-08,1.1554,1.6405,111.52,1.5145,7.9285,1.397,,,,,,,
1999-01-11,1.1534,1.6375,108.83,1.5072,7.851,1.3963,,,,,,,
1999-01-12,1.1548,1.6308,112.07,1.5095,7.8,1.389,,,,,,,
1999-01-13,1.1698,1.6493,113.46,1.53,7.807,1.3585,,,,,,,
1999-01-14,1.1689,1.653,113.25,1.5285,7.805,1.3618,,,,,,,
1999-01-15,1.1591,1.65,114.19,1.529,7.874,1.3785,,,,,,,
1999-01-18,,,,,,,,,,,,,
1999-01-19,1.161,1.655,113.76,1.5302,7.757,1.3752,,,,,,,
1999-01-20,1.1575,1.6467,113.45,1.5226,7.722,1.3902,,,,,,,
1999-01-21,1.1577,1.6516,113.75,1.5155,7.7355,1.3855,,,,,,,
1999-01-22,1.1582,1.656,114.65,1.519,7.73,1.3829,,,,,,,
1999-01-25,1.1566,1.6563,113.8,1.5153,7.7225,1.3823,,,,,,,
1999-01-26,1.1577,1.6585,114.03,1.52,7.706,1.387,,,,,,,
1999-01-27,1.1481,1.6485,115.62,1.5215,7.7155,1.4012,,,,,,,
1999-01-28,1.1395,1.647,116.36,1.5263,7.7725,1.4165,,,,,,,
1999-01-29,1.1371,1.6457,116.0,1.5095,7.787,1.4168,,,,,,,
1999-02-01,1.1303,1.641,115.09,1.5085,7.833,1.4232,3.0934,5.53197,,5.0335,3.14,,4.9
1999-02-02,1.1328,1.643,112.12,1.5124,7.837,1.4111,,,,,,,
1999-02-03,1.1339,1.6375,112.46,1.5135,7.865,1.4135,,,,,,,
1999-02-04,1.1306,1.6395,112.03,1.493,7.843,1.417,,,,,,,
1999-02-05,1.1283,1.637,113.14,1.488,7.855,1.4173,,,,,,,
1999-02-08,1.1296,1.638,114.38,1.4875,7.862,1.4175,,,,,,,
1999-02-09,1.13,1.6355,114.42,1.4935,7.8845,1.4183,,,,,,,
1999-02-10,1.1331,1.629,114.45,1.4943,7.885,1.4083,,,,,,,
1999-02-11,1.1303,1.6244,114.7,1.4889,7.89,1.4154,,,,,,,
1999-02-12,1.1282,1.6311,114.32,1.4925,7.883,1.4157,,,,,,,
1999-02-15,,,,,,,,,,,,,
1999-02-16,1.1189,1.6317,118.08,1.5,7.933,1.429,,,,,,,
1999-02-17,1.123,1.6338,119.03,1.4995,7.93,1.4247,,,,,,,
1999-02-18,1.1223,1.6338,119.82,1.4873,7.966,1.425,,,,,,,
1999-02-19,1.1075,1.6255,121.0,1.4905,8.02,1.4462,,,,,,,
1999-02-22,1.1037,1.6238,120.35,1.4972,8.073,1.4483,,,,,,,
1999-02-23,1.0993,1.6138,121.45,1.4975,8.1,1.4495,,,,,,,
1999-02-24,1.0972,1.598,121.9,1.499,8.145,1.452,,,,,,,
1999-02-25,1.1068,1.606,119.26,1.505,8.115,1.4345,,,,,,,
1999-02-26,1.0995,1.6027,118.7,1.509,8.1915,1.4495,,,,,,,
1999-03-01,1.0891,1.6058,119.79,1.524,8.255,1.462,3.04669565217391,5.42287,,5.057391304,3.13,,4.91
1999-03-02,1.0931,1.6135,120.47,1.52,8.237,1.4582,,,,,,,
1999-03-03,1.0888,1.6134,121.68,1.5268,8.262,1.461,,,,,,,
1999-03-04,1.0824,1.6065,123.5,1.5255,8.2779,1.47,,,,,,,
1999-03-05,1.0843,1.6073,122.57,1.5167,8.2385,1.4686,,,,,,,
1999-03-08,1.0899,1.6085,121.73,1.5145,8.205,1.4612,,,,,,,
1999-03-09,1.0873,1.6148,121.4,1.5169,8.189,1.4675,,,,,,,
1999-03-10,1.0961,1.6267,119.84,1.524,8.112,1.4566,,,,,,,
1999-03-11,1.0932,1.627,119.57,1.522,8.094,1.4685,,,,,,,
1999-03-12,1.0936,1.6335,118.99,1.5235,8.115,1.4608,,,,,,,
1999-03-15,1.093,1.6223,117.7,1.5286,8.1675,1.466,,,,,,,
1999-03-16,1.0915,1.624,117.74,1.5285,8.21,1.4665,,,,,,,
1999-03-17,1.1015,1.6302,118.15,1.5222,8.15,1.4483,,,,,,,
1999-03-18,1.099,1.629,117.53,1.5186,8.11,1.4534,,,,,,,
1999-03-19,1.0923,1.6303,117.05,1.5158,8.1747,1.462,,,,,,,
1999-03-22,1.0915,1.628,118.14,1.5078,8.198,1.464,,,,,,,
1999-03-23,1.0918,1.6372,118.02,1.5065,8.198,1.4586,,,,,,,
1999-03-24,1.0921,1.641,117.35,1.504,8.25,1.4575,,,,,,,
1999-03-25,1.0871,1.6314,118.05,1.5105,8.258,1.4681,,,,,,,
1999-03-26,1.0743,1.6205,120.3,1.5135,8.335,1.4845,,,,,,,
1999-03-29,1.0716,1.614,119.78,1.5125,8.345,1.4877,,,,,,,
1999-03-30,1.0732,1.6115,120.1,1.5125,8.337,1.489,,,,,,,
1999-03-31,1.0808,1.614,118.43,1.5092,8.213,1.4775,,,,,,,
1999-04-01,1.0782,1.6063,120.19,1.5023,8.2465,1.481,2.69645454545455,5.31773,,4.716666667,2.87,,4.88
1999-04-02,1.0782,1.6023,120.6,1.4968,8.238,1.481,,,,,,,
1999-04-05,1.0706,1.6015,122.0,1.4972,8.29,1.4912,,,,,,,
1999-04-06,1.0838,1.592,120.74,1.5035,8.214,1.4725,,,,,,,
1999-04-07,1.0784,1.5975,121.34,1.5005,8.298,1.4807,,,,,,,
1999-04-08,1.0835,1.6083,120.85,1.4985,8.2685,1.4724,,,,,,,
1999-04-09,1.0786,1.6068,121.09,1.5023,8.275,1.4832,,,,,,,
1999-04-12,1.0842,1.6127,120.14,1.4945,8.273,1.4795,,,,,,,
1999-04-13,1.078,1.6135,120.04,1.4898,8.3,1.49,,,,,,,
1999-04-14,1.0779,1.6124,118.89,1.4929,8.271,1.4879,,,,,,,
1999-04-15,1.0717,1.6103,119.04,1.4908,8.283,1.4973,,,,,,,
1999-04-16,1.0688,1.6112,117.86,1.4865,8.335,1.4993,,,,,,,
1999-04-19,1.0608,1.6075,117.99,1.4833,8.38,1.5097,,,,,,,
1999-04-20,1.063,1.6135,118.18,1.492,8.388,1.5065,,,,,,,
1999-04-21,1.0612,1.6074,119.76,1.4895,8.402,1.508,,,,,,,
1999-04-22,1.0598,1.6117,119.84,1.481,8.4,1.5095,,,,,,,
1999-04-23,1.0634,1.617,119.26,1.477,8.383,1.5071,,,,,,,
1999-04-26,1.059,1.6113,119.13,1.4792,8.405,1.5132,,,,,,,
1999-04-27,1.0649,1.6177,120.23,1.4788,8.3575,1.5085,,,,,,,
1999-04-28,1.0616,1.6148,119.13,1.477,8.3895,1.5137,,,,,,,
1999-04-29,1.0591,1.6105,119.26,1.467,8.4022,1.519,,,,,,,
1999-04-30,1.0564,1.6085,119.43,1.4578,8.445,1.5257,,,,,,,
1999-05-01,,,,,,,2.57895238095238,5.34875,,4.6155,2.92,,4.92
1999-05-03,1.0571,1.6083,120.14,1.4512,8.463,1.5252,,,,,,,
1999-05-04,1.0593,1.621,120.94,1.454,8.472,1.517,,,,,,,
1999-05-05,1.0724,1.6337,120.91,1.4558,8.4,1.4975,,,,,,,
1999-05-06,1.0779,1.6377,120.77,1.4555,8.33,1.492,,,,,,,
1999-05-07,1.0781,1.635,120.78,1.4585,8.313,1.491,,,,,,,
1999-05-10,1.0787,1.63,120.68,1.4605,8.2885,1.4895,,,,,,,
1999-05-11,1.072,1.6215,120.96,1.4538,8.358,1.4998,,,,,,,
1999-05-12,1.0666,1.6193,120.86,1.4608,8.395,1.5025,,,,,,,
1999-05-13,1.0626,1.619,121.67,1.4598,8.425,1.508,,,,,,,
1999-05-14,1.065,1.6175,122.64,1.4635,8.4175,1.5058,,,,,,,
1999-05-17,1.0672,1.6193,123.27,1.4605,8.425,1.5013,,,,,,,
1999-05-18,1.0672,1.6203,123.24,1.4607,8.4375,1.503,,,,,,,
1999-05-19,1.0641,1.6175,124.45,1.4661,8.461,1.505,,,,,,,
1999-05-20,1.063,1.6122,124.15,1.4658,8.445,1.5083,,,,,,,
1999-05-21,1.0577,1.602,123.9,1.4595,8.489,1.5175,,,,,,,
1999-05-24,1.0593,1.5978,123.57,1.4559,8.471,1.5115,,,,,,,
1999-05-25,1.0587,1.6021,122.88,1.4603,8.4875,1.505,,,,,,,
1999-05-26,1.0471,1.5963,122.03,1.472,8.573,1.522,,,,,,,
1999-05-27,1.0439,1.5957,121.27,1.4755,8.614,1.5265,,,,,,,
1999-05-28,1.0422,1.602,120.88,1.4725,8.598,1.528,,,,,,,
1999-05-31,,,,,,,,,,,,,
1999-06-01,1.0449,1.615,120.75,1.483,8.598,1.523,2.62668181818182,5.22114,,4.815454545,2.97,,5.13
1999-06-02,1.0357,1.6075,121.14,1.4805,8.6405,1.5365,,,,,,,
1999-06-03,1.0355,1.6055,121.5,1.4768,8.646,1.5375,,,,,,,
1999-06-04,1.0327,1.6074,121.99,1.4696,8.65,1.5385,,,,,,,
1999-06-07,1.0296,1.601,121.31,1.4735,8.634,1.5425,,,,,,,
1999-06-08,1.0438,1.605,119.88,1.47,8.525,1.525,,,,,,,
1999-06-09,1.045,1.6001,119.2,1.4723,8.557,1.525,,,,,,,
1999-06-10,1.0477,1.6002,118.85,1.462,8.493,1.524,,,,,,,
1999-06-11,1.0516,1.6085,118.14,1.46,8.4555,1.5195,,,,,,,
1999-06-14,1.0416,1.6075,120.4,1.4608,8.5025,1.53,,,,,,,
1999-06-15,1.042,1.595,120.63,1.4653,8.4875,1.5315,,,,,,,
1999-06-16,1.0298,1.5862,120.03,1.4585,8.532,1.5492,,,,,,,
1999-06-17,1.0329,1.5925,119.47,1.461,8.4765,1.5455,,,,,,,
1999-06-18,1.0368,1.5924,120.48,1.4645,8.434,1.5412,,,,,,,
1999-06-21,1.0323,1.589,122.28,1.4727,8.412,1.5458,,,,,,,
1999-06-22,1.0323,1.5895,121.68,1.4705,8.435,1.5455,,,,,,,
1999-06-23,1.0316,1.5787,122.05,1.4735,8.429,1.5478,,,,,,,
1999-06-24,1.0372,1.5833,121.83,1.471,8.443,1.5395,,,,,,,
1999-06-25,1.0448,1.5893,121.28,1.4642,8.392,1.529,,,,,,,
1999-06-28,1.0373,1.5822,121.3,1.4695,8.4535,1.5416,,,,,,,
1999-06-29,1.0337,1.5781,120.81,1.476,8.465,1.5495,,,,,,,
1999-06-30,1.031,1.5765,120.94,1.4735,8.481,1.5555,,,,,,,
1999-07-01,1.0236,1.5765,120.99,1.4693,8.543,1.569,2.67645454545455,5.16688,,4.792857143,3.01,0.955,5.24
1999-07-02,1.0244,1.5792,121.13,1.4645,8.495,1.5678,,,,,,,
1999-07-05,,,,,,,,,,,,,
1999-07-06,1.0249,1.5688,121.94,1.4685,8.497,1.565,,,,,,,
1999-07-07,1.0224,1.5602,122.19,1.47,8.5025,1.569,,,,,,,
1999-07-08,1.0198,1.5577,122.57,1.4698,8.558,1.5731,,,,,,,
1999-07-09,1.0186,1.5515,122.37,1.4735,8.57,1.5775,,,,,,,
1999-07-12,1.0139,1.5558,122.22,1.4812,8.612,1.5828,,,,,,,
1999-07-13,1.0176,1.5566,121.38,1.4828,8.5925,1.5777,,,,,,,
1999-07-14,1.0215,1.5635,120.58,1.4811,8.586,1.5717,,,,,,,
1999-07-15,1.022,1.5665,120.49,1.4826,8.569,1.571,,,,,,,
1999-07-16,1.0203,1.5622,120.98,1.482,8.5525,1.5745,,,,,,,
1999-07-19,1.0203,1.563,119.18,1.4918,8.525,1.5738,,,,,,,
1999-07-20,1.042,1.57,118.94,1.4915,8.395,1.5405,,,,,,,
1999-07-21,1.0526,1.5766,118.25,1.5011,8.339,1.5267,,,,,,,
1999-07-22,1.0509,1.5835,117.27,1.5025,8.3595,1.5285,,,,,,,
1999-07-23,1.0497,1.578,116.51,1.5076,8.365,1.5294,,,,,,,
1999-07-26,1.0651,1.5905,116.66,1.5102,8.272,1.5069,,,,,,,
1999-07-27,1.0627,1.5895,116.23,1.5135,8.278,1.5065,,,,,,,
1999-07-28,1.0644,1.5935,116.17,1.511,8.264,1.502,,,,,,,
1999-07-29,1.0719,1.613,115.19,1.5085,8.209,1.49,,,,,,,
1999-07-30,1.0694,1.6207,114.7,1.507,8.222,1.4925,,,,,,,
1999-08-01,,,,,,,2.69504545454545,5.25409,,4.924761905,3.0,0.92453125,5.41
1999-08-02,1.0661,1.6145,114.51,1.5079,8.212,1.4995,,,,,,,
1999-08-03,1.068,1.6185,115.1,1.4948,8.178,1.4975,,,,,,,
1999-08-04,1.0766,1.62,114.2,1.4898,8.142,1.4862,,,,,,,
1999-08-05,1.0793,1.6198,113.98,1.4947,8.142,1.4805,,,,,,,
1999-08-06,1.077,1.6147,114.6,1.5035,8.168,1.4863,,,,,,,
1999-08-09,1.0694,1.6,115.37,1.5026,8.224,1.4972,,,,,,,
1999-08-10,1.0752,1.618,114.44,1.5,8.21,1.4895,,,,,,,
1999-08-11,1.066,1.6107,115.1,1.4908,8.255,1.5024,,,,,,,
1999-08-12,1.0636,1.609,115.76,1.4853,8.268,1.506,,,,,,,
1999-08-13,1.0568,1.6057,115.66,1.478,8.31,1.5157,,,,,,,
1999-08-16,1.0557,1.6011,114.83,1.4815,8.302,1.5173,,,,,,,
1999-08-17,1.0525,1.6036,114.18,1.4794,8.31,1.5215,,,,,,,
1999-08-18,1.0505,1.6004,112.3,1.4832,8.335,1.523,,,,,,,
1999-08-19,1.0643,1.618,111.14,1.494,8.247,1.5025,,,,,,,
1999-08-20,1.0654,1.6133,111.44,1.4942,8.229,1.4988,,,,,,,
1999-08-23,1.0553,1.6076,111.73,1.4955,8.29,1.5145,,,,,,,
1999-08-24,1.0506,1.5946,111.53,1.4955,8.285,1.5242,,,,,,,
1999-08-25,1.0461,1.5865,111.18,1.496,8.336,1.5315,,,,,,,
1999-08-26,1.0441,1.5876,111.83,1.5026,8.355,1.5339,,,,,,,
1999-08-27,1.046,1.5885,111.68,1.492,8.325,1.5303,,,,,,,
1999-08-30,1.0445,1.5875,111.13,1.4925,8.344,1.5332,,,,,,,
1999-08-31,1.0581,1.6086,109.3,1.4965,8.229,1.513,,,,,,,
1999-09-01,1.0582,1.6023,109.35,1.4858,8.212,1.5135,2.72668181818182,5.4107,,4.83047619,3.05,0.900516,5.5
1999-09-02,1.0689,1.6091,109.24,1.495,8.162,1.4938,,,,,,,
1999-09-03,1.0605,1.6028,110.09,1.4909,8.196,1.5073,,,,,,,
1999-09-06,,,,,,,,,,,,,
1999-09-07,1.0581,1.6057,110.92,1.4937,8.17,1.5108,,,,,,,
1999-09-08,1.059,1.6185,110.99,1.487,8.15,1.5103,,,,,,,
1999-09-09,1.0543,1.6332,108.0,1.48,8.16,1.5172,,,,,,,
1999-09-10,1.0402,1.6183,109.0,1.4747,8.262,1.544,,,,,,,
1999-09-13,1.04,1.609,106.19,1.4703,8.2175,1.5425,,,,,,,
1999-09-14,1.0408,1.6085,105.33,1.4745,8.285,1.5408,,,,,,,
1999-09-15,1.0385,1.611,103.78,1.4754,8.298,1.5455,,,,,,,
1999-09-16,1.0418,1.625,105.1,1.478,8.298,1.5384,,,,,,,
1999-09-17,1.0399,1.6222,106.94,1.4742,8.282,1.5441,,,,,,,
1999-09-20,1.0408,1.623,106.42,1.4785,8.242,1.5435,,,,,,,
1999-09-21,1.046,1.631,104.85,1.4725,8.232,1.5328,,,,,,,
1999-09-22,1.05,1.6363,104.03,1.4685,8.223,1.5267,,,,,,,
1999-09-23,1.0415,1.6375,104.18,1.4754,8.25,1.5393,,,,,,,
1999-09-24,1.0466,1.6428,104.14,1.4739,8.239,1.53,,,,,,,
1999-09-27,1.0431,1.6455,106.07,1.4713,8.265,1.5361,,,,,,,
1999-09-28,1.0509,1.6485,106.14,1.4645,8.215,1.524,,,,,,,
1999-09-29,1.0613,1.6425,106.8,1.4645,8.195,1.5075,,,,,,,
1999-09-30,1.0643,1.6457,106.82,1.4695,8.201,1.5022,,,,,,,
1999-10-01,1.0718,1.655,105.08,1.4725,8.1495,1.4867,3.37566666666667,6.02564,,5.014,3.23,1.8848,6.13
1999-10-04,1.0703,1.6555,106.35,1.4705,8.147,1.4878,,,,,,,
1999-10-05,1.0693,1.6525,106.96,1.4695,8.118,1.4894,,,,,,,
1999-10-06,1.0704,1.656,107.54,1.4695,8.1375,1.4875,,,,,,,
1999-10-07,1.0721,1.652,107.67,1.4725,8.13,1.486,,,,,,,
1999-10-08,1.063,1.652,107.38,1.4739,8.18,1.5,,,,,,,
1999-10-11,,,,,,,,,,,,,
1999-10-12,1.0737,1.6535,106.28,1.4748,8.094,1.4832,,,,,,,
1999-10-13,1.0758,1.6532,107.45,1.4815,8.1075,1.479,,,,,,,
1999-10-14,1.0799,1.6575,106.96,1.4822,8.1095,1.4735,,,,,,,
1999-10-15,1.0887,1.6684,105.43,1.4853,8.105,1.4592,,,,,,,
1999-10-18,1.0863,1.672,104.93,1.4952,8.165,1.462,,,,,,,
1999-10-19,1.0833,1.6708,105.5,1.491,8.136,1.4681,,,,,,,
1999-10-20,1.0765,1.6643,106.16,1.4905,8.17,1.479,,,,,,,
1999-10-21,1.0808,1.6765,105.96,1.486,8.121,1.473,,,,,,,
1999-10-22,1.0678,1.6584,105.81,1.4759,8.14,1.4975,,,,,,,
1999-10-25,1.0666,1.6631,105.35,1.4748,8.135,1.4992,,,,,,,
1999-10-26,1.0578,1.6525,104.83,1.4715,8.16,1.5135,,,,,,,
1999-10-27,1.0532,1.6477,104.24,1.4709,8.205,1.52,,,,,,,
1999-10-28,1.0519,1.64,105.13,1.4722,8.251,1.5238,,,,,,,
1999-10-29,1.0518,1.6425,104.29,1.472,8.2225,1.5243,,,,,,,
1999-11-01,1.0494,1.6404,104.19,1.4684,8.2545,1.5291,3.46768181818182,5.8725,,5.040952381,3.38,1.6871356,6.0
1999-11-02,1.0506,1.6445,104.15,1.469,8.244,1.5305,,,,,,,
1999-11-03,1.0485,1.644,105.0,1.4688,8.273,1.5344,,,,,,,
1999-11-04,1.044,1.6375,104.48,1.465,8.342,1.5436,,,,,,,
1999-11-05,1.04,1.6205,106.33,1.463,8.331,1.5513,,,,,,,
1999-11-08,1.0363,1.615,105.77,1.4683,8.345,1.5535,,,,,,,
1999-11-09,1.0401,1.621,104.86,1.4735,8.322,1.5465,,,,,,,
1999-11-10,1.0436,1.625,104.58,1.4708,8.2975,1.5398,,,,,,,
1999-11-11,,,,,,,,,,,,,
1999-11-12,1.0315,1.6131,105.34,1.462,8.376,1.5575,,,,,,,
1999-11-15,1.0315,1.623,104.88,1.465,8.36,1.556,,,,,,,
1999-11-16,1.0312,1.6164,105.83,1.4698,8.392,1.5542,,,,,,,
1999-11-17,1.0403,1.6231,105.47,1.4675,8.301,1.5411,,,,,,,
1999-11-18,1.0297,1.615,105.85,1.4635,8.371,1.5564,,,,,,,
1999-11-19,1.0313,1.616,106.13,1.4628,8.345,1.5543,,,,,,,
1999-11-22,1.0327,1.6205,104.87,1.462,8.3425,1.551,,,,,,,
1999-11-23,1.0261,1.6236,104.2,1.465,8.38,1.559,,,,,,,
1999-11-24,1.0176,1.609,104.62,1.4685,8.436,1.5721,,,,,,,
1999-11-25,,,,,,,,,,,,,
1999-11-26,1.0137,1.6062,102.19,1.4685,8.464,1.5795,,,,,,,
1999-11-29,1.01,1.6024,102.43,1.4752,8.482,1.5878,,,,,,,
1999-11-30,1.0077,1.5935,101.8,1.472,8.513,1.5893,,,,,,,
1999-12-01,1.0059,1.596,102.37,1.475,8.56,1.592,3.44604545454545,6.05531,,5.135238095,3.41,1.74320418181818,6.05
1999-12-02,1.0023,1.5972,102.69,1.4795,8.6,1.595,,,,,,,
1999-12-03,1.0016,1.6015,102.55,1.4793,8.5665,1.5925,,,,,,,
1999-12-06,1.0252,1.623,103.1,1.4742,8.417,1.5608,,,,,,,
1999-12-07,1.0222,1.6233,102.39,1.475,8.415,1.5645,,,,,,,
1999-12-08,1.0263,1.6255,102.97,1.4794,8.35,1.56,,,,,,,
1999-12-09,1.0161,1.623,102.57,1.4745,8.406,1.5741,,,,,,,
1999-12-10,1.0158,1.6225,102.4,1.4787,8.4675,1.5745,,,,,,,
1999-12-13,1.012,1.6232,103.26,1.4796,8.497,1.5834,,,,,,,
1999-12-14,1.0067,1.611,103.47,1.4823,8.539,1.5895,,,,,,,
1999-12-15,1.0066,1.6085,103.54,1.4837,8.527,1.5903,,,,,,,
1999-12-16,1.0169,1.6123,103.04,1.4785,8.469,1.5758,,,,,,,
1999-12-17,1.0088,1.607,103.27,1.4778,8.501,1.5888,,,,,,,
1999-12-20,1.0066,1.6035,102.72,1.48,8.54,1.59,,,,,,,
1999-12-21,1.0093,1.6103,102.06,1.4796,8.506,1.5847,,,,,,,
1999-12-22,1.008,1.606,101.53,1.4769,8.495,1.5863,,,,,,,
1999-12-23,1.0162,1.6161,101.73,1.4735,8.435,1.577,,,,,,,
1999-12-24,1.0128,1.6154,102.95,1.4685,8.45,1.5855,,,,,,,
1999-12-27,1.0136,1.6173,102.1,1.4623,8.464,1.5835,,,,,,,
1999-12-28,1.0068,1.6165,102.19,1.4545,8.513,1.594,,,,,,,
1999-12-29,1.0045,1.6168,102.05,1.4507,8.53,1.5977,,,,,,,
1999-12-30,1.0024,1.613,102.33,1.4533,8.54,1.6015,,,,,,,
1999-12-31,1.007,1.615,102.16,1.444,8.505,1.593,,,,,,,
2000-01-01,,,,,,,3.34314285714286,6.13632,,5.025,3.57,1.72924735,5.95
2000-01-03,1.0155,1.627,101.7,1.4465,8.443,1.5808,,,,,,,
2000-01-04,1.0309,1.637,103.09,1.4518,8.36,1.5565,,,,,,,
2000-01-05,1.0335,1.6415,103.77,1.4518,8.353,1.5526,,,,,,,
2000-01-06,1.0324,1.6475,105.19,1.4571,8.3675,1.554,,,,,,,
2000-01-07,1.0294,1.6384,105.17,1.4505,8.415,1.5623,,,,,,,
2000-01-10,1.0252,1.6374,105.28,1.4568,8.449,1.5704,,,,,,,
2000-01-11,1.0322,1.648,106.09,1.457,8.397,1.5605,,,,,,,
2000-01-12,1.0281,1.6465,105.76,1.455,8.418,1.566,,,,,,,
2000-01-13,1.027,1.6482,106.09,1.4495,8.417,1.5707,,,,,,,
2000-01-14,1.0128,1.6353,105.86,1.4497,8.474,1.5945,,,,,,,
2000-01-17,,,,,,,,,,,,,
2000-01-18,1.0121,1.638,105.49,1.4502,8.468,1.5942,,,,,,,
2000-01-19,1.0115,1.6438,105.39,1.4527,8.487,1.5965,,,,,,,
2000-01-20,1.0133,1.6538,105.45,1.4484,8.468,1.5915,,,,,,,
2000-01-21,1.01,1.6504,104.96,1.442,8.493,1.5973,,,,,,,
2000-01-24,1.0019,1.652,105.52,1.44,8.526,1.609,,,,,,,
2000-01-25,1.0041,1.6482,105.87,1.4389,8.521,1.6085,,,,,,,
2000-01-26,1.0011,1.6395,105.85,1.4379,8.5285,1.6102,,,,,,,
2000-01-27,0.989,1.6363,104.91,1.435,8.615,1.6317,,,,,,,
2000-01-28,0.9765,1.621,107.15,1.4495,8.82,1.6485,,,,,,,
2000-01-31,0.9757,1.6182,107.33,1.4517,8.815,1.6495,,,,,,,
2000-02-01,0.9731,1.615,107.67,1.4468,8.768,1.654,3.53676190476191,6.23781,,5.0325,3.9,2.23797919047619,6.01
2000-02-02,0.9768,1.606,108.4,1.4435,8.708,1.6502,,,,,,,
2000-02-03,0.9887,1.6025,107.92,1.4417,8.577,1.6255,,,,,,,
2000-02-04,0.976,1.5915,107.54,1.4467,8.663,1.647,,,,,,,
2000-02-07,0.9783,1.5917,108.75,1.4457,8.66,1.6426,,,,,,,
2000-02-08,0.9862,1.6105,109.59,1.4473,8.595,1.6301,,,,,,,
2000-02-09,0.9914,1.6115,109.11,1.4443,8.544,1.6232,,,,,,,
2000-02-10,0.9865,1.6057,108.74,1.45,8.585,1.628,,,,,,,
2000-02-11,0.9847,1.5923,108.99,1.4515,8.608,1.6305,,,,,,,
2000-02-14,0.9783,1.589,108.65,1.4547,8.679,1.6435,,,,,,,
2000-02-15,0.9834,1.595,108.75,1.4585,8.68,1.633,,,,,,,
2000-02-16,0.9842,1.604,109.38,1.452,8.6695,1.6302,,,,,,,
2000-02-17,0.9863,1.605,110.27,1.4522,8.68,1.6274,,,,,,,
2000-02-18,0.985,1.5984,110.88,1.4512,8.6725,1.6282,,,,,,,
2000-02-21,,,,,,,,,,,,,
2000-02-22,1.006,1.6165,111.04,1.4595,8.5395,1.5983,,,,,,,
2000-02-23,1.0017,1.6047,111.11,1.4651,8.577,1.6082,,,,,,,
2000-02-24,0.9931,1.5981,110.95,1.4587,8.619,1.62,,,,,,,
2000-02-25,0.9763,1.5908,110.98,1.4505,8.695,1.6475,,,,,,,
2000-02-28,0.9669,1.5935,109.17,1.4538,8.6895,1.6615,,,,,,,
2000-02-29,0.9643,1.578,109.88,1.4505,8.75,1.6665,,,,,,,
2000-03-01,0.97,1.5849,107.1,1.447,8.6865,1.6568,3.747043478260871,6.22838,,5.108,4.06,2.43072330434783,6.14
2000-03-02,0.9619,1.5765,107.37,1.4543,8.805,1.6714,,,,,,,
2000-03-03,0.9618,1.581,107.8,1.451,8.815,1.6712,,,,,,,
2000-03-06,0.9603,1.5732,107.74,1.4555,8.7865,1.675,,,,,,,
2000-03-07,0.956,1.5772,106.2,1.4527,8.804,1.681,,,,,,,
2000-03-08,0.9576,1.5855,106.89,1.4592,8.851,1.677,,,,,,,
2000-03-09,0.9684,1.5815,106.45,1.457,8.7235,1.6595,,,,,,,
2000-03-10,0.9659,1.5793,106.27,1.4575,8.72,1.6661,,,,,,,
2000-03-13,0.9648,1.5782,105.32,1.4614,8.718,1.6702,,,,,,,
2000-03-14,0.9644,1.5725,104.85,1.4632,8.697,1.6715,,,,,,,
2000-03-15,0.9696,1.573,105.58,1.468,8.6915,1.6618,,,,,,,
2000-03-16,0.971,1.5747,105.63,1.4724,8.694,1.6593,,,,,,,
2000-03-17,0.9694,1.5705,106.1,1.4728,8.666,1.662,,,,,,,
2000-03-20,0.971,1.5686,106.5,1.4703,8.6425,1.6605,,,,,,,
2000-03-21,0.9703,1.5725,106.91,1.4662,8.65,1.6615,,,,,,,
2000-03-22,0.9608,1.5705,106.77,1.472,8.711,1.675,,,,,,,
2000-03-23,0.9691,1.583,107.45,1.4727,8.645,1.6522,,,,,,,
2000-03-24,0.9724,1.591,107.25,1.465,8.5775,1.6333,,,,,,,
2000-03-27,0.9645,1.5855,107.13,1.4605,8.6465,1.6468,,,,,,,
2000-03-28,0.9614,1.5872,105.9,1.4541,8.5675,1.6551,,,,,,,
2000-03-29,0.9524,1.587,105.6,1.4555,8.6675,1.6725,,,,,,,
2000-03-30,0.9594,1.5922,105.53,1.4557,8.633,1.6605,,,,,,,
2000-03-31,0.9574,1.5922,102.73,1.4538,8.635,1.663,,,,,,,
2000-04-01,,,,,,,3.92527777777778,6.29647,,5.35,3.99,2.8121195,6.28
2000-04-03,0.956,1.598,104.82,1.4548,8.678,1.6587,,,,,,,
2000-04-04,0.9588,1.5965,105.33,1.4531,8.691,1.65,,,,,,,
2000-04-05,0.9647,1.59,105.0,1.4548,8.6225,1.633,,,,,,,
2000-04-06,0.958,1.58,104.78,1.4515,8.661,1.639,,,,,,,
2000-04-07,0.959,1.583,105.33,1.4574,8.642,1.6383,,,,,,,
2000-04-10,0.9588,1.5828,106.37,1.4615,8.61,1.6435,,,,,,,
2000-04-11,0.9591,1.5873,106.95,1.4635,8.634,1.6415,,,,,,,
2000-04-12,0.9551,1.5882,105.86,1.4623,8.702,1.649,,,,,,,
2000-04-13,0.9524,1.5881,105.76,1.4661,8.723,1.652,,,,,,,
2000-04-14,0.9564,1.586,105.12,1.4767,8.7,1.6408,,,,,,,
2000-04-17,0.955,1.5853,104.19,1.4855,8.72,1.644,,,,,,,
2000-04-18,0.9477,1.5764,104.59,1.4837,8.744,1.6603,,,,,,,
2000-04-19,0.9369,1.5777,104.94,1.4761,8.798,1.6755,,,,,,,
2000-04-20,0.9376,1.5801,105.45,1.4725,8.8,1.6772,,,,,,,
2000-04-21,0.9379,1.5785,105.88,1.475,8.786,1.676,,,,,,,
2000-04-24,0.9396,1.58,105.66,1.4763,8.78,1.6712,,,,,,,
2000-04-25,0.9265,1.5787,105.71,1.4699,8.848,1.6985,,,,,,,
2000-04-26,0.9217,1.5795,106.46,1.4758,8.885,1.7085,,,,,,,
2000-04-27,0.9083,1.5748,106.36,1.4792,8.9808,1.731,,,,,,,
2000-04-28,0.9089,1.556,107.98,1.4818,8.967,1.725,,,,,,,
2000-05-01,0.912,1.5558,108.89,1.4783,8.9183,1.7135,4.36204545454546,6.30356,,5.664,3.96,3.01037731818182,6.71
2000-05-02,0.9068,1.559,108.63,1.4857,8.941,1.7185,,,,,,,
2000-05-03,0.8891,1.5605,109.14,1.4923,9.077,1.7369,,,,,,,
2000-05-04,0.8907,1.5435,108.17,1.498,9.104,1.7353,,,,,,,
2000-05-05,0.8953,1.5288,108.53,1.498,9.103,1.7323,,,,,,,
2000-05-08,0.895,1.531,109.03,1.4927,9.095,1.7305,,,,,,,
2000-05-09,0.9023,1.5315,109.61,1.4945,9.0592,1.7219,,,,,,,
2000-05-10,0.9097,1.5153,109.33,1.4955,9.0575,1.715,,,,,,,
2000-05-11,0.9021,1.4997,108.47,1.49,9.16,1.7252,,,,,,,
2000-05-12,0.908,1.5172,108.74,1.4872,9.092,1.709,,,,,,,
2000-05-15,0.9138,1.5075,109.48,1.4897,9.063,1.7033,,,,,,,
2000-05-16,0.9053,1.5008,109.75,1.4862,9.103,1.7152,,,,,,,
2000-05-17,0.8921,1.4905,109.53,1.4992,9.201,1.7398,,,,,,,
2000-05-18,0.8952,1.4818,108.7,1.5007,9.1323,1.7377,,,,,,,
2000-05-19,0.8946,1.4855,106.89,1.4963,9.1575,1.7347,,,,,,,
2000-05-22,0.9036,1.4907,107.02,1.4983,9.222,1.7185,,,,,,,
2000-05-23,0.9032,1.4728,106.72,1.5036,9.21,1.7295,,,,,,,
2000-05-24,0.9096,1.4755,107.58,1.5085,9.175,1.7208,,,,,,,
2000-05-25,0.9072,1.4705,107.48,1.5057,9.165,1.721,,,,,,,
2000-05-26,0.931,1.4875,107.18,1.5045,9.01,1.6828,,,,,,,
2000-05-29,,,,,,,,,,,,,
2000-05-30,0.9314,1.495,106.44,1.5036,9.002,1.6885,,,,,,,
2000-05-31,0.9328,1.4968,107.74,1.4977,8.987,1.6883,,,,,,,
2000-06-01,0.9307,1.4915,108.74,1.491,8.968,1.6878,4.501727272727271,6.22682,,5.5525,3.94,3.20290635,6.73
2000-06-02,0.9432,1.5079,108.15,1.4785,8.8245,1.668,,,,,,,
2000-06-05,0.9471,1.5135,107.44,1.4779,8.805,1.663,,,,,,,
2000-06-06,0.957,1.5235,105.64,1.478,8.711,1.643,,,,,,,
2000-06-07,0.96,1.5225,105.5,1.4785,8.656,1.6365,,,,,,,
2000-06-08,0.9548,1.506,105.86,1.48,8.758,1.641,,,,,,,
2000-06-09,0.9526,1.5079,106.78,1.4765,8.745,1.6443,,,,,,,
2000-06-12,0.9544,1.512,106.65,1.4765,8.691,1.6356,,,,,,,
2000-06-13,0.9619,1.513,106.79,1.4697,8.612,1.6255,,,,,,,
2000-06-14,0.959,1.5023,106.89,1.4695,8.533,1.6318,,,,,,,
2000-06-15,0.953,1.5103,106.52,1.4758,8.625,1.6386,,,,,,,
2000-06-16,0.9648,1.5165,106.22,1.4708,8.6015,1.6178,,,,,,,
2000-06-19,0.9622,1.5154,105.74,1.4657,8.62,1.623,,,,,,,
2000-06-20,0.9557,1.51,105.42,1.4708,8.6425,1.628,,,,,,,
2000-06-21,0.9455,1.497,105.5,1.4729,8.719,1.639,,,,,,,
2000-06-22,0.9398,1.511,104.4,1.4725,8.805,1.6455,,,,,,,
2000-06-23,0.9358,1.501,104.59,1.4793,8.85,1.6565,,,,,,,
2000-06-26,0.9382,1.499,105.66,1.483,8.891,1.651,,,,,,,
2000-06-27,0.9444,1.5,105.53,1.4825,8.8725,1.6379,,,,,,,
2000-06-28,0.9444,1.5107,105.51,1.4838,8.864,1.642,,,,,,,
2000-06-29,0.9515,1.5194,105.09,1.482,8.822,1.6375,,,,,,,
2000-06-30,0.9545,1.513,106.14,1.4798,8.821,1.6317,,,,,,,
2000-07-01,,,,,,,4.58290476190476,6.19247,,5.6,4.03,3.2905062857142906,6.67
2000-07-03,0.9526,1.5135,105.64,1.4793,8.7925,1.6323,,,,,,,
2000-07-04,,,,,,,,,,,,,
2000-07-05,0.9548,1.512,106.91,1.4909,8.83,1.622,,,,,,,
2000-07-06,0.9527,1.512,107.37,1.485,8.866,1.625,,,,,,,
2000-07-07,0.9484,1.5143,107.81,1.481,8.915,1.6278,,,,,,,
2000-07-10,0.9521,1.5137,107.1,1.4798,8.8855,1.6275,,,,,,,
2000-07-11,0.9497,1.514,106.93,1.4785,8.8906,1.6335,,,,,,,
2000-07-12,0.9401,1.5068,108.36,1.4815,8.8925,1.651,,,,,,,
2000-07-13,0.9339,1.499,108.27,1.4809,8.941,1.6608,,,,,,,
2000-07-14,0.9374,1.499,107.88,1.4845,8.898,1.6532,,,,,,,
2000-07-17,0.9351,1.492,108.53,1.4813,8.968,1.6575,,,,,,,
2000-07-18,0.9322,1.4945,108.3,1.4783,9.0,1.6608,,,,,,,
2000-07-19,0.9237,1.4942,108.2,1.4758,9.081,1.6781,,,,,,,
2000-07-20,0.9292,1.5094,107.89,1.4748,9.02,1.668,,,,,,,
2000-07-21,0.9343,1.5167,109.08,1.4715,8.9965,1.6638,,,,,,,
2000-07-24,0.9314,1.514,108.92,1.4639,8.9825,1.67,,,,,,,
2000-07-25,0.9391,1.519,109.3,1.4653,8.944,1.6528,,,,,,,
2000-07-26,0.9413,1.5154,109.28,1.4665,8.946,1.6493,,,,,,,
2000-07-27,0.9331,1.5116,109.15,1.4713,9.0985,1.6605,,,,,,,
2000-07-28,0.9246,1.5025,109.63,1.4776,9.16,1.6753,,,,,,,
2000-07-31,0.9266,1.4983,109.68,1.488,9.172,1.6689,,,,,,,
2000-08-01,0.9228,1.4992,109.47,1.4892,9.217,1.6758,4.77708695652174,6.21754,,5.618,4.0,3.30846527272727,6.61
2000-08-02,0.9137,1.4926,108.77,1.4813,9.259,1.6887,,,,,,,
2000-08-03,0.9042,1.4947,108.36,1.4844,9.335,1.7087,,,,,,,
2000-08-04,0.9075,1.5022,108.54,1.4889,9.246,1.7053,,,,,,,
2000-08-07,0.9105,1.507,108.99,1.4875,9.1825,1.7005,,,,,,,
2000-08-08,0.9019,1.5022,108.64,1.4889,9.2445,1.7147,,,,,,,
2000-08-09,0.8991,1.4992,107.99,1.4848,9.25,1.7187,,,,,,,
2000-08-10,0.9077,1.498,108.7,1.4826,9.201,1.7065,,,,,,,
2000-08-11,0.9046,1.504,108.68,1.4839,9.218,1.7181,,,,,,,
2000-08-14,0.9037,1.506,109.52,1.4847,9.205,1.7214,,,,,,,
2000-08-15,0.9135,1.5056,109.0,1.487,9.153,1.7095,,,,,,,
2000-08-16,0.9143,1.4988,108.55,1.4774,9.204,1.7093,,,,,,,
2000-08-17,0.9152,1.4992,108.48,1.4759,9.205,1.7085,,,,,,,
2000-08-18,0.9068,1.4895,108.43,1.4747,9.263,1.7235,,,,,,,
2000-08-21,0.9027,1.49,108.53,1.4765,9.292,1.7275,,,,,,,
2000-08-22,0.8965,1.4797,108.34,1.4756,9.335,1.7405,,,,,,,
2000-08-23,0.8967,1.4813,107.02,1.4877,9.332,1.7282,,,,,,,
2000-08-24,0.9028,1.4806,106.89,1.4871,9.279,1.7117,,,,,,,
2000-08-25,0.9024,1.4745,107.17,1.4828,9.311,1.7095,,,,,,,
2000-08-28,0.9002,1.4716,106.45,1.4845,9.345,1.713,,,,,,,
2000-08-29,0.8966,1.4616,106.2,1.4868,9.411,1.7238,,,,,,,
2000-08-30,0.8924,1.456,106.47,1.4805,9.44,1.736,,,,,,,
2000-08-31,0.8878,1.4515,106.66,1.472,9.445,1.7425,,,,,,,
2000-09-01,0.8993,1.4605,105.78,1.4742,9.338,1.723,4.85280952380952,6.20569,,5.5725,3.94,3.3217070952381,6.6
2000-09-04,,,,,,,,,,,,,
2000-09-05,0.8876,1.4522,105.88,1.4752,9.4725,1.7488,,,,,,,
2000-09-06,0.8702,1.4455,106.08,1.4843,9.6575,1.778,,,,,,,
2000-09-07,0.874,1.438,105.1,1.4777,9.56,1.772,,,,,,,
2000-09-08,0.8664,1.4196,106.03,1.4781,9.6515,1.7869,,,,,,,
2000-09-11,0.8624,1.4123,105.97,1.48,9.731,1.7715,,,,,,,
2000-09-12,0.8596,1.402,106.93,1.4825,9.766,1.771,,,,,,,
2000-09-13,0.864,1.4125,107.11,1.4838,9.722,1.7635,,,,,,,
2000-09-14,0.8617,1.406,107.25,1.4869,9.755,1.7736,,,,,,,
2000-09-15,0.8572,1.4005,107.33,1.4844,9.796,1.7805,,,,,,,
2000-09-18,0.8523,1.4015,106.87,1.4905,9.829,1.787,,,,,,,
2000-09-19,0.8514,1.408,107.02,1.488,9.8475,1.7765,,,,,,,
2000-09-20,0.8462,1.4107,106.77,1.4833,9.875,1.7845,,,,,,,
2000-09-21,0.8558,1.428,106.5,1.4873,9.815,1.7715,,,,,,,
2000-09-22,0.8793,1.4568,107.94,1.4892,9.625,1.7295,,,,,,,
2000-09-25,0.8738,1.454,107.63,1.489,9.666,1.739,,,,,,,
2000-09-26,0.8815,1.46,107.63,1.488,9.623,1.7279,,,,,,,
2000-09-27,0.8805,1.4607,107.44,1.4962,9.659,1.7325,,,,,,,
2000-09-28,0.8826,1.4635,107.59,1.503,9.6885,1.7288,,,,,,,
2000-09-29,0.8837,1.4787,107.9,1.507,9.628,1.7265,,,,,,,
2000-10-01,,,,,,,5.0412727272727285,6.16274,,5.5975,3.99,3.34387236363636,6.67
2000-10-02,0.8806,1.4675,108.81,1.5108,9.6933,1.7322,,,,,,,
2000-10-03,0.8741,1.4565,108.66,1.506,9.78,1.7365,,,,,,,
2000-10-04,0.8726,1.4558,109.29,1.499,9.8,1.7395,,,,,,,
2000-10-05,0.8685,1.4502,109.3,1.4954,9.8292,1.7491,,,,,,,
2000-10-06,0.868,1.4445,108.81,1.5013,9.84,1.7515,,,,,,,
2000-10-09,,,,,,,,,,,,,
2000-10-10,0.8682,1.4484,107.9,1.5014,9.919,1.7515,,,,,,,
2000-10-11,0.8715,1.462,107.63,1.5043,9.865,1.7328,,,,,,,
2000-10-12,0.8644,1.4735,107.58,1.5085,9.905,1.7415,,,,,,,
2000-10-13,0.8568,1.4597,107.67,1.5135,9.935,1.7595,,,,,,,
2000-10-16,0.8489,1.4455,108.3,1.5195,10.013,1.779,,,,,,,
2000-10-17,0.8507,1.4426,108.15,1.5184,10.007,1.7773,,,,,,,
2000-10-18,0.8391,1.4464,107.78,1.52,10.115,1.7875,,,,,,,
2000-10-19,0.8406,1.4422,108.55,1.5112,10.065,1.7875,,,,,,,
2000-10-20,0.84,1.4448,109.04,1.5119,10.12,1.7885,,,,,,,
2000-10-23,0.8364,1.455,108.45,1.508,10.113,1.7985,,,,,,,
2000-10-24,0.8364,1.449,108.08,1.5118,10.128,1.8005,,,,,,,
2000-10-25,0.827,1.4335,108.05,1.5164,10.245,1.8165,,,,,,,
2000-10-26,0.8271,1.4313,108.36,1.5187,10.3,1.825,,,,,,,
2000-10-27,0.8406,1.4517,108.75,1.5275,10.1238,1.8065,,,,,,,
2000-10-30,0.8432,1.453,108.99,1.5311,10.06,1.8068,,,,,,,
2000-10-31,0.8486,1.4505,109.15,1.5273,9.997,1.7978,,,,,,,
2000-11-01,0.8584,1.4452,108.48,1.5263,9.892,1.7765,5.09195454545454,6.08629,,5.668,4.0,3.3474689545454495,6.65
2000-11-02,0.8594,1.444,108.39,1.5333,9.912,1.7799,,,,,,,
2000-11-03,0.8614,1.4484,107.58,1.5348,9.915,1.7667,,,,,,,
2000-11-06,0.8584,1.432,107.34,1.5305,9.998,1.7725,,,,,,,
2000-11-07,0.8583,1.431,107.3,1.5315,10.001,1.7728,,,,,,,
2000-11-08,0.8559,1.4236,107.57,1.5432,10.0,1.7775,,,,,,,
2000-11-09,0.8574,1.4242,107.41,1.5455,10.022,1.7739,,,,,,,
2000-11-10,0.8625,1.4305,107.83,1.546,9.9685,1.7657,,,,,,,
2000-11-13,0.8607,1.4388,107.7,1.5472,10.048,1.7637,,,,,,,
2000-11-14,0.8573,1.4306,108.15,1.5445,10.1048,1.7723,,,,,,,
2000-11-15,0.857,1.4257,108.75,1.551,10.094,1.7815,,,,,,,
2000-11-16,0.8532,1.4228,109.08,1.5523,10.14,1.7883,,,,,,,
2000-11-17,0.8516,1.423,108.86,1.56,10.17,1.7915,,,,,,,
2000-11-20,0.8486,1.4222,109.79,1.5592,10.2136,1.8,,,,,,,
2000-11-21,0.8458,1.416,110.29,1.5553,10.301,1.7995,,,,,,,
2000-11-22,0.8423,1.4077,110.16,1.5473,10.302,1.805,,,,,,,
2000-11-23,,,,,,,,,,,,,
2000-11-24,0.8382,1.3997,111.38,1.5396,10.36,1.8085,,,,,,,
2000-11-27,0.85,1.4155,110.7,1.5348,10.2425,1.7803,,,,,,,
2000-11-28,0.8547,1.4182,110.23,1.5371,10.1694,1.7633,,,,,,,
2000-11-29,0.8577,1.4209,111.28,1.5405,10.133,1.7595,,,,,,,
2000-11-30,0.8694,1.421,110.93,1.5355,10.04,1.7365,,,,,,,
2000-12-01,0.8765,1.4373,111.15,1.5389,9.9,1.7285,4.93915789473684,5.95539,,5.52,4.07,3.25550668421053,6.45
2000-12-04,0.8875,1.4523,111.07,1.5458,9.725,1.706,,,,,,,
2000-12-05,0.8804,1.441,111.0,1.5438,9.742,1.7153,,,,,,,
2000-12-06,0.8877,1.4365,110.42,1.5323,9.63,1.7078,,,,,,,
2000-12-07,0.8891,1.44,110.7,1.5223,9.713,1.7015,,,,,,,
2000-12-08,0.8838,1.4442,111.29,1.5205,9.735,1.7063,,,,,,,
2000-12-11,0.8771,1.4554,110.77,1.5227,9.7205,1.715,,,,,,,
2000-12-12,0.8775,1.448,111.5,1.5249,9.7195,1.7144,,,,,,,
2000-12-13,0.8755,1.451,112.4,1.5205,9.792,1.7175,,,,,,,
2000-12-14,0.8858,1.4665,112.42,1.5165,9.68,1.699,,,,,,,
2000-12-15,0.8981,1.4763,112.55,1.5174,9.6,1.6795,,,,,,,
2000-12-18,0.8929,1.4677,112.06,1.5254,9.68,1.6845,,,,,,,
2000-12-19,0.8902,1.462,112.55,1.522,9.781,1.694,,,,,,,
2000-12-20,0.9058,1.4737,112.58,1.5215,9.59,1.6765,,,,,,,
2000-12-21,0.9112,1.4707,112.18,1.5185,9.587,1.6722,,,,,,,
2000-12-22,0.923,1.4783,112.75,1.5168,9.539,1.6485,,,,,,,
2000-12-25,,,,,,,,,,,,,
2000-12-26,0.9292,1.48,113.62,1.5099,9.502,1.6342,,,,,,,
2000-12-27,0.9304,1.4912,114.2,1.511,9.5725,1.6435,,,,,,,
2000-12-28,0.9257,1.4907,114.62,1.5073,9.555,1.645,,,,,,,
2000-12-29,0.9388,1.4955,114.35,1.4995,9.444,1.6202,,,,,,,
2001-01-01,,,,,,,4.77072727272727,5.84578,,5.236,4.07,3.2539672857142894,5.62
2001-01-02,0.9465,1.4977,114.73,1.4963,9.415,1.6075,,,,,,,
2001-01-03,0.9473,1.5045,114.26,1.4982,9.445,1.6025,,,,,,,
2001-01-04,0.9448,1.493,115.47,1.4985,9.422,1.6115,,,,,,,
2001-01-05,0.9535,1.499,116.19,1.5003,9.338,1.6025,,,,,,,
2001-01-08,0.9486,1.4969,115.97,1.4944,9.418,1.6076,,,,,,,
2001-01-09,0.9397,1.49,116.64,1.4973,9.498,1.621,,,,,,,
2001-01-10,0.9387,1.491,116.26,1.4993,9.4325,1.6255,,,,,,,
2001-01-11,0.952,1.4965,117.56,1.4978,9.325,1.6123,,,,,,,
2001-01-12,0.9486,1.4778,117.76,1.4967,9.344,1.6232,,,,,,,
2001-01-15,,,,,,,,,,,,,
2001-01-16,0.9374,1.4675,117.28,1.5037,9.505,1.639,,,,,,,
2001-01-17,0.9306,1.4723,118.35,1.5123,9.565,1.652,,,,,,,
2001-01-18,0.9446,1.4755,117.78,1.5162,9.43,1.6195,,,,,,,
2001-01-19,0.9363,1.4683,117.23,1.5155,9.463,1.6334,,,,,,,
2001-01-22,0.9374,1.465,116.62,1.5072,9.518,1.637,,,,,,,
2001-01-23,0.9389,1.4715,116.95,1.5073,9.532,1.633,,,,,,,
2001-01-24,0.9258,1.4616,118.18,1.5126,9.622,1.6547,,,,,,,
2001-01-25,0.9219,1.4605,116.91,1.508,9.69,1.6558,,,,,,,
2001-01-26,0.9213,1.459,117.16,1.5066,9.631,1.6582,,,,,,,
2001-01-29,0.9181,1.457,116.67,1.501,9.6442,1.656,,,,,,,
2001-01-30,0.9264,1.4615,115.75,1.4985,9.551,1.6455,,,,,,,
2001-01-31,0.9308,1.4613,116.39,1.4995,9.5227,1.6425,,,,,,,
2001-02-01,0.9384,1.4775,115.33,1.4948,9.489,1.633,4.7558,5.75655,,5.0475,4.1,3.34404575,5.26
2001-02-02,0.9357,1.4692,115.65,1.4933,9.5125,1.6425,,,,,,,
2001-02-05,0.9395,1.475,114.99,1.505,9.51,1.6355,,,,,,,
2001-02-06,0.9304,1.4585,114.88,1.508,9.567,1.6538,,,,,,,
2001-02-07,0.9331,1.4633,116.21,1.511,9.5375,1.6475,,,,,,,
2001-02-08,0.9184,1.444,116.3,1.5117,9.672,1.6707,,,,,,,
2001-02-09,0.9267,1.449,117.57,1.509,9.6325,1.656,,,,,,,
2001-02-12,0.9287,1.4513,117.62,1.5205,9.662,1.6557,,,,,,,
2001-02-13,0.9204,1.451,117.3,1.5214,9.7975,1.6683,,,,,,,
2001-02-14,0.9197,1.4578,116.65,1.5287,9.833,1.669,,,,,,,
2001-02-15,0.9057,1.449,115.67,1.5275,9.882,1.692,,,,,,,
2001-02-16,0.9162,1.4505,115.46,1.5368,9.802,1.6763,,,,,,,
2001-02-19,,,,,,,,,,,,,
2001-02-20,0.9096,1.4436,115.57,1.5399,9.8765,1.687,,,,,,,
2001-02-21,0.9077,1.4385,116.45,1.537,9.94,1.6897,,,,,,,
2001-02-22,0.9069,1.4447,116.53,1.5378,9.973,1.6903,,,,,,,
2001-02-23,0.9095,1.447,116.15,1.5378,9.953,1.6885,,,,,,,
2001-02-26,0.9093,1.444,116.63,1.5314,9.922,1.6895,,,,,,,
2001-02-27,0.9128,1.4405,116.2,1.5261,9.908,1.6837,,,,,,,
2001-02-28,0.9212,1.4433,117.28,1.532,9.815,1.6736,,,,,,,
2001-03-01,0.9291,1.4553,117.33,1.5465,9.7325,1.6557,4.70863636363636,5.55126,,4.595,4.06,3.26320313636364,4.89
2001-03-02,0.934,1.4725,119.06,1.5489,9.682,1.6465,,,,,,,
2001-03-05,0.9289,1.4687,119.08,1.5475,9.745,1.6538,,,,,,,
2001-03-06,0.9313,1.4655,118.87,1.5388,9.673,1.6523,,,,,,,
2001-03-07,0.9274,1.4612,119.86,1.5492,9.752,1.6582,,,,,,,
2001-03-08,0.9281,1.4667,119.51,1.5497,9.746,1.6593,,,,,,,
2001-03-09,0.9315,1.4675,119.71,1.548,9.7575,1.6545,,,,,,,
2001-03-12,0.93,1.467,120.63,1.5505,9.83,1.6555,,,,,,,
2001-03-13,0.9148,1.4513,120.2,1.5477,10.0135,1.6838,,,,,,,
2001-03-14,0.9133,1.4497,120.97,1.5528,10.0101,1.684,,,,,,,
2001-03-15,0.9046,1.4436,122.23,1.5595,10.098,1.7002,,,,,,,
2001-03-16,0.8929,1.4265,122.85,1.5669,10.249,1.716,,,,,,,
2001-03-19,0.8985,1.4237,122.57,1.5698,10.195,1.7068,,,,,,,
2001-03-20,0.9054,1.4285,122.73,1.5611,10.126,1.6957,,,,,,,
2001-03-21,0.897,1.431,123.62,1.573,10.254,1.7085,,,,,,,
2001-03-22,0.8881,1.4223,123.84,1.5742,10.43,1.7233,,,,,,,
2001-03-23,0.8926,1.4292,122.64,1.5667,10.253,1.7155,,,,,,,
2001-03-26,0.8955,1.4345,122.81,1.5545,10.222,1.7155,,,,,,,
2001-03-27,0.891,1.429,122.99,1.5693,10.237,1.7198,,,,,,,
2001-03-28,0.8882,1.4352,122.62,1.5668,10.341,1.7245,,,,,,,
2001-03-29,0.8807,1.4302,123.45,1.5725,10.4075,1.7323,,,,,,,
2001-03-30,0.8794,1.419,125.54,1.5784,10.38,1.736,,,,,,,
2001-04-01,,,,,,,4.682,5.40449,,4.5025,3.94,3.12508536842105,4.53
2001-04-02,0.8824,1.42,126.75,1.575,10.385,1.7317,,,,,,,
2001-04-03,0.893,1.4305,125.41,1.579,10.272,1.712,,,,,,,
2001-04-04,0.9013,1.435,125.38,1.5697,10.234,1.6951,,,,,,,
2001-04-05,0.8976,1.4266,124.33,1.5788,10.191,1.702,,,,,,,
2001-04-06,0.9002,1.4383,124.03,1.5615,10.115,1.7,,,,,,,
2001-04-09,0.9014,1.447,124.85,1.5635,10.131,1.6955,,,,,,,
2001-04-10,0.8884,1.436,124.48,1.5555,10.175,1.7165,,,,,,,
2001-04-11,0.8856,1.434,124.82,1.5626,10.21,1.7161,,,,,,,
2001-04-12,0.8922,1.4391,123.51,1.56,10.128,1.7062,,,,,,,
2001-04-13,0.8888,1.4354,124.15,1.5627,10.175,1.7127,,,,,,,
2001-04-16,0.8862,1.436,124.64,1.5625,10.193,1.718,,,,,,,
2001-04-17,0.8814,1.4287,123.67,1.5575,10.2902,1.731,,,,,,,
2001-04-18,0.8816,1.4257,122.35,1.5692,10.28,1.7375,,,,,,,
2001-04-19,0.8909,1.4366,121.87,1.547,10.137,1.717,,,,,,,
2001-04-20,0.9032,1.4428,122.52,1.5425,10.082,1.6926,,,,,,,
2001-04-23,0.896,1.4377,121.68,1.546,10.212,1.7087,,,,,,,
2001-04-24,0.8946,1.4365,122.08,1.549,10.253,1.7115,,,,,,,
2001-04-25,0.8972,1.4397,122.21,1.5474,10.223,1.7075,,,,,,,
2001-04-26,0.9011,1.4378,123.13,1.546,10.1345,1.706,,,,,,,
2001-04-27,0.8924,1.4362,123.76,1.5417,10.1925,1.7232,,,,,,,
2001-04-30,0.8874,1.4306,123.57,1.536,10.26,1.7345,,,,,,,
2001-05-01,0.8937,1.434,121.92,1.5338,10.208,1.7255,4.63668181818182,5.24858,,4.34,4.01,3.0529099047619,4.02
2001-05-02,0.8925,1.4345,121.72,1.531,10.236,1.7307,,,,,,,
2001-05-03,0.8891,1.4322,121.19,1.533,10.27,1.7355,,,,,,,
2001-05-04,0.8934,1.4362,121.05,1.5353,10.2,1.7304,,,,,,,
2001-05-07,0.8916,1.44,121.34,1.5405,10.236,1.7305,,,,,,,
2001-05-08,0.8848,1.4315,121.66,1.5445,10.293,1.742,,,,,,,
2001-05-09,0.8845,1.4209,122.25,1.5407,10.284,1.7429,,,,,,,
2001-05-10,0.8792,1.4186,122.71,1.5391,10.29,1.7485,,,,,,,
2001-05-11,0.8759,1.4177,122.5,1.5503,10.258,1.7522,,,,,,,
2001-05-14,0.8748,1.4176,123.12,1.5541,10.325,1.7516,,,,,,,
2001-05-15,0.8788,1.4236,123.26,1.5493,10.253,1.7432,,,,,,,
2001-05-16,0.8842,1.4293,123.59,1.5405,10.268,1.7329,,,,,,,
2001-05-17,0.8828,1.431,122.68,1.536,10.223,1.7393,,,,,,,
2001-05-18,0.8774,1.4333,123.67,1.5328,10.25,1.7486,,,,,,,
2001-05-21,0.8762,1.438,122.91,1.5325,10.2425,1.7485,,,,,,,
2001-05-22,0.8657,1.4278,122.79,1.5415,10.37,1.7666,,,,,,,
2001-05-23,0.8598,1.4245,120.39,1.5452,10.507,1.7755,,,,,,,
2001-05-24,0.857,1.4103,120.15,1.5474,10.525,1.7793,,,,,,,
2001-05-25,0.8577,1.4207,120.75,1.5455,10.535,1.779,,,,,,,
2001-05-28,,,,,,,,,,,,,
2001-05-29,0.8547,1.4187,120.1,1.5376,10.573,1.784,,,,,,,
2001-05-30,0.8576,1.4251,120.27,1.5464,10.592,1.7775,,,,,,,
2001-05-31,0.8455,1.4175,118.88,1.5461,10.79,1.797,,,,,,,
2001-06-01,0.8452,1.416,119.13,1.5324,10.851,1.7992,4.45357142857143,5.25854,,4.26,4.17,3.10380645,3.74
2001-06-04,0.8449,1.4123,119.5,1.5347,10.9225,1.7968,,,,,,,
2001-06-05,0.8504,1.4113,120.27,1.5328,10.83,1.7805,,,,,,,
2001-06-06,0.8452,1.3906,120.35,1.5248,10.924,1.7988,,,,,,,
2001-06-07,0.8506,1.39,119.91,1.521,10.95,1.7923,,,,,,,
2001-06-08,0.8505,1.3817,120.6,1.5215,10.935,1.7927,,,,,,,
2001-06-11,0.8425,1.373,122.02,1.5162,11.027,1.8046,,,,,,,
2001-06-12,0.8479,1.3781,121.74,1.5246,11.002,1.796,,,,,,,
2001-06-13,0.8536,1.3909,121.89,1.5183,10.79,1.7902,,,,,,,
2001-06-14,0.8598,1.4005,121.42,1.5208,10.707,1.7753,,,,,,,
2001-06-15,0.8628,1.4056,122.97,1.522,10.57,1.7726,,,,,,,
2001-06-18,0.861,1.4034,123.2,1.5336,10.512,1.777,,,,,,,
2001-06-19,0.8558,1.4008,122.97,1.5337,10.626,1.7861,,,,,,,
2001-06-20,0.8506,1.3952,123.3,1.531,10.72,1.7924,,,,,,,
2001-06-21,0.8544,1.4167,124.4,1.5265,10.7435,1.7797,,,,,,,
2001-06-22,0.857,1.414,124.25,1.5293,10.7045,1.773,,,,,,,
2001-06-25,0.8611,1.413,124.02,1.5195,10.642,1.7655,,,,,,,
2001-06-26,0.8623,1.4154,123.82,1.5142,10.7315,1.7655,,,,,,,
2001-06-27,0.8621,1.419,124.25,1.5176,10.735,1.7648,,,,,,,
2001-06-28,0.847,1.407,124.63,1.5233,10.85,1.7983,,,,,,,
2001-06-29,0.8474,1.4077,124.73,1.5175,10.881,1.7968,,,,,,,
2001-07-01,,,,,,,4.46713636363636,5.25436,,4.18,4.31,3.12780690909091,3.66
2001-07-02,0.8455,1.4168,124.22,1.5153,10.955,1.8003,,,,,,,
2001-07-03,0.8477,1.4058,124.48,1.5128,10.87,1.797,,,,,,,
2001-07-04,,,,,,,,,,,,,
2001-07-05,0.837,1.3998,125.77,1.5102,11.0,1.8185,,,,,,,
2001-07-06,0.8465,1.4106,125.85,1.52,10.955,1.7945,,,,,,,
2001-07-09,0.8474,1.4081,125.43,1.5203,10.972,1.7964,,,,,,,
2001-07-10,0.8557,1.4098,125.53,1.5213,10.84,1.7795,,,,,,,
2001-07-11,0.8614,1.4121,124.06,1.5255,10.808,1.7608,,,,,,,
2001-07-12,0.853,1.4065,124.1,1.528,10.86,1.7725,,,,,,,
2001-07-13,0.8527,1.3995,124.75,1.5398,10.813,1.7738,,,,,,,
2001-07-16,0.8549,1.4011,125.44,1.54,10.764,1.769,,,,,,,
2001-07-17,0.8549,1.4037,124.89,1.54,10.776,1.7708,,,,,,,
2001-07-18,0.8701,1.416,124.35,1.535,10.605,1.731,,,,,,,
2001-07-19,0.869,1.419,123.61,1.5418,10.658,1.7327,,,,,,,
2001-07-20,0.8713,1.429,122.85,1.545,10.648,1.7255,,,,,,,
2001-07-23,0.8676,1.4185,124.19,1.545,10.718,1.7353,,,,,,,
2001-07-24,0.8752,1.4223,124.0,1.5383,10.658,1.7214,,,,,,,
2001-07-25,0.8797,1.428,123.64,1.5381,10.628,1.7145,,,,,,,
2001-07-26,0.8765,1.4265,123.83,1.5335,10.618,1.7236,,,,,,,
2001-07-27,0.8749,1.4256,123.29,1.5352,10.59,1.725,,,,,,,
2001-07-30,0.875,1.426,125.18,1.5305,10.605,1.7267,,,,,,,
2001-07-31,0.8752,1.4252,125.0,1.531,10.625,1.7285,,,,,,,
2001-08-01,0.8793,1.433,124.87,1.5358,10.572,1.7158,4.35352173913043,4.99658,,3.936,4.28,3.07501459090909,3.48
2001-08-02,0.8813,1.4295,123.72,1.5417,10.4755,1.7123,,,,,,,
2001-08-03,0.8843,1.4268,123.46,1.5356,10.373,1.7054,,,,,,,
2001-08-06,0.8802,1.4175,123.85,1.5275,10.422,1.7135,,,,,,,
2001-08-07,0.8775,1.4169,123.83,1.5343,10.4355,1.7165,,,,,,,
2001-08-08,0.8778,1.4135,123.2,1.5333,10.422,1.7127,,,,,,,
2001-08-09,0.8886,1.4218,123.03,1.5395,10.301,1.6948,,,,,,,
2001-08-10,0.894,1.4273,121.97,1.5405,10.2875,1.6918,,,,,,,
2001-08-13,0.8983,1.4217,122.46,1.539,10.274,1.6885,,,,,,,
2001-08-14,0.9025,1.4285,121.6,1.5413,10.23,1.6808,,,,,,,
2001-08-15,0.9114,1.4379,119.92,1.529,10.156,1.6668,,,,,,,
2001-08-16,0.9138,1.4438,120.11,1.5314,10.168,1.6608,,,,,,,
2001-08-17,0.9165,1.4465,120.37,1.5428,10.1725,1.6583,,,,,,,
2001-08-20,0.9127,1.4445,120.72,1.5461,10.374,1.6635,,,,,,,
2001-08-21,0.9115,1.4468,119.91,1.549,10.355,1.6648,,,,,,,
2001-08-22,0.9194,1.4538,119.91,1.5438,10.2575,1.6552,,,,,,,
2001-08-23,0.9166,1.4478,119.84,1.5423,10.304,1.658,,,,,,,
2001-08-24,0.9116,1.4443,120.13,1.5414,10.279,1.666,,,,,,,
2001-08-27,0.9098,1.443,120.12,1.5423,10.29,1.6697,,,,,,,
2001-08-28,0.9102,1.4501,120.48,1.5401,10.325,1.666,,,,,,,
2001-08-29,0.9097,1.4515,119.79,1.5462,10.382,1.669,,,,,,,
2001-08-30,0.9154,1.4577,119.4,1.546,10.37,1.6575,,,,,,,
2001-08-31,0.909,1.451,118.75,1.5478,10.431,1.6698,,,,,,,
2001-09-01,,,,,,,3.98285,4.72946,,3.3325,4.01,2.66832555,2.87
2001-09-03,,,,,,,,,,,,,
2001-09-04,0.8868,1.4444,119.49,1.5535,10.715,1.7075,,,,,,,
2001-09-05,0.8897,1.4553,120.76,1.5603,10.64,1.6996,,,,,,,
2001-09-06,0.8943,1.4561,120.95,1.559,10.585,1.6908,,,,,,,
2001-09-07,0.9044,1.4626,120.07,1.568,10.543,1.6771,,,,,,,
2001-09-10,0.8988,1.4585,121.08,1.5656,10.63,1.687,,,,,,,
2001-09-11,,,,,,,,,,,,,
2001-09-12,0.9069,1.4666,119.53,1.561,10.57,1.6593,,,,,,,
2001-09-13,0.9089,1.4697,118.81,1.5681,10.5585,1.6526,,,,,,,
2001-09-14,0.9199,1.4678,117.38,1.5641,10.5103,1.6246,,,,,,,
2001-09-17,0.9198,1.4661,117.59,1.5686,10.4975,1.6143,,,,,,,
2001-09-18,0.9233,1.4635,117.32,1.5708,10.5522,1.6037,,,,,,,
2001-09-19,0.931,1.4714,117.3,1.5711,10.4653,1.5858,,,,,,,
2001-09-20,0.9255,1.4642,115.89,1.5708,10.5899,1.592,,,,,,,
2001-09-21,0.9099,1.4547,116.73,1.5707,10.9016,1.5878,,,,,,,
2001-09-24,0.9135,1.4616,117.52,1.5686,10.8193,1.6041,,,,,,,
2001-09-25,0.9222,1.4692,117.78,1.5705,10.7032,1.5914,,,,,,,
2001-09-26,0.9231,1.4745,117.89,1.5734,10.7472,1.599,,,,,,,
2001-09-27,0.9181,1.4733,119.69,1.5791,10.7207,1.6138,,,,,,,
2001-09-28,0.9099,1.4691,119.23,1.5797,10.6871,1.6188,,,,,,,
2001-10-01,0.9159,1.4785,120.27,1.5794,10.6207,1.6196,3.59986956521739,4.42821,,2.728,3.7,2.0691543478260894,2.31
2001-10-02,0.9149,1.4618,120.78,1.5696,10.6661,1.6227,,,,,,,
2001-10-03,0.9181,1.4756,120.67,1.5688,10.6166,1.6157,,,,,,,
2001-10-04,0.9141,1.4774,120.63,1.568,10.6219,1.6248,,,,,,,
2001-10-05,0.9168,1.4795,120.37,1.5626,10.5845,1.6204,,,,,,,
2001-10-08,,,,,,,,,,,,,
2001-10-09,0.915,1.4605,120.2,1.5638,10.526,1.6193,,,,,,,
2001-10-10,0.9118,1.449,120.43,1.5679,10.585,1.6278,,,,,,,
2001-10-11,0.9008,1.4415,121.57,1.568,10.5575,1.6475,,,,,,,
2001-10-12,0.9078,1.4518,120.93,1.5659,10.458,1.6325,,,,,,,
2001-10-15,0.9077,1.447,120.94,1.5582,10.4485,1.6288,,,,,,,
2001-10-16,0.9094,1.4478,121.27,1.5621,10.433,1.6298,,,,,,,
2001-10-17,0.9065,1.4505,121.05,1.5687,10.408,1.6355,,,,,,,
2001-10-18,0.9025,1.444,121.18,1.5763,10.4625,1.6387,,,,,,,
2001-10-19,0.8987,1.4372,121.15,1.5756,10.554,1.6427,,,,,,,
2001-10-22,0.8906,1.4265,122.45,1.5787,10.692,1.6619,,,,,,,
2001-10-23,0.8893,1.4214,122.83,1.5723,10.652,1.6642,,,,,,,
2001-10-24,0.8925,1.4263,122.86,1.5745,10.606,1.6592,,,,,,,
2001-10-25,0.8965,1.4306,122.72,1.5775,10.568,1.649,,,,,,,
2001-10-26,0.8921,1.4348,122.99,1.575,10.5825,1.6535,,,,,,,
2001-10-29,0.9037,1.4525,122.08,1.575,10.5175,1.632,,,,,,,
2001-10-30,0.906,1.4546,122.07,1.5785,10.622,1.6245,,,,,,,
2001-10-31,0.8993,1.4534,122.54,1.5905,10.671,1.6347,,,,,,,
2001-11-01,0.9044,1.462,121.87,1.5913,10.58,1.6295,3.38568181818182,3.99675,,2.1525,3.68,1.93803509090909,2.03
2001-11-02,0.9037,1.4615,121.68,1.5925,10.5758,1.6315,,,,,,,
2001-11-05,0.8963,1.457,121.72,1.5958,10.599,1.6423,,,,,,,
2001-11-06,0.8975,1.4591,121.15,1.5938,10.558,1.64,,,,,,,
2001-11-07,0.8999,1.465,121.05,1.5935,10.4685,1.6328,,,,,,,
2001-11-08,0.891,1.454,119.98,1.598,10.536,1.6455,,,,,,,
2001-11-09,0.8935,1.4574,120.25,1.6023,10.5603,1.64,,,,,,,
2001-11-12,,,,,,,,,,,,,
2001-11-13,0.8811,1.4425,121.45,1.5982,10.624,1.6668,,,,,,,
2001-11-14,0.8829,1.4429,121.67,1.5923,10.591,1.6641,,,,,,,
2001-11-15,0.8813,1.431,122.4,1.587,10.585,1.6644,,,,,,,
2001-11-16,0.8849,1.4278,122.67,1.587,10.602,1.6552,,,,,,,
2001-11-19,0.8781,1.4107,123.27,1.5849,10.676,1.6635,,,,,,,
2001-11-20,0.8832,1.418,122.62,1.5933,10.658,1.6491,,,,,,,
2001-11-21,0.8781,1.4154,123.19,1.6018,10.6975,1.6575,,,,,,,
2001-11-22,,,,,,,,,,,,,
2001-11-23,0.877,1.4095,124.44,1.5981,10.668,1.668,,,,,,,
2001-11-26,0.8811,1.4125,124.2,1.6005,10.62,1.6635,,,,,,,
2001-11-27,0.8812,1.4137,124.17,1.5948,10.63,1.66,,,,,,,
2001-11-28,0.8863,1.4235,123.29,1.5853,10.656,1.6485,,,,,,,
2001-11-29,0.8879,1.4232,123.82,1.5828,10.675,1.6546,,,,,,,
2001-11-30,0.8958,1.4255,123.22,1.5717,10.674,1.6405,,,,,,,
2001-12-01,,,,,,,3.34488888888889,4.0506,,2.0,3.71,1.74428288888889,1.83
2001-12-03,0.8897,1.4217,123.9,1.5762,10.7285,1.655,,,,,,,
2001-12-04,0.8898,1.4216,124.28,1.5729,10.66,1.6545,,,,,,,
2001-12-05,0.8856,1.4164,124.4,1.5716,10.61,1.6639,,,,,,,
2001-12-06,0.8916,1.425,124.83,1.5767,10.498,1.6553,,,,,,,
2001-12-07,0.8905,1.4315,125.66,1.5725,10.461,1.659,,,,,,,
2001-12-10,0.8884,1.4342,126.27,1.5787,10.504,1.6673,,,,,,,
2001-12-11,0.8904,1.4365,126.23,1.5781,10.516,1.6585,,,,,,,
2001-12-12,0.8945,1.444,126.52,1.5654,10.491,1.6495,,,,,,,
2001-12-13,0.8976,1.4454,126.32,1.5675,10.438,1.6423,,,,,,,
2001-12-14,0.9044,1.4547,127.24,1.5635,10.493,1.6307,,,,,,,
2001-12-17,0.904,1.4588,127.54,1.5646,10.455,1.633,,,,,,,
2001-12-18,0.9019,1.4565,127.97,1.5729,10.493,1.634,,,,,,,
2001-12-19,0.8997,1.4508,128.2,1.5743,10.499,1.6389,,,,,,,
2001-12-20,0.8972,1.4464,128.55,1.5782,10.593,1.6359,,,,,,,
2001-12-21,0.8864,1.4385,129.48,1.585,10.678,1.654,,,,,,,
2001-12-24,0.8773,1.4385,129.9,1.5945,10.823,1.692,,,,,,,
2001-12-25,,,,,,,,,,,,,
2001-12-26,0.8778,1.449,130.79,1.599,10.843,1.6917,,,,,,,
2001-12-27,0.8843,1.454,131.47,1.5954,10.705,1.678,,,,,,,
2001-12-28,0.8822,1.4475,131.3,1.5956,10.56,1.679,,,,,,,
2001-12-31,0.8901,1.4543,131.04,1.5925,10.4571,1.6598,,,,,,,
2002-01-01,,,,,,,3.33877272727273,4.04677,,1.914,3.74,1.60372514285714,1.74
2002-01-02,0.9031,1.4451,132.02,1.5974,10.269,1.6424,,,,,,,
2002-01-03,0.8992,1.44,131.76,1.597,10.2925,1.6495,,,,,,,
2002-01-04,0.8946,1.4455,131.02,1.5977,10.312,1.6507,,,,,,,
2002-01-07,0.8931,1.4385,130.93,1.5981,10.3325,1.651,,,,,,,
2002-01-08,0.8925,1.4426,132.53,1.5949,10.395,1.6553,,,,,,,
2002-01-09,0.8882,1.4373,132.62,1.5965,10.395,1.6615,,,,,,,
2002-01-10,0.8925,1.4433,132.61,1.6012,10.294,1.6623,,,,,,,
2002-01-11,0.8905,1.4448,132.17,1.5975,10.296,1.6602,,,,,,,
2002-01-14,0.8935,1.4482,131.83,1.5974,10.342,1.6569,,,,,,,
2002-01-15,0.8913,1.445,131.14,1.5899,10.3485,1.6602,,,,,,,
2002-01-16,0.8834,1.4375,131.77,1.5945,10.475,1.6638,,,,,,,
2002-01-17,0.88,1.4348,132.13,1.611,10.529,1.6685,,,,,,,
2002-01-18,0.8844,1.4365,132.64,1.6128,10.435,1.6635,,,,,,,
2002-01-21,,,,,,,,,,,,,
2002-01-22,0.8838,1.4295,133.98,1.6084,10.48,1.6629,,,,,,,
2002-01-23,0.8836,1.4273,134.25,1.604,10.477,1.6654,,,,,,,
2002-01-24,0.8782,1.4229,134.64,1.602,10.517,1.6757,,,,,,,
2002-01-25,0.8655,1.4096,134.47,1.6083,10.675,1.7025,,,,,,,
2002-01-28,0.8605,1.4074,133.43,1.6126,10.729,1.709,,,,,,,
2002-01-29,0.8643,1.4132,133.51,1.5903,10.6625,1.7038,,,,,,,
2002-01-30,0.8648,1.416,132.84,1.591,10.6506,1.7045,,,,,,,
2002-01-31,0.8594,1.412,134.06,1.5915,10.672,1.719,,,,,,,
2002-02-01,0.8613,1.4158,133.77,1.5908,10.68,1.7179,3.3571,4.05268,,2.015,3.87,1.5666706,1.82
2002-02-04,0.8685,1.4197,132.71,1.5919,10.639,1.7021,,,,,,,
2002-02-05,0.8672,1.417,133.9,1.5985,10.6575,1.697,,,,,,,
2002-02-06,0.8693,1.4138,133.72,1.6042,10.61,1.6948,,,,,,,
2002-02-07,0.869,1.4117,133.49,1.6037,10.6345,1.6948,,,,,,,
2002-02-08,0.8727,1.4176,134.77,1.597,10.601,1.69,,,,,,,
2002-02-11,0.8778,1.4237,133.62,1.5895,10.555,1.6835,,,,,,,
2002-02-12,0.8768,1.4322,132.82,1.5919,10.567,1.6855,,,,,,,
2002-02-13,0.873,1.4298,133.23,1.591,10.585,1.697,,,,,,,
2002-02-14,0.8713,1.4285,132.26,1.5919,10.5475,1.7005,,,,,,,
2002-02-15,0.873,1.4315,132.76,1.5908,10.5,1.698,,,,,,,
2002-02-18,,,,,,,,,,,,,
2002-02-19,0.8764,1.4302,133.45,1.5885,10.495,1.6895,,,,,,,
2002-02-20,0.8705,1.4269,133.76,1.5905,10.565,1.6999,,,,,,,
2002-02-21,0.8712,1.4253,134.27,1.5914,10.4995,1.6987,,,,,,,
2002-02-22,0.8757,1.4301,133.85,1.5945,10.445,1.689,,,,,,,
2002-02-25,0.8713,1.4263,133.89,1.601,10.436,1.6948,,,,,,,
2002-02-26,0.8682,1.4225,134.35,1.6112,10.469,1.6995,,,,,,,
2002-02-27,0.8642,1.4165,134.63,1.6084,10.495,1.7085,,,,,,,
2002-02-28,0.8658,1.4129,133.96,1.6049,10.47,1.7025,,,,,,,
2002-03-01,0.8652,1.419,133.35,1.5955,10.5,1.706,3.3908,4.13055,,2.155,4.09,1.60416375,1.91
2002-03-04,0.8705,1.4228,132.2,1.59,10.3925,1.697,,,,,,,
2002-03-05,0.8699,1.4212,132.31,1.5905,10.389,1.6977,,,,,,,
2002-03-06,0.8772,1.4238,130.85,1.5835,10.316,1.6819,,,,,,,
2002-03-07,0.8795,1.4245,127.07,1.5823,10.309,1.673,,,,,,,
2002-03-08,0.8752,1.4227,128.21,1.5857,10.372,1.681,,,,,,,
2002-03-11,0.8768,1.422,128.08,1.5843,10.353,1.6775,,,,,,,
2002-03-12,0.8759,1.4146,128.67,1.5858,10.394,1.6767,,,,,,,
2002-03-13,0.877,1.4157,129.43,1.5935,10.4075,1.6739,,,,,,,
2002-03-14,0.8816,1.42,128.94,1.5943,10.36,1.6595,,,,,,,
2002-03-15,0.8823,1.4238,129.1,1.5863,10.337,1.6596,,,,,,,
2002-03-18,0.8826,1.4256,131.27,1.588,10.285,1.6585,,,,,,,
2002-03-19,0.8805,1.4213,132.3,1.5842,10.265,1.6622,,,,,,,
2002-03-20,0.8836,1.426,131.6,1.5793,10.209,1.6568,,,,,,,
2002-03-21,0.8836,1.4287,131.86,1.5808,10.1975,1.6555,,,,,,,
2002-03-22,0.8791,1.4263,132.88,1.5767,10.255,1.6623,,,,,,,
2002-03-25,0.8768,1.4255,133.46,1.5858,10.2765,1.666,,,,,,,
2002-03-26,0.8767,1.427,132.78,1.5925,10.276,1.669,,,,,,,
2002-03-27,0.8726,1.4238,132.61,1.5938,10.351,1.6786,,,,,,,
2002-03-28,0.8711,1.4242,132.61,1.594,10.372,1.685,,,,,,,
2002-03-29,0.8717,1.425,132.7,1.5958,10.363,1.682,,,,,,,
2002-04-01,0.8806,1.4407,133.32,1.5995,10.237,1.6607,3.40690476190476,4.17319,0.1,2.325,4.25,1.46064661904762,1.87
2002-04-02,0.8782,1.4358,133.4,1.5934,10.281,1.6655,,,,,,,
2002-04-03,0.8804,1.435,132.65,1.589,10.302,1.6607,,,,,,,
2002-04-04,0.8779,1.4349,132.3,1.593,10.325,1.6654,,,,,,,
2002-04-05,0.8805,1.435,131.73,1.59,10.25,1.6637,,,,,,,
2002-04-08,0.875,1.431,131.27,1.5941,10.3675,1.674,,,,,,,
2002-04-09,0.8793,1.4345,131.03,1.5964,10.3275,1.6676,,,,,,,
2002-04-10,0.8794,1.4365,130.75,1.593,10.355,1.6702,,,,,,,
2002-04-11,0.8829,1.4382,131.55,1.5879,10.284,1.6604,,,,,,,
2002-04-12,0.8792,1.4371,132.09,1.5879,10.3155,1.6678,,,,,,,
2002-04-15,0.8802,1.4372,131.95,1.5892,10.3635,1.6666,,,,,,,
2002-04-16,0.883,1.4396,131.19,1.5798,10.382,1.6638,,,,,,,
2002-04-17,0.8885,1.4438,130.7,1.5745,10.29,1.655,,,,,,,
2002-04-18,0.8898,1.4479,129.84,1.5747,10.329,1.6485,,,,,,,
2002-04-19,0.8893,1.4472,130.5,1.5723,10.29,1.6508,,,,,,,
2002-04-22,0.8877,1.4488,129.9,1.573,10.3685,1.6543,,,,,,,
2002-04-23,0.8897,1.4486,129.89,1.5753,10.321,1.649,,,,,,,
2002-04-24,0.8915,1.448,129.76,1.5685,10.313,1.6445,,,,,,,
2002-04-25,0.8978,1.454,128.4,1.5636,10.2785,1.6308,,,,,,,
2002-04-26,0.898,1.4545,128.18,1.5632,10.273,1.6293,,,,,,,
2002-04-29,0.9028,1.4592,128.13,1.5663,10.222,1.6215,,,,,,,
2002-04-30,0.9002,1.4565,128.45,1.5681,10.28,1.6216,,,,,,,
2002-05-01,0.9062,1.4621,127.45,1.5579,10.219,1.601,3.46713636363636,4.1537,0.08,2.514,4.29,1.1634939,1.82
2002-05-02,0.9032,1.4645,128.02,1.5621,10.262,1.6098,,,,,,,
2002-05-03,0.9133,1.4664,127.21,1.565,10.158,1.592,,,,,,,
2002-05-06,0.9166,1.4676,127.27,1.5685,10.116,1.5891,,,,,,,
2002-05-07,0.9148,1.4675,127.8,1.5705,10.259,1.593,,,,,,,
2002-05-08,0.904,1.4533,128.64,1.5708,10.295,1.6102,,,,,,,
2002-05-09,0.9088,1.4585,128.36,1.5687,10.228,1.6005,,,,,,,
2002-05-10,0.9116,1.4606,127.89,1.5575,10.241,1.5946,,,,,,,
2002-05-13,0.9107,1.4588,127.69,1.5585,10.269,1.5983,,,,,,,
2002-05-14,0.9022,1.4474,128.66,1.559,10.252,1.6155,,,,,,,
2002-05-15,0.9074,1.4558,127.92,1.5563,10.16,1.6054,,,,,,,
2002-05-16,0.9105,1.4567,128.19,1.555,10.15,1.5993,,,,,,,
2002-05-17,0.9206,1.4602,126.03,1.542,10.017,1.581,,,,,,,
2002-05-20,0.9213,1.4588,125.64,1.5415,9.9955,1.5785,,,,,,,
2002-05-21,0.9191,1.4568,123.83,1.5387,9.983,1.5798,,,,,,,
2002-05-22,0.9265,1.4589,124.16,1.5361,9.869,1.5686,,,,,,,
2002-05-23,0.9233,1.4545,124.84,1.5338,9.886,1.5755,,,,,,,
2002-05-24,0.922,1.4577,124.71,1.535,9.908,1.5827,,,,,,,
2002-05-27,,,,,,,,,,,,,
2002-05-28,0.9285,1.4618,124.38,1.5305,9.864,1.5743,,,,,,,
2002-05-29,0.9313,1.46,124.35,1.5345,9.815,1.5757,,,,,,,
2002-05-30,0.9373,1.4655,123.08,1.534,9.721,1.5621,,,,,,,
2002-05-31,0.9339,1.4625,124.13,1.5275,9.7445,1.5693,,,,,,,
2002-06-01,,,,,,,3.464,4.17758,0.09,2.69,4.28,1.14959405,1.81
2002-06-03,0.939,1.4622,123.69,1.5282,9.69,1.5638,,,,,,,
2002-06-04,0.9424,1.4605,123.95,1.5284,9.7,1.5592,,,,,,,
2002-06-05,0.9391,1.4574,124.4,1.535,9.732,1.5672,,,,,,,
2002-06-06,0.9457,1.4593,124.34,1.5325,9.694,1.559,,,,,,,
2002-06-07,0.9449,1.4604,124.49,1.5321,9.756,1.555,,,,,,,
2002-06-10,0.9446,1.461,124.6,1.5385,9.7325,1.5585,,,,,,,
2002-06-11,0.9445,1.4686,125.56,1.5383,9.686,1.562,,,,,,,
2002-06-12,0.9473,1.4705,125.64,1.5365,9.685,1.5595,,,,,,,
2002-06-13,0.944,1.4709,125.12,1.5398,9.7,1.5638,,,,,,,
2002-06-14,0.9448,1.4735,124.25,1.5499,9.684,1.5626,,,,,,,
2002-06-17,0.9442,1.4782,124.37,1.5474,9.592,1.5632,,,,,,,
2002-06-18,0.9483,1.4868,124.56,1.5443,9.564,1.5568,,,,,,,
2002-06-19,0.9544,1.4873,124.04,1.5415,9.53,1.5422,,,,,,,
2002-06-20,0.9646,1.4982,123.33,1.5319,9.386,1.5235,,,,,,,
2002-06-21,0.9705,1.4987,121.23,1.5232,9.3277,1.5124,,,,,,,
2002-06-24,0.9786,1.5056,121.28,1.5166,9.2625,1.5005,,,,,,,
2002-06-25,0.9692,1.4999,121.9,1.5218,9.34,1.514,,,,,,,
2002-06-26,0.9825,1.5217,119.83,1.5211,9.271,1.494,,,,,,,
2002-06-27,0.9885,1.5285,119.38,1.5108,9.2125,1.4885,,,,,,,
2002-06-28,0.9856,1.5245,119.85,1.519,9.207,1.492,,,,,,,
2002-07-01,0.9893,1.5307,120.04,1.519,9.199,1.4845,3.41,4.06054,0.09,2.782,4.26,1.00306152173913,1.79
2002-07-02,0.984,1.53,120.13,1.5263,9.214,1.49,,,,,,,
2002-07-03,0.9816,1.5268,119.77,1.529,9.286,1.4907,,,,,,,
2002-07-04,,,,,,,,,,,,,
2002-07-05,0.973,1.5206,120.19,1.5247,9.375,1.5062,,,,,,,
2002-07-08,0.9869,1.5348,118.66,1.5208,9.295,1.4893,,,,,,,
2002-07-09,0.9938,1.5465,117.85,1.5145,9.2875,1.482,,,,,,,
2002-07-10,0.989,1.5483,117.94,1.5203,9.395,1.4888,,,,,,,
2002-07-11,0.9927,1.5545,116.62,1.5223,9.353,1.4793,,,,,,,
2002-07-12,0.9904,1.55,116.73,1.5299,9.322,1.4832,,,,,,,
2002-07-15,1.0072,1.5656,116.06,1.5365,9.199,1.4582,,,,,,,
2002-07-16,1.0087,1.5693,115.71,1.5347,9.244,1.4548,,,,,,,
2002-07-17,1.0078,1.5682,116.24,1.5399,9.233,1.454,,,,,,,
2002-07-18,1.0067,1.5685,117.02,1.544,9.245,1.454,,,,,,,
2002-07-19,1.0156,1.5785,115.73,1.5386,9.23,1.4387,,,,,,,
2002-07-22,1.0098,1.58,116.22,1.5562,9.4055,1.4408,,,,,,,
2002-07-23,0.9933,1.5657,117.35,1.5779,9.553,1.4645,,,,,,,
2002-07-24,0.9945,1.5745,116.33,1.5765,9.5685,1.4561,,,,,,,
2002-07-25,0.9997,1.5754,116.87,1.5725,9.42,1.4498,,,,,,,
2002-07-26,0.9882,1.5635,118.78,1.588,9.448,1.4682,,,,,,,
2002-07-29,0.9779,1.557,119.87,1.5725,9.478,1.4893,,,,,,,
2002-07-30,0.9879,1.5725,119.9,1.5735,9.377,1.4749,,,,,,,
2002-07-31,0.9796,1.5625,119.77,1.5845,9.515,1.4833,,,,,,,
2002-08-01,0.9843,1.5578,119.1,1.5867,9.552,1.4703,3.35190909090909,3.98654,0.07,2.83,4.19,0.668342047619048,1.73
2002-08-02,0.9882,1.5709,118.98,1.5885,9.572,1.4708,,,,,,,
2002-08-05,0.9846,1.5665,119.26,1.5963,9.556,1.477,,,,,,,
2002-08-06,0.964,1.5382,121.14,1.5935,9.6855,1.513,,,,,,,
2002-08-07,0.9738,1.5354,120.37,1.5807,9.587,1.497,,,,,,,
2002-08-08,0.9653,1.5278,121.04,1.5818,9.65,1.5146,,,,,,,
2002-08-09,0.9714,1.5235,120.15,1.5725,9.56,1.503,,,,,,,
2002-08-12,0.9778,1.5317,118.85,1.5739,9.508,1.4965,,,,,,,
2002-08-13,0.9787,1.531,119.08,1.5658,9.449,1.4952,,,,,,,
2002-08-14,0.9867,1.5442,116.53,1.5657,9.372,1.4813,,,,,,,
2002-08-15,0.9816,1.536,117.28,1.5583,9.408,1.4907,,,,,,,
2002-08-16,0.9836,1.5372,117.51,1.5609,9.384,1.4915,,,,,,,
2002-08-19,0.9775,1.5272,118.53,1.5715,9.444,1.5015,,,,,,,
2002-08-20,0.9779,1.5266,118.84,1.5716,9.405,1.5027,,,,,,,
2002-08-21,0.9796,1.5295,118.54,1.5586,9.347,1.4999,,,,,,,
2002-08-22,0.9697,1.5192,119.85,1.5566,9.498,1.5188,,,,,,,
2002-08-23,0.9726,1.5215,119.53,1.5563,9.457,1.5128,,,,,,,
2002-08-26,0.9731,1.5236,119.54,1.5575,9.385,1.5125,,,,,,,
2002-08-27,0.9814,1.5305,118.31,1.5523,9.2875,1.4969,,,,,,,
2002-08-28,0.982,1.5363,118.31,1.5599,9.307,1.4968,,,,,,,
2002-08-29,0.9829,1.5484,118.34,1.5598,9.328,1.4941,,,,,,,
2002-08-30,0.9806,1.5476,118.76,1.5585,9.4,1.5007,,,,,,,
2002-09-01,,,,,,,3.31014285714286,3.98872,0.08,2.805,4.17,0.612999095238095,1.76
2002-09-02,,,,,,,,,,,,,
2002-09-03,0.9959,1.5625,117.12,1.5545,9.369,1.473,,,,,,,
2002-09-04,0.9923,1.5642,118.01,1.5663,9.35,1.4751,,,,,,,
2002-09-05,0.9911,1.566,118.34,1.5672,9.346,1.4733,,,,,,,
2002-09-06,0.9843,1.5597,118.48,1.5637,9.3696,1.4825,,,,,,,
2002-09-09,0.9817,1.5585,118.85,1.5662,9.3725,1.4848,,,,,,,
2002-09-10,0.9752,1.5544,119.78,1.5737,9.4255,1.496,,,,,,,
2002-09-11,0.9724,1.5492,120.64,1.577,9.416,1.5067,,,,,,,
2002-09-12,0.9761,1.5549,120.68,1.5848,9.419,1.5042,,,,,,,
2002-09-13,0.9743,1.5585,121.5,1.5858,9.452,1.502,,,,,,,
2002-09-16,0.9723,1.544,122.17,1.583,9.364,1.51,,,,,,,
2002-09-17,0.9685,1.5343,122.64,1.5791,9.413,1.5202,,,,,,,
2002-09-18,0.9789,1.5525,121.49,1.5835,9.303,1.4982,,,,,,,
2002-09-19,0.9817,1.5545,121.48,1.5727,9.243,1.492,,,,,,,
2002-09-20,0.9839,1.5558,123.16,1.573,9.193,1.488,,,,,,,
2002-09-23,0.9822,1.5575,123.93,1.5845,9.243,1.491,,,,,,,
2002-09-24,0.9815,1.5565,123.38,1.5856,9.268,1.4918,,,,,,,
2002-09-25,0.9797,1.5625,122.72,1.5812,9.3053,1.4933,,,,,,,
2002-09-26,0.9755,1.5563,122.59,1.5769,9.371,1.5029,,,,,,,
2002-09-27,0.9772,1.5548,122.86,1.5777,9.304,1.5008,,,,,,,
2002-09-30,0.9879,1.57,121.74,1.5863,9.274,1.4758,,,,,,,
2002-10-01,0.9859,1.5708,122.73,1.5863,9.219,1.4793,3.26126086956522,3.96401,0.08,2.768,4.07,0.627853739130435,1.73
2002-10-02,0.9842,1.5655,123.21,1.5855,9.221,1.4836,,,,,,,
2002-10-03,0.9871,1.5704,123.04,1.5903,9.198,1.4794,,,,,,,
2002-10-04,0.9821,1.569,123.02,1.5943,9.258,1.4893,,,,,,,
2002-10-07,0.9816,1.5643,124.44,1.5922,9.275,1.49,,,,,,,
2002-10-08,0.9796,1.5569,124.26,1.5935,9.353,1.4959,,,,,,,
2002-10-09,0.9868,1.5595,123.55,1.5933,9.29,1.4837,,,,,,,
2002-10-10,0.9861,1.5625,123.64,1.5916,9.2775,1.4841,,,,,,,
2002-10-11,0.9854,1.5605,124.04,1.5888,9.246,1.486,,,,,,,
2002-10-14,,,,,,,,,,,,,
2002-10-15,0.981,1.5542,124.66,1.5857,9.241,1.4958,,,,,,,
2002-10-16,0.9824,1.5543,124.3,1.584,9.242,1.4924,,,,,,,
2002-10-17,0.9718,1.5525,124.8,1.5725,9.3825,1.5119,,,,,,,
2002-10-18,0.9708,1.5461,125.52,1.5723,9.384,1.514,,,,,,,
2002-10-21,0.9732,1.5418,124.71,1.5682,9.335,1.511,,,,,,,
2002-10-22,0.9782,1.5463,125.09,1.568,9.3445,1.5015,,,,,,,
2002-10-23,0.9772,1.5499,124.17,1.5685,9.385,1.5004,,,,,,,
2002-10-24,0.9742,1.5478,124.77,1.561,9.37,1.5062,,,,,,,
2002-10-25,0.9767,1.5533,124.14,1.5676,9.3405,1.5014,,,,,,,
2002-10-28,0.9843,1.5602,123.64,1.5607,9.242,1.4882,,,,,,,
2002-10-29,0.9851,1.5585,122.55,1.5632,9.2505,1.487,,,,,,,
2002-10-30,0.9835,1.5568,122.91,1.5677,9.218,1.4893,,,,,,,
2002-10-31,0.9881,1.563,122.78,1.561,9.1885,1.4805,,,,,,,
2002-11-01,0.9971,1.5638,122.16,1.558,9.13,1.4673,3.12414285714286,3.97142,0.08,2.7,3.91,0.592497857142857,1.39
2002-11-04,0.9953,1.5545,122.46,1.5562,9.165,1.47,,,,,,,
2002-11-05,0.9994,1.5625,121.84,1.5563,9.146,1.4635,,,,,,,
2002-11-06,0.9974,1.559,122.22,1.5586,9.137,1.4663,,,,,,,
2002-11-07,1.0092,1.5796,121.26,1.5528,9.0515,1.4506,,,,,,,
2002-11-08,1.0139,1.5915,119.72,1.5644,8.9708,1.4434,,,,,,,
2002-11-11,,,,,,,,,,,,,
2002-11-12,1.0105,1.5879,119.57,1.5739,8.988,1.4465,,,,,,,
2002-11-13,1.006,1.585,120.28,1.5765,9.015,1.4577,,,,,,,
2002-11-14,1.0034,1.5788,120.45,1.5748,9.053,1.4615,,,,,,,
2002-11-15,1.0082,1.579,120.37,1.5815,9.01,1.4542,,,,,,,
2002-11-18,1.0083,1.579,121.15,1.5903,8.989,1.4555,,,,,,,
2002-11-19,1.0107,1.588,121.65,1.5853,8.997,1.4527,,,,,,,
2002-11-20,1.0024,1.575,122.52,1.584,9.05,1.4649,,,,,,,
2002-11-21,0.9984,1.5753,122.92,1.5783,9.018,1.4714,,,,,,,
2002-11-22,0.9966,1.5778,122.84,1.5804,9.0395,1.4768,,,,,,,
2002-11-25,0.9937,1.5667,122.32,1.5735,9.097,1.4839,,,,,,,
2002-11-26,0.9913,1.5485,121.89,1.572,9.1365,1.4878,,,,,,,
2002-11-27,0.9895,1.544,122.21,1.575,9.169,1.4895,,,,,,,
2002-11-28,,,,,,,,,,,,,
2002-11-29,0.9932,1.5553,122.72,1.5658,9.076,1.486,,,,,,,
2002-12-01,,,,,,,2.94105,4.01777,0.1,2.6775,3.67,0.54338995,1.34
2002-12-02,0.9927,1.5555,124.61,1.5595,9.0745,1.4845,,,,,,,
2002-12-03,0.9968,1.5687,124.42,1.5573,9.064,1.4767,,,,,,,
2002-12-04,0.9999,1.5682,124.84,1.5579,9.075,1.4729,,,,,,,
2002-12-05,0.9989,1.5708,124.99,1.5612,9.07,1.4731,,,,,,,
2002-12-06,1.0081,1.573,123.69,1.566,9.009,1.4602,,,,,,,
2002-12-09,1.0088,1.5785,123.36,1.5615,9.012,1.4595,,,,,,,
2002-12-10,1.0073,1.5699,123.66,1.5612,9.03,1.4628,,,,,,,
2002-12-11,1.0083,1.5744,123.46,1.5562,9.021,1.4621,,,,,,,
2002-12-12,1.0189,1.58,122.75,1.555,8.9445,1.449,,,,,,,
2002-12-13,1.0226,1.5896,120.71,1.5603,8.943,1.4421,,,,,,,
2002-12-16,1.021,1.5905,121.28,1.5627,8.902,1.4448,,,,,,,
2002-12-17,1.0267,1.5963,121.27,1.551,8.8695,1.4323,,,,,,,
2002-12-18,1.0254,1.6,121.12,1.5538,8.868,1.4296,,,,,,,
2002-12-19,1.0217,1.5986,120.86,1.5478,8.916,1.431,,,,,,,
2002-12-20,1.0268,1.6015,120.52,1.5525,8.865,1.425,,,,,,,
2002-12-23,1.0217,1.587,120.77,1.5508,8.93,1.425,,,,,,,
2002-12-24,1.0305,1.5958,120.27,1.5482,8.864,1.4097,,,,,,,
2002-12-25,,,,,,,,,,,,,
2002-12-26,1.0358,1.5978,120.12,1.5532,8.811,1.4039,,,,,,,
2002-12-27,1.0411,1.6022,119.92,1.5683,8.813,1.3954,,,,,,,
2002-12-30,1.046,1.6044,118.38,1.5792,8.76,1.3922,,,,,,,
2002-12-31,1.0485,1.6095,118.75,1.58,8.695,1.3833,,,,,,,
2003-01-01,,,,,,,2.83181818181818,3.98263,0.1,2.716,3.65,0.508735476190476,1.29
2003-01-02,1.0361,1.5975,119.86,1.575,8.792,1.4015,,,,,,,
2003-01-03,1.0418,1.6045,119.85,1.5665,8.717,1.3975,,,,,,,
2003-01-06,1.0469,1.608,119.06,1.5598,8.677,1.3928,,,,,,,
2003-01-07,1.0419,1.6055,120.18,1.559,8.695,1.3983,,,,,,,
2003-01-08,1.0447,1.6063,119.35,1.5613,8.694,1.3963,,,,,,,
2003-01-09,1.0467,1.6035,119.57,1.5541,8.713,1.3943,,,,,,,
2003-01-10,1.0535,1.6079,119.44,1.5502,8.678,1.386,,,,,,,
2003-01-13,1.0535,1.603,119.03,1.5423,8.6985,1.3868,,,,,,,
2003-01-14,1.0571,1.607,117.96,1.5396,8.672,1.384,,,,,,,
2003-01-15,1.0576,1.6029,117.91,1.5353,8.67,1.3829,,,,,,,
2003-01-16,1.0569,1.6073,118.02,1.5366,8.676,1.3828,,,,,,,
2003-01-17,1.066,1.6173,117.88,1.5355,8.6245,1.3678,,,,,,,
2003-01-20,,,,,,,,,,,,,
2003-01-21,1.0677,1.6123,118.57,1.5332,8.656,1.3687,,,,,,,
2003-01-22,1.0729,1.6162,118.15,1.5324,8.623,1.3629,,,,,,,
2003-01-23,1.0767,1.6233,117.83,1.524,8.6,1.358,,,,,,,
2003-01-24,1.0825,1.632,117.8,1.522,8.525,1.3528,,,,,,,
2003-01-27,1.0838,1.6351,118.64,1.5246,8.525,1.3554,,,,,,,
2003-01-28,1.0833,1.64,118.67,1.5359,8.533,1.356,,,,,,,
2003-01-29,1.0861,1.6457,118.13,1.5235,8.475,1.3512,,,,,,,
2003-01-30,1.0776,1.6482,119.22,1.531,8.515,1.3629,,,,,,,
2003-01-31,1.0739,1.6448,119.96,1.5286,8.614,1.3683,,,,,,,
2003-02-01,,,,,,,2.68745,3.75425,0.09,2.8125,3.61,0.48923735,1.27
2003-02-03,1.0761,1.6405,120.47,1.5207,8.565,1.3631,,,,,,,
2003-02-04,1.0875,1.648,119.75,1.5146,8.493,1.3493,,,,,,,
2003-02-05,1.0842,1.6455,119.78,1.5195,8.535,1.354,,,,,,,
2003-02-06,1.0828,1.6354,119.93,1.5213,8.475,1.3541,,,,,,,
2003-02-07,1.0801,1.6284,120.4,1.5215,8.49,1.3584,,,,,,,
2003-02-10,1.074,1.6275,121.25,1.5315,8.545,1.366,,,,,,,
2003-02-11,1.0747,1.6193,121.19,1.5303,8.512,1.3653,,,,,,,
2003-02-12,1.0716,1.6155,121.3,1.529,8.5245,1.37,,,,,,,
2003-02-13,1.0834,1.6209,120.49,1.5199,8.41,1.3559,,,,,,,
2003-02-14,1.0799,1.6105,120.41,1.5191,8.443,1.3618,,,,,,,
2003-02-17,,,,,,,,,,,,,
2003-02-18,1.0708,1.5921,118.93,1.515,8.524,1.3745,,,,,,,
2003-02-19,1.0744,1.5957,118.65,1.514,8.477,1.3697,,,,,,,
2003-02-20,1.0821,1.5925,118.18,1.5047,8.411,1.356,,,,,,,
2003-02-21,1.0787,1.5864,118.78,1.5052,8.46,1.3618,,,,,,,
2003-02-24,1.0783,1.586,117.78,1.4944,8.465,1.3592,,,,,,,
2003-02-25,1.0782,1.5727,117.14,1.4928,8.453,1.3538,,,,,,,
2003-02-26,1.0797,1.5806,117.19,1.4939,8.421,1.355,,,,,,,
2003-02-27,1.0763,1.5798,117.58,1.4954,8.482,1.3598,,,,,,,
2003-02-28,1.0779,1.5737,118.22,1.488,8.505,1.3557,,,,,,,
2003-03-01,,,,,,,2.52995238095238,3.65503,0.08,3.0375,3.4,0.233193714285714,1.23
2003-03-03,1.0835,1.5755,117.93,1.4853,8.497,1.3468,,,,,,,
2003-03-04,1.0883,1.582,117.96,1.4775,8.425,1.34,,,,,,,
2003-03-05,1.0967,1.6003,117.32,1.4727,8.378,1.3299,,,,,,,
2003-03-06,1.0997,1.6049,117.22,1.4714,8.365,1.3314,,,,,,,
2003-03-07,1.1014,1.602,116.47,1.4665,8.373,1.3338,,,,,,,
2003-03-10,1.1062,1.6007,116.55,1.4659,8.367,1.3247,,,,,,,
2003-03-11,1.1028,1.6038,117.07,1.4725,8.449,1.3316,,,,,,,
2003-03-12,1.1023,1.6129,117.18,1.4728,8.431,1.3315,,,,,,,
2003-03-13,1.087,1.6057,118.31,1.4855,8.5,1.349,,,,,,,
2003-03-14,1.0725,1.5821,118.59,1.4822,8.577,1.369,,,,,,,
2003-03-17,1.0606,1.5682,118.45,1.4835,8.668,1.3845,,,,,,,
2003-03-18,1.0624,1.5624,118.9,1.4788,8.699,1.3843,,,,,,,
2003-03-19,1.059,1.5648,120.13,1.4804,8.675,1.3903,,,,,,,
2003-03-20,1.0613,1.567,120.05,1.4788,8.639,1.387,,,,,,,
2003-03-21,1.0545,1.566,121.42,1.4905,8.703,1.4,,,,,,,
2003-03-24,1.0644,1.5748,120.69,1.4805,8.675,1.3847,,,,,,,
2003-03-25,1.0673,1.5707,120.03,1.477,8.673,1.3805,,,,,,,
2003-03-26,1.0677,1.5742,120.13,1.4711,8.653,1.3827,,,,,,,
2003-03-27,1.0708,1.5676,119.78,1.4673,8.6425,1.3807,,,,,,,
2003-03-28,1.0762,1.5673,120.18,1.468,8.561,1.3724,,,,,,,
2003-03-31,1.09,1.579,118.07,1.4695,8.4735,1.3538,,,,,,,
2003-04-01,1.0904,1.5767,118.25,1.4729,8.483,1.3537,2.53335,3.64598,0.08,3.196,3.42,0.1737809,1.24
2003-04-02,1.0765,1.5659,119.17,1.4762,8.585,1.3794,,,,,,,
2003-04-03,1.0736,1.5718,119.55,1.476,8.565,1.3809,,,,,,,
2003-04-04,1.0711,1.5597,120.05,1.472,8.5927,1.3875,,,,,,,
2003-04-07,1.0621,1.55,120.41,1.4843,8.6425,1.3995,,,,,,,
2003-04-08,1.0684,1.5507,119.91,1.4677,8.568,1.3905,,,,,,,
2003-04-09,1.0722,1.5562,120.55,1.4678,8.527,1.3858,,,,,,,
2003-04-10,1.0803,1.5719,119.58,1.457,8.475,1.3846,,,,,,,
2003-04-11,1.0751,1.5713,120.47,1.4519,8.49,1.3933,,,,,,,
2003-04-14,1.0773,1.5713,120.3,1.4533,8.473,1.3895,,,,,,,
2003-04-15,1.0801,1.5705,120.2,1.4515,8.484,1.3912,,,,,,,
2003-04-16,1.0872,1.574,120.04,1.4563,8.424,1.3785,,,,,,,
2003-04-17,1.0907,1.5748,119.3,1.449,8.402,1.377,,,,,,,
2003-04-18,1.0882,1.5733,119.72,1.45,8.4125,1.381,,,,,,,
2003-04-21,1.0857,1.5592,120.55,1.4547,8.42,1.3901,,,,,,,
2003-04-22,1.0966,1.5768,119.68,1.4473,8.335,1.3708,,,,,,,
2003-04-23,1.0949,1.5815,120.33,1.4512,8.319,1.3759,,,,,,,
2003-04-24,1.1039,1.5971,119.83,1.4579,8.25,1.359,,,,,,,
2003-04-25,1.104,1.5915,120.25,1.4535,8.264,1.3612,,,,,,,
2003-04-28,1.0999,1.5906,120.34,1.4504,8.323,1.3695,,,,,,,
2003-04-29,1.101,1.5904,120.14,1.446,8.285,1.3688,,,,,,,
2003-04-30,1.118,1.6,119.07,1.4336,8.17,1.3545,,,,,,,
2003-05-01,1.1238,1.6103,118.56,1.4191,8.118,1.342,2.4005238095238095,3.63252,0.08,3.1775,3.18,0.1585085,1.22
2003-05-02,1.12,1.602,119.1,1.4221,8.147,1.348,,,,,,,
2003-05-05,1.1271,1.606,118.64,1.4134,8.067,1.344,,,,,,,
2003-05-06,1.1354,1.614,117.94,1.4085,8.0055,1.3331,,,,,,,
2003-05-07,1.134,1.593,116.51,1.401,8.025,1.3264,,,,,,,
2003-05-08,1.1453,1.6034,116.65,1.395,7.965,1.3172,,,,,,,
2003-05-09,1.1498,1.6045,117.2,1.393,7.972,1.3114,,,,,,,
2003-05-12,1.1557,1.6095,116.94,1.3885,7.944,1.3107,,,,,,,
2003-05-13,1.1499,1.6092,116.56,1.3898,7.981,1.3168,,,,,,,
2003-05-14,1.1498,1.6163,116.16,1.3786,7.982,1.3157,,,,,,,
2003-05-15,1.1457,1.6262,115.94,1.3757,7.9958,1.3151,,,,,,,
2003-05-16,1.1542,1.6241,116.01,1.3672,7.925,1.3102,,,,,,,
2003-05-19,1.1686,1.6352,116.58,1.3604,7.857,1.2945,,,,,,,
2003-05-20,1.1685,1.6393,116.77,1.3446,7.865,1.294,,,,,,,
2003-05-21,1.1707,1.6415,117.23,1.3498,7.826,1.2903,,,,,,,
2003-05-22,1.17,1.6346,117.25,1.3679,7.8285,1.294,,,,,,,
2003-05-23,1.1786,1.6376,116.89,1.3783,7.792,1.293,,,,,,,
2003-05-26,,,,,,,,,,,,,
2003-05-27,1.1853,1.64,117.12,1.3754,7.753,1.2851,,,,,,,
2003-05-28,1.1742,1.635,118.73,1.3867,7.786,1.299,,,,,,,
2003-05-29,1.1835,1.6484,118.45,1.3769,7.7479,1.2898,,,,,,,
2003-05-30,1.1766,1.6393,119.5,1.3712,7.7654,1.3022,,,,,,,
2003-06-01,,,,,,,2.15185714285714,3.63966,0.09,3.0975,2.81,0.15839465,1.04
2003-06-02,1.1744,1.6372,118.52,1.3696,7.773,1.2973,,,,,,,
2003-06-03,1.1702,1.6278,119.27,1.3768,7.7945,1.3127,,,,,,,
2003-06-04,1.1708,1.6333,118.6,1.3575,7.8008,1.3129,,,,,,,
2003-06-05,1.187,1.6597,117.61,1.3404,7.6745,1.2973,,,,,,,
2003-06-06,1.1695,1.6622,118.83,1.354,7.799,1.3233,,,,,,,
2003-06-09,1.1743,1.6452,118.11,1.3585,7.7745,1.3131,,,,,,,
2003-06-10,1.1686,1.6523,117.68,1.3649,7.799,1.3192,,,,,,,
2003-06-11,1.1764,1.6675,117.69,1.3523,7.7275,1.306,,,,,,,
2003-06-12,1.1767,1.6682,117.66,1.3492,7.725,1.3104,,,,,,,
2003-06-13,1.183,1.6676,117.46,1.3362,7.6835,1.3047,,,,,,,
2003-06-16,1.1843,1.6815,117.79,1.3397,7.671,1.3009,,,,,,,
2003-06-17,1.1812,1.684,118.2,1.3393,7.678,1.3051,,,,,,,
2003-06-18,1.171,1.6798,118.4,1.3348,7.746,1.3205,,,,,,,
2003-06-19,1.1678,1.674,118.74,1.3508,7.7668,1.3246,,,,,,,
2003-06-20,1.1616,1.6644,118.39,1.359,7.812,1.329,,,,,,,
2003-06-23,1.1548,1.6682,117.55,1.3561,7.892,1.3268,,,,,,,
2003-06-24,1.1498,1.6607,117.96,1.3614,7.962,1.331,,,,,,,
2003-06-25,1.1592,1.6787,117.54,1.3428,7.91,1.3257,,,,,,,
2003-06-26,1.1429,1.664,119.32,1.3542,8.026,1.3479,,,,,,,
2003-06-27,1.1423,1.6492,119.72,1.3494,8.031,1.3508,,,,,,,
2003-06-30,1.1502,1.6529,119.87,1.3558,7.9985,1.3519,,,,,,,
2003-07-01,1.158,1.6626,119.45,1.3492,7.966,1.3412,2.13004347826087,3.49022,0.09,2.912,2.68,0.16359952173913,1.05
2003-07-02,1.1524,1.6646,118.63,1.3368,7.9795,1.3474,,,,,,,
2003-07-03,1.1503,1.6718,118.24,1.3368,7.9752,1.3465,,,,,,,
2003-07-04,,,,,,,,,,,,,
2003-07-07,1.1341,1.6515,118.08,1.3486,8.1336,1.3681,,,,,,,
2003-07-08,1.1265,1.6326,118.58,1.3702,8.126,1.3765,,,,,,,
2003-07-09,1.1311,1.6306,117.85,1.3748,8.089,1.3665,,,,,,,
2003-07-10,1.139,1.6326,117.69,1.3822,8.0286,1.3609,,,,,,,
2003-07-11,1.1304,1.6323,117.8,1.3762,8.096,1.3724,,,,,,,
2003-07-14,1.1298,1.6238,117.54,1.3739,8.085,1.3722,,,,,,,
2003-07-15,1.1233,1.5986,117.24,1.3927,8.15,1.3818,,,,,,,
2003-07-16,1.1209,1.5952,118.24,1.3874,8.182,1.376,,,,,,,
2003-07-17,1.1164,1.5893,118.87,1.3973,8.2675,1.3772,,,,,,,
2003-07-18,1.1239,1.5867,118.4,1.4114,8.2328,1.3673,,,,,,,
2003-07-21,1.1346,1.601,118.35,1.4052,8.175,1.3551,,,,,,,
2003-07-22,1.1325,1.5978,119.34,1.4106,8.195,1.3623,,,,,,,
2003-07-23,1.1484,1.609,118.77,1.399,8.024,1.346,,,,,,,
2003-07-24,1.1441,1.611,119.25,1.3964,8.0516,1.3517,,,,,,,
2003-07-25,1.1513,1.6198,118.82,1.3813,7.993,1.343,,,,,,,
2003-07-28,1.1497,1.6272,119.42,1.3827,7.9865,1.3456,,,,,,,
2003-07-29,1.1466,1.6225,119.78,1.3857,8.0108,1.3497,,,,,,,
2003-07-30,1.1367,1.6167,120.55,1.4002,8.077,1.3642,,,,,,,
2003-07-31,1.1231,1.609,120.42,1.4074,8.22,1.3736,,,,,,,
2003-08-01,1.1252,1.6045,120.0,1.396,8.2235,1.3668,2.14042857142857,3.52249,0.09,2.7775,2.71,0.1508667,1.08
2003-08-04,1.1337,1.608,120.47,1.4065,8.146,1.3505,,,,,,,
2003-08-05,1.1349,1.6085,119.95,1.4045,8.135,1.352,,,,,,,
2003-08-06,1.1357,1.6081,120.33,1.406,8.1075,1.3491,,,,,,,
2003-08-07,1.139,1.617,118.91,1.3933,8.085,1.3475,,,,,,,
2003-08-08,1.1321,1.608,119.02,1.3935,8.133,1.3573,,,,,,,
2003-08-11,1.1349,1.6068,118.36,1.384,8.16,1.359,,,,,,,
2003-08-12,1.1304,1.6028,118.53,1.3852,8.166,1.366,,,,,,,
2003-08-13,1.1317,1.6082,119.07,1.3836,8.1565,1.366,,,,,,,
2003-08-14,1.1249,1.6,119.14,1.3937,8.188,1.3717,,,,,,,
2003-08-15,1.1255,1.5958,119.24,1.3873,8.206,1.3724,,,,,,,
2003-08-18,1.1138,1.5891,119.43,1.3913,8.3134,1.3928,,,,,,,
2003-08-19,1.1117,1.5872,119.26,1.401,8.3505,1.3922,,,,,,,
2003-08-20,1.1104,1.5922,118.23,1.4028,8.3229,1.3904,,,,,,,
2003-08-21,1.0976,1.5845,117.58,1.4067,8.3893,1.4058,,,,,,,
2003-08-22,1.0871,1.5755,117.58,1.41,8.5095,1.4181,,,,,,,
2003-08-25,1.0892,1.5728,117.43,1.3985,8.495,1.4141,,,,,,,
2003-08-26,1.0893,1.5732,117.49,1.3933,8.52,1.409,,,,,,,
2003-08-27,1.0906,1.5746,117.74,1.4022,8.483,1.4099,,,,,,,
2003-08-28,1.0896,1.577,117.44,1.3973,8.4693,1.4125,,,,,,,
2003-08-29,1.0986,1.5773,116.71,1.385,8.3644,1.4005,,,,,,,
2003-09-01,,,,,,,2.14731818181818,3.6967,0.09,2.6325,2.71,0.138722590909091,1.08
2003-09-02,1.0872,1.574,116.15,1.3876,8.4345,1.4125,,,,,,,
2003-09-03,1.0845,1.5732,116.04,1.3816,8.4065,1.4133,,,,,,,
2003-09-04,1.0899,1.5785,116.77,1.3735,8.3667,1.4125,,,,,,,
2003-09-05,1.1073,1.5891,117.06,1.3714,8.2312,1.389,,,,,,,
2003-09-08,1.1124,1.5858,116.48,1.371,8.204,1.3842,,,,,,,
2003-09-09,1.119,1.5909,116.33,1.3668,8.1685,1.3825,,,,,,,
2003-09-10,1.1195,1.5897,117.13,1.3659,8.165,1.3875,,,,,,,
2003-09-11,1.1186,1.5937,117.07,1.3709,8.1245,1.3865,,,,,,,
2003-09-12,1.1307,1.6062,117.38,1.363,8.04,1.3764,,,,,,,
2003-09-15,1.1304,1.6018,117.41,1.366,8.097,1.378,,,,,,,
2003-09-16,1.1166,1.5871,116.27,1.369,8.145,1.3941,,,,,,,
2003-09-17,1.1239,1.6044,115.99,1.3667,8.062,1.3827,,,,,,,
2003-09-18,1.124,1.6155,115.27,1.3644,8.0445,1.3843,,,,,,,
2003-09-19,1.1346,1.6315,113.99,1.3469,7.9875,1.371,,,,,,,
2003-09-22,1.1468,1.6472,111.95,1.3474,7.8875,1.3548,,,,,,,
2003-09-23,1.1487,1.656,111.65,1.3561,7.78,1.3532,,,,,,,
2003-09-24,1.1472,1.6558,111.7,1.3543,7.7445,1.3547,,,,,,,
2003-09-25,1.1484,1.6587,111.86,1.3477,7.7495,1.3463,,,,,,,
2003-09-26,1.1482,1.6597,111.8,1.3547,7.8017,1.344,,,,,,,
2003-09-29,1.1578,1.6642,111.07,1.3552,7.704,1.3312,,,,,,,
2003-09-30,1.165,1.662,111.43,1.3507,7.7502,1.3208,,,,,,,
2003-10-01,1.1708,1.6667,110.61,1.3481,7.7285,1.3148,2.1435652173913,3.80338,0.09,2.618,2.73,0.129131043478261,1.1
2003-10-02,1.1717,1.675,110.59,1.3388,7.67,1.314,,,,,,,
2003-10-03,1.1596,1.663,110.9,1.3418,7.7685,1.3353,,,,,,,
2003-10-06,1.1706,1.6742,110.81,1.3413,7.65,1.3215,,,,,,,
2003-10-07,1.1784,1.6628,109.81,1.3295,7.6175,1.314,,,,,,,
2003-10-08,1.1805,1.6598,109.55,1.3332,7.597,1.3127,,,,,,,
2003-10-09,1.1695,1.6609,109.34,1.3401,7.686,1.3239,,,,,,,
2003-10-10,1.1812,1.6654,108.57,1.321,7.635,1.3112,,,,,,,
2003-10-13,,,,,,,,,,,,,
2003-10-14,1.1724,1.6737,109.29,1.3234,7.6475,1.32,,,,,,,
2003-10-15,1.1652,1.6698,109.56,1.3243,7.689,1.3285,,,,,,,
2003-10-16,1.1665,1.676,109.36,1.3162,7.698,1.3278,,,,,,,
2003-10-17,1.163,1.6721,109.57,1.3145,7.723,1.3347,,,,,,,
2003-10-20,1.1671,1.6749,110.22,1.32,7.7676,1.3303,,,,,,,
2003-10-21,1.1676,1.6746,109.69,1.316,7.7315,1.3296,,,,,,,
2003-10-22,1.1805,1.6935,108.95,1.3043,7.625,1.3142,,,,,,,
2003-10-23,1.1795,1.6943,109.59,1.3087,7.674,1.3124,,,,,,,
2003-10-24,1.1833,1.6972,109.23,1.3072,7.6753,1.3067,,,,,,,
2003-10-27,1.1762,1.6952,108.38,1.3107,7.725,1.3159,,,,,,,
2003-10-28,1.1689,1.6956,108.33,1.3108,7.7478,1.3287,,,,,,,
2003-10-29,1.1673,1.6988,108.18,1.3098,7.7181,1.3293,,,,,,,
2003-10-30,1.1694,1.7025,108.27,1.3069,7.718,1.325,,,,,,,
2003-10-31,1.1609,1.6956,110.1,1.3195,7.814,1.3382,,,,,,,
2003-11-01,,,,,,,2.15905,3.98043,0.08,2.7,2.72,0.14283225,1.11
2003-11-03,1.1454,1.6786,111.2,1.3323,7.915,1.3607,,,,,,,
2003-11-04,1.1497,1.6802,109.6,1.3321,7.855,1.3593,,,,,,,
2003-11-05,1.1473,1.678,109.91,1.3312,7.8675,1.3653,,,,,,,
2003-11-06,1.1417,1.6693,110.15,1.3362,7.8865,1.3737,,,,,,,
2003-11-07,1.1505,1.6708,109.29,1.3237,7.7987,1.3635,,,,,,,
2003-11-10,1.1515,1.6737,107.98,1.3108,7.7875,1.3662,,,,,,,
2003-11-11,,,,,,,,,,,,,
2003-11-12,1.1647,1.677,108.55,1.3007,7.7,1.3473,,,,,,,
2003-11-13,1.1711,1.688,108.33,1.3,7.6475,1.3425,,,,,,,
2003-11-14,1.1743,1.6841,108.43,1.3034,7.6279,1.3333,,,,,,,
2003-11-17,1.1744,1.6885,108.98,1.3143,7.6407,1.3245,,,,,,,
2003-11-18,1.1893,1.6998,108.11,1.3025,7.54,1.3055,,,,,,,
2003-11-19,1.1909,1.6982,109.06,1.304,7.5385,1.3032,,,,,,,
2003-11-20,1.1895,1.7024,108.99,1.3031,7.549,1.302,,,,,,,
2003-11-21,1.1913,1.7025,108.87,1.3042,7.52,1.2985,,,,,,,
2003-11-24,1.1768,1.695,109.39,1.321,7.622,1.3198,,,,,,,
2003-11-25,1.1785,1.6983,109.72,1.3135,7.6125,1.3172,,,,,,,
2003-11-26,1.1918,1.709,109.11,1.3045,7.578,1.299,,,,,,,
2003-11-27,,,,,,,,,,,,,
2003-11-28,1.1995,1.7219,109.53,1.2973,7.551,1.2917,,,,,,,
2003-12-01,1.1956,1.7209,109.61,1.3023,7.542,1.3003,2.14633333333333,4.01864,0.1,2.624,2.7,0.136828571428571,1.1
2003-12-02,1.2084,1.7291,108.82,1.2988,7.46,1.2875,,,,,,,
2003-12-03,1.2093,1.7248,108.17,1.3,7.419,1.2888,,,,,,,
2003-12-04,1.2077,1.72,108.19,1.3125,7.43,1.2906,,,,,,,
2003-12-05,1.2157,1.727,107.78,1.3045,7.3635,1.2755,,,,,,,
2003-12-08,1.2217,1.7334,107.23,1.2967,7.314,1.2663,,,,,,,
2003-12-09,1.2229,1.743,107.3,1.3092,7.305,1.2664,,,,,,,
2003-12-10,1.2215,1.7446,108.4,1.3078,7.3446,1.2657,,,,,,,
2003-12-11,1.2164,1.7445,108.23,1.3272,7.3848,1.2758,,,,,,,
2003-12-12,1.2284,1.7466,107.73,1.315,7.302,1.2628,,,,,,,
2003-12-15,1.229,1.745,107.52,1.3129,7.342,1.2635,,,,,,,
2003-12-16,1.2328,1.751,107.6,1.3185,7.3275,1.2595,,,,,,,
2003-12-17,1.2381,1.7615,107.42,1.325,7.285,1.2553,,,,,,,
2003-12-18,1.2376,1.7673,107.92,1.3295,7.338,1.2555,,,,,,,
2003-12-19,1.238,1.7675,107.94,1.3405,7.326,1.2565,,,,,,,
2003-12-22,1.2415,1.7635,107.4,1.332,7.325,1.254,,,,,,,
2003-12-23,1.2406,1.765,107.44,1.3244,7.315,1.2583,,,,,,,
2003-12-24,1.2464,1.7748,107.29,1.3109,7.298,1.2466,,,,,,,
2003-12-25,,,,,,,,,,,,,
2003-12-26,1.2441,1.7725,107.18,1.3067,7.32,1.2523,,,,,,,
2003-12-29,1.2485,1.7705,106.93,1.3103,7.27,1.2493,,,,,,,
2003-12-30,1.2521,1.7786,107.0,1.3036,7.262,1.2452,,,,,,,
2003-12-31,1.2597,1.7842,107.13,1.2923,7.195,1.238,,,,,,,
2004-01-01,,,,,,,2.08947619047619,4.05531,0.09,2.3725,2.6,0.1284939,1.06
2004-01-02,1.2592,1.7902,106.95,1.29,7.1903,1.239,,,,,,,
2004-01-05,1.2679,1.8085,106.1,1.2803,7.1671,1.2322,,,,,,,
2004-01-06,1.2773,1.8245,106.2,1.2824,7.1347,1.2272,,,,,,,
2004-01-07,1.2665,1.8193,106.19,1.2884,7.18,1.2385,,,,,,,
2004-01-08,1.2772,1.8338,106.17,1.279,7.138,1.2253,,,,,,,
2004-01-09,1.2853,1.8472,106.54,1.269,7.085,1.219,,,,,,,
2004-01-12,1.2802,1.8511,106.48,1.2735,7.126,1.2225,,,,,,,
2004-01-13,1.2735,1.8432,106.25,1.2729,7.1761,1.2262,,,,,,,
2004-01-14,1.2726,1.8409,106.06,1.2866,7.2175,1.2268,,,,,,,
2004-01-15,1.2588,1.8205,106.1,1.299,7.291,1.2422,,,,,,,
2004-01-16,1.2395,1.7996,106.87,1.2975,7.4085,1.2659,,,,,,,
2004-01-19,,,,,,,,,,,,,
2004-01-20,1.2584,1.8187,107.17,1.2861,7.288,1.2468,,,,,,,
2004-01-21,1.2617,1.8295,106.84,1.3018,7.216,1.2426,,,,,,,
2004-01-22,1.2717,1.8446,106.08,1.297,7.169,1.2338,,,,,,,
2004-01-23,1.261,1.8203,106.21,1.3115,7.257,1.243,,,,,,,
2004-01-26,1.2552,1.82,106.15,1.313,7.308,1.2484,,,,,,,
2004-01-27,1.2643,1.8277,105.56,1.3048,7.245,1.2389,,,,,,,
2004-01-28,1.262,1.837,105.52,1.3218,7.249,1.243,,,,,,,
2004-01-29,1.2389,1.8112,106.09,1.334,7.41,1.2621,,,,,,,
2004-01-30,1.2452,1.8215,105.84,1.3265,7.412,1.2593,,,,,,,
2004-02-01,,,,,,,2.07055,4.16654,0.09,2.195,2.46,0.14803445,1.05
2004-02-02,1.2426,1.8182,105.59,1.3385,7.3927,1.2628,,,,,,,
2004-02-03,1.2561,1.838,105.36,1.3374,7.319,1.2478,,,,,,,
2004-02-04,1.2552,1.8335,105.53,1.333,7.322,1.2497,,,,,,,
2004-02-05,1.2606,1.8378,105.52,1.3318,7.2985,1.2443,,,,,,,
2004-02-06,1.2694,1.8459,105.57,1.3297,7.183,1.2343,,,,,,,
2004-02-09,1.2672,1.858,105.68,1.3304,7.205,1.2373,,,,,,,
2004-02-10,1.2727,1.8697,105.55,1.3289,7.174,1.2331,,,,,,,
2004-02-11,1.2815,1.885,105.37,1.3178,7.1295,1.2293,,,,,,,
2004-02-12,1.2807,1.891,105.42,1.3188,7.138,1.2305,,,,,,,
2004-02-13,1.2751,1.883,105.6,1.3148,7.161,1.2372,,,,,,,
2004-02-16,,,,,,,,,,,,,
2004-02-17,1.2848,1.9045,105.8,1.3108,7.158,1.2269,,,,,,,
2004-02-18,1.2812,1.9023,106.37,1.3182,7.18,1.2299,,,,,,,
2004-02-19,1.2685,1.8921,107.09,1.3283,7.2265,1.2426,,,,,,,
2004-02-20,1.2563,1.8668,108.83,1.3442,7.311,1.2572,,,,,,,
2004-02-23,1.2569,1.8686,108.22,1.3363,7.314,1.2555,,,,,,,
2004-02-24,1.2692,1.8901,108.11,1.3283,7.2565,1.2401,,,,,,,
2004-02-25,1.2503,1.8757,108.99,1.337,7.3845,1.2587,,,,,,,
2004-02-26,1.2444,1.8609,109.59,1.3433,7.411,1.2662,,,,,,,
2004-02-27,1.2441,1.8575,109.26,1.3405,7.433,1.268,,,,,,,
2004-03-01,1.2431,1.868,108.93,1.3395,7.439,1.2703,2.02882608695652,4.29673,0.08,2.038,2.36,0.158294043478261,1.05
2004-03-02,1.2212,1.8386,110.27,1.3437,7.5925,1.2963,,,,,,,
2004-03-03,1.2088,1.8192,110.25,1.348,7.6435,1.3038,,,,,,,
2004-03-04,1.2225,1.825,110.74,1.3326,7.533,1.2902,,,,,,,
2004-03-05,1.2401,1.8428,111.42,1.3191,7.3975,1.2726,,,,,,,
2004-03-08,1.2371,1.8471,112.12,1.3235,7.408,1.2788,,,,,,,
2004-03-09,1.2428,1.8395,111.2,1.3188,7.366,1.2707,,,,,,,
2004-03-10,1.2226,1.8,111.04,1.3275,7.497,1.29,,,,,,,
2004-03-11,1.2268,1.8008,110.89,1.3228,7.5034,1.2784,,,,,,,
2004-03-12,1.2191,1.7943,110.82,1.3385,7.595,1.2865,,,,,,,
2004-03-15,1.2243,1.7993,110.48,1.3322,7.552,1.2785,,,,,,,
2004-03-16,1.227,1.8105,108.95,1.3333,7.536,1.28,,,,,,,
2004-03-17,1.2197,1.8132,108.18,1.3419,7.573,1.2836,,,,,,,
2004-03-18,1.2392,1.8363,106.6,1.329,7.476,1.2572,,,,,,,
2004-03-19,1.2269,1.827,106.97,1.331,7.5244,1.271,,,,,,,
2004-03-22,1.2368,1.8485,106.84,1.328,7.4475,1.256,,,,,,,
2004-03-23,1.2311,1.8502,106.63,1.332,7.4975,1.2603,,,,,,,
2004-03-24,1.2213,1.8351,106.23,1.3385,7.601,1.268,,,,,,,
2004-03-25,1.217,1.8099,106.06,1.3303,7.624,1.275,,,,,,,
2004-03-26,1.2092,1.8104,105.93,1.3194,7.662,1.2878,,,,,,,
2004-03-29,1.2141,1.8163,105.52,1.3097,7.6305,1.2872,,,,,,,
2004-03-30,1.2202,1.8283,105.61,1.308,7.592,1.279,,,,,,,
2004-03-31,1.2292,1.84,104.18,1.31,7.55,1.2677,,,,,,,
2004-04-01,1.2358,1.8564,103.7,1.3101,7.465,1.2627,2.04875,4.39472,0.08,1.9625,2.02,0.18674945,1.08
2004-04-02,1.2109,1.8293,104.55,1.314,7.616,1.2932,,,,,,,
2004-04-05,1.2008,1.814,105.36,1.3152,7.654,1.3049,,,,,,,
2004-04-06,1.2089,1.8374,105.9,1.3095,7.62,1.2928,,,,,,,
2004-04-07,1.2171,1.841,105.2,1.313,7.53,1.2769,,,,,,,
2004-04-08,1.2088,1.8325,106.1,1.326,7.5825,1.2829,,,,,,,
2004-04-09,1.2102,1.8322,106.45,1.3292,7.578,1.2819,,,,,,,
2004-04-12,1.2068,1.8358,105.5,1.3377,7.605,1.284,,,,,,,
2004-04-13,1.1923,1.816,106.96,1.3363,7.6825,1.3025,,,,,,,
2004-04-14,1.194,1.7902,108.53,1.3445,7.699,1.2992,,,,,,,
2004-04-15,1.1914,1.7785,108.58,1.3485,7.7185,1.3036,,,,,,,
2004-04-16,1.2025,1.8004,107.69,1.3445,7.65,1.2912,,,,,,,
2004-04-19,1.2019,1.8055,108.5,1.3467,7.661,1.2908,,,,,,,
2004-04-20,1.191,1.7914,108.43,1.3534,7.702,1.308,,,,,,,
2004-04-21,1.1853,1.772,109.55,1.359,7.733,1.312,,,,,,,
2004-04-22,1.1861,1.7684,109.85,1.359,7.71,1.3136,,,,,,,
2004-04-23,1.1802,1.7674,109.38,1.3612,7.751,1.3202,,,,,,,
2004-04-26,1.1851,1.7857,108.55,1.3559,7.696,1.3111,,,,,,,
2004-04-27,1.1927,1.7925,109.48,1.3517,7.6375,1.2968,,,,,,,
2004-04-28,1.183,1.772,109.85,1.3672,7.71,1.3095,,,,,,,
2004-04-29,1.1945,1.7751,109.96,1.3697,7.648,1.2951,,,,,,,
2004-04-30,1.1975,1.7744,110.37,1.3711,7.6425,1.2984,,,,,,,
2004-05-01,,,,,,,2.08585714285714,4.52872,0.08,1.97,1.99,0.182353368421053,1.2
2004-05-03,1.1937,1.772,110.34,1.374,7.66,1.301,,,,,,,
2004-05-04,1.2076,1.7907,110.02,1.3702,7.57,1.283,,,,,,,
2004-05-05,1.2165,1.7932,108.5,1.3725,7.5085,1.2745,,,,,,,
2004-05-06,1.209,1.7941,109.58,1.3784,7.526,1.2833,,,,,,,
2004-05-07,1.1885,1.7842,112.3,1.3858,7.654,1.302,,,,,,,
2004-05-10,1.1834,1.7723,114.03,1.3934,7.7526,1.303,,,,,,,
2004-05-11,1.1818,1.7544,113.67,1.3866,7.7725,1.3045,,,,,,,
2004-05-12,1.1911,1.7743,113.21,1.3878,7.69,1.289,,,,,,,
2004-05-13,1.1801,1.7584,114.25,1.397,7.75,1.3076,,,,,,,
2004-05-14,1.1874,1.7572,114.3,1.3928,7.7435,1.3005,,,,,,,
2004-05-17,1.2009,1.7695,114.1,1.3855,7.65,1.279,,,,,,,
2004-05-18,1.1971,1.7695,114.06,1.3913,7.635,1.2824,,,,,,,
2004-05-19,1.2015,1.7827,112.77,1.3769,7.576,1.2778,,,,,,,
2004-05-20,1.1926,1.771,113.18,1.3705,7.607,1.288,,,,,,,
2004-05-21,1.2009,1.788,112.09,1.3734,7.555,1.2797,,,,,,,
2004-05-24,1.1978,1.7908,112.66,1.3697,7.597,1.2821,,,,,,,
2004-05-25,1.2107,1.8135,112.21,1.3763,7.55,1.269,,,,,,,
2004-05-26,1.2102,1.8142,111.7,1.3705,7.5215,1.2724,,,,,,,
2004-05-27,1.2274,1.8369,110.77,1.358,7.417,1.246,,,,,,,
2004-05-28,1.2217,1.833,110.18,1.3666,7.4579,1.2533,,,,,,,
2004-05-31,,,,,,,,,,,,,
2004-06-01,1.221,1.8359,110.45,1.3687,7.4514,1.251,2.11268181818182,4.78974,0.09,2.008,1.98,0.328464045454545,1.46
2004-06-02,1.225,1.8381,110.28,1.3618,7.4525,1.2459,,,,,,,
2004-06-03,1.2205,1.8387,111.14,1.3606,7.497,1.252,,,,,,,
2004-06-04,1.2258,1.8367,111.27,1.3505,7.4575,1.244,,,,,,,
2004-06-07,1.232,1.8386,109.61,1.345,7.4123,1.2371,,,,,,,
2004-06-08,1.2273,1.8361,109.77,1.3468,7.4225,1.2373,,,,,,,
2004-06-09,1.2097,1.8292,109.74,1.3541,7.542,1.2526,,,,,,,
2004-06-10,1.211,1.838,109.33,1.3572,7.555,1.2442,,,,,,,
2004-06-11,1.2011,1.8175,110.09,1.3656,7.628,1.2597,,,,,,,
2004-06-14,1.2073,1.8148,111.15,1.3682,7.605,1.257,,,,,,,
2004-06-15,1.2139,1.8278,109.59,1.3699,7.5448,1.2504,,,,,,,
2004-06-16,1.2006,1.8262,110.15,1.3772,7.621,1.2678,,,,,,,
2004-06-17,1.204,1.8341,109.63,1.3752,7.6055,1.2565,,,,,,,
2004-06-18,1.2118,1.8368,108.65,1.3645,7.556,1.2443,,,,,,,
2004-06-21,1.211,1.831,108.57,1.364,7.551,1.2469,,,,,,,
2004-06-22,1.2092,1.8217,109.0,1.3592,7.5825,1.251,,,,,,,
2004-06-23,1.209,1.8184,108.64,1.3614,7.591,1.2536,,,,,,,
2004-06-24,1.217,1.8216,107.1,1.343,7.532,1.2425,,,,,,,
2004-06-25,1.2145,1.8218,107.82,1.3489,7.546,1.2504,,,,,,,
2004-06-28,1.2193,1.8294,107.95,1.3435,7.499,1.2482,,,,,,,
2004-06-29,1.2124,1.809,108.18,1.3465,7.5325,1.2615,,,,,,,
2004-06-30,1.2179,1.8126,109.43,1.3407,7.525,1.252,,,,,,,
2004-07-01,1.2158,1.816,108.24,1.3325,7.546,1.2509,2.11604545454546,4.85702,0.09,2.035,1.99,0.422401363636364,1.57
2004-07-02,1.2307,1.83,108.6,1.3254,7.466,1.2336,,,,,,,
2004-07-05,,,,,,,,,,,,,
2004-07-06,1.229,1.8423,109.24,1.3261,7.4761,1.2345,,,,,,,
2004-07-07,1.2384,1.8571,108.38,1.3196,7.415,1.2264,,,,,,,
2004-07-08,1.239,1.8566,108.76,1.3164,7.413,1.2247,,,,,,,
2004-07-09,1.2388,1.8555,108.21,1.3207,7.4276,1.2258,,,,,,,
2004-07-12,1.2409,1.864,108.24,1.3188,7.421,1.2243,,,,,,,
2004-07-13,1.2302,1.854,109.37,1.3259,7.485,1.2391,,,,,,,
2004-07-14,1.2385,1.8564,109.13,1.3225,7.44,1.2288,,,,,,,
2004-07-15,1.2373,1.8545,109.52,1.324,7.4281,1.234,,,,,,,
2004-07-16,1.2437,1.8708,108.77,1.3092,7.391,1.2267,,,,,,,
2004-07-19,1.2431,1.8734,108.28,1.3082,7.399,1.2281,,,,,,,
2004-07-20,1.2377,1.8556,108.38,1.3099,7.439,1.2381,,,,,,,
2004-07-21,1.2224,1.8354,110.1,1.3242,7.5175,1.2549,,,,,,,
2004-07-22,1.2273,1.847,109.68,1.3136,7.494,1.2461,,,,,,,
2004-07-23,1.2122,1.8321,110.11,1.3219,7.587,1.2632,,,,,,,
2004-07-26,1.2135,1.8393,110.08,1.332,7.5825,1.2634,,,,,,,
2004-07-27,1.2056,1.8219,111.09,1.3353,7.637,1.275,,,,,,,
2004-07-28,1.2046,1.8222,111.78,1.3309,7.656,1.2761,,,,,,,
2004-07-29,1.207,1.8174,111.88,1.3259,7.6545,1.2754,,,,,,,
2004-07-30,1.2032,1.8183,111.39,1.3296,7.6805,1.2796,,,,,,,
2004-08-01,,,,,,,2.11427272727273,4.96284,0.09,2.0625,1.99,0.471912181818182,1.68
2004-08-02,1.2034,1.8273,111.08,1.3314,7.659,1.2784,,,,,,,
2004-08-03,1.2051,1.8243,110.6,1.3185,7.6375,1.2789,,,,,,,
2004-08-04,1.2057,1.8248,111.29,1.3152,7.634,1.2748,,,,,,,
2004-08-05,1.205,1.8231,111.53,1.3178,7.6275,1.2764,,,,,,,
2004-08-06,1.2272,1.8459,110.05,1.31,7.486,1.2515,,,,,,,
2004-08-09,1.2261,1.8403,110.57,1.3165,7.491,1.2549,,,,,,,
2004-08-10,1.2306,1.8387,110.79,1.3139,7.472,1.2528,,,,,,,
2004-08-11,1.2222,1.828,110.78,1.324,7.5285,1.2605,,,,,,,
2004-08-12,1.2224,1.821,111.14,1.3323,7.531,1.2587,,,,,,,
2004-08-13,1.2354,1.8432,110.67,1.3092,7.465,1.2405,,,,,,,
2004-08-16,1.2333,1.8392,110.64,1.3076,7.481,1.2438,,,,,,,
2004-08-17,1.2329,1.8288,110.07,1.308,7.486,1.2471,,,,,,,
2004-08-18,1.2299,1.8225,109.71,1.3074,7.502,1.2496,,,,,,,
2004-08-19,1.2368,1.8313,109.34,1.2964,7.449,1.242,,,,,,,
2004-08-20,1.2324,1.8213,109.32,1.298,7.464,1.2489,,,,,,,
2004-08-23,1.2196,1.8143,109.47,1.3065,7.525,1.265,,,,,,,
2004-08-24,1.2099,1.7935,109.63,1.3048,7.574,1.2725,,,,,,,
2004-08-25,1.209,1.7965,110.38,1.3047,7.58,1.2734,,,,,,,
2004-08-26,1.2084,1.7939,109.73,1.3123,7.558,1.2746,,,,,,,
2004-08-27,1.2025,1.7921,109.51,1.3104,7.584,1.283,,,,,,,
2004-08-30,1.2049,1.7925,109.84,1.3174,7.5694,1.279,,,,,,,
2004-08-31,1.2183,1.8031,109.0,1.3166,7.492,1.2641,,,,,,,
2004-09-01,1.2179,1.794,109.62,1.3071,7.4925,1.2615,2.1185909090909094,4.9469,0.09,2.346,2.0,0.584377681818182,1.86
2004-09-02,1.2164,1.7916,109.52,1.2995,7.5045,1.2615,,,,,,,
2004-09-03,1.2052,1.7759,110.47,1.3005,7.574,1.2713,,,,,,,
2004-09-06,,,,,,,,,,,,,
2004-09-07,1.2093,1.7733,109.32,1.2882,7.549,1.2701,,,,,,,
2004-09-08,1.2164,1.7882,109.22,1.2905,7.491,1.2624,,,,,,,
2004-09-09,1.2189,1.7853,109.69,1.2878,7.468,1.264,,,,,,,
2004-09-10,1.2282,1.7979,109.33,1.288,7.406,1.256,,,,,,,
2004-09-13,1.2251,1.7956,110.13,1.3,7.424,1.2593,,,,,,,
2004-09-14,1.2268,1.8001,109.4,1.292,7.422,1.2581,,,,,,,
2004-09-15,1.2144,1.7772,110.34,1.2987,7.5235,1.2704,,,,,,,
2004-09-16,1.2154,1.7909,109.75,1.2914,7.5026,1.2713,,,,,,,
2004-09-17,1.2174,1.7921,109.97,1.3002,7.47,1.2706,,,,,,,
2004-09-20,1.2172,1.788,109.87,1.2944,7.449,1.2729,,,,,,,
2004-09-21,1.2264,1.7946,109.94,1.2886,7.3827,1.2595,,,,,,,
2004-09-22,1.2261,1.7949,110.53,1.2816,7.386,1.2608,,,,,,,
2004-09-23,1.2298,1.8003,110.39,1.2782,7.344,1.2584,,,,,,,
2004-09-24,1.2256,1.8031,110.72,1.2763,7.3849,1.2638,,,,,,,
2004-09-27,1.2307,1.8076,111.13,1.2738,7.3595,1.2589,,,,,,,
2004-09-28,1.2306,1.8105,111.48,1.2754,7.365,1.2613,,,,,,,
2004-09-29,1.2308,1.797,110.9,1.273,7.36,1.262,,,,,,,
2004-09-30,1.2417,1.809,110.2,1.2648,7.289,1.2471,,,,,,,
2004-10-01,1.24,1.7976,110.45,1.2629,7.275,1.2496,2.14733333333333,4.90071,0.09,2.5325,1.99,0.620791047619048,2.04
2004-10-04,1.2274,1.7827,111.13,1.2726,7.381,1.2663,,,,,,,
2004-10-05,1.2316,1.7828,111.21,1.2625,7.3412,1.262,,,,,,,
2004-10-06,1.2298,1.779,111.34,1.2592,7.3475,1.2638,,,,,,,
2004-10-07,1.2286,1.7822,111.15,1.2577,7.36,1.2645,,,,,,,
2004-10-08,1.2418,1.7935,109.44,1.2512,7.303,1.2488,,,,,,,
2004-10-11,,,,,,,,,,,,,
2004-10-12,1.232,1.7879,109.79,1.2575,7.368,1.2564,,,,,,,
2004-10-13,1.2271,1.789,109.78,1.264,7.3825,1.26,,,,,,,
2004-10-14,1.2393,1.7972,109.6,1.2528,7.34,1.2452,,,,,,,
2004-10-15,1.2478,1.8048,109.14,1.252,7.29,1.2327,,,,,,,
2004-10-18,1.252,1.801,109.23,1.255,7.25,1.2296,,,,,,,
2004-10-19,1.2515,1.8039,108.36,1.2542,7.2572,1.2298,,,,,,,
2004-10-20,1.2627,1.8187,108.16,1.2432,7.1776,1.2181,,,,,,,
2004-10-21,1.2622,1.8297,107.43,1.2426,7.2,1.2168,,,,,,,
2004-10-22,1.2639,1.8277,107.42,1.2379,7.1968,1.2163,,,,,,,
2004-10-25,1.2783,1.8404,106.61,1.2232,7.0953,1.1982,,,,,,,
2004-10-26,1.2758,1.8369,106.63,1.2246,7.0723,1.2015,,,,,,,
2004-10-27,1.2725,1.8323,106.67,1.2253,7.088,1.2053,,,,,,,
2004-10-28,1.2759,1.832,106.09,1.2194,7.0839,1.1962,,,,,,,
2004-10-29,1.2746,1.8345,106.04,1.2209,7.0974,1.1988,,,,,,,
2004-11-01,1.2741,1.8323,106.41,1.2229,7.0997,1.2028,2.17031818181818,4.88359,0.09,2.64,1.99,0.648511,2.26
2004-11-02,1.2703,1.8385,106.29,1.2263,7.1406,1.2075,,,,,,,
2004-11-03,1.2787,1.8445,106.2,1.2121,7.088,1.1968,,,,,,,
2004-11-04,1.2883,1.844,106.02,1.2053,7.0536,1.1858,,,,,,,
2004-11-05,1.2938,1.8542,105.6,1.1981,7.0236,1.1806,,,,,,,
2004-11-08,1.2936,1.8564,105.57,1.1925,7.0252,1.1798,,,,,,,
2004-11-09,1.293,1.8589,105.57,1.195,7.0393,1.1808,,,,,,,
2004-11-10,1.2925,1.8476,106.91,1.1977,7.0139,1.1792,,,,,,,
2004-11-11,,,,,,,,,,,,,
2004-11-12,1.2973,1.8552,105.53,1.1919,6.914,1.1728,,,,,,,
2004-11-15,1.2944,1.848,105.53,1.2032,6.9166,1.1787,,,,,,,
2004-11-16,1.2979,1.8544,105.35,1.1932,6.8948,1.1743,,,,,,,
2004-11-17,1.3031,1.858,104.18,1.1925,6.8858,1.165,,,,,,,
2004-11-18,1.2982,1.8514,104.23,1.207,6.9108,1.1691,,,,,,,
2004-11-19,1.3059,1.86,102.8,1.1928,6.8557,1.1585,,,,,,,
2004-11-22,1.3048,1.859,103.2,1.1848,6.8708,1.1624,,,,,,,
2004-11-23,1.309,1.8713,103.42,1.1865,6.8497,1.1581,,,,,,,
2004-11-24,1.3162,1.8813,102.94,1.1813,6.783,1.1495,,,,,,,
2004-11-25,,,,,,,,,,,,,
2004-11-26,1.3288,1.8965,102.58,1.1775,6.7119,1.1389,,,,,,,
2004-11-29,1.3286,1.8948,102.61,1.1846,6.7007,1.1401,,,,,,,
2004-11-30,1.3259,1.9073,103.04,1.1902,6.7363,1.1421,,,,,,,
2004-12-01,1.3308,1.9297,102.78,1.1856,6.7168,1.144,2.17317391304348,4.87103,0.1,2.466,2.0,0.649346863636364,2.45
2004-12-02,1.3268,1.9225,103.11,1.1899,6.7638,1.1512,,,,,,,
2004-12-03,1.339,1.9375,102.56,1.1976,6.6522,1.1391,,,,,,,
2004-12-06,1.3431,1.9423,102.68,1.2012,6.6343,1.1381,,,,,,,
2004-12-07,1.3437,1.9459,102.74,1.2088,6.6315,1.1385,,,,,,,
2004-12-08,1.3252,1.9283,104.74,1.2248,6.7733,1.1585,,,,,,,
2004-12-09,1.3274,1.9185,104.93,1.2253,6.7723,1.1545,,,,,,,
2004-12-10,1.3224,1.9134,105.45,1.2273,6.8043,1.1613,,,,,,,
2004-12-13,1.3309,1.9235,104.67,1.2286,6.7221,1.1534,,,,,,,
2004-12-14,1.328,1.9239,105.59,1.2377,6.7593,1.1566,,,,,,,
2004-12-15,1.3429,1.9446,104.02,1.2229,6.6827,1.1393,,,,,,,
2004-12-16,1.3287,1.9375,104.36,1.2363,6.758,1.1555,,,,,,,
2004-12-17,1.3295,1.939,104.28,1.2257,6.746,1.1571,,,,,,,
2004-12-20,1.3396,1.9482,104.01,1.2297,6.6773,1.1482,,,,,,,
2004-12-21,1.3377,1.9263,104.33,1.2271,6.717,1.1526,,,,,,,
2004-12-22,1.339,1.9125,103.95,1.2401,6.738,1.1525,,,,,,,
2004-12-23,1.3491,1.9193,103.71,1.2358,6.6972,1.1444,,,,,,,
2004-12-24,1.3536,1.9236,103.65,1.2291,6.6685,1.1423,,,,,,,
2004-12-27,1.3625,1.9369,102.97,1.216,6.608,1.1351,,,,,,,
2004-12-28,1.3621,1.9316,103.13,1.2185,6.5939,1.1338,,,,,,,
2004-12-29,1.3568,1.9157,104.19,1.2165,6.6216,1.137,,,,,,,
2004-12-30,1.3623,1.922,103.11,1.2064,6.6215,1.1342,,,,,,,
2004-12-31,1.3538,1.916,102.68,1.2034,6.6687,1.1412,,,,,,,
2005-01-01,,,,,,,2.14542857142857,4.87316,0.1,2.455,2.0,0.651069238095238,2.61
2005-01-03,1.3476,1.9058,102.83,1.2108,6.6855,1.1466,,,,,,,
2005-01-04,1.3295,1.8834,104.27,1.2248,6.8144,1.1674,,,,,,,
2005-01-05,1.3292,1.8875,103.95,1.2236,6.7911,1.1673,,,,,,,
2005-01-06,1.3187,1.8751,104.87,1.2371,6.8655,1.1733,,,,,,,
2005-01-07,1.3062,1.8702,104.93,1.2333,6.92,1.1859,,,,,,,
2005-01-10,1.3109,1.8751,104.32,1.2194,6.8856,1.1792,,,,,,,
2005-01-11,1.3161,1.8796,103.42,1.2142,6.8616,1.1758,,,,,,,
2005-01-12,1.3281,1.8932,102.26,1.1982,6.8179,1.1649,,,,,,,
2005-01-13,1.3207,1.8832,102.55,1.2005,6.8465,1.1726,,,,,,,
2005-01-14,1.3106,1.8695,102.5,1.2188,6.905,1.1821,,,,,,,
2005-01-17,,,,,,,,,,,,,
2005-01-18,1.3043,1.8693,102.36,1.2217,6.9254,1.1839,,,,,,,
2005-01-19,1.3036,1.8742,102.52,1.2268,6.922,1.1833,,,,,,,
2005-01-20,1.2959,1.872,103.31,1.2334,6.9711,1.1904,,,,,,,
2005-01-21,1.3049,1.874,102.85,1.2211,6.9414,1.1853,,,,,,,
2005-01-24,1.3041,1.8778,102.67,1.2258,6.9516,1.1856,,,,,,,
2005-01-25,1.2954,1.8647,104.16,1.2381,7.0069,1.196,,,,,,,
2005-01-26,1.3081,1.8833,102.9,1.2307,6.938,1.1828,,,,,,,
2005-01-27,1.3032,1.8866,103.15,1.2366,6.9725,1.1859,,,,,,,
2005-01-28,1.3033,1.885,103.45,1.2422,6.9816,1.1876,,,,,,,
2005-01-31,1.3049,1.885,103.55,1.2396,6.9779,1.1877,,,,,,,
2005-02-01,1.3017,1.8792,103.93,1.2405,6.9838,1.1937,2.13835,4.89069,0.1,2.445,1.97,0.6771861,2.77
2005-02-02,1.3015,1.8826,104.05,1.2408,6.9673,1.1949,,,,,,,
2005-02-03,1.2959,1.8805,104.55,1.2424,7.008,1.2029,,,,,,,
2005-02-04,1.2927,1.885,103.7,1.2495,7.0223,1.2059,,,,,,,
2005-02-07,1.2773,1.8607,104.68,1.2562,7.1114,1.2222,,,,,,,
2005-02-08,1.2783,1.857,105.65,1.2476,7.1048,1.2203,,,,,,,
2005-02-09,1.2797,1.8582,105.84,1.2511,7.087,1.217,,,,,,,
2005-02-10,1.2882,1.8708,105.69,1.2406,7.0565,1.2087,,,,,,,
2005-02-11,1.2864,1.866,105.75,1.238,7.0702,1.2095,,,,,,,
2005-02-14,1.2981,1.8917,104.94,1.2342,6.9948,1.1975,,,,,,,
2005-02-15,1.2986,1.8894,104.47,1.2336,6.9858,1.1938,,,,,,,
2005-02-16,1.2994,1.878,105.62,1.2421,6.988,1.1911,,,,,,,
2005-02-17,1.3083,1.895,105.4,1.231,6.9557,1.1825,,,,,,,
2005-02-18,1.3075,1.8949,105.69,1.2294,6.967,1.1822,,,,,,,
2005-02-21,,,,,,,,,,,,,
2005-02-22,1.323,1.9092,104.15,1.2301,6.8697,1.1617,,,,,,,
2005-02-23,1.3208,1.9066,104.96,1.2402,6.8783,1.1638,,,,,,,
2005-02-24,1.3205,1.9104,105.41,1.2435,6.8724,1.1691,,,,,,,
2005-02-25,1.3195,1.9149,105.21,1.2407,6.8701,1.1686,,,,,,,
2005-02-28,1.3274,1.9249,104.25,1.2295,6.8275,1.1585,,,,,,,
2005-03-01,1.3189,1.9206,104.37,1.2425,6.8621,1.1654,2.13719047619048,4.98736,0.08,2.498,1.97,0.666316238095238,2.97
2005-03-02,1.3127,1.9124,104.71,1.2395,6.9105,1.1755,,,,,,,
2005-03-03,1.313,1.9098,105.02,1.2463,6.8863,1.1787,,,,,,,
2005-03-04,1.3244,1.9243,104.46,1.2324,6.822,1.168,,,,,,,
2005-03-07,1.3203,1.9159,105.22,1.23,6.8333,1.1757,,,,,,,
2005-03-08,1.3342,1.9292,104.51,1.2163,6.7716,1.1607,,,,,,,
2005-03-09,1.3384,1.9239,103.87,1.2064,6.7648,1.1608,,,,,,,
2005-03-10,1.3409,1.9233,104.15,1.205,6.7627,1.1546,,,,,,,
2005-03-11,1.3465,1.9261,103.93,1.2041,6.7312,1.1501,,,,,,,
2005-03-14,1.3346,1.9116,105.01,1.2087,6.814,1.1621,,,,,,,
2005-03-15,1.3315,1.9134,104.54,1.2064,6.8264,1.1651,,,,,,,
2005-03-16,1.3423,1.9264,104.1,1.2038,6.7722,1.1522,,,,,,,
2005-03-17,1.3373,1.924,104.57,1.2028,6.8021,1.1563,,,,,,,
2005-03-18,1.3311,1.9192,104.7,1.2027,6.8504,1.1649,,,,,,,
2005-03-21,1.3165,1.8974,105.1,1.211,6.9274,1.1785,,,,,,,
2005-03-22,1.321,1.8997,104.99,1.2017,6.9055,1.1757,,,,,,,
2005-03-23,1.3005,1.8712,105.76,1.2133,7.0185,1.1953,,,,,,,
2005-03-24,1.2957,1.8709,106.26,1.215,7.0308,1.199,,,,,,,
2005-03-25,1.2954,1.8684,106.32,1.218,7.0451,1.1998,,,,,,,
2005-03-28,1.2877,1.8657,107.22,1.2234,7.0716,1.206,,,,,,,
2005-03-29,1.2913,1.8752,107.49,1.2135,7.0682,1.2034,,,,,,,
2005-03-30,1.2944,1.8816,107.33,1.2164,7.0528,1.1964,,,,,,,
2005-03-31,1.2969,1.8888,107.22,1.2094,7.064,1.1952,,,,,,,
2005-04-01,1.2896,1.8789,107.57,1.2146,7.1093,1.2042,2.1372380952381,4.94336,0.08,2.47,1.99,0.67295219047619,3.09
2005-04-04,1.2838,1.8733,108.28,1.2202,7.1477,1.2108,,,,,,,
2005-04-05,1.2842,1.8773,108.43,1.2198,7.1438,1.208,,,,,,,
2005-04-06,1.2868,1.8787,108.67,1.2216,7.1145,1.2061,,,,,,,
2005-04-07,1.2906,1.8768,108.44,1.2205,7.0919,1.2012,,,,,,,
2005-04-08,1.2912,1.8824,108.26,1.2252,7.0986,1.1985,,,,,,,
2005-04-11,1.2972,1.8908,107.79,1.233,7.0564,1.1935,,,,,,,
2005-04-12,1.2873,1.8842,108.26,1.2408,7.1018,1.2037,,,,,,,
2005-04-13,1.2918,1.893,107.32,1.2365,7.0796,1.2,,,,,,,
2005-04-14,1.2819,1.8806,108.18,1.2417,7.1627,1.2135,,,,,,,
2005-04-15,1.2928,1.893,107.65,1.242,7.096,1.2011,,,,,,,
2005-04-18,1.3037,1.9052,107.39,1.2482,7.0513,1.1857,,,,,,,
2005-04-19,1.3034,1.9165,107.02,1.2409,7.0525,1.1843,,,,,,,
2005-04-20,1.308,1.9197,106.82,1.2388,7.0194,1.1797,,,,,,,
2005-04-21,1.3093,1.9104,106.85,1.2384,7.014,1.1788,,,,,,,
2005-04-22,1.3068,1.9151,105.85,1.2342,7.0118,1.1821,,,,,,,
2005-04-25,1.2984,1.9117,105.67,1.2372,7.0368,1.1885,,,,,,,
2005-04-26,1.2964,1.904,106.03,1.2462,7.0567,1.1894,,,,,,,
2005-04-27,1.2938,1.9047,105.98,1.2465,7.0646,1.192,,,,,,,
2005-04-28,1.2916,1.9097,105.97,1.2508,7.0886,1.1918,,,,,,,
2005-04-29,1.2919,1.9122,104.64,1.2568,7.1123,1.1898,,,,,,,
2005-05-01,,,,,,,2.12563636363636,4.89375,0.08,2.46,1.9,0.67066215,3.22
2005-05-02,1.2857,1.8959,105.07,1.2552,7.158,1.198,,,,,,,
2005-05-03,1.2889,1.891,105.16,1.2541,7.1289,1.1972,,,,,,,
2005-05-04,1.2936,1.9,104.77,1.2502,7.09,1.1927,,,,,,,
2005-05-05,1.2936,1.9048,104.41,1.2448,7.085,1.1969,,,,,,,
2005-05-06,1.2832,1.892,104.93,1.2429,7.1411,1.2058,,,,,,,
2005-05-09,1.2839,1.8836,105.54,1.2377,7.1405,1.2057,,,,,,,
2005-05-10,1.2877,1.8828,105.53,1.2373,7.1499,1.201,,,,,,,
2005-05-11,1.2803,1.8735,105.74,1.2474,7.2029,1.2067,,,,,,,
2005-05-12,1.2706,1.865,106.68,1.2493,7.2549,1.2152,,,,,,,
2005-05-13,1.2645,1.853,107.14,1.2625,7.2789,1.2227,,,,,,,
2005-05-16,1.263,1.8368,107.02,1.2703,7.3081,1.2223,,,,,,,
2005-05-17,1.2644,1.8401,107.15,1.2664,7.2754,1.2205,,,,,,,
2005-05-18,1.266,1.8382,107.05,1.2618,7.2561,1.2189,,,,,,,
2005-05-19,1.2628,1.8367,107.43,1.2627,7.2884,1.2235,,,,,,,
2005-05-20,1.2553,1.8246,108.17,1.2627,7.3069,1.2335,,,,,,,
2005-05-23,1.2575,1.8288,107.72,1.2578,7.2914,1.2311,,,,,,,
2005-05-24,1.2588,1.8288,107.46,1.2612,7.2841,1.2293,,,,,,,
2005-05-25,1.2602,1.8312,107.73,1.2641,7.2887,1.2264,,,,,,,
2005-05-26,1.2517,1.8205,107.95,1.268,7.348,1.2359,,,,,,,
2005-05-27,1.2568,1.8227,107.88,1.2585,7.3144,1.2324,,,,,,,
2005-05-30,,,,,,,,,,,,,
2005-05-31,1.2349,1.8231,107.97,1.2512,7.4108,1.2447,,,,,,,
2005-06-01,1.2232,1.812,108.42,1.2471,7.4735,1.2529,2.11104545454545,4.84144,0.09,2.448,1.65,0.672201227272727,3.38
2005-06-02,1.2266,1.8156,108.31,1.2473,7.446,1.2515,,,,,,,
2005-06-03,1.2227,1.8119,107.84,1.2483,7.469,1.2545,,,,,,,
2005-06-06,1.2268,1.8209,106.86,1.2447,7.4463,1.2489,,,,,,,
2005-06-07,1.2277,1.832,106.64,1.2471,7.4373,1.2464,,,,,,,
2005-06-08,1.232,1.8368,106.89,1.244,7.4542,1.2456,,,,,,,
2005-06-09,1.2216,1.8209,107.52,1.2549,7.5313,1.2552,,,,,,,
2005-06-10,1.2127,1.8128,108.45,1.2492,7.6037,1.2688,,,,,,,
2005-06-13,1.2035,1.8011,109.58,1.2578,7.7112,1.2778,,,,,,,
2005-06-14,1.2038,1.8062,109.38,1.2554,7.701,1.2776,,,,,,,
2005-06-15,1.2106,1.8219,109.34,1.2397,7.6619,1.271,,,,,,,
2005-06-16,1.2089,1.8206,109.08,1.2376,7.6663,1.2742,,,,,,,
2005-06-17,1.224,1.8266,108.83,1.235,7.527,1.2631,,,,,,,
2005-06-20,1.214,1.8231,109.42,1.2319,7.6047,1.2722,,,,,,,
2005-06-21,1.2134,1.824,108.52,1.231,7.621,1.2702,,,,,,,
2005-06-22,1.213,1.8218,108.89,1.2351,7.6708,1.2711,,,,,,,
2005-06-23,1.2054,1.818,108.79,1.2311,7.7893,1.2776,,,,,,,
2005-06-24,1.2088,1.8221,109.22,1.2329,7.7652,1.2749,,,,,,,
2005-06-27,1.2152,1.8252,109.39,1.2307,7.7291,1.2694,,,,,,,
2005-06-28,1.2078,1.8157,109.89,1.231,7.781,1.2791,,,,,,,
2005-06-29,1.2101,1.808,110.27,1.2263,7.8114,1.2786,,,,,,,
2005-06-30,1.2098,1.793,110.91,1.2256,7.8024,1.2827,,,,,,,
2005-07-01,1.1957,1.7708,111.68,1.2418,7.9218,1.2965,2.1194285714285694,4.65794,0.09,2.555,1.48,0.666276380952381,3.57
2005-07-04,,,,,,,,,,,,,
2005-07-05,1.1917,1.757,111.61,1.2437,7.9021,1.3036,,,,,,,
2005-07-06,1.1918,1.7583,112.07,1.2365,7.8774,1.3041,,,,,,,
2005-07-07,1.1928,1.7418,112.08,1.2288,7.8837,1.2978,,,,,,,
2005-07-08,1.1934,1.736,112.17,1.2207,7.9145,1.302,,,,,,,
2005-07-11,1.2066,1.7563,111.76,1.2115,7.8465,1.2886,,,,,,,
2005-07-12,1.22,1.7753,110.94,1.2048,7.7225,1.2754,,,,,,,
2005-07-13,1.209,1.7554,112.08,1.2073,7.7584,1.29,,,,,,,
2005-07-14,1.2089,1.7585,112.14,1.2071,7.7762,1.2899,,,,,,,
2005-07-15,1.2037,1.7533,112.32,1.2206,7.8077,1.2962,,,,,,,
2005-07-18,1.2077,1.7523,111.62,1.2154,7.7829,1.2916,,,,,,,
2005-07-19,1.2001,1.7364,112.95,1.2186,7.8437,1.3035,,,,,,,
2005-07-20,1.2046,1.7303,113.42,1.2218,7.8461,1.2971,,,,,,,
2005-07-21,1.2113,1.7471,110.47,1.2177,7.807,1.2887,,,,,,,
2005-07-22,1.2079,1.7413,110.98,1.218,7.8187,1.2951,,,,,,,
2005-07-25,1.2054,1.7455,111.59,1.2194,7.803,1.2965,,,,,,,
2005-07-26,1.2007,1.7415,112.3,1.2291,7.8618,1.3007,,,,,,,
2005-07-27,1.2048,1.7438,112.3,1.2341,7.8371,1.2986,,,,,,,
2005-07-28,1.2121,1.7547,112.34,1.2345,7.7526,1.288,,,,,,,
2005-07-29,1.2129,1.7593,112.25,1.2257,7.7614,1.287,,,,,,,
2005-08-01,1.2195,1.7695,112.12,1.2136,7.7058,1.278,2.13247826086957,4.59465,0.09,2.68,1.48,0.675881090909091,3.77
2005-08-02,1.2209,1.7728,111.28,1.2122,7.6748,1.2753,,,,,,,
2005-08-03,1.2337,1.7808,111.05,1.2128,7.6073,1.2616,,,,,,,
2005-08-04,1.2383,1.7797,111.17,1.2119,7.5354,1.2584,,,,,,,
2005-08-05,1.2327,1.7748,112.09,1.2185,7.5716,1.2663,,,,,,,
2005-08-08,1.2361,1.7863,111.87,1.2132,7.557,1.2607,,,,,,,
2005-08-09,1.2347,1.7844,112.07,1.214,7.567,1.2618,,,,,,,
2005-08-10,1.2345,1.7922,110.67,1.2113,7.5637,1.2608,,,,,,,
2005-08-11,1.2434,1.8071,109.92,1.2025,7.4762,1.2487,,,,,,,
2005-08-12,1.2428,1.8148,109.55,1.1946,7.4879,1.249,,,,,,,
2005-08-15,1.2362,1.8088,109.4,1.1968,7.5165,1.2553,,,,,,,
2005-08-16,1.2342,1.8096,109.37,1.198,7.5485,1.2573,,,,,,,
2005-08-17,1.229,1.8076,109.63,1.207,7.5935,1.2598,,,,,,,
2005-08-18,1.2178,1.7949,110.54,1.2178,7.6548,1.2705,,,,,,,
2005-08-19,1.2147,1.7933,110.68,1.2152,7.7121,1.2756,,,,,,,
2005-08-22,1.2235,1.8022,109.75,1.204,7.6502,1.2692,,,,,,,
2005-08-23,1.2213,1.7996,109.83,1.1981,7.6475,1.2722,,,,,,,
2005-08-24,1.2239,1.7965,110.35,1.1956,7.6251,1.2684,,,,,,,
2005-08-25,1.2311,1.8045,109.9,1.1888,7.5806,1.2556,,,,,,,
2005-08-26,1.2324,1.8066,109.85,1.1949,7.5757,1.2541,,,,,,,
2005-08-29,1.2248,1.8006,110.53,1.1965,7.6241,1.2642,,,,,,,
2005-08-30,1.2204,1.784,111.49,1.1919,7.6512,1.2703,,,,,,,
2005-08-31,1.233,1.8012,110.84,1.1893,7.5599,1.2546,,,,,,,
2005-09-01,1.2447,1.8279,110.16,1.1855,7.4869,1.24,2.13913636363636,4.59686,0.09,2.795,1.47,0.674919636363636,3.87
2005-09-02,1.2538,1.8403,109.66,1.188,7.3936,1.2287,,,,,,,
2005-09-05,,,,,,,,,,,,,
2005-09-06,1.2483,1.842,109.67,1.1867,7.448,1.2366,,,,,,,
2005-09-07,1.2439,1.8394,110.06,1.1855,7.4859,1.2399,,,,,,,
2005-09-08,1.24,1.8388,110.49,1.1822,7.5163,1.2442,,,,,,,
2005-09-09,1.2433,1.84,109.69,1.1749,7.4954,1.2413,,,,,,,
2005-09-12,1.2288,1.8236,109.91,1.1854,7.5615,1.257,,,,,,,
2005-09-13,1.2263,1.8214,110.85,1.18,7.6085,1.2625,,,,,,,
2005-09-14,1.2282,1.8244,110.27,1.1823,7.5869,1.2579,,,,,,,
2005-09-15,1.2216,1.8069,110.48,1.1863,7.6399,1.2673,,,,,,,
2005-09-16,1.2214,1.8035,111.38,1.1826,7.6509,1.271,,,,,,,
2005-09-19,1.2153,1.8041,111.3,1.1691,7.683,1.2761,,,,,,,
2005-09-20,1.2177,1.8046,111.54,1.1704,7.6667,1.2757,,,,,,,
2005-09-21,1.2208,1.8097,111.33,1.1682,7.6468,1.271,,,,,,,
2005-09-22,1.2153,1.7917,111.63,1.1668,7.6949,1.2787,,,,,,,
2005-09-23,1.2077,1.7788,112.17,1.1713,7.7628,1.2887,,,,,,,
2005-09-26,1.2036,1.7746,112.41,1.177,7.7876,1.2935,,,,,,,
2005-09-27,1.2011,1.7677,113.32,1.1777,7.8136,1.2967,,,,,,,
2005-09-28,1.2016,1.7639,113.27,1.1782,7.8074,1.2961,,,,,,,
2005-09-29,1.202,1.762,113.14,1.1725,7.7639,1.2964,,,,,,,
2005-09-30,1.2058,1.7696,113.29,1.1607,7.729,1.289,,,,,,,
2005-10-01,,,,,,,2.19661904761905,4.58701,0.09,2.98,1.49,0.722154380952381,4.13
2005-10-03,1.1914,1.7558,114.17,1.1657,7.8087,1.3022,,,,,,,
2005-10-04,1.1918,1.7587,114.33,1.172,7.8054,1.3018,,,,,,,
2005-10-05,1.1984,1.7655,113.72,1.1793,7.7641,1.2923,,,,,,,
2005-10-06,1.2133,1.7728,113.54,1.1815,7.687,1.2747,,,,,,,
2005-10-07,1.2115,1.7599,113.82,1.1746,7.7048,1.2796,,,,,,,
2005-10-10,,,,,,,,,,,,,
2005-10-11,1.2015,1.7489,114.21,1.1754,7.7675,1.288,,,,,,,
2005-10-12,1.204,1.7532,114.36,1.1706,7.759,1.285,,,,,,,
2005-10-13,1.1938,1.7484,114.97,1.1836,7.8836,1.2984,,,,,,,
2005-10-14,1.2073,1.7677,114.03,1.1854,7.8148,1.2842,,,,,,,
2005-10-17,1.204,1.7553,114.86,1.1801,7.8574,1.291,,,,,,,
2005-10-18,1.1939,1.7487,115.71,1.1802,7.9127,1.302,,,,,,,
2005-10-19,1.1988,1.7627,115.47,1.1776,7.8818,1.2944,,,,,,,
2005-10-20,1.1982,1.7712,115.48,1.1763,7.9157,1.2915,,,,,,,
2005-10-21,1.1958,1.7692,115.93,1.1842,7.9695,1.2916,,,,,,,
2005-10-24,1.1998,1.7711,115.18,1.1887,7.9511,1.2857,,,,,,,
2005-10-25,1.2099,1.7855,114.78,1.1768,7.8476,1.2762,,,,,,,
2005-10-26,1.2082,1.7766,115.81,1.1703,7.865,1.281,,,,,,,
2005-10-27,1.2148,1.7836,115.14,1.1695,7.8422,1.2731,,,,,,,
2005-10-28,1.2089,1.7781,115.52,1.1769,7.8794,1.2767,,,,,,,
2005-10-31,1.1995,1.7689,116.36,1.1796,7.9489,1.29,,,,,,,
2005-11-01,1.1998,1.763,116.63,1.1765,7.9958,1.2903,2.36086363636364,4.61847,0.09,3.206,1.51,0.865552090909091,4.31
2005-11-02,1.2067,1.7755,116.76,1.1806,7.9749,1.278,,,,,,,
2005-11-03,1.1971,1.772,117.21,1.1817,8.0252,1.2893,,,,,,,
2005-11-04,1.1828,1.751,118.2,1.1815,8.1153,1.3055,,,,,,,
2005-11-07,1.1795,1.744,117.57,1.1898,8.1391,1.3081,,,,,,,
2005-11-08,1.1773,1.7415,117.1,1.1885,8.1027,1.3102,,,,,,,
2005-11-09,1.1748,1.7415,117.51,1.1857,8.1609,1.3115,,,,,,,
2005-11-10,1.174,1.7462,118.05,1.1876,8.1959,1.31,,,,,,,
2005-11-11,,,,,,,,,,,,,
2005-11-14,1.1667,1.7349,118.88,1.196,8.2037,1.3202,,,,,,,
2005-11-15,1.1695,1.7366,118.93,1.1942,8.2296,1.3197,,,,,,,
2005-11-16,1.1672,1.7166,119.17,1.1918,8.2434,1.3255,,,,,,,
2005-11-17,1.1706,1.719,118.81,1.1864,8.2101,1.322,,,,,,,
2005-11-18,1.1741,1.7147,119.21,1.1907,8.1667,1.3188,,,,,,,
2005-11-21,1.1734,1.7165,119.03,1.182,8.1421,1.319,,,,,,,
2005-11-22,1.1737,1.7138,119.22,1.1771,8.1248,1.3195,,,,,,,
2005-11-23,1.1799,1.7214,118.76,1.172,8.054,1.3144,,,,,,,
2005-11-24,,,,,,,,,,,,,
2005-11-25,1.1724,1.7155,119.65,1.1691,8.0683,1.3197,,,,,,,
2005-11-28,1.1804,1.7221,119.25,1.1656,8.0139,1.311,,,,,,,
2005-11-29,1.1786,1.7203,119.48,1.1671,8.0736,1.3133,,,,,,,
2005-11-30,1.179,1.7321,119.66,1.167,8.0733,1.3148,,,,,,,
2005-12-01,1.1702,1.729,120.62,1.1682,8.1162,1.321,2.47285714285714,4.63732,0.1,3.35,1.69,0.9330752,4.45
2005-12-02,1.1699,1.7304,120.77,1.1627,8.05,1.3198,,,,,,,
2005-12-05,1.1787,1.7397,120.83,1.1565,8.0071,1.3083,,,,,,,
2005-12-06,1.1784,1.7402,120.82,1.1563,7.9569,1.3066,,,,,,,
2005-12-07,1.1722,1.735,120.93,1.1582,8.02,1.3134,,,,,,,
2005-12-08,1.183,1.7514,120.27,1.1572,7.9729,1.2997,,,,,,,
2005-12-09,1.1824,1.7554,120.54,1.158,7.9674,1.3024,,,,,,,
2005-12-12,1.1969,1.774,119.9,1.1507,7.8748,1.288,,,,,,,
2005-12-13,1.1926,1.7674,120.11,1.1516,7.9164,1.2952,,,,,,,
2005-12-14,1.2041,1.7739,116.81,1.1531,7.8323,1.2788,,,,,,,
2005-12-15,1.1965,1.7648,116.55,1.158,7.9072,1.2889,,,,,,,
2005-12-16,1.2012,1.7716,115.78,1.156,7.8679,1.2897,,,,,,,
2005-12-19,1.1996,1.7641,116.01,1.1633,7.8424,1.2932,,,,,,,
2005-12-20,1.1848,1.7544,117.01,1.1733,7.9606,1.311,,,,,,,
2005-12-21,1.1816,1.7402,117.4,1.1691,7.9716,1.3153,,,,,,,
2005-12-22,1.1883,1.7395,116.55,1.1665,7.9618,1.3103,,,,,,,
2005-12-23,1.1857,1.7326,116.38,1.1654,7.9807,1.314,,,,,,,
2005-12-26,,,,,,,,,,,,,
2005-12-27,1.1856,1.7308,117.07,1.1736,7.971,1.3142,,,,,,,
2005-12-28,1.1875,1.7226,117.62,1.1636,7.9226,1.3129,,,,,,,
2005-12-29,1.1846,1.7261,117.86,1.1642,7.9501,1.3143,,,,,,,
2005-12-30,1.1842,1.7188,117.88,1.1656,7.937,1.3148,,,,,,,
2006-01-01,,,,,,,2.51168181818182,4.60368,0.1036,3.42,1.83,0.924489476190476,4.56
2006-01-02,,,,,,,,,,,,,
2006-01-03,1.198,1.7404,116.34,1.1565,7.8097,1.2938,,,,,,,
2006-01-04,1.2091,1.7588,116.31,1.1515,7.7249,1.2801,,,,,,,
2006-01-05,1.2101,1.7566,115.96,1.1619,7.7092,1.277,,,,,,,
2006-01-06,1.2148,1.7697,114.45,1.165,7.6629,1.2695,,,,,,,
2006-01-09,1.2064,1.7645,114.66,1.1691,7.7165,1.2794,,,,,,,
2006-01-10,1.2063,1.7645,114.64,1.1628,7.7525,1.2805,,,,,,,
2006-01-11,1.2135,1.7643,113.96,1.1579,7.6956,1.2734,,,,,,,
2006-01-12,1.2035,1.7612,114.31,1.1624,7.7304,1.2859,,,,,,,
2006-01-13,1.2103,1.7715,114.43,1.1612,7.6967,1.2799,,,,,,,
2006-01-16,,,,,,,,,,,,,
2006-01-17,1.2073,1.7628,115.83,1.1642,7.7103,1.2833,,,,,,,
2006-01-18,1.2083,1.7622,115.35,1.1726,7.7155,1.2823,,,,,,,
2006-01-19,1.211,1.7618,115.07,1.1662,7.7157,1.2822,,,,,,,
2006-01-20,1.2101,1.7663,115.42,1.1531,7.6893,1.2826,,,,,,,
2006-01-23,1.2276,1.7842,114.67,1.1511,7.5385,1.2605,,,,,,,
2006-01-24,1.2287,1.7885,114.54,1.1547,7.5429,1.2595,,,,,,,
2006-01-25,1.2252,1.7874,115.73,1.148,7.5668,1.2636,,,,,,,
2006-01-26,1.2229,1.783,116.27,1.1502,7.5645,1.2684,,,,,,,
2006-01-27,1.213,1.7733,117.16,1.147,7.6098,1.2798,,,,,,,
2006-01-30,1.2091,1.7688,117.55,1.1443,7.64,1.2864,,,,,,,
2006-01-31,1.2158,1.782,116.88,1.1436,7.6029,1.2784,,,,,,,
2006-02-01,1.2092,1.7781,117.85,1.1401,7.6487,1.2841,2.60035,4.58199,0.11,3.63,1.93,0.9967605,4.72
2006-02-02,1.21,1.7807,118.26,1.1432,7.6718,1.2845,,,,,,,
2006-02-03,1.2021,1.7626,118.95,1.147,7.7128,1.2944,,,,,,,
2006-02-06,1.1971,1.7462,118.94,1.1455,7.77,1.3011,,,,,,,
2006-02-07,1.1974,1.7444,118.01,1.149,7.7684,1.2982,,,,,,,
2006-02-08,1.1935,1.7405,118.69,1.1535,7.768,1.3032,,,,,,,
2006-02-09,1.1963,1.7411,118.66,1.1455,7.7445,1.301,,,,,,,
2006-02-10,1.192,1.7454,117.64,1.1543,7.7873,1.3049,,,,,,,
2006-02-13,1.1905,1.7438,117.63,1.1548,7.8533,1.3074,,,,,,,
2006-02-14,1.1895,1.7343,117.43,1.1546,7.8439,1.3097,,,,,,,
2006-02-15,1.1884,1.7401,117.93,1.1541,7.8432,1.3107,,,,,,,
2006-02-16,1.1882,1.7354,117.91,1.1577,7.903,1.3127,,,,,,,
2006-02-17,1.1906,1.7403,118.43,1.1522,7.8654,1.3123,,,,,,,
2006-02-20,,,,,,,,,,,,,
2006-02-21,1.1912,1.7447,118.85,1.1464,7.8816,1.3082,,,,,,,
2006-02-22,1.1905,1.7425,118.51,1.1482,7.875,1.3114,,,,,,,
2006-02-23,1.1923,1.7522,117.0,1.1512,7.89,1.3083,,,,,,,
2006-02-24,1.1882,1.7448,116.87,1.152,7.9213,1.3158,,,,,,,
2006-02-27,1.186,1.7409,115.97,1.1418,7.9656,1.3201,,,,,,,
2006-02-28,1.1925,1.7539,115.82,1.1379,7.9154,1.3111,,,,,,,
2006-03-01,1.1899,1.7473,116.18,1.1365,7.9455,1.3165,2.72260869565217,4.58741,0.1255,3.76,1.96,1.11319943478261,4.88
2006-03-02,1.2003,1.7493,116.07,1.132,7.889,1.3041,,,,,,,
2006-03-03,1.2028,1.7531,116.46,1.1352,7.8605,1.299,,,,,,,
2006-03-06,1.2002,1.7492,117.46,1.1401,7.8709,1.3002,,,,,,,
2006-03-07,1.1888,1.7362,117.76,1.1468,7.9604,1.3126,,,,,,,
2006-03-08,1.1914,1.7359,117.9,1.1575,7.9299,1.3088,,,,,,,
2006-03-09,1.192,1.7366,117.96,1.1593,7.8913,1.3136,,,,,,,
2006-03-10,1.1886,1.7256,119.07,1.1605,7.8836,1.3201,,,,,,,
2006-03-13,1.1942,1.731,119.01,1.1616,7.8531,1.3141,,,,,,,
2006-03-14,1.2025,1.7479,117.36,1.1548,7.796,1.3008,,,,,,,
2006-03-15,1.2045,1.746,117.3,1.1553,7.7855,1.2999,,,,,,,
2006-03-16,1.2151,1.7552,117.13,1.154,7.697,1.2931,,,,,,,
2006-03-17,1.2197,1.7567,115.89,1.1587,7.6491,1.2893,,,,,,,
2006-03-20,1.2168,1.7563,116.25,1.1627,7.6703,1.2911,,,,,,,
2006-03-21,1.2079,1.7459,117.23,1.1647,7.7559,1.3038,,,,,,,
2006-03-22,1.2095,1.7483,116.72,1.1651,7.7406,1.3024,,,,,,,
2006-03-23,1.1984,1.7367,117.6,1.1657,7.8028,1.3159,,,,,,,
2006-03-24,1.2034,1.7427,117.5,1.1675,7.773,1.3099,,,,,,,
2006-03-27,1.2015,1.747,116.62,1.1685,7.7819,1.3092,,,,,,,
2006-03-28,1.2078,1.7497,117.23,1.1696,7.7599,1.3005,,,,,,,
2006-03-29,1.203,1.7356,117.8,1.1722,7.8385,1.3091,,,,,,,
2006-03-30,1.2132,1.7448,117.41,1.1628,7.7509,1.2989,,,,,,,
2006-03-31,1.2139,1.7393,117.48,1.167,7.7653,1.3025,,,,,,,
2006-04-01,,,,,,,2.79377777777778,4.6296,0.14,3.96,2.05,1.17550216666667,5.03
2006-04-03,1.2124,1.7389,117.82,1.1718,7.758,1.3044,,,,,,,
2006-04-04,1.2258,1.7559,117.44,1.1662,7.6444,1.2898,,,,,,,
2006-04-05,1.2272,1.7497,117.59,1.1619,7.6213,1.2857,,,,,,,
2006-04-06,1.2216,1.7504,117.72,1.1532,7.6323,1.2913,,,,,,,
2006-04-07,1.2109,1.7407,118.31,1.1464,7.7111,1.3029,,,,,,,
2006-04-10,1.2091,1.7405,118.66,1.1466,7.7476,1.3043,,,,,,,
2006-04-11,1.2125,1.7467,118.61,1.1457,7.6819,1.2997,,,,,,,
2006-04-12,1.2107,1.7508,118.47,1.1479,7.7091,1.2995,,,,,,,
2006-04-13,1.2107,1.7529,118.42,1.1514,7.6969,1.2979,,,,,,,
2006-04-14,1.2106,1.751,118.65,1.1513,7.6934,1.299,,,,,,,
2006-04-17,1.2267,1.7716,117.68,1.1452,7.579,1.2776,,,,,,,
2006-04-18,1.2274,1.7762,117.75,1.1421,7.5842,1.2759,,,,,,,
2006-04-19,1.2345,1.7895,117.58,1.1367,7.5257,1.2705,,,,,,,
2006-04-20,1.2326,1.7801,117.49,1.1386,7.5335,1.2776,,,,,,,
2006-04-21,1.234,1.7817,116.91,1.1372,7.5575,1.2751,,,,,,,
2006-04-24,1.2373,1.7839,114.93,1.1373,7.55,1.2701,,,,,,,
2006-04-25,1.2412,1.7876,114.83,1.1317,7.5177,1.2687,,,,,,,
2006-04-26,1.2464,1.7897,114.72,1.1271,7.4795,1.2675,,,,,,,
2006-04-27,1.2525,1.8011,114.02,1.1235,7.4291,1.2611,,,,,,,
2006-04-28,1.2624,1.822,113.79,1.1203,7.3579,1.2411,,,,,,,
2006-05-01,1.2607,1.8286,113.06,1.113,7.361,1.2386,2.889,4.7015,0.27,4.126,2.11,1.30199257142857,5.15
2006-05-02,1.2644,1.8397,113.26,1.1069,7.3929,1.2345,,,,,,,
2006-05-03,1.2639,1.8446,113.44,1.1072,7.3632,1.2351,,,,,,,
2006-05-04,1.2684,1.8485,113.46,1.1066,7.3434,1.2297,,,,,,,
2006-05-05,1.2733,1.8588,112.45,1.1071,7.3156,1.2257,,,,,,,
2006-05-08,1.272,1.8584,111.55,1.1116,7.321,1.2276,,,,,,,
2006-05-09,1.2747,1.8632,111.31,1.1022,7.3002,1.2223,,,,,,,
2006-05-10,1.2799,1.8648,110.55,1.1005,7.2867,1.2186,,,,,,,
2006-05-11,1.2855,1.8842,110.26,1.0989,7.2857,1.2106,,,,,,,
2006-05-12,1.2888,1.8911,110.49,1.1085,7.2632,1.202,,,,,,,
2006-05-15,1.2826,1.8836,110.21,1.1142,7.3148,1.2087,,,,,,,
2006-05-16,1.2817,1.8819,110.07,1.1112,7.3308,1.2118,,,,,,,
2006-05-17,1.2722,1.882,110.6,1.1116,7.3748,1.2178,,,,,,,
2006-05-18,1.2795,1.8878,110.89,1.1209,7.3134,1.2123,,,,,,,
2006-05-19,1.275,1.8755,111.76,1.1232,7.3264,1.2182,,,,,,,
2006-05-22,1.285,1.8861,111.62,1.1194,7.2656,1.2049,,,,,,,
2006-05-23,1.2844,1.8809,111.35,1.1174,7.256,1.2083,,,,,,,
2006-05-24,1.2747,1.8678,112.8,1.1228,7.3028,1.2188,,,,,,,
2006-05-25,1.2777,1.8719,111.92,1.1072,7.2847,1.2184,,,,,,,
2006-05-26,1.2739,1.8566,112.58,1.1072,7.2949,1.2265,,,,,,,
2006-05-29,,,,,,,,,,,,,
2006-05-30,1.2868,1.8825,112.18,1.0995,7.1975,1.211,,,,,,,
2006-05-31,1.2833,1.8732,112.26,1.1027,7.2143,1.2159,,,,,,,
2006-06-01,1.2824,1.8686,112.43,1.1003,7.2139,1.2197,2.98568181818182,4.73498,0.35,4.24,2.21,1.37270757142857,5.35
2006-06-02,1.2912,1.8817,111.66,1.1001,7.1416,1.2083,,,,,,,
2006-06-05,1.2953,1.8786,111.7,1.1011,7.0917,1.2027,,,,,,,
2006-06-06,1.2828,1.8608,113.26,1.115,7.1848,1.2155,,,,,,,
2006-06-07,1.2799,1.8585,113.35,1.1117,7.1917,1.2208,,,,,,,
2006-06-08,1.2648,1.8425,114.22,1.1233,7.306,1.233,,,,,,,
2006-06-09,1.2636,1.8426,113.89,1.1071,7.2937,1.2322,,,,,,,
2006-06-12,1.2587,1.844,114.17,1.0991,7.3298,1.2345,,,,,,,
2006-06-13,1.2574,1.8398,115.06,1.1077,7.3645,1.2356,,,,,,,
2006-06-14,1.2631,1.8491,114.85,1.1121,7.3351,1.2271,,,,,,,
2006-06-15,1.2616,1.8477,115.06,1.1172,7.3545,1.2317,,,,,,,
2006-06-16,1.2623,1.8484,115.12,1.1223,7.3446,1.2326,,,,,,,
2006-06-19,1.2577,1.8401,115.26,1.1232,7.3864,1.2413,,,,,,,
2006-06-20,1.2568,1.8399,115.02,1.1163,7.3371,1.2402,,,,,,,
2006-06-21,1.2665,1.846,114.76,1.1042,7.2666,1.2329,,,,,,,
2006-06-22,1.2582,1.8306,115.94,1.1175,7.3363,1.2421,,,,,,,
2006-06-23,1.2522,1.8204,116.26,1.1241,7.3688,1.2469,,,,,,,
2006-06-26,1.2554,1.819,116.38,1.1241,7.3378,1.2455,,,,,,,
2006-06-27,1.2589,1.8237,116.26,1.121,7.3477,1.2424,,,,,,,
2006-06-28,1.2532,1.8159,116.42,1.124,7.3679,1.2479,,,,,,,
2006-06-29,1.2534,1.8108,116.17,1.1156,7.3731,1.249,,,,,,,
2006-06-30,1.2779,1.8491,114.51,1.115,7.2135,1.2247,,,,,,,
2006-07-01,,,,,,,3.10219047619048,4.73322,0.44,4.2,2.28,1.42769528571429,5.46
2006-07-03,1.2793,1.841,114.92,1.1112,7.1949,1.2253,,,,,,,
2006-07-04,,,,,,,,,,,,,
2006-07-05,1.2726,1.8342,115.65,1.1115,7.2146,1.2336,,,,,,,
2006-07-06,1.2757,1.8376,115.18,1.1116,7.1883,1.2299,,,,,,,
2006-07-07,1.2822,1.8513,113.98,1.1132,7.1401,1.2223,,,,,,,
2006-07-10,1.2751,1.842,113.97,1.1246,7.1922,1.2294,,,,,,,
2006-07-11,1.2754,1.8431,114.15,1.1339,7.1824,1.2286,,,,,,,
2006-07-12,1.2706,1.8347,115.41,1.1353,7.2207,1.2344,,,,,,,
2006-07-13,1.2673,1.8404,115.45,1.1319,7.2498,1.2326,,,,,,,
2006-07-14,1.2641,1.8364,116.33,1.1274,7.2698,1.2358,,,,,,,
2006-07-17,1.2529,1.8203,117.08,1.1322,7.3709,1.2476,,,,,,,
2006-07-18,1.25,1.8271,117.44,1.1335,7.4136,1.2529,,,,,,,
2006-07-19,1.256,1.8377,117.08,1.1353,7.357,1.2497,,,,,,,
2006-07-20,1.2639,1.8495,116.83,1.1344,7.301,1.2435,,,,,,,
2006-07-21,1.2684,1.8586,116.34,1.1373,7.2883,1.2373,,,,,,,
2006-07-24,1.263,1.8492,116.65,1.1414,7.3338,1.2464,,,,,,,
2006-07-25,1.2576,1.8407,117.3,1.1415,7.3529,1.2534,,,,,,,
2006-07-26,1.2628,1.8474,116.85,1.1375,7.328,1.2488,,,,,,,
2006-07-27,1.2732,1.8627,115.55,1.1346,7.2489,1.2354,,,,,,,
2006-07-28,1.2748,1.8645,114.74,1.1297,7.2453,1.2333,,,,,,,
2006-07-31,1.2764,1.8685,114.44,1.1309,7.2147,1.2311,,,,,,,
2006-08-01,1.2778,1.8711,114.96,1.1312,7.2085,1.2317,3.22647826086957,4.94425,0.432,4.132,2.43,1.52308863636364,5.38
2006-08-02,1.2798,1.8781,114.54,1.1258,7.1795,1.2293,,,,,,,
2006-08-03,1.2779,1.8847,115.27,1.1262,7.2061,1.2332,,,,,,,
2006-08-04,1.2894,1.9098,114.21,1.1269,7.1386,1.2209,,,,,,,
2006-08-07,1.2867,1.9102,114.85,1.1182,7.1388,1.2223,,,,,,,
2006-08-08,1.2839,1.9077,115.01,1.1203,7.1534,1.2261,,,,,,,
2006-08-09,1.2888,1.9089,115.14,1.1197,7.1194,1.2228,,,,,,,
2006-08-10,1.2765,1.8888,115.59,1.1262,7.2051,1.2373,,,,,,,
2006-08-11,1.2757,1.8952,116.18,1.1206,7.2161,1.2388,,,,,,,
2006-08-14,1.2735,1.8902,116.53,1.124,7.2419,1.2403,,,,,,,
2006-08-15,1.2788,1.8948,115.96,1.1225,7.2095,1.2372,,,,,,,
2006-08-16,1.2864,1.8999,115.71,1.116,7.1434,1.2272,,,,,,,
2006-08-17,1.287,1.894,115.44,1.116,7.1414,1.2276,,,,,,,
2006-08-18,1.281,1.8808,115.79,1.1234,7.1915,1.2339,,,,,,,
2006-08-21,1.2914,1.8968,115.86,1.1183,7.1226,1.2226,,,,,,,
2006-08-22,1.2804,1.8881,116.61,1.1153,7.1816,1.2341,,,,,,,
2006-08-23,1.2794,1.8929,116.43,1.11,7.1833,1.2357,,,,,,,
2006-08-24,1.276,1.8884,116.38,1.111,7.2015,1.2381,,,,,,,
2006-08-25,1.2767,1.8884,117.31,1.1078,7.2448,1.2375,,,,,,,
2006-08-28,1.2784,1.8968,117.15,1.112,7.2387,1.2358,,,,,,,
2006-08-29,1.2768,1.8914,116.92,1.111,7.2302,1.2356,,,,,,,
2006-08-30,1.2825,1.9042,117.07,1.1099,7.2076,1.2293,,,,,,,
2006-08-31,1.2793,1.9024,117.35,1.1066,7.2428,1.2336,,,,,,,
2006-09-01,1.2833,1.905,117.21,1.1056,7.2666,1.2308,3.3353809523809494,5.02501,0.436,4.15,2.54,1.643369,5.34
2006-09-04,,,,,,,,,,,,,
2006-09-05,1.281,1.8926,116.04,1.1111,7.2601,1.2347,,,,,,,
2006-09-06,1.2787,1.881,116.73,1.1052,7.2894,1.2378,,,,,,,
2006-09-07,1.2757,1.8763,116.3,1.1099,7.3242,1.2405,,,,,,,
2006-09-08,1.2673,1.8655,116.89,1.1191,7.345,1.248,,,,,,,
2006-09-11,1.2699,1.863,117.57,1.1216,7.3009,1.2451,,,,,,,
2006-09-12,1.2693,1.8747,117.82,1.1186,7.2867,1.2482,,,,,,,
2006-09-13,1.2708,1.8767,117.47,1.1191,7.2738,1.2491,,,,,,,
2006-09-14,1.2736,1.8886,117.47,1.1158,7.241,1.2499,,,,,,,
2006-09-15,1.2648,1.8783,117.72,1.1192,7.282,1.258,,,,,,,
2006-09-18,1.2671,1.8773,118.02,1.1169,7.2541,1.2541,,,,,,,
2006-09-19,1.2683,1.8828,117.6,1.1229,7.2501,1.2512,,,,,,,
2006-09-20,1.2701,1.8894,117.29,1.1272,7.2632,1.2498,,,,,,,
2006-09-21,1.273,1.897,116.76,1.12,7.2746,1.2519,,,,,,,
2006-09-22,1.2796,1.9012,116.45,1.1171,7.2411,1.2349,,,,,,,
2006-09-25,1.2747,1.9001,116.43,1.1163,7.3,1.2385,,,,,,,
2006-09-26,1.2687,1.8954,117.16,1.1159,7.3286,1.2436,,,,,,,
2006-09-27,1.2699,1.8866,117.53,1.115,7.3028,1.2451,,,,,,,
2006-09-28,1.2697,1.8746,117.84,1.1108,7.2905,1.2474,,,,,,,
2006-09-29,1.2687,1.8716,117.99,1.1151,7.3127,1.2504,,,,,,,
2006-10-01,,,,,,,3.502,5.13176,0.447,4.1575,2.74,1.74738009090909,5.33
2006-10-02,1.2744,1.8861,117.66,1.1154,7.3226,1.2426,,,,,,,
2006-10-03,1.2727,1.8873,117.84,1.121,7.3251,1.2453,,,,,,,
2006-10-04,1.2687,1.8839,118.02,1.1286,7.3502,1.2517,,,,,,,
2006-10-05,1.2687,1.8772,117.69,1.1269,7.3072,1.2529,,,,,,,
2006-10-06,1.26,1.8712,118.89,1.1261,7.3537,1.2607,,,,,,,
2006-10-09,,,,,,,,,,,,,
2006-10-10,1.2541,1.8548,119.68,1.1318,7.394,1.2691,,,,,,,
2006-10-11,1.2547,1.8568,119.49,1.1357,7.375,1.2702,,,,,,,
2006-10-12,1.2537,1.8558,119.53,1.1356,7.3918,1.2708,,,,,,,
2006-10-13,1.2502,1.8551,119.81,1.1367,7.42,1.2752,,,,,,,
2006-10-16,1.2518,1.8606,119.25,1.1384,7.3957,1.2715,,,,,,,
2006-10-17,1.2564,1.8734,118.63,1.1379,7.3662,1.2645,,,,,,,
2006-10-18,1.2516,1.8675,119.09,1.1375,7.3988,1.2721,,,,,,,
2006-10-19,1.2594,1.876,118.35,1.1325,7.3429,1.2621,,,,,,,
2006-10-20,1.2613,1.8828,118.73,1.125,7.3079,1.2587,,,,,,,
2006-10-23,1.2544,1.871,119.32,1.1281,7.3382,1.268,,,,,,,
2006-10-24,1.2565,1.8745,119.25,1.1271,7.322,1.2658,,,,,,,
2006-10-25,1.2591,1.8772,119.13,1.1249,7.3238,1.2648,,,,,,,
2006-10-26,1.2669,1.8876,118.62,1.1254,7.281,1.2567,,,,,,,
2006-10-27,1.2725,1.8968,117.61,1.1185,7.2421,1.2496,,,,,,,
2006-10-30,1.2717,1.9025,117.38,1.1235,7.24,1.2488,,,,,,,
2006-10-31,1.2773,1.9084,116.82,1.1227,7.2111,1.2424,,,,,,,
2006-11-01,1.2771,1.9091,117.01,1.1313,7.205,1.2433,3.59718181818182,5.22544,0.502,4.178,2.9,1.80596172727273,5.32
2006-11-02,1.278,1.9088,117.12,1.1361,7.1945,1.2443,,,,,,,
2006-11-03,1.2705,1.9011,118.06,1.129,7.2096,1.2549,,,,,,,
2006-11-06,1.2715,1.8967,118.4,1.129,7.1954,1.2566,,,,,,,
2006-11-07,1.2806,1.9098,117.44,1.1276,7.1381,1.246,,,,,,,
2006-11-08,1.2775,1.9057,117.74,1.1275,7.1451,1.2494,,,,,,,
2006-11-09,1.2835,1.9067,117.92,1.1291,7.0765,1.2421,,,,,,,
2006-11-10,1.2861,1.912,117.47,1.1306,7.0647,1.2388,,,,,,,
2006-11-13,1.281,1.9024,118.14,1.1377,7.0922,1.2441,,,,,,,
2006-11-14,1.2812,1.8946,117.72,1.1393,7.0704,1.2449,,,,,,,
2006-11-15,1.2808,1.8883,118.06,1.1389,7.0867,1.2472,,,,,,,
2006-11-16,1.2808,1.8902,118.12,1.1401,7.0709,1.2467,,,,,,,
2006-11-17,1.2823,1.8936,117.73,1.1458,7.0764,1.2443,,,,,,,
2006-11-20,1.281,1.8963,118.16,1.1472,7.0928,1.2434,,,,,,,
2006-11-21,1.2824,1.8984,118.0,1.1474,7.1004,1.2419,,,,,,,
2006-11-22,1.2928,1.9145,116.61,1.1414,7.0201,1.2276,,,,,,,
2006-11-23,,,,,,,,,,,,,
2006-11-24,1.3081,1.9315,115.93,1.1346,6.9128,1.2114,,,,,,,
2006-11-27,1.312,1.9368,116.12,1.133,6.8906,1.2083,,,,,,,
2006-11-28,1.3162,1.948,116.14,1.131,6.8977,1.2062,,,,,,,
2006-11-29,1.3146,1.9492,116.29,1.1356,6.9131,1.2098,,,,,,,
2006-11-30,1.3261,1.9693,115.55,1.1413,6.8331,1.1966,,,,,,,
2006-12-01,1.3316,1.9794,115.33,1.1445,6.7674,1.1947,3.6842105263157903,5.29167,0.54,4.16,3.0,1.90840782352941,5.32
2006-12-04,1.3327,1.9788,115.37,1.1454,6.7719,1.1947,,,,,,,
2006-12-05,1.3327,1.9746,114.98,1.1415,6.7883,1.1911,,,,,,,
2006-12-06,1.3307,1.9692,115.07,1.1468,6.8134,1.1933,,,,,,,
2006-12-07,1.3296,1.9628,115.13,1.1482,6.7951,1.1953,,,,,,,
2006-12-08,1.3215,1.9564,116.23,1.1499,6.8525,1.2039,,,,,,,
2006-12-11,1.3223,1.9552,117.02,1.1474,6.8617,1.2036,,,,,,,
2006-12-12,1.3233,1.9655,117.15,1.1546,6.8172,1.203,,,,,,,
2006-12-13,1.3215,1.9663,117.43,1.1544,6.8475,1.2063,,,,,,,
2006-12-14,1.3174,1.9646,117.61,1.1565,6.8722,1.2126,,,,,,,
2006-12-15,1.3095,1.9538,117.84,1.1574,6.9058,1.2207,,,,,,,
2006-12-18,1.3073,1.9458,118.14,1.1571,6.9204,1.2243,,,,,,,
2006-12-19,1.3194,1.9666,117.93,1.1557,6.8297,1.2141,,,,,,,
2006-12-20,1.3183,1.9648,118.39,1.1483,6.8318,1.2169,,,,,,,
2006-12-21,1.3175,1.9622,118.26,1.1538,6.8066,1.2165,,,,,,,
2006-12-22,1.3131,1.957,118.9,1.1575,6.8423,1.2207,,,,,,,
2006-12-25,,,,,,,,,,,,,
2006-12-26,1.3132,1.9568,118.93,1.1596,6.8725,1.22,,,,,,,
2006-12-27,1.3125,1.9566,118.76,1.161,6.8892,1.2253,,,,,,,
2006-12-28,1.3158,1.9621,118.95,1.1599,6.8755,1.2207,,,,,,,
2006-12-29,1.3197,1.9586,119.02,1.1652,6.8342,1.2195,,,,,,,
2007-01-01,,,,,,,3.75186363636364,5.48623,0.54,4.156,3.21,2.05046923809524,5.32
2007-01-02,1.3286,1.9736,118.83,1.1647,6.7818,1.2125,,,,,,,
2007-01-03,1.3169,1.9498,119.58,1.1699,6.8539,1.2263,,,,,,,
2007-01-04,1.3094,1.9443,119.28,1.1766,6.9335,1.2314,,,,,,,
2007-01-05,1.3005,1.9305,118.77,1.1753,6.9744,1.2366,,,,,,,
2007-01-08,1.3023,1.9385,118.49,1.1777,6.9972,1.2357,,,,,,,
2007-01-09,1.2995,1.94,119.45,1.1782,7.0232,1.2417,,,,,,,
2007-01-10,1.294,1.9334,119.52,1.177,7.0542,1.2459,,,,,,,
2007-01-11,1.2904,1.9439,120.49,1.1761,7.0829,1.2482,,,,,,,
2007-01-12,1.2926,1.9577,120.36,1.1706,7.033,1.2485,,,,,,,
2007-01-15,,,,,,,,,,,,,
2007-01-16,1.2918,1.9605,120.64,1.1748,7.0117,1.248,,,,,,,
2007-01-17,1.2948,1.972,120.54,1.1737,7.0183,1.2456,,,,,,,
2007-01-18,1.2942,1.9715,121.32,1.1752,7.0442,1.2496,,,,,,,
2007-01-19,1.2968,1.9759,121.22,1.1722,7.0231,1.2479,,,,,,,
2007-01-22,1.2957,1.9772,121.56,1.1758,7.0368,1.2484,,,,,,,
2007-01-23,1.3025,1.9847,121.54,1.1813,6.9686,1.2404,,,,,,,
2007-01-24,1.2964,1.9675,120.77,1.1824,6.989,1.2481,,,,,,,
2007-01-25,1.298,1.9703,120.97,1.1781,6.9935,1.2439,,,,,,,
2007-01-26,1.2909,1.9598,121.53,1.1798,7.0418,1.2534,,,,,,,
2007-01-29,1.2948,1.9592,121.81,1.1815,6.9933,1.2528,,,,,,,
2007-01-30,1.2954,1.9617,121.7,1.1814,6.972,1.253,,,,,,,
2007-01-31,1.2998,1.9611,121.02,1.1792,6.9653,1.247,,,,,,,
2007-02-01,1.3021,1.9686,120.67,1.1756,6.9436,1.2427,3.8182,5.5657,0.66,4.18,3.29,2.11132155,5.31
2007-02-02,1.296,1.9662,121.02,1.1838,6.9889,1.2476,,,,,,,
2007-02-05,1.2933,1.96,120.34,1.1816,7.0564,1.2481,,,,,,,
2007-02-06,1.2969,1.9693,120.35,1.1819,7.0393,1.2414,,,,,,,
2007-02-07,1.302,1.9699,120.65,1.1851,6.9993,1.2398,,,,,,,
2007-02-08,1.3034,1.9586,121.19,1.1852,6.9653,1.2471,,,,,,,
2007-02-09,1.3005,1.9512,121.59,1.1736,6.995,1.2484,,,,,,,
2007-02-12,1.2962,1.9474,121.77,1.1746,7.0409,1.2532,,,,,,,
2007-02-13,1.3024,1.9443,121.24,1.1686,7.0316,1.2489,,,,,,,
2007-02-14,1.3126,1.9628,120.8,1.166,6.9595,1.2399,,,,,,,
2007-02-15,1.314,1.9532,119.49,1.1642,7.031,1.2362,,,,,,,
2007-02-16,1.3137,1.9499,119.23,1.1638,7.0379,1.2341,,,,,,,
2007-02-19,,,,,,,,,,,,,
2007-02-20,1.3134,1.9547,120.1,1.1697,7.051,1.2369,,,,,,,
2007-02-21,1.3126,1.9524,120.99,1.1609,7.0839,1.2393,,,,,,,
2007-02-22,1.3134,1.9571,121.3,1.1616,7.0823,1.2383,,,,,,,
2007-02-23,1.3164,1.9639,121.1,1.1586,7.0572,1.2332,,,,,,,
2007-02-26,1.3159,1.9631,120.76,1.1601,7.0481,1.2327,,,,,,,
2007-02-27,1.3246,1.9661,118.67,1.1639,6.9711,1.2205,,,,,,,
2007-02-28,1.323,1.9613,118.33,1.17,6.998,1.2189,,,,,,,
2007-03-01,1.3173,1.9579,117.53,1.1711,7.0502,1.2226,3.8909090909090898,5.54946,0.66,4.1675,3.26,2.15987477272727,5.3
2007-03-02,1.3182,1.9458,116.82,1.1752,7.0407,1.2173,,,,,,,
2007-03-05,1.3094,1.9235,116.01,1.181,7.106,1.2218,,,,,,,
2007-03-06,1.3108,1.927,116.5,1.1759,7.0618,1.2241,,,,,,,
2007-03-07,1.3148,1.9315,116.41,1.1785,7.0432,1.2208,,,,,,,
2007-03-08,1.3129,1.93,117.35,1.1802,7.0768,1.2287,,,,,,,
2007-03-09,1.3118,1.9318,118.15,1.1712,7.0928,1.2332,,,,,,,
2007-03-12,1.3186,1.9291,117.51,1.1689,7.0471,1.225,,,,,,,
2007-03-13,1.3199,1.9322,116.96,1.1687,7.0311,1.2218,,,,,,,
2007-03-14,1.3227,1.9337,116.33,1.1755,7.0294,1.2139,,,,,,,
2007-03-15,1.3249,1.9365,117.26,1.1757,6.9889,1.2142,,,,,,,
2007-03-16,1.3307,1.9423,116.77,1.1738,6.9674,1.2079,,,,,,,
2007-03-19,1.3299,1.946,117.58,1.175,6.986,1.2125,,,,,,,
2007-03-20,1.3291,1.958,117.32,1.1638,6.9862,1.2137,,,,,,,
2007-03-21,1.3305,1.9596,117.83,1.1578,6.985,1.2151,,,,,,,
2007-03-22,1.3359,1.9672,117.79,1.1574,6.9622,1.2115,,,,,,,
2007-03-23,1.3302,1.9632,117.82,1.1601,6.9821,1.2169,,,,,,,
2007-03-26,1.3336,1.9694,117.84,1.1627,6.9786,1.2144,,,,,,,
2007-03-27,1.3357,1.9664,117.8,1.1584,6.9776,1.213,,,,,,,
2007-03-28,1.3331,1.9611,116.83,1.1579,7.0101,1.2147,,,,,,,
2007-03-29,1.3336,1.9627,117.75,1.1577,6.9898,1.2166,,,,,,,
2007-03-30,1.3374,1.9685,117.56,1.153,6.9837,1.2126,,,,,,,
2007-04-01,,,,,,,3.97526315789474,5.64899,0.65,4.1625,3.34,2.22386673684211,5.31
2007-04-02,1.3374,1.9786,117.69,1.1556,7.0057,1.2139,,,,,,,
2007-04-03,1.3363,1.9781,118.83,1.1573,7.0035,1.2192,,,,,,,
2007-04-04,1.3364,1.9756,118.72,1.1583,6.96,1.2194,,,,,,,
2007-04-05,1.3426,1.9708,118.66,1.1509,6.9073,1.2145,,,,,,,
2007-04-06,1.338,1.9655,119.33,1.1511,6.9355,1.2215,,,,,,,
2007-04-09,1.3367,1.9608,119.28,1.1522,6.9452,1.225,,,,,,,
2007-04-10,1.3436,1.9718,119.07,1.1479,6.9003,1.2165,,,,,,,
2007-04-11,1.3436,1.9786,119.36,1.1449,6.9027,1.2194,,,,,,,
2007-04-12,1.3484,1.9769,118.99,1.1362,6.8731,1.2157,,,,,,,
2007-04-13,1.3518,1.9829,119.27,1.1379,6.8735,1.2154,,,,,,,
2007-04-16,1.355,1.9907,119.84,1.1309,6.7987,1.2132,,,,,,,
2007-04-17,1.3569,2.0061,118.96,1.1293,6.7873,1.2092,,,,,,,
2007-04-18,1.3574,2.0041,118.27,1.1288,6.7845,1.2056,,,,,,,
2007-04-19,1.3605,2.0029,118.36,1.1286,6.766,1.2044,,,,,,,
2007-04-20,1.3601,2.0047,118.81,1.1227,6.759,1.2081,,,,,,,
2007-04-23,1.358,2.0017,118.47,1.1225,6.7681,1.2088,,,,,,,
2007-04-24,1.3622,2.0028,118.52,1.1228,6.7512,1.2031,,,,,,,
2007-04-25,1.3647,2.0042,118.62,1.1146,6.7149,1.203,,,,,,,
2007-04-26,1.359,1.9903,119.5,1.1202,6.7339,1.2092,,,,,,,
2007-04-27,1.3625,1.9985,119.59,1.1152,6.7119,1.2081,,,,,,,
2007-04-30,1.366,2.0,119.44,1.1068,6.6975,1.2064,,,,,,,
2007-05-01,1.36,1.9993,119.77,1.1088,6.7123,1.2151,4.07136363636364,5.76742,0.67,4.19,3.4,2.31683825,5.31
2007-05-02,1.3598,1.991,120.05,1.1087,6.7093,1.2138,,,,,,,
2007-05-03,1.3566,1.9878,120.33,1.1069,6.7323,1.2151,,,,,,,
2007-05-04,1.3587,1.9931,120.16,1.1069,6.7496,1.2115,,,,,,,
2007-05-07,1.3616,1.9944,119.96,1.1024,6.7306,1.2096,,,,,,,
2007-05-08,1.3532,1.9902,119.89,1.1048,6.7878,1.2182,,,,,,,
2007-05-09,1.3549,1.9963,119.8,1.1063,6.7976,1.2165,,,,,,,
2007-05-10,1.3512,1.9833,120.37,1.1073,6.8199,1.2192,,,,,,,
2007-05-11,1.3519,1.9824,120.19,1.1136,6.8309,1.2188,,,,,,,
2007-05-14,1.3544,1.9803,120.37,1.1067,6.8094,1.2194,,,,,,,
2007-05-15,1.3603,1.9862,120.22,1.0976,6.7539,1.2135,,,,,,,
2007-05-16,1.3522,1.9774,120.74,1.1028,6.8095,1.222,,,,,,,
2007-05-17,1.3494,1.9748,121.3,1.0976,6.8377,1.2268,,,,,,,
2007-05-18,1.3511,1.9755,121.09,1.0883,6.8194,1.2267,,,,,,,
2007-05-21,1.3457,1.9695,121.57,1.0854,6.8519,1.2306,,,,,,,
2007-05-22,1.3464,1.9768,121.47,1.0854,6.8199,1.23,,,,,,,
2007-05-23,1.3482,1.9879,121.52,1.0816,6.8231,1.2266,,,,,,,
2007-05-24,1.3429,1.9852,121.46,1.0841,6.8416,1.2294,,,,,,,
2007-05-25,1.3452,1.9845,121.72,1.0794,6.8346,1.2281,,,,,,,
2007-05-28,,,,,,,,,,,,,
2007-05-29,1.3483,1.9814,121.79,1.0719,6.8779,1.2227,,,,,,,
2007-05-30,1.3419,1.9747,121.48,1.0753,6.9376,1.2259,,,,,,,
2007-05-31,1.3453,1.9797,121.76,1.0701,6.9191,1.2252,,,,,,,
2007-06-01,1.344,1.9804,122.1,1.0602,6.9293,1.2299,4.147761904761911,5.88018,0.73,4.36,3.45,2.44371828571429,5.33
2007-06-04,1.3488,1.9922,121.72,1.0579,6.9161,1.2231,,,,,,,
2007-06-05,1.3526,1.9941,121.49,1.0605,6.8872,1.2187,,,,,,,
2007-06-06,1.3492,1.9915,121.08,1.0586,6.9225,1.2176,,,,,,,
2007-06-07,1.3456,1.9798,121.34,1.0611,6.928,1.2243,,,,,,,
2007-06-08,1.3359,1.9657,121.62,1.0622,6.9992,1.2345,,,,,,,
2007-06-11,1.3359,1.9686,121.78,1.0614,6.9962,1.2386,,,,,,,
2007-06-12,1.3325,1.975,121.76,1.0636,7.0644,1.2424,,,,,,,
2007-06-13,1.3295,1.9728,122.37,1.0668,7.0708,1.2447,,,,,,,
2007-06-14,1.3311,1.9696,122.97,1.0684,7.0794,1.2452,,,,,,,
2007-06-15,1.3365,1.9765,123.55,1.0678,7.0405,1.2428,,,,,,,
2007-06-18,1.3401,1.9822,123.67,1.072,7.038,1.2409,,,,,,,
2007-06-19,1.3416,1.9884,123.39,1.0638,7.0116,1.2402,,,,,,,
2007-06-20,1.3426,1.9937,123.6,1.0646,6.8968,1.2374,,,,,,,
2007-06-21,1.3399,1.9924,123.68,1.0727,6.9052,1.2404,,,,,,,
2007-06-22,1.3438,1.9975,124.09,1.0676,6.8791,1.2316,,,,,,,
2007-06-25,1.345,1.9962,123.84,1.0712,6.8768,1.2305,,,,,,,
2007-06-26,1.3468,1.9997,123.49,1.0692,6.8845,1.2284,,,,,,,
2007-06-27,1.3433,1.9965,122.52,1.0716,6.891,1.2291,,,,,,,
2007-06-28,1.3466,2.0022,123.01,1.0626,6.8555,1.2286,,,,,,,
2007-06-29,1.352,2.0063,123.39,1.0634,6.8455,1.224,,,,,,,
2007-07-01,,,,,,,4.21618181818182,6.02396,0.77,4.4975,3.53,2.6117274090909106,5.32
2007-07-02,1.3627,2.0161,122.32,1.0553,6.7934,1.2112,,,,,,,
2007-07-03,1.3615,2.0168,122.4,1.0593,6.7678,1.2152,,,,,,,
2007-07-04,,,,,,,,,,,,,
2007-07-05,1.3592,2.0114,122.82,1.0567,6.7394,1.2178,,,,,,,
2007-07-06,1.3626,2.0119,123.27,1.0478,6.7316,1.2181,,,,,,,
2007-07-09,1.3623,2.0166,123.34,1.0479,6.7468,1.217,,,,,,,
2007-07-10,1.3714,2.0248,122.19,1.052,6.6919,1.2074,,,,,,,
2007-07-11,1.3757,2.032,122.13,1.0557,6.6634,1.2044,,,,,,,
2007-07-12,1.3776,2.0288,122.5,1.0467,6.6416,1.2033,,,,,,,
2007-07-13,1.3788,2.0344,121.99,1.0476,6.6331,1.2019,,,,,,,
2007-07-16,1.3785,2.0374,121.9,1.043,6.637,1.2018,,,,,,,
2007-07-17,1.3782,2.0455,122.36,1.0435,6.6519,1.203,,,,,,,
2007-07-18,1.3808,2.0534,121.83,1.0435,6.6468,1.1997,,,,,,,
2007-07-19,1.3811,2.049,122.06,1.0425,6.6413,1.2023,,,,,,,
2007-07-20,1.3831,2.0566,121.15,1.044,6.6263,1.1998,,,,,,,
2007-07-23,1.3817,2.0585,121.31,1.045,6.6526,1.2054,,,,,,,
2007-07-24,1.3824,2.0626,120.57,1.0372,6.657,1.205,,,,,,,
2007-07-25,1.3711,2.0511,120.33,1.0423,6.7223,1.214,,,,,,,
2007-07-26,1.373,2.0488,119.14,1.0504,6.7333,1.2068,,,,,,,
2007-07-27,1.3647,2.029,118.56,1.059,6.7417,1.2073,,,,,,,
2007-07-30,1.3681,2.0238,118.41,1.0689,6.7249,1.2015,,,,,,,
2007-07-31,1.3711,2.0364,119.13,1.0656,6.7147,1.2021,,,,,,,
2007-08-01,1.3682,2.0309,118.71,1.0565,6.7607,1.2013,4.5436086956521695,6.41946,0.84,4.262,3.58,2.60672072727273,5.49
2007-08-02,1.3693,2.0346,119.35,1.0528,6.7344,1.206,,,,,,,
2007-08-03,1.3785,2.0426,118.43,1.0526,6.6979,1.1933,,,,,,,
2007-08-06,1.3789,2.0293,118.04,1.0513,6.695,1.1873,,,,,,,
2007-08-07,1.3747,2.0202,118.48,1.0553,6.727,1.1954,,,,,,,
2007-08-08,1.3808,2.0368,119.76,1.0497,6.6954,1.1946,,,,,,,
2007-08-09,1.3701,2.0271,118.69,1.0566,6.7548,1.1967,,,,,,,
2007-08-10,1.3686,2.0219,118.0,1.0538,6.7744,1.1969,,,,,,,
2007-08-13,1.3624,2.0123,118.47,1.0508,6.8409,1.2057,,,,,,,
2007-08-14,1.3581,2.0,118.21,1.0635,6.8653,1.2095,,,,,,,
2007-08-15,1.3479,1.9923,117.19,1.0746,6.9495,1.2181,,,,,,,
2007-08-16,1.3402,1.9829,114.03,1.0754,6.998,1.2175,,,,,,,
2007-08-17,1.3492,1.9828,113.81,1.0635,6.9111,1.2043,,,,,,,
2007-08-20,1.3468,1.983,114.49,1.058,6.9417,1.2066,,,,,,,
2007-08-21,1.3483,1.9813,114.42,1.0601,6.9626,1.2033,,,,,,,
2007-08-22,1.3535,1.9916,114.95,1.062,6.9261,1.2062,,,,,,,
2007-08-23,1.356,2.0035,115.81,1.0566,6.9147,1.2061,,,,,,,
2007-08-24,1.3645,2.0099,116.12,1.0525,6.8671,1.2015,,,,,,,
2007-08-27,1.3645,2.0134,116.05,1.0515,6.8675,1.2032,,,,,,,
2007-08-28,1.3626,2.0065,114.7,1.0616,6.8894,1.2006,,,,,,,
2007-08-29,1.3675,2.0182,115.52,1.0592,6.8584,1.1986,,,,,,,
2007-08-30,1.3648,2.016,115.81,1.0567,6.8724,1.2032,,,,,,,
2007-08-31,1.3641,2.0165,115.83,1.056,6.8822,1.2071,,,,,,,
2007-09-01,,,,,,,4.7417,6.64694,0.85,3.9975,3.62,2.49345425,5.46
2007-09-03,1.3641,2.0165,115.83,1.056,6.8822,1.2071,,,,,,,
2007-09-04,1.3606,2.0109,116.21,1.0493,6.8946,1.2109,,,,,,,
2007-09-05,1.3669,2.0221,115.15,1.0508,6.8662,1.2025,,,,,,,
2007-09-06,1.3697,2.0242,115.33,1.0534,6.8188,1.2008,,,,,,,
2007-09-07,1.3772,2.0283,113.57,1.0546,6.7865,1.1882,,,,,,,
2007-09-10,1.3794,2.0288,113.43,1.0532,6.7768,1.186,,,,,,,
2007-09-11,1.3837,2.0319,113.97,1.043,6.7414,1.1864,,,,,,,
2007-09-12,1.3904,2.0314,114.24,1.0372,6.6684,1.1844,,,,,,,
2007-09-13,1.3885,2.0278,115.37,1.0324,6.666,1.187,,,,,,,
2007-09-14,1.3848,2.0067,115.31,1.0292,6.696,1.1914,,,,,,,
2007-09-17,1.386,1.992,114.93,1.0307,6.6935,1.1874,,,,,,,
2007-09-18,1.3869,1.9973,115.75,1.0234,6.6884,1.1891,,,,,,,
2007-09-19,1.395,1.9983,116.21,1.0147,6.6251,1.1856,,,,,,,
2007-09-20,1.4092,2.0132,114.18,1.0011,6.5347,1.1697,,,,,,,
2007-09-21,1.4076,2.0208,115.6,1.0008,6.5284,1.1735,,,,,,,
2007-09-24,1.4086,2.0222,114.92,1.0011,6.5133,1.1739,,,,,,,
2007-09-25,1.4128,2.0169,114.48,1.0005,6.5151,1.1681,,,,,,,
2007-09-26,1.4126,2.0159,115.66,1.0045,6.535,1.171,,,,,,,
2007-09-27,1.4138,2.0235,115.76,1.0031,6.5211,1.1735,,,,,,,
2007-09-28,1.4219,2.0389,114.97,0.9959,6.4745,1.1672,,,,,,,
2007-10-01,1.4229,2.0436,115.91,0.9929,6.447,1.1683,4.68739130434783,6.27014,0.85,3.936,3.81,2.45670126086957,5.08
2007-10-02,1.4163,2.0417,115.83,1.0002,6.5023,1.175,,,,,,,
2007-10-03,1.4135,2.0369,116.74,0.9961,6.4982,1.1791,,,,,,,
2007-10-04,1.4128,2.0392,116.59,0.998,6.5118,1.1752,,,,,,,
2007-10-05,1.4154,2.0436,116.83,0.9815,6.4713,1.176,,,,,,,
2007-10-08,1.4154,2.0436,116.83,0.9815,6.4713,1.176,,,,,,,
2007-10-09,1.4092,2.0331,116.98,0.9846,6.4976,1.1838,,,,,,,
2007-10-10,1.4157,2.0432,117.17,0.9813,6.4517,1.1808,,,,,,,
2007-10-11,1.4228,2.0342,117.71,0.9744,6.4025,1.1801,,,,,,,
2007-10-12,1.4168,2.034,117.5,0.9737,6.4243,1.1852,,,,,,,
2007-10-15,1.4216,2.0419,117.37,0.9756,6.4107,1.1799,,,,,,,
2007-10-16,1.4165,2.0327,116.61,0.9778,6.4607,1.1831,,,,,,,
2007-10-17,1.4208,2.0387,116.62,0.9736,6.446,1.1816,,,,,,,
2007-10-18,1.4291,2.0457,115.64,0.9733,6.4132,1.1697,,,,,,,
2007-10-19,1.4263,2.0484,115.15,0.9637,6.428,1.1718,,,,,,,
2007-10-22,1.4138,2.0279,114.07,0.9811,6.5156,1.1777,,,,,,,
2007-10-23,1.4248,2.0495,114.65,0.9673,6.4515,1.1727,,,,,,,
2007-10-24,1.4237,2.0491,113.94,0.971,6.4792,1.1726,,,,,,,
2007-10-25,1.4299,2.0485,114.09,0.9673,6.4345,1.1671,,,,,,,
2007-10-26,1.439,2.0514,114.01,0.9619,6.3817,1.1627,,,,,,,
2007-10-29,1.4405,2.0609,114.69,0.9547,6.3836,1.1654,,,,,,,
2007-10-30,1.4424,2.0671,114.72,0.9534,6.3654,1.1615,,,,,,,
2007-10-31,1.4468,2.0777,115.27,0.9496,6.3608,1.1589,,,,,,,
2007-11-01,1.4435,2.0818,114.87,0.9497,6.4111,1.1591,4.63854545454545,6.40858,0.87,3.9625,4.02,2.29504331818182,4.97
2007-11-02,1.4481,2.082,114.74,0.936,6.4015,1.1543,,,,,,,
2007-11-05,1.4469,2.0799,114.54,0.9337,6.407,1.1536,,,,,,,
2007-11-06,1.4555,2.0859,114.51,0.9243,6.3523,1.1453,,,,,,,
2007-11-07,1.4667,2.1045,113.29,0.9168,6.2989,1.1335,,,,,,,
2007-11-08,1.4691,2.1104,112.66,0.9303,6.2978,1.1265,,,,,,,
2007-11-09,1.4665,2.0911,110.9,0.9385,6.326,1.1232,,,,,,,
2007-11-12,,,,,,,,,,,,,
2007-11-13,1.4598,2.0729,110.31,0.9639,6.3451,1.1256,,,,,,,
2007-11-14,1.467,2.0586,111.38,0.9608,6.2813,1.1222,,,,,,,
2007-11-15,1.4639,2.0483,110.78,0.9804,6.31,1.1224,,,,,,,
2007-11-16,1.4652,2.048,111.05,0.9727,6.3244,1.117,,,,,,,
2007-11-19,1.4658,2.0478,110.05,0.9839,6.3258,1.1163,,,,,,,
2007-11-20,1.4787,2.0652,110.05,0.9848,6.2809,1.1099,,,,,,,
2007-11-21,1.4829,2.0585,108.54,0.9894,6.2921,1.1037,,,,,,,
2007-11-22,1.4829,2.0585,108.54,0.9894,6.2921,1.1037,,,,,,,
2007-11-23,1.4825,2.0564,108.17,0.9887,6.2701,1.1026,,,,,,,
2007-11-26,1.4862,2.0681,108.17,0.9877,6.2356,1.1005,,,,,,,
2007-11-27,1.4817,2.0653,108.64,0.9968,6.2915,1.1054,,,,,,,
2007-11-28,1.475,2.0688,110.38,0.9907,6.334,1.1186,,,,,,,
2007-11-29,1.4766,2.0642,109.94,0.9928,6.3503,1.1177,,,,,,,
2007-11-30,1.4688,2.0567,111.02,1.0007,6.3806,1.1287,,,,,,,
2007-12-01,,,,,,,4.848368421052631,6.35943,0.86,3.8325,4.12,2.34431588235294,5.02
2007-12-03,1.4657,2.0658,110.44,1.0,6.4022,1.1291,,,,,,,
2007-12-04,1.4759,2.0577,109.68,1.0106,6.3636,1.1172,,,,,,,
2007-12-05,1.4666,2.0288,110.85,1.0127,6.405,1.1249,,,,,,,
2007-12-06,1.4638,2.0289,111.05,1.0125,6.4169,1.1276,,,,,,,
2007-12-07,1.4664,2.0289,111.72,1.0051,6.3984,1.1296,,,,,,,
2007-12-10,1.4714,2.0457,111.6,1.0103,6.3889,1.1276,,,,,,,
2007-12-11,1.4702,2.0387,111.77,1.0107,6.3991,1.133,,,,,,,
2007-12-12,1.4702,2.0494,112.36,1.0107,6.4069,1.1355,,,,,,,
2007-12-13,1.4591,2.0395,112.26,1.0216,6.4681,1.1432,,,,,,,
2007-12-14,1.4433,2.0197,113.35,1.0135,6.5069,1.1536,,,,,,,
2007-12-17,1.4369,2.0168,113.2,1.0072,6.5705,1.1522,,,,,,,
2007-12-18,1.4392,2.014,113.17,1.0105,6.5681,1.1529,,,,,,,
2007-12-19,1.4344,1.9931,113.44,1.0056,6.6089,1.1563,,,,,,,
2007-12-20,1.4353,1.9821,112.97,0.9983,6.584,1.1563,,,,,,,
2007-12-21,1.4361,1.9833,113.95,0.9943,6.5911,1.1566,,,,,,,
2007-12-24,1.4409,1.9774,114.45,0.9871,6.5808,1.1567,,,,,,,
2007-12-25,,,,,,,,,,,,,
2007-12-26,1.45,1.9833,114.08,0.9834,6.5187,1.1504,,,,,,,
2007-12-27,1.4601,1.9907,114.0,0.9808,6.4854,1.1409,,,,,,,
2007-12-28,1.4718,1.9929,112.93,0.9784,6.4086,1.1275,,,,,,,
2007-12-31,1.4603,1.9843,111.71,0.9881,6.4568,1.1329,,,,,,,
2008-01-01,,,,,,,4.48154545454545,5.65965,0.85,3.582,4.11,2.28750271428571,3.84
2008-01-02,1.4738,1.9824,109.7,0.9922,6.3966,1.1174,,,,,,,
2008-01-03,1.4736,1.9733,109.58,0.9905,6.3547,1.1134,,,,,,,
2008-01-04,1.4786,1.9757,108.38,0.9988,6.3352,1.1064,,,,,,,
2008-01-07,1.4684,1.9703,109.1,1.005,6.3821,1.1176,,,,,,,
2008-01-08,1.4717,1.9731,109.29,0.9985,6.3752,1.1138,,,,,,,
2008-01-09,1.4663,1.9564,109.4,1.0083,6.421,1.1151,,,,,,,
2008-01-10,1.474,1.9565,109.38,1.0139,6.3521,1.1069,,,,,,,
2008-01-11,1.4787,1.9592,109.11,1.0198,6.3435,1.1026,,,,,,,
2008-01-14,1.4877,1.9583,108.18,1.021,6.308,1.0928,,,,,,,
2008-01-15,1.4842,1.9671,107.07,1.0167,6.3341,1.0917,,,,,,,
2008-01-16,1.4643,1.9638,107.27,1.0238,6.4398,1.1008,,,,,,,
2008-01-17,1.469,1.9744,107.01,1.029,6.4161,1.0993,,,,,,,
2008-01-18,1.4616,1.9529,106.82,1.0294,6.4475,1.101,,,,,,,
2008-01-21,,,,,,,,,,,,,
2008-01-22,1.4609,1.9577,106.76,1.0248,6.5015,1.0986,,,,,,,
2008-01-23,1.4574,1.9515,105.42,1.0282,6.5289,1.0898,,,,,,,
2008-01-24,1.4737,1.9733,106.68,1.0071,6.4207,1.0869,,,,,,,
2008-01-25,1.4673,1.9802,107.31,1.0044,6.4562,1.0986,,,,,,,
2008-01-28,1.4789,1.9857,106.65,1.0042,6.3968,1.0878,,,,,,,
2008-01-29,1.4767,1.9857,107.08,0.9978,6.396,1.094,,,,,,,
2008-01-30,1.4782,1.988,107.25,0.9936,6.3714,1.0927,,,,,,,
2008-01-31,1.4841,1.9895,106.74,1.0018,6.3758,1.0845,,,,,,,
2008-02-01,1.4851,1.9687,106.3,0.9939,6.3512,1.0821,4.36209523809524,5.64202,0.85,3.265,4.21,2.41745680952381,3.06
2008-02-04,1.4832,1.9777,106.73,0.9927,6.3268,1.0892,,,,,,,
2008-02-05,1.4638,1.9626,106.94,1.0043,6.4433,1.1005,,,,,,,
2008-02-06,1.4647,1.9604,106.75,1.0023,6.4218,1.0977,,,,,,,
2008-02-07,1.4495,1.942,106.82,1.0115,6.5116,1.1049,,,,,,,
2008-02-08,1.4505,1.9473,107.34,0.9994,6.4903,1.1038,,,,,,,
2008-02-11,1.4506,1.9486,106.64,1.0018,6.5012,1.1023,,,,,,,
2008-02-12,1.4592,1.9622,107.42,0.9963,6.4343,1.1006,,,,,,,
2008-02-13,1.4569,1.9618,108.15,0.9992,6.4116,1.1074,,,,,,,
2008-02-14,1.4635,1.9708,107.97,0.9967,6.3771,1.0984,,,,,,,
2008-02-15,1.4674,1.9613,107.67,1.0013,6.3418,1.0913,,,,,,,
2008-02-18,,,,,,,,,,,,,
2008-02-19,1.4742,1.9511,107.5,1.0159,6.3093,1.093,,,,,,,
2008-02-20,1.4663,1.9405,107.97,1.0188,6.3517,1.1003,,,,,,,
2008-02-21,1.4813,1.9614,107.6,1.0083,6.285,1.0916,,,,,,,
2008-02-22,1.4825,1.9668,106.98,1.0155,6.2909,1.0856,,,,,,,
2008-02-25,1.4822,1.9668,107.88,0.9982,6.2909,1.0856,,,,,,,
2008-02-26,1.4889,1.9747,107.73,0.9861,6.2503,1.0849,,,,,,,
2008-02-27,1.5132,1.9923,106.38,0.9776,6.1643,1.0637,,,,,,,
2008-02-28,1.5172,1.9879,105.64,0.9717,6.1741,1.0533,,,,,,,
2008-02-29,1.5187,1.9864,104.19,0.9796,6.1716,1.0435,,,,,,,
2008-03-01,,,,,,,4.59636842105263,5.89929,0.84,2.185,4.24,2.28812894736842,2.79
2008-03-03,1.5195,1.985,103.57,0.9867,6.1562,1.0431,,,,,,,
2008-03-04,1.521,1.9854,102.67,0.9954,6.1598,1.0354,,,,,,,
2008-03-05,1.5282,1.9939,103.99,0.9897,6.1232,1.0364,,,,,,,
2008-03-06,1.5356,2.0073,103.1,0.9847,6.102,1.0291,,,,,,,
2008-03-07,1.5333,2.0128,102.69,0.9916,6.1337,1.025,,,,,,,
2008-03-10,1.5369,2.0166,101.8,0.9975,6.1191,1.0192,,,,,,,
2008-03-11,1.5329,2.0041,102.87,0.9953,6.1279,1.0292,,,,,,,
2008-03-12,1.5495,2.0211,102.38,0.9895,6.0762,1.0217,,,,,,,
2008-03-13,1.5584,2.0311,100.58,0.9841,6.0559,1.0116,,,,,,,
2008-03-14,1.5604,2.0294,100.2,0.9867,6.0541,1.0072,,,,,,,
2008-03-17,1.5765,2.0008,96.88,0.9977,6.0058,0.986,,,,,,,
2008-03-18,1.5784,2.0216,98.23,0.9938,5.9863,0.9899,,,,,,,
2008-03-19,1.5642,1.9858,99.34,1.0027,6.0065,1.0006,,,,,,,
2008-03-20,1.5417,1.9823,98.79,1.0265,6.1176,1.0107,,,,,,,
2008-03-21,1.5447,1.9826,99.4,1.0239,6.098,1.0085,,,,,,,
2008-03-24,1.5394,1.9852,100.77,1.0203,6.1328,1.023,,,,,,,
2008-03-25,1.5595,1.9997,100.07,1.0176,6.0231,1.0088,,,,,,,
2008-03-26,1.5761,2.0019,99.12,1.018,5.9696,0.9955,,,,,,,
2008-03-27,1.5798,2.0097,99.87,1.0146,5.9498,0.9932,,,,,,,
2008-03-28,1.5759,1.989,99.71,1.018,5.954,0.9981,,,,,,,
2008-03-31,1.5805,1.9855,99.85,1.0275,5.936,0.9921,,,,,,,
2008-04-01,1.5615,1.9774,101.77,1.0268,6.0079,1.0108,4.7835,5.91881,0.84,2.404,4.14,2.18122622727273,2.85
2008-04-02,1.5618,1.9827,102.77,1.0173,5.992,1.0148,,,,,,,
2008-04-03,1.5667,1.9961,102.21,1.0079,5.9678,1.0079,,,,,,,
2008-04-04,1.5735,1.9947,101.75,1.0088,5.9543,1.0052,,,,,,,
2008-04-07,1.5713,1.9855,102.62,1.0108,5.957,1.0144,,,,,,,
2008-04-08,1.5705,1.969,102.55,1.0151,5.961,1.014,,,,,,,
2008-04-09,1.5804,1.9726,101.83,1.0192,5.9338,1.0019,,,,,,,
2008-04-10,1.5744,1.9742,101.71,1.0178,5.962,1.0051,,,,,,,
2008-04-11,1.5796,1.9707,101.09,1.0216,5.9586,1.0016,,,,,,,
2008-04-14,1.5827,1.9816,100.87,1.0207,5.94,0.9975,,,,,,,
2008-04-15,1.5801,1.9627,101.33,1.0181,5.9512,1.0019,,,,,,,
2008-04-16,1.5978,1.9756,101.4,1.0021,5.8751,0.9979,,,,,,,
2008-04-17,1.5924,1.9908,102.22,1.0107,5.9066,1.0025,,,,,,,
2008-04-18,1.5742,1.9965,104.56,1.0084,5.9732,1.0253,,,,,,,
2008-04-21,1.5881,1.9813,103.38,1.0066,5.8976,1.0121,,,,,,,
2008-04-22,1.601,1.9994,102.7,1.0033,5.8346,1.0004,,,,,,,
2008-04-23,1.5898,1.9786,103.55,1.0194,5.873,1.0146,,,,,,,
2008-04-24,1.5668,1.9716,104.2,1.0131,5.946,1.0341,,,,,,,
2008-04-25,1.5634,1.9833,104.17,1.0163,5.9758,1.0335,,,,,,,
2008-04-28,1.5648,1.9908,104.3,1.0158,5.9758,1.0339,,,,,,,
2008-04-29,1.5604,1.9747,103.4,1.0128,5.9991,1.0329,,,,,,,
2008-04-30,1.5568,1.9847,104.53,1.0092,5.991,1.0422,,,,,,,
2008-05-01,1.5458,1.9749,104.04,1.0187,6.0513,1.0478,4.85738095238095,5.82639,0.84,2.65,4.11,2.0428156,2.66
2008-05-02,1.5431,1.9756,105.33,1.0182,6.0685,1.0562,,,,,,,
2008-05-05,1.5491,1.9679,105.12,1.0125,6.0386,1.0539,,,,,,,
2008-05-06,1.5548,1.9747,104.54,1.0036,6.0022,1.0485,,,,,,,
2008-05-07,1.537,1.9522,105.28,1.002,6.0595,1.0583,,,,,,,
2008-05-08,1.5409,1.9543,103.87,1.0149,6.0295,1.051,,,,,,,
2008-05-09,1.5447,1.9486,103.01,1.0062,6.0035,1.0432,,,,,,,
2008-05-12,1.5536,1.9616,103.83,1.0037,5.9753,1.0443,,,,,,,
2008-05-13,1.5509,1.947,104.41,0.9996,5.9924,1.049,,,,,,,
2008-05-14,1.5467,1.9451,105.2,1.0018,6.0158,1.0558,,,,,,,
2008-05-15,1.5492,1.9488,104.61,0.9996,6.0302,1.0531,,,,,,,
2008-05-16,1.5591,1.958,103.86,0.9966,5.9696,1.0448,,,,,,,
2008-05-19,1.5516,1.9472,104.55,0.9914,5.9827,1.0545,,,,,,,
2008-05-20,1.5667,1.9705,103.66,0.9928,5.9288,1.0376,,,,,,,
2008-05-21,1.5772,1.9669,103.34,0.984,5.9094,1.0297,,,,,,,
2008-05-22,1.5703,1.9785,104.03,0.9861,5.9313,1.0324,,,,,,,
2008-05-23,1.5784,1.9818,103.22,0.9883,5.8934,1.0235,,,,,,,
2008-05-26,,,,,,,,,,,,,
2008-05-27,1.5731,1.9751,103.98,0.9932,5.9096,1.0284,,,,,,,
2008-05-28,1.5628,1.9806,104.69,0.9913,5.9784,1.0382,,,,,,,
2008-05-29,1.5527,1.9759,105.52,0.9871,5.9965,1.048,,,,,,,
2008-05-30,1.556,1.9793,105.46,0.9938,5.9959,1.0426,,,,,,,
2008-06-01,,,,,,,4.9405238095238095,5.92944,0.86,2.6125,4.17,2.1437270952381,2.76
2008-06-02,1.555,1.9666,104.41,1.0011,6.026,1.0379,,,,,,,
2008-06-03,1.5454,1.965,105.29,1.0051,6.0382,1.0437,,,,,,,
2008-06-04,1.5453,1.9548,104.99,1.0145,6.0405,1.0408,,,,,,,
2008-06-05,1.556,1.9563,106.0,1.0195,5.9867,1.0398,,,,,,,
2008-06-06,1.5731,1.9695,105.33,1.0187,5.9242,1.0237,,,,,,,
2008-06-09,1.5718,1.9758,106.06,1.0223,5.947,1.0237,,,,,,,
2008-06-10,1.5473,1.9543,107.19,1.0241,6.0457,1.0404,,,,,,,
2008-06-11,1.5562,1.9646,106.77,1.017,6.0168,1.0328,,,,,,,
2008-06-12,1.5418,1.9467,107.94,1.023,6.088,1.0441,,,,,,,
2008-06-13,1.5368,1.9496,107.92,1.0282,6.0954,1.0485,,,,,,,
2008-06-16,1.5472,1.9637,108.19,1.021,6.0387,1.0435,,,,,,,
2008-06-17,1.5519,1.9544,108.03,1.0201,6.03,1.0428,,,,,,,
2008-06-18,1.5502,1.957,108.05,1.0186,6.0506,1.0413,,,,,,,
2008-06-19,1.5502,1.9729,107.95,1.013,6.0588,1.0457,,,,,,,
2008-06-20,1.5626,1.9737,107.42,1.0173,6.0162,1.0345,,,,,,,
2008-06-23,1.5492,1.9609,107.89,1.0161,6.0654,1.0474,,,,,,,
2008-06-24,1.5591,1.9707,107.76,1.0135,6.0363,1.0384,,,,,,,
2008-06-25,1.557,1.9672,108.29,1.0134,6.0393,1.0424,,,,,,,
2008-06-26,1.5738,1.9873,107.29,1.0121,5.9777,1.0274,,,,,,,
2008-06-27,1.5749,1.9938,106.28,1.012,5.9813,1.0205,,,,,,,
2008-06-30,1.5748,1.9906,106.17,1.0185,6.0208,1.0202,,,,,,,
2008-07-01,1.5778,1.993,105.73,1.022,5.9874,1.0183,4.961,5.8322,0.85,2.368,4.34,2.20689582608696,2.79
2008-07-02,1.5869,1.9925,105.87,1.0127,5.969,1.0151,,,,,,,
2008-07-03,1.5708,1.9825,106.79,1.0204,5.9876,1.0273,,,,,,,
2008-07-04,,,,,,,,,,,,,
2008-07-07,1.5646,1.9697,107.55,1.0174,6.0087,1.0328,,,,,,,
2008-07-08,1.5653,1.9685,107.35,1.0205,6.028,1.0324,,,,,,,
2008-07-09,1.5744,1.9812,107.12,1.0108,6.0026,1.0301,,,,,,,
2008-07-10,1.5771,1.9777,107.03,1.0103,5.9991,1.0282,,,,,,,
2008-07-11,1.5898,1.9895,106.14,1.0093,5.956,1.0179,,,,,,,
2008-07-14,1.5914,1.9925,106.18,1.006,5.96,1.0162,,,,,,,
2008-07-15,1.5923,2.0036,104.78,1.0015,5.9611,1.0089,,,,,,,
2008-07-16,1.5847,1.9995,104.64,1.002,6.0066,1.0148,,,,,,,
2008-07-17,1.5861,2.0038,105.82,1.0018,5.9636,1.0197,,,,,,,
2008-07-18,1.5855,1.9985,106.75,1.0053,5.9584,1.0207,,,,,,,
2008-07-21,1.5877,1.9979,106.74,1.0019,5.9532,1.0207,,,,,,,
2008-07-22,1.5811,1.9941,107.11,1.0083,5.9905,1.0283,,,,,,,
2008-07-23,1.5708,2.0021,107.68,1.0088,6.0233,1.0372,,,,,,,
2008-07-24,1.5657,1.9832,107.62,1.0114,6.04,1.039,,,,,,,
2008-07-25,1.5687,1.988,107.89,1.0167,6.0375,1.0386,,,,,,,
2008-07-28,1.5747,1.9943,107.49,1.022,6.0056,1.0332,,,,,,,
2008-07-29,1.5588,1.9805,108.19,1.026,6.0793,1.0454,,,,,,,
2008-07-30,1.5559,1.981,108.17,1.024,6.0615,1.0484,,,,,,,
2008-07-31,1.5589,1.9806,108.1,1.0261,6.0532,1.0489,,,,,,,
2008-08-01,1.5567,1.9743,107.59,1.0251,6.078,1.048,4.96519047619048,5.76619,0.85,2.47,4.4,2.1833859,2.79
2008-08-04,1.5569,1.9606,108.23,1.0355,6.0757,1.0492,,,,,,,
2008-08-05,1.5468,1.9532,108.2,1.0425,6.1048,1.0548,,,,,,,
2008-08-06,1.5409,1.9479,109.39,1.047,6.109,1.0602,,,,,,,
2008-08-07,1.5341,1.9439,109.44,1.051,6.1147,1.0617,,,,,,,
2008-08-08,1.5047,1.9193,110.09,1.0677,6.2419,1.0801,,,,,,,
2008-08-11,1.4958,1.9144,110.08,1.0673,6.279,1.0828,,,,,,,
2008-08-12,1.4905,1.9005,109.78,1.0641,6.2987,1.088,,,,,,,
2008-08-13,1.4895,1.8682,108.71,1.0658,6.2883,1.0855,,,,,,,
2008-08-14,1.4856,1.8715,109.75,1.0621,6.303,1.0911,,,,,,,
2008-08-15,1.4695,1.8651,110.48,1.0609,6.3661,1.096,,,,,,,
2008-08-18,1.473,1.8673,110.07,1.0603,6.3458,1.0959,,,,,,,
2008-08-19,1.4746,1.8655,109.68,1.0606,6.3784,1.0927,,,,,,,
2008-08-20,1.4701,1.8603,109.98,1.0627,6.387,1.1008,,,,,,,
2008-08-21,1.4875,1.8758,108.35,1.0454,6.2983,1.0862,,,,,,,
2008-08-22,1.48,1.8544,109.88,1.0456,6.32,1.097,,,,,,,
2008-08-25,1.4803,1.8587,109.11,1.0463,6.3244,1.0926,,,,,,,
2008-08-26,1.466,1.8387,109.83,1.0486,6.3914,1.1004,,,,,,,
2008-08-27,1.4684,1.8318,109.72,1.0483,6.408,1.1009,,,,,,,
2008-08-28,1.4685,1.8264,109.56,1.0527,6.4212,1.0994,,,,,,,
2008-08-29,1.4669,1.819,108.69,1.0631,6.4399,1.1019,,,,,,,
2008-09-01,,,,,,,5.01918181818182,5.9106,0.87,2.1175,4.49,2.124653,3.59
2008-09-02,1.4522,1.7853,108.85,1.0698,6.5066,1.107,,,,,,,
2008-09-03,1.4489,1.7795,108.18,1.061,6.54,1.1055,,,,,,,
2008-09-04,1.436,1.7689,107.76,1.064,6.5897,1.1094,,,,,,,
2008-09-05,1.4273,1.7687,106.96,1.0637,6.6271,1.111,,,,,,,
2008-09-08,1.4126,1.7543,107.91,1.0694,6.7067,1.1306,,,,,,,
2008-09-09,1.4173,1.7672,107.1,1.0677,6.7109,1.125,,,,,,,
2008-09-10,1.402,1.7547,107.86,1.0735,6.7817,1.136,,,,,,,
2008-09-11,1.3939,1.7497,106.66,1.0797,6.8395,1.1395,,,,,,,
2008-09-12,1.4172,1.7896,107.51,1.0606,6.7162,1.1335,,,,,,,
2008-09-15,1.4175,1.7877,105.67,1.067,6.7555,1.1194,,,,,,,
2008-09-16,1.4155,1.7802,105.11,1.0737,6.7932,1.1199,,,,,,,
2008-09-17,1.4215,1.7895,104.71,1.0788,6.818,1.1208,,,,,,,
2008-09-18,1.4382,1.8186,104.85,1.0696,6.6796,1.0988,,,,,,,
2008-09-19,1.4384,1.8297,107.18,1.0469,6.6435,1.1107,,,,,,,
2008-09-22,1.4697,1.8484,106.35,1.0383,6.5123,1.0834,,,,,,,
2008-09-23,1.4737,1.8558,105.8,1.0355,6.5391,1.0813,,,,,,,
2008-09-24,1.4655,1.8502,106.03,1.0351,6.6,1.0889,,,,,,,
2008-09-25,1.4643,1.8406,106.48,1.0338,6.5897,1.0883,,,,,,,
2008-09-26,1.4596,1.84,106.06,1.0352,6.635,1.089,,,,,,,
2008-09-29,1.4381,1.8044,105.1,1.0393,6.7837,1.0964,,,,,,,
2008-09-30,1.4081,1.7804,105.94,1.0597,6.9459,1.1189,,,,,,,
2008-10-01,1.4058,1.7804,106.06,1.0607,6.9107,1.1209,5.11308695652174,6.13304,0.89,1.556,3.63,1.41079118181818,4.32
2008-10-02,1.3854,1.7655,105.3,1.0769,7.0058,1.1339,,,,,,,
2008-10-03,1.3816,1.774,105.76,1.0815,7.0341,1.1295,,,,,,,
2008-10-06,1.3508,1.738,101.26,1.1027,7.2172,1.1456,,,,,,,
2008-10-07,1.3649,1.7592,102.3,1.1055,7.0776,1.1399,,,,,,,
2008-10-08,1.368,1.731,99.73,1.1246,7.0807,1.1272,,,,,,,
2008-10-09,1.3646,1.7225,100.67,1.1483,7.0828,1.1311,,,,,,,
2008-10-10,1.3471,1.7037,99.44,1.19,7.1693,1.1221,,,,,,,
2008-10-13,,,,,,,,,,,,,
2008-10-14,1.3658,1.7482,102.17,1.1599,7.1399,1.1347,,,,,,,
2008-10-15,1.3567,1.7432,101.47,1.1804,7.341,1.1346,,,,,,,
2008-10-16,1.3416,1.7243,100.46,1.1953,7.4486,1.1332,,,,,,,
2008-10-17,1.3462,1.7307,101.4,1.182,7.398,1.1339,,,,,,,
2008-10-20,1.3314,1.7134,101.74,1.1977,7.4801,1.1511,,,,,,,
2008-10-21,1.3102,1.6837,100.43,1.2208,7.6665,1.1581,,,,,,,
2008-10-22,1.2835,1.6174,98.63,1.2496,7.8291,1.1656,,,,,,,
2008-10-23,1.2878,1.6181,97.6,1.2573,7.7268,1.1625,,,,,,,
2008-10-24,1.2639,1.5631,92.64,1.2735,7.8615,1.1526,,,,,,,
2008-10-27,1.2446,1.5472,93.28,1.2935,8.0805,1.1581,,,,,,,
2008-10-28,1.2476,1.5591,95.68,1.2942,8.0404,1.1612,,,,,,,
2008-10-29,1.2851,1.6298,97.48,1.2302,7.6814,1.1371,,,,,,,
2008-10-30,1.285,1.627,97.47,1.2229,7.7044,1.145,,,,,,,
2008-10-31,1.2682,1.6165,98.28,1.2158,7.7816,1.1669,,,,,,,
2008-11-01,,,,,,,4.2383,4.44684,0.88,1.7825,3.2,0.700317846153846,2.36
2008-11-03,1.2719,1.5855,98.95,1.1866,7.74,1.1681,,,,,,,
2008-11-04,1.3021,1.6095,100.48,1.1502,7.5957,1.1627,,,,,,,
2008-11-05,1.3039,1.6156,98.95,1.159,7.6839,1.1606,,,,,,,
2008-11-06,1.2756,1.5814,98.04,1.1816,7.8598,1.1745,,,,,,,
2008-11-07,1.2777,1.5788,98.15,1.183,7.8538,1.1761,,,,,,,
2008-11-10,1.276,1.5639,97.96,1.1948,7.8183,1.1784,,,,,,,
2008-11-11,,,,,,,,,,,,,
2008-11-12,1.2558,1.5012,95.54,1.2296,8.0426,1.179,,,,,,,
2008-11-13,1.2526,1.4799,95.95,1.2311,8.0239,1.1995,,,,,,,
2008-11-14,1.2731,1.486,96.66,1.2241,7.8552,1.187,,,,,,,
2008-11-17,1.2726,1.503,97.03,1.2213,7.9335,1.1954,,,,,,,
2008-11-18,1.269,1.5042,97.38,1.2237,7.9931,1.1976,,,,,,,
2008-11-19,1.2595,1.5095,96.75,1.237,8.1123,1.2103,,,,,,,
2008-11-20,1.2525,1.4789,94.98,1.285,8.2498,1.2197,,,,,,,
2008-11-21,1.2531,1.4816,95.42,1.2849,8.438,1.2237,,,,,,,
2008-11-24,1.289,1.5177,96.69,1.2246,8.045,1.1968,,,,,,,
2008-11-25,1.303,1.5349,95.53,1.2214,7.861,1.1863,,,,,,,
2008-11-26,1.2828,1.5218,95.46,1.2338,8.075,1.2064,,,,,,,
2008-11-27,,,,,,,,,,,,,
2008-11-28,1.2694,1.5348,95.46,1.236,8.1199,1.2165,,,,,,,
2008-12-01,1.2634,1.484,93.71,1.237,8.2834,1.2076,3.29261904761905,3.17247,0.74,1.05,1.82,0.1075305,1.77
2008-12-02,1.2724,1.4949,93.64,1.2422,8.1561,1.2062,,,,,,,
2008-12-03,1.2669,1.4783,93.25,1.2573,8.1945,1.2142,,,,,,,
2008-12-04,1.284,1.4791,92.78,1.254,8.1949,1.1971,,,,,,,
2008-12-05,1.2654,1.4606,92.18,1.2971,8.4858,1.2238,,,,,,,
2008-12-08,1.2942,1.4831,92.77,1.257,8.0502,1.2036,,,,,,,
2008-12-09,1.2937,1.4776,92.44,1.2602,8.1599,1.2062,,,,,,,
2008-12-10,1.3024,1.483,92.94,1.2553,8.1049,1.1949,,,,,,,
2008-12-11,1.3294,1.4953,91.96,1.2181,7.9622,1.1872,,,,,,,
2008-12-12,1.3349,1.4874,91.26,1.2453,8.0778,1.1796,,,,,,,
2008-12-15,1.3664,1.5278,90.68,1.235,8.0302,1.159,,,,,,,
2008-12-16,1.381,1.532,89.98,1.2238,8.0933,1.1406,,,,,,,
2008-12-17,1.4358,1.5457,87.84,1.2058,7.6754,1.0852,,,,,,,
2008-12-18,1.4298,1.5103,89.81,1.1962,7.68,1.0775,,,,,,,
2008-12-19,1.3875,1.4854,89.48,1.2273,7.8465,1.1105,,,,,,,
2008-12-22,1.3952,1.4805,90.07,1.2188,7.8612,1.0949,,,,,,,
2008-12-23,1.3966,1.4761,90.57,1.216,7.9736,1.0856,,,,,,,
2008-12-24,1.3964,1.4673,90.68,1.2125,8.0357,1.0788,,,,,,,
2008-12-25,,,,,,,,,,,,,
2008-12-26,1.4062,1.47,90.65,1.2207,8.0072,1.07,,,,,,,
2008-12-29,1.4232,1.4591,90.2,1.2162,7.7354,1.0414,,,,,,,
2008-12-30,1.4085,1.4395,90.37,1.2215,7.7875,1.0567,,,,,,,
2008-12-31,1.3919,1.4619,90.79,1.224,7.877,1.0673,,,,,,,
2009-01-01,,,,,,,2.45652380952381,2.34276,0.72,0.8025,1.35,0.0938757,1.02
2009-01-02,1.3946,1.452,91.12,1.2101,7.7836,1.0685,,,,,,,
2009-01-05,1.3576,1.4602,93.2,1.192,7.9217,1.1077,,,,,,,
2009-01-06,1.3445,1.4777,94.2,1.1822,7.8715,1.1212,,,,,,,
2009-01-07,1.3718,1.5254,92.7,1.185,7.7658,1.0941,,,,,,,
2009-01-08,1.3714,1.519,91.15,1.189,7.8404,1.0925,,,,,,,
2009-01-09,1.3495,1.5239,90.25,1.192,7.9293,1.1096,,,,,,,
2009-01-12,1.3347,1.4827,88.92,1.2075,8.0622,1.1139,,,,,,,
2009-01-13,1.3198,1.4528,89.65,1.2255,8.2419,1.1212,,,,,,,
2009-01-14,1.3174,1.4617,89.28,1.2373,8.3951,1.1179,,,,,,,
2009-01-15,1.3094,1.4602,89.59,1.2623,8.3587,1.1232,,,,,,,
2009-01-16,1.3244,1.4737,90.29,1.254,8.201,1.1177,,,,,,,
2009-01-19,,,,,,,,,,,,,
2009-01-20,1.2946,1.4023,90.19,1.2604,8.3929,1.1432,,,,,,,
2009-01-21,1.287,1.3728,87.8,1.2749,8.3394,1.1473,,,,,,,
2009-01-22,1.2955,1.384,88.64,1.2624,8.2329,1.1538,,,,,,,
2009-01-23,1.2849,1.3658,88.72,1.2478,8.2494,1.1629,,,,,,,
2009-01-26,1.3123,1.396,89.25,1.22,7.9832,1.1437,,,,,,,
2009-01-27,1.3159,1.4148,88.99,1.2292,8.0804,1.1388,,,,,,,
2009-01-28,1.3244,1.4317,88.87,1.2096,7.954,1.1442,,,,,,,
2009-01-29,1.2988,1.4262,89.77,1.2187,8.1204,1.1507,,,,,,,
2009-01-30,1.2804,1.4413,89.83,1.2365,8.3647,1.1612,,,,,,,
2009-02-01,,,,,,,1.94305,2.09038,0.71,0.7275,0.85,0.110002944444444,1.16
2009-02-02,1.2808,1.4228,89.86,1.2408,8.3831,1.164,,,,,,,
2009-02-03,1.301,1.4394,89.09,1.2334,8.2575,1.1419,,,,,,,
2009-02-04,1.2857,1.4472,89.53,1.2268,8.2768,1.1579,,,,,,,
2009-02-05,1.2838,1.4633,91.01,1.2307,8.2685,1.1654,,,,,,,
2009-02-06,1.2874,1.4775,91.95,1.2388,8.1745,1.1694,,,,,,,
2009-02-09,1.3064,1.4936,91.47,1.219,7.9905,1.1566,,,,,,,
2009-02-10,1.2966,1.4604,90.65,1.2332,8.1988,1.1535,,,,,,,
2009-02-11,1.2893,1.4367,90.66,1.2418,8.3834,1.1599,,,,,,,
2009-02-12,1.2822,1.4248,90.55,1.2478,8.43,1.1634,,,,,,,
2009-02-13,1.2879,1.4422,91.84,1.2435,8.35,1.1581,,,,,,,
2009-02-16,,,,,,,,,,,,,
2009-02-17,1.2571,1.4224,92.17,1.2606,8.8196,1.1744,,,,,,,
2009-02-18,1.2547,1.4235,93.81,1.2592,8.7568,1.1813,,,,,,,
2009-02-19,1.2675,1.4307,94.09,1.259,8.727,1.1742,,,,,,,
2009-02-20,1.269,1.4333,93.87,1.2543,8.8018,1.1681,,,,,,,
2009-02-23,1.2747,1.4553,94.63,1.2508,8.7602,1.1633,,,,,,,
2009-02-24,1.2742,1.4408,96.6,1.2468,8.922,1.167,,,,,,,
2009-02-25,1.2731,1.4265,97.33,1.2558,8.9177,1.1646,,,,,,,
2009-02-26,1.2764,1.4342,98.55,1.2455,8.923,1.1647,,,,,,,
2009-02-27,1.2662,1.4276,97.74,1.271,9.024,1.1672,,,,,,,
2009-03-01,,,,,,,1.63545454545455,1.83139,0.65,0.4075,0.4,0.113013047619048,1.07
2009-03-02,1.258,1.3989,97.17,1.2891,9.1955,1.1723,,,,,,,
2009-03-03,1.2549,1.4034,98.16,1.2937,9.273,1.1755,,,,,,,
2009-03-04,1.2607,1.4142,99.34,1.2768,9.0759,1.1762,,,,,,,
2009-03-05,1.2565,1.4124,98.32,1.2875,9.2863,1.1727,,,,,,,
2009-03-06,1.2674,1.411,97.88,1.2865,9.2012,1.1525,,,,,,,
2009-03-09,1.2636,1.3757,98.87,1.2995,9.11,1.1634,,,,,,,
2009-03-10,1.2752,1.384,98.39,1.2796,8.8852,1.154,,,,,,,
2009-03-11,1.2774,1.378,97.74,1.2808,8.7906,1.1585,,,,,,,
2009-03-12,1.2799,1.3811,97.86,1.2909,8.7407,1.1893,,,,,,,
2009-03-13,1.2891,1.3972,98.04,1.2752,8.6372,1.188,,,,,,,
2009-03-16,1.2997,1.4091,98.17,1.2723,8.4445,1.1819,,,,,,,
2009-03-17,1.2972,1.4018,98.85,1.2717,8.5039,1.1826,,,,,,,
2009-03-18,1.311,1.3974,98.08,1.2715,8.3778,1.1667,,,,,,,
2009-03-19,1.373,1.4584,93.85,1.2336,7.9558,1.1184,,,,,,,
2009-03-20,1.3566,1.4435,96.18,1.237,8.1644,1.1243,,,,,,,
2009-03-23,1.3569,1.4496,97.3,1.2322,8.047,1.129,,,,,,,
2009-03-24,1.3524,1.473,97.86,1.2263,8.0927,1.1285,,,,,,,
2009-03-25,1.3539,1.4585,97.7,1.2245,8.07,1.1239,,,,,,,
2009-03-26,1.356,1.4497,98.47,1.2327,8.0113,1.1272,,,,,,,
2009-03-27,1.3306,1.4325,97.99,1.2392,8.1513,1.1435,,,,,,,
2009-03-30,1.3146,1.4148,97.44,1.2582,8.3327,1.1532,,,,,,,
2009-03-31,1.3261,1.43,99.15,1.2606,8.2522,1.1395,,,,,,,
2009-04-01,1.3223,1.4402,98.93,1.264,8.2182,1.1465,1.4223,1.53413,0.6,0.324,0.3,0.0902461818181818,0.89
2009-04-02,1.3458,1.47,99.48,1.238,8.0222,1.1349,,,,,,,
2009-04-03,1.3447,1.4801,99.94,1.2335,7.9945,1.1321,,,,,,,
2009-04-06,1.3363,1.4712,100.65,1.2427,8.0541,1.1388,,,,,,,
2009-04-07,1.3282,1.4744,100.71,1.2339,8.169,1.1443,,,,,,,
2009-04-08,1.3288,1.4692,99.95,1.2353,8.2267,1.1459,,,,,,,
2009-04-09,1.3149,1.4623,100.43,1.2273,8.3114,1.1583,,,,,,,
2009-04-10,1.3143,1.4635,100.3,1.2273,8.271,1.1575,,,,,,,
2009-04-13,1.3354,1.4831,100.12,1.221,8.1683,1.1356,,,,,,,
2009-04-14,1.3277,1.4907,99.08,1.2093,8.1536,1.1387,,,,,,,
2009-04-15,1.3182,1.499,99.37,1.204,8.309,1.1453,,,,,,,
2009-04-16,1.3197,1.4909,99.29,1.2062,8.308,1.1471,,,,,,,
2009-04-17,1.303,1.4778,99.21,1.2146,8.4525,1.1674,,,,,,,
2009-04-20,1.2903,1.4532,98.29,1.2338,8.6763,1.1713,,,,,,,
2009-04-21,1.2978,1.4688,98.6,1.2373,8.5214,1.1654,,,,,,,
2009-04-22,1.3012,1.4496,98.14,1.2361,8.4171,1.1634,,,,,,,
2009-04-23,1.3048,1.4635,97.88,1.2291,8.3676,1.1581,,,,,,,
2009-04-24,1.3277,1.4697,97.08,1.2095,8.083,1.1368,,,,,,,
2009-04-27,1.3136,1.4678,96.57,1.2106,8.1212,1.1472,,,,,,,
2009-04-28,1.3061,1.4607,96.49,1.2238,8.2068,1.1517,,,,,,,
2009-04-29,1.3324,1.4802,96.97,1.2008,8.0143,1.1309,,,,,,,
2009-04-30,1.3244,1.4799,98.76,1.1939,7.9882,1.1402,,,,,,,
2009-05-01,1.3267,1.4881,99.24,1.1868,8.0405,1.1364,1.2817,1.35795,0.57,0.18,0.47,0.0912780588235294,0.57
2009-05-04,1.3365,1.4985,99.12,1.1779,7.9155,1.1289,,,,,,,
2009-05-05,1.3375,1.5099,98.76,1.1758,7.9285,1.1297,,,,,,,
2009-05-06,1.3313,1.5063,98.6,1.1726,7.9318,1.1313,,,,,,,
2009-05-07,1.3411,1.5019,99.0,1.1714,7.8438,1.1278,,,,,,,
2009-05-08,1.3494,1.509,99.01,1.158,7.7426,1.1202,,,,,,,
2009-05-11,1.362,1.5145,97.45,1.1591,7.7638,1.1067,,,,,,,
2009-05-12,1.3638,1.524,96.59,1.1671,7.8138,1.1052,,,,,,,
2009-05-13,1.3612,1.5165,95.75,1.1686,7.8751,1.1061,,,,,,,
2009-05-14,1.3608,1.5195,95.62,1.1726,7.8492,1.106,,,,,,,
2009-05-15,1.3539,1.5222,94.89,1.1756,7.8593,1.1132,,,,,,,
2009-05-18,1.3503,1.5309,96.05,1.1656,7.7879,1.1181,,,,,,,
2009-05-19,1.3608,1.5501,96.1,1.1567,7.6954,1.1121,,,,,,,
2009-05-20,1.3765,1.567,95.16,1.1434,7.5764,1.1022,,,,,,,
2009-05-21,1.3804,1.5763,94.97,1.1412,7.58,1.101,,,,,,,
2009-05-22,1.4005,1.5892,94.45,1.1234,7.4613,1.0847,,,,,,,
2009-05-25,,,,,,,,,,,,,
2009-05-26,1.3992,1.5938,94.81,1.1199,7.56,1.0833,,,,,,,
2009-05-27,1.3924,1.6068,95.01,1.112,7.651,1.0861,,,,,,,
2009-05-28,1.3948,1.5956,96.76,1.1123,7.7053,1.0838,,,,,,,
2009-05-29,1.4126,1.616,95.55,1.0957,7.6222,1.0692,,,,,,,
2009-06-01,1.4192,1.6448,96.53,1.087,7.3909,1.0688,1.22790909090909,1.24117,0.56,0.225,0.39,0.0871305263157895,0.39
2009-06-02,1.427,1.6515,95.72,1.0828,7.5082,1.0624,,,,,,,
2009-06-03,1.4194,1.6405,95.72,1.0973,7.6554,1.0684,,,,,,,
2009-06-04,1.4187,1.6173,96.37,1.0997,7.645,1.0679,,,,,,,
2009-06-05,1.399,1.6017,98.18,1.1144,7.7682,1.0852,,,,,,,
2009-06-08,1.3884,1.5976,98.56,1.1228,7.8522,1.0929,,,,,,,
2009-06-09,1.4014,1.6267,97.6,1.1042,7.7081,1.0822,,,,,,,
2009-06-10,1.3983,1.6334,98.13,1.11,7.6875,1.0816,,,,,,,
2009-06-11,1.4093,1.6547,97.83,1.0977,7.653,1.0721,,,,,,,
2009-06-12,1.404,1.6523,98.17,1.117,7.6455,1.0756,,,,,,,
2009-06-15,1.3784,1.6268,98.03,1.1338,7.8927,1.0942,,,,,,,
2009-06-16,1.3878,1.6446,96.26,1.1325,7.8283,1.0853,,,,,,,
2009-06-17,1.385,1.6293,95.65,1.1371,7.9365,1.087,,,,,,,
2009-06-18,1.3978,1.6369,96.36,1.1273,7.8621,1.0827,,,,,,,
2009-06-19,1.3998,1.6537,96.15,1.1287,7.852,1.0773,,,,,,,
2009-06-22,1.3846,1.6343,95.9,1.1547,8.0137,1.0875,,,,,,,
2009-06-23,1.4035,1.6344,95.32,1.1557,7.9354,1.0707,,,,,,,
2009-06-24,1.4015,1.6486,95.38,1.1462,7.847,1.0842,,,,,,,
2009-06-25,1.3953,1.6336,96.21,1.1576,7.9478,1.096,,,,,,,
2009-06-26,1.4056,1.6498,95.19,1.1527,7.7879,1.0856,,,,,,,
2009-06-29,1.4058,1.6533,95.84,1.158,7.7293,1.0849,,,,,,,
2009-06-30,1.402,1.6452,96.42,1.1626,7.7282,1.0867,,,,,,,
2009-07-01,1.4186,1.6524,96.41,1.1446,7.5568,1.072,0.9749565217391312,1.00113,0.55,0.234,0.18,0.0717845652173913,0.35
2009-07-02,1.4018,1.6398,95.9,1.16,7.7574,1.0836,,,,,,,
2009-07-03,1.3991,1.6336,95.95,1.1625,7.7717,1.0863,,,,,,,
2009-07-06,1.3938,1.623,95.0,1.1608,7.8508,1.0877,,,,,,,
2009-07-07,1.3965,1.6158,95.11,1.163,7.8957,1.0858,,,,,,,
2009-07-08,1.3852,1.6027,92.9,1.165,8.001,1.0923,,,,,,,
2009-07-09,1.4026,1.6301,92.79,1.1623,7.846,1.0773,,,,,,,
2009-07-10,1.3926,1.6185,92.33,1.1649,7.9575,1.0856,,,,,,,
2009-07-13,1.3973,1.6179,92.74,1.1541,7.898,1.0842,,,,,,,
2009-07-14,1.3971,1.6294,93.03,1.1401,7.8795,1.085,,,,,,,
2009-07-15,1.4116,1.6439,94.09,1.1192,7.7686,1.0746,,,,,,,
2009-07-16,1.4115,1.6417,93.59,1.1172,7.8092,1.0755,,,,,,,
2009-07-17,1.412,1.633,94.08,1.1168,7.8307,1.0766,,,,,,,
2009-07-20,1.4211,1.6494,94.52,1.1065,7.7651,1.0688,,,,,,,
2009-07-21,1.4196,1.6419,93.36,1.1077,7.6527,1.0677,,,,,,,
2009-07-22,1.422,1.6439,93.77,1.098,7.602,1.0659,,,,,,,
2009-07-23,1.4266,1.6562,94.75,1.0867,7.4414,1.0667,,,,,,,
2009-07-24,1.4213,1.6432,94.86,1.0843,7.4597,1.0701,,,,,,,
2009-07-27,1.4212,1.6486,95.32,1.0833,7.4307,1.0729,,,,,,,
2009-07-28,1.4215,1.6477,94.6,1.0802,7.4328,1.0704,,,,,,,
2009-07-29,1.4033,1.6379,95.13,1.0881,7.5021,1.0882,,,,,,,
2009-07-30,1.4066,1.6483,95.67,1.0814,7.4131,1.0894,,,,,,,
2009-07-31,1.4279,1.6713,94.54,1.0791,7.2171,1.0668,,,,,,,
2009-08-01,,,,,,,0.860476190476191,0.77369,0.54,0.23,0.16,0.0738368095238095,0.3
2009-08-03,1.4416,1.6956,95.23,1.065,7.0895,1.0578,,,,,,,
2009-08-04,1.44,1.6932,95.41,1.0685,7.1522,1.0605,,,,,,,
2009-08-05,1.4391,1.6977,94.98,1.0722,7.1521,1.063,,,,,,,
2009-08-06,1.4357,1.6774,95.56,1.076,7.1478,1.0658,,,,,,,
2009-08-07,1.418,1.6669,97.65,1.0838,7.1771,1.0826,,,,,,,
2009-08-10,1.4143,1.6487,97.23,1.0848,7.258,1.0855,,,,,,,
2009-08-11,1.4141,1.6501,95.94,1.0987,7.3336,1.0825,,,,,,,
2009-08-12,1.4215,1.6538,96.16,1.0875,7.1957,1.0765,,,,,,,
2009-08-13,1.4283,1.658,95.46,1.0881,7.1441,1.0715,,,,,,,
2009-08-14,1.4216,1.6529,94.64,1.0973,7.1899,1.0719,,,,,,,
2009-08-17,1.4088,1.6323,94.33,1.1077,7.2829,1.0787,,,,,,,
2009-08-18,1.4075,1.6418,94.72,1.1097,7.2798,1.0795,,,,,,,
2009-08-19,1.4262,1.6555,93.87,1.0968,7.1776,1.063,,,,,,,
2009-08-20,1.4235,1.6494,94.12,1.0902,7.1599,1.0659,,,,,,,
2009-08-21,1.4305,1.6503,94.6,1.0799,7.0257,1.0613,,,,,,,
2009-08-24,1.432,1.6417,94.47,1.074,7.0353,1.0606,,,,,,,
2009-08-25,1.435,1.643,94.28,1.0727,7.0303,1.0575,,,,,,,
2009-08-26,1.423,1.6235,94.25,1.0988,7.1331,1.0697,,,,,,,
2009-08-27,1.4272,1.6212,93.57,1.0961,7.1411,1.0667,,,,,,,
2009-08-28,1.4358,1.6331,93.55,1.0875,7.0634,1.056,,,,,,,
2009-08-31,1.4354,1.6314,92.82,1.0967,7.1105,1.0569,,,,,,,
2009-09-01,1.4235,1.6168,93.09,1.1028,7.247,1.0653,0.772090909090909,0.6056,0.54,0.22,0.15,0.073400380952381,0.25
2009-09-02,1.4246,1.6269,92.43,1.106,7.2175,1.0628,,,,,,,
2009-09-03,1.4278,1.6354,92.54,1.1034,7.2209,1.0598,,,,,,,
2009-09-04,1.4278,1.6378,92.75,1.0894,7.1847,1.0613,,,,,,,
2009-09-07,,,,,,,,,,,,,
2009-09-08,1.4497,1.6512,92.21,1.0762,7.0361,1.0463,,,,,,,
2009-09-09,1.4573,1.6557,91.85,1.0783,7.0019,1.0403,,,,,,,
2009-09-10,1.4568,1.6649,91.86,1.0811,7.0359,1.0396,,,,,,,
2009-09-11,1.4586,1.6695,90.3,1.0742,6.999,1.0373,,,,,,,
2009-09-14,1.4613,1.6588,90.85,1.0859,7.0006,1.0359,,,,,,,
2009-09-15,1.4617,1.6436,90.95,1.076,6.98,1.0374,,,,,,,
2009-09-16,1.4698,1.6501,91.0,1.0662,6.8865,1.0328,,,,,,,
2009-09-17,1.4735,1.6522,91.15,1.0615,6.8629,1.029,,,,,,,
2009-09-18,1.4704,1.6266,91.31,1.0721,6.8657,1.0293,,,,,,,
2009-09-21,1.4692,1.6228,91.87,1.0775,6.9102,1.0317,,,,,,,
2009-09-22,1.4795,1.638,91.08,1.0683,6.8049,1.0237,,,,,,,
2009-09-23,1.4752,1.6404,91.45,1.0722,6.844,1.0259,,,,,,,
2009-09-24,1.4696,1.6068,91.16,1.0864,6.8983,1.0279,,,,,,,
2009-09-25,1.4682,1.5967,89.83,1.0918,6.9364,1.0277,,,,,,,
2009-09-28,1.465,1.591,89.34,1.086,6.9445,1.0301,,,,,,,
2009-09-29,1.4553,1.5924,90.26,1.0872,7.0238,1.0385,,,,,,,
2009-09-30,1.463,1.6004,89.49,1.0719,6.9751,1.0375,,,,,,,
2009-10-01,1.4532,1.595,89.73,1.0773,7.0413,1.0424,0.7375,0.57087,0.53,0.215,0.18,0.0850033333333333,0.24
2009-10-02,1.459,1.5878,89.62,1.0843,7.0376,1.0345,,,,,,,
2009-10-05,1.4647,1.5926,89.56,1.0755,7.0424,1.0322,,,,,,,
2009-10-06,1.4744,1.5904,88.77,1.057,6.9284,1.0248,,,,,,,
2009-10-07,1.4675,1.5899,88.76,1.0619,7.0324,1.0333,,,,,,,
2009-10-08,1.4777,1.609,88.44,1.0533,6.9569,1.027,,,,,,,
2009-10-09,1.4715,1.5896,89.69,1.0425,7.0129,1.0316,,,,,,,
2009-10-12,,,,,,,,,,,,,
2009-10-13,1.4839,1.5896,89.71,1.0297,6.9718,1.023,,,,,,,
2009-10-14,1.4899,1.5974,89.44,1.0289,6.9198,1.0172,,,,,,,
2009-10-15,1.4945,1.6249,90.39,1.0304,6.9211,1.0136,,,,,,,
2009-10-16,1.4889,1.635,90.73,1.0389,6.9708,1.0188,,,,,,,
2009-10-19,1.4947,1.64,90.72,1.0307,6.9316,1.013,,,,,,,
2009-10-20,1.4905,1.638,90.83,1.0494,6.9653,1.0144,,,,,,,
2009-10-21,1.5009,1.661,91.04,1.0413,6.8283,1.0064,,,,,,,
2009-10-22,1.5003,1.6595,91.42,1.0476,6.85,1.0069,,,,,,,
2009-10-23,1.5029,1.6351,91.88,1.0507,6.7908,1.007,,,,,,,
2009-10-26,1.4941,1.6351,91.96,1.0618,6.8213,1.0136,,,,,,,
2009-10-27,1.4821,1.6334,92.04,1.0644,6.9552,1.0218,,,,,,,
2009-10-28,1.4763,1.6375,91.07,1.0757,7.0426,1.0232,,,,,,,
2009-10-29,1.4819,1.6559,91.41,1.0702,6.9834,1.0194,,,,,,,
2009-10-30,1.4755,1.6479,90.5,1.0767,7.0508,1.0238,,,,,,,
2009-11-01,,,,,,,0.716190476190476,0.60936,0.51,0.215,0.18,0.118535785714286,0.21
2009-11-02,1.4828,1.641,90.56,1.0742,6.9971,1.0177,,,,,,,
2009-11-03,1.4658,1.6383,90.3,1.0701,7.136,1.0306,,,,,,,
2009-11-04,1.4836,1.6571,90.96,1.0644,7.0337,1.0183,,,,,,,
2009-11-05,1.4857,1.6565,90.45,1.0649,7.0082,1.017,,,,,,,
2009-11-06,1.4835,1.6586,89.86,1.0717,7.0057,1.0182,,,,,,,
2009-11-09,1.4999,1.6721,89.92,1.0563,6.8494,1.0077,,,,,,,
2009-11-10,1.496,1.6681,89.82,1.0516,6.8445,1.0092,,,,,,,
2009-11-11,,,,,,,,,,,,,
2009-11-12,1.4865,1.6543,90.4,1.0513,6.8911,1.0164,,,,,,,
2009-11-13,1.4886,1.6657,89.55,1.05,6.8414,1.0141,,,,,,,
2009-11-16,1.4977,1.6795,89.28,1.0458,6.795,1.0075,,,,,,,
2009-11-17,1.483,1.6768,89.41,1.0589,6.8955,1.0192,,,,,,,
2009-11-18,1.499,1.6756,89.36,1.0496,6.8181,1.008,,,,,,,
2009-11-19,1.4905,1.6658,88.95,1.0634,6.8934,1.0149,,,,,,,
2009-11-20,1.487,1.6529,88.9,1.0698,6.9339,1.0177,,,,,,,
2009-11-23,1.4968,1.6599,89.14,1.055,6.8805,1.0097,,,,,,,
2009-11-24,1.4937,1.6577,88.58,1.0608,6.9468,1.0116,,,,,,,
2009-11-25,1.5085,1.6671,87.65,1.0499,6.8755,1.0004,,,,,,,
2009-11-26,,,,,,,,,,,,,
2009-11-27,1.4963,1.6494,86.87,1.062,6.9699,1.0063,,,,,,,
2009-11-30,1.4994,1.6409,86.12,1.057,6.9919,1.005,,,,,,,
2009-12-01,1.51,1.6626,86.62,1.043,6.9053,0.9984,0.712045454545454,0.60541,0.46,0.198,0.17,0.115619909090909,0.22
2009-12-02,1.5059,1.6641,87.13,1.0465,6.8723,1.0006,,,,,,,
2009-12-03,1.5081,1.6578,88.2,1.0539,6.8419,0.9995,,,,,,,
2009-12-04,1.4885,1.6515,89.87,1.0515,6.9687,1.0136,,,,,,,
2009-12-07,1.482,1.6429,89.44,1.0508,7.0461,1.0199,,,,,,,
2009-12-08,1.4741,1.6302,88.41,1.0599,7.1127,1.0245,,,,,,,
2009-12-09,1.4725,1.6242,87.83,1.055,7.1179,1.0262,,,,,,,
2009-12-10,1.4716,1.6257,88.2,1.0518,7.0942,1.027,,,,,,,
2009-12-11,1.4601,1.6236,89.23,1.0583,7.1362,1.0356,,,,,,,
2009-12-14,1.4645,1.6285,88.65,1.059,7.1005,1.0321,,,,,,,
2009-12-15,1.4514,1.6234,89.91,1.0622,7.1829,1.0421,,,,,,,
2009-12-16,1.4577,1.6369,89.52,1.0579,7.1623,1.0355,,,,,,,
2009-12-17,1.4317,1.6135,90.35,1.0713,7.3008,1.0491,,,,,,,
2009-12-18,1.4281,1.6083,90.47,1.0679,7.2923,1.0452,,,,,,,
2009-12-21,1.4319,1.6083,90.95,1.0592,7.2702,1.0441,,,,,,,
2009-12-22,1.4243,1.5956,91.67,1.0555,7.3322,1.0486,,,,,,,
2009-12-23,1.4341,1.5955,91.52,1.0476,7.2793,1.038,,,,,,,
2009-12-24,1.4367,1.5941,91.69,1.0485,7.2892,1.0369,,,,,,,
2009-12-25,,,,,,,,,,,,,
2009-12-28,1.4392,1.6001,91.57,1.043,7.2141,1.0341,,,,,,,
2009-12-29,1.4356,1.5892,91.95,1.04,7.201,1.0365,,,,,,,
2009-12-30,1.4316,1.605,92.66,1.0523,7.171,1.0391,,,,,,,
2009-12-31,1.4332,1.6167,93.08,1.0461,7.1532,1.0358,,,,,,,
2010-01-01,,,,,,,0.67975,0.61265,0.45,0.1725,0.2,0.0903594,0.2
2010-01-04,1.4419,1.6109,92.55,1.0377,7.0633,1.0294,,,,,,,
2010-01-05,1.4402,1.6009,91.48,1.0371,7.0919,1.0322,,,,,,,
2010-01-06,1.4404,1.6016,92.53,1.0333,7.0744,1.0282,,,,,,,
2010-01-07,1.4314,1.5912,93.31,1.0351,7.1251,1.0341,,,,,,,
2010-01-08,1.4357,1.5993,92.7,1.0345,7.1185,1.0296,,,,,,,
2010-01-11,1.4536,1.6146,91.9,1.0317,7.0242,1.0154,,,,,,,
2010-01-12,1.4523,1.6181,90.95,1.0374,7.0409,1.016,,,,,,,
2010-01-13,1.4492,1.6288,91.38,1.0319,7.0453,1.0194,,,,,,,
2010-01-14,1.4478,1.632,91.03,1.026,7.0217,1.0206,,,,,,,
2010-01-15,1.4376,1.624,90.79,1.0287,7.0611,1.0264,,,,,,,
2010-01-18,,,,,,,,,,,,,
2010-01-19,1.4269,1.637,91.13,1.0325,7.0926,1.034,,,,,,,
2010-01-20,1.4094,1.6287,91.23,1.0477,7.1896,1.0453,,,,,,,
2010-01-21,1.4106,1.6214,90.25,1.0483,7.2175,1.0426,,,,,,,
2010-01-22,1.4154,1.612,90.07,1.0561,7.2227,1.04,,,,,,,
2010-01-25,1.4146,1.6236,90.12,1.0582,7.2387,1.0403,,,,,,,
2010-01-26,1.4063,1.6109,89.63,1.0669,7.3075,1.0466,,,,,,,
2010-01-27,1.4053,1.6204,89.41,1.0657,7.2952,1.0472,,,,,,,
2010-01-28,1.3993,1.6242,90.08,1.0584,7.2992,1.0517,,,,,,,
2010-01-29,1.387,1.6009,90.38,1.0652,7.3852,1.0557,,,,,,,
2010-02-01,1.3904,1.5924,90.8,1.0651,7.2766,1.0586,0.6617,0.6331,0.44,0.165,0.22,0.09874325,0.19
2010-02-02,1.3955,1.5968,90.39,1.0607,7.2426,1.0557,,,,,,,
2010-02-03,1.3907,1.5915,91.11,1.0608,7.267,1.059,,,,,,,
2010-02-04,1.3759,1.5763,89.11,1.0735,7.3958,1.0655,,,,,,,
2010-02-05,1.3608,1.5619,89.25,1.0727,7.4777,1.0779,,,,,,,
2010-02-08,1.3699,1.565,89.32,1.0692,7.402,1.0696,,,,,,,
2010-02-09,1.3795,1.5679,89.45,1.069,7.328,1.0641,,,,,,,
2010-02-10,1.3722,1.5606,89.88,1.0667,7.3148,1.0682,,,,,,,
2010-02-11,1.364,1.5674,89.82,1.0522,7.2718,1.0747,,,,,,,
2010-02-12,1.3625,1.5669,90.0,1.0529,7.2563,1.0767,,,,,,,
2010-02-15,,,,,,,,,,,,,
2010-02-16,1.3742,1.5732,90.46,1.0427,7.1868,1.0681,,,,,,,
2010-02-17,1.3623,1.5704,90.79,1.0455,7.2038,1.0768,,,,,,,
2010-02-18,1.3563,1.5582,91.43,1.045,7.2189,1.0806,,,,,,,
2010-02-19,1.3538,1.5437,91.94,1.0419,7.2483,1.0824,,,,,,,
2010-02-22,1.359,1.5477,91.11,1.0428,7.2035,1.0773,,,,,,,
2010-02-23,1.3537,1.5464,90.04,1.0517,7.2477,1.0818,,,,,,,
2010-02-24,1.3576,1.5432,90.06,1.0551,7.2038,1.0779,,,,,,,
2010-02-25,1.3476,1.5201,88.85,1.0675,7.2505,1.0858,,,,,,,
2010-02-26,1.366,1.5239,88.84,1.052,7.101,1.0711,,,,,,,
2010-03-01,1.3516,1.4974,89.28,1.0421,7.2029,1.0827,0.64495652173913,0.64549,0.43,0.228,0.23,0.0957777272727273,0.23
2010-03-02,1.3564,1.494,88.95,1.0325,7.183,1.079,,,,,,,
2010-03-03,1.3731,1.5124,88.43,1.0286,7.1208,1.0652,,,,,,,
2010-03-04,1.3571,1.5031,89.02,1.0307,7.1651,1.078,,,,,,,
2010-03-05,1.3608,1.5115,90.32,1.0284,7.1213,1.0751,,,,,,,
2010-03-08,1.3613,1.506,90.3,1.0286,7.1164,1.0744,,,,,,,
2010-03-09,1.3586,1.5003,89.89,1.0249,7.1461,1.0765,,,,,,,
2010-03-10,1.3658,1.4977,90.62,1.0241,7.1204,1.0702,,,,,,,
2010-03-11,1.3674,1.5052,90.6,1.0262,7.1125,1.0689,,,,,,,
2010-03-12,1.3753,1.5188,90.46,1.0187,7.0597,1.0599,,,,,,,
2010-03-15,1.3652,1.5043,90.45,1.0216,7.131,1.0635,,,,,,,
2010-03-16,1.3758,1.5192,90.43,1.0147,7.0615,1.0556,,,,,,,
2010-03-17,1.3739,1.5296,90.42,1.011,7.072,1.0551,,,,,,,
2010-03-18,1.3603,1.5247,90.46,1.0139,7.1427,1.063,,,,,,,
2010-03-19,1.353,1.5014,90.5,1.0153,7.1579,1.0615,,,,,,,
2010-03-22,1.3531,1.5071,90.02,1.0193,7.2042,1.058,,,,,,,
2010-03-23,1.3535,1.5067,90.24,1.0176,7.1703,1.0561,,,,,,,
2010-03-24,1.3347,1.4914,91.89,1.0268,7.2628,1.0692,,,,,,,
2010-03-25,1.3344,1.4884,92.69,1.0188,7.2201,1.0697,,,,,,,
2010-03-26,1.3398,1.4906,92.56,1.0283,7.2525,1.0662,,,,,,,
2010-03-29,1.3465,1.4969,92.65,1.0201,7.2511,1.0634,,,,,,,
2010-03-30,1.3409,1.509,92.89,1.0189,7.2712,1.0671,,,,,,,
2010-03-31,1.3526,1.5186,93.4,1.0156,7.2028,1.0528,,,,,,,
2010-04-01,1.3569,1.529,93.83,1.0073,7.1672,1.0559,0.6447,0.65592,0.4,0.3375,0.29,0.0879435,0.3
2010-04-02,1.3487,1.5197,94.51,1.011,7.191,1.0632,,,,,,,
2010-04-05,1.3486,1.5284,94.28,1.0025,7.1714,1.0619,,,,,,,
2010-04-06,1.3378,1.523,93.81,1.0001,7.2249,1.0704,,,,,,,
2010-04-07,1.3364,1.5246,93.59,1.0028,7.232,1.0716,,,,,,,
2010-04-08,1.336,1.5272,93.16,1.0019,7.237,1.0723,,,,,,,
2010-04-09,1.3468,1.5371,93.28,1.0055,7.211,1.0672,,,,,,,
2010-04-12,1.3587,1.5368,93.21,1.0015,7.1872,1.0598,,,,,,,
2010-04-13,1.3592,1.5416,92.78,1.0029,7.1656,1.0573,,,,,,,
2010-04-14,1.3666,1.5484,93.01,0.996,7.1175,1.0512,,,,,,,
2010-04-15,1.354,1.5465,93.04,1.0013,7.1539,1.0595,,,,,,,
2010-04-16,1.3487,1.5395,92.03,1.0145,7.1909,1.0624,,,,,,,
2010-04-19,1.3458,1.5263,92.18,1.0199,7.1902,1.065,,,,,,,
2010-04-20,1.3446,1.5375,93.28,0.9984,7.1465,1.0673,,,,,,,
2010-04-21,1.3383,1.5397,93.24,0.9983,7.1848,1.0708,,,,,,,
2010-04-22,1.3298,1.5368,93.01,1.0014,7.2422,1.0778,,,,,,,
2010-04-23,1.336,1.5363,94.18,1.0026,7.1778,1.0743,,,,,,,
2010-04-26,1.3336,1.5466,94.06,1.0009,7.168,1.0753,,,,,,,
2010-04-27,1.323,1.5285,93.01,1.0169,7.2664,1.0837,,,,,,,
2010-04-28,1.313,1.516,94.07,1.0125,7.342,1.091,,,,,,,
2010-04-29,1.3243,1.5303,94.16,1.0052,7.2528,1.0824,,,,,,,
2010-04-30,1.3302,1.5308,94.24,1.0112,7.2359,1.0767,,,,,,,
2010-05-01,,,,,,,0.68652380952381,0.69713,0.39,0.39,0.28,0.08190975,0.45
2010-05-03,1.3183,1.5242,94.68,1.0134,7.2807,1.0868,,,,,,,
2010-05-04,1.3037,1.5135,94.58,1.0215,7.385,1.0987,,,,,,,
2010-05-05,1.289,1.5134,94.3,1.0264,7.4891,1.1118,,,,,,,
2010-05-06,1.2689,1.4889,92.22,1.0437,7.6822,1.1092,,,,,,,
2010-05-07,1.2721,1.4739,91.67,1.0423,7.6913,1.1085,,,,,,,
2010-05-10,1.2861,1.498,93.39,1.0245,7.4981,1.1069,,,,,,,
2010-05-11,1.2715,1.4952,92.83,1.0193,7.5814,1.1059,,,,,,,
2010-05-12,1.2642,1.4855,92.93,1.0197,7.5594,1.1101,,,,,,,
2010-05-13,1.2568,1.4659,92.7,1.0148,7.602,1.1146,,,,,,,
2010-05-14,1.239,1.4557,91.94,1.0343,7.7468,1.1304,,,,,,,
2010-05-17,1.2299,1.4388,92.08,1.04,7.8035,1.1392,,,,,,,
2010-05-18,1.2358,1.4439,92.52,1.0329,7.745,1.1342,,,,,,,
2010-05-19,1.2317,1.4349,91.16,1.051,7.8712,1.1564,,,,,,,
2010-05-20,1.237,1.4344,90.07,1.0656,7.9583,1.15,,,,,,,
2010-05-21,1.2575,1.4466,90.21,1.0564,7.7984,1.1485,,,,,,,
2010-05-24,1.2406,1.4437,90.49,1.0587,7.8262,1.1561,,,,,,,
2010-05-25,1.2279,1.4352,89.89,1.0776,7.9904,1.1593,,,,,,,
2010-05-26,1.2224,1.4401,90.28,1.0647,7.9419,1.1602,,,,,,,
2010-05-27,1.237,1.4569,90.71,1.0491,7.8392,1.15,,,,,,,
2010-05-28,1.2369,1.4492,90.81,1.0497,7.7942,1.1534,,,,,,,
2010-05-31,,,,,,,,,,,,,
2010-06-01,1.2266,1.4673,91.16,1.0476,7.8104,1.1548,0.727590909090909,0.72839,0.38,0.522,0.27,0.11774075,0.52
2010-06-02,1.2206,1.4641,92.21,1.0404,7.826,1.1575,,,,,,,
2010-06-03,1.2193,1.4616,92.33,1.0413,7.8258,1.154,,,,,,,
2010-06-04,1.1998,1.4493,91.83,1.0516,7.9977,1.1614,,,,,,,
2010-06-07,1.1959,1.4498,92.0,1.0537,8.0593,1.1613,,,,,,,
2010-06-08,1.1995,1.4422,91.3,1.0517,8.0499,1.151,,,,,,,
2010-06-09,1.2045,1.4585,91.54,1.0395,7.9652,1.1455,,,,,,,
2010-06-10,1.2111,1.4674,91.04,1.0336,7.8925,1.1418,,,,,,,
2010-06-11,1.2077,1.4545,91.72,1.0329,7.9337,1.1521,,,,,,,
2010-06-14,1.2277,1.477,91.8,1.0251,7.8139,1.1378,,,,,,,
2010-06-15,1.2327,1.4827,91.25,1.0287,7.7515,1.131,,,,,,,
2010-06-16,1.2323,1.4838,91.39,1.0236,7.787,1.1267,,,,,,,
2010-06-17,1.2365,1.4806,90.92,1.0283,7.7483,1.1137,,,,,,,
2010-06-18,1.236,1.4787,90.79,1.0237,7.7205,1.1107,,,,,,,
2010-06-21,1.2385,1.4826,91.18,1.0197,7.6742,1.108,,,,,,,
2010-06-22,1.2303,1.485,90.59,1.0201,7.7452,1.1047,,,,,,,
2010-06-23,1.231,1.4952,89.82,1.039,7.7626,1.1053,,,,,,,
2010-06-24,1.2288,1.4986,89.4,1.0429,7.7872,1.1048,,,,,,,
2010-06-25,1.2332,1.4985,89.35,1.0369,7.74,1.0937,,,,,,,
2010-06-28,1.2316,1.5098,89.23,1.0337,7.7315,1.086,,,,,,,
2010-06-29,1.2187,1.5081,88.39,1.0531,7.7994,1.081,,,,,,,
2010-06-30,1.2291,1.4947,88.49,1.0606,7.7521,1.0774,,,,,,,
2010-07-01,1.2464,1.5126,87.42,1.0622,7.7202,1.0675,0.848818181818182,0.73603,0.37,0.575,0.39,0.18285119047619,0.41
2010-07-02,1.2577,1.5179,87.69,1.0647,7.6214,1.0635,,,,,,,
2010-07-05,,,,,,,,,,,,,
2010-07-06,1.2646,1.518,87.55,1.0497,7.5776,1.0587,,,,,,,
2010-07-07,1.2594,1.5179,87.16,1.0525,7.6153,1.0545,,,,,,,
2010-07-08,1.2683,1.5157,88.44,1.041,7.5235,1.0502,,,,,,,
2010-07-09,1.2639,1.5095,88.48,1.0328,7.478,1.0577,,,,,,,
2010-07-12,1.2573,1.5016,88.53,1.0377,7.5093,1.0621,,,,,,,
2010-07-13,1.2719,1.5175,88.24,1.0281,7.406,1.0524,,,,,,,
2010-07-14,1.2755,1.5284,88.59,1.0304,7.3612,1.0556,,,,,,,
2010-07-15,1.2893,1.5376,87.41,1.0401,7.3102,1.0421,,,,,,,
2010-07-16,1.2919,1.5289,86.4,1.0536,7.3499,1.0522,,,,,,,
2010-07-19,1.2963,1.5222,86.77,1.0557,7.345,1.0524,,,,,,,
2010-07-20,1.2905,1.5255,87.22,1.0526,7.3704,1.0481,,,,,,,
2010-07-21,1.2818,1.5201,87.3,1.0422,7.3669,1.052,,,,,,,
2010-07-22,1.2903,1.5283,87.0,1.0373,7.3131,1.0403,,,,,,,
2010-07-23,1.2874,1.5425,87.31,1.0376,7.3471,1.0529,,,,,,,
2010-07-26,1.2983,1.549,87.2,1.0312,7.2821,1.048,,,,,,,
2010-07-27,1.2983,1.5538,87.88,1.0357,7.2998,1.0622,,,,,,,
2010-07-28,1.2998,1.5611,87.62,1.0356,7.2946,1.0578,,,,,,,
2010-07-29,1.3064,1.5591,86.87,1.0368,7.249,1.0412,,,,,,,
2010-07-30,1.3069,1.5714,86.43,1.0293,7.1972,1.041,,,,,,,
2010-08-01,,,,,,,0.8955,0.73296,0.36,0.66,0.45,0.20656935,0.32
2010-08-02,1.3174,1.5897,86.42,1.0227,7.0986,1.0379,,,,,,,
2010-08-03,1.3239,1.5941,85.88,1.0219,7.086,1.0384,,,,,,,
2010-08-04,1.3158,1.5887,86.26,1.0184,7.1408,1.0514,,,,,,,
2010-08-05,1.3157,1.586,85.83,1.0154,7.1369,1.0475,,,,,,,
2010-08-06,1.3282,1.5979,85.25,1.0272,7.0805,1.0365,,,,,,,
2010-08-09,1.3241,1.5945,85.88,1.0266,7.0959,1.0457,,,,,,,
2010-08-10,1.3095,1.5776,85.88,1.0347,7.1944,1.0575,,,,,,,
2010-08-11,1.2899,1.5688,85.36,1.0455,7.3475,1.0584,,,,,,,
2010-08-12,1.2866,1.5573,85.83,1.0433,7.3736,1.0485,,,,,,,
2010-08-13,1.2767,1.558,86.2,1.04,7.4364,1.0526,,,,,,,
2010-08-16,1.2838,1.5679,85.33,1.0429,7.3583,1.0378,,,,,,,
2010-08-17,1.289,1.5586,85.51,1.0311,7.312,1.0434,,,,,,,
2010-08-18,1.2872,1.5619,85.31,1.0286,7.338,1.0404,,,,,,,
2010-08-19,1.2837,1.5612,85.27,1.0397,7.3777,1.031,,,,,,,
2010-08-20,1.2687,1.5515,85.63,1.0499,7.4316,1.0372,,,,,,,
2010-08-23,1.2663,1.5532,85.16,1.0512,7.4046,1.0391,,,,,,,
2010-08-24,1.2675,1.5471,84.16,1.0563,7.449,1.0307,,,,,,,
2010-08-25,1.2652,1.546,84.56,1.064,7.465,1.0273,,,,,,,
2010-08-26,1.2717,1.5574,84.61,1.0545,7.4013,1.0253,,,,,,,
2010-08-27,1.2765,1.5528,85.1,1.0547,7.3454,1.0268,,,,,,,
2010-08-30,1.2686,1.5473,84.67,1.0561,7.3908,1.0244,,,,,,,
2010-08-31,1.2704,1.5358,84.1,1.064,7.369,1.015,,,,,,,
2010-09-01,1.2813,1.5472,84.48,1.0497,7.2696,1.0149,0.8805,0.72859,0.36,0.85,0.52,0.213812095238095,0.28
2010-09-02,1.2824,1.5393,84.15,1.052,7.2552,1.0118,,,,,,,
2010-09-03,1.2885,1.5452,84.45,1.0411,7.2318,1.0174,,,,,,,
2010-09-06,,,,,,,,,,,,,
2010-09-07,1.2723,1.5315,83.75,1.0426,7.3134,1.0114,,,,,,,
2010-09-08,1.2727,1.5513,83.85,1.0359,7.2749,1.0106,,,,,,,
2010-09-09,1.2708,1.5448,83.83,1.0323,7.272,1.0149,,,,,,,
2010-09-10,1.2731,1.5387,84.13,1.0357,7.2326,1.0175,,,,,,,
2010-09-13,1.289,1.5466,83.53,1.0277,7.1346,1.0079,,,,,,,
2010-09-14,1.3014,1.5559,83.05,1.0219,7.0469,0.9938,,,,,,,
2010-09-15,1.3008,1.5641,85.63,1.0281,7.0826,1.0032,,,,,,,
2010-09-16,1.3079,1.5612,85.72,1.0274,7.0527,1.0143,,,,,,,
2010-09-17,1.3046,1.5635,85.77,1.0331,7.0629,1.0092,,,,,,,
2010-09-20,1.3074,1.5564,85.74,1.028,6.9909,1.005,,,,,,,
2010-09-21,1.3136,1.5551,85.36,1.0314,6.9669,1.0038,,,,,,,
2010-09-22,1.3385,1.5649,84.37,1.0325,6.8608,0.9865,,,,,,,
2010-09-23,1.3344,1.5723,84.32,1.0307,6.8868,0.9843,,,,,,,
2010-09-24,1.3476,1.5829,84.24,1.0262,6.82,0.9828,,,,,,,
2010-09-27,1.3475,1.5851,84.17,1.026,6.838,0.9831,,,,,,,
2010-09-28,1.3583,1.5808,83.82,1.0305,6.7649,0.9756,,,,,,,
2010-09-29,1.3638,1.5812,83.61,1.03,6.7144,0.9752,,,,,,,
2010-09-30,1.3601,1.5731,83.53,1.0293,6.7626,0.9808,,,,,,,
2010-10-01,1.3754,1.5829,83.3,1.0214,6.7117,0.9761,0.997666666666667,0.7384,0.34,0.895,0.81,0.24791775,0.27
2010-10-04,1.3688,1.5849,83.33,1.0235,6.7725,0.9723,,,,,,,
2010-10-05,1.3834,1.5915,83.17,1.0169,6.7018,0.9663,,,,,,,
2010-10-06,1.3924,1.5903,82.8,1.0073,6.6991,0.9604,,,,,,,
2010-10-07,1.3921,1.593,82.35,1.0167,6.6572,0.9667,,,,,,,
2010-10-08,1.3923,1.5951,81.86,1.0138,6.673,0.9609,,,,,,,
2010-10-11,,,,,,,,,,,,,
2010-10-12,1.3846,1.5799,81.74,1.0111,6.696,0.9593,,,,,,,
2010-10-13,1.3964,1.5843,81.81,1.0028,6.6343,0.9588,,,,,,,
2010-10-14,1.4066,1.5992,81.44,1.0036,6.558,0.953,,,,,,,
2010-10-15,1.3998,1.6027,81.32,1.0108,6.6209,0.9562,,,,,,,
2010-10-18,1.3978,1.5907,81.16,1.0145,6.6383,0.9558,,,,,,,
2010-10-19,1.3827,1.5739,81.6,1.0298,6.749,0.9702,,,,,,,
2010-10-20,1.3949,1.5857,81.14,1.0245,6.6679,0.9615,,,,,,,
2010-10-21,1.3973,1.5753,81.16,1.0232,6.6498,0.9642,,,,,,,
2010-10-22,1.3904,1.5677,81.48,1.0262,6.6408,0.9792,,,,,,,
2010-10-25,1.3986,1.5748,80.61,1.0197,6.5734,0.9711,,,,,,,
2010-10-26,1.3873,1.5871,81.28,1.022,6.7083,0.9824,,,,,,,
2010-10-27,1.3788,1.5782,81.55,1.0321,6.7647,0.9893,,,,,,,
2010-10-28,1.3929,1.5945,80.99,1.0194,6.7193,0.9834,,,,,,,
2010-10-29,1.3894,1.602,80.48,1.0187,6.7048,0.985,,,,,,,
2010-11-01,1.3888,1.605,80.66,1.0133,6.6923,0.9935,1.04204545454545,0.73901,0.34,0.9525,1.11,0.18600105,0.27
2010-11-02,1.4026,1.601,80.8,1.0098,6.6421,0.9782,,,,,,,
2010-11-03,1.4014,1.608,81.41,1.009,6.6479,0.9793,,,,,,,
2010-11-04,1.4224,1.6282,80.61,1.0022,6.5145,0.9629,,,,,,,
2010-11-05,1.4033,1.6211,81.35,1.0012,6.5991,0.958,,,,,,,
2010-11-08,1.3927,1.615,81.14,1.0021,6.6954,0.9642,,,,,,,
2010-11-09,1.3865,1.605,81.15,1.0013,6.6931,0.9646,,,,,,,
2010-11-10,1.3728,1.6071,82.53,1.0016,6.754,0.9739,,,,,,,
2010-11-11,,,,,,,,,,,,,
2010-11-12,1.37,1.6172,82.44,1.0079,6.8407,0.9758,,,,,,,
2010-11-15,1.3615,1.6064,82.9,1.0064,6.8656,0.9837,,,,,,,
2010-11-16,1.3517,1.5881,83.41,1.0231,6.9486,0.9924,,,,,,,
2010-11-17,1.3555,1.5941,83.15,1.0205,6.9169,0.9895,,,,,,,
2010-11-18,1.3618,1.601,83.64,1.0172,6.8791,0.9969,,,,,,,
2010-11-19,1.3654,1.5961,83.49,1.0206,6.8709,0.9979,,,,,,,
2010-11-22,1.3612,1.5932,83.46,1.0187,6.8924,0.9917,,,,,,,
2010-11-23,1.3388,1.5824,82.86,1.024,6.9856,0.9951,,,,,,,
2010-11-24,1.335,1.5774,83.38,1.011,6.942,0.9945,,,,,,,
2010-11-25,,,,,,,,,,,,,
2010-11-26,1.3243,1.5616,84.08,1.0188,6.9969,1.0016,,,,,,,
2010-11-29,1.3092,1.5557,84.34,1.0227,7.013,1.0012,,,,,,,
2010-11-30,1.3036,1.5578,83.56,1.0266,7.0125,0.9985,,,,,,,
2010-12-01,1.3149,1.5603,84.0,1.016,6.9666,0.9997,1.02169565217391,0.74962,0.34,0.994,1.28,0.191368111111111,0.3
2010-12-02,1.3228,1.561,83.53,1.0045,6.9024,0.9901,,,,,,,
2010-12-03,1.3367,1.5723,82.73,1.0059,6.8257,0.9764,,,,,,,
2010-12-06,1.3275,1.568,82.7,1.0056,6.86,0.9848,,,,,,,
2010-12-07,1.3323,1.5802,83.04,1.0093,6.8604,0.9828,,,,,,,
2010-12-08,1.3242,1.5792,84.16,1.01,6.8921,0.9879,,,,,,,
2010-12-09,1.3206,1.5733,83.85,1.0098,6.9052,0.9846,,,,,,,
2010-12-10,1.3242,1.5809,83.87,1.0091,6.8905,0.9796,,,,,,,
2010-12-13,1.3389,1.5882,83.57,1.0046,6.8393,0.9668,,,,,,,
2010-12-14,1.3395,1.5795,83.52,1.0039,6.801,0.961,,,,,,,
2010-12-15,1.3306,1.5613,84.04,1.0033,6.8143,0.9619,,,,,,,
2010-12-16,1.3206,1.5612,84.23,1.0056,6.8305,0.966,,,,,,,
2010-12-17,1.3155,1.548,84.15,1.0125,6.844,0.9707,,,,,,,
2010-12-20,1.3124,1.5521,83.72,1.0176,6.8473,0.9638,,,,,,,
2010-12-21,1.3131,1.5462,83.76,1.0173,6.8278,0.9585,,,,,,,
2010-12-22,1.3089,1.539,83.56,1.0143,6.8648,0.9503,,,,,,,
2010-12-23,1.3101,1.54,82.97,1.0095,6.8529,0.962,,,,,,,
2010-12-24,,,,,,,,,,,,,
2010-12-27,1.3146,1.5382,82.91,1.0086,6.8315,0.9626,,,,,,,
2010-12-28,1.3122,1.5361,82.21,1.0006,6.863,0.9516,,,,,,,
2010-12-29,1.3183,1.5463,81.9,1.0004,6.8247,0.9496,,,,,,,
2010-12-30,1.3269,1.5392,81.67,1.0009,6.7571,0.9369,,,,,,,
2010-12-31,,,,,,,,,,,,,
2011-01-01,,,,,,,1.0172380952381,0.76866,0.34,0.9625,1.49,0.15081019047619,0.29
2011-01-03,1.3371,1.549,81.56,0.9903,6.6916,0.9329,,,,,,,
2011-01-04,1.3306,1.5586,81.96,0.9985,6.7284,0.9478,,,,,,,
2011-01-05,1.3171,1.5497,83.22,0.9946,6.7653,0.9644,,,,,,,
2011-01-06,1.3027,1.549,83.15,0.9953,6.858,0.963,,,,,,,
2011-01-07,1.2944,1.556,83.04,0.9932,6.8977,0.965,,,,,,,
2011-01-10,1.2945,1.5583,82.78,0.9923,6.8793,0.9686,,,,,,,
2011-01-11,1.2978,1.5628,83.36,0.9901,6.8374,0.9755,,,,,,,
2011-01-12,1.3066,1.5716,83.29,0.9864,6.7707,0.9717,,,,,,,
2011-01-13,1.3364,1.587,82.72,0.9866,6.6903,0.9624,,,,,,,
2011-01-14,1.3328,1.5874,82.99,0.9902,6.6924,0.9657,,,,,,,
2011-01-17,,,,,,,,,,,,,
2011-01-18,1.3399,1.6,82.66,0.9912,6.6582,0.9633,,,,,,,
2011-01-19,1.3495,1.5991,82.03,0.9938,6.603,0.9585,,,,,,,
2011-01-20,1.3443,1.5875,83.02,1.0001,6.6683,0.9656,,,,,,,
2011-01-21,1.3581,1.5997,82.63,0.9943,6.6026,0.959,,,,,,,
2011-01-24,1.3653,1.5995,82.44,0.9933,6.5745,0.9488,,,,,,,
2011-01-25,1.3644,1.5818,82.35,0.9984,6.5468,0.9451,,,,,,,
2011-01-26,1.3688,1.5886,82.27,0.9954,6.4711,0.9436,,,,,,,
2011-01-27,1.3688,1.5905,83.03,0.994,6.4493,0.9464,,,,,,,
2011-01-28,1.3607,1.5838,82.03,0.9989,6.5284,0.9429,,,,,,,
2011-01-31,1.3715,1.6042,81.97,1.002,6.4318,0.9402,,,,,,,
2011-02-01,1.3793,1.6124,81.48,0.9921,6.3879,0.9388,1.08675,0.79962,0.34,0.9525,1.74,0.13954275,0.28
2011-02-02,1.3779,1.6167,81.82,0.9883,6.4451,0.9406,,,,,,,
2011-02-03,1.3654,1.6159,81.48,0.9901,6.4713,0.9435,,,,,,,
2011-02-04,1.3584,1.6089,81.99,0.9899,6.4873,0.9557,,,,,,,
2011-02-07,1.3557,1.6111,82.4,0.9885,6.4737,0.9569,,,,,,,
2011-02-08,1.3687,1.6091,81.92,0.9905,6.4011,0.957,,,,,,,
2011-02-09,1.3688,1.6089,82.47,0.9946,6.4362,0.9611,,,,,,,
2011-02-10,1.3637,1.6132,83.11,0.9955,6.4583,0.9659,,,,,,,
2011-02-11,1.352,1.5986,83.52,0.99,6.4907,0.9755,,,,,,,
2011-02-14,1.3474,1.6023,83.32,0.9883,6.5005,0.9708,,,,,,,
2011-02-15,1.3494,1.6128,83.79,0.9885,6.4828,0.9677,,,,,,,
2011-02-16,1.3547,1.6063,83.73,0.9853,6.4234,0.9616,,,,,,,
2011-02-17,1.3612,1.6172,83.25,0.9839,6.41,0.9508,,,,,,,
2011-02-18,1.3673,1.6245,83.22,0.9827,6.3946,0.9483,,,,,,,
2011-02-21,,,,,,,,,,,,,
2011-02-22,1.3661,1.6129,82.94,0.986,6.4301,0.9393,,,,,,,
2011-02-23,1.3758,1.6221,82.39,0.9922,6.3941,0.932,,,,,,,
2011-02-24,1.3794,1.6106,81.67,0.9842,6.3889,0.9252,,,,,,,
2011-02-25,1.3757,1.6078,81.76,0.9808,6.4289,0.9282,,,,,,,
2011-02-28,1.3793,1.6247,81.94,0.9737,6.3442,0.9305,,,,,,,
2011-03-01,1.3813,1.6309,81.86,0.9742,6.3122,0.9284,1.17552173913043,0.80913,0.33615,0.926,1.74,0.155124173913043,0.28
2011-03-02,1.3869,1.6311,81.62,0.9733,6.3185,0.922,,,,,,,
2011-03-03,1.3947,1.6266,82.41,0.9746,6.3249,0.9306,,,,,,,
2011-03-04,1.3983,1.625,82.35,0.9715,6.3447,0.9263,,,,,,,
2011-03-07,1.3976,1.6204,82.12,0.9737,6.3557,0.9256,,,,,,,
2011-03-08,1.3912,1.6164,82.69,0.9712,6.3658,0.9346,,,,,,,
2011-03-09,1.3906,1.6202,82.78,0.9686,6.337,0.9298,,,,,,,
2011-03-10,1.3823,1.6063,82.98,0.9729,6.3893,0.932,,,,,,,
2011-03-11,1.3864,1.6033,81.77,0.9732,6.3695,0.9276,,,,,,,
2011-03-14,1.3975,1.6181,81.65,0.9758,6.3496,0.9253,,,,,,,
2011-03-15,1.3968,1.6064,80.82,0.9831,6.4153,0.9187,,,,,,,
2011-03-16,1.3922,1.6028,80.17,0.9921,6.4762,0.912,,,,,,,
2011-03-17,1.4021,1.6143,78.74,0.9886,6.4105,0.8998,,,,,,,
2011-03-18,1.4141,1.6187,81.14,0.9846,6.308,0.9025,,,,,,,
2011-03-21,1.4184,1.6276,81.11,0.9772,6.2844,0.9057,,,,,,,
2011-03-22,1.4212,1.6387,81.0,0.9769,6.3009,0.9041,,,,,,,
2011-03-23,1.4124,1.6246,80.94,0.982,6.3372,0.9064,,,,,,,
2011-03-24,1.42,1.6159,80.82,0.9748,6.3073,0.9061,,,,,,,
2011-03-25,1.4144,1.6086,81.12,0.9779,6.3552,0.9143,,,,,,,
2011-03-28,1.4104,1.6024,81.67,0.9757,6.3674,0.9169,,,,,,,
2011-03-29,1.409,1.5983,82.38,0.9758,6.3544,0.9205,,,,,,,
2011-03-30,1.4095,1.6038,82.98,0.9715,6.336,0.9213,,,,,,,
2011-03-31,1.4183,1.6048,82.76,0.9717,6.3134,0.9157,,,,,,,
2011-04-01,1.4215,1.6132,84.05,0.9629,6.2937,0.9243,1.32121052631579,0.82096,0.33286,0.965,1.8,0.139454111111111,0.23
2011-04-04,1.4221,1.6129,83.98,0.9677,6.3126,0.9224,,,,,,,
2011-04-05,1.423,1.6282,84.65,0.9635,6.3186,0.9242,,,,,,,
2011-04-06,1.4333,1.6314,85.26,0.9587,6.2971,0.9172,,,,,,,
2011-04-07,1.4287,1.6304,84.98,0.9593,6.3223,0.9178,,,,,,,
2011-04-08,1.4437,1.6341,84.99,0.9564,6.2176,0.9105,,,,,,,
2011-04-11,1.4454,1.6386,84.58,0.9547,6.2449,0.9067,,,,,,,
2011-04-12,1.4455,1.6263,83.79,0.9624,6.2989,0.898,,,,,,,
2011-04-13,1.4477,1.6285,83.59,0.9638,6.2494,0.8939,,,,,,,
2011-04-14,1.4464,1.635,83.23,0.9626,6.2235,0.8924,,,,,,,
2011-04-15,1.4443,1.6325,83.13,0.9615,6.1947,0.8935,,,,,,,
2011-04-18,1.4211,1.6229,82.43,0.9689,6.313,0.8986,,,,,,,
2011-04-19,1.4319,1.6315,82.41,0.9572,6.2315,0.899,,,,,,,
2011-04-20,1.4513,1.6405,82.58,0.9523,6.1234,0.8914,,,,,,,
2011-04-21,1.4585,1.6572,81.81,0.9518,6.0854,0.8821,,,,,,,
2011-04-22,1.4545,1.6517,81.92,0.9535,6.116,0.8865,,,,,,,
2011-04-25,1.4576,1.6497,81.93,0.9541,6.0838,0.8806,,,,,,,
2011-04-26,1.4625,1.6465,81.93,0.9508,6.1023,0.8803,,,,,,,
2011-04-27,1.4659,1.653,82.6,0.955,6.0907,0.8807,,,,,,,
2011-04-28,1.4785,1.6636,81.57,0.9513,6.034,0.8736,,,,,,,
2011-04-29,1.4821,1.6691,81.31,0.9486,6.0258,0.8666,,,,,,,
2011-05-01,,,,,,,1.42509090909091,0.82344,0.33214,0.9625,1.91,0.119449863636364,0.21
2011-05-02,1.487,1.669,81.23,0.9492,5.9968,0.864,,,,,,,
2011-05-03,1.4875,1.6536,81.02,0.9489,6.0239,0.8609,,,,,,,
2011-05-04,1.4859,1.6524,80.69,0.9579,6.0808,0.8582,,,,,,,
2011-05-05,1.4583,1.6427,80.12,0.9667,6.1901,0.8698,,,,,,,
2011-05-06,1.4495,1.6417,80.51,0.9616,6.2262,0.8732,,,,,,,
2011-05-09,1.4301,1.6338,80.66,0.966,6.2712,0.8753,,,,,,,
2011-05-10,1.4358,1.6331,80.75,0.9611,6.2357,0.8805,,,,,,,
2011-05-11,1.4269,1.6412,80.78,0.9581,6.2852,0.8846,,,,,,,
2011-05-12,1.4229,1.629,80.75,0.9656,6.3036,0.8842,,,,,,,
2011-05-13,1.4141,1.6179,80.76,0.9708,6.3745,0.8907,,,,,,,
2011-05-16,1.4219,1.624,80.82,0.9701,6.3202,0.8818,,,,,,,
2011-05-17,1.4155,1.6206,81.39,0.9772,6.3593,0.8848,,,,,,,
2011-05-18,1.427,1.6148,81.37,0.9722,6.2968,0.8792,,,,,,,
2011-05-19,1.4254,1.6179,81.78,0.9703,6.2788,0.884,,,,,,,
2011-05-20,1.4172,1.6222,81.64,0.9735,6.3104,0.8776,,,,,,,
2011-05-23,1.4015,1.6102,81.81,0.9791,6.3796,0.8831,,,,,,,
2011-05-24,1.4107,1.6185,82.12,0.9773,6.3332,0.88,,,,,,,
2011-05-25,1.4102,1.6277,81.96,0.9765,6.3157,0.872,,,,,,,
2011-05-26,1.4088,1.6346,81.44,0.9809,6.3194,0.8666,,,,,,,
2011-05-27,1.4287,1.6494,80.75,0.9771,6.2244,0.852,,,,,,,
2011-05-30,,,,,,,,,,,,,
2011-05-31,1.4376,1.6439,81.29,0.9688,6.1779,0.8525,,,,,,,
2011-06-01,1.4431,1.6391,80.82,0.9713,6.1812,0.8401,1.48859090909091,0.82512,0.33214,0.928,1.85,0.10205965,0.22
2011-06-02,1.4426,1.6325,80.98,0.9794,6.23,0.8438,,,,,,,
2011-06-03,1.4604,1.6397,80.38,0.9768,6.1414,0.8352,,,,,,,
2011-06-06,1.462,1.6362,80.19,0.9784,6.1651,0.836,,,,,,,
2011-06-07,1.4675,1.6444,80.21,0.9743,6.1431,0.8388,,,,,,,
2011-06-08,1.4587,1.6381,79.87,0.9778,6.1754,0.8369,,,,,,,
2011-06-09,1.4534,1.6382,80.07,0.9732,6.2142,0.8412,,,,,,,
2011-06-10,1.4365,1.6254,80.26,0.9769,6.3241,0.8419,,,,,,,
2011-06-13,1.4368,1.6308,80.16,0.9778,6.3495,0.8369,,,,,,,
2011-06-14,1.4473,1.6388,80.5,0.9684,6.313,0.8444,,,,,,,
2011-06-15,1.4221,1.6218,80.71,0.9778,6.4535,0.8508,,,,,,,
2011-06-16,1.4155,1.613,80.7,0.9842,6.4909,0.8507,,,,,,,
2011-06-17,1.4326,1.6186,80.1,0.9797,6.399,0.8462,,,,,,,
2011-06-20,1.432,1.6206,80.26,0.9785,6.3952,0.8416,,,,,,,
2011-06-21,1.4399,1.6232,80.15,0.9722,6.3567,0.8433,,,,,,,
2011-06-22,1.4403,1.6131,80.06,0.9725,6.3538,0.8356,,,,,,,
2011-06-23,1.4166,1.5977,80.45,0.98,6.503,0.8379,,,,,,,
2011-06-24,1.4189,1.5985,80.32,0.9847,6.4782,0.8373,,,,,,,
2011-06-27,1.4282,1.5972,80.89,0.9859,6.4393,0.8367,,,,,,,
2011-06-28,1.4368,1.6016,80.85,0.9819,6.4384,0.8298,,,,,,,
2011-06-29,1.4428,1.607,80.8,0.9703,6.3526,0.8349,,,,,,,
2011-06-30,1.4523,1.6067,80.64,0.9642,6.3027,0.8413,,,,,,,
2011-07-01,1.4508,1.607,80.81,0.9608,6.2746,0.8479,1.59761904761905,0.8289,0.33214,0.9225,1.8,0.0909554761904762,0.24
2011-07-04,,,,,,,,,,,,,
2011-07-05,1.447,1.6085,81.14,0.9608,6.2613,0.8452,,,,,,,
2011-07-06,1.4329,1.5998,80.9,0.9656,6.3427,0.8393,,,,,,,
2011-07-07,1.4349,1.5967,81.26,0.9585,6.323,0.844,,,,,,,
2011-07-08,1.4251,1.603,80.64,0.9627,6.3898,0.8376,,,,,,,
2011-07-11,1.4034,1.5932,80.37,0.9663,6.5488,0.8351,,,,,,,
2011-07-12,1.4014,1.594,79.53,0.9667,6.5498,0.8335,,,,,,,
2011-07-13,1.4167,1.6111,78.99,0.9582,6.4668,0.8213,,,,,,,
2011-07-14,1.4182,1.6125,79.11,0.9584,6.4937,0.8167,,,,,,,
2011-07-15,1.4156,1.6149,79.03,0.9542,6.4911,0.8158,,,,,,,
2011-07-18,1.4042,1.6024,79.1,0.9616,6.5991,0.8177,,,,,,,
2011-07-19,1.4156,1.6135,78.91,0.9505,6.517,0.8166,,,,,,,
2011-07-20,1.4188,1.6139,78.76,0.9479,6.462,0.8204,,,,,,,
2011-07-21,1.4372,1.6301,78.47,0.9449,6.3195,0.8172,,,,,,,
2011-07-22,1.4366,1.6319,78.44,0.95,6.3402,0.8166,,,,,,,
2011-07-25,1.4357,1.6285,78.31,0.9448,6.334,0.8062,,,,,,,
2011-07-26,1.4495,1.6392,78.04,0.9448,6.2573,0.8027,,,,,,,
2011-07-27,1.4373,1.6357,77.99,0.9474,6.3244,0.8023,,,,,,,
2011-07-28,1.4303,1.6338,77.87,0.9483,6.3337,0.8041,,,,,,,
2011-07-29,1.4388,1.6455,77.18,0.9539,6.286,0.7881,,,,,,,
2011-08-01,1.4202,1.6278,76.87,0.9593,6.3514,0.7813,1.55208695652174,0.85782,0.32857,0.874,1.71,-0.0675968,0.29
2011-08-02,1.4232,1.6287,77.13,0.9577,6.3427,0.7712,,,,,,,
2011-08-03,1.432,1.6406,76.87,0.9632,6.3466,0.766,,,,,,,
2011-08-04,1.4158,1.6308,79.01,0.9765,6.503,0.7674,,,,,,,
2011-08-05,1.4158,1.6362,78.48,0.9843,6.5227,0.76,,,,,,,
2011-08-08,1.4241,1.6354,77.53,0.9889,6.4612,0.7553,,,,,,,
2011-08-09,1.4242,1.6194,77.16,0.9893,6.5263,0.7313,,,,,,,
2011-08-10,1.4193,1.6169,76.41,0.9909,6.562,0.7296,,,,,,,
2011-08-11,1.423,1.6228,76.68,0.9891,6.488,0.7559,,,,,,,
2011-08-12,1.4239,1.6284,76.79,0.9879,6.4989,0.7711,,,,,,,
2011-08-15,1.4452,1.6387,76.73,0.9838,6.3999,0.7802,,,,,,,
2011-08-16,1.4421,1.6424,76.76,0.9816,6.3917,0.7926,,,,,,,
2011-08-17,1.4436,1.6591,76.46,0.9818,6.3392,0.7891,,,,,,,
2011-08-18,1.432,1.6489,76.52,0.9899,6.4427,0.7904,,,,,,,
2011-08-19,1.4408,1.6544,76.46,0.9848,6.3681,0.7856,,,,,,,
2011-08-22,1.4384,1.6452,76.77,0.9901,6.3523,0.7877,,,,,,,
2011-08-23,1.4431,1.6509,76.59,0.9876,6.3294,0.7891,,,,,,,
2011-08-24,1.4402,1.6375,76.78,0.9878,6.3176,0.795,,,,,,,
2011-08-25,1.438,1.6289,77.38,0.9842,6.3272,0.7959,,,,,,,
2011-08-26,1.4463,1.6321,76.62,0.9854,6.2952,0.8055,,,,,,,
2011-08-29,1.451,1.6398,76.96,0.9778,6.2921,0.8188,,,,,,,
2011-08-30,1.4435,1.6279,76.75,0.9791,6.3516,0.8173,,,,,,,
2011-08-31,1.4406,1.6269,76.5,0.9783,6.3223,0.8038,,,,,,,
2011-09-01,1.4283,1.6179,76.81,0.9751,6.3742,0.7951,1.53645454545455,0.9181,0.32929,0.8725,1.58,-0.0610702727272727,0.33
2011-09-02,1.4203,1.619,76.79,0.9815,6.4031,0.7862,,,,,,,
2011-09-05,,,,,,,,,,,,,
2011-09-06,1.3999,1.5954,77.48,0.9908,6.452,0.8593,,,,,,,
2011-09-07,1.4058,1.5948,77.39,0.9882,6.386,0.8599,,,,,,,
2011-09-08,1.3947,1.6021,77.43,0.9856,6.3994,0.8714,,,,,,,
2011-09-09,1.3666,1.587,77.31,0.997,6.4931,0.884,,,,,,,
2011-09-12,1.3635,1.5814,77.15,0.9957,6.6634,0.8834,,,,,,,
2011-09-13,1.368,1.5805,76.88,0.9901,6.6765,0.8795,,,,,,,
2011-09-14,1.371,1.5773,76.71,0.9913,6.722,0.8772,,,,,,,
2011-09-15,1.3858,1.5808,76.7,0.9867,6.615,0.8705,,,,,,,
2011-09-16,1.3783,1.5802,76.89,0.9813,6.6457,0.8753,,,,,,,
2011-09-19,1.3636,1.5674,76.48,0.9897,6.7191,0.8839,,,,,,,
2011-09-20,1.3697,1.5718,76.52,0.9922,6.6295,0.8879,,,,,,,
2011-09-21,1.3724,1.5619,76.38,0.9985,6.6761,0.8932,,,,,,,
2011-09-22,1.3446,1.5358,76.31,1.0327,6.9087,0.9073,,,,,,,
2011-09-23,1.3518,1.5475,76.3,1.028,6.8765,0.9035,,,,,,,
2011-09-26,1.3516,1.5553,76.35,1.0338,6.853,0.9022,,,,,,,
2011-09-27,1.3606,1.5681,76.6,1.019,6.7328,0.8959,,,,,,,
2011-09-28,1.3628,1.5648,76.51,1.0226,6.7521,0.8955,,,,,,,
2011-09-29,1.3639,1.5685,76.68,1.0338,6.7686,0.8947,,,,,,,
2011-09-30,1.3449,1.5624,77.04,1.0389,6.819,0.9048,,,,,,,
2011-10-01,,,,,,,1.57585714285714,0.96991,0.32929,0.8625,1.45,-0.0933598947368421,0.37
2011-10-03,1.3281,1.5474,76.66,1.044,6.8541,0.9151,,,,,,,
2011-10-04,1.3294,1.5403,76.86,1.0605,6.905,0.9223,,,,,,,
2011-10-05,1.3328,1.5436,76.86,1.0448,6.8783,0.9228,,,,,,,
2011-10-06,1.3408,1.5398,76.64,1.0431,6.8398,0.9219,,,,,,,
2011-10-07,1.3512,1.5628,76.77,1.0326,6.7451,0.9151,,,,,,,
2011-10-10,,,,,,,,,,,,,
2011-10-11,1.3657,1.5594,76.66,1.0287,6.6716,0.9065,,,,,,,
2011-10-12,1.3805,1.5757,77.3,1.0163,6.6111,0.8944,,,,,,,
2011-10-13,1.373,1.5729,76.88,1.0238,6.6767,0.9,,,,,,,
2011-10-14,1.3861,1.5808,77.36,1.0148,6.6053,0.8934,,,,,,,
2011-10-17,1.377,1.5778,76.8,1.0153,6.6392,0.8979,,,,,,,
2011-10-18,1.3719,1.5654,76.75,1.0165,6.6571,0.9012,,,,,,,
2011-10-19,1.3775,1.5799,76.79,1.0136,6.6112,0.9022,,,,,,,
2011-10-20,1.3672,1.5726,76.91,1.0216,6.6738,0.9002,,,,,,,
2011-10-21,1.3873,1.5945,76.1,1.009,6.5712,0.8852,,,,,,,
2011-10-24,1.3932,1.5986,76.1,1.004,6.546,0.8804,,,,,,,
2011-10-25,1.3911,1.5994,75.88,1.0143,6.5537,0.8794,,,,,,,
2011-10-26,1.3838,1.5905,76.05,1.01,6.5635,0.8841,,,,,,,
2011-10-27,1.4172,1.6081,75.8,0.9942,6.3575,0.8609,,,,,,,
2011-10-28,1.4164,1.613,75.72,0.9957,6.3676,0.8625,,,,,,,
2011-10-31,1.3947,1.6141,77.97,0.9932,6.4635,0.8706,,,,,,,
2011-11-01,1.3676,1.5946,78.28,1.02,6.6242,0.8901,1.48468181818182,1.01182,0.32929,0.882,1.45,-0.0653187,0.41
2011-11-02,1.3803,1.5974,78.04,1.0125,6.5799,0.8808,,,,,,,
2011-11-03,1.3744,1.5959,77.96,1.0128,6.5786,0.8834,,,,,,,
2011-11-04,1.3761,1.6026,78.17,1.0179,6.602,0.888,,,,,,,
2011-11-07,1.3744,1.6024,78.06,1.0173,6.5744,0.9012,,,,,,,
2011-11-08,1.3785,1.6076,77.79,1.0139,6.5507,0.8966,,,,,,,
2011-11-09,1.3596,1.5958,77.77,1.0176,6.6606,0.906,,,,,,,
2011-11-10,1.36,1.5935,77.58,1.0188,6.6812,0.9058,,,,,,,
2011-11-11,,,,,,,,,,,,,
2011-11-14,1.3625,1.5899,77.02,1.0176,6.7029,0.9072,,,,,,,
2011-11-15,1.3524,1.5818,76.99,1.0233,6.7385,0.9177,,,,,,,
2011-11-16,1.3505,1.577,77.02,1.0205,6.7797,0.9169,,,,,,,
2011-11-17,1.3522,1.5801,76.98,1.0224,6.7705,0.9167,,,,,,,
2011-11-18,1.3521,1.5783,76.93,1.026,6.7773,0.9159,,,,,,,
2011-11-21,1.3525,1.5662,76.97,1.0386,6.8092,0.9158,,,,,,,
2011-11-22,1.35,1.5646,77.07,1.0371,6.8221,0.9145,,,,,,,
2011-11-23,1.3347,1.5511,77.41,1.0479,6.9138,0.9202,,,,,,,
2011-11-24,,,,,,,,,,,,,
2011-11-25,1.3244,1.5467,77.66,1.0487,7.0013,0.9289,,,,,,,
2011-11-28,1.3334,1.5538,78.05,1.0327,6.9458,0.9215,,,,,,,
2011-11-29,1.3343,1.5625,77.86,1.0296,6.8848,0.9194,,,,,,,
2011-11-30,1.3453,1.5705,77.58,1.0199,6.7555,0.9106,,,,,,,
2011-12-01,1.3487,1.5698,77.6,1.0172,6.7618,0.9135,1.42609523809524,1.06148,0.32929,0.83,1.37,0.08,0.49
2011-12-02,1.3386,1.5592,77.88,1.0165,6.765,0.9219,,,,,,,
2011-12-05,1.3463,1.5689,77.77,1.014,6.7128,0.9179,,,,,,,
2011-12-06,1.3397,1.558,77.73,1.0116,6.7474,0.9267,,,,,,,
2011-12-07,1.3386,1.5691,77.69,1.0106,6.7405,0.9251,,,,,,,
2011-12-08,1.3324,1.5635,77.67,1.019,6.798,0.9275,,,,,,,
2011-12-09,1.3368,1.5642,77.58,1.0202,6.7379,0.9243,,,,,,,
2011-12-12,1.3188,1.5597,77.87,1.0273,6.8695,0.936,,,,,,,
2011-12-13,1.3094,1.5528,77.86,1.0283,6.9435,0.9418,,,,,,,
2011-12-14,1.2972,1.5445,78.08,1.0403,7.0054,0.953,,,,,,,
2011-12-15,1.3013,1.5486,77.87,1.0338,6.9736,0.9402,,,,,,,
2011-12-16,1.3025,1.5514,77.65,1.0388,6.9292,0.9372,,,,,,,
2011-12-19,1.3017,1.5531,77.96,1.0364,6.9065,0.9364,,,,,,,
2011-12-20,1.3076,1.5674,77.76,1.0284,6.8582,0.9309,,,,,,,
2011-12-21,1.304,1.568,78.0,1.0286,6.9037,0.9378,,,,,,,
2011-12-22,1.3045,1.5667,78.13,1.0213,6.8708,0.9368,,,,,,,
2011-12-23,1.304,1.5615,78.13,1.0208,6.8897,0.9379,,,,,,,
2011-12-26,,,,,,,,,,,,,
2011-12-27,1.3074,1.5671,77.83,1.0201,6.853,0.9339,,,,,,,
2011-12-28,1.2926,1.5478,77.98,1.0232,6.9177,0.943,,,,,,,
2011-12-29,1.2952,1.5386,77.71,1.0208,6.9029,0.9412,,,,,,,
2011-12-30,1.2973,1.5537,76.98,1.0168,6.8737,0.9374,,,,,,,
2012-01-01,,,,,,,1.22222727272727,1.08709,0.33077,0.825,1.56,0.0402932857142857,0.4
2012-01-02,,,,,,,,,,,,,
2012-01-03,1.3061,1.5655,76.67,1.0089,6.8109,0.9319,,,,,,,
2012-01-04,1.293,1.5638,76.68,1.0134,6.8518,0.9417,,,,,,,
2012-01-05,1.2783,1.548,77.18,1.0197,6.932,0.9528,,,,,,,
2012-01-06,1.2723,1.5431,77.06,1.0231,6.9318,0.9555,,,,,,,
2012-01-09,1.2745,1.5436,76.88,1.0272,6.9184,0.952,,,,,,,
2012-01-10,1.2782,1.5489,76.84,1.0161,6.877,0.9486,,,,,,,
2012-01-11,1.2686,1.5325,76.9,1.0192,6.9412,0.9554,,,,,,,
2012-01-12,1.2818,1.5325,76.76,1.0197,6.9221,0.9444,,,,,,,
2012-01-13,1.2682,1.5301,76.9,1.0246,7.0137,0.9534,,,,,,,
2012-01-16,,,,,,,,,,,,,
2012-01-17,1.274,1.5356,76.8,1.013,6.9227,0.9492,,,,,,,
2012-01-18,1.2825,1.541,76.81,1.0138,6.8644,0.9427,,,,,,,
2012-01-19,1.2937,1.5484,77.23,1.0094,6.7623,0.9335,,,,,,,
2012-01-20,1.2948,1.554,76.97,1.0142,6.7785,0.9327,,,,,,,
2012-01-23,1.3035,1.5582,76.92,1.0079,6.735,0.9268,,,,,,,
2012-01-24,1.3004,1.5595,77.78,1.0096,6.769,0.929,,,,,,,
2012-01-25,1.2978,1.557,78.13,1.0119,6.8169,0.931,,,,,,,
2012-01-26,1.3152,1.5706,77.47,0.9986,6.7539,0.9174,,,,,,,
2012-01-27,1.3192,1.5716,76.68,1.0014,6.7527,0.9142,,,,,,,
2012-01-30,1.3123,1.569,76.28,1.003,6.7557,0.9178,,,,,,,
2012-01-31,1.3053,1.5754,76.34,1.005,6.8161,0.922,,,,,,,
2012-02-01,1.3179,1.5849,76.11,0.9984,6.7389,0.9141,1.04828571428571,1.07249,0.33167,0.918,1.59,0.0178765,0.3
2012-02-02,1.3167,1.5813,76.13,0.9985,6.7305,0.9144,,,,,,,
2012-02-03,1.3106,1.5779,76.54,0.9944,6.7206,0.9208,,,,,,,
2012-02-06,1.313,1.5832,76.54,0.9953,6.7084,0.9188,,,,,,,
2012-02-07,1.3244,1.5891,76.88,0.9947,6.6658,0.9129,,,,,,,
2012-02-08,1.3253,1.582,76.9,0.9969,6.6479,0.9126,,,,,,,
2012-02-09,1.3297,1.5838,77.42,0.9941,6.6233,0.9103,,,,,,,
2012-02-10,1.3187,1.5748,77.57,1.0016,6.6743,0.9176,,,,,,,
2012-02-13,1.3211,1.578,77.52,0.9995,6.648,0.9149,,,,,,,
2012-02-14,1.3149,1.5691,78.39,0.9988,6.6843,0.9185,,,,,,,
2012-02-15,1.3087,1.571,78.22,0.9965,6.7058,0.9223,,,,,,,
2012-02-16,1.311,1.5795,78.77,0.9962,6.7327,0.9209,,,,,,,
2012-02-17,1.3149,1.5813,79.33,0.997,6.7182,0.918,,,,,,,
2012-02-20,,,,,,,,,,,,,
2012-02-21,1.3255,1.5796,79.73,0.9956,6.6447,0.9114,,,,,,,
2012-02-22,1.3251,1.5677,80.3,0.9999,6.6613,0.9107,,,,,,,
2012-02-23,1.3308,1.57,80.21,0.9983,6.647,0.9059,,,,,,,
2012-02-24,1.3463,1.5869,80.88,0.9988,6.5561,0.8949,,,,,,,
2012-02-27,1.341,1.5845,80.42,0.9982,6.5868,0.8987,,,,,,,
2012-02-28,1.3452,1.5887,80.44,0.9956,6.5591,0.8961,,,,,,,
2012-02-29,1.3359,1.5951,81.1,0.9866,6.5843,0.9023,,,,,,,
2012-03-01,1.332,1.5953,81.16,0.9848,6.6206,0.9051,0.858454545454546,1.03757,0.33167,0.915,1.49,0.05129925,0.29
2012-03-02,1.3202,1.5852,81.56,0.9887,6.679,0.9134,,,,,,,
2012-03-05,1.3226,1.587,81.43,0.9936,6.6943,0.9116,,,,,,,
2012-03-06,1.3114,1.572,80.86,1.0013,6.7903,0.9186,,,,,,,
2012-03-07,1.3149,1.5746,81.06,0.9994,6.7939,0.9169,,,,,,,
2012-03-08,1.3256,1.5822,81.5,0.992,6.7059,0.9092,,,,,,,
2012-03-09,1.3108,1.5677,82.59,0.9894,6.796,0.92,,,,,,,
2012-03-12,1.3141,1.5615,82.21,0.9934,6.8108,0.9177,,,,,,,
2012-03-13,1.3109,1.5736,82.66,0.9905,6.7629,0.9198,,,,,,,
2012-03-14,1.3025,1.5686,83.78,0.9914,6.8522,0.9313,,,,,,,
2012-03-15,1.307,1.5669,83.28,0.9928,6.8099,0.9236,,,,,,,
2012-03-16,1.3171,1.5845,83.34,0.9912,6.7489,0.916,,,,,,,
2012-03-19,1.3242,1.5894,83.31,0.9878,6.7104,0.9109,,,,,,,
2012-03-20,1.3222,1.5857,83.62,0.9933,6.7485,0.9122,,,,,,,
2012-03-21,1.319,1.5848,83.62,0.9928,6.7307,0.9143,,,,,,,
2012-03-22,1.3194,1.5807,82.5,1.0002,6.7711,0.9136,,,,,,,
2012-03-23,1.3263,1.5864,82.35,0.9983,6.7422,0.9085,,,,,,,
2012-03-26,1.3328,1.5939,82.84,0.9922,6.681,0.9041,,,,,,,
2012-03-27,1.3336,1.5972,83.15,0.9928,6.6801,0.9038,,,,,,,
2012-03-28,1.33,1.5855,82.74,0.9983,6.6748,0.9064,,,,,,,
2012-03-29,1.3265,1.5911,82.28,0.9998,6.6799,0.9084,,,,,,,
2012-03-30,1.3334,1.5985,82.41,0.999,6.6191,0.9026,,,,,,,
2012-04-01,,,,,,,0.744315789473684,1.01792,0.33167,0.9825,1.44,0.0136988333333333,0.29
2012-04-02,1.3325,1.6022,82.16,0.9916,6.6042,0.9037,,,,,,,
2012-04-03,1.3337,1.5966,82.18,0.9909,6.595,0.9024,,,,,,,
2012-04-04,1.3126,1.5879,82.62,0.9961,6.7087,0.9168,,,,,,,
2012-04-05,1.3064,1.5822,82.33,0.9927,6.7524,0.92,,,,,,,
2012-04-06,1.3089,1.5877,81.56,0.9971,6.7518,0.9176,,,,,,,
2012-04-09,1.3087,1.5879,81.36,0.9971,6.7716,0.918,,,,,,,
2012-04-10,1.3068,1.5836,80.94,1.0027,6.8118,0.9195,,,,,,,
2012-04-11,1.3104,1.5892,80.88,1.004,6.7954,0.9165,,,,,,,
2012-04-12,1.3171,1.5939,80.87,0.9951,6.749,0.9125,,,,,,,
2012-04-13,1.3082,1.5851,80.99,0.9978,6.788,0.9189,,,,,,,
2012-04-16,1.3067,1.5865,80.46,1.0025,6.7911,0.9199,,,,,,,
2012-04-17,1.3123,1.5931,80.72,0.9878,6.7693,0.9156,,,,,,,
2012-04-18,1.3122,1.602,81.29,0.9902,6.7418,0.9162,,,,,,,
2012-04-19,1.3132,1.6058,81.57,0.9927,6.7285,0.9155,,,,,,,
2012-04-20,1.3212,1.6123,81.6,0.9912,6.6936,0.9095,,,,,,,
2012-04-23,1.3129,1.6102,81.16,0.9935,6.7723,0.9152,,,,,,,
2012-04-24,1.3207,1.6135,81.21,0.9882,6.736,0.9098,,,,,,,
2012-04-25,1.321,1.6146,81.33,0.9848,6.7312,0.9097,,,,,,,
2012-04-26,1.3232,1.6188,80.78,0.984,6.7171,0.9081,,,,,,,
2012-04-27,1.3248,1.6239,80.48,0.9807,6.717,0.9066,,,,,,,
2012-04-30,1.3229,1.6225,79.81,0.9886,6.7274,0.9081,,,,,,,
2012-05-01,1.3226,1.6221,80.17,0.9839,6.7206,0.9087,0.684909090909091,1.005,0.33167,0.988,1.38,-0.0154980555555556,0.29
2012-05-02,1.3154,1.6193,80.19,0.989,6.7468,0.9135,,,,,,,
2012-05-03,1.3147,1.6185,80.36,0.9869,6.7585,0.9138,,,,,,,
2012-05-04,1.3091,1.6148,79.84,0.9955,6.8163,0.9176,,,,,,,
2012-05-07,1.3052,1.6192,79.88,0.9938,6.819,0.9204,,,,,,,
2012-05-08,1.3015,1.6159,79.79,0.9997,6.8502,0.9228,,,,,,,
2012-05-09,1.2954,1.613,79.64,1.0014,6.871,0.9272,,,,,,,
2012-05-10,1.2959,1.6161,79.91,1.0015,6.9286,0.9269,,,,,,,
2012-05-11,1.2937,1.608,79.86,0.9967,6.9432,0.9283,,,,,,,
2012-05-14,1.2847,1.6116,79.83,1.0018,7.0303,0.9349,,,,,,,
2012-05-15,1.2769,1.6025,80.09,1.0029,7.1303,0.9405,,,,,,,
2012-05-16,1.273,1.5933,80.32,1.0099,7.1545,0.9435,,,,,,,
2012-05-17,1.2709,1.5823,79.26,1.0162,7.1988,0.945,,,,,,,
2012-05-18,1.2721,1.5788,79.14,1.0211,7.1841,0.9442,,,,,,,
2012-05-21,1.2769,1.579,79.31,1.0223,7.1274,0.9406,,,,,,,
2012-05-22,1.2735,1.5775,79.98,1.0191,7.1153,0.9431,,,,,,,
2012-05-23,1.2569,1.5691,79.33,1.0274,7.1903,0.9555,,,,,,,
2012-05-24,1.2583,1.5698,79.47,1.0274,7.1558,0.9558,,,,,,,
2012-05-25,1.2518,1.5648,79.64,1.0285,7.1681,0.9592,,,,,,,
2012-05-28,,,,,,,,,,,,,
2012-05-29,1.2488,1.563,79.44,1.0253,7.2084,0.9617,,,,,,,
2012-05-30,1.2405,1.5532,78.93,1.0289,7.2323,0.9682,,,,,,,
2012-05-31,1.2364,1.5405,78.29,1.0349,7.2655,0.9713,,,,,,,
2012-06-01,1.242,1.5383,78.21,1.0378,7.2494,0.9671,0.658857142857143,0.94978,0.33455,0.8825,1.24,-0.0573110588235294,0.32
2012-06-04,1.2495,1.5382,78.3,1.0417,7.1865,0.961,,,,,,,
2012-06-05,1.2437,1.5355,78.57,1.0414,7.2235,0.9656,,,,,,,
2012-06-06,1.2535,1.5475,79.11,1.0298,7.1922,0.9579,,,,,,,
2012-06-07,1.2568,1.5557,79.67,1.0244,7.1461,0.9558,,,,,,,
2012-06-08,1.2482,1.5433,79.47,1.0332,7.1526,0.962,,,,,,,
2012-06-11,1.2504,1.5515,79.5,1.0281,7.0997,0.9604,,,,,,,
2012-06-12,1.2477,1.5562,79.44,1.0269,7.095,0.9624,,,,,,,
2012-06-13,1.2596,1.5557,79.35,1.027,7.0241,0.9533,,,,,,,
2012-06-14,1.2608,1.5533,79.29,1.0247,7.0235,0.9525,,,,,,,
2012-06-15,1.2633,1.5654,78.65,1.0244,6.9962,0.9506,,,,,,,
2012-06-18,1.2578,1.5665,78.95,1.0264,7.0374,0.9547,,,,,,,
2012-06-19,1.2692,1.5732,78.92,1.0177,6.9574,0.9461,,,,,,,
2012-06-20,1.2703,1.575,79.54,1.0193,6.9518,0.9453,,,,,,,
2012-06-21,1.2586,1.5633,80.18,1.025,6.9974,0.9542,,,,,,,
2012-06-22,1.2545,1.5582,80.52,1.0258,7.0167,0.9572,,,,,,,
2012-06-25,1.248,1.5555,79.5,1.0301,7.0877,0.9621,,,,,,,
2012-06-26,1.2471,1.562,79.46,1.0264,7.0828,0.963,,,,,,,
2012-06-27,1.2457,1.5549,79.83,1.0258,7.0687,0.9642,,,,,,,
2012-06-28,1.2433,1.5503,79.35,1.0331,7.0666,0.9661,,,,,,,
2012-06-29,1.2668,1.5686,79.81,1.019,6.9123,0.9485,,,,,,,
2012-07-01,,,,,,,0.497045454545455,0.81735,0.32727,0.8875,1.1,-0.173395066666667,0.3
2012-07-02,1.2584,1.5679,79.42,1.0193,6.9189,0.9544,,,,,,,
2012-07-03,1.262,1.5702,79.77,1.0123,6.9263,0.9517,,,,,,,
2012-07-04,,,,,,,,,,,,,
2012-07-05,1.2384,1.5531,79.95,1.013,6.9619,0.9698,,,,,,,
2012-07-06,1.2283,1.548,79.61,1.0198,7.0284,0.9777,,,,,,,
2012-07-09,1.2299,1.5507,79.66,1.021,7.0114,0.9764,,,,,,,
2012-07-10,1.2255,1.5506,79.44,1.0202,6.9778,0.9798,,,,,,,
2012-07-11,1.2244,1.5532,79.7,1.0195,6.9965,0.9808,,,,,,,
2012-07-12,1.2199,1.5425,79.29,1.0215,7.0341,0.9843,,,,,,,
2012-07-13,1.2232,1.555,79.2,1.0151,7.032,0.9817,,,,,,,
2012-07-16,1.2267,1.5635,78.8,1.0156,7.0411,0.9791,,,,,,,
2012-07-17,1.2234,1.5613,79.04,1.0141,6.9956,0.9818,,,,,,,
2012-07-18,1.2261,1.5636,78.79,1.0112,6.9406,0.9795,,,,,,,
2012-07-19,1.2257,1.5719,78.6,1.0076,6.9326,0.9798,,,,,,,
2012-07-20,1.2176,1.563,78.49,1.0113,6.928,0.9863,,,,,,,
2012-07-23,1.2126,1.5512,78.38,1.0172,6.967,0.9904,,,,,,,
2012-07-24,1.2062,1.5521,78.19,1.0207,6.9793,0.9957,,,,,,,
2012-07-25,1.2132,1.5479,78.21,1.0181,6.98,0.9899,,,,,,,
2012-07-26,1.228,1.5683,78.24,1.0101,6.8726,0.978,,,,,,,
2012-07-27,1.237,1.5728,78.55,1.0059,6.8516,0.9709,,,,,,,
2012-07-30,1.225,1.5694,78.2,1.0033,6.7956,0.9804,,,,,,,
2012-07-31,1.2315,1.5686,78.1,1.0014,6.787,0.9753,,,,,,,
2012-08-01,1.2299,1.5596,78.19,1.0017,6.7602,0.9767,0.332391304347826,0.70481,0.32727,1.002,1.15,-0.207230666666667,0.26
2012-08-02,1.2149,1.55,78.22,1.0061,6.8218,0.9886,,,,,,,
2012-08-03,1.239,1.565,78.6,0.9986,6.7119,0.9697,,,,,,,
2012-08-06,1.2422,1.5625,78.17,0.9988,6.7051,0.9669,,,,,,,
2012-08-07,1.2422,1.5658,78.71,0.9964,6.7024,0.9672,,,,,,,
2012-08-08,1.2364,1.5659,78.44,0.9946,6.6843,0.9714,,,,,,,
2012-08-09,1.2278,1.5623,78.64,0.9923,6.7026,0.9781,,,,,,,
2012-08-10,1.2298,1.5679,78.24,0.9917,6.656,0.9764,,,,,,,
2012-08-13,1.2339,1.569,78.34,0.9933,6.6952,0.9733,,,,,,,
2012-08-14,1.2329,1.5692,78.82,0.9914,6.6906,0.9742,,,,,,,
2012-08-15,1.2288,1.5686,78.89,0.989,6.6895,0.9774,,,,,,,
2012-08-16,1.2356,1.5738,79.25,0.9881,6.6941,0.9719,,,,,,,
2012-08-17,1.2315,1.5697,79.5,0.9883,6.6915,0.9752,,,,,,,
2012-08-20,1.2343,1.5707,79.41,0.989,6.668,0.973,,,,,,,
2012-08-21,1.2472,1.5788,79.43,0.9864,6.6537,0.963,,,,,,,
2012-08-22,1.2472,1.58,79.19,0.9928,6.6662,0.9628,,,,,,,
2012-08-23,1.2583,1.5882,78.46,0.9928,6.6023,0.9542,,,,,,,
2012-08-24,1.2533,1.5815,78.65,0.9919,6.5906,0.9581,,,,,,,
2012-08-27,1.2514,1.58,78.67,0.9892,6.5873,0.9597,,,,,,,
2012-08-28,1.2564,1.5828,78.5,0.9864,6.6032,0.9558,,,,,,,
2012-08-29,1.2538,1.5839,78.72,0.9873,6.658,0.9578,,,,,,,
2012-08-30,1.2497,1.5794,78.55,0.9925,6.6916,0.9608,,,,,,,
2012-08-31,1.2578,1.5864,78.3,0.9862,6.6176,0.9546,,,,,,,
2012-09-01,,,,,,,0.2463,0.64803,0.32727,1.0075,1.04,-0.150658058823529,0.24
2012-09-03,,,,,,,,,,,,,
2012-09-04,1.2566,1.5889,78.35,0.9862,6.7102,0.9558,,,,,,,
2012-09-05,1.2603,1.5907,78.34,0.9901,6.7253,0.9548,,,,,,,
2012-09-06,1.2626,1.5922,78.96,0.9824,6.745,0.9539,,,,,,,
2012-09-07,1.2796,1.6016,78.14,0.9777,6.6144,0.9452,,,,,,,
2012-09-10,1.2795,1.6009,78.24,0.9761,6.6103,0.9438,,,,,,,
2012-09-11,1.2858,1.6071,77.78,0.9723,6.606,0.9387,,,,,,,
2012-09-12,1.2894,1.6111,77.86,0.9756,6.5769,0.9376,,,,,,,
2012-09-13,1.2912,1.6125,77.41,0.9754,6.6182,0.9395,,,,,,,
2012-09-14,1.3142,1.6244,78.22,0.971,6.5459,0.925,,,,,,,
2012-09-17,1.3125,1.6263,78.68,0.9723,6.5825,0.9266,,,,,,,
2012-09-18,1.3051,1.6251,78.59,0.9743,6.5643,0.9288,,,,,,,
2012-09-19,1.3065,1.6219,78.4,0.9747,6.5018,0.9266,,,,,,,
2012-09-20,1.2948,1.6198,78.3,0.9775,6.5357,0.9336,,,,,,,
2012-09-21,1.299,1.6251,78.17,0.9757,6.562,0.9327,,,,,,,
2012-09-24,1.2909,1.6199,77.9,0.98,6.5741,0.9371,,,,,,,
2012-09-25,1.2945,1.6232,77.91,0.977,6.541,0.9348,,,,,,,
2012-09-26,1.2852,1.6145,77.78,0.9845,6.6032,0.9401,,,,,,,
2012-09-27,1.2874,1.6217,77.62,0.9812,6.5421,0.9388,,,,,,,
2012-09-28,1.2856,1.6132,77.92,0.9837,6.5649,0.94,,,,,,,
2012-10-01,1.29,1.6142,78.0,0.9827,6.5751,0.9376,0.207913043478261,0.54397,0.32636,0.976,0.98,-0.06339775,0.23
2012-10-02,1.2951,1.6186,78.01,0.9827,6.5902,0.9342,,,,,,,
2012-10-03,1.2909,1.6077,78.57,0.987,6.683,0.9382,,,,,,,
2012-10-04,1.3001,1.6165,78.44,0.9821,6.6165,0.9316,,,,,,,
2012-10-05,1.3059,1.6196,78.66,0.9763,6.5826,0.9284,,,,,,,
2012-10-08,,,,,,,,,,,,,
2012-10-09,1.2876,1.5987,78.23,0.9787,6.6951,0.94,,,,,,,
2012-10-10,1.2888,1.6007,78.26,0.9786,6.6934,0.9392,,,,,,,
2012-10-11,1.2928,1.6028,78.44,0.9785,6.6952,0.9353,,,,,,,
2012-10-12,1.2946,1.6075,78.31,0.9797,6.6991,0.9334,,,,,,,
2012-10-15,1.295,1.6069,78.76,0.9783,6.6614,0.933,,,,,,,
2012-10-16,1.3036,1.6101,78.92,0.9854,6.615,0.9273,,,,,,,
2012-10-17,1.3133,1.6165,78.74,0.9795,6.5892,0.9217,,,,,,,
2012-10-18,1.3106,1.6141,79.24,0.9811,6.5484,0.9225,,,,,,,
2012-10-19,1.3022,1.6003,79.26,0.993,6.5684,0.9286,,,,,,,
2012-10-22,1.3063,1.6028,79.84,0.9938,6.589,0.9263,,,,,,,
2012-10-23,1.2971,1.5932,79.79,0.9934,6.649,0.9328,,,,,,,
2012-10-24,1.2946,1.6015,79.82,0.9945,6.6993,0.9342,,,,,,,
2012-10-25,1.2958,1.6119,80.04,0.9942,6.7023,0.9336,,,,,,,
2012-10-26,1.2938,1.6098,79.63,0.999,6.7014,0.9348,,,,,,,
2012-10-29,1.2906,1.6025,79.81,1.0003,6.6713,0.9366,,,,,,,
2012-10-30,1.2979,1.6083,79.58,0.9992,6.6208,0.9309,,,,,,,
2012-10-31,1.2958,1.6111,79.94,0.9994,6.6348,0.9311,,,,,,,
2012-11-01,1.2937,1.6142,80.14,0.9973,6.658,0.9326,0.192,0.52452,0.31818,0.97,1.06,-0.144987368421053,0.23
2012-11-02,1.2848,1.6036,80.53,0.9962,6.6892,0.9396,,,,,,,
2012-11-05,1.279,1.5977,80.17,0.9965,6.6884,0.9434,,,,,,,
2012-11-06,1.2818,1.5985,80.28,0.9936,6.6875,0.9424,,,,,,,
2012-11-07,1.2759,1.5975,79.85,0.9971,6.6901,0.9454,,,,,,,
2012-11-08,1.274,1.5979,79.74,0.9985,6.6959,0.9462,,,,,,,
2012-11-09,1.2715,1.5912,79.46,1.0007,6.7349,0.9483,,,,,,,
2012-11-12,,,,,,,,,,,,,
2012-11-13,1.2716,1.5885,79.42,1.0015,6.778,0.947,,,,,,,
2012-11-14,1.274,1.5849,80.2,1.0017,6.7802,0.945,,,,,,,
2012-11-15,1.2783,1.5865,81.16,1.0024,6.7557,0.9418,,,,,,,
2012-11-16,1.2715,1.5866,81.28,1.0029,6.8019,0.9472,,,,,,,
2012-11-19,1.2806,1.5908,81.18,0.9963,6.7388,0.9404,,,,,,,
2012-11-20,1.2814,1.5927,81.72,0.9969,6.7696,0.9403,,,,,,,
2012-11-21,1.2816,1.5936,82.36,0.998,6.7357,0.9394,,,,,,,
2012-11-22,,,,,,,,,,,,,
2012-11-23,1.2959,1.6032,82.34,0.9927,6.6287,0.9296,,,,,,,
2012-11-26,1.2966,1.6014,82.11,0.9949,6.6092,0.9284,,,,,,,
2012-11-27,1.294,1.6028,82.23,0.9936,6.6787,0.931,,,,,,,
2012-11-28,1.2923,1.5997,81.84,0.9927,6.6604,0.9313,,,,,,,
2012-11-29,1.2953,1.6026,82.06,0.9928,6.678,0.9293,,,,,,,
2012-11-30,1.301,1.6027,82.54,0.9931,6.6594,0.9264,,,,,,,
2012-12-01,,,,,,,0.185473684210526,0.51848,0.30818,0.945,1.01,-0.051343,0.24
2012-12-03,1.3066,1.6104,82.24,0.9929,6.6249,0.925,,,,,,,
2012-12-04,1.3081,1.6097,81.86,0.9926,6.6008,0.9272,,,,,,,
2012-12-05,1.3077,1.6102,82.4,0.9913,6.5898,0.9262,,,,,,,
2012-12-06,1.2968,1.6066,82.29,0.9909,6.6381,0.933,,,,,,,
2012-12-07,1.2942,1.6031,82.37,0.989,6.6652,0.9333,,,,,,,
2012-12-10,1.293,1.6068,82.37,0.9871,6.692,0.933,,,,,,,
2012-12-11,1.2992,1.6103,82.42,0.9867,6.6408,0.9333,,,,,,,
2012-12-12,1.3038,1.6132,83.1,0.9854,6.661,0.9286,,,,,,,
2012-12-13,1.3077,1.613,83.54,0.9845,6.667,0.9243,,,,,,,
2012-12-14,1.3134,1.6139,83.52,0.986,6.6716,0.9196,,,,,,,
2012-12-17,1.3169,1.6203,83.7,0.9841,6.6412,0.9174,,,,,,,
2012-12-18,1.3224,1.6256,84.0,0.9852,6.5954,0.913,,,,,,,
2012-12-19,1.326,1.6275,84.32,0.9868,6.5457,0.9115,,,,,,,
2012-12-20,1.3224,1.6268,84.33,0.9882,6.5131,0.913,,,,,,,
2012-12-21,1.3166,1.6167,84.1,0.9941,6.5337,0.9172,,,,,,,
2012-12-24,1.3179,1.6113,84.81,0.9913,6.5557,0.9161,,,,,,,
2012-12-25,,,,,,,,,,,,,
2012-12-26,1.3228,1.6118,85.62,0.9945,6.5092,0.9128,,,,,,,
2012-12-27,1.3228,1.6106,86.06,0.9949,6.5091,0.9138,,,,,,,
2012-12-28,1.322,1.6157,86.12,0.9951,6.5099,0.913,,,,,,,
2012-12-31,1.3186,1.6262,86.64,0.9958,6.5074,0.9155,,,,,,,
2013-01-01,,,,,,,0.204909090909091,0.51228,0.29182,0.92,0.96,-0.1080856,0.23
2013-01-02,1.3195,1.6255,87.1,0.9859,6.4851,0.9166,,,,,,,
2013-01-03,1.311,1.6151,86.92,0.9853,6.506,0.9222,,,,,,,
2013-01-04,1.3047,1.6036,88.14,0.9856,6.5518,0.9262,,,,,,,
2013-01-07,1.3099,1.608,87.68,0.9859,6.5081,0.9227,,,,,,,
2013-01-08,1.3068,1.604,87.31,0.9871,6.549,0.925,,,,,,,
2013-01-09,1.3078,1.6024,87.9,0.9867,6.5568,0.9244,,,,,,,
2013-01-10,1.322,1.6125,88.16,0.9859,6.5066,0.9162,,,,,,,
2013-01-11,1.3353,1.6128,89.22,0.9842,6.466,0.912,,,,,,,
2013-01-14,1.3369,1.6077,89.34,0.9841,6.4453,0.9174,,,,,,,
2013-01-15,1.3342,1.6089,88.65,0.9839,6.4911,0.9275,,,,,,,
2013-01-16,1.3305,1.6009,88.64,0.985,6.501,0.9313,,,,,,,
2013-01-17,1.3356,1.5991,89.41,0.9853,6.4916,0.9331,,,,,,,
2013-01-18,1.3303,1.5876,89.9,0.9937,6.5329,0.9346,,,,,,,
2013-01-21,,,,,,,,,,,,,
2013-01-22,1.3304,1.5862,88.62,0.9934,6.5131,0.9278,,,,,,,
2013-01-23,1.3308,1.5848,88.44,0.9986,6.5316,0.9295,,,,,,,
2013-01-24,1.3378,1.5789,90.04,1.0024,6.4895,0.9288,,,,,,,
2013-01-25,1.3456,1.5799,91.04,1.0078,6.4602,0.9252,,,,,,,
2013-01-28,1.3459,1.5686,90.73,1.007,6.4167,0.9272,,,,,,,
2013-01-29,1.3484,1.5751,90.65,1.0029,6.3789,0.9216,,,,,,,
2013-01-30,1.3564,1.5793,91.05,1.0033,6.3476,0.9124,,,,,,,
2013-01-31,1.3584,1.5856,91.28,0.9992,6.3533,0.9093,,,,,,,
2013-02-01,1.3692,1.5744,92.54,0.9987,6.2904,0.903,0.22335,0.50988,0.26909,0.9475,0.98,-0.0634238666666667,0.22
2013-02-04,1.3527,1.5737,92.57,0.9976,6.3201,0.9087,,,,,,,
2013-02-05,1.3569,1.5652,93.34,0.9972,6.3336,0.9084,,,,,,,
2013-02-06,1.3528,1.5655,93.56,0.9959,6.3561,0.91,,,,,,,
2013-02-07,1.3382,1.5712,93.24,0.9992,6.4304,0.9176,,,,,,,
2013-02-08,1.3366,1.5814,92.72,1.0021,6.4443,0.9183,,,,,,,
2013-02-11,1.3414,1.5668,93.44,1.0064,6.3891,0.9186,,,,,,,
2013-02-12,1.345,1.5654,93.14,1.0029,6.3554,0.9172,,,,,,,
2013-02-13,1.3448,1.5544,93.39,1.002,6.288,0.9182,,,,,,,
2013-02-14,1.3334,1.5502,93.1,1.0007,6.329,0.9232,,,,,,,
2013-02-15,1.3362,1.5518,93.64,1.0069,6.3183,0.9226,,,,,,,
2013-02-18,,,,,,,,,,,,,
2013-02-19,1.3387,1.5432,93.54,1.0117,6.3096,0.922,,,,,,,
2013-02-20,1.335,1.5301,93.53,1.0162,6.3136,0.9241,,,,,,,
2013-02-21,1.3204,1.5263,92.96,1.0184,6.4082,0.9317,,,,,,,
2013-02-22,1.3166,1.5256,93.35,1.0222,6.4384,0.9314,,,,,,,
2013-02-25,1.3172,1.5112,93.35,1.0264,6.4319,0.9314,,,,,,,
2013-02-26,1.3054,1.5125,91.38,1.0279,6.4764,0.9326,,,,,,,
2013-02-27,1.3104,1.5134,91.88,1.0249,6.4514,0.931,,,,,,,
2013-02-28,1.3079,1.5192,92.36,1.0286,6.4518,0.9336,,,,,,,
2013-03-01,1.2988,1.5033,93.38,1.0285,6.4531,0.9448,0.20605,0.50688,0.25,0.9625,0.97,-0.0596407368421053,0.21
2013-03-04,1.2996,1.5084,93.32,1.0298,6.4349,0.9423,,,,,,,
2013-03-05,1.3019,1.5098,93.39,1.0289,6.3917,0.9433,,,,,,,
2013-03-06,1.299,1.5036,93.64,1.0314,6.4095,0.947,,,,,,,
2013-03-07,1.3098,1.5032,95.0,1.0303,6.3412,0.9432,,,,,,,
2013-03-08,1.2992,1.4926,96.0,1.0273,6.4007,0.9535,,,,,,,
2013-03-11,1.3014,1.4898,96.12,1.0268,6.4013,0.9496,,,,,,,
2013-03-12,1.3023,1.4877,95.96,1.0259,6.3674,0.9472,,,,,,,
2013-03-13,1.2949,1.4925,96.0,1.0272,6.423,0.9518,,,,,,,
2013-03-14,1.2974,1.5039,96.16,1.0263,6.4522,0.9512,,,,,,,
2013-03-15,1.3076,1.5124,95.26,1.0202,6.3968,0.9396,,,,,,,
2013-03-18,1.2956,1.5113,94.92,1.0218,6.4349,0.9449,,,,,,,
2013-03-19,1.2888,1.5118,94.85,1.0272,6.4604,0.946,,,,,,,
2013-03-20,1.295,1.5133,95.51,1.0268,6.4635,0.9439,,,,,,,
2013-03-21,1.2928,1.518,95.06,1.0239,6.4769,0.9454,,,,,,,
2013-03-22,1.2996,1.5239,94.48,1.0224,6.484,0.9402,,,,,,,
2013-03-25,1.2881,1.5184,94.34,1.0217,6.5229,0.9473,,,,,,,
2013-03-26,1.2858,1.5156,94.22,1.0167,6.4969,0.9484,,,,,,,
2013-03-27,1.2782,1.5112,94.38,1.0169,6.5152,0.9534,,,,,,,
2013-03-28,1.2842,1.5184,94.02,1.0155,6.5015,0.9468,,,,,,,
2013-03-29,1.2816,1.5193,94.16,1.0174,6.528,0.949,,,,,,,
2013-04-01,1.2857,1.5232,93.3,1.0166,6.5094,0.946,0.208904761904762,0.50557,0.22818,0.9825,0.95,-0.0647253333333333,0.2
2013-04-02,1.2836,1.5113,93.43,1.0147,6.4765,0.9485,,,,,,,
2013-04-03,1.2847,1.514,92.96,1.0134,6.4989,0.9451,,,,,,,
2013-04-04,1.2854,1.5198,96.12,1.0139,6.5565,0.9458,,,,,,,
2013-04-05,1.3027,1.5336,96.86,1.019,6.4423,0.9324,,,,,,,
2013-04-08,1.3008,1.5257,98.9,1.0199,6.419,0.9346,,,,,,,
2013-04-09,1.3092,1.5317,99.02,1.0162,6.3896,0.9317,,,,,,,
2013-04-10,1.306,1.5315,99.61,1.0148,6.3894,0.9333,,,,,,,
2013-04-11,1.3124,1.5403,99.42,1.0107,6.3406,0.9294,,,,,,,
2013-04-12,1.3094,1.5373,98.98,1.0134,6.3627,0.929,,,,,,,
2013-04-15,1.3082,1.532,98.0,1.0208,6.3783,0.9303,,,,,,,
2013-04-16,1.3141,1.5316,97.86,1.0226,6.3789,0.9256,,,,,,,
2013-04-17,1.3049,1.5255,97.74,1.0263,6.4979,0.9306,,,,,,,
2013-04-18,1.3072,1.5282,98.22,1.0257,6.5285,0.9306,,,,,,,
2013-04-19,1.3066,1.5254,99.28,1.0264,6.5288,0.9324,,,,,,,
2013-04-22,1.305,1.5262,99.29,1.0262,6.5296,0.9349,,,,,,,
2013-04-23,1.3012,1.5267,99.43,1.0259,6.6267,0.9427,,,,,,,
2013-04-24,1.2997,1.5258,99.39,1.027,6.6347,0.9484,,,,,,,
2013-04-25,1.3004,1.5434,99.42,1.0193,6.6155,0.9455,,,,,,,
2013-04-26,1.3024,1.5479,97.84,1.017,6.5722,0.9414,,,,,,,
2013-04-29,1.309,1.5497,98.09,1.0138,6.5487,0.937,,,,,,,
2013-04-30,1.3168,1.5539,97.52,1.0072,6.4817,0.9298,,,,,,,
2013-05-01,1.3192,1.5578,97.28,1.0083,6.4734,0.9268,0.201227272727273,0.50563,0.22818,0.998,0.92,-0.05881175,0.2
2013-05-02,1.3066,1.5519,97.96,1.0083,6.53,0.9348,,,,,,,
2013-05-03,1.3112,1.5563,99.1,1.0077,6.4944,0.934,,,,,,,
2013-05-06,1.3067,1.5538,99.35,1.0074,6.5375,0.9393,,,,,,,
2013-05-07,1.3085,1.5468,99.0,1.0051,6.5218,0.9402,,,,,,,
2013-05-08,1.3177,1.5563,98.9,1.0023,6.4925,0.9349,,,,,,,
2013-05-09,1.3105,1.5502,99.29,1.0026,6.5058,0.9406,,,,,,,
2013-05-10,1.2955,1.5334,101.74,1.0123,6.6185,0.9594,,,,,,,
2013-05-13,1.2981,1.5291,101.84,1.0108,6.6067,0.9576,,,,,,,
2013-05-14,1.2969,1.5258,102.18,1.0149,6.644,0.9602,,,,,,,
2013-05-15,1.2857,1.5198,102.44,1.0173,6.6792,0.968,,,,,,,
2013-05-16,1.2898,1.5302,102.22,1.0162,6.6465,0.9618,,,,,,,
2013-05-17,1.2818,1.5173,102.98,1.0268,6.7003,0.9731,,,,,,,
2013-05-20,1.2865,1.5223,102.54,1.0272,6.6588,0.9675,,,,,,,
2013-05-21,1.291,1.517,102.36,1.0277,6.624,0.968,,,,,,,
2013-05-22,1.2864,1.5038,103.52,1.0331,6.6328,0.9814,,,,,,,
2013-05-23,1.2944,1.512,101.66,1.0315,6.64,0.9668,,,,,,,
2013-05-24,1.292,1.5126,100.98,1.0322,6.6503,0.9621,,,,,,,
2013-05-27,,,,,,,,,,,,,
2013-05-28,1.287,1.5061,102.07,1.0371,6.6913,0.9734,,,,,,,
2013-05-29,1.2944,1.5121,100.91,1.0369,6.6492,0.9613,,,,,,,
2013-05-30,1.3042,1.5207,101.06,1.0309,6.5622,0.9558,,,,,,,
2013-05-31,1.2988,1.5185,100.83,1.0337,6.6221,0.9583,,,,,,,
2013-06-01,,,,,,,0.21025,0.50794,0.22818,1.025,0.92,-0.0602111052631579,0.19
2013-06-03,1.3098,1.5349,99.18,1.029,6.5304,0.9442,,,,,,,
2013-06-04,1.3075,1.5304,100.15,1.0348,6.5691,0.9485,,,,,,,
2013-06-05,1.3088,1.5392,99.16,1.0346,6.5957,0.9422,,,,,,,
2013-06-06,1.3248,1.5601,97.76,1.024,6.5386,0.93,,,,,,,
2013-06-07,1.3242,1.5558,97.2,1.0208,6.5607,0.9342,,,,,,,
2013-06-10,1.3234,1.5556,98.88,1.0185,6.5897,0.9357,,,,,,,
2013-06-11,1.3278,1.5587,96.82,1.0191,6.5834,0.9271,,,,,,,
2013-06-12,1.3354,1.5697,95.36,1.0202,6.4865,0.9181,,,,,,,
2013-06-13,1.3314,1.5698,94.29,1.017,6.5075,0.9234,,,,,,,
2013-06-14,1.333,1.5686,94.34,1.0175,6.439,0.9222,,,,,,,
2013-06-17,1.3341,1.5709,94.87,1.0175,6.4713,0.9254,,,,,,,
2013-06-18,1.3407,1.5625,95.2,1.0209,6.4444,0.9186,,,,,,,
2013-06-19,1.3404,1.5657,95.22,1.0187,6.3855,0.9192,,,,,,,
2013-06-20,1.3214,1.5469,98.18,1.0383,6.583,0.9296,,,,,,,
2013-06-21,1.3113,1.5373,97.48,1.0467,6.7003,0.9354,,,,,,,
2013-06-24,1.3091,1.5404,97.7,1.0532,6.7776,0.9345,,,,,,,
2013-06-25,1.308,1.5418,97.87,1.0512,6.735,0.9388,,,,,,,
2013-06-26,1.3006,1.5332,97.43,1.0468,6.7185,0.9432,,,,,,,
2013-06-27,1.3016,1.5235,98.4,1.0479,6.747,0.9464,,,,,,,
2013-06-28,1.301,1.521,99.21,1.0513,6.7318,0.945,,,,,,,
2013-07-01,1.306,1.5247,99.62,1.0499,6.6636,0.9452,0.221434782608696,0.50944,0.228,1.012,0.93,-0.0558058260869565,0.14
2013-07-02,1.3017,1.5171,100.43,1.0529,6.6876,0.9492,,,,,,,
2013-07-03,1.3005,1.5264,99.82,1.0521,6.6928,0.9475,,,,,,,
2013-07-04,,,,,,,,,,,,,
2013-07-05,1.2831,1.491,100.94,1.0566,6.8171,0.9624,,,,,,,
2013-07-08,1.2863,1.4932,101.07,1.0578,6.7798,0.9644,,,,,,,
2013-07-09,1.2774,1.4837,101.08,1.053,6.7985,0.9736,,,,,,,
2013-07-10,1.2846,1.4935,100.1,1.051,6.7726,0.9682,,,,,,,
2013-07-11,1.3046,1.5127,98.8,1.0389,6.6912,0.9496,,,,,,,
2013-07-12,1.3048,1.5108,99.39,1.0393,6.676,0.9468,,,,,,,
2013-07-15,1.3039,1.5088,100.04,1.0412,6.6853,0.9508,,,,,,,
2013-07-16,1.3144,1.5122,99.37,1.0388,6.5934,0.9408,,,,,,,
2013-07-17,1.3094,1.5184,99.7,1.0423,6.5836,0.9428,,,,,,,
2013-07-18,1.3078,1.5193,100.6,1.0395,6.5995,0.9468,,,,,,,
2013-07-19,1.3142,1.526,100.3,1.0362,6.5397,0.9401,,,,,,,
2013-07-22,1.3193,1.5366,99.6,1.0336,6.4872,0.9357,,,,,,,
2013-07-23,1.3212,1.5354,99.76,1.0305,6.4521,0.9368,,,,,,,
2013-07-24,1.3228,1.5367,100.21,1.0298,6.4964,0.9354,,,,,,,
2013-07-25,1.3234,1.5333,99.56,1.0283,6.5185,0.9336,,,,,,,
2013-07-26,1.3269,1.5368,98.24,1.0292,6.473,0.9289,,,,,,,
2013-07-29,1.3262,1.5355,97.8,1.0259,6.4742,0.9308,,,,,,,
2013-07-30,1.3266,1.5244,98.02,1.0292,6.5426,0.9298,,,,,,,
2013-07-31,1.3282,1.5177,98.35,1.0287,6.5284,0.9284,,,,,,,
2013-08-01,1.3217,1.5145,99.3,1.0338,6.6039,0.9353,0.225863636363636,0.51262,0.228,0.9925,0.93,-0.06065045,0.12
2013-08-02,1.3268,1.5277,99.04,1.0379,6.6078,0.9293,,,,,,,
2013-08-05,1.3257,1.5347,98.54,1.0394,6.5902,0.9302,,,,,,,
2013-08-06,1.3296,1.5367,97.85,1.0378,6.5633,0.9266,,,,,,,
2013-08-07,1.3329,1.5514,96.72,1.0415,6.5238,0.9222,,,,,,,
2013-08-08,1.3392,1.5555,96.03,1.0347,6.4771,0.9194,,,,,,,
2013-08-09,1.3338,1.5507,96.24,1.0302,6.5064,0.9221,,,,,,,
2013-08-12,1.3312,1.5475,96.44,1.0297,6.5251,0.9248,,,,,,,
2013-08-13,1.3247,1.5451,98.06,1.0345,6.5481,0.934,,,,,,,
2013-08-14,1.3256,1.5531,98.15,1.0319,6.506,0.9354,,,,,,,
2013-08-15,1.3263,1.5573,97.81,1.0339,6.5367,0.9334,,,,,,,
2013-08-16,1.3321,1.5621,97.6,1.0344,6.5154,0.9269,,,,,,,
2013-08-19,1.3348,1.5665,97.94,1.0334,6.4974,0.9247,,,,,,,
2013-08-20,1.3426,1.5678,97.12,1.0374,6.4791,0.9178,,,,,,,
2013-08-21,1.3368,1.5678,97.66,1.0442,6.5538,0.9211,,,,,,,
2013-08-22,1.3362,1.558,98.53,1.0511,6.5164,0.9236,,,,,,,
2013-08-23,1.3392,1.5578,98.57,1.0512,6.4871,0.9207,,,,,,,
2013-08-26,1.3369,1.5568,98.64,1.0513,6.5166,0.9229,,,,,,,
2013-08-27,1.3387,1.5528,97.3,1.0504,6.4992,0.9186,,,,,,,
2013-08-28,1.3326,1.552,97.65,1.0491,6.5212,0.9221,,,,,,,
2013-08-29,1.3228,1.5488,98.46,1.0526,6.5945,0.9316,,,,,,,
2013-08-30,1.3196,1.5468,98.22,1.0554,6.6338,0.9313,,,,,,,
2013-09-01,,,,,,,0.223238095238095,0.51688,0.228,0.9875,0.89,-0.0511073157894737,0.11
2013-09-02,,,,,,,,,,,,,
2013-09-03,1.3164,1.5544,99.43,1.0532,6.6205,0.9363,,,,,,,
2013-09-04,1.3212,1.5643,99.61,1.0482,6.5962,0.9356,,,,,,,
2013-09-05,1.312,1.5593,100.08,1.0499,6.67,0.9437,,,,,,,
2013-09-06,1.3166,1.5633,99.04,1.039,6.6371,0.9385,,,,,,,
2013-09-09,1.326,1.5724,99.55,1.0366,6.5656,0.9314,,,,,,,
2013-09-10,1.326,1.5731,100.22,1.0357,6.5457,0.9344,,,,,,,
2013-09-11,1.3301,1.5807,100.08,1.0336,6.5265,0.9314,,,,,,,
2013-09-12,1.3315,1.5819,99.24,1.0319,6.5141,0.9286,,,,,,,
2013-09-13,1.3276,1.5861,99.38,1.0341,6.5641,0.9319,,,,,,,
2013-09-16,1.335,1.5927,98.98,1.0316,6.4926,0.9258,,,,,,,
2013-09-17,1.3357,1.5901,99.16,1.029,6.4606,0.9266,,,,,,,
2013-09-18,1.3351,1.5965,99.04,1.0312,6.4595,0.926,,,,,,,
2013-09-19,1.3527,1.6043,99.33,1.0237,6.3416,0.9112,,,,,,,
2013-09-20,1.3522,1.6021,99.38,1.0287,6.3615,0.9104,,,,,,,
2013-09-23,1.352,1.6066,98.76,1.029,6.3815,0.91,,,,,,,
2013-09-24,1.349,1.6006,98.76,1.0294,6.3947,0.9114,,,,,,,
2013-09-25,1.3536,1.608,98.62,1.0294,6.408,0.9082,,,,,,,
2013-09-26,1.3484,1.6012,98.95,1.0321,6.4256,0.9105,,,,,,,
2013-09-27,1.3537,1.6135,98.3,1.03,6.417,0.905,,,,,,,
2013-09-30,1.3535,1.6179,98.29,1.0284,6.4095,0.9041,,,,,,,
2013-10-01,1.3534,1.6208,98.05,1.0333,6.3584,0.9064,0.225826086956522,0.51663,0.221,0.924,0.92,0.0159292,0.12
2013-10-02,1.3592,1.6224,97.36,1.033,6.3751,0.9017,,,,,,,
2013-10-03,1.3642,1.6169,97.08,1.0324,6.3345,0.8972,,,,,,,
2013-10-04,1.3582,1.6069,97.2,1.0306,6.4141,0.9052,,,,,,,
2013-10-07,1.3569,1.6082,97.02,1.0306,6.421,0.905,,,,,,,
2013-10-08,1.3582,1.6089,96.94,1.033,6.4218,0.904,,,,,,,
2013-10-09,1.3513,1.5943,97.23,1.0396,6.4741,0.9104,,,,,,,
2013-10-10,1.3535,1.5975,98.09,1.0382,6.4923,0.9104,,,,,,,
2013-10-11,1.3559,1.5945,98.42,1.0383,6.4713,0.9103,,,,,,,
2013-10-14,,,,,,,,,,,,,
2013-10-15,1.3494,1.5974,98.58,1.0372,6.513,0.9152,,,,,,,
2013-10-16,1.349,1.5904,98.9,1.0345,6.5075,0.9163,,,,,,,
2013-10-17,1.3664,1.6166,97.85,1.0285,6.4091,0.9028,,,,,,,
2013-10-18,1.3693,1.6184,97.77,1.0287,6.4116,0.9013,,,,,,,
2013-10-21,1.3672,1.6149,98.14,1.0296,6.4033,0.9019,,,,,,,
2013-10-22,1.3778,1.6221,98.18,1.0282,6.3719,0.8947,,,,,,,
2013-10-23,1.3786,1.6171,97.28,1.0384,6.3734,0.8918,,,,,,,
2013-10-24,1.381,1.6186,97.36,1.0421,6.356,0.8916,,,,,,,
2013-10-25,1.3794,1.6158,97.46,1.0449,6.3237,0.8939,,,,,,,
2013-10-28,1.3786,1.6131,97.7,1.0443,6.3346,0.8954,,,,,,,
2013-10-29,1.377,1.6059,98.09,1.0445,6.372,0.8982,,,,,,,
2013-10-30,1.3771,1.6078,98.14,1.0454,6.3684,0.8964,,,,,,,
2013-10-31,1.3594,1.6068,98.1,1.0429,6.4692,0.9056,,,,,,,
2013-11-01,1.3488,1.5922,98.78,1.0442,6.5354,0.9124,0.223380952380952,0.52344,0.22,0.925,0.92,-0.0169540555555556,0.12
2013-11-04,1.3516,1.595,98.62,1.0414,6.5005,0.9106,,,,,,,
2013-11-05,1.347,1.6044,98.6,1.0447,6.5267,0.9126,,,,,,,
2013-11-06,1.353,1.608,98.6,1.0418,6.4922,0.9109,,,,,,,
2013-11-07,1.339,1.6069,98.56,1.0441,6.5298,0.9184,,,,,,,
2013-11-08,1.3357,1.5995,99.03,1.0486,6.5947,0.922,,,,,,,
2013-11-11,,,,,,,,,,,,,
2013-11-12,1.3428,1.5916,99.65,1.05,6.6472,0.9176,,,,,,,
2013-11-13,1.3456,1.6033,99.31,1.0468,6.66,0.9155,,,,,,,
2013-11-14,1.3468,1.6077,99.93,1.0497,6.6453,0.9152,,,,,,,
2013-11-15,1.348,1.6107,100.17,1.0457,6.6473,0.9152,,,,,,,
2013-11-18,1.352,1.611,100.04,1.0426,6.5974,0.9121,,,,,,,
2013-11-19,1.3529,1.611,100.14,1.0467,6.6193,0.9114,,,,,,,
2013-11-20,1.3451,1.615,100.02,1.0446,6.6267,0.9158,,,,,,,
2013-11-21,1.347,1.6155,100.95,1.0506,6.6522,0.9146,,,,,,,
2013-11-22,1.3547,1.6211,101.29,1.0534,6.5897,0.9072,,,,,,,
2013-11-25,1.3502,1.6146,101.7,1.0554,6.5701,0.9125,,,,,,,
2013-11-26,1.3555,1.6187,101.38,1.0547,6.5775,0.908,,,,,,,
2013-11-27,1.3563,1.6267,102.18,1.0595,6.5794,0.9091,,,,,,,
2013-11-28,,,,,,,,,,,,,
2013-11-29,1.3606,1.6373,102.45,1.0597,6.5475,0.9047,,,,,,,
2013-12-01,,,,,,,0.2735,0.52474,0.22,0.9175,0.82,0.0174349166666667,0.14
2013-12-02,1.3552,1.6365,103.04,1.0632,6.5484,0.9076,,,,,,,
2013-12-03,1.3604,1.6416,102.36,1.066,6.5047,0.903,,,,,,,
2013-12-04,1.3555,1.6352,102.48,1.0696,6.5142,0.9052,,,,,,,
2013-12-05,1.3664,1.6328,101.82,1.0638,6.4911,0.8976,,,,,,,
2013-12-06,1.369,1.6327,102.88,1.0663,6.5081,0.8939,,,,,,,
2013-12-09,1.3726,1.6403,103.22,1.0641,6.5346,0.8914,,,,,,,
2013-12-10,1.3765,1.6424,102.8,1.0622,6.5314,0.8876,,,,,,,
2013-12-11,1.3798,1.6389,102.38,1.0605,6.538,0.8856,,,,,,,
2013-12-12,1.3752,1.6326,103.11,1.0641,6.5964,0.8902,,,,,,,
2013-12-13,1.3724,1.6294,103.28,1.0594,6.5772,0.8904,,,,,,,
2013-12-16,1.3757,1.6311,102.91,1.0577,6.5723,0.8876,,,,,,,
2013-12-17,1.3748,1.6254,102.63,1.0611,6.5664,0.887,,,,,,,
2013-12-18,1.3766,1.6388,103.18,1.0645,6.5379,0.8872,,,,,,,
2013-12-19,1.3666,1.6382,104.16,1.0677,6.5783,0.8964,,,,,,,
2013-12-20,1.3673,1.6355,104.07,1.0679,6.5755,0.8952,,,,,,,
2013-12-23,1.3701,1.6356,104.06,1.0602,6.5563,0.8942,,,,,,,
2013-12-24,1.3676,1.6371,104.26,1.0618,6.5646,0.8961,,,,,,,
2013-12-25,,,,,,,,,,,,,
2013-12-26,1.369,1.6425,104.72,1.0648,6.5441,0.8963,,,,,,,
2013-12-27,1.3766,1.6491,105.05,1.0697,6.5114,0.8893,,,,,,,
2013-12-30,1.3816,1.6522,105.0,1.064,6.4127,0.8866,,,,,,,
2013-12-31,1.3779,1.6574,105.25,1.0637,6.4254,0.8904,,,,,,,
2014-01-01,,,,,,,0.292045454545455,0.52093,0.22,0.894,0.73,-0.0433244,0.12
2014-01-02,1.367,1.6441,104.84,1.0634,6.4909,0.8998,,,,,,,
2014-01-03,1.3606,1.6424,104.46,1.0612,6.5177,0.9044,,,,,,,
2014-01-06,1.3636,1.6412,104.38,1.0658,6.5134,0.9036,,,,,,,
2014-01-07,1.3618,1.6421,104.54,1.0742,6.5172,0.9086,,,,,,,
2014-01-08,1.3586,1.6461,104.87,1.0802,6.5631,0.9102,,,,,,,
2014-01-09,1.3591,1.6459,104.74,1.085,6.5597,0.9085,,,,,,,
2014-01-10,1.3664,1.647,104.06,1.0915,6.4956,0.9032,,,,,,,
2014-01-13,1.3647,1.6379,103.31,1.0868,6.5054,0.9026,,,,,,,
2014-01-14,1.3682,1.645,103.8,1.0934,6.4358,0.9009,,,,,,,
2014-01-15,1.3604,1.6375,104.42,1.0932,6.466,0.9084,,,,,,,
2014-01-16,1.36,1.6335,104.32,1.0926,6.4699,0.9064,,,,,,,
2014-01-17,1.3554,1.6429,104.32,1.0959,6.4565,0.91,,,,,,,
2014-01-20,,,,,,,,,,,,,
2014-01-21,1.356,1.6469,104.14,1.0971,6.4867,0.9092,,,,,,,
2014-01-22,1.3546,1.6571,104.36,1.1069,6.4773,0.9116,,,,,,,
2014-01-23,1.368,1.6612,103.65,1.1128,6.4295,0.9002,,,,,,,
2014-01-24,1.368,1.6491,102.41,1.1063,6.4453,0.8949,,,,,,,
2014-01-27,1.3679,1.6588,102.26,1.1097,6.4297,0.8956,,,,,,,
2014-01-28,1.3662,1.6581,102.8,1.1148,6.4285,0.8984,,,,,,,
2014-01-29,1.3663,1.6561,102.2,1.1147,6.4566,0.8948,,,,,,,
2014-01-30,1.3549,1.6487,102.83,1.1171,6.525,0.9042,,,,,,,
2014-01-31,1.35,1.645,102.28,1.1116,6.5412,0.9052,,,,,,,
2014-02-01,,,,,,,0.2881,0.52153,0.212,0.87,0.73,-0.04796675,0.13
2014-02-03,1.3523,1.6307,101.11,1.1074,6.5421,0.9014,,,,,,,
2014-02-04,1.3507,1.63,101.62,1.1056,6.526,0.905,,,,,,,
2014-02-05,1.3519,1.6308,101.38,1.11,6.5321,0.9042,,,,,,,
2014-02-06,1.3604,1.6345,101.84,1.1065,6.4997,0.8992,,,,,,,
2014-02-07,1.3614,1.6395,102.32,1.1014,6.4952,0.8992,,,,,,,
2014-02-10,1.3644,1.6419,102.14,1.1048,6.4831,0.8967,,,,,,,
2014-02-11,1.3654,1.6468,102.63,1.1024,6.4335,0.8969,,,,,,,
2014-02-12,1.3592,1.6578,102.48,1.0992,6.4471,0.9006,,,,,,,
2014-02-13,1.3669,1.6643,102.2,1.0979,6.4615,0.8944,,,,,,,
2014-02-14,1.369,1.6736,101.82,1.0981,6.4515,0.8928,,,,,,,
2014-02-17,,,,,,,,,,,,,
2014-02-18,1.3758,1.6696,102.31,1.0952,6.4839,0.8878,,,,,,,
2014-02-19,1.3762,1.6718,102.3,1.1045,6.493,0.8868,,,,,,,
2014-02-20,1.369,1.664,102.32,1.1104,6.5515,0.8912,,,,,,,
2014-02-21,1.3722,1.663,102.71,1.1128,6.5421,0.8888,,,,,,,
2014-02-24,1.3744,1.6641,102.44,1.1058,6.4917,0.8885,,,,,,,
2014-02-25,1.3749,1.6696,102.2,1.1085,6.4925,0.887,,,,,,,
2014-02-26,1.3668,1.6648,102.36,1.1117,6.5181,0.8922,,,,,,,
2014-02-27,1.3724,1.6693,102.12,1.1137,6.5124,0.8872,,,,,,,
2014-02-28,1.3806,1.675,102.08,1.1075,6.4109,0.881,,,,,,,
2014-03-01,,,,,,,0.305333333333333,0.52157,0.212,0.8425,0.73,-0.0400058571428571,0.12
2014-03-03,1.3763,1.6712,101.36,1.109,6.4595,0.881,,,,,,,
2014-03-04,1.3731,1.6665,102.18,1.1113,6.449,0.8869,,,,,,,
2014-03-05,1.3734,1.6729,102.32,1.105,6.4282,0.8872,,,,,,,
2014-03-06,1.3848,1.6743,103.03,1.0965,6.3998,0.881,,,,,,,
2014-03-07,1.3868,1.6725,103.38,1.1088,6.3883,0.8785,,,,,,,
2014-03-10,1.388,1.6633,103.23,1.1104,6.3862,0.8781,,,,,,,
2014-03-11,1.3867,1.6628,103.18,1.1085,6.37,0.8783,,,,,,,
2014-03-12,1.3904,1.6605,102.74,1.113,6.3619,0.8743,,,,,,,
2014-03-13,1.3927,1.6677,102.12,1.1059,6.3543,0.8726,,,,,,,
2014-03-14,1.3924,1.663,101.46,1.1087,6.3769,0.8712,,,,,,,
2014-03-17,1.3927,1.6645,101.62,1.1052,6.351,0.8726,,,,,,,
2014-03-18,1.3913,1.6574,101.37,1.1089,6.3394,0.8743,,,,,,,
2014-03-19,1.391,1.6629,101.54,1.1177,6.3557,0.8747,,,,,,,
2014-03-20,1.3784,1.6511,102.39,1.1251,6.4098,0.8833,,,,,,,
2014-03-21,1.3783,1.6498,102.38,1.1191,6.4379,0.8836,,,,,,,
2014-03-24,1.3784,1.6491,102.21,1.1218,6.4282,0.884,,,,,,,
2014-03-25,1.3777,1.6507,102.32,1.1176,6.4272,0.8862,,,,,,,
2014-03-26,1.3786,1.6566,102.3,1.1143,6.4574,0.8854,,,,,,,
2014-03-27,1.3752,1.6627,102.1,1.1056,6.4805,0.8859,,,,,,,
2014-03-28,1.3753,1.6637,102.92,1.1066,6.5024,0.8869,,,,,,,
2014-03-31,1.3777,1.6675,102.98,1.1053,6.475,0.884,,,,,,,
2014-04-01,1.3804,1.6639,103.52,1.1026,6.4524,0.8825,0.32975,0.52665,0.212,0.926,0.7,-0.0292094,0.12
2014-04-02,1.3761,1.6634,103.82,1.103,6.4842,0.887,,,,,,,
2014-04-03,1.3708,1.6583,103.94,1.1035,6.5461,0.8921,,,,,,,
2014-04-04,1.3704,1.6594,103.39,1.0978,6.5509,0.8918,,,,,,,
2014-04-07,1.3745,1.6616,103.04,1.0971,6.528,0.8876,,,,,,,
2014-04-08,1.3802,1.6743,102.12,1.0919,6.4936,0.8836,,,,,,,
2014-04-09,1.3816,1.6751,101.85,1.0902,6.5066,0.8816,,,,,,,
2014-04-10,1.3892,1.6781,101.43,1.0912,6.5229,0.8758,,,,,,,
2014-04-11,1.3898,1.6736,101.56,1.096,6.5227,0.8748,,,,,,,
2014-04-14,1.3824,1.6741,101.81,1.0968,6.5524,0.8784,,,,,,,
2014-04-15,1.3806,1.6725,101.6,1.098,6.577,0.8805,,,,,,,
2014-04-16,1.382,1.6794,102.3,1.1027,6.5919,0.8813,,,,,,,
2014-04-17,1.3832,1.6809,102.22,1.0997,6.5922,0.8812,,,,,,,
2014-04-18,1.3816,1.6792,102.43,1.1024,6.594,0.8832,,,,,,,
2014-04-21,1.379,1.6792,102.56,1.102,6.6229,0.8851,,,,,,,
2014-04-22,1.3804,1.6833,102.6,1.1025,6.5824,0.8851,,,,,,,
2014-04-23,1.3814,1.6768,102.26,1.1034,6.5749,0.8828,,,,,,,
2014-04-24,1.3828,1.6797,102.34,1.1026,6.5726,0.8817,,,,,,,
2014-04-25,1.3838,1.681,102.12,1.1041,6.587,0.8809,,,,,,,
2014-04-28,1.3844,1.6812,102.46,1.1032,6.5458,0.8807,,,,,,,
2014-04-29,1.3808,1.6829,102.57,1.0963,6.5685,0.8845,,,,,,,
2014-04-30,1.387,1.6883,102.14,1.0956,6.5049,0.88,,,,,,,
2014-05-01,1.3867,1.69,102.3,1.0965,6.5013,0.8797,0.324571428571429,0.52744,0.21,0.925,0.66,-0.03160255,0.11
2014-05-02,1.3864,1.6865,102.34,1.0973,6.5131,0.8789,,,,,,,
2014-05-05,1.3884,1.687,102.06,1.0955,6.5452,0.8774,,,,,,,
2014-05-06,1.3924,1.6976,101.57,1.089,6.5068,0.8744,,,,,,,
2014-05-07,1.3917,1.6964,101.72,1.0895,6.4864,0.8758,,,,,,,
2014-05-08,1.3864,1.6944,101.66,1.0856,6.5073,0.8784,,,,,,,
2014-05-09,1.3763,1.6849,101.74,1.0899,6.5587,0.886,,,,,,,
2014-05-12,1.376,1.6871,102.1,1.0886,6.5679,0.8876,,,,,,,
2014-05-13,1.3711,1.6838,102.2,1.0892,6.5502,0.8894,,,,,,,
2014-05-14,1.3718,1.6784,101.75,1.0887,6.5489,0.8894,,,,,,,
2014-05-15,1.3712,1.6791,101.44,1.0887,6.5776,0.8898,,,,,,,
2014-05-16,1.3708,1.6827,101.5,1.0883,6.5605,0.891,,,,,,,
2014-05-19,1.3716,1.6822,101.26,1.0861,6.5848,0.8916,,,,,,,
2014-05-20,1.3702,1.6847,101.26,1.09,6.5811,0.8916,,,,,,,
2014-05-21,1.3657,1.6869,101.44,1.0935,6.5803,0.8951,,,,,,,
2014-05-22,1.3652,1.6859,101.76,1.0897,6.5923,0.8948,,,,,,,
2014-05-23,1.3628,1.6822,101.88,1.087,6.6488,0.8958,,,,,,,
2014-05-26,,,,,,,,,,,,,
2014-05-27,1.3618,1.68,102.14,1.0869,6.6253,0.8977,,,,,,,
2014-05-28,1.3596,1.6709,101.78,1.0867,6.6463,0.8982,,,,,,,
2014-05-29,1.3608,1.6719,101.58,1.0837,6.6414,0.897,,,,,,,
2014-05-30,1.364,1.6764,101.77,1.0867,6.6855,0.8944,,,,,,,
2014-06-01,,,,,,,0.241428571428571,0.54394,0.21,0.935,0.58,-0.012441,0.11
2014-06-02,1.3606,1.6756,102.3,1.0894,6.6841,0.898,,,,,,,
2014-06-03,1.3624,1.6753,102.42,1.0915,6.6851,0.8964,,,,,,,
2014-06-04,1.3619,1.6747,102.69,1.0937,6.648,0.8956,,,,,,,
2014-06-05,1.3618,1.6796,102.44,1.0935,6.6779,0.8944,,,,,,,
2014-06-06,1.3639,1.6794,102.5,1.0936,6.6276,0.8938,,,,,,,
2014-06-09,1.3589,1.6798,102.52,1.0908,6.6805,0.8974,,,,,,,
2014-06-10,1.3543,1.6753,102.37,1.0914,6.6995,0.8996,,,,,,,
2014-06-11,1.3532,1.6795,101.94,1.0867,6.6928,0.8998,,,,,,,
2014-06-12,1.3556,1.6853,101.83,1.0851,6.6903,0.8982,,,,,,,
2014-06-13,1.3522,1.6953,102.06,1.0868,6.6558,0.9008,,,,,,,
2014-06-16,1.3578,1.6988,101.82,1.0849,6.6238,0.8969,,,,,,,
2014-06-17,1.3543,1.6965,102.18,1.0851,6.6305,0.8998,,,,,,,
2014-06-18,1.3567,1.6951,102.16,1.087,6.66,0.8976,,,,,,,
2014-06-19,1.362,1.7046,101.84,1.0828,6.6915,0.8932,,,,,,,
2014-06-20,1.3586,1.7014,102.14,1.0766,6.7315,0.896,,,,,,,
2014-06-23,1.3593,1.701,101.9,1.0731,6.7032,0.8948,,,,,,,
2014-06-24,1.3588,1.6971,102.13,1.0739,6.7315,0.8955,,,,,,,
2014-06-25,1.3638,1.6986,101.75,1.0721,6.7278,0.8918,,,,,,,
2014-06-26,1.361,1.7018,101.66,1.0706,6.7398,0.8933,,,,,,,
2014-06-27,1.3631,1.7016,101.39,1.0676,6.7358,0.8919,,,,,,,
2014-06-30,1.369,1.7105,101.28,1.0676,6.6874,0.8868,,,,,,,
2014-07-01,1.3681,1.7147,101.51,1.0652,6.6937,0.8871,0.20504347826087,0.55641,0.21,0.948,0.26,0.0333333333333333,0.13
2014-07-02,1.3656,1.7165,101.76,1.0667,6.7078,0.8886,,,,,,,
2014-07-03,1.361,1.7152,102.19,1.0633,6.8162,0.8934,,,,,,,
2014-07-04,,,,,,,,,,,,,
2014-07-07,1.3604,1.7128,101.84,1.0662,6.8339,0.8934,,,,,,,
2014-07-08,1.3614,1.7127,101.53,1.0674,6.8292,0.8924,,,,,,,
2014-07-09,1.363,1.713,101.7,1.0648,6.7986,0.8918,,,,,,,
2014-07-10,1.36,1.7122,101.26,1.0658,6.7809,0.8926,,,,,,,
2014-07-11,1.3598,1.7108,101.33,1.072,6.7955,0.8926,,,,,,,
2014-07-14,1.362,1.7079,101.58,1.0721,6.7944,0.8918,,,,,,,
2014-07-15,1.3573,1.7149,101.62,1.0766,6.8155,0.8953,,,,,,,
2014-07-16,1.353,1.7131,101.69,1.0749,6.8239,0.8984,,,,,,,
2014-07-17,1.353,1.7104,101.3,1.0753,6.824,0.8973,,,,,,,
2014-07-18,1.3515,1.7069,101.37,1.0737,6.8431,0.8989,,,,,,,
2014-07-21,1.3524,1.7067,101.34,1.0736,6.8519,0.898,,,,,,,
2014-07-22,1.347,1.7058,101.54,1.0744,6.8479,0.9022,,,,,,,
2014-07-23,1.3462,1.7036,101.5,1.0739,6.8384,0.9024,,,,,,,
2014-07-24,1.3468,1.6981,101.82,1.0741,6.8329,0.9024,,,,,,,
2014-07-25,1.3431,1.6972,101.81,1.0814,6.8218,0.9045,,,,,,,
2014-07-28,1.344,1.6991,101.82,1.08,6.8301,0.9037,,,,,,,
2014-07-29,1.341,1.6939,102.12,1.0851,6.8514,0.9068,,,,,,,
2014-07-30,1.3378,1.6903,102.9,1.0908,6.8896,0.9096,,,,,,,
2014-07-31,1.339,1.6889,102.75,1.0889,6.8958,0.9086,,,,,,,
2014-08-01,1.3436,1.6832,102.45,1.0918,6.8672,0.9048,0.191571428571429,0.56119,0.21,0.95,0.22,0.038,0.13
2014-08-04,1.3414,1.6841,102.47,1.0916,6.8923,0.9068,,,,,,,
2014-08-05,1.3366,1.6874,102.77,1.0969,6.898,0.9102,,,,,,,
2014-08-06,1.3355,1.6833,102.34,1.0926,6.9115,0.9095,,,,,,,
2014-08-07,1.3362,1.6849,102.06,1.0922,6.9017,0.9086,,,,,,,
2014-08-08,1.3412,1.6778,101.91,1.0982,6.8893,0.905,,,,,,,
2014-08-11,1.3385,1.6787,102.14,1.0933,6.8685,0.9063,,,,,,,
2014-08-12,1.3357,1.6806,102.22,1.0944,6.8793,0.9082,,,,,,,
2014-08-13,1.3367,1.6696,102.48,1.0929,6.8785,0.9079,,,,,,,
2014-08-14,1.3376,1.6694,102.44,1.091,6.8533,0.9056,,,,,,,
2014-08-15,1.3392,1.6686,102.19,1.091,6.8341,0.9026,,,,,,,
2014-08-18,1.3358,1.672,102.54,1.0888,6.8559,0.9066,,,,,,,
2014-08-19,1.332,1.662,102.86,1.0929,6.8702,0.9089,,,,,,,
2014-08-20,1.3284,1.6633,103.36,1.0944,6.9013,0.9116,,,,,,,
2014-08-21,1.3284,1.6589,103.78,1.0949,6.8898,0.9112,,,,,,,
2014-08-22,1.3237,1.6574,103.97,1.0949,6.9178,0.9142,,,,,,,
2014-08-25,1.3206,1.6585,103.96,1.098,6.9233,0.9144,,,,,,,
2014-08-26,1.3189,1.657,104.12,1.095,6.9416,0.9167,,,,,,,
2014-08-27,1.3192,1.6573,103.98,1.089,6.9462,0.9148,,,,,,,
2014-08-28,1.3178,1.6579,103.78,1.0857,6.9688,0.915,,,,,,,
2014-08-29,1.315,1.6585,104.0,1.0858,6.9753,0.9174,,,,,,,
2014-09-01,,,,,,,0.0970909090909091,0.56291,0.21,0.9275,0.19,0.025,0.12
2014-09-02,1.3124,1.6502,105.1,1.0923,7.0127,0.9196,,,,,,,
2014-09-03,1.3136,1.6451,104.88,1.0872,7.0185,0.9186,,,,,,,
2014-09-04,1.2926,1.6349,105.22,1.0862,7.0707,0.9327,,,,,,,
2014-09-05,1.2956,1.6312,104.94,1.089,7.0869,0.9306,,,,,,,
2014-09-08,1.2948,1.6141,105.65,1.0933,7.0877,0.9317,,,,,,,
2014-09-09,1.2909,1.6088,106.32,1.101,7.1136,0.9348,,,,,,,
2014-09-10,1.2908,1.6134,106.76,1.0954,7.0987,0.9382,,,,,,,
2014-09-11,1.2936,1.6225,106.87,1.1032,7.1179,0.9349,,,,,,,
2014-09-12,1.2955,1.6243,107.24,1.1075,7.1326,0.9337,,,,,,,
2014-09-15,1.2951,1.6243,107.18,1.105,7.1106,0.9344,,,,,,,
2014-09-16,1.2976,1.629,106.91,1.0985,7.1087,0.9314,,,,,,,
2014-09-17,1.2958,1.6329,107.58,1.0951,7.1238,0.9346,,,,,,,
2014-09-18,1.2913,1.6372,108.69,1.0946,7.1,0.9344,,,,,,,
2014-09-19,1.2835,1.6314,108.96,1.0968,7.146,0.9404,,,,,,,
2014-09-22,1.2829,1.634,108.88,1.1007,7.1575,0.941,,,,,,,
2014-09-23,1.2858,1.637,108.82,1.1059,7.1433,0.9386,,,,,,,
2014-09-24,1.2788,1.6344,108.92,1.1088,7.1759,0.9446,,,,,,,
2014-09-25,1.2748,1.6313,108.7,1.1105,7.2146,0.9467,,,,,,,
2014-09-26,1.2686,1.6254,109.32,1.1162,7.26,0.9513,,,,,,,
2014-09-29,1.2703,1.6262,109.34,1.1142,7.2391,0.9498,,,,,,,
2014-09-30,1.2628,1.622,109.66,1.1207,7.2151,0.9554,,,,,,,
2014-10-01,1.2618,1.6216,109.3,1.1171,7.2224,0.9566,0.0826086956521739,0.55836,0.192,0.894,0.14,0.04,0.12
2014-10-02,1.267,1.614,108.1,1.115,7.1889,0.9532,,,,,,,
2014-10-03,1.2517,1.5962,109.7,1.1254,7.271,0.967,,,,,,,
2014-10-06,1.2592,1.6029,109.08,1.1174,7.2206,0.9626,,,,,,,
2014-10-07,1.2626,1.6072,108.3,1.1182,7.2049,0.9606,,,,,,,
2014-10-08,1.2683,1.6068,108.41,1.1181,7.2206,0.9564,,,,,,,
2014-10-09,1.2683,1.6123,108.0,1.115,7.2147,0.9545,,,,,,,
2014-10-10,1.2636,1.6049,107.83,1.1173,7.2213,0.9568,,,,,,,
2014-10-13,,,,,,,,,,,,,
2014-10-14,1.266,1.593,107.15,1.1235,7.2428,0.9536,,,,,,,
2014-10-15,1.2778,1.5959,106.06,1.1291,7.1984,0.9444,,,,,,,
2014-10-16,1.2812,1.6065,105.98,1.1265,7.1632,0.9425,,,,,,,
2014-10-17,1.2755,1.6086,106.72,1.1247,7.1883,0.9468,,,,,,,
2014-10-20,1.2783,1.6137,106.87,1.1276,7.1869,0.9438,,,,,,,
2014-10-21,1.2724,1.6134,106.7,1.1219,7.2319,0.9482,,,,,,,
2014-10-22,1.2658,1.607,107.32,1.1218,7.2655,0.953,,,,,,,
2014-10-23,1.2658,1.6037,108.16,1.1236,7.2552,0.9535,,,,,,,
2014-10-24,1.2675,1.6098,108.06,1.1211,7.2565,0.9514,,,,,,,
2014-10-27,1.2712,1.6133,107.71,1.1247,7.2906,0.9484,,,,,,,
2014-10-28,1.2747,1.6157,108.0,1.1176,7.328,0.9463,,,,,,,
2014-10-29,1.2762,1.6149,108.1,1.1135,7.299,0.9452,,,,,,,
2014-10-30,1.2622,1.6023,108.94,1.1191,7.3358,0.9552,,,,,,,
2014-10-31,1.253,1.5999,112.09,1.1272,7.3971,0.9623,,,,,,,
2014-11-01,,,,,,,0.0809,0.55628,0.182,0.9025,0.05,0.0414285714285714,0.13
2014-11-03,1.2487,1.5986,113.92,1.1319,7.407,0.9655,,,,,,,
2014-11-04,1.2554,1.5991,113.44,1.1396,7.3907,0.9596,,,,,,,
2014-11-05,1.2488,1.5984,114.62,1.1377,7.373,0.964,,,,,,,
2014-11-06,1.2414,1.5862,114.87,1.1423,7.4163,0.9702,,,,,,,
2014-11-07,1.2422,1.5844,114.73,1.136,7.4289,0.9684,,,,,,,
2014-11-10,1.2425,1.5857,114.78,1.1344,7.4303,0.9678,,,,,,,
2014-11-11,,,,,,,,,,,,,
2014-11-12,1.2456,1.5815,115.42,1.1284,7.4148,0.965,,,,,,,
2014-11-13,1.2476,1.5717,115.63,1.1349,7.4209,0.9634,,,,,,,
2014-11-14,1.2494,1.5657,116.52,1.1294,7.41,0.9616,,,,,,,
2014-11-17,1.2447,1.5645,116.44,1.1308,7.4302,0.9653,,,,,,,
2014-11-18,1.2534,1.5648,116.76,1.1305,7.3605,0.9583,,,,,,,
2014-11-19,1.2548,1.567,117.7,1.1349,7.3855,0.9572,,,,,,,
2014-11-20,1.2526,1.5683,118.14,1.1311,7.4098,0.9596,,,,,,,
2014-11-21,1.2394,1.5672,117.74,1.1237,7.4754,0.9696,,,,,,,
2014-11-24,1.2427,1.5701,118.39,1.1279,7.4437,0.9676,,,,,,,
2014-11-25,1.2472,1.5714,117.99,1.126,7.4349,0.9645,,,,,,,
2014-11-26,1.2503,1.5787,117.6,1.1236,7.3927,0.9614,,,,,,,
2014-11-27,,,,,,,,,,,,,
2014-11-28,1.2438,1.5638,118.7,1.1426,7.4544,0.9658,,,,,,,
2014-12-01,1.249,1.5743,118.14,1.1343,7.4119,0.9631,0.0809047619047619,0.55818,0.179,0.902,0.06,0.040234375,0.15
2014-12-02,1.239,1.5651,119.1,1.1397,7.5123,0.972,,,,,,,
2014-12-03,1.2304,1.57,119.82,1.1359,7.5289,0.9779,,,,,,,
2014-12-04,1.2432,1.5707,119.67,1.1374,7.4688,0.9674,,,,,,,
2014-12-05,1.2304,1.56,121.38,1.1423,7.5455,0.9772,,,,,,,
2014-12-08,1.2292,1.5625,120.89,1.1473,7.5591,0.9778,,,,,,,
2014-12-09,1.2415,1.5694,118.87,1.1422,7.518,0.968,,,,,,,
2014-12-10,1.2425,1.5689,118.5,1.1479,7.522,0.968,,,,,,,
2014-12-11,1.2397,1.5712,119.4,1.1534,7.5541,0.9688,,,,,,,
2014-12-12,1.2484,1.5728,118.22,1.1538,7.5325,0.962,,,,,,,
2014-12-15,1.247,1.5663,117.75,1.1629,7.6343,0.9632,,,,,,,
2014-12-16,1.2504,1.5736,117.28,1.1624,7.6031,0.9604,,,,,,,
2014-12-17,1.2406,1.5652,117.64,1.1629,7.6484,0.9679,,,,,,,
2014-12-18,1.2291,1.5662,118.84,1.1594,7.678,0.9794,,,,,,,
2014-12-19,1.2235,1.5609,119.56,1.1626,7.7302,0.9832,,,,,,,
2014-12-22,1.2252,1.5618,119.84,1.1644,7.7779,0.982,,,,,,,
2014-12-23,1.218,1.5517,120.68,1.1626,7.7889,0.9872,,,,,,,
2014-12-24,1.2188,1.5549,120.45,1.1621,7.8081,0.9865,,,,,,,
2014-12-25,,,,,,,,,,,,,
2014-12-26,,,,,,,,,,,,,
2014-12-29,1.2179,1.5524,120.57,1.1631,7.8217,0.9878,,,,,,,
2014-12-30,1.2174,1.5573,119.34,1.1597,7.7395,0.988,,,,,,,
2014-12-31,1.2101,1.5578,119.85,1.1601,7.8245,0.9934,,,,,,,
2015-01-01,,,,,,,0.0626666666666667,0.5626,0.173,0.765,0.11,-0.416666666666667,0.16
2015-01-02,1.2015,1.5361,120.2,1.1725,7.8986,1.0004,,,,,,,
2015-01-05,1.1918,1.5234,119.64,1.1785,7.9253,1.0079,,,,,,,
2015-01-06,1.1936,1.5174,118.26,1.1802,7.8847,1.0062,,,,,,,
2015-01-07,1.182,1.5073,119.52,1.1851,7.9743,1.016,,,,,,,
2015-01-08,1.1811,1.5118,119.51,1.1812,8.0142,1.0169,,,,,,,
2015-01-09,1.183,1.5151,118.66,1.1857,8.0521,1.0151,,,,,,,
2015-01-12,1.1832,1.5168,118.32,1.1929,8.0684,1.015,,,,,,,
2015-01-13,1.1779,1.5166,118.16,1.1947,8.0718,1.0195,,,,,,,
2015-01-14,1.1806,1.5234,116.78,1.1957,8.0543,1.0172,,,,,,,
2015-01-15,1.1598,1.5161,116.95,1.1932,8.1431,0.893,,,,,,,
2015-01-16,1.1517,1.5132,117.45,1.1986,8.14,0.8488,,,,,,,
2015-01-19,,,,,,,,,,,,,
2015-01-20,1.1559,1.5162,118.48,1.2085,8.1809,0.8751,,,,,,,
2015-01-21,1.1584,1.5118,117.86,1.2377,8.1819,0.8596,,,,,,,
2015-01-22,1.1414,1.5052,117.92,1.237,8.1948,0.8678,,,,,,,
2015-01-23,1.1279,1.5022,117.8,1.24,8.2702,0.876,,,,,,,
2015-01-26,1.129,1.5088,118.38,1.2409,8.2669,0.8988,,,,,,,
2015-01-27,1.137,1.5196,117.62,1.2402,8.1703,0.9042,,,,,,,
2015-01-28,1.1342,1.5165,117.74,1.2452,8.2331,0.9055,,,,,,,
2015-01-29,1.1308,1.5043,118.31,1.2644,8.2647,0.9226,,,,,,,
2015-01-30,1.129,1.5026,117.44,1.2716,8.2732,0.921,,,,,,,
2015-02-01,,,,,,,0.0482,0.56363,0.171,0.5325,-0.02,-0.675,0.15
2015-02-02,1.1337,1.5027,117.33,1.2577,8.2932,0.9262,,,,,,,
2015-02-03,1.1462,1.5129,117.48,1.2452,8.2265,0.9234,,,,,,,
2015-02-04,1.1418,1.5209,117.58,1.255,8.2527,0.9238,,,,,,,
2015-02-05,1.1432,1.5293,117.4,1.2419,8.2521,0.9248,,,,,,,
2015-02-06,1.133,1.5247,119.16,1.2524,8.3891,0.9228,,,,,,,
2015-02-09,1.1316,1.5217,118.7,1.2448,8.3604,0.9258,,,,,,,
2015-02-10,1.1316,1.5252,119.32,1.2528,8.3312,0.9263,,,,,,,
2015-02-11,1.13,1.5232,120.38,1.2635,8.3891,0.9288,,,,,,,
2015-02-12,1.141,1.538,118.72,1.2464,8.4169,0.9283,,,,,,,
2015-02-13,1.1408,1.5394,118.7,1.2449,8.4039,0.9308,,,,,,,
2015-02-16,,,,,,,,,,,,,
2015-02-17,1.1395,1.5349,118.99,1.2401,8.333,0.9346,,,,,,,
2015-02-18,1.1342,1.543,119.19,1.2456,8.415,0.9446,,,,,,,
2015-02-19,1.1392,1.5451,118.84,1.2484,8.3967,0.9472,,,,,,,
2015-02-20,1.1372,1.5385,118.68,1.2503,8.3783,0.9419,,,,,,,
2015-02-23,1.1346,1.5465,118.88,1.2577,8.4142,0.9494,,,,,,,
2015-02-24,1.1307,1.5434,119.13,1.2601,8.4193,0.9516,,,,,,,
2015-02-25,1.1363,1.5499,118.88,1.2418,8.304,0.9496,,,,,,,
2015-02-26,1.1212,1.5424,119.36,1.249,8.3893,0.954,,,,,,,
2015-02-27,1.1197,1.5439,119.72,1.2506,8.3555,0.9513,,,,,,,
2015-03-01,,,,,,,0.0271818181818182,0.56436,0.17,0.5525,-0.11,-0.788842625,0.14
2015-03-02,1.119,1.5371,120.06,1.2535,8.3427,0.9553,,,,,,,
2015-03-03,1.1212,1.5391,119.47,1.245,8.2612,0.959,,,,,,,
2015-03-04,1.107,1.5266,119.76,1.2439,8.354,0.964,,,,,,,
2015-03-05,1.1006,1.5229,120.22,1.2482,8.3583,0.9736,,,,,,,
2015-03-06,1.0855,1.5063,120.93,1.2615,8.4994,0.9846,,,,,,,
2015-03-09,1.0846,1.5097,121.17,1.2598,8.4875,0.9873,,,,,,,
2015-03-10,1.0707,1.5086,121.2,1.2633,8.5531,0.9996,,,,,,,
2015-03-11,1.0576,1.4945,121.5,1.2763,8.6257,1.0074,,,,,,,
2015-03-12,1.0615,1.4907,121.28,1.2692,8.61,1.0034,,,,,,,
2015-03-13,1.0524,1.4755,121.17,1.2803,8.6706,1.0047,,,,,,,
2015-03-16,1.0575,1.48,121.3,1.2763,8.6341,1.0074,,,,,,,
2015-03-17,1.0605,1.4744,121.28,1.2769,8.6723,1.004,,,,,,,
2015-03-18,1.0643,1.4686,120.92,1.2771,8.7505,0.9952,,,,,,,
2015-03-19,1.0621,1.4729,120.9,1.2743,8.6892,0.9921,,,,,,,
2015-03-20,1.0792,1.4923,120.28,1.2593,8.6443,0.9766,,,,,,,
2015-03-23,1.0928,1.4936,119.74,1.2515,8.4981,0.9668,,,,,,,
2015-03-24,1.0908,1.487,119.9,1.251,8.5137,0.9586,,,,,,,
2015-03-25,1.0986,1.4915,119.37,1.2513,8.4698,0.9574,,,,,,,
2015-03-26,1.0919,1.4844,119.01,1.2469,8.5548,0.9614,,,,,,,
2015-03-27,1.0891,1.4878,119.15,1.2579,8.5764,0.9586,,,,,,,
2015-03-30,1.0818,1.4792,120.11,1.2687,8.5928,0.9678,,,,,,,
2015-03-31,1.0741,1.485,119.96,1.2681,8.6268,0.9712,,,,,,,
2015-04-01,1.0768,1.4823,119.62,1.261,8.6475,0.9671,0.0047,0.5695,0.17,0.618,-0.26,-0.685416666666667,0.13
2015-04-02,1.0874,1.4842,119.74,1.2584,8.6348,0.9578,,,,,,,
2015-04-03,1.099,1.4916,118.96,1.2465,8.5341,0.9504,,,,,,,
2015-04-06,1.1008,1.4959,119.05,1.245,8.503,0.9524,,,,,,,
2015-04-07,1.085,1.4857,120.36,1.2488,8.6507,0.964,,,,,,,
2015-04-08,1.0818,1.4924,119.96,1.2508,8.6489,0.9634,,,,,,,
2015-04-09,1.0671,1.4739,120.32,1.258,8.7518,0.9754,,,,,,,
2015-04-10,1.0598,1.4648,120.29,1.2596,8.818,0.9807,,,,,,,
2015-04-13,1.0582,1.4658,120.32,1.2603,8.8156,0.978,,,,,,,
2015-04-14,1.0672,1.479,119.26,1.2476,8.7452,0.9712,,,,,,,
2015-04-15,1.0596,1.4782,119.23,1.2378,8.793,0.9721,,,,,,,
2015-04-16,1.0742,1.4923,119.18,1.2206,8.596,0.9584,,,,,,,
2015-04-17,1.078,1.4942,119.02,1.2225,8.6482,0.9528,,,,,,,
2015-04-20,1.0763,1.4913,119.27,1.2203,8.6701,0.9543,,,,,,,
2015-04-21,1.0758,1.4944,119.45,1.2274,8.6279,0.9528,,,,,,,
2015-04-22,1.0729,1.5027,119.9,1.225,8.7232,0.9662,,,,,,,
2015-04-23,1.0803,1.5047,119.69,1.2148,8.65,0.955,,,,,,,
2015-04-24,1.0876,1.5176,118.98,1.2168,8.631,0.9533,,,,,,,
2015-04-27,1.0892,1.5235,119.12,1.2106,8.6008,0.9534,,,,,,,
2015-04-28,1.0979,1.5328,118.8,1.2021,8.5333,0.9538,,,,,,,
2015-04-29,1.1174,1.5485,118.83,1.1955,8.3052,0.9358,,,,,,,
2015-04-30,1.1162,1.5328,119.86,1.2116,8.3778,0.941,,,,,,,
2015-05-01,1.1194,1.5137,120.21,1.2191,8.3931,0.934,-0.0103684210526316,0.56798,0.169,0.6575,-0.27,-0.81541675,0.15
2015-05-04,1.1145,1.5118,120.25,1.2108,8.3677,0.9357,,,,,,,
2015-05-05,1.1174,1.5178,119.87,1.2038,8.3671,0.9262,,,,,,,
2015-05-06,1.1345,1.5244,119.42,1.2007,8.2188,0.915,,,,,,,
2015-05-07,1.1283,1.5223,119.74,1.2139,8.268,0.9196,,,,,,,
2015-05-08,1.1241,1.5455,119.78,1.2086,8.2106,0.9274,,,,,,,
2015-05-11,1.1142,1.5593,120.05,1.2107,8.295,0.9344,,,,,,,
2015-05-12,1.124,1.5685,119.8,1.1987,8.3022,0.9266,,,,,,,
2015-05-13,1.1372,1.5748,119.09,1.195,8.2085,0.9162,,,,,,,
2015-05-14,1.1368,1.5766,119.2,1.1991,8.2531,0.9146,,,,,,,
2015-05-15,1.1428,1.5772,119.36,1.2009,8.2174,0.9174,,,,,,,
2015-05-18,1.1354,1.5679,119.82,1.215,8.22,0.923,,,,,,,
2015-05-19,1.1151,1.5523,120.58,1.2213,8.3356,0.9367,,,,,,,
2015-05-20,1.1079,1.5544,121.28,1.2212,8.36,0.9395,,,,,,,
2015-05-21,1.1126,1.5672,121.06,1.2201,8.3159,0.9346,,,,,,,
2015-05-22,1.1033,1.5484,121.45,1.2288,8.374,0.9428,,,,,,,
2015-05-25,,,,,,,,,,,,,
2015-05-26,1.0876,1.5398,123.08,1.2428,8.4722,0.9503,,,,,,,
2015-05-27,1.0888,1.5324,123.76,1.2483,8.502,0.9508,,,,,,,
2015-05-28,1.0914,1.5291,124.18,1.2474,8.4941,0.9458,,,,,,,
2015-05-29,1.0994,1.5286,123.98,1.2466,8.5245,0.9404,,,,,,,
2015-06-01,1.0913,1.5187,124.64,1.2547,8.5884,0.9467,-0.0139090909090909,0.57188,0.169,0.61,-0.32,-0.767575833333333,0.18
2015-06-02,1.113,1.5331,124.19,1.2425,8.4618,0.9343,,,,,,,
2015-06-03,1.1285,1.5351,124.06,1.2437,8.2778,0.9336,,,,,,,
2015-06-04,1.1271,1.5367,124.56,1.2477,8.2612,0.9342,,,,,,,
2015-06-05,1.1108,1.5267,125.58,1.2488,8.4144,0.9436,,,,,,,
2015-06-08,1.1232,1.528,125.08,1.2435,8.347,0.9332,,,,,,,
2015-06-09,1.1284,1.5383,124.16,1.2316,8.2885,0.9295,,,,,,,
2015-06-10,1.1307,1.553,122.72,1.2267,8.2592,0.9292,,,,,,,
2015-06-11,1.1236,1.5493,123.62,1.2314,8.2353,0.9364,,,,,,,
2015-06-12,1.1278,1.5587,123.23,1.2306,8.1623,0.926,,,,,,,
2015-06-15,1.1266,1.5572,123.38,1.2321,8.1845,0.9351,,,,,,,
2015-06-16,1.1238,1.5637,123.39,1.2328,8.1973,0.9325,,,,,,,
2015-06-17,1.1244,1.5708,124.25,1.2307,8.1951,0.9272,,,,,,,
2015-06-18,1.1404,1.5882,122.87,1.2206,8.1076,0.9196,,,,,,,
2015-06-19,1.1335,1.5881,122.7,1.2273,8.1354,0.9206,,,,,,,
2015-06-22,1.1378,1.5823,123.28,1.2286,8.1149,0.9188,,,,,,,
2015-06-23,1.119,1.5751,123.71,1.2326,8.2456,0.9336,,,,,,,
2015-06-24,1.1178,1.5681,124.24,1.2413,8.2613,0.936,,,,,,,
2015-06-25,1.1196,1.5728,123.63,1.2346,8.2444,0.9375,,,,,,,
2015-06-26,1.1156,1.5739,123.92,1.2358,8.3113,0.9351,,,,,,,
2015-06-29,1.118,1.5764,122.5,1.238,8.2494,0.928,,,,,,,
2015-06-30,1.1154,1.5727,122.1,1.2473,8.2937,0.9346,,,,,,,
2015-07-01,1.1084,1.5617,123.02,1.2559,8.3493,0.9456,-0.0187391304347826,0.58084,0.169,0.47,-0.48,-0.7443055,0.19
2015-07-02,1.109,1.5614,123.14,1.2566,8.4545,0.9436,,,,,,,
2015-07-03,,,,,,,,,,,,,
2015-07-06,1.1076,1.5619,122.53,1.2623,8.4468,0.9432,,,,,,,
2015-07-07,1.0952,1.5443,122.16,1.2742,8.5483,0.9482,,,,,,,
2015-07-08,1.1072,1.5353,120.54,1.2724,8.4671,0.9458,,,,,,,
2015-07-09,1.1025,1.5375,121.22,1.2727,8.4956,0.9495,,,,,,,
2015-07-10,1.115,1.5503,122.75,1.2713,8.4375,0.9411,,,,,,,
2015-07-13,1.102,1.5518,123.35,1.2762,8.4703,0.9492,,,,,,,
2015-07-14,1.1015,1.5584,123.39,1.2746,8.5027,0.9459,,,,,,,
2015-07-15,1.0965,1.5621,123.89,1.2935,8.5025,0.9521,,,,,,,
2015-07-16,1.0898,1.5601,124.04,1.2938,8.5398,0.9562,,,,,,,
2015-07-17,1.0848,1.5624,124.0,1.2997,8.6402,0.9608,,,,,,,
2015-07-20,1.085,1.5587,124.24,1.2982,8.6088,0.963,,,,,,,
2015-07-21,1.0927,1.555,123.93,1.2958,8.5604,0.959,,,,,,,
2015-07-22,1.0884,1.5617,124.08,1.3023,8.6267,0.9613,,,,,,,
2015-07-23,1.0976,1.5533,123.88,1.303,8.5875,0.9581,,,,,,,
2015-07-24,1.0976,1.5514,123.74,1.3059,8.5876,0.962,,,,,,,
2015-07-27,1.1112,1.5595,123.24,1.3008,8.4916,0.9597,,,,,,,
2015-07-28,1.1055,1.5617,123.52,1.2933,8.5722,0.9638,,,,,,,
2015-07-29,1.1026,1.5624,123.86,1.2893,8.5991,0.963,,,,,,,
2015-07-30,1.0914,1.5581,124.38,1.3024,8.6344,0.9696,,,,,,,
2015-07-31,1.1028,1.5634,123.94,1.3047,8.5925,0.9636,,,,,,,
2015-08-01,,,,,,,-0.0276666666666667,0.5867,0.169,0.385,-0.46,-0.78125,0.26
2015-08-03,1.0962,1.5603,123.98,1.3141,8.6428,0.9682,,,,,,,
2015-08-04,1.0953,1.5612,124.0,1.3124,8.6453,0.9732,,,,,,,
2015-08-05,1.0868,1.5604,124.84,1.3181,8.733,0.981,,,,,,,
2015-08-06,1.0922,1.5521,124.6,1.3152,8.7477,0.9808,,,,,,,
2015-08-07,1.0958,1.5467,124.27,1.3122,8.7679,0.9824,,,,,,,
2015-08-10,1.0994,1.5546,124.55,1.3056,8.6986,0.9848,,,,,,,
2015-08-11,1.1042,1.5572,124.9,1.3149,8.6691,0.9869,,,,,,,
2015-08-12,1.1198,1.5639,123.87,1.2973,8.5672,0.9691,,,,,,,
2015-08-13,1.1144,1.5595,124.32,1.3078,8.4833,0.976,,,,,,,
2015-08-14,1.111,1.5625,124.27,1.3075,8.5174,0.978,,,,,,,
2015-08-17,1.1078,1.5598,124.33,1.309,8.5198,0.977,,,,,,,
2015-08-18,1.1028,1.5658,124.39,1.3075,8.5456,0.9764,,,,,,,
2015-08-19,1.1061,1.5645,124.1,1.3165,8.5783,0.9702,,,,,,,
2015-08-20,1.12,1.5688,123.54,1.3075,8.506,0.9621,,,,,,,
2015-08-21,1.1356,1.5698,122.11,1.3146,8.3665,0.9488,,,,,,,
2015-08-24,1.158,1.5731,118.56,1.321,8.2769,0.9347,,,,,,,
2015-08-25,1.141,1.5698,119.91,1.3295,8.4405,0.9488,,,,,,,
2015-08-26,1.139,1.5493,119.07,1.3301,8.4619,0.9472,,,,,,,
2015-08-27,1.1239,1.5411,120.89,1.3193,8.4752,0.9631,,,,,,,
2015-08-28,1.1172,1.5362,121.32,1.3268,8.4649,0.9622,,,,,,,
2015-08-31,1.1194,1.5363,121.26,1.3223,8.4745,0.9681,,,,,,,
2015-09-01,1.1263,1.5341,119.94,1.318,8.4609,0.9622,-0.0370454545454546,0.58576,0.169,0.4,-0.48,-0.756176166666667,0.27
2015-09-02,1.1242,1.531,120.0,1.3308,8.4193,0.969,,,,,,,
2015-09-03,1.1104,1.5254,120.2,1.32,8.4266,0.9764,,,,,,,
2015-09-04,1.1117,1.5195,119.05,1.3272,8.4688,0.9754,,,,,,,
2015-09-07,,,,,,,,,,,,,
2015-09-08,1.1182,1.5381,119.72,1.3193,8.4108,0.978,,,,,,,
2015-09-09,1.1165,1.5363,120.94,1.3221,8.4106,0.9767,,,,,,,
2015-09-10,1.1262,1.5457,120.71,1.3218,8.3663,0.9735,,,,,,,
2015-09-11,1.1338,1.5426,120.66,1.3274,8.2375,0.9735,,,,,,,
2015-09-14,1.1307,1.5423,119.92,1.3265,8.2576,0.9687,,,,,,,
2015-09-15,1.126,1.5352,120.3,1.3261,8.3035,0.9755,,,,,,,
2015-09-16,1.1304,1.5499,120.62,1.318,8.2439,0.9688,,,,,,,
2015-09-17,1.1312,1.5509,120.9,1.3186,8.259,0.971,,,,,,,
2015-09-18,1.1358,1.5573,119.85,1.3146,8.2099,0.9614,,,,,,,
2015-09-21,1.1204,1.5506,120.46,1.3249,8.3362,0.9702,,,,,,,
2015-09-22,1.1133,1.5356,120.04,1.3276,8.395,0.9733,,,,,,,
2015-09-23,1.116,1.5243,120.12,1.3313,8.4357,0.978,,,,,,,
2015-09-24,1.1252,1.5254,119.54,1.3348,8.389,0.973,,,,,,,
2015-09-25,1.1192,1.5172,120.74,1.3322,8.4078,0.976,,,,,,,
2015-09-28,1.1236,1.5208,119.82,1.336,8.4688,0.9735,,,,,,,
2015-09-29,1.1246,1.5168,119.76,1.3414,8.3846,0.971,,,,,,,
2015-09-30,1.1162,1.5116,119.81,1.3396,8.3912,0.9773,,,,,,,
2015-10-01,1.12,1.5162,119.58,1.324,8.3633,0.9744,-0.0535909090909091,0.58006,0.169,0.4025,-0.44,-0.845,0.25
2015-10-02,1.1276,1.5216,119.42,1.3213,8.319,0.9684,,,,,,,
2015-10-05,1.12,1.5165,120.36,1.3084,8.3391,0.9746,,,,,,,
2015-10-06,1.1266,1.5227,120.18,1.3056,8.2362,0.9678,,,,,,,
2015-10-07,1.1249,1.5315,119.9,1.3038,8.2421,0.9716,,,,,,,
2015-10-08,1.1282,1.5316,119.94,1.3017,8.2338,0.9674,,,,,,,
2015-10-09,1.1363,1.5315,120.3,1.2945,8.183,0.9615,,,,,,,
2015-10-12,,,,,,,,,,,,,
2015-10-13,1.1382,1.5242,119.8,1.2984,8.1333,0.9594,,,,,,,
2015-10-14,1.1437,1.5445,119.21,1.2983,8.1341,0.9517,,,,,,,
2015-10-15,1.1418,1.5475,118.26,1.2901,8.2285,0.9489,,,,,,,
2015-10-16,1.136,1.5441,119.6,1.2932,8.2217,0.9536,,,,,,,
2015-10-19,1.132,1.5471,119.5,1.2999,8.3185,0.956,,,,,,,
2015-10-20,1.1359,1.547,119.79,1.2974,8.2819,0.954,,,,,,,
2015-10-21,1.1345,1.5463,119.91,1.3117,8.3194,0.957,,,,,,,
2015-10-22,1.114,1.5399,120.5,1.3087,8.4394,0.971,,,,,,,
2015-10-23,1.1016,1.534,121.2,1.3171,8.5092,0.9769,,,,,,,
2015-10-26,1.1051,1.5361,120.87,1.3134,8.4997,0.9815,,,,,,,
2015-10-27,1.1052,1.5312,120.29,1.3242,8.4935,0.9848,,,,,,,
2015-10-28,1.1066,1.5319,120.56,1.3149,8.4173,0.9848,,,,,,,
2015-10-29,1.0963,1.5296,121.14,1.3169,8.5536,0.9915,,,,,,,
2015-10-30,1.1042,1.5445,120.7,1.3082,8.4922,0.9858,,,,,,,
2015-11-01,,,,,,,-0.0876190476190476,0.57371,0.169,0.4525,-0.36,-0.680833,0.3
2015-11-02,1.1026,1.5428,120.7,1.3093,8.5079,0.9853,,,,,,,
2015-11-03,1.0946,1.5404,121.2,1.3107,8.5526,0.9922,,,,,,,
2015-11-04,1.0861,1.5377,121.52,1.3164,8.6296,0.9933,,,,,,,
2015-11-05,1.0869,1.5236,121.71,1.3162,8.6473,0.9964,,,,,,,
2015-11-06,1.0746,1.5071,123.2,1.3307,8.7203,1.0048,,,,,,,
2015-11-09,1.0767,1.5124,123.04,1.3274,8.6731,1.0017,,,,,,,
2015-11-10,1.0686,1.511,123.22,1.3258,8.7134,1.0076,,,,,,,
2015-11-11,,,,,,,,,,,,,
2015-11-12,1.0768,1.5206,122.84,1.3309,8.6459,1.0014,,,,,,,
2015-11-13,1.0722,1.5208,122.93,1.3332,8.7153,1.0088,,,,,,,
2015-11-16,1.0708,1.5204,123.11,1.3352,8.6957,1.0079,,,,,,,
2015-11-17,1.0634,1.5214,123.48,1.3324,8.7633,1.0169,,,,,,,
2015-11-18,1.0638,1.521,123.51,1.3351,8.7423,1.0198,,,,,,,
2015-11-19,1.0746,1.5327,122.71,1.3266,8.6537,1.014,,,,,,,
2015-11-20,1.066,1.5199,122.8,1.3337,8.6929,1.0183,,,,,,,
2015-11-23,1.0602,1.5125,123.02,1.3358,8.7369,1.0205,,,,,,,
2015-11-24,1.0652,1.5057,122.47,1.3308,8.7009,1.0161,,,,,,,
2015-11-25,1.0616,1.5109,122.7,1.3298,8.7349,1.022,,,,,,,
2015-11-26,,,,,,,,,,,,,
2015-11-27,1.0596,1.504,122.84,1.336,8.7292,1.0305,,,,,,,
2015-11-30,1.0562,1.5044,123.22,1.3332,8.7206,1.0282,,,,,,,
2015-12-01,1.062,1.5074,122.88,1.3372,8.6974,1.0296,-0.126318181818182,0.58277,0.169,0.484,-0.38,-0.740213833333333,0.54
2015-12-02,1.0573,1.4927,123.52,1.3357,8.7069,1.0274,,,,,,,
2015-12-03,1.0902,1.5088,123.06,1.3393,8.4958,0.9996,,,,,,,
2015-12-04,1.0884,1.51,123.1,1.3364,8.4837,0.9986,,,,,,,
2015-12-07,1.084,1.5076,123.31,1.3508,8.5384,1.0026,,,,,,,
2015-12-08,1.0876,1.5,123.0,1.3594,8.5168,0.994,,,,,,,
2015-12-09,1.0984,1.5168,121.86,1.3595,8.4267,0.9866,,,,,,,
2015-12-10,1.0948,1.5176,121.44,1.3598,8.4927,0.9888,,,,,,,
2015-12-11,1.1002,1.5213,120.94,1.3695,8.4816,0.9828,,,,,,,
2015-12-14,1.1025,1.513,120.57,1.3732,8.4753,0.9823,,,,,,,
2015-12-15,1.0911,1.5044,121.66,1.3729,8.5023,0.9921,,,,,,,
2015-12-16,1.0937,1.5013,121.88,1.3805,8.5222,0.9852,,,,,,,
2015-12-17,1.0804,1.4876,122.75,1.397,8.564,0.9987,,,,,,,
2015-12-18,1.0847,1.4914,121.2,1.3876,8.5602,0.994,,,,,,,
2015-12-21,1.092,1.4906,120.99,1.3989,8.5092,0.9912,,,,,,,
2015-12-22,1.0978,1.4811,120.94,1.3929,8.4113,0.9866,,,,,,,
2015-12-23,1.0875,1.4863,120.94,1.386,8.4626,0.9938,,,,,,,
2015-12-24,1.0955,1.4943,120.32,1.3847,8.4008,0.9872,,,,,,,
2015-12-25,,,,,,,,,,,,,
2015-12-28,1.0983,1.4883,120.3,1.3893,8.3622,0.9878,,,,,,,
2015-12-29,1.0916,1.4794,120.44,1.3848,8.3774,0.9924,,,,,,,
2015-12-30,1.0912,1.4832,120.6,1.3883,8.4275,0.989,,,,,,,
2015-12-31,1.0859,1.4746,120.27,1.3839,8.4485,1.0017,,,,,,,
2016-01-01,,,,,,,-0.14615,0.58976,0.169,0.435,-0.46,-0.745873,0.57
2016-01-04,1.0803,1.4686,119.3,1.397,8.5057,1.0042,,,,,,,
2016-01-05,1.0743,1.4664,118.95,1.3991,8.5987,1.0096,,,,,,,
2016-01-06,1.0762,1.4626,118.54,1.4084,8.6024,1.0084,,,,,,,
2016-01-07,1.086,1.4579,118.0,1.4061,8.5106,1.0018,,,,,,,
2016-01-08,1.0885,1.4523,117.74,1.415,8.5287,0.9972,,,,,,,
2016-01-11,1.0878,1.4564,117.48,1.4203,8.5253,1.0,,,,,,,
2016-01-12,1.0837,1.4403,117.78,1.4293,8.5535,1.003,,,,,,,
2016-01-13,1.0862,1.447,118.06,1.4294,8.5165,1.0064,,,,,,,
2016-01-14,1.0862,1.4409,118.03,1.4374,8.5348,1.0072,,,,,,,
2016-01-15,1.0964,1.4289,116.78,1.4531,8.5512,0.9984,,,,,,,
2016-01-18,,,,,,,,,,,,,
2016-01-19,1.0906,1.4171,117.66,1.4513,8.5477,1.0032,,,,,,,
2016-01-20,1.0908,1.4167,116.38,1.4592,8.5825,1.0032,,,,,,,
2016-01-21,1.0833,1.4198,117.61,1.4244,8.5655,1.0112,,,,,,,
2016-01-22,1.0814,1.4308,118.37,1.4153,8.5754,1.0148,,,,,,,
2016-01-25,1.0832,1.4245,118.55,1.4248,8.5694,1.0148,,,,,,,
2016-01-26,1.0846,1.4342,118.5,1.4062,8.5614,1.0189,,,,,,,
2016-01-27,1.0867,1.4261,118.9,1.404,8.5124,1.0176,,,,,,,
2016-01-28,1.0952,1.4351,118.61,1.4077,8.5048,1.0134,,,,,,,
2016-01-29,1.0832,1.4184,121.05,1.4074,8.5709,1.0226,,,,,,,
2016-02-01,1.0888,1.4367,121.06,1.4005,8.5385,1.0202,-0.183571428571429,0.59073,0.098,0.4575,-0.5,-0.8886364,0.54
2016-02-02,1.0908,1.4399,120.27,1.4039,8.5749,1.0181,,,,,,,
2016-02-03,1.1051,1.4576,117.92,1.3843,8.4745,1.007,,,,,,,
2016-02-04,1.1199,1.458,116.75,1.3724,8.3983,0.9926,,,,,,,
2016-02-05,1.1131,1.4468,116.99,1.3875,8.4802,0.9938,,,,,,,
2016-02-08,1.117,1.4415,115.7,1.3921,8.4593,0.9885,,,,,,,
2016-02-09,1.13,1.4473,114.8,1.386,8.4061,0.972,,,,,,,
2016-02-10,1.1222,1.4473,114.03,1.3969,8.4612,0.9779,,,,,,,
2016-02-11,1.1362,1.4448,111.72,1.3933,8.344,0.9706,,,,,,,
2016-02-12,1.1235,1.446,112.96,1.3834,8.4337,0.9768,,,,,,,
2016-02-15,,,,,,,,,,,,,
2016-02-16,1.114,1.429,113.9,1.3857,8.4959,0.9884,,,,,,,
2016-02-17,1.114,1.4317,114.14,1.3682,8.5104,0.9926,,,,,,,
2016-02-18,1.1092,1.4333,113.62,1.3718,8.4758,0.994,,,,,,,
2016-02-19,1.1127,1.4343,112.42,1.3798,8.4426,0.9893,,,,,,,
2016-02-22,1.1018,1.4157,113.12,1.3684,8.5023,0.9986,,,,,,,
2016-02-23,1.1016,1.404,112.17,1.3791,8.4829,0.992,,,,,,,
2016-02-24,1.1021,1.3932,111.36,1.3765,8.4859,0.986,,,,,,,
2016-02-25,1.1026,1.3937,112.7,1.3572,8.5157,0.9894,,,,,,,
2016-02-26,1.0932,1.3867,113.78,1.3546,8.5557,0.9967,,,,,,,
2016-02-29,1.0868,1.3926,112.9,1.3522,8.5709,0.996,,,,,,,
2016-03-01,1.0847,1.3948,113.94,1.3404,8.6312,0.9994,-0.22852380952381,0.58825,0.098,0.46,-0.59,-0.774167,0.55
2016-03-02,1.0845,1.4059,113.81,1.3466,8.6321,0.9981,,,,,,,
2016-03-03,1.0948,1.4152,113.53,1.3405,8.5418,0.992,,,,,,,
2016-03-04,1.101,1.4226,113.91,1.3337,8.4779,0.9926,,,,,,,
2016-03-07,1.1004,1.4256,113.6,1.33,8.4752,0.9969,,,,,,,
2016-03-08,1.1028,1.4225,112.58,1.3388,8.4776,0.9939,,,,,,,
2016-03-09,1.1022,1.4236,113.06,1.3233,8.4238,0.9957,,,,,,,
2016-03-10,1.1162,1.4306,113.1,1.3372,8.3712,0.9857,,,,,,,
2016-03-11,1.118,1.4426,113.66,1.3211,8.3339,0.9813,,,,,,,
2016-03-14,1.1107,1.4324,113.59,1.3291,8.3326,0.986,,,,,,,
2016-03-15,1.1112,1.4166,112.88,1.3355,8.3031,0.9852,,,,,,,
2016-03-16,1.1075,1.41,113.69,1.3364,8.3168,0.9879,,,,,,,
2016-03-17,1.1316,1.449,111.3,1.2982,8.1867,0.968,,,,,,,
2016-03-18,1.1292,1.4514,111.38,1.298,8.209,0.9682,,,,,,,
2016-03-21,1.126,1.4402,111.62,1.3067,8.2166,0.9678,,,,,,,
2016-03-22,1.1228,1.4217,111.82,1.3051,8.2188,0.9705,,,,,,,
2016-03-23,1.1174,1.4111,112.63,1.3199,8.2672,0.9731,,,,,,,
2016-03-24,1.1163,1.4143,112.64,1.327,8.3021,0.9766,,,,,,,
2016-03-25,1.1164,1.4131,113.05,1.3264,8.3066,0.978,,,,,,,
2016-03-28,1.121,1.425,113.29,1.3184,8.2808,0.9732,,,,,,,
2016-03-29,1.1204,1.4281,113.33,1.3153,8.2546,0.9744,,,,,,,
2016-03-30,1.133,1.439,112.6,1.2962,8.15,0.9636,,,,,,,
2016-03-31,1.139,1.4381,112.42,1.2969,8.0962,0.9583,,,,,,,
2016-04-01,1.1385,1.4204,112.06,1.3047,8.1164,0.9588,-0.249190476190476,0.5889,0.06,0.5125,-0.59,-0.746875,0.55
2016-04-04,1.1386,1.4279,111.18,1.3037,8.1239,0.9597,,,,,,,
2016-04-05,1.1374,1.4149,110.26,1.3175,8.1408,0.9572,,,,,,,
2016-04-06,1.143,1.4162,109.63,1.3073,8.1378,0.9537,,,,,,,
2016-04-07,1.1386,1.4082,107.98,1.3163,8.152,0.9552,,,,,,,
2016-04-08,1.1406,1.4105,108.36,1.2994,8.1453,0.9536,,,,,,,
2016-04-11,1.1412,1.424,107.96,1.2912,8.1112,0.9538,,,,,,,
2016-04-12,1.1395,1.4244,108.54,1.28,8.0701,0.9546,,,,,,,
2016-04-13,1.1281,1.4223,109.21,1.2789,8.1415,0.9651,,,,,,,
2016-04-14,1.1262,1.4148,109.2,1.2835,8.1264,0.9667,,,,,,,
2016-04-15,1.1295,1.4217,108.76,1.2857,8.1234,0.967,,,,,,,
2016-04-18,1.1322,1.4276,108.85,1.2815,8.1214,0.9636,,,,,,,
2016-04-19,1.1375,1.4396,109.16,1.2654,8.074,0.9599,,,,,,,
2016-04-20,1.133,1.4375,109.51,1.2623,8.089,0.9671,,,,,,,
2016-04-21,1.1301,1.4338,109.41,1.2713,8.1199,0.9722,,,,,,,
2016-04-22,1.1239,1.439,111.5,1.2672,8.1244,0.9774,,,,,,,
2016-04-25,1.1274,1.4492,111.08,1.2678,8.1269,0.9742,,,,,,,
2016-04-26,1.1318,1.4611,111.23,1.2614,8.0938,0.9713,,,,,,,
2016-04-27,1.1322,1.4554,111.26,1.2637,8.0814,0.971,,,,,,,
2016-04-28,1.1325,1.4581,108.55,1.2544,8.0851,0.9687,,,,,,,
2016-04-29,1.1441,1.4625,106.9,1.2549,8.0267,0.9598,,,,,,,
2016-05-01,,,,,,,-0.257181818181818,0.58929,0.06,0.5075,-0.6,-0.765375,0.57
2016-05-02,1.1516,1.4666,106.48,1.2544,7.9761,0.9556,,,,,,,
2016-05-03,1.1508,1.4543,106.34,1.2686,8.0272,0.9541,,,,,,,
2016-05-04,1.1486,1.4475,107.12,1.2882,8.0679,0.9574,,,,,,,
2016-05-05,1.1404,1.4486,107.32,1.2855,8.1073,0.9686,,,,,,,
2016-05-06,1.1421,1.4439,106.66,1.292,8.1254,0.9697,,,,,,,
2016-05-09,1.1402,1.4409,108.39,1.2994,8.1546,0.9698,,,,,,,
2016-05-10,1.1386,1.4454,109.22,1.2957,8.1466,0.9746,,,,,,,
2016-05-11,1.1444,1.448,108.48,1.2834,8.1207,0.9699,,,,,,,
2016-05-12,1.138,1.4452,108.73,1.2857,8.188,0.9693,,,,,,,
2016-05-13,1.1294,1.4369,109.14,1.2939,8.2562,0.9756,,,,,,,
2016-05-16,1.1328,1.4411,108.89,1.2886,8.2416,0.9772,,,,,,,
2016-05-17,1.1337,1.4485,109.02,1.2884,8.2281,0.9761,,,,,,,
2016-05-18,1.1276,1.4615,109.65,1.2924,8.2868,0.9822,,,,,,,
2016-05-19,1.1214,1.4608,109.81,1.3114,8.3375,0.9894,,,,,,,
2016-05-20,1.1207,1.4513,110.52,1.3136,8.3308,0.992,,,,,,,
2016-05-23,1.1192,1.4444,109.47,1.3155,8.3599,0.9919,,,,,,,
2016-05-24,1.1145,1.4623,110.0,1.3117,8.3219,0.993,,,,,,,
2016-05-25,1.1154,1.4694,110.22,1.3089,8.3028,0.9908,,,,,,,
2016-05-26,1.1184,1.4673,109.74,1.298,8.2847,0.9898,,,,,,,
2016-05-27,1.114,1.4644,109.86,1.3001,8.3224,0.9916,,,,,,,
2016-05-30,,,,,,,,,,,,,
2016-05-31,1.1135,1.453,110.75,1.3097,8.336,0.9934,,,,,,,
2016-06-01,1.1165,1.4395,109.55,1.3089,8.303,0.9892,-0.267909090909091,0.57468,0.059,0.51,-0.63,-0.718645,0.55
2016-06-02,1.1157,1.4419,108.75,1.308,8.3278,0.9902,,,,,,,
2016-06-03,1.133,1.4521,106.88,1.2947,8.1742,0.9781,,,,,,,
2016-06-06,1.1354,1.445,107.33,1.2856,8.1258,0.972,,,,,,,
2016-06-07,1.135,1.4564,107.3,1.2788,8.1404,0.9663,,,,,,,
2016-06-08,1.14,1.4546,106.68,1.2694,8.1102,0.9594,,,,,,,
2016-06-09,1.1329,1.4467,106.54,1.2728,8.1685,0.9639,,,,,,,
2016-06-10,1.1281,1.4342,107.06,1.2734,8.2743,0.9632,,,,,,,
2016-06-13,1.1282,1.4223,106.07,1.2791,8.2548,0.9662,,,,,,,
2016-06-14,1.1206,1.413,106.02,1.2833,8.3033,0.964,,,,,,,
2016-06-15,1.1239,1.4185,105.87,1.2912,8.323,0.9647,,,,,,,
2016-06-16,1.1158,1.4075,104.05,1.3039,8.4216,0.9662,,,,,,,
2016-06-17,1.1256,1.4285,104.2,1.2875,8.3406,0.961,,,,,,,
2016-06-20,1.1318,1.4688,104.32,1.2807,8.2374,0.9616,,,,,,,
2016-06-21,1.1262,1.4668,104.56,1.2817,8.2575,0.9596,,,,,,,
2016-06-22,1.1286,1.4682,104.56,1.282,8.2727,0.9584,,,,,,,
2016-06-23,1.1373,1.48,105.9,1.2749,8.1654,0.9566,,,,,,,
2016-06-24,1.1126,1.3639,102.26,1.2948,8.4345,0.9702,,,,,,,
2016-06-27,1.1024,1.3217,101.66,1.3076,8.5598,0.9787,,,,,,,
2016-06-28,1.1054,1.3294,102.71,1.3086,8.5372,0.9812,,,,,,,
2016-06-29,1.1117,1.351,102.68,1.299,8.4602,0.9794,,,,,,,
2016-06-30,1.1032,1.3242,102.77,1.301,8.5028,0.9792,,,,,,,
2016-07-01,1.1145,1.3281,102.55,1.2897,8.4301,0.973,-0.294523809523809,0.5136,0.058,0.5,-0.67,-0.77,0.62
2016-07-04,,,,,,,,,,,,,
2016-07-05,1.108,1.3021,101.58,1.295,8.528,0.9768,,,,,,,
2016-07-06,1.1077,1.2921,101.12,1.3003,8.5276,0.9778,,,,,,,
2016-07-07,1.1065,1.2926,100.74,1.2984,8.5724,0.9781,,,,,,,
2016-07-08,1.1038,1.2938,100.65,1.3072,8.5984,0.9843,,,,,,,
2016-07-11,1.1045,1.2986,102.66,1.3125,8.584,0.983,,,,,,,
2016-07-12,1.1074,1.3237,104.72,1.3016,8.5203,0.9869,,,,,,,
2016-07-13,1.1112,1.318,104.1,1.2962,8.4751,0.9834,,,,,,,
2016-07-14,1.1109,1.3332,105.4,1.2916,8.4823,0.9806,,,,,,,
2016-07-15,1.1059,1.3194,105.64,1.2978,8.5455,0.9834,,,,,,,
2016-07-18,1.1076,1.3279,106.0,1.2984,8.5505,0.9822,,,,,,,
2016-07-19,1.1014,1.3123,106.13,1.3027,8.6114,0.985,,,,,,,
2016-07-20,1.1007,1.3179,106.65,1.3037,8.6003,0.9872,,,,,,,
2016-07-21,1.1016,1.3216,105.98,1.3056,8.5947,0.9869,,,,,,,
2016-07-22,1.0968,1.3091,106.22,1.3178,8.6603,0.9888,,,,,,,
2016-07-25,1.098,1.313,106.02,1.3224,8.6513,0.9869,,,,,,,
2016-07-26,1.0984,1.3133,104.83,1.3207,8.6568,0.9924,,,,,,,
2016-07-27,1.0988,1.3094,105.65,1.3221,8.6797,0.9936,,,,,,,
2016-07-28,1.1094,1.3151,104.86,1.317,8.6243,0.9806,,,,,,,
2016-07-29,1.1168,1.327,102.32,1.304,8.5503,0.969,,,,,,,
2016-08-01,1.1176,1.3209,102.26,1.3096,8.5701,0.9671,-0.298217391304348,0.40613,0.058,0.506,-0.74,-0.75,0.73
2016-08-02,1.1225,1.3326,100.82,1.3087,8.5105,0.9643,,,,,,,
2016-08-03,1.117,1.3335,101.34,1.3078,8.5207,0.9716,,,,,,,
2016-08-04,1.1134,1.3143,101.08,1.3025,8.5214,0.9738,,,,,,,
2016-08-05,1.108,1.3069,101.74,1.3179,8.5634,0.9796,,,,,,,
2016-08-08,1.1078,1.3042,102.53,1.3162,8.5867,0.9838,,,,,,,
2016-08-09,1.111,1.301,101.96,1.3116,8.5314,0.9826,,,,,,,
2016-08-10,1.1171,1.2998,101.27,1.3059,8.4686,0.9759,,,,,,,
2016-08-11,1.1168,1.296,101.46,1.3004,8.4306,0.9722,,,,,,,
2016-08-12,1.1172,1.2934,101.01,1.2943,8.44,0.9738,,,,,,,
2016-08-15,1.1199,1.2874,101.02,1.2922,8.4542,0.9714,,,,,,,
2016-08-16,1.1277,1.3019,100.28,1.2861,8.4091,0.9622,,,,,,,
2016-08-17,1.1263,1.3012,100.24,1.2885,8.4384,0.964,,,,,,,
2016-08-18,1.1334,1.3147,100.07,1.2777,8.358,0.9576,,,,,,,
2016-08-19,1.1326,1.3061,100.24,1.2878,8.3781,0.9594,,,,,,,
2016-08-22,1.1314,1.3133,100.25,1.2942,8.3826,0.9625,,,,,,,
2016-08-23,1.1308,1.3179,100.2,1.2904,8.3781,0.9622,,,,,,,
2016-08-24,1.1256,1.3236,100.5,1.2939,8.4068,0.9673,,,,,,,
2016-08-25,1.1274,1.3177,100.58,1.2934,8.4132,0.9684,,,,,,,
2016-08-26,1.1237,1.3168,101.2,1.2944,8.4464,0.9718,,,,,,,
2016-08-29,1.1182,1.3089,102.13,1.3018,8.4767,0.978,,,,,,,
2016-08-30,1.115,1.3084,102.92,1.3075,8.5389,0.9822,,,,,,,
2016-08-31,1.1146,1.3129,103.38,1.3122,8.5689,0.983,,,,,,,
2016-09-01,1.1194,1.3273,103.22,1.3107,8.5504,0.9792,-0.301636363636364,0.37907,0.056,0.505,-0.75,-0.75,0.75
2016-09-02,1.1158,1.3299,104.18,1.2998,8.5886,0.9804,,,,,,,
2016-09-05,,,,,,,,,,,,,
2016-09-06,1.1237,1.3429,102.28,1.2843,8.4765,0.9718,,,,,,,
2016-09-07,1.1238,1.3339,101.72,1.2895,8.4443,0.9702,,,,,,,
2016-09-08,1.1256,1.3301,102.28,1.291,8.4483,0.9726,,,,,,,
2016-09-09,1.1214,1.3257,102.86,1.3034,8.4995,0.977,,,,,,,
2016-09-12,1.123,1.3313,101.96,1.3076,8.4992,0.9736,,,,,,,
2016-09-13,1.1242,1.3184,102.14,1.3167,8.5072,0.974,,,,,,,
2016-09-14,1.1271,1.3204,102.33,1.3187,8.4628,0.9708,,,,,,,
2016-09-15,1.1246,1.3215,102.24,1.3145,8.4753,0.9714,,,,,,,
2016-09-16,1.116,1.309,102.36,1.3212,8.5761,0.9794,,,,,,,
2016-09-19,1.1179,1.3051,101.82,1.318,8.5483,0.9798,,,,,,,
2016-09-20,1.1172,1.2974,101.66,1.3228,8.5801,0.9781,,,,,,,
2016-09-21,1.1165,1.2978,100.62,1.3186,8.5831,0.9758,,,,,,,
2016-09-22,1.1229,1.3092,100.8,1.3036,8.5322,0.9678,,,,,,,
2016-09-23,1.1223,1.2959,101.04,1.3163,8.5457,0.9702,,,,,,,
2016-09-26,1.127,1.2978,100.34,1.3196,8.5175,0.9668,,,,,,,
2016-09-27,1.1208,1.3005,100.36,1.3247,8.612,0.9718,,,,,,,
2016-09-28,1.12,1.2996,100.57,1.3237,8.5889,0.9724,,,,,,,
2016-09-29,1.1244,1.2991,101.48,1.3101,8.5435,0.9655,,,,,,,
2016-09-30,1.1238,1.3015,101.21,1.3115,8.5726,0.9694,,,,,,,
2016-10-01,,,,,,,-0.309,0.3975,0.056,0.4875,-0.75,-0.75,0.72
2016-10-03,1.121,1.284,101.54,1.3138,8.5641,0.974,,,,,,,
2016-10-04,1.1212,1.2746,102.66,1.3171,8.5838,0.978,,,,,,,
2016-10-05,1.1196,1.2745,103.53,1.3177,8.5989,0.977,,,,,,,
2016-10-06,1.1158,1.2647,104.02,1.3209,8.6246,0.9798,,,,,,,
2016-10-07,1.1156,1.2434,103.42,1.3306,8.6616,0.9806,,,,,,,
2016-10-10,,,,,,,,,,,,,
2016-10-11,1.1062,1.2218,103.36,1.3235,8.8172,0.9878,,,,,,,
2016-10-12,1.1014,1.2195,104.48,1.3277,8.8306,0.9902,,,,,,,
2016-10-13,1.1038,1.2201,103.62,1.3219,8.805,0.987,,,,,,,
2016-10-14,1.0985,1.2189,104.1,1.3169,8.8353,0.9902,,,,,,,
2016-10-17,1.1,1.2186,103.96,1.3135,8.8135,0.988,,,,,,,
2016-10-18,1.0997,1.231,103.8,1.3105,8.8087,0.9886,,,,,,,
2016-10-19,1.0966,1.2279,103.3,1.3105,8.8431,0.9894,,,,,,,
2016-10-20,1.0934,1.2256,103.92,1.3197,8.8577,0.9916,,,,,,,
2016-10-21,1.0866,1.221,103.96,1.3324,8.9297,0.9951,,,,,,,
2016-10-24,1.0888,1.2204,104.2,1.3387,8.9039,0.992,,,,,,,
2016-10-25,1.089,1.2164,104.25,1.3333,8.9224,0.994,,,,,,,
2016-10-26,1.0916,1.2234,104.42,1.3361,8.8994,0.9927,,,,,,,
2016-10-27,1.0904,1.2173,105.14,1.3385,9.0646,0.994,,,,,,,
2016-10-28,1.0934,1.2155,105.4,1.3383,9.0353,0.9932,,,,,,,
2016-10-31,1.0962,1.2212,105.07,1.3403,9.0207,0.989,,,,,,,
2016-11-01,1.1042,1.2218,104.59,1.3377,8.9479,0.979,-0.312681818181818,0.39773,0.056,0.48,-0.79,-0.76,0.71
2016-11-02,1.1119,1.2315,103.22,1.3387,8.8938,0.9701,,,,,,,
2016-11-03,1.1094,1.2454,103.17,1.3384,8.9318,0.9746,,,,,,,
2016-11-04,1.1121,1.2546,103.02,1.3413,8.9543,0.9682,,,,,,,
2016-11-07,1.1038,1.2403,104.6,1.338,9.0272,0.9758,,,,,,,
2016-11-08,1.1034,1.2372,104.98,1.3335,9.0102,0.9757,,,,,,,
2016-11-09,1.0952,1.2474,104.84,1.3406,9.0293,0.9812,,,,,,,
2016-11-10,1.0882,1.2523,106.56,1.3474,9.0874,0.9878,,,,,,,
2016-11-11,,,,,,,,,,,,,
2016-11-14,1.0723,1.2469,108.3,1.3581,9.1669,0.9978,,,,,,,
2016-11-15,1.0726,1.2422,108.94,1.3468,9.1814,1.0015,,,,,,,
2016-11-16,1.0699,1.245,109.16,1.3415,9.1849,1.0019,,,,,,,
2016-11-17,1.0656,1.245,109.64,1.3429,9.2191,1.0048,,,,,,,
2016-11-18,1.06,1.2327,110.51,1.3518,9.2515,1.0094,,,,,,,
2016-11-21,1.0597,1.2474,111.12,1.3432,9.2494,1.0112,,,,,,,
2016-11-22,1.0618,1.2424,110.98,1.3444,9.2267,1.01,,,,,,,
2016-11-23,1.056,1.2458,112.58,1.3467,9.2686,1.0156,,,,,,,
2016-11-24,,,,,,,,,,,,,
2016-11-25,1.0595,1.2462,113.17,1.3512,9.2289,1.0136,,,,,,,
2016-11-28,1.0576,1.2411,112.36,1.3401,9.2275,1.0158,,,,,,,
2016-11-29,1.0626,1.2505,112.78,1.3435,9.1902,1.0132,,,,,,,
2016-11-30,1.0578,1.2481,114.34,1.3425,9.2548,1.0187,,,,,,,
2016-12-01,1.0634,1.2596,114.34,1.333,9.2479,1.0126,-0.315761904761905,0.37226,0.056,0.4775,-0.79,-0.8,0.87
2016-12-02,1.0666,1.2685,113.76,1.3298,9.1936,1.011,,,,,,,
2016-12-05,1.0723,1.2708,114.1,1.3271,9.1554,1.0103,,,,,,,
2016-12-06,1.0717,1.2706,113.98,1.3279,9.1214,1.0093,,,,,,,
2016-12-07,1.0758,1.2604,113.5,1.3251,9.0784,1.0065,,,,,,,
2016-12-08,1.0625,1.2574,114.16,1.322,9.1273,1.0154,,,,,,,
2016-12-09,1.0541,1.259,115.17,1.3162,9.1968,1.0184,,,,,,,
2016-12-12,1.0606,1.2677,115.34,1.3137,9.1874,1.0157,,,,,,,
2016-12-13,1.0635,1.2685,115.26,1.3119,9.1553,1.0118,,,,,,,
2016-12-14,1.0656,1.2706,115.06,1.3123,9.1535,1.0099,,,,,,,
2016-12-15,1.0375,1.2389,118.32,1.3397,9.4207,1.0334,,,,,,,
2016-12-16,1.0456,1.2478,117.74,1.3339,9.3581,1.0258,,,,,,,
2016-12-19,1.0444,1.2419,116.6,1.3395,9.3427,1.0226,,,,,,,
2016-12-20,1.039,1.2358,117.86,1.3376,9.3557,1.0282,,,,,,,
2016-12-21,1.0425,1.2348,117.79,1.3401,9.228,1.0262,,,,,,,
2016-12-22,1.0452,1.2301,117.48,1.347,9.1911,1.0246,,,,,,,
2016-12-23,1.0449,1.2252,117.22,1.3533,9.198,1.0268,,,,,,,
2016-12-26,,,,,,,,,,,,,
2016-12-27,1.0458,1.2261,117.52,1.3553,9.2277,1.0284,,,,,,,
2016-12-28,1.0389,1.2222,117.66,1.3555,9.206,1.0313,,,,,,,
2016-12-29,1.0486,1.2237,116.32,1.3488,9.1213,1.023,,,,,,,
2016-12-30,1.0552,1.2337,116.78,1.3426,9.0803,1.016,,,,,,,
2017-01-01,,,,,,,-0.325545454545455,0.3621,0.056,0.45,-0.77,-0.93,0.9
2017-01-02,,,,,,,,,,,,,
2017-01-03,1.0416,1.2256,117.68,1.3437,9.1583,1.0266,,,,,,,
2017-01-04,1.0476,1.2299,117.38,1.3293,9.1108,1.0228,,,,,,,
2017-01-05,1.0598,1.2415,115.46,1.3216,8.9981,1.0107,,,,,,,
2017-01-06,1.056,1.2314,116.85,1.3216,9.0421,1.015,,,,,,,
2017-01-09,1.0576,1.2167,116.07,1.322,9.0441,1.0148,,,,,,,
2017-01-10,1.0572,1.2165,115.74,1.3208,9.0643,1.0158,,,,,,,
2017-01-11,1.0501,1.2118,116.26,1.3219,9.1003,1.0203,,,,,,,
2017-01-12,1.0666,1.2211,113.87,1.313,8.9121,1.0066,,,,,,,
2017-01-13,1.0625,1.2198,115.03,1.3134,8.9143,1.0098,,,,,,,
2017-01-16,,,,,,,,,,,,,
2017-01-17,1.0695,1.2388,112.96,1.306,8.9119,1.0028,,,,,,,
2017-01-18,1.0682,1.2309,113.4,1.3175,8.9134,1.0028,,,,,,,
2017-01-19,1.063,1.2319,115.3,1.3327,8.977,1.0094,,,,,,,
2017-01-20,,,,,,,,,,,,,
2017-01-23,1.074,1.2485,112.9,1.3283,8.8427,0.999,,,,,,,
2017-01-24,1.0749,1.2531,113.63,1.3152,8.8411,0.9998,,,,,,,
2017-01-25,1.0743,1.262,113.6,1.3074,8.8254,0.9996,,,,,,,
2017-01-26,1.067,1.2579,114.7,1.3104,8.8582,1.0011,,,,,,,
2017-01-27,1.069,1.2531,115.16,1.3108,8.8499,0.9992,,,,,,,
2017-01-30,1.0681,1.2478,113.86,1.3092,8.8396,0.9976,,,,,,,
2017-01-31,1.0794,1.2585,112.72,1.303,8.7525,0.9888,,,,,,,
2017-02-01,1.0758,1.2643,113.29,1.3088,8.7643,0.993,-0.3286,0.35674,0.056,0.465,-0.69,-0.803778166666667,0.87
2017-02-02,1.0802,1.2541,112.48,1.3018,8.7176,0.9894,,,,,,,
2017-02-03,1.0792,1.2504,112.42,1.3003,8.7681,0.991,,,,,,,
2017-02-06,1.0731,1.245,112.32,1.3116,8.8343,0.9934,,,,,,,
2017-02-07,1.069,1.2486,112.14,1.3166,8.8625,0.997,,,,,,,
2017-02-08,1.0708,1.2543,111.74,1.3156,8.8331,0.9934,,,,,,,
2017-02-09,1.0658,1.2516,113.24,1.3139,8.9006,1.0013,,,,,,,
2017-02-10,1.065,1.2502,113.22,1.3073,8.9,1.0028,,,,,,,
2017-02-13,1.0603,1.251,113.79,1.3072,8.9362,1.0054,,,,,,,
2017-02-14,1.0577,1.2465,114.34,1.3092,8.94,1.0072,,,,,,,
2017-02-15,1.0597,1.2465,114.17,1.3082,8.9191,1.0062,,,,,,,
2017-02-16,1.066,1.2477,113.36,1.3056,8.8612,0.9992,,,,,,,
2017-02-17,1.0614,1.2428,112.86,1.3114,8.9175,1.0022,,,,,,,
2017-02-20,,,,,,,,,,,,,
2017-02-21,1.0551,1.2465,113.48,1.3149,8.9677,1.0083,,,,,,,
2017-02-22,1.0555,1.2456,113.46,1.3188,8.982,1.0109,,,,,,,
2017-02-23,1.0586,1.2548,112.68,1.3109,8.986,1.0062,,,,,,,
2017-02-24,1.058,1.2499,112.26,1.3106,8.9994,1.0055,,,,,,,
2017-02-27,1.0624,1.2473,112.01,1.31,9.0134,1.0051,,,,,,,
2017-02-28,1.0618,1.2427,112.06,1.3247,9.0098,1.0022,,,,,,,
2017-03-01,1.0564,1.2318,113.66,1.3345,9.0293,1.0072,-0.329347826086957,0.34567,0.056,0.498,-0.63,-0.815,0.98
2017-03-02,1.0514,1.2267,114.45,1.3384,9.0664,1.012,,,,,,,
2017-03-03,1.0552,1.2249,114.6,1.3419,9.0372,1.0118,,,,,,,
2017-03-06,1.0586,1.2243,113.92,1.341,9.0115,1.0114,,,,,,,
2017-03-07,1.0582,1.2209,113.99,1.3413,8.9966,1.013,,,,,,,
2017-03-08,1.0547,1.2152,114.58,1.3479,9.0444,1.0146,,,,,,,
2017-03-09,1.0586,1.2166,114.71,1.3504,9.0305,1.0131,,,,,,,
2017-03-10,1.0667,1.2158,115.02,1.3468,9.0139,1.0104,,,,,,,
2017-03-13,1.067,1.2234,114.61,1.3453,8.9466,1.0068,,,,,,,
2017-03-14,1.0645,1.2168,114.63,1.3462,8.9471,1.0078,,,,,,,
2017-03-15,1.063,1.2222,114.66,1.3451,8.9571,1.008,,,,,,,
2017-03-16,1.0738,1.237,113.02,1.3316,8.8241,0.9953,,,,,,,
2017-03-17,1.0742,1.2372,112.67,1.3366,8.8167,0.9978,,,,,,,
2017-03-20,1.0754,1.2365,112.59,1.3357,8.8247,0.9966,,,,,,,
2017-03-21,1.081,1.2479,111.9,1.3321,8.789,0.9936,,,,,,,
2017-03-22,1.08,1.2476,111.06,1.3347,8.7984,0.99,,,,,,,
2017-03-23,1.0787,1.2526,111.12,1.3332,8.8139,0.9924,,,,,,,
2017-03-24,1.0806,1.2491,111.03,1.3373,8.8111,0.991,,,,,,,
2017-03-27,1.0882,1.2583,110.48,1.3367,8.7701,0.983,,,,,,,
2017-03-28,1.0852,1.2503,110.56,1.3363,8.7864,0.985,,,,,,,
2017-03-29,1.0756,1.2411,111.05,1.3372,8.8801,0.9966,,,,,,,
2017-03-30,1.0726,1.2489,111.36,1.3278,8.9092,0.9969,,,,,,,
2017-03-31,1.0698,1.2537,111.41,1.3321,8.9349,0.9998,,,,,,,
2017-04-01,,,,,,,-0.330388888888889,0.33513,0.056,0.535,-0.63,-0.7901191,1.03
2017-04-03,1.0655,1.2479,110.96,1.3388,8.9639,1.0029,,,,,,,
2017-04-04,1.0664,1.2437,110.74,1.3413,9.0014,1.0022,,,,,,,
2017-04-05,1.0661,1.2488,111.2,1.341,8.978,1.005,,,,,,,
2017-04-06,1.0651,1.2486,111.02,1.3409,9.0076,1.0046,,,,,,,
2017-04-07,1.0616,1.2398,110.76,1.3396,9.0503,1.0066,,,,,,,
2017-04-10,1.0606,1.2418,110.95,1.3347,9.0635,1.0077,,,,,,,
2017-04-11,1.0614,1.2484,109.74,1.3333,9.045,1.0072,,,,,,,
2017-04-12,1.0611,1.25,109.54,1.3302,9.0165,1.0054,,,,,,,
2017-04-13,1.063,1.2522,109.23,1.3266,9.0255,1.0047,,,,,,,
2017-04-14,1.0625,1.2531,108.63,1.3316,9.0289,1.0038,,,,,,,
2017-04-17,1.066,1.2587,108.46,1.3277,8.9864,1.0022,,,,,,,
2017-04-18,1.0706,1.2769,108.4,1.3381,8.9737,0.9978,,,,,,,
2017-04-19,1.0707,1.2789,109.06,1.3467,8.982,0.9986,,,,,,,
2017-04-20,1.0758,1.283,109.34,1.3479,8.9546,0.996,,,,,,,
2017-04-21,1.0694,1.2783,109.08,1.3502,9.0155,0.9987,,,,,,,
2017-04-24,1.0846,1.2783,109.74,1.3517,8.8732,0.9964,,,,,,,
2017-04-25,1.0941,1.2836,110.88,1.3614,8.7675,0.9925,,,,,,,
2017-04-26,1.0872,1.2838,111.52,1.3591,8.7855,0.9957,,,,,,,
2017-04-27,1.0864,1.2889,111.13,1.3664,8.8499,0.9948,,,,,,,
2017-04-28,1.0895,1.2938,111.44,1.3669,8.8635,0.9944,,,,,,,
2017-05-01,1.0912,1.2917,111.78,1.3653,8.8281,0.9955,-0.329454545454545,0.31081,0.056,0.512,-0.62,-0.89770825,1.05
2017-05-02,1.091,1.2921,112.06,1.3742,8.8291,0.9913,,,,,,,
2017-05-03,1.092,1.2916,112.34,1.3705,8.8148,0.9913,,,,,,,
2017-05-04,1.0967,1.291,112.7,1.3745,8.816,0.989,,,,,,,
2017-05-05,1.0996,1.295,112.63,1.3699,8.7941,0.9876,,,,,,,
2017-05-08,1.0928,1.2942,112.84,1.3712,8.8372,0.9979,,,,,,,
2017-05-09,1.0875,1.2939,114.19,1.3715,8.8876,1.0074,,,,,,,
2017-05-10,1.0873,1.2939,114.02,1.3652,8.913,1.0088,,,,,,,
2017-05-11,1.0869,1.2885,113.77,1.3693,8.8799,1.0061,,,,,,,
2017-05-12,1.0926,1.288,113.3,1.3717,8.8439,1.0008,,,,,,,
2017-05-15,1.0979,1.2917,113.54,1.3648,8.819,0.9964,,,,,,,
2017-05-16,1.1072,1.2912,113.24,1.359,8.7982,0.9878,,,,,,,
2017-05-17,1.1134,1.2944,111.46,1.3594,8.7533,0.9808,,,,,,,
2017-05-18,1.113,1.3009,110.82,1.3604,8.7755,0.9763,,,,,,,
2017-05-19,1.119,1.3018,111.47,1.3537,8.7398,0.9754,,,,,,,
2017-05-22,1.1236,1.3006,111.15,1.3503,8.6994,0.9736,,,,,,,
2017-05-23,1.1198,1.2984,111.64,1.3492,8.7069,0.974,,,,,,,
2017-05-24,1.1175,1.2935,112.02,1.3454,8.7107,0.9769,,,,,,,
2017-05-25,1.1218,1.2954,111.7,1.3457,8.6731,0.972,,,,,,,
2017-05-26,1.117,1.2795,111.3,1.3454,8.6926,0.9753,,,,,,,
2017-05-29,,,,,,,,,,,,,
2017-05-30,1.1183,1.2858,110.68,1.3462,8.7256,0.9744,,,,,,,
2017-05-31,1.1236,1.2905,110.71,1.3498,8.6788,0.9684,,,,,,,
2017-06-01,1.1214,1.2894,111.24,1.3484,8.6915,0.9712,-0.33,0.29442,0.056,0.565,-0.67,-0.775,1.16
2017-06-02,1.127,1.2885,110.49,1.35,8.6323,0.9642,,,,,,,
2017-06-05,1.125,1.2917,110.49,1.3484,8.6621,0.9657,,,,,,,
2017-06-06,1.1266,1.2901,109.34,1.3451,8.6733,0.9628,,,,,,,
2017-06-07,1.1236,1.2941,109.54,1.3514,8.6945,0.9657,,,,,,,
2017-06-08,1.1217,1.2939,110.1,1.3494,8.7159,0.9675,,,,,,,
2017-06-09,1.119,1.2737,110.61,1.3434,8.7178,0.97,,,,,,,
2017-06-12,1.1204,1.2658,109.72,1.3447,8.7412,0.9688,,,,,,,
2017-06-13,1.1194,1.2739,110.12,1.3226,8.7035,0.9692,,,,,,,
2017-06-14,1.1277,1.2808,109.16,1.3201,8.6421,0.9662,,,,,,,
2017-06-15,1.1152,1.2768,110.66,1.3286,8.7503,0.9749,,,,,,,
2017-06-16,1.1194,1.2778,110.84,1.3235,8.7035,0.9739,,,,,,,
2017-06-19,1.116,1.2743,111.34,1.3202,8.7339,0.9745,,,,,,,
2017-06-20,1.1124,1.2628,111.46,1.3268,8.7941,0.9759,,,,,,,
2017-06-21,1.1143,1.2667,111.58,1.3323,8.7619,0.9744,,,,,,,
2017-06-22,1.1148,1.2659,111.36,1.3236,8.753,0.9728,,,,,,,
2017-06-23,1.1196,1.2727,111.26,1.3263,8.7139,0.9692,,,,,,,
2017-06-26,1.1196,1.2732,111.48,1.3228,8.713,0.9706,,,,,,,
2017-06-27,1.13,1.2791,112.42,1.3176,8.6147,0.9638,,,,,,,
2017-06-28,1.1364,1.2936,112.18,1.3043,8.5665,0.9608,,,,,,,
2017-06-29,1.142,1.2984,112.32,1.301,8.495,0.9569,,,,,,,
2017-06-30,1.1411,1.2995,112.4,1.2982,8.44,0.9586,,,,,,,
2017-07-01,,,,,,,-0.330428571428571,0.2931,0.075,0.73,-0.75,-0.805833333333333,1.22
2017-07-03,1.1367,1.2951,113.32,1.3,8.4742,0.9632,,,,,,,
2017-07-04,,,,,,,,,,,,,
2017-07-05,1.1336,1.2934,113.2,1.2998,8.5031,0.9652,,,,,,,
2017-07-06,1.1409,1.2967,113.28,1.2933,8.4454,0.9634,,,,,,,
2017-07-07,1.1396,1.288,114.1,1.287,8.4373,0.9644,,,,,,,
2017-07-10,1.1396,1.2884,114.08,1.2883,8.4368,0.9658,,,,,,,
2017-07-11,1.143,1.2851,114.2,1.2921,8.4259,0.9672,,,,,,,
2017-07-12,1.1411,1.2889,113.19,1.2768,8.4176,0.9648,,,,,,,
2017-07-13,1.1385,1.2921,113.39,1.2739,8.3662,0.9685,,,,,,,
2017-07-14,1.1452,1.3079,112.66,1.2655,8.3298,0.9654,,,,,,,
2017-07-17,1.147,1.3058,112.76,1.2673,8.3016,0.9627,,,,,,,
2017-07-18,1.1578,1.3026,111.89,1.2663,8.2742,0.9526,,,,,,,
2017-07-19,1.1518,1.3036,111.77,1.2586,8.2893,0.9548,,,,,,,
2017-07-20,1.1634,1.2976,111.68,1.2582,8.2314,0.9507,,,,,,,
2017-07-21,1.1655,1.2968,111.18,1.2545,8.2491,0.9468,,,,,,,
2017-07-24,1.1642,1.3028,111.1,1.2519,8.2205,0.9456,,,,,,,
2017-07-25,1.1656,1.3046,111.57,1.2512,8.2025,0.9496,,,,,,,
2017-07-26,1.1632,1.3048,112.1,1.2506,8.2301,0.958,,,,,,,
2017-07-27,1.1656,1.3065,111.62,1.2529,8.2297,0.9656,,,,,,,
2017-07-28,1.1754,1.3124,110.87,1.2436,8.1177,0.9685,,,,,,,
2017-07-31,1.1826,1.3196,110.38,1.249,8.0752,0.965,,,,,,,
2017-08-01,1.1799,1.3206,110.33,1.254,8.1124,0.9655,-0.329086956521739,0.28119,0.056,0.722,-0.73,-0.815,1.25
2017-08-02,1.1861,1.3236,110.43,1.2544,8.0958,0.9684,,,,,,,
2017-08-03,1.188,1.3144,110.12,1.2563,8.0922,0.969,,,,,,,
2017-08-04,1.1754,1.3036,110.76,1.2639,8.1615,0.9721,,,,,,,
2017-08-07,1.1788,1.3021,110.76,1.2684,8.1597,0.9728,,,,,,,
2017-08-08,1.1724,1.2968,110.74,1.2658,8.1928,0.9766,,,,,,,
2017-08-09,1.1748,1.2997,110.04,1.2711,8.1879,0.9649,,,,,,,
2017-08-10,1.1751,1.2978,109.37,1.2705,8.1475,0.9647,,,,,,,
2017-08-11,1.1811,1.2988,109.06,1.2689,8.1405,0.962,,,,,,,
2017-08-14,1.1786,1.2975,109.48,1.2698,8.1107,0.9714,,,,,,,
2017-08-15,1.1736,1.2862,110.42,1.2745,8.0847,0.9718,,,,,,,
2017-08-16,1.1703,1.286,110.8,1.2708,8.1177,0.9744,,,,,,,
2017-08-17,1.1736,1.2888,109.88,1.265,8.1152,0.9633,,,,,,,
2017-08-18,1.1748,1.2847,109.32,1.2585,8.1082,0.9642,,,,,,,
2017-08-21,1.1814,1.2903,108.89,1.2587,8.0693,0.9629,,,,,,,
2017-08-22,1.1762,1.2834,109.4,1.2559,8.1034,0.9668,,,,,,,
2017-08-23,1.1802,1.2787,109.14,1.2558,8.0753,0.9667,,,,,,,
2017-08-24,1.1801,1.2802,109.34,1.2528,8.0584,0.9646,,,,,,,
2017-08-25,1.1874,1.2873,109.24,1.2494,7.9963,0.9574,,,,,,,
2017-08-28,1.1973,1.2927,109.22,1.2492,7.9591,0.9554,,,,,,,
2017-08-29,1.2025,1.2937,109.02,1.2517,7.9132,0.948,,,,,,,
2017-08-30,1.1927,1.2934,110.2,1.2608,7.9635,0.9583,,,,,,,
2017-08-31,1.1894,1.2888,110.06,1.2515,7.955,0.961,,,,,,,
2017-09-01,1.1878,1.2972,110.09,1.2372,7.9911,0.9626,-0.329380952380952,0.30911,0.056,0.98,-0.71,-0.84525,1.25
2017-09-04,,,,,,,,,,,,,
2017-09-05,1.1911,1.3013,108.94,1.2355,7.964,0.9577,,,,,,,
2017-09-06,1.1943,1.3073,108.75,1.221,7.9506,0.9537,,,,,,,
2017-09-07,1.2028,1.3094,108.26,1.2132,7.9435,0.9498,,,,,,,
2017-09-08,1.2041,1.3211,107.72,1.2131,7.9361,0.9456,,,,,,,
2017-09-11,1.1964,1.3173,109.03,1.2136,8.0063,0.9533,,,,,,,
2017-09-12,1.1968,1.328,110.01,1.2154,7.9619,0.9596,,,,,,,
2017-09-13,1.1898,1.3218,110.58,1.2192,8.0295,0.9639,,,,,,,
2017-09-14,1.1886,1.3398,110.66,1.2207,8.0116,0.966,,,,,,,
2017-09-15,1.1959,1.3578,110.84,1.2183,7.9589,0.9594,,,,,,,
2017-09-18,1.1938,1.3485,111.48,1.2231,7.9673,0.963,,,,,,,
2017-09-19,1.198,1.3517,111.49,1.2262,7.9585,0.9628,,,,,,,
2017-09-20,1.1998,1.3564,111.5,1.2267,7.9472,0.9617,,,,,,,
2017-09-21,1.1946,1.3576,112.3,1.2328,7.9705,0.9692,,,,,,,
2017-09-22,1.1969,1.3531,112.01,1.2305,7.9536,0.9694,,,,,,,
2017-09-25,1.1852,1.3457,111.64,1.2347,8.0486,0.9682,,,,,,,
2017-09-26,1.1772,1.3422,112.16,1.2379,8.1471,0.9706,,,,,,,
2017-09-27,1.1747,1.3401,112.76,1.2402,8.1508,0.9745,,,,,,,
2017-09-28,1.1776,1.3435,112.66,1.2473,8.1411,0.971,,,,,,,
2017-09-29,1.1813,1.3402,112.64,1.2509,8.1538,0.9688,,,,,,,
2017-10-01,,,,,,,-0.329545454545455,0.38187,0.063,0.96,-0.68,-0.925185222222222,1.26
2017-10-02,1.1745,1.3268,112.6,1.2507,8.1595,0.9737,,,,,,,
2017-10-03,1.1759,1.3251,112.8,1.2498,8.1252,0.9734,,,,,,,
2017-10-04,1.176,1.3268,112.84,1.2479,8.0959,0.9756,,,,,,,
2017-10-05,1.1706,1.3132,112.74,1.2548,8.1354,0.9792,,,,,,,
2017-10-06,1.1732,1.3063,112.68,1.2543,8.1198,0.9777,,,,,,,
2017-10-09,,,,,,,,,,,,,
2017-10-10,1.1804,1.3215,112.15,1.2495,8.0743,0.9744,,,,,,,
2017-10-11,1.1847,1.321,112.35,1.2511,8.0534,0.9732,,,,,,,
2017-10-12,1.184,1.3174,112.38,1.247,8.1051,0.976,,,,,,,
2017-10-13,1.1837,1.3304,111.94,1.2494,8.099,0.9745,,,,,,,
2017-10-16,1.181,1.3285,111.72,1.2531,8.1015,0.9735,,,,,,,
2017-10-17,1.1754,1.3182,112.32,1.2567,8.1608,0.9804,,,,,,,
2017-10-18,1.1775,1.3183,112.94,1.2473,8.1522,0.9817,,,,,,,
2017-10-19,1.1842,1.3181,112.54,1.2487,8.1393,0.9751,,,,,,,
2017-10-20,1.177,1.3179,113.5,1.2618,8.1729,0.9844,,,,,,,
2017-10-23,1.1762,1.3201,113.66,1.2644,8.1885,0.9862,,,,,,,
2017-10-24,1.1766,1.3124,113.92,1.266,8.2044,0.989,,,,,,,
2017-10-25,1.1802,1.3252,113.7,1.2799,8.2228,0.9888,,,,,,,
2017-10-26,1.17,1.3181,113.72,1.2821,8.3177,0.995,,,,,,,
2017-10-27,1.158,1.3108,113.82,1.2871,8.3803,0.999,,,,,,,
2017-10-30,1.1626,1.3195,113.26,1.2835,8.3602,0.9969,,,,,,,
2017-10-31,1.1648,1.3281,113.63,1.2894,8.3612,0.9968,,,,,,,
2017-11-01,1.1618,1.3257,114.04,1.289,8.4017,1.0014,-0.329,0.51857,0.063,0.88,-0.71,-0.906642166666667,1.32
2017-11-02,1.1672,1.3068,113.84,1.2808,8.3849,0.9977,,,,,,,
2017-11-03,1.1616,1.3067,114.25,1.2769,8.434,1.0002,,,,,,,
2017-11-06,1.16,1.3145,113.9,1.274,8.4036,0.999,,,,,,,
2017-11-07,1.1577,1.3152,113.9,1.2791,8.4021,0.9996,,,,,,,
2017-11-08,1.1591,1.3108,113.62,1.2727,8.3826,0.9997,,,,,,,
2017-11-09,1.1648,1.3133,113.4,1.2693,8.3683,0.9958,,,,,,,
2017-11-10,,,,,,,,,,,,,
2017-11-13,1.1656,1.3101,113.62,1.2735,8.3942,0.9975,,,,,,,
2017-11-14,1.1764,1.3128,113.5,1.2731,8.4188,0.9914,,,,,,,
2017-11-15,1.1794,1.3165,113.15,1.2783,8.4436,0.9902,,,,,,,
2017-11-16,1.1772,1.3197,112.89,1.2736,8.4038,0.9926,,,,,,,
2017-11-17,1.1799,1.3222,111.98,1.2785,8.4375,0.9882,,,,,,,
2017-11-20,1.1741,1.3241,112.49,1.2795,8.4803,0.9923,,,,,,,
2017-11-21,1.1741,1.3232,112.46,1.2768,8.4297,0.9916,,,,,,,
2017-11-22,1.1789,1.3291,111.62,1.2728,8.3785,0.9838,,,,,,,
2017-11-23,,,,,,,,,,,,,
2017-11-24,1.1936,1.3336,111.54,1.2705,8.2769,0.9788,,,,,,,
2017-11-27,1.1911,1.3333,111.0,1.2745,8.2971,0.9804,,,,,,,
2017-11-28,1.1878,1.3231,111.13,1.2804,8.3377,0.9831,,,,,,,
2017-11-29,1.1858,1.3436,111.75,1.285,8.351,0.9837,,,,,,,
2017-11-30,1.1898,1.3506,112.3,1.2884,8.3599,0.9838,,,,,,,
2017-12-01,1.191,1.3505,111.88,1.2705,8.3623,0.9762,-0.327894736842105,0.51871,0.063,0.96,-0.75,-0.864305555555556,1.54
2017-12-04,1.1848,1.3465,112.8,1.2696,8.4238,0.9858,,,,,,,
2017-12-05,1.182,1.345,112.76,1.269,8.3763,0.9868,,,,,,,
2017-12-06,1.1788,1.3382,112.32,1.2788,8.4298,0.9904,,,,,,,
2017-12-07,1.179,1.3432,112.7,1.2832,8.4676,0.9921,,,,,,,
2017-12-08,1.1761,1.3367,113.55,1.2867,8.4696,0.9928,,,,,,,
2017-12-11,1.1802,1.3363,113.34,1.2845,8.4962,0.99,,,,,,,
2017-12-12,1.1725,1.3323,113.62,1.2884,8.4465,0.9926,,,,,,,
2017-12-13,1.1762,1.3365,113.19,1.2872,8.4464,0.9894,,,,,,,
2017-12-14,1.1778,1.344,112.56,1.2849,8.4288,0.99,,,,,,,
2017-12-15,1.1778,1.3316,112.68,1.2846,8.5053,0.9903,,,,,,,
2017-12-18,1.1804,1.3398,112.4,1.2856,8.4169,0.9856,,,,,,,
2017-12-19,1.1822,1.3356,112.98,1.29,8.4195,0.9857,,,,,,,
2017-12-20,1.1881,1.3408,113.29,1.2846,8.3783,0.9859,,,,,,,
2017-12-21,1.1872,1.3372,113.42,1.2717,8.3935,0.989,,,,,,,
2017-12-22,1.1839,1.3379,113.3,1.2748,8.358,0.9898,,,,,,,
2017-12-25,,,,,,,,,,,,,
2017-12-26,1.1867,1.3369,113.2,1.2685,8.3451,0.9891,,,,,,,
2017-12-27,1.1902,1.3403,113.28,1.2645,8.2684,0.987,,,,,,,
2017-12-28,1.1952,1.345,112.85,1.2586,8.2438,0.9774,,,,,,,
2017-12-29,1.2022,1.3529,112.69,1.2517,8.1732,0.9738,,,,,,,
2018-01-01,,,,,,,-0.328454545454546,0.5225,0.068,1.164,-0.69,-0.87154745,1.63
2018-01-02,1.205,1.3596,112.18,1.2507,8.1724,0.9718,,,,,,,
2018-01-03,1.203,1.3522,112.28,1.2534,8.1708,0.9762,,,,,,,
2018-01-04,1.2064,1.3539,112.78,1.2522,8.137,0.9753,,,,,,,
2018-01-05,1.2039,1.3562,113.18,1.2396,8.1331,0.9752,,,,,,,
2018-01-08,1.1973,1.3566,113.08,1.2424,8.1986,0.9762,,,,,,,
2018-01-09,1.1922,1.3518,112.57,1.2457,8.2413,0.9832,,,,,,,
2018-01-10,1.1958,1.3513,111.48,1.2485,8.1973,0.978,,,,,,,
2018-01-11,1.2035,1.3543,111.35,1.2526,8.1325,0.9748,,,,,,,
2018-01-12,1.213,1.3689,111.23,1.2517,8.0933,0.9713,,,,,,,
2018-01-15,,,,,,,,,,,,,
2018-01-16,1.2244,1.3774,110.74,1.2422,8.0402,0.9618,,,,,,,
2018-01-17,1.2229,1.3824,110.81,1.2443,8.0309,0.9616,,,,,,,
2018-01-18,1.2238,1.3889,110.88,1.2442,8.0151,0.9586,,,,,,,
2018-01-19,1.2238,1.3857,110.56,1.2456,8.0348,0.9612,,,,,,,
2018-01-22,1.223,1.3944,111.15,1.246,8.0412,0.9636,,,,,,,
2018-01-23,1.2277,1.3968,110.46,1.2455,8.0289,0.9598,,,,,,,
2018-01-24,1.239,1.4198,109.15,1.2357,7.9408,0.9452,,,,,,,
2018-01-25,1.2488,1.4264,108.7,1.2315,7.8549,0.9357,,,,,,,
2018-01-26,1.2422,1.4179,108.38,1.232,7.8723,0.9342,,,,,,,
2018-01-29,1.2352,1.4042,109.12,1.2339,7.9063,0.938,,,,,,,
2018-01-30,1.239,1.4124,108.9,1.234,7.8925,0.9355,,,,,,,
2018-01-31,1.2428,1.419,109.31,1.2293,7.8736,0.9321,,,,,,,
2018-02-01,1.2482,1.4247,109.5,1.228,7.8588,0.9288,-0.3285,0.54683,0.068,1.1625,-0.66,-0.8715625,1.78
2018-02-02,1.2446,1.4126,110.4,1.2393,7.9092,0.932,,,,,,,
2018-02-05,1.2418,1.4022,110.09,1.2483,7.9258,0.9366,,,,,,,
2018-02-06,1.2381,1.3951,109.18,1.2537,7.954,0.9368,,,,,,,
2018-02-07,1.2281,1.3881,109.53,1.2545,8.0396,0.9438,,,,,,,
2018-02-08,1.2238,1.3915,109.0,1.2603,8.1225,0.9386,,,,,,,
2018-02-09,1.2226,1.3794,108.44,1.2599,8.1069,0.9393,,,,,,,
2018-02-12,1.2267,1.382,108.72,1.2612,8.0868,0.9392,,,,,,,
2018-02-13,1.2363,1.3892,107.59,1.26,8.0257,0.9335,,,,,,,
2018-02-14,1.2396,1.3955,107.0,1.2564,8.0051,0.9319,,,,,,,
2018-02-15,1.2482,1.4061,106.36,1.2517,7.9596,0.9232,,,,,,,
2018-02-16,1.2442,1.4055,106.1,1.2532,7.944,0.9258,,,,,,,
2018-02-19,,,,,,,,,,,,,
2018-02-20,1.2348,1.4021,107.23,1.2624,8.0775,0.9354,,,,,,,
2018-02-21,1.2314,1.3946,107.64,1.2678,8.0766,0.9375,,,,,,,
2018-02-22,1.2326,1.3939,106.96,1.2705,8.1228,0.9345,,,,,,,
2018-02-23,1.2298,1.3979,106.64,1.2659,8.1611,0.9356,,,,,,,
2018-02-26,1.2296,1.3952,106.96,1.2691,8.1609,0.9388,,,,,,,
2018-02-27,1.2239,1.3906,107.47,1.2748,8.2235,0.9398,,,,,,,
2018-02-28,1.2211,1.3794,106.62,1.2806,8.2694,0.943,,,,,,,
2018-03-01,1.2216,1.3755,106.91,1.284,8.2603,0.9461,-0.327904761904762,0.62842,0.097,1.095,-0.66,-0.79524075,2.08
2018-03-02,1.2314,1.3769,105.65,1.2882,8.259,0.9378,,,,,,,
2018-03-05,1.233,1.3856,105.97,1.2982,8.2558,0.9397,,,,,,,
2018-03-06,1.2415,1.3886,106.03,1.2892,8.209,0.9385,,,,,,,
2018-03-07,1.2397,1.3888,105.94,1.2993,8.2539,0.9426,,,,,,,
2018-03-08,1.2314,1.3824,106.08,1.2936,8.2705,0.9499,,,,,,,
2018-03-09,1.2326,1.3863,106.74,1.2822,8.2307,0.9493,,,,,,,
2018-03-12,1.2318,1.3898,106.52,1.2835,8.2461,0.9489,,,,,,,
2018-03-13,1.2398,1.3987,106.64,1.2925,8.2013,0.9437,,,,,,,
2018-03-14,1.2362,1.3946,106.17,1.2946,8.1973,0.9461,,,,,,,
2018-03-15,1.2321,1.3951,106.07,1.3053,8.1808,0.9502,,,,,,,
2018-03-16,1.228,1.3919,106.1,1.3096,8.196,0.9532,,,,,,,
2018-03-19,1.2329,1.4032,105.83,1.3089,8.1707,0.9509,,,,,,,
2018-03-20,1.2271,1.4013,106.42,1.3083,8.2043,0.9549,,,,,,,
2018-03-21,1.2268,1.4064,106.3,1.2957,8.223,0.954,,,,,,,
2018-03-22,1.231,1.4098,105.34,1.293,8.2448,0.9491,,,,,,,
2018-03-23,1.236,1.4151,104.83,1.287,8.2472,0.9465,,,,,,,
2018-03-26,1.244,1.4236,105.0,1.2866,8.1941,0.9442,,,,,,,
2018-03-27,1.241,1.4161,105.72,1.2841,8.2118,0.9474,,,,,,,
2018-03-28,1.2351,1.411,106.3,1.2886,8.3133,0.9538,,,,,,,
2018-03-29,1.2297,1.4029,106.27,1.2901,8.3619,0.956,,,,,,,
2018-03-30,1.232,1.4027,106.2,1.2891,8.3619,0.9532,,,,,,,
2018-04-01,,,,,,,-0.32845,0.75629,0.097,1.165,-0.66,-0.80023515,2.2
2018-04-02,1.2288,1.4032,105.99,1.2918,8.39,0.9558,,,,,,,
2018-04-03,1.2261,1.4068,106.45,1.28,8.3973,0.959,,,,,,,
2018-04-04,1.2292,1.4076,106.56,1.2801,8.4029,0.9595,,,,,,,
2018-04-05,1.223,1.3991,107.48,1.2777,8.4306,0.9633,,,,,,,
2018-04-06,1.2274,1.4088,107.03,1.2763,8.3906,0.9602,,,,,,,
2018-04-09,1.232,1.4136,107.06,1.27,8.3617,0.9574,,,,,,,
2018-04-10,1.2338,1.4161,107.3,1.2609,8.3157,0.9574,,,,,,,
2018-04-11,1.2384,1.4194,106.78,1.2581,8.3274,0.9578,,,,,,,
2018-04-12,1.232,1.4244,107.3,1.2583,8.4237,0.9625,,,,,,,
2018-04-13,1.2322,1.4255,107.52,1.2604,8.446,0.9631,,,,,,,
2018-04-16,1.2373,1.4332,107.26,1.258,8.4279,0.9596,,,,,,,
2018-04-17,1.2345,1.4301,107.09,1.2548,8.4183,0.9666,,,,,,,
2018-04-18,1.238,1.4227,107.26,1.2636,8.3922,0.967,,,,,,,
2018-04-19,1.2336,1.4193,107.42,1.2638,8.407,0.9714,,,,,,,
2018-04-20,1.2282,1.4033,107.6,1.274,8.4453,0.9744,,,,,,,
2018-04-23,1.2216,1.3953,108.62,1.2845,8.501,0.9776,,,,,,,
2018-04-24,1.2226,1.3975,109.03,1.2823,8.5138,0.9804,,,,,,,
2018-04-25,1.2178,1.3941,109.33,1.2871,8.5597,0.9828,,,,,,,
2018-04-26,1.2113,1.3927,109.3,1.2867,8.6604,0.988,,,,,,,
2018-04-27,1.2108,1.3785,109.12,1.2862,8.6769,0.9884,,,,,,,
2018-04-30,1.2074,1.3751,109.28,1.2818,8.763,0.9911,,,,,,,
2018-05-01,1.2,1.3611,109.69,1.2873,8.8386,0.9954,-0.325227272727273,0.64355,0.078,1.246,-0.7,-0.7861775,2.16
2018-05-02,1.1968,1.361,109.89,1.2848,8.8974,0.9975,,,,,,,
2018-05-03,1.197,1.3569,109.06,1.2878,8.8417,0.9978,,,,,,,
2018-05-04,1.1946,1.3535,109.16,1.2848,8.8033,1.0005,,,,,,,
2018-05-07,1.1927,1.3567,109.14,1.285,8.8184,1.0023,,,,,,,
2018-05-08,1.1863,1.3521,109.16,1.2967,8.8136,1.0016,,,,,,,
2018-05-09,1.1852,1.3567,109.68,1.2852,8.7044,1.0042,,,,,,,
2018-05-10,1.1896,1.3487,109.53,1.2787,8.6631,1.0036,,,,,,,
2018-05-11,1.1951,1.3549,109.26,1.2781,8.5912,0.9996,,,,,,,
2018-05-14,1.1976,1.3595,109.52,1.2761,8.6003,0.9976,,,,,,,
2018-05-15,1.1864,1.3512,110.25,1.2868,8.6668,0.9998,,,,,,,
2018-05-16,1.1788,1.3478,110.22,1.2828,8.6664,1.0004,,,,,,,
2018-05-17,1.1798,1.3507,110.76,1.2815,8.7446,1.0014,,,,,,,
2018-05-18,1.1775,1.3476,110.71,1.2892,8.7504,0.997,,,,,,,
2018-05-21,1.1768,1.3418,111.08,1.2835,8.7015,0.9978,,,,,,,
2018-05-22,1.1783,1.3445,110.94,1.2775,8.6708,0.9924,,,,,,,
2018-05-23,1.1693,1.3341,110.05,1.2882,8.7691,0.9952,,,,,,,
2018-05-24,1.1729,1.3384,109.3,1.2907,8.7539,0.9916,,,,,,,
2018-05-25,1.1666,1.3321,109.35,1.2972,8.7432,0.9912,,,,,,,
2018-05-28,,,,,,,,,,,,,
2018-05-29,1.1551,1.3258,108.62,1.3027,8.9564,0.9924,,,,,,,
2018-05-30,1.1664,1.3296,109.04,1.2842,8.8025,0.989,,,,,,,
2018-05-31,1.167,1.3289,108.73,1.297,8.8233,0.9844,,,,,,,
2018-06-01,1.1679,1.3358,109.49,1.2948,8.8205,0.9867,-0.322047619047619,0.63868,0.078,1.2375,-0.69,-0.790477142857143,2.19
2018-06-04,1.1696,1.3314,109.66,1.2922,8.753,0.9884,,,,,,,
2018-06-05,1.1672,1.336,109.63,1.3008,8.7774,0.986,,,,,,,
2018-06-06,1.1778,1.3429,110.0,1.2907,8.7279,0.9844,,,,,,,
2018-06-07,1.1815,1.3427,109.92,1.2988,8.6793,0.9822,,,,,,,
2018-06-08,1.1773,1.3406,109.45,1.2956,8.716,0.986,,,,,,,
2018-06-11,1.1802,1.3386,109.94,1.298,8.6511,0.9848,,,,,,,
2018-06-12,1.1792,1.3416,110.22,1.2987,8.6059,0.9841,,,,,,,
2018-06-13,1.1784,1.3378,110.41,1.2963,8.6179,0.9844,,,,,,,
2018-06-14,1.1634,1.3333,110.44,1.307,8.6839,0.9942,,,,,,,
2018-06-15,1.1616,1.3283,110.58,1.3167,8.7822,0.9962,,,,,,,
2018-06-18,1.1606,1.3247,110.44,1.3229,8.8301,0.9952,,,,,,,
2018-06-19,1.1577,1.3172,110.02,1.3263,8.9066,0.9951,,,,,,,
2018-06-20,1.1592,1.3213,110.14,1.3291,8.8703,0.9956,,,,,,,
2018-06-21,1.16,1.3251,110.05,1.3319,8.9077,0.9921,,,,,,,
2018-06-22,1.163,1.3258,109.98,1.3318,8.8698,0.9902,,,,,,,
2018-06-25,1.1694,1.3273,109.62,1.3313,8.8699,0.9874,,,,,,,
2018-06-26,1.1675,1.3243,109.92,1.3293,8.8558,0.9901,,,,,,,
2018-06-27,1.1588,1.3139,110.34,1.33,8.9352,0.9962,,,,,,,
2018-06-28,1.1582,1.3095,110.38,1.3253,9.0091,0.9979,,,,,,,
2018-06-29,1.1677,1.3197,110.71,1.314,8.9511,0.9922,,,,,,,
2018-07-01,,,,,,,-0.320727272727273,0.74619,0.091,1.375,-0.67,-0.780435909090909,2.17
2018-07-02,1.1604,1.3133,110.73,1.3213,8.9988,0.9946,,,,,,,
2018-07-03,1.1653,1.3174,110.54,1.315,8.8262,0.9922,,,,,,,
2018-07-04,,,,,,,,,,,,,
2018-07-05,1.1697,1.3228,110.59,1.3121,8.767,0.9924,,,,,,,
2018-07-06,1.1738,1.3262,110.48,1.309,8.7275,0.9901,,,,,,,
2018-07-09,1.1744,1.3202,110.78,1.3111,8.7241,0.992,,,,,,,
2018-07-10,1.1728,1.3266,111.24,1.312,8.7474,0.9926,,,,,,,
2018-07-11,1.1722,1.3241,111.52,1.3127,8.7769,0.9932,,,,,,,
2018-07-12,1.1692,1.3238,112.41,1.3158,8.8454,1.0009,,,,,,,
2018-07-13,1.1667,1.3216,112.38,1.3168,8.904,1.0028,,,,,,,
2018-07-16,1.171,1.3236,112.29,1.3131,8.8205,0.9974,,,,,,,
2018-07-17,1.1664,1.3161,112.79,1.3198,8.825,0.9992,,,,,,,
2018-07-18,1.1645,1.305,112.82,1.3203,8.8646,0.9994,,,,,,,
2018-07-19,1.1604,1.2987,112.98,1.3271,8.9426,1.0016,,,,,,,
2018-07-20,1.1708,1.3114,111.74,1.3155,8.8671,0.9944,,,,,,,
2018-07-23,1.1702,1.3105,111.36,1.315,8.8522,0.9927,,,,,,,
2018-07-24,1.1684,1.3135,111.27,1.3165,8.828,0.9944,,,,,,,
2018-07-25,1.1677,1.315,111.02,1.3104,8.8035,0.9942,,,,,,,
2018-07-26,1.1654,1.3119,111.2,1.308,8.8052,0.9938,,,,,,,
2018-07-27,1.166,1.3118,110.94,1.3057,8.8373,0.994,,,,,,,
2018-07-30,1.1718,1.314,110.98,1.3013,8.7522,0.9885,,,,,,,
2018-07-31,1.1706,1.3125,111.88,1.3017,8.7856,0.9895,,,,,,,
2018-08-01,1.1666,1.312,111.72,1.3006,8.8033,0.9923,-0.319,0.80519,0.091,1.488,-0.68,-0.777280909090909,2.19
2018-08-02,1.1612,1.3035,111.48,1.3004,8.8729,0.9943,,,,,,,
2018-08-03,1.1597,1.3021,111.12,1.2975,8.9009,0.9926,,,,,,,
2018-08-06,1.1564,1.2947,111.43,1.2997,8.9208,0.9963,,,,,,,
2018-08-07,1.1597,1.2957,111.19,1.3017,8.9106,0.9944,,,,,,,
2018-08-08,1.1598,1.288,110.96,1.3061,8.9601,0.9943,,,,,,,
2018-08-09,1.1566,1.287,110.9,1.3046,8.9786,0.9906,,,,,,,
2018-08-10,1.1399,1.2769,110.66,1.3126,9.1367,0.9954,,,,,,,
2018-08-13,1.1396,1.2757,110.65,1.3138,9.1325,0.9934,,,,,,,
2018-08-14,1.1351,1.2738,110.92,1.3107,9.1308,0.993,,,,,,,
2018-08-15,1.1332,1.2685,110.62,1.3155,9.2228,0.9942,,,,,,,
2018-08-16,1.1388,1.2722,110.89,1.3144,9.1874,0.9962,,,,,,,
2018-08-17,1.141,1.2735,110.54,1.308,9.1726,0.9948,,,,,,,
2018-08-20,1.1438,1.2765,110.38,1.3085,9.1778,0.9943,,,,,,,
2018-08-21,1.1534,1.286,110.48,1.3048,9.1198,0.9876,,,,,,,
2018-08-22,1.1595,1.291,110.54,1.3014,9.0668,0.9836,,,,,,,
2018-08-23,1.1567,1.283,111.14,1.3057,9.1208,0.9848,,,,,,,
2018-08-24,1.1625,1.2858,111.22,1.3022,9.1138,0.9824,,,,,,,
2018-08-27,1.1676,1.2891,111.09,1.2966,9.0953,0.9802,,,,,,,
2018-08-28,1.172,1.2886,111.04,1.2925,9.1154,0.9752,,,,,,,
2018-08-29,1.1699,1.3006,111.8,1.2941,9.1518,0.9732,,,,,,,
2018-08-30,1.1646,1.2997,111.17,1.2991,9.1388,0.9709,,,,,,,
2018-08-31,1.1596,1.2964,110.98,1.3072,9.1566,0.9698,,,,,,,
2018-09-01,,,,,,,-0.31885,0.80093,0.05,1.5175,-0.73,-0.780283888888889,2.24
2018-09-03,,,,,,,,,,,,,
2018-09-04,1.1566,1.2833,111.44,1.3182,9.1118,0.9753,,,,,,,
2018-09-05,1.162,1.2903,111.47,1.3191,9.0702,0.9716,,,,,,,
2018-09-06,1.1624,1.2933,110.87,1.3212,9.0697,0.9682,,,,,,,
2018-09-07,1.1572,1.2934,111.18,1.317,9.0813,0.9684,,,,,,,
2018-09-10,1.1604,1.3026,111.09,1.3159,9.0357,0.974,,,,,,,
2018-09-11,1.1591,1.3015,111.54,1.3131,9.0354,0.9737,,,,,,,
2018-09-12,1.1626,1.3029,111.29,1.3005,9.0653,0.9704,,,,,,,
2018-09-13,1.1672,1.3104,111.92,1.3005,8.988,0.968,,,,,,,
2018-09-14,1.1656,1.3084,112.09,1.3029,9.0299,0.9665,,,,,,,
2018-09-17,1.1687,1.3146,111.97,1.3017,8.9141,0.962,,,,,,,
2018-09-18,1.1693,1.3158,112.3,1.2977,8.8993,0.962,,,,,,,
2018-09-19,1.1685,1.3162,112.21,1.2939,8.868,0.967,,,,,,,
2018-09-20,1.1744,1.3237,112.58,1.2918,8.7931,0.9624,,,,,,,
2018-09-21,1.1739,1.3067,112.62,1.2912,8.7938,0.9593,,,,,,,
2018-09-24,1.1773,1.3128,112.62,1.2934,8.7953,0.962,,,,,,,
2018-09-25,1.177,1.3162,112.88,1.2944,8.7939,0.9646,,,,,,,
2018-09-26,1.1758,1.3182,112.92,1.2963,8.8082,0.9681,,,,,,,
2018-09-27,1.167,1.3104,113.38,1.3036,8.8202,0.9776,,,,,,,
2018-09-28,1.1622,1.3053,113.48,1.2922,8.878,0.9758,,,,,,,
2018-10-01,1.1567,1.3032,113.96,1.2799,8.9488,0.984,-0.317695652173913,0.80618,0.05,1.66,-0.7,-0.831076428571429,2.37
2018-10-02,1.156,1.2984,113.66,1.2815,8.9855,0.9844,,,,,,,
2018-10-03,1.1525,1.2993,114.19,1.2826,9.029,0.9894,,,,,,,
2018-10-04,1.1508,1.3014,113.79,1.2903,9.0479,0.9925,,,,,,,
2018-10-05,1.1502,1.3101,113.56,1.2948,9.0857,0.9922,,,,,,,
2018-10-08,,,,,,,,,,,,,
2018-10-09,1.1482,1.3139,113.13,1.2959,9.115,0.9928,,,,,,,
2018-10-10,1.1541,1.3206,112.71,1.2985,9.0955,0.9908,,,,,,,
2018-10-11,1.1565,1.3193,112.26,1.3037,9.0146,0.992,,,,,,,
2018-10-12,1.1559,1.3154,112.02,1.3023,8.9654,0.9916,,,,,,,
2018-10-15,1.1594,1.3168,111.82,1.2966,8.9405,0.9868,,,,,,,
2018-10-16,1.1593,1.321,112.16,1.2935,8.886,0.9894,,,,,,,
2018-10-17,1.154,1.3137,112.21,1.2985,8.949,0.9926,,,,,,,
2018-10-18,1.1494,1.3061,112.11,1.3059,9.0182,0.994,,,,,,,
2018-10-19,1.1513,1.3045,112.52,1.3101,8.9864,0.9968,,,,,,,
2018-10-22,1.1467,1.2974,112.78,1.3104,8.9967,0.9963,,,,,,,
2018-10-23,1.148,1.2982,112.12,1.3101,9.035,0.9943,,,,,,,
2018-10-24,1.1389,1.2898,112.58,1.2994,9.0959,0.9982,,,,,,,
2018-10-25,1.1374,1.2827,112.54,1.3066,9.1089,1.0009,,,,,,,
2018-10-26,1.1388,1.2826,111.65,1.31,9.1256,0.998,,,,,,,
2018-10-29,1.139,1.2807,112.49,1.3129,9.1278,1.0006,,,,,,,
2018-10-30,1.1364,1.2731,112.76,1.3133,9.1567,1.0046,,,,,,,
2018-10-31,1.1332,1.2779,112.86,1.3129,9.1462,1.0057,,,,,,,
2018-11-01,1.1396,1.2974,112.79,1.3108,9.1462,1.0033,-0.316363636363636,0.87483,0.05,1.7125,-0.73,-0.815,2.56
2018-11-02,1.1378,1.2965,113.09,1.3108,9.0777,1.0036,,,,,,,
2018-11-05,1.1394,1.302,113.22,1.3098,9.0722,1.0055,,,,,,,
2018-11-06,1.1412,1.3076,113.38,1.3132,9.0716,1.0042,,,,,,,
2018-11-07,1.1459,1.3144,113.32,1.3108,9.0028,0.9998,,,,,,,
2018-11-08,1.1416,1.3116,113.87,1.3115,8.9832,1.0033,,,,,,,
2018-11-09,1.1325,1.2978,113.77,1.323,9.0716,1.0062,,,,,,,
2018-11-12,,,,,,,,,,,,,
2018-11-13,1.1288,1.3031,113.97,1.3223,9.1207,1.0083,,,,,,,
2018-11-14,1.1312,1.3011,113.7,1.3237,9.0863,1.0067,,,,,,,
2018-11-15,1.1324,1.2749,113.46,1.3193,9.0535,1.0058,,,,,,,
2018-11-16,1.1402,1.2839,112.76,1.3174,9.0151,1.0012,,,,,,,
2018-11-19,1.1448,1.2842,112.54,1.3187,9.0025,0.9938,,,,,,,
2018-11-20,1.1391,1.2809,112.66,1.3245,9.0638,0.9944,,,,,,,
2018-11-21,1.1393,1.2776,113.06,1.3274,9.0278,0.9952,,,,,,,
2018-11-22,,,,,,,,,,,,,
2018-11-23,1.1332,1.2804,112.83,1.3226,9.0909,0.9976,,,,,,,
2018-11-26,1.1336,1.2809,113.58,1.3237,9.0929,0.9984,,,,,,,
2018-11-27,1.1281,1.2729,113.84,1.3313,9.1149,0.9998,,,,,,,
2018-11-28,1.1286,1.2766,113.96,1.3328,9.1007,0.9994,,,,,,,
2018-11-29,1.1382,1.2789,113.42,1.3278,9.0599,0.9966,,,,,,,
2018-11-30,1.1323,1.2772,113.54,1.3282,9.0982,0.9987,,,,,,,
2018-12-01,,,,,,,-0.311894736842105,0.90444,0.05,1.66,-0.66,-0.776,2.69
2018-12-03,1.1356,1.2742,113.54,1.319,9.0234,0.9975,,,,,,,
2018-12-04,1.1345,1.2719,112.93,1.3202,9.0086,0.9975,,,,,,,
2018-12-05,,,,,,,,,,,,,
2018-12-06,1.1374,1.2777,112.46,1.3417,9.0037,0.9926,,,,,,,
2018-12-07,1.139,1.2749,112.6,1.3302,9.0318,0.9914,,,,,,,
2018-12-10,1.1368,1.2558,112.96,1.3385,9.0804,0.9896,,,,,,,
2018-12-11,1.1314,1.2524,113.41,1.3408,9.0819,0.9931,,,,,,,
2018-12-12,1.1362,1.2658,113.28,1.3336,9.0916,0.992,,,,,,,
2018-12-13,1.1358,1.2635,113.66,1.3349,9.054,0.9938,,,,,,,
2018-12-14,1.13,1.257,113.35,1.3387,9.0758,0.997,,,,,,,
2018-12-17,1.1339,1.2606,112.96,1.339,9.0447,0.9934,,,,,,,
2018-12-18,1.1364,1.2644,112.54,1.3466,9.0711,0.993,,,,,,,
2018-12-19,1.1422,1.2669,112.15,1.3434,9.0572,0.9918,,,,,,,
2018-12-20,1.1432,1.265,111.34,1.3515,8.9922,0.9918,,,,,,,
2018-12-21,1.1402,1.2681,111.14,1.357,9.0227,0.9914,,,,,,,
2018-12-24,,,,,,,,,,,,,
2018-12-25,,,,,,,,,,,,,
2018-12-26,1.1408,1.2676,110.45,1.3576,9.0704,0.9908,,,,,,,
2018-12-27,1.1412,1.2627,110.78,1.365,9.0101,0.9902,,,,,,,
2018-12-28,1.1445,1.2699,110.34,1.3629,8.9595,0.9838,,,,,,,
2018-12-31,1.1456,1.2763,109.7,1.3644,8.8654,0.9832,,,,,,,
2019-01-01,,,,,,,-0.308,0.91822,0.03,1.634,-0.44,-0.813503555555556,2.59
2019-01-02,1.1357,1.2598,109.22,1.3591,8.9931,0.9884,,,,,,,
2019-01-03,1.1399,1.2633,108.07,1.3484,9.0004,0.9889,,,,,,,
2019-01-04,1.141,1.274,108.29,1.3399,8.9488,0.9859,,,,,,,
2019-01-07,1.1468,1.2757,108.62,1.3297,8.9013,0.981,,,,,,,
2019-01-08,1.1444,1.2724,108.57,1.3307,8.9281,0.981,,,,,,,
2019-01-09,1.1524,1.2764,108.38,1.3212,8.8836,0.9767,,,,,,,
2019-01-10,1.1517,1.2768,108.29,1.3232,8.8829,0.9817,,,,,,,
2019-01-11,1.1479,1.2836,108.34,1.3256,8.9305,0.9829,,,,,,,
2019-01-14,,,,,,,,,,,,,
2019-01-15,1.1392,1.2761,108.72,1.3272,8.9763,0.9885,,,,,,,
2019-01-16,1.1408,1.2862,108.84,1.3243,8.9846,0.9899,,,,,,,
2019-01-17,1.1386,1.294,109.01,1.3296,9.027,0.9944,,,,,,,
2019-01-18,1.1362,1.2898,109.79,1.3262,9.0187,0.9954,,,,,,,
2019-01-21,,,,,,,,,,,,,
2019-01-22,1.1359,1.2955,109.34,1.3333,9.0263,0.9972,,,,,,,
2019-01-23,1.139,1.3074,109.44,1.3362,9.0118,0.9946,,,,,,,
2019-01-24,1.1322,1.3027,109.72,1.3342,9.0729,0.9965,,,,,,,
2019-01-25,1.1407,1.3176,109.6,1.3259,9.0518,0.993,,,,,,,
2019-01-28,1.1438,1.3158,109.2,1.3269,9.0527,0.991,,,,,,,
2019-01-29,1.1424,1.3146,109.36,1.3264,9.0726,0.995,,,,,,,
2019-01-30,1.1418,1.3062,109.57,1.3189,9.0908,0.9988,,,,,,,
2019-01-31,1.1454,1.3135,108.84,1.314,9.0465,0.9938,,,,,,,
2019-02-01,1.1474,1.3094,109.55,1.3095,9.0384,0.994,-0.30845,0.87598,0.03,1.665,-0.4,-0.768617571428571,2.49
2019-02-04,1.1438,1.3068,109.96,1.3127,9.0968,0.9974,,,,,,,
2019-02-05,1.1406,1.2947,109.99,1.3132,9.1098,1.0005,,,,,,,
2019-02-06,1.138,1.2956,109.75,1.3192,9.1721,1.0009,,,,,,,
2019-02-07,1.1357,1.2966,109.7,1.3296,9.238,1.001,,,,,,,
2019-02-08,1.1326,1.2933,109.76,1.3277,9.265,1.0,,,,,,,
2019-02-11,1.1277,1.2862,110.4,1.3296,9.3008,1.004,,,,,,,
2019-02-12,1.1316,1.2887,110.5,1.3244,9.2598,1.0068,,,,,,,
2019-02-13,1.1288,1.2865,110.86,1.3222,9.2425,1.0073,,,,,,,
2019-02-14,1.1284,1.2793,110.68,1.3307,9.3032,1.0064,,,,,,,
2019-02-15,1.1268,1.2857,110.54,1.3272,9.2867,1.0063,,,,,,,
2019-02-18,,,,,,,,,,,,,
2019-02-19,1.1328,1.3036,110.68,1.3248,9.3256,1.0018,,,,,,,
2019-02-20,,,,,,,,,,,,,
2019-02-21,1.1338,1.306,110.72,1.3192,9.3519,1.001,,,,,,,
2019-02-22,1.1342,1.3067,110.7,1.3188,9.351,0.9998,,,,,,,
2019-02-25,1.1345,1.3059,111.07,1.3183,9.3218,1.0006,,,,,,,
2019-02-26,1.1374,1.3252,110.76,1.3175,9.3018,1.0002,,,,,,,
2019-02-27,1.137,1.3318,110.92,1.3145,9.2671,1.0003,,,,,,,
2019-02-28,1.1379,1.3274,111.38,1.3166,9.2341,0.9974,,,,,,,
2019-03-01,1.1376,1.3222,111.89,1.3277,9.2607,0.9987,-0.309190476190476,0.84,0.05,1.66,-0.4,-0.756575222222222,2.48
2019-03-04,1.1328,1.3186,111.68,1.3329,9.3444,0.9994,,,,,,,
2019-03-05,1.13,1.3141,111.98,1.3352,9.3244,1.0045,,,,,,,
2019-03-06,1.132,1.3148,111.66,1.3445,9.288,1.0038,,,,,,,
2019-03-07,1.1214,1.3107,111.6,1.342,9.4392,1.0106,,,,,,,
2019-03-08,1.1243,1.301,111.11,1.3426,9.4369,1.0074,,,,,,,
2019-03-11,1.1226,1.3095,111.21,1.3418,9.4168,1.011,,,,,,,
2019-03-12,1.1276,1.3101,111.38,1.338,9.3647,1.0078,,,,,,,
2019-03-13,1.131,1.323,111.23,1.3318,9.3031,1.0046,,,,,,,
2019-03-14,1.1304,1.3281,111.71,1.3316,9.3143,1.0044,,,,,,,
2019-03-15,1.1326,1.3278,111.57,1.3337,9.2399,1.0026,,,,,,,
2019-03-18,1.1337,1.3223,111.41,1.3342,9.2351,1.0004,,,,,,,
2019-03-19,1.1346,1.3263,111.38,1.3294,9.202,1.0001,,,,,,,
2019-03-20,1.1352,1.3191,111.41,1.3327,9.1839,0.9974,,,,,,,
2019-03-21,1.1361,1.3073,110.86,1.3369,9.1783,0.9924,,,,,,,
2019-03-22,1.1282,1.3219,109.76,1.3406,9.2947,0.994,,,,,,,
2019-03-25,1.1324,1.3203,110.09,1.3418,9.2282,0.9918,,,,,,,
2019-03-26,1.128,1.3215,110.5,1.3389,9.232,0.994,,,,,,,
2019-03-27,1.125,1.3192,110.38,1.3434,9.2772,0.9946,,,,,,,
2019-03-28,1.1236,1.3088,110.54,1.3424,9.2962,0.9952,,,,,,,
2019-03-29,1.1228,1.3032,110.68,1.336,9.2949,0.9962,,,,,,,
2019-04-01,1.121,1.3144,111.29,1.3344,9.2821,0.9988,-0.31045,0.82,0.05,1.675,-0.3995,-0.7475,2.47
2019-04-02,1.1186,1.3035,111.32,1.3357,9.3349,0.9986,,,,,,,
2019-04-03,1.1242,1.3181,111.48,1.3315,9.2636,0.997,,,,,,,
2019-04-04,1.1216,1.3072,111.55,1.3357,9.2768,1.0002,,,,,,,
2019-04-05,1.1217,1.301,111.71,1.3387,9.2875,1.0003,,,,,,,
2019-04-08,1.1262,1.3048,111.47,1.3316,9.2523,0.9994,,,,,,,
2019-04-09,1.1278,1.3048,111.08,1.332,9.2437,0.9999,,,,,,,
2019-04-10,1.1266,1.31,110.92,1.3322,9.2637,1.0019,,,,,,,
2019-04-11,1.1262,1.3068,111.48,1.3379,9.2745,1.0027,,,,,,,
2019-04-12,1.1304,1.3086,112.0,1.3332,9.2636,1.0017,,,,,,,
2019-04-15,1.1304,1.3105,112.0,1.3372,9.2573,1.0039,,,,,,,
2019-04-16,1.1293,1.3049,111.95,1.335,9.2445,1.0066,,,,,,,
2019-04-17,1.1297,1.3036,112.0,1.3345,9.245,1.0099,,,,,,,
2019-04-18,1.1241,1.3003,111.94,1.3372,9.3007,1.0154,,,,,,,
2019-04-19,1.1246,1.3003,111.92,1.3386,9.3027,1.0144,,,,,,,
2019-04-22,1.1258,1.2983,111.94,1.3352,9.3024,1.0155,,,,,,,
2019-04-23,1.1213,1.2943,111.86,1.342,9.3665,1.0218,,,,,,,
2019-04-24,1.1192,1.2947,111.81,1.3465,9.3982,1.0184,,,,,,,
2019-04-25,1.114,1.2901,111.59,1.3494,9.5287,1.0199,,,,,,,
2019-04-26,1.1154,1.293,111.6,1.3459,9.4979,1.019,,,,,,,
2019-04-29,1.1166,1.2924,111.8,1.3448,9.5242,1.0201,,,,,,,
2019-04-30,1.1201,1.303,111.4,1.3427,9.5041,1.02,,,,,,,
2019-05-01,1.1246,1.3091,111.18,1.3417,9.4968,1.0137,-0.311863636363636,0.8,0.049,1.678,-0.3995,-0.7752625,2.44
2019-05-02,1.1184,1.3032,111.39,1.3468,9.5663,1.018,,,,,,,
2019-05-03,1.1186,1.3139,111.28,1.3425,9.5483,1.0178,,,,,,,
2019-05-06,1.1197,1.3093,110.86,1.3446,9.5618,1.0179,,,,,,,
2019-05-07,1.1178,1.3052,110.34,1.3472,9.5996,1.0215,,,,,,,
2019-05-08,1.1206,1.3014,110.12,1.3458,9.5894,1.0181,,,,,,,
2019-05-09,1.1228,1.3013,109.55,1.349,9.6466,1.0133,,,,,,,
2019-05-10,1.1241,1.3036,109.56,1.3428,9.6173,1.0109,,,,,,,
2019-05-13,1.1232,1.2961,109.18,1.3467,9.6251,1.0064,,,,,,,
2019-05-14,1.1207,1.2921,109.68,1.3466,9.626,1.0088,,,,,,,
2019-05-15,1.1208,1.2878,109.58,1.3432,9.6003,1.009,,,,,,,
2019-05-16,1.1178,1.2803,109.89,1.3433,9.6018,1.0101,,,,,,,
2019-05-17,1.1166,1.2723,109.9,1.3477,9.6408,1.0108,,,,,,,
2019-05-20,1.117,1.2718,109.96,1.3432,9.6552,1.0082,,,,,,,
2019-05-21,1.1158,1.2747,110.6,1.3425,9.66,1.0104,,,,,,,
2019-05-22,1.1156,1.2674,110.28,1.3417,9.6331,1.009,,,,,,,
2019-05-23,1.1172,1.2666,109.58,1.3471,9.624,1.004,,,,,,,
2019-05-24,1.1197,1.27,109.38,1.3454,9.5539,1.0021,,,,,,,
2019-05-27,,,,,,,,,,,,,
2019-05-28,1.1177,1.2668,109.49,1.3473,9.5673,1.0086,,,,,,,
2019-05-29,1.1136,1.2631,109.24,1.3533,9.5692,1.0066,,,,,,,
2019-05-30,1.114,1.2619,109.67,1.3508,9.5312,1.0074,,,,,,,
2019-05-31,1.1149,1.262,108.66,1.3523,9.513,1.0034,,,,,,,
2019-06-01,,,,,,,-0.3289,0.78,0.049,1.665,-0.3994,-0.780555,2.3
2019-06-03,1.1206,1.2621,108.39,1.3471,9.4729,0.9994,,,,,,,
2019-06-04,1.1236,1.2675,108.3,1.3417,9.4561,0.994,,,,,,,
2019-06-05,1.1242,1.2706,108.2,1.3409,9.4394,0.9919,,,,,,,
2019-06-06,1.1294,1.2713,108.08,1.3374,9.4418,0.9886,,,,,,,
2019-06-07,1.1324,1.274,108.15,1.3287,9.4001,0.9877,,,,,,,
2019-06-10,1.1311,1.2684,108.56,1.3259,9.4173,0.9898,,,,,,,
2019-06-11,1.1316,1.2724,108.52,1.3291,9.4424,0.9925,,,,,,,
2019-06-12,1.131,1.2693,108.42,1.3298,9.4516,0.9944,,,,,,,
2019-06-13,1.1275,1.2678,108.44,1.333,9.4878,0.9946,,,,,,,
2019-06-14,1.1217,1.2601,108.44,1.3382,9.4858,0.999,,,,,,,
2019-06-17,1.1235,1.2568,108.56,1.3398,9.4705,0.9982,,,,,,,
2019-06-18,1.1196,1.2547,108.39,1.3396,9.5197,0.9994,,,,,,,
2019-06-19,1.1214,1.2625,108.36,1.3362,9.5197,0.996,,,,,,,
2019-06-20,1.1284,1.27,107.52,1.3208,9.4176,0.9821,,,,,,,
2019-06-21,1.1328,1.2703,107.55,1.3217,9.3861,0.9789,,,,,,,
2019-06-24,1.1393,1.2728,107.36,1.3196,9.2946,0.972,,,,,,,
2019-06-25,1.1386,1.2721,106.92,1.3164,9.2585,0.9726,,,,,,,
2019-06-26,1.139,1.2697,107.64,1.3109,9.2506,0.976,,,,,,,
2019-06-27,1.1372,1.2674,107.73,1.3115,9.2713,0.9766,,,,,,,
2019-06-28,1.1374,1.2704,107.84,1.3091,9.2869,0.9758,,,,,,,
2019-07-01,1.1307,1.2644,108.42,1.3124,9.3364,0.9864,-0.364869565217391,0.77,0.049,1.654,-0.4,-0.84,2.22
2019-07-02,1.1301,1.2599,107.98,1.3117,9.3219,0.986,,,,,,,
2019-07-03,1.1275,1.2568,107.84,1.307,9.3155,0.9864,,,,,,,
2019-07-04,,,,,,,,,,,,,
2019-07-05,1.1216,1.2506,108.55,1.3108,9.4413,0.9923,,,,,,,
2019-07-08,1.1208,1.2503,108.72,1.3088,9.4618,0.9938,,,,,,,
2019-07-09,1.121,1.2463,108.78,1.3123,9.4701,0.9928,,,,,,,
2019-07-10,1.126,1.2507,108.44,1.3099,9.4105,0.9892,,,,,,,
2019-07-11,1.1261,1.2549,108.29,1.3071,9.3845,0.9886,,,,,,,
2019-07-12,1.1254,1.2553,108.0,1.3042,9.3763,0.9845,,,,,,,
2019-07-15,1.126,1.2523,107.89,1.3036,9.3568,0.9847,,,,,,,
2019-07-16,1.1212,1.2408,108.35,1.3043,9.3801,0.989,,,,,,,
2019-07-17,1.1232,1.2438,108.1,1.3041,9.3537,0.987,,,,,,,
2019-07-18,1.1228,1.2494,107.74,1.309,9.351,0.9862,,,,,,,
2019-07-19,1.122,1.25,107.78,1.3081,9.3764,0.9823,,,,,,,
2019-07-22,1.1214,1.2475,107.91,1.3115,9.4079,0.9815,,,,,,,
2019-07-23,1.1156,1.2449,108.06,1.3138,9.4649,0.9848,,,,,,,
2019-07-24,1.1141,1.2498,108.08,1.3134,9.4284,0.9854,,,,,,,
2019-07-25,1.1156,1.2471,108.58,1.3145,9.439,0.9899,,,,,,,
2019-07-26,1.1121,1.2387,108.69,1.3187,9.4974,0.9933,,,,,,,
2019-07-29,1.1142,1.2236,108.86,1.3151,9.4853,0.9916,,,,,,,
2019-07-30,1.1148,1.2148,108.66,1.3169,9.5678,0.9908,,,,,,,
2019-07-31,1.113,1.222,108.58,1.3143,9.5929,0.9902,,,,,,,
2019-08-01,1.1062,1.2145,108.28,1.3202,9.6492,0.9938,-0.407681818181818,0.76,0.009,1.635,-0.4278,-0.8075,2.06
2019-08-02,1.1112,1.2132,106.64,1.3217,9.6397,0.982,,,,,,,
2019-08-05,1.1197,1.2165,106.02,1.3196,9.6109,0.9721,,,,,,,
2019-08-06,1.1196,1.2149,106.45,1.3252,9.588,0.9782,,,,,,,
2019-08-07,1.1236,1.2158,105.62,1.333,9.6311,0.9708,,,,,,,
2019-08-08,1.121,1.2138,106.04,1.3241,9.5777,0.9751,,,,,,,
2019-08-09,1.1222,1.2085,105.3,1.3226,9.5384,0.971,,,,,,,
2019-08-12,1.1212,1.207,105.38,1.3232,9.5709,0.9696,,,,,,,
2019-08-13,1.1182,1.2067,106.6,1.3221,9.5513,0.9744,,,,,,,
2019-08-14,1.1144,1.2068,105.79,1.332,9.6326,0.9736,,,,,,,
2019-08-15,1.1106,1.2112,106.12,1.3322,9.6393,0.9762,,,,,,,
2019-08-16,1.1091,1.2152,106.34,1.328,9.6643,0.98,,,,,,,
2019-08-19,1.1096,1.2138,106.5,1.3306,9.6668,0.9808,,,,,,,
2019-08-20,1.1092,1.2153,106.35,1.3331,9.7057,0.9792,,,,,,,
2019-08-21,1.1098,1.2142,106.52,1.3275,9.6202,0.9816,,,,,,,
2019-08-22,1.1089,1.225,106.44,1.3295,9.6641,0.9834,,,,,,,
2019-08-23,1.1148,1.2261,105.3,1.3319,9.6278,0.9748,,,,,,,
2019-08-26,1.1112,1.2232,106.0,1.3282,9.6712,0.9782,,,,,,,
2019-08-27,1.1094,1.2288,105.8,1.3274,9.6623,0.9815,,,,,,,
2019-08-28,1.1084,1.2248,105.86,1.3299,9.719,0.9807,,,,,,,
2019-08-29,1.1059,1.2197,106.5,1.3299,9.7695,0.9853,,,,,,,
2019-08-30,1.0989,1.2166,106.3,1.329,9.8277,0.9899,,,,,,,
2019-09-01,,,,,,,-0.417571428571429,0.77,0.009,1.6275,-0.4094,-0.79125,2.03
2019-09-02,,,,,,,,,,,,,
2019-09-03,1.0968,1.2086,105.88,1.3332,9.8378,0.9872,,,,,,,
2019-09-04,1.1025,1.219,106.28,1.3248,9.7519,0.9817,,,,,,,
2019-09-05,1.1038,1.2337,106.96,1.3238,9.6796,0.9868,,,,,,,
2019-09-06,1.1042,1.2299,106.8,1.317,9.6179,0.9866,,,,,,,
2019-09-09,1.1056,1.2368,107.14,1.314,9.6489,0.991,,,,,,,
2019-09-10,1.1042,1.2355,107.34,1.3141,9.6885,0.9908,,,,,,,
2019-09-11,1.1001,1.2329,107.73,1.3199,9.6871,0.9933,,,,,,,
2019-09-12,1.1074,1.2357,107.97,1.3209,9.6312,0.9891,,,,,,,
2019-09-13,1.1074,1.2462,108.12,1.3268,9.6095,0.9898,,,,,,,
2019-09-16,1.1006,1.2423,107.94,1.324,9.6649,0.9919,,,,,,,
2019-09-17,1.1063,1.2493,108.12,1.3249,9.6711,0.9925,,,,,,,
2019-09-18,1.1061,1.2478,108.17,1.3283,9.6955,0.995,,,,,,,
2019-09-19,1.1046,1.2481,108.0,1.3258,9.7018,0.9927,,,,,,,
2019-09-20,1.1004,1.2489,107.95,1.3268,9.7313,0.993,,,,,,,
2019-09-23,1.0991,1.2428,107.47,1.3271,9.7217,0.9894,,,,,,,
2019-09-24,1.0999,1.2475,107.32,1.3253,9.6905,0.9872,,,,,,,
2019-09-25,1.0949,1.2363,107.78,1.3279,9.7538,0.9909,,,,,,,
2019-09-26,1.0938,1.2343,107.67,1.3271,9.757,0.9928,,,,,,,
2019-09-27,1.0942,1.2312,108.05,1.325,9.8006,0.9919,,,,,,,
2019-09-30,1.0905,1.2305,108.11,1.3243,9.8307,0.9978,,,,,,,
2019-10-01,1.0932,1.2242,107.7,1.3235,9.8791,0.9936,-0.412869565217391,0.78,0.009,1.654,-0.4333,-0.756590909090909,1.88
2019-10-02,1.0951,1.2313,107.21,1.3313,9.8791,0.9975,,,,,,,
2019-10-03,1.0991,1.239,106.76,1.3323,9.8375,0.9974,,,,,,,
2019-10-04,1.0974,1.2309,106.91,1.3332,9.8512,0.9958,,,,,,,
2019-10-07,1.0984,1.2322,107.06,1.3305,9.8999,0.9947,,,,,,,
2019-10-08,1.0949,1.2206,107.06,1.3332,9.9471,0.994,,,,,,,
2019-10-09,1.0978,1.2215,107.43,1.3327,9.9576,0.995,,,,,,,
2019-10-10,1.1018,1.2382,107.91,1.3274,9.8406,0.9954,,,,,,,
2019-10-11,1.1039,1.2683,108.52,1.3181,9.8406,0.9967,,,,,,,
2019-10-14,,,,,,,,,,,,,
2019-10-15,1.1036,1.2737,108.83,1.3199,9.7916,0.9982,,,,,,,
2019-10-16,1.1075,1.2854,108.71,1.3191,9.7807,0.9959,,,,,,,
2019-10-17,1.1129,1.2853,108.51,1.3136,9.7088,0.987,,,,,,,
2019-10-18,1.1155,1.2904,108.44,1.3134,9.6665,0.9856,,,,,,,
2019-10-21,1.1145,1.2983,108.57,1.31,9.629,0.9865,,,,,,,
2019-10-22,1.1138,1.2948,108.56,1.3086,9.6328,0.9889,,,,,,,
2019-10-23,1.1118,1.2886,108.64,1.3089,9.6592,0.9907,,,,,,,
2019-10-24,1.1098,1.281,108.62,1.3078,9.6481,0.9923,,,,,,,
2019-10-25,1.1081,1.2833,108.75,1.3064,9.6901,0.9945,,,,,,,
2019-10-28,1.1094,1.286,109.02,1.3063,9.7045,0.996,,,,,,,
2019-10-29,1.1117,1.2905,108.83,1.3078,9.7176,0.9936,,,,,,,
2019-10-30,1.1123,1.2872,108.88,1.3179,9.6903,0.9909,,,,,,,
2019-10-31,1.1155,1.2939,108.09,1.3144,9.6334,0.9868,,,,,,,
2019-11-01,1.1169,1.295,108.16,1.3145,9.5639,0.9855,-0.401285714285714,0.79,0.018,1.6625,-0.4717,-0.705643333333333,1.77
2019-11-04,1.1144,1.2906,108.56,1.3145,9.603,0.9871,,,,,,,
2019-11-05,1.107,1.287,109.13,1.3176,9.6698,0.9932,,,,,,,
2019-11-06,1.1076,1.2872,108.86,1.3187,9.6179,0.992,,,,,,,
2019-11-07,1.1045,1.2829,109.42,1.3177,9.6369,0.9954,,,,,,,
2019-11-08,1.1019,1.279,109.14,1.3218,9.7095,0.9971,,,,,,,
2019-11-11,,,,,,,,,,,,,
2019-11-12,1.1017,1.2855,109.09,1.3227,9.71,0.9929,,,,,,,
2019-11-13,1.1004,1.284,108.83,1.3239,9.7303,0.9892,,,,,,,
2019-11-14,1.1016,1.2879,108.33,1.3251,9.6964,0.9878,,,,,,,
2019-11-15,1.1046,1.2901,108.8,1.3228,9.6467,0.9903,,,,,,,
2019-11-18,1.1079,1.2965,108.61,1.321,9.6139,0.9879,,,,,,,
2019-11-19,1.1075,1.2926,108.59,1.3233,9.6399,0.9912,,,,,,,
2019-11-20,1.1063,1.2918,108.67,1.3317,9.6334,0.9921,,,,,,,
2019-11-21,1.1067,1.2915,108.53,1.3277,9.6344,0.992,,,,,,,
2019-11-22,1.1029,1.2829,108.67,1.3293,9.6235,0.9967,,,,,,,
2019-11-25,1.1009,1.2885,108.95,1.3312,9.6468,0.9964,,,,,,,
2019-11-26,1.1012,1.285,109.11,1.3285,9.5976,0.9978,,,,,,,
2019-11-27,1.1002,1.2881,109.38,1.3284,9.5794,0.9996,,,,,,,
2019-11-28,,,,,,,,,,,,,
2019-11-29,1.1019,1.2939,109.47,1.3291,9.57,1.0001,,,,,,,
2019-12-01,,,,,,,-0.3947,0.79,0.021,1.6575,-0.455,-0.736666666666667,1.76
2019-12-02,1.1075,1.2936,109.09,1.3298,9.5384,0.992,,,,,,,
2019-12-03,1.1089,1.3002,108.53,1.3298,9.5254,0.9862,,,,,,,
2019-12-04,1.1076,1.3095,108.87,1.3212,9.5217,0.9893,,,,,,,
2019-12-05,1.1104,1.3165,108.69,1.3177,9.4811,0.9872,,,,,,,
2019-12-06,1.1052,1.3127,108.66,1.3255,9.4929,0.9909,,,,,,,
2019-12-09,1.1067,1.3157,108.59,1.3228,9.5292,0.9879,,,,,,,
2019-12-10,1.109,1.3178,108.73,1.3231,9.4971,0.9852,,,,,,,
2019-12-11,1.1092,1.3176,108.67,1.3202,9.4401,0.9856,,,,,,,
2019-12-12,1.1115,1.3133,109.16,1.3185,9.406,0.986,,,,,,,
2019-12-13,1.1128,1.3349,109.28,1.3196,9.4002,0.9838,,,,,,,
2019-12-16,1.1139,1.333,109.64,1.3158,9.3699,0.9839,,,,,,,
2019-12-17,1.1148,1.3116,109.52,1.3155,9.3754,0.9811,,,,,,,
2019-12-18,1.1113,1.3078,109.58,1.3117,9.4203,0.9819,,,,,,,
2019-12-19,1.1128,1.3034,109.23,1.3122,9.4211,0.9777,,,,,,,
2019-12-20,1.1076,1.3036,109.45,1.317,9.4111,0.9824,,,,,,,
2019-12-23,1.1091,1.2917,109.39,1.3167,9.4295,0.982,,,,,,,
2019-12-24,1.1084,1.2955,109.38,1.316,9.4133,0.9807,,,,,,,
2019-12-25,,,,,,,,,,,,,
2019-12-26,1.1102,1.3007,109.67,1.3124,9.4108,0.9808,,,,,,,
2019-12-27,1.1174,1.309,109.47,1.3073,9.3405,0.9741,,,,,,,
2019-12-30,1.1217,1.314,108.85,1.3058,9.3145,0.9677,,,,,,,
2019-12-31,1.1227,1.3269,108.67,1.2962,9.3425,0.9677,,,,,,,
2020-01-01,,,,,,,-0.391136363636364,0.74,0.021,1.646,-0.1749,-0.74875,1.65
2020-01-02,1.1166,1.3128,108.43,1.2998,9.3689,0.9721,,,,,,,
2020-01-03,1.1173,1.3091,107.94,1.2985,9.3844,0.9703,,,,,,,
2020-01-06,1.1187,1.3163,108.36,1.2964,9.4132,0.9688,,,,,,,
2020-01-07,1.1138,1.3127,108.53,1.3016,9.4504,0.9716,,,,,,,
2020-01-08,1.1117,1.311,109.03,1.3026,9.4514,0.9725,,,,,,,
2020-01-09,1.1106,1.3069,109.47,1.309,9.4877,0.9724,,,,,,,
2020-01-10,1.1119,1.306,109.5,1.3051,9.5037,0.9729,,,,,,,
2020-01-13,1.1138,1.2983,109.93,1.3049,9.4679,0.9705,,,,,,,
2020-01-14,1.113,1.3018,110.05,1.3056,9.4548,0.9677,,,,,,,
2020-01-15,1.116,1.303,109.94,1.304,9.4441,0.9634,,,,,,,
2020-01-16,1.1131,1.3076,110.16,1.3042,9.4876,0.965,,,,,,,
2020-01-17,1.1093,1.3029,110.16,1.3074,9.5141,0.9683,,,,,,,
2020-01-20,,,,,,,,,,,,,
2020-01-21,1.1096,1.3047,109.95,1.3068,9.5099,0.9681,,,,,,,
2020-01-22,1.1085,1.3136,109.93,1.3135,9.5151,0.9696,,,,,,,
2020-01-23,1.1041,1.3104,109.39,1.3144,9.5506,0.9698,,,,,,,
2020-01-24,1.1026,1.3071,109.31,1.3146,9.565,0.9712,,,,,,,
2020-01-27,1.1019,1.3054,108.95,1.3176,9.6207,0.9695,,,,,,,
2020-01-28,1.1008,1.2996,109.17,1.3174,9.6213,0.9738,,,,,,,
2020-01-29,1.1004,1.3012,109.15,1.3201,9.6224,0.9747,,,,,,,
2020-01-30,1.1032,1.3106,108.75,1.3216,9.6387,0.9692,,,,,,,
2020-01-31,1.1082,1.3195,108.5,1.322,9.6353,0.9645,,,,,,,
2020-02-01,,,,,,,-0.40885,0.75,0.021,1.6325,-0.1499,-0.7164475,1.59
2020-02-03,1.1062,1.3006,108.59,1.3295,9.6541,0.9655,,,,,,,
2020-02-04,1.1043,1.3029,109.41,1.3266,9.5939,0.9693,,,,,,,
2020-02-05,1.1006,1.3,109.74,1.3294,9.5951,0.9729,,,,,,,
2020-02-06,1.0979,1.2935,109.89,1.3292,9.6282,0.975,,,,,,,
2020-02-07,1.095,1.2908,109.81,1.3304,9.6493,0.9777,,,,,,,
2020-02-10,1.0916,1.2919,109.77,1.3323,9.6648,0.9778,,,,,,,
2020-02-11,1.0917,1.2945,109.78,1.3299,9.6335,0.9761,,,,,,,
2020-02-12,1.0893,1.2978,110.0,1.3243,9.6235,0.9767,,,,,,,
2020-02-13,1.0848,1.3051,109.81,1.3255,9.6758,0.9788,,,,,,,
2020-02-14,1.0839,1.3039,109.77,1.3251,9.7176,0.9818,,,,,,,
2020-02-17,,,,,,,,,,,,,
2020-02-18,1.0815,1.3017,109.8,1.3256,9.7715,0.9814,,,,,,,
2020-02-19,1.0794,1.2934,111.17,1.3232,9.8041,0.9839,,,,,,,
2020-02-20,1.0797,1.2877,111.86,1.3259,9.8168,0.9831,,,,,,,
2020-02-21,1.0855,1.2966,111.74,1.3217,9.7269,0.9781,,,,,,,
2020-02-24,1.0857,1.2923,110.56,1.3282,9.7277,0.9776,,,,,,,
2020-02-25,1.0868,1.3004,110.23,1.3285,9.7283,0.9765,,,,,,,
2020-02-26,1.0887,1.2921,110.36,1.3321,9.7263,0.9759,,,,,,,
2020-02-27,1.0977,1.2876,110.15,1.3356,9.6568,0.9718,,,,,,,
2020-02-28,1.1001,1.2778,108.12,1.3411,9.6802,0.9671,,,,,,,
2020-03-01,,,,,,,-0.416636363636364,0.53,0.006,0.6725,-0.15291,-0.675,1.35
2020-03-02,1.1164,1.2791,108.02,1.3334,9.4936,0.9577,,,,,,,
2020-03-03,1.1175,1.2827,107.28,1.3352,9.4301,0.9563,,,,,,,
2020-03-04,1.113,1.2836,107.34,1.3425,9.5,0.9554,,,,,,,
2020-03-05,1.1202,1.2939,106.56,1.3403,9.4508,0.9487,,,,,,,
2020-03-06,1.1319,1.301,105.31,1.342,9.3651,0.9365,,,,,,,
2020-03-09,1.142,1.31,102.52,1.3527,9.4147,0.9296,,,,,,,
2020-03-10,1.1342,1.2933,103.71,1.3775,9.5002,0.933,,,,,,,
2020-03-11,1.128,1.2887,104.81,1.3748,9.4951,0.9381,,,,,,,
2020-03-12,1.1081,1.2541,105.67,1.3869,9.8319,0.954,,,,,,,
2020-03-13,1.1066,1.2406,107.15,1.3991,9.8113,0.9541,,,,,,,
2020-03-16,1.1139,1.2278,105.64,1.3974,9.8405,0.9467,,,,,,,
2020-03-17,1.0971,1.2017,107.41,1.4188,9.9453,0.9647,,,,,,,
2020-03-18,1.0833,1.176,108.45,1.4529,10.2426,0.9727,,,,,,,
2020-03-19,1.0699,1.1662,110.08,1.4463,10.3827,0.9847,,,,,,,
2020-03-20,1.0682,1.1743,111.3,1.4363,10.3349,0.9866,,,,,,,
2020-03-23,1.076,1.1492,111.36,1.4539,10.3085,0.9824,,,,,,,
2020-03-24,1.0794,1.1784,111.44,1.448,10.1627,0.9813,,,,,,,
2020-03-25,1.0835,1.1763,111.43,1.4333,10.1783,0.9781,,,,,,,
2020-03-26,1.1025,1.214,109.45,1.4045,9.9501,0.9645,,,,,,,
2020-03-27,1.1059,1.236,108.16,1.4075,9.9481,0.9558,,,,,,,
2020-03-30,1.1018,1.2392,108.06,1.4169,10.0596,0.9606,,,,,,,
2020-03-31,1.1016,1.2454,107.53,1.4123,9.9145,0.9627,,,,,,,
2020-04-01,1.0934,1.2394,107.05,1.4222,10.0468,0.9675,-0.25405,0.65,-0.039,0.246,-0.1704,-0.624583333333333,
2020-04-02,1.0862,1.238,107.85,1.411,10.1075,0.9727,,,,,,,
2020-04-03,1.0797,1.2228,108.53,1.4132,10.1865,0.9777,,,,,,,
2020-04-06,1.0808,1.2298,109.11,1.4125,10.1237,0.9768,,,,,,,
2020-04-07,1.0886,1.2343,108.97,1.3971,10.0318,0.9707,,,,,,,
2020-04-08,1.0864,1.2394,108.7,1.4015,10.057,0.971,,,,,,,
2020-04-09,1.0931,1.2458,108.38,1.398,9.9551,0.966,,,,,,,
2020-04-10,1.0951,1.2485,108.39,1.3967,9.9204,0.9648,,,,,,,
2020-04-13,1.0906,1.2518,107.59,1.3953,9.9931,0.9674,,,,,,,
2020-04-14,1.0971,1.2617,107.08,1.3903,9.9606,0.9606,,,,,,,
2020-04-15,1.0909,1.2523,107.42,1.4105,10.0391,0.9647,,,,,,,
2020-04-16,1.084,1.2433,107.72,1.4141,10.0384,0.9695,,,,,,,
2020-04-17,1.0883,1.2503,107.52,1.4026,9.9801,0.9662,,,,,,,
2020-04-20,1.0874,1.2467,107.69,1.4067,10.0102,0.967,,,,,,,
2020-04-21,1.0854,1.2266,107.69,1.4199,10.105,0.9691,,,,,,,
2020-04-22,1.0829,1.2332,107.81,1.4132,10.0949,0.9711,,,,,,,
2020-04-23,1.0815,1.2369,107.65,1.4028,10.0467,0.9731,,,,,,,
2020-04-24,1.0798,1.2335,107.44,1.4098,10.0732,0.975,,,,,,,
2020-04-27,1.0829,1.2421,107.22,1.4042,10.0473,0.9756,,,,,,,
2020-04-28,1.0836,1.2438,106.83,1.3992,9.8868,0.9743,,,,,,,
2020-04-29,1.0853,1.2429,106.67,1.3936,9.8824,0.9748,,,,,,,
2020-04-30,1.0934,1.2602,106.94,1.3911,9.7751,0.9669,,,,,,,
2020-05-01,1.0998,1.2509,106.76,1.4102,9.8316,0.9599,-0.27195,0.33,-0.042,0.235,-0.13926,-0.663348888888889,0.17
2020-05-04,1.0911,1.243,106.82,1.4088,9.8856,0.9647,,,,,,,
2020-05-05,1.0844,1.2449,106.52,1.4025,9.8296,0.9721,,,,,,,
2020-05-06,1.0806,1.2347,106.07,1.4143,9.8486,0.9745,,,,,,,
2020-05-07,1.0815,1.2349,106.36,1.3972,9.8128,0.9746,,,,,,,
2020-05-08,1.0854,1.2436,106.5,1.391,9.759,0.9699,,,,,,,
2020-05-11,1.0818,1.233,107.7,1.4024,9.8649,0.9722,,,,,,,
2020-05-12,1.0864,1.2299,107.33,1.4009,9.7394,0.968,,,,,,,
2020-05-13,1.0837,1.2225,106.92,1.4089,9.7939,0.9704,,,,,,,
2020-05-14,1.08,1.2194,107.09,1.4086,9.8438,0.9727,,,,,,,
2020-05-15,1.0816,1.2129,107.27,1.409,9.866,0.9726,,,,,,,
2020-05-18,1.0904,1.2211,107.25,1.3966,9.7192,0.9699,,,,,,,
2020-05-19,1.0937,1.2255,107.89,1.3879,9.6594,0.9725,,,,,,,
2020-05-20,1.098,1.2257,107.46,1.3911,9.5831,0.9649,,,,,,,
2020-05-21,1.0953,1.2227,107.69,1.3946,9.6318,0.9703,,,,,,,
2020-05-22,1.0894,1.2178,107.5,1.4021,9.6838,0.9722,,,,,,,
2020-05-25,,,,,,,,,,,,,
2020-05-26,1.097,1.2337,107.64,1.3821,9.6426,0.9668,,,,,,,
2020-05-27,1.0969,1.2231,107.79,1.3786,9.6477,0.9696,,,,,,,
2020-05-28,1.1069,1.2325,107.67,1.3763,9.504,0.9642,,,,,,,
2020-05-29,1.1107,1.232,107.77,1.3809,9.4248,0.9618,,,,,,,
2020-06-01,1.1123,1.2472,107.56,1.3603,9.386,0.9613,-0.376,0.19,-0.042,0.1925,-0.084714,-0.6658145,0.2
2020-06-02,1.1166,1.2531,108.6,1.3515,9.3538,0.9623,,,,,,,
2020-06-03,1.1246,1.26,108.88,1.3489,9.26,0.9613,,,,,,,
2020-06-04,1.1322,1.2608,109.0,1.3513,9.196,0.9565,,,,,,,
2020-06-05,1.1297,1.2703,109.68,1.342,9.1806,0.9622,,,,,,,
2020-06-08,1.1293,1.2694,108.46,1.3379,9.2138,0.9567,,,,,,,
2020-06-09,1.1348,1.2736,107.66,1.3433,9.1774,0.9487,,,,,,,
2020-06-10,1.1355,1.2758,107.25,1.3388,9.2273,0.945,,,,,,,
2020-06-11,1.1378,1.2635,106.67,1.3559,9.2524,0.9382,,,,,,,
2020-06-12,1.1253,1.2527,107.36,1.3587,9.3322,0.9515,,,,,,,
2020-06-15,1.127,1.2543,107.33,1.3618,9.3404,0.9503,,,,,,,
2020-06-16,1.1259,1.2586,107.35,1.3562,9.3804,0.9494,,,,,,,
2020-06-17,1.1219,1.2526,107.26,1.357,9.3589,0.9512,,,,,,,
2020-06-18,1.1216,1.243,106.78,1.3593,9.4211,0.951,,,,,,,
2020-06-19,1.1189,1.2362,106.89,1.3601,9.4542,0.9519,,,,,,,
2020-06-22,1.126,1.2447,106.84,1.3544,9.3703,0.9475,,,,,,,
2020-06-23,1.1322,1.2531,106.44,1.3509,9.2806,0.9438,,,,,,,
2020-06-24,1.1272,1.2432,106.83,1.3601,9.3315,0.9471,,,,,,,
2020-06-25,1.1221,1.2406,107.21,1.366,9.3234,0.9485,,,,,,,
2020-06-26,1.1215,1.2337,107.19,1.3695,9.3582,0.948,,,,,,,
2020-06-29,1.1237,1.2279,107.71,1.3686,9.3254,0.9504,,,,,,,
2020-06-30,1.1237,1.2369,107.77,1.3614,9.3071,0.9467,,,,,,,
2020-07-01,1.1259,1.2474,107.5,1.3579,9.29,0.9455,-0.444130434782609,0.1,-0.065,0.18,-0.084522,-0.69071347826087,0.18
2020-07-02,1.1237,1.2469,107.55,1.3591,9.3226,0.9455,,,,,,,
2020-07-03,,,,,,,,,,,,,
2020-07-06,1.1307,1.2482,107.5,1.3546,9.2691,0.9416,,,,,,,
2020-07-07,1.1299,1.2572,107.53,1.3587,9.2255,0.941,,,,,,,
2020-07-08,1.1329,1.2593,107.39,1.3539,9.1916,0.9382,,,,,,,
2020-07-09,1.1298,1.2614,107.27,1.3577,9.2164,0.9397,,,,,,,
2020-07-10,1.1318,1.2654,106.77,1.3591,9.1764,0.9395,,,,,,,
2020-07-13,1.1364,1.2614,107.22,1.3568,9.1381,0.941,,,,,,,
2020-07-14,1.1406,1.2546,107.2,1.3606,9.0986,0.9385,,,,,,,
2020-07-15,1.1406,1.2586,106.92,1.3521,9.0732,0.9439,,,,,,,
2020-07-16,1.1433,1.2621,107.05,1.3539,9.0348,0.9432,,,,,,,
2020-07-17,1.1438,1.255,107.06,1.3572,9.0241,0.9388,,,,,,,
2020-07-20,1.1442,1.2658,107.21,1.3531,8.9752,0.9389,,,,,,,
2020-07-21,1.1495,1.2736,106.82,1.3443,8.9005,0.934,,,,,,,
2020-07-22,1.1587,1.2729,107.18,1.3407,8.8498,0.9288,,,,,,,
2020-07-23,1.1623,1.2759,106.83,1.337,8.8326,0.925,,,,,,,
2020-07-24,1.1635,1.2791,105.79,1.3425,8.8533,0.9222,,,,,,,
2020-07-27,1.175,1.2887,105.29,1.3383,8.7379,0.9204,,,,,,,
2020-07-28,1.1733,1.295,105.03,1.3364,8.7536,0.9169,,,,,,,
2020-07-29,1.177,1.2974,105.06,1.337,8.7534,0.9141,,,,,,,
2020-07-30,1.1791,1.3035,105.05,1.344,8.7473,0.912,,,,,,,
2020-07-31,1.1822,1.3133,105.78,1.3384,8.7487,0.9113,,,,,,,
2020-08-01,,,,,,,-0.479714285714286,0.07,-0.065,0.1575,-0.11924,-0.706807142857143,0.15
2020-08-03,1.175,1.3053,106.11,1.3408,8.7591,0.9194,,,,,,,
2020-08-04,1.1766,1.3059,105.87,1.3366,8.7452,0.9154,,,,,,,
2020-08-05,1.1898,1.3141,105.44,1.3254,8.6532,0.9053,,,,,,,
2020-08-06,1.1856,1.3147,105.52,1.3285,8.6973,0.9101,,,,,,,
2020-08-07,1.1776,1.3043,105.92,1.3393,8.7518,0.914,,,,,,,
2020-08-10,1.1756,1.3082,105.85,1.335,8.7419,0.9154,,,,,,,
2020-08-11,1.1764,1.3077,106.56,1.3296,8.7392,0.9163,,,,,,,
2020-08-12,1.1796,1.3047,106.85,1.325,8.6888,0.9109,,,,,,,
2020-08-13,1.1818,1.3082,106.89,1.3214,8.6839,0.9097,,,,,,,
2020-08-14,1.1833,1.3108,106.49,1.325,8.6984,0.9091,,,,,,,
2020-08-17,1.1869,1.3105,105.97,1.3202,8.6918,0.9058,,,,,,,
2020-08-18,1.1928,1.3228,105.41,1.3181,8.6481,0.9029,,,,,,,
2020-08-19,1.1898,1.3191,105.71,1.3173,8.6574,0.9114,,,,,,,
2020-08-20,1.1862,1.319,105.81,1.3177,8.706,0.9082,,,,,,,
2020-08-21,1.1775,1.3098,105.88,1.3201,8.7988,0.9131,,,,,,,
2020-08-24,1.1803,1.3078,105.9,1.322,8.7819,0.9109,,,,,,,
2020-08-25,1.1818,1.3136,106.4,1.3191,8.7721,0.9089,,,,,,,
2020-08-26,1.1813,1.3186,106.13,1.3145,8.7389,0.9086,,,,,,,
2020-08-27,1.1824,1.3229,106.42,1.3111,8.7099,0.9077,,,,,,,
2020-08-28,1.1901,1.3341,105.3,1.3106,8.627,0.9041,,,,,,,
2020-08-31,1.195,1.3375,105.84,1.3034,8.6249,0.9012,,,,,,,
2020-09-01,1.1949,1.3416,106.0,1.3043,8.6717,0.9072,-0.491363636363636,0.06,-0.055,0.142,-0.13068,-0.708714090909091,0.13
2020-09-02,1.184,1.3315,106.15,1.3061,8.731,0.9107,,,,,,,
2020-09-03,1.1832,1.3263,106.14,1.3131,8.7494,0.9104,,,,,,,
2020-09-04,1.182,1.323,106.34,1.3095,8.7642,0.9147,,,,,,,
2020-09-07,,,,,,,,,,,,,
2020-09-08,1.1789,1.3039,105.97,1.3194,8.8122,0.9166,,,,,,,
2020-09-09,1.181,1.3011,106.23,1.3163,8.7628,0.9131,,,,,,,
2020-09-10,1.188,1.2846,106.19,1.3162,8.7364,0.9077,,,,,,,
2020-09-11,1.1831,1.2788,106.17,1.3183,8.7848,0.9092,,,,,,,
2020-09-14,1.1874,1.2876,105.68,1.3172,8.7657,0.9071,,,,,,,
2020-09-15,1.1846,1.2866,105.5,1.3199,8.7882,0.9085,,,,,,,
2020-09-16,1.1835,1.298,104.94,1.3164,8.7894,0.908,,,,,,,
2020-09-17,1.1823,1.2955,104.77,1.3204,8.807,0.9098,,,,,,,
2020-09-18,1.1857,1.295,104.44,1.3179,8.7539,0.9096,,,,,,,
2020-09-21,1.1737,1.2794,104.69,1.3299,8.8829,0.9163,,,,,,,
2020-09-22,1.1703,1.2726,105.05,1.3313,8.9081,0.92,,,,,,,
2020-09-23,1.1677,1.275,105.34,1.3373,8.981,0.9233,,,,,,,
2020-09-24,1.1666,1.2739,105.42,1.337,9.1146,0.9264,,,,,,,
2020-09-25,1.1618,1.2706,105.59,1.3409,9.1347,0.9291,,,,,,,
2020-09-28,1.166,1.2865,105.5,1.3377,9.0615,0.9247,,,,,,,
2020-09-29,1.1717,1.2847,105.68,1.3411,9.0009,0.9215,,,,,,,
2020-09-30,1.1723,1.2921,105.58,1.3323,8.9627,0.9188,,,,,,,
2020-10-01,1.1752,1.2901,105.53,1.3289,8.9197,0.9179,-0.509136363636364,0.05,-0.055,0.1,-0.1285,-0.698181818181818,0.12
2020-10-02,1.1706,1.2928,105.36,1.332,8.9317,0.9204,,,,,,,
2020-10-05,1.1784,1.2972,105.7,1.3269,8.8936,0.9153,,,,,,,
2020-10-06,1.1778,1.2945,105.64,1.3275,8.9171,0.9153,,,,,,,
2020-10-07,1.1766,1.2914,105.97,1.3283,8.8934,0.9168,,,,,,,
2020-10-08,1.1753,1.2944,105.98,1.3222,8.872,0.9176,,,,,,,
2020-10-09,1.1819,1.3003,105.72,1.312,8.7918,0.9103,,,,,,,
2020-10-12,,,,,,,,,,,,,
2020-10-13,1.1737,1.2968,105.55,1.3138,8.8146,0.9147,,,,,,,
2020-10-14,1.1755,1.3023,105.08,1.3147,8.823,0.9127,,,,,,,
2020-10-15,1.1701,1.2917,105.38,1.3243,8.8685,0.9143,,,,,,,
2020-10-16,1.1717,1.2931,105.41,1.3194,8.837,0.9153,,,,,,,
2020-10-19,1.1788,1.2998,105.42,1.3155,8.8054,0.9092,,,,,,,
2020-10-20,1.1824,1.2951,105.56,1.312,8.747,0.9071,,,,,,,
2020-10-21,1.187,1.3143,104.58,1.313,8.7195,0.9042,,,,,,,
2020-10-22,1.1824,1.309,104.88,1.3132,8.7794,0.9074,,,,,,,
2020-10-23,1.1844,1.3039,104.78,1.3147,8.7688,0.9055,,,,,,,
2020-10-26,1.1816,1.3021,104.86,1.3214,8.7517,0.9073,,,,,,,
2020-10-27,1.1834,1.3067,104.44,1.3156,8.7022,0.9066,,,,,,,
2020-10-28,1.1751,1.2997,104.33,1.3321,8.8458,0.9097,,,,,,,
2020-10-29,1.1658,1.289,104.69,1.3365,8.9427,0.9171,,,,,,,
2020-10-30,1.1647,1.2933,104.54,1.3332,8.9009,0.9165,,,,,,,
2020-11-01,,,,,,,-0.520857142857143,0.04,-0.055,0.1075,-0.12448,-0.73,0.16
2020-11-02,1.1634,1.2904,104.8,1.3255,8.9179,0.92,,,,,,,
2020-11-03,1.1724,1.305,104.5,1.3132,8.8377,0.9126,,,,,,,
2020-11-04,1.173,1.3021,104.39,1.3113,8.7718,0.9107,,,,,,,
2020-11-05,1.1809,1.3116,103.67,1.3045,8.7167,0.9063,,,,,,,
2020-11-06,1.1886,1.3162,103.32,1.3029,8.6339,0.8986,,,,,,,
2020-11-09,1.1811,1.3137,105.58,1.2978,8.6335,0.9127,,,,,,,
2020-11-10,1.181,1.3234,105.36,1.2998,8.6152,0.9136,,,,,,,
2020-11-11,,,,,,,,,,,,,
2020-11-12,1.1814,1.3142,105.16,1.3107,8.6229,0.9136,,,,,,,
2020-11-13,1.1824,1.3176,104.61,1.3164,8.6947,0.9133,,,,,,,
2020-11-16,1.1844,1.3197,104.54,1.3072,8.6326,0.9121,,,,,,,
2020-11-17,1.1862,1.3247,104.2,1.3107,8.6281,0.9109,,,,,,,
2020-11-18,1.1869,1.3299,103.72,1.3049,8.5813,0.9096,,,,,,,
2020-11-19,1.1843,1.3225,103.85,1.3083,8.6288,0.9119,,,,,,,
2020-11-20,1.1857,1.3294,103.81,1.3075,8.6171,0.9118,,,,,,,
2020-11-23,1.1826,1.33,104.42,1.3097,8.6496,0.9131,,,,,,,
2020-11-24,1.1874,1.335,104.61,1.3027,8.5678,0.9121,,,,,,,
2020-11-25,1.1908,1.3378,104.39,1.2994,8.5169,0.909,,,,,,,
2020-11-26,,,,,,,,,,,,,
2020-11-27,,,,,,,,,,,,,
2020-11-30,1.1948,1.3338,104.38,1.2982,8.5576,0.906,,,,,,,
2020-12-01,1.2039,1.3392,104.4,1.2958,8.5082,0.9005,-0.538090909090909,0.03,-0.055,0.106,-0.18255,-0.742727272727273,0.17
2020-12-02,1.2093,1.3348,104.52,1.2934,8.4986,0.8961,,,,,,,
2020-12-03,1.2152,1.3496,103.77,1.2875,8.4415,0.8906,,,,,,,
2020-12-04,1.2142,1.3485,104.16,1.2797,8.4494,0.8908,,,,,,,
2020-12-07,1.2138,1.3353,104.01,1.2796,8.3864,0.8892,,,,,,,
2020-12-08,1.2111,1.3358,104.14,1.2808,8.472,0.8886,,,,,,,
2020-12-09,1.208,1.3392,104.28,1.2791,8.4914,0.8901,,,,,,,
2020-12-10,1.2118,1.3293,104.3,1.2727,8.4499,0.8878,,,,,,,
2020-12-11,1.2112,1.3197,103.88,1.2767,8.4717,0.8902,,,,,,,
2020-12-14,1.2145,1.3324,104.06,1.2787,8.4133,0.8872,,,,,,,
2020-12-15,1.2158,1.3434,103.69,1.273,8.3759,0.8859,,,,,,,
2020-12-16,1.2175,1.3503,103.59,1.2755,8.3645,0.8861,,,,,,,
2020-12-17,1.2258,1.3609,103.13,1.2715,8.2689,0.8841,,,,,,,
2020-12-18,1.2236,1.3497,103.35,1.2776,8.2786,0.885,,,,,,,
2020-12-21,1.223,1.3354,103.44,1.2836,8.2576,0.8859,,,,,,,
2020-12-22,1.2172,1.3349,103.62,1.2918,8.3303,0.8889,,,,,,,
2020-12-23,1.2194,1.351,103.52,1.2841,8.2841,0.8882,,,,,,,
2020-12-24,,,,,,,,,,,,,
2020-12-25,,,,,,,,,,,,,
2020-12-28,1.2213,1.3447,103.84,1.2871,8.2854,0.8898,,,,,,,
2020-12-29,1.2252,1.3512,103.5,1.2794,8.1906,0.8838,,,,,,,
2020-12-30,1.228,1.3605,103.31,1.2764,8.1972,0.8832,,,,,,,
2020-12-31,1.223,1.3662,103.19,1.2753,8.2095,0.8841,,,,,,,
2021-01-01,,,,,,,-0.54715,0.03,-0.055,0.0575,-0.15042,-0.729838,0.14
2021-01-04,1.2254,1.3551,103.19,1.2781,8.2486,0.8811,,,,,,,
2021-01-05,1.2295,1.362,102.7,1.27,8.1856,0.8784,,,,,,,
2021-01-06,1.229,1.3593,103.25,1.2685,8.1855,0.881,,,,,,,
2021-01-07,1.2265,1.3551,103.84,1.272,8.1992,0.8841,,,,,,,
2021-01-08,1.2252,1.3583,103.89,1.2698,8.2085,0.8843,,,,,,,
2021-01-11,1.2169,1.3522,104.16,1.2768,8.281,0.8897,,,,,,,
2021-01-12,1.2168,1.3637,104.09,1.2745,8.2864,0.8892,,,,,,,
2021-01-13,1.2159,1.3631,103.91,1.271,8.3373,0.8874,,,,,,,
2021-01-14,1.2156,1.369,103.66,1.2633,8.309,0.887,,,,,,,
2021-01-15,1.2099,1.3599,103.8,1.2709,8.3715,0.8894,,,,,,,
2021-01-18,,,,,,,,,,,,,
2021-01-19,1.2126,1.3627,103.86,1.2721,8.348,0.8888,,,,,,,
2021-01-20,,,,,,,,,,,,,
2021-01-21,1.2143,1.3721,103.57,1.2634,8.2948,0.887,,,,,,,
2021-01-22,1.2179,1.3685,103.76,1.2711,8.282,0.8853,,,,,,,
2021-01-25,1.2138,1.3668,103.78,1.2747,8.3046,0.8882,,,,,,,
2021-01-26,1.2147,1.3729,103.69,1.2711,8.3025,0.888,,,,,,,
2021-01-27,1.2101,1.3688,104.09,1.2782,8.3511,0.889,,,,,,,
2021-01-28,1.2122,1.3727,104.31,1.2812,8.3301,0.8887,,,,,,,
2021-01-29,1.2135,1.3723,104.64,1.2776,8.3357,0.8905,,,,,,,
2021-02-01,1.207,1.3672,104.97,1.2826,8.4259,0.8965,-0.5411,0.05,-0.055,0.0825,-0.1313,-0.732424,0.11
2021-02-02,1.202,1.3644,105.09,1.2815,8.4232,0.8987,,,,,,,
2021-02-03,1.2025,1.3652,105.05,1.2765,8.408,0.8993,,,,,,,
2021-02-04,1.1974,1.3665,105.43,1.283,8.4602,0.9031,,,,,,,
2021-02-05,1.2035,1.3714,105.44,1.2781,8.3861,0.8996,,,,,,,
2021-02-08,1.2045,1.3738,105.19,1.2755,8.3896,0.8986,,,,,,,
2021-02-09,1.2106,1.3796,104.62,1.2713,8.3405,0.893,,,,,,,
2021-02-10,1.2132,1.385,104.67,1.2678,8.309,0.8891,,,,,,,
2021-02-11,1.2127,1.3822,104.75,1.2689,8.3262,0.8907,,,,,,,
2021-02-12,1.2126,1.3855,104.94,1.2694,8.3019,0.8911,,,,,,,
2021-02-15,,,,,,,,,,,,,
2021-02-16,1.2107,1.391,105.88,1.2694,8.295,0.8923,,,,,,,
2021-02-17,1.2042,1.3848,105.83,1.2712,8.3348,0.8985,,,,,,,
2021-02-18,1.2078,1.3956,105.69,1.2706,8.3274,0.8968,,,,,,,
2021-02-19,1.2136,1.4025,105.58,1.2596,8.2666,0.8948,,,,,,,
2021-02-22,1.2155,1.4077,105.06,1.2606,8.2673,0.8958,,,,,,,
2021-02-23,1.2142,1.4092,105.21,1.261,8.2972,0.9022,,,,,,,
2021-02-24,1.2143,1.4106,105.91,1.2537,8.3028,0.9074,,,,,,,
2021-02-25,1.2229,1.4105,106.22,1.2528,8.2474,0.9033,,,,,,,
2021-02-26,1.2093,1.3947,106.64,1.2698,8.4211,0.9092,,,,,,,
2021-03-01,1.2054,1.3938,106.68,1.2652,8.4358,0.9138,-0.539086956521739,0.08,-0.065,0.106,-0.15965,-0.73,0.1
2021-03-02,1.2079,1.3962,106.75,1.2612,8.3871,0.9141,,,,,,,
2021-03-03,1.2073,1.3978,106.92,1.2611,8.4011,0.918,,,,,,,
2021-03-04,1.2045,1.3999,107.58,1.2584,8.4245,0.9257,,,,,,,
2021-03-05,1.1914,1.3817,108.24,1.2666,8.5366,0.9305,,,,,,,
2021-03-08,1.1849,1.381,108.92,1.2672,8.5807,0.9355,,,,,,,
2021-03-09,1.1885,1.3884,108.64,1.2652,8.5173,0.9292,,,,,,,
2021-03-10,1.19,1.3899,108.58,1.2641,8.5066,0.9317,,,,,,,
2021-03-11,1.1978,1.398,108.44,1.2558,8.4631,0.9244,,,,,,,
2021-03-12,1.1952,1.3925,108.87,1.2471,8.4881,0.9281,,,,,,,
2021-03-15,1.1917,1.3866,109.11,1.249,8.5302,0.9283,,,,,,,
2021-03-16,1.1895,1.3892,109.01,1.2451,8.5204,0.9261,,,,,,,
2021-03-17,1.1905,1.3888,109.22,1.2475,8.5154,0.9276,,,,,,,
2021-03-18,1.1926,1.3938,108.97,1.2434,8.5132,0.9281,,,,,,,
2021-03-19,1.1909,1.3872,108.85,1.2511,8.5439,0.9301,,,,,,,
2021-03-22,1.1932,1.3856,108.67,1.2528,8.5103,0.9233,,,,,,,
2021-03-23,1.1872,1.3795,108.61,1.2548,8.5658,0.9327,,,,,,,
2021-03-24,1.1831,1.3723,108.81,1.2551,8.5932,0.9355,,,,,,,
2021-03-25,1.1777,1.3722,109.13,1.2613,8.6668,0.9393,,,,,,,
2021-03-26,1.1798,1.3794,109.55,1.2577,8.6451,0.9398,,,,,,,
2021-03-29,1.1779,1.3793,109.73,1.2592,8.6905,0.9381,,,,,,,
2021-03-30,1.1724,1.3729,110.19,1.2626,8.7375,0.9427,,,,,,,
2021-03-31,1.1743,1.3795,110.61,1.2571,8.7185,0.9418,,,,,,,
2021-04-01,1.1772,1.3825,110.61,1.2569,8.7117,0.9409,-0.53815,0.09,-0.065,0.0925,-0.14671,-0.7285415,0.11
2021-04-02,1.1763,1.3825,110.67,1.2566,8.7282,0.9419,,,,,,,
2021-04-05,1.181,1.3907,110.08,1.2512,8.7018,0.9359,,,,,,,
2021-04-06,1.1852,1.3849,109.83,1.254,8.6374,0.9325,,,,,,,
2021-04-07,1.189,1.3757,109.67,1.2614,8.6088,0.9274,,,,,,,
2021-04-08,1.1904,1.3739,109.25,1.2576,8.5581,0.9249,,,,,,,
2021-04-09,1.1897,1.3734,109.64,1.254,8.5399,0.9249,,,,,,,
2021-04-12,1.1907,1.3741,109.43,1.2556,8.5795,0.9228,,,,,,,
2021-04-13,1.1939,1.3742,109.19,1.2541,8.5271,0.9213,,,,,,,
2021-04-14,1.1974,1.379,108.93,1.2515,8.4549,0.9228,,,,,,,
2021-04-15,1.1964,1.3781,108.78,1.2539,8.4573,0.9227,,,,,,,
2021-04-16,1.198,1.3826,108.78,1.2498,8.4425,0.9196,,,,,,,
2021-04-19,1.2028,1.3977,108.09,1.2534,8.4088,0.9155,,,,,,,
2021-04-20,1.2045,1.3955,108.07,1.2574,8.4245,0.9145,,,,,,,
2021-04-21,1.2033,1.3936,108.09,1.2484,8.4138,0.9166,,,,,,,
2021-04-22,1.2012,1.3851,108.17,1.249,8.4347,0.9182,,,,,,,
2021-04-23,1.2069,1.3845,107.94,1.2495,8.403,0.9152,,,,,,,
2021-04-26,1.2083,1.389,108.12,1.2399,8.3818,0.9145,,,,,,,
2021-04-27,1.2079,1.3908,108.56,1.2396,8.3775,0.9134,,,,,,,
2021-04-28,1.2098,1.3917,108.81,1.2354,8.3651,0.9124,,,,,,,
2021-04-29,1.211,1.3956,108.94,1.2295,8.3793,0.9099,,,,,,,
2021-04-30,1.203,1.3838,109.33,1.2291,8.4503,0.9127,,,,,,,
2021-05-01,,,,,,,-0.540095238095238,0.08,-0.065,0.0975,-0.1519,-0.735221052631579,0.1
2021-05-03,1.2059,1.3913,109.08,1.2275,8.4229,0.9116,,,,,,,
2021-05-04,1.2014,1.3873,109.34,1.232,8.4835,0.9136,,,,,,,
2021-05-05,1.2003,1.3913,109.27,1.2262,8.4894,0.913,,,,,,,
2021-05-06,1.2049,1.388,109.17,1.2192,8.4392,0.9096,,,,,,,
2021-05-07,1.2165,1.4,108.52,1.2137,8.3142,0.9009,,,,,,,
2021-05-10,1.217,1.4153,108.7,1.2085,8.3094,0.8986,,,,,,,
2021-05-11,1.2169,1.4149,108.53,1.2092,8.3055,0.902,,,,,,,
2021-05-12,1.2074,1.4081,109.53,1.2104,8.4164,0.9088,,,,,,,
2021-05-13,1.207,1.4033,109.56,1.2147,8.4165,0.9068,,,,,,,
2021-05-14,1.2141,1.4096,109.37,1.2114,8.3399,0.9021,,,,,,,
2021-05-17,1.2155,1.4127,109.17,1.2073,8.3312,0.9016,,,,,,,
2021-05-18,1.2203,1.4184,109.01,1.2061,8.2972,0.8986,,,,,,,
2021-05-19,1.2216,1.4169,108.76,1.2089,8.325,0.9003,,,,,,,
2021-05-20,1.2225,1.4182,108.79,1.2049,8.2983,0.8985,,,,,,,
2021-05-21,1.2178,1.4158,108.94,1.2072,8.3251,0.8987,,,,,,,
2021-05-24,1.221,1.4147,108.81,1.2082,8.3226,0.8973,,,,,,,
2021-05-25,1.2233,1.4123,108.95,1.2069,8.2798,0.8971,,,,,,,
2021-05-26,1.2204,1.4129,109.1,1.2111,8.3117,0.8973,,,,,,,
2021-05-27,1.2194,1.4172,109.81,1.2075,8.2918,0.8977,,,,,,,
2021-05-28,1.2194,1.4188,109.83,1.2087,8.3019,0.8995,,,,,,,
2021-05-31,,,,,,,,,,,,,
2021-06-01,1.2241,1.4168,109.43,1.2031,8.2624,0.8954,-0.542909090909091,0.08,-0.072,0.128,-0.15881,-0.737727272727273,0.09
2021-06-02,1.2213,1.4177,109.59,1.2047,8.2665,0.898,,,,,,,
2021-06-03,1.2122,1.4099,110.28,1.2116,8.3381,0.9051,,,,,,,
2021-06-04,1.2173,1.4175,109.42,1.2088,8.2659,0.899,,,,,,,
2021-06-07,1.22,1.4179,109.25,1.2062,8.2576,0.8969,,,,,,,
2021-06-08,1.218,1.4146,109.47,1.2101,8.2632,0.8963,,,,,,,
2021-06-09,1.2184,1.4124,109.61,1.2102,8.2594,0.8958,,,,,,,
2021-06-10,1.2173,1.4165,109.49,1.2095,8.2494,0.8951,,,,,,,
2021-06-11,1.2101,1.4114,109.75,1.2162,8.3263,0.8993,,,,,,,
2021-06-14,1.2126,1.4116,109.98,1.2131,8.3174,0.8991,,,,,,,
2021-06-15,1.212,1.4073,110.12,1.2202,8.3387,0.8985,,,,,,,
2021-06-16,1.2119,1.411,109.88,1.2165,8.3577,0.8986,,,,,,,
2021-06-17,1.1911,1.3916,110.28,1.2353,8.5405,0.9173,,,,,,,
2021-06-18,1.1872,1.3817,110.21,1.2437,8.6193,0.9215,,,,,,,
2021-06-21,1.1909,1.3915,110.22,1.237,8.5387,0.9184,,,,,,,
2021-06-22,1.191,1.3921,110.75,1.2364,8.504,0.92,,,,,,,
2021-06-23,1.195,1.3977,110.86,1.2286,8.4787,0.9169,,,,,,,
2021-06-24,1.1927,1.3907,110.91,1.2337,8.4698,0.9188,,,,,,,
2021-06-25,1.194,1.3899,110.78,1.2293,8.4826,0.9175,,,,,,,
2021-06-28,1.1938,1.3895,110.5,1.2325,8.5067,0.9184,,,,,,,
2021-06-29,1.1905,1.3845,110.53,1.2378,8.5217,0.9201,,,,,,,
2021-06-30,1.1848,1.3806,111.05,1.2404,8.5609,0.9253,,,,,,,
2021-07-01,1.1857,1.378,111.56,1.2405,8.5749,0.9253,-0.544818181818182,0.08,-0.072,0.1675,-0.15514,-0.736136363636364,0.1
2021-07-02,1.1848,1.3795,111.28,1.2346,8.5561,0.9224,,,,,,,
2021-07-05,,,,,,,,,,,,,
2021-07-06,1.1816,1.3792,110.66,1.2466,8.5862,0.9245,,,,,,,
2021-07-07,1.1803,1.3792,110.62,1.2506,8.6261,0.9252,,,,,,,
2021-07-08,1.184,1.3767,109.82,1.2533,8.5879,0.9153,,,,,,,
2021-07-09,1.1861,1.3842,110.18,1.2476,8.5788,0.9151,,,,,,,
2021-07-12,1.1858,1.3886,110.36,1.2455,8.575,0.9154,,,,,,,
2021-07-13,1.1813,1.3847,110.36,1.2511,8.628,0.9164,,,,,,,
2021-07-14,1.1826,1.3854,110.03,1.2521,8.6245,0.9154,,,,,,,
2021-07-15,1.1806,1.3849,110.05,1.2575,8.6704,0.9186,,,,,,,
2021-07-16,1.181,1.3785,110.13,1.2586,8.6762,0.9192,,,,,,,
2021-07-19,1.1804,1.369,109.45,1.2752,8.6806,0.9179,,,,,,,
2021-07-20,1.1776,1.3615,109.92,1.2724,8.7038,0.9218,,,,,,,
2021-07-21,1.1799,1.3695,110.22,1.2538,8.6899,0.9179,,,,,,,
2021-07-22,1.1771,1.375,110.1,1.2578,8.6832,0.9195,,,,,,,
2021-07-23,1.1761,1.3749,110.52,1.258,8.6904,0.9211,,,,,,,
2021-07-26,1.181,1.3829,110.31,1.254,8.6285,0.9157,,,,,,,
2021-07-27,1.1831,1.3884,109.64,1.2579,8.6095,0.9135,,,,,,,
2021-07-28,1.1809,1.3884,110.06,1.2563,8.6235,0.9134,,,,,,,
2021-07-29,1.1886,1.3966,109.53,1.2439,8.5532,0.9062,,,,,,,
2021-07-30,1.1864,1.3913,109.7,1.2466,8.5912,0.9061,,,,,,,
2021-08-01,,,,,,,-0.547590909090909,0.07,-0.072,0.1775,-0.16214,-0.738181818181818,0.1
2021-08-02,1.1873,1.3886,109.22,1.2501,8.5835,0.9051,,,,,,,
2021-08-03,1.1859,1.3905,109.09,1.255,8.6042,0.9047,,,,,,,
2021-08-04,1.1841,1.3912,109.44,1.2551,8.604,0.9061,,,,,,,
2021-08-05,1.1838,1.3929,109.75,1.2487,8.6113,0.907,,,,,,,
2021-08-06,1.1761,1.3873,110.22,1.2563,8.6646,0.9142,,,,,,,
2021-08-09,1.1749,1.3852,110.25,1.2571,8.699,0.9191,,,,,,,
2021-08-10,1.1722,1.384,110.54,1.2531,8.7112,0.9226,,,,,,,
2021-08-11,1.1737,1.3866,110.47,1.2513,8.6909,0.9215,,,,,,,
2021-08-12,1.1736,1.3833,110.36,1.2518,8.6851,0.923,,,,,,,
2021-08-13,1.1796,1.3857,109.75,1.2512,8.6348,0.9162,,,,,,,
2021-08-16,1.1776,1.3849,109.26,1.257,8.6475,0.9123,,,,,,,
2021-08-17,1.1714,1.3739,109.59,1.2622,8.7448,0.9144,,,,,,,
2021-08-18,1.1702,1.3749,109.92,1.2638,8.7234,0.9179,,,,,,,
2021-08-19,1.1693,1.3673,109.75,1.279,8.7888,0.9173,,,,,,,
2021-08-20,1.169,1.3625,109.77,1.2853,8.8169,0.9176,,,,,,,
2021-08-23,1.1732,1.3717,109.78,1.2666,8.719,0.9137,,,,,,,
2021-08-24,1.1746,1.3716,109.68,1.2615,8.6957,0.913,,,,,,,
2021-08-25,1.1758,1.3723,110.03,1.2624,8.6982,0.9137,,,,,,,
2021-08-26,1.1761,1.3712,110.09,1.2654,8.7128,0.9174,,,,,,,
2021-08-27,1.1794,1.3769,109.84,1.2613,8.6404,0.9122,,,,,,,
2021-08-30,1.1795,1.3758,109.91,1.2606,8.6223,0.9172,,,,,,,
2021-08-31,1.18,1.3747,110.05,1.2629,8.6325,0.9161,,,,,,,
2021-09-01,1.185,1.379,110.03,1.2615,8.6006,0.9145,-0.545045454545454,0.07,-0.072,0.132,-0.17082,-0.82,0.1
2021-09-02,1.1858,1.3825,110.01,1.2559,8.5802,0.9159,,,,,,,
2021-09-03,1.1884,1.3862,109.64,1.2524,8.5468,0.9136,,,,,,,
2021-09-06,,,,,,,,,,,,,
2021-09-07,1.1849,1.3792,110.17,1.2622,8.5774,0.9179,,,,,,,
2021-09-08,1.1818,1.3761,110.32,1.2681,8.6273,0.9219,,,,,,,
2021-09-09,1.1827,1.3855,109.76,1.2648,8.6008,0.9173,,,,,,,
2021-09-10,1.1821,1.3847,109.93,1.2636,8.6162,0.918,,,,,,,
2021-09-13,1.1809,1.3844,109.94,1.2643,8.6137,0.9213,,,,,,,
2021-09-14,1.1824,1.3848,109.66,1.2663,8.584,0.9193,,,,,,,
2021-09-15,1.1811,1.3837,109.4,1.2653,8.583,0.9196,,,,,,,
2021-09-16,1.1764,1.3785,109.67,1.2679,8.6311,0.9251,,,,,,,
2021-09-17,1.1734,1.3755,109.94,1.2738,8.6717,0.9308,,,,,,,
2021-09-20,1.1729,1.3656,109.47,1.2818,8.6964,0.9277,,,,,,,
2021-09-21,1.1724,1.3663,109.33,1.2789,8.6734,0.9235,,,,,,,
2021-09-22,1.1739,1.3669,109.59,1.2733,8.648,0.9223,,,,,,,
2021-09-23,1.1735,1.3745,110.17,1.2662,8.6327,0.9243,,,,,,,
2021-09-24,1.1715,1.3681,110.72,1.2672,8.6579,0.9246,,,,,,,
2021-09-27,1.1702,1.3712,110.97,1.2643,8.7049,0.9256,,,,,,,
2021-09-28,1.1681,1.3537,111.33,1.2692,8.7313,0.9282,,,,,,,
2021-09-29,1.1612,1.3439,111.83,1.275,8.787,0.9335,,,,,,,
2021-09-30,1.1577,1.347,111.5,1.2673,8.7601,0.9339,,,,,,,
2021-10-01,1.1598,1.3572,110.97,1.2657,8.7524,0.9297,-0.549809523809524,0.16,-0.072,0.12,-0.21338,-0.726692380952381,0.11
2021-10-04,1.1622,1.3602,110.94,1.2571,8.7254,0.9248,,,,,,,
2021-10-05,1.1609,1.364,111.39,1.2562,8.7286,0.9271,,,,,,,
2021-10-06,1.1546,1.3569,111.33,1.2612,8.8093,0.9279,,,,,,,
2021-10-07,1.1561,1.3634,111.5,1.2546,8.7798,0.928,,,,,,,
2021-10-08,1.1572,1.363,112.15,1.2477,8.7415,0.9272,,,,,,,
2021-10-11,,,,,,,,,,,,,
2021-10-12,1.1541,1.3605,113.69,1.2439,8.7716,0.9302,,,,,,,
2021-10-13,1.1568,1.3645,113.49,1.2448,8.7127,0.926,,,,,,,
2021-10-14,1.1591,1.3684,113.59,1.2362,8.635,0.9232,,,,,,,
2021-10-15,1.1594,1.3756,114.31,1.2387,8.6173,0.9241,,,,,,,
2021-10-18,1.1609,1.3726,114.22,1.2362,8.6592,0.9232,,,,,,,
2021-10-19,1.1632,1.3807,114.27,1.2354,8.6234,0.9227,,,,,,,
2021-10-20,1.1643,1.3821,114.24,1.2328,8.5928,0.9197,,,,,,,
2021-10-21,1.1643,1.3812,113.75,1.2339,8.5922,0.9173,,,,,,,
2021-10-22,1.1632,1.3741,113.54,1.2385,8.5815,0.9164,,,,,,,
2021-10-25,1.1609,1.3773,113.7,1.2373,8.5953,0.9193,,,,,,,
2021-10-26,1.159,1.3772,114.19,1.2388,8.6214,0.9204,,,,,,,
2021-10-27,1.16,1.3739,113.75,1.2337,8.5832,0.9183,,,,,,,
2021-10-28,1.1685,1.3804,113.38,1.2348,8.5318,0.9123,,,,,,,
2021-10-29,1.1552,1.3686,114.03,1.2397,8.593,0.9165,,,,,,,
2021-11-01,1.1591,1.3679,114.19,1.2355,8.5119,0.9105,-0.567363636363636,0.13,-0.072,0.1175,-0.34709,-0.693960909090909,0.14
2021-11-02,1.1581,1.3612,113.78,1.242,8.5707,0.9145,,,,,,,
2021-11-03,1.1584,1.3659,114.06,1.2416,8.5583,0.9121,,,,,,,
2021-11-04,1.1546,1.3494,113.63,1.2462,8.5814,0.9127,,,,,,,
2021-11-05,1.1554,1.3491,113.45,1.2439,8.5831,0.9133,,,,,,,
2021-11-08,1.159,1.3563,113.15,1.2441,8.5724,0.9132,,,,,,,
2021-11-09,1.1589,1.3551,112.87,1.2457,8.5724,0.9118,,,,,,,
2021-11-10,1.1517,1.347,113.89,1.2447,8.6679,0.9164,,,,,,,
2021-11-11,,,,,,,,,,,,,
2021-11-12,1.1443,1.3412,113.9,1.2558,8.7501,0.9211,,,,,,,
2021-11-15,1.1421,1.3444,113.96,1.2515,8.7707,0.9217,,,,,,,
2021-11-16,1.1333,1.3429,114.62,1.2562,8.8675,0.9298,,,,,,,
2021-11-17,1.1322,1.3488,114.33,1.2594,8.8595,0.9286,,,,,,,
2021-11-18,1.1358,1.3489,114.22,1.2629,8.8889,0.926,,,,,,,
2021-11-19,1.1318,1.3474,113.81,1.2631,8.9138,0.9262,,,,,,,
2021-11-22,1.126,1.3412,114.69,1.2684,8.967,0.93,,,,,,,
2021-11-23,1.1265,1.3388,114.98,1.2712,9.0307,0.9325,,,,,,,
2021-11-24,1.1196,1.3332,115.34,1.2657,9.1158,0.9354,,,,,,,
2021-11-25,,,,,,,,,,,,,
2021-11-26,1.1302,1.3322,113.46,1.2756,9.1099,0.9234,,,,,,,
2021-11-29,1.1261,1.3291,113.75,1.2792,9.1032,0.925,,,,,,,
2021-11-30,1.1287,1.3252,113.22,1.2812,9.0762,0.9217,,,,,,,
2021-12-01,1.1323,1.3308,112.82,1.2778,9.0778,0.9195,-0.58195652173913,0.16,-0.049,0.078,-0.38467,-0.71745652173913,0.17
2021-12-02,1.1306,1.3305,113.1,1.2814,9.0464,0.9205,,,,,,,
2021-12-03,1.1308,1.3234,112.88,1.2833,9.1426,0.9185,,,,,,,
2021-12-06,1.1282,1.3252,113.31,1.2785,9.0929,0.9256,,,,,,,
2021-12-07,1.1247,1.3236,113.61,1.2651,9.1201,0.9264,,,,,,,
2021-12-08,1.133,1.3236,113.83,1.2653,9.0472,0.9217,,,,,,,
2021-12-09,1.1285,1.3188,113.53,1.2698,9.0788,0.926,,,,,,,
2021-12-10,1.1312,1.3262,113.36,1.2706,9.0522,0.9205,,,,,,,
2021-12-13,1.1298,1.3233,113.42,1.2795,9.0921,0.9212,,,,,,,
2021-12-14,1.1267,1.3225,113.63,1.2858,9.1447,0.9236,,,,,,,
2021-12-15,1.1261,1.3214,113.83,1.2916,9.1237,0.9258,,,,,,,
2021-12-16,1.1309,1.3325,113.67,1.2772,9.0505,0.9215,,,,,,,
2021-12-17,1.1277,1.3269,113.56,1.283,9.0966,0.9226,,,,,,,
2021-12-20,1.1298,1.3222,113.45,1.2941,9.139,0.92,,,,,,,
2021-12-21,1.1272,1.3253,114.11,1.2927,9.1477,0.9242,,,,,,,
2021-12-22,1.1324,1.3345,114.22,1.2844,9.0893,0.9201,,,,,,,
2021-12-23,1.132,1.341,114.42,1.2809,9.0923,0.9186,,,,,,,
2021-12-24,,,,,,,,,,,,,
2021-12-27,1.1329,1.3438,114.85,1.2797,9.1011,0.9175,,,,,,,
2021-12-28,1.1314,1.3432,114.75,1.2814,9.0503,0.9167,,,,,,,
2021-12-29,1.1337,1.3475,114.97,1.281,9.0459,0.9149,,,,,,,
2021-12-30,1.1318,1.35,115.17,1.2777,9.0498,0.9146,,,,,,,
2021-12-31,,,,,,,,,,,,,
2022-01-01,,,,,,,-0.560142857142857,0.53,-0.049,0.305,-0.16025,-0.714190952380952,0.22
2022-01-03,1.129,1.3469,115.27,1.2757,9.1206,0.9188,,,,,,,
2022-01-04,1.1296,1.3544,116.12,1.2697,9.0867,0.9154,,,,,,,
2022-01-05,1.1335,1.3573,115.91,1.27,9.0637,0.9161,,,,,,,
2022-01-06,1.1307,1.3539,115.78,1.2725,9.1321,0.9196,,,,,,,
2022-01-07,1.1358,1.3583,115.61,1.2643,9.0604,0.9191,,,,,,,
2022-01-10,1.1328,1.3567,115.14,1.2679,9.104,0.9252,,,,,,,
2022-01-11,1.1363,1.3622,115.38,1.2598,9.0515,0.9237,,,,,,,
2022-01-12,1.1431,1.3698,114.74,1.2501,8.9525,0.9134,,,,,,,
2022-01-13,1.1464,1.3724,114.06,1.2482,8.9203,0.9102,,,,,,,
2022-01-14,1.1414,1.367,113.89,1.2549,9.0108,0.9133,,,,,,,
2022-01-17,,,,,,,,,,,,,
2022-01-18,1.1336,1.3588,114.6,1.2535,9.1213,0.9168,,,,,,,
2022-01-19,1.1346,1.3625,114.28,1.2499,9.1043,0.9155,,,,,,,
2022-01-20,1.1336,1.3642,114.08,1.2462,9.121,0.9157,,,,,,,
2022-01-21,1.1346,1.3562,113.72,1.2542,9.1893,0.912,,,,,,,
2022-01-24,1.131,1.3447,113.82,1.2688,9.3324,0.9146,,,,,,,
2022-01-25,1.1283,1.3495,113.88,1.2637,9.2868,0.9194,,,,,,,
2022-01-26,1.1279,1.3516,114.33,1.2597,9.2624,0.9213,,,,,,,
2022-01-27,1.1141,1.3385,115.47,1.2709,9.3789,0.9318,,,,,,,
2022-01-28,1.116,1.3417,115.21,1.2753,9.4335,0.9298,,,,,,,
2022-01-31,1.1212,1.3439,115.22,1.2694,9.3341,0.9303,,,,,,,
2022-02-01,1.1239,1.3505,114.77,1.2688,9.281,0.9231,-0.53150000005,0.81,-0.049,0.325,-0.1435,-0.684792,0.38
2022-02-02,1.1299,1.3565,114.36,1.2689,9.2823,0.9186,,,,,,,
2022-02-03,1.1425,1.3602,114.88,1.2679,9.1233,0.9213,,,,,,,
2022-02-04,1.1455,1.3543,115.22,1.2759,9.1382,0.9248,,,,,,,
2022-02-07,1.1434,1.3533,115.09,1.2685,9.1433,0.9243,,,,,,,
2022-02-08,1.1416,1.3552,115.62,1.2709,9.1522,0.9244,,,,,,,
2022-02-09,1.1435,1.354,115.44,1.2675,9.0914,0.9233,,,,,,,
2022-02-10,1.1487,1.3636,115.84,1.2647,9.1924,0.923,,,,,,,
2022-02-11,1.1404,1.3601,115.91,1.2678,9.2583,0.9255,,,,,,,
2022-02-14,1.1306,1.3516,115.72,1.2732,9.3785,0.9265,,,,,,,
2022-02-15,1.1363,1.3539,115.64,1.2742,9.2674,0.9258,,,,,,,
2022-02-16,1.1381,1.3585,115.41,1.2687,9.274,0.9219,,,,,,,
2022-02-17,1.1364,1.3624,115.03,1.2696,9.33,0.9202,,,,,,,
2022-02-18,1.1327,1.3585,115.08,1.2748,9.3911,0.921,,,,,,,
2022-02-21,,,,,,,,,,,,,
2022-02-22,1.1342,1.3597,114.94,1.2736,9.3181,0.9204,,,,,,,
2022-02-23,1.1316,1.3555,115.12,1.2717,9.3662,0.9179,,,,,,,
2022-02-24,1.1154,1.336,115.45,1.284,9.5721,0.9266,,,,,,,
2022-02-25,1.1261,1.3407,115.62,1.274,9.4213,0.9274,,,,,,,
2022-02-28,1.1224,1.3419,115.11,1.2662,9.4481,0.9179,,,,,,,
2022-03-01,1.1103,1.3318,114.87,1.2709,9.6436,0.9186,-0.495434782608696,0.99,-0.049,0.566,-0.22491,-0.682174347826087,0.73
2022-03-02,1.1102,1.3365,115.59,1.2657,9.6836,0.9216,,,,,,,
2022-03-03,1.1053,1.3326,115.67,1.2675,9.7703,0.9204,,,,,,,
2022-03-04,1.0912,1.3214,114.65,1.276,9.8679,0.9183,,,,,,,
2022-03-07,1.086,1.3115,115.41,1.2772,10.0055,0.9267,,,,,,,
2022-03-08,1.0881,1.3101,115.64,1.2893,9.9601,0.9302,,,,,,,
2022-03-09,1.1069,1.316,115.87,1.2812,9.6751,0.9264,,,,,,,
2022-03-10,1.1007,1.3108,116.05,1.2772,9.6597,0.9294,,,,,,,
2022-03-11,1.0937,1.3063,117.08,1.2723,9.7179,0.9326,,,,,,,
2022-03-14,1.0979,1.3044,118.0,1.2774,9.5766,0.9358,,,,,,,
2022-03-15,1.0974,1.3065,118.19,1.2806,9.616,0.9415,,,,,,,
2022-03-16,1.0996,1.3096,118.48,1.2742,9.4655,0.9414,,,,,,,
2022-03-17,1.111,1.3159,118.45,1.2637,9.3951,0.9349,,,,,,,
2022-03-18,1.1044,1.3169,119.17,1.2633,9.4179,0.9337,,,,,,,
2022-03-21,1.1048,1.3201,119.15,1.258,9.4387,0.9303,,,,,,,
2022-03-22,1.1022,1.3258,120.66,1.2604,9.4184,0.9325,,,,,,,
2022-03-23,1.1001,1.3212,121.02,1.2555,9.4539,0.9318,,,,,,,
2022-03-24,1.1006,1.3183,122.08,1.2532,9.3974,0.9308,,,,,,,
2022-03-25,1.0985,1.3193,121.98,1.2512,9.4281,0.9308,,,,,,,
2022-03-28,1.0977,1.3091,123.25,1.255,9.5146,0.9344,,,,,,,
2022-03-29,1.1104,1.3125,122.61,1.2513,9.2926,0.9303,,,,,,,
2022-03-30,1.1163,1.3149,121.97,1.2495,9.2552,0.9233,,,,,,,
2022-03-31,1.1093,1.3152,121.44,1.2482,9.3469,0.9211,,,,,,,
2022-04-01,1.1043,1.3114,122.6,1.2507,9.3575,0.9256,-0.447894736842105,1.13,-0.049,1.0475,-0.098526,-0.6725,0.91
2022-04-04,1.0992,1.3116,122.7,1.2491,9.4092,0.9256,,,,,,,
2022-04-05,1.0921,1.3101,123.48,1.2452,9.4169,0.9292,,,,,,,
2022-04-06,1.0913,1.3082,123.7,1.2502,9.4151,0.9325,,,,,,,
2022-04-07,1.09,1.306,123.8,1.2592,9.4576,0.9332,,,,,,,
2022-04-08,1.0874,1.3032,124.31,1.2577,9.4339,0.9333,,,,,,,
2022-04-11,1.0875,1.3033,125.55,1.2622,9.4839,0.9308,,,,,,,
2022-04-12,1.0852,1.3031,125.25,1.2609,9.4866,0.9302,,,,,,,
2022-04-13,1.0874,1.3072,125.51,1.2595,9.4955,0.9335,,,,,,,
2022-04-14,1.0796,1.3052,125.92,1.2628,9.5322,0.9426,,,,,,,
2022-04-15,1.0812,1.3066,126.31,1.2613,9.5685,0.9431,,,,,,,
2022-04-18,1.0785,1.3019,126.77,1.262,9.5967,0.9441,,,,,,,
2022-04-19,1.0789,1.3009,128.55,1.2618,9.5659,0.9482,,,,,,,
2022-04-20,1.0857,1.3055,127.76,1.249,9.438,0.9469,,,,,,,
2022-04-21,1.0839,1.3042,128.62,1.2526,9.4918,0.9533,,,,,,,
2022-04-22,1.079,1.2848,128.78,1.2716,9.5434,0.9587,,,,,,,
2022-04-25,1.0703,1.2698,127.66,1.2775,9.7392,0.9585,,,,,,,
2022-04-26,1.0661,1.2617,127.37,1.2796,9.7993,0.961,,,,,,,
2022-04-27,1.0549,1.2547,128.44,1.283,9.849,0.9695,,,,,,,
2022-04-28,1.05,1.2443,130.94,1.2831,9.8478,0.9724,,,,,,,
2022-04-29,1.0537,1.2565,129.84,1.2802,9.8011,0.9723,,,,,,,
2022-05-01,,,,,,,-0.385727272727273,1.31,-0.049,1.3675,0.31314,-0.685,1.33
2022-05-02,1.0521,1.2523,130.18,1.2884,9.8905,0.977,,,,,,,
2022-05-03,1.0532,1.251,130.09,1.2837,9.8541,0.9785,,,,,,,
2022-05-04,1.0539,1.2487,129.97,1.2817,9.8618,0.9829,,,,,,,
2022-05-05,1.0507,1.2334,130.41,1.2849,9.9672,0.9874,,,,,,,
2022-05-06,1.0572,1.2344,130.35,1.289,9.9201,0.9858,,,,,,,
2022-05-09,1.0559,1.2335,130.37,1.2962,10.084,0.9927,,,,,,,
2022-05-10,1.0531,1.2313,130.21,1.303,10.0699,0.9949,,,,,,,
2022-05-11,1.0537,1.2317,130.2,1.2943,10.0144,0.9907,,,,,,,
2022-05-12,1.0376,1.2198,128.1,1.3055,10.145,1.0004,,,,,,,
2022-05-13,1.041,1.2242,129.23,1.2929,10.0575,1.0014,,,,,,,
2022-05-16,1.042,1.227,129.15,1.2883,10.0705,1.0028,,,,,,,
2022-05-17,1.0532,1.2468,129.31,1.2839,9.9248,0.9931,,,,,,,
2022-05-18,1.0494,1.2396,128.22,1.2838,10.003,0.9902,,,,,,,
2022-05-19,1.0587,1.2504,127.62,1.2821,9.9099,0.9729,,,,,,,
2022-05-20,1.0559,1.2492,127.86,1.2837,9.9506,0.9749,,,,,,,
2022-05-23,1.0668,1.2571,127.78,1.2784,9.8306,0.9664,,,,,,,
2022-05-24,1.0744,1.2544,126.56,1.284,9.7688,0.9597,,,,,,,
2022-05-25,1.0658,1.2539,127.31,1.2837,9.8867,0.9637,,,,,,,
2022-05-26,1.0725,1.2582,127.23,1.2788,9.8743,0.9595,,,,,,,
2022-05-27,1.0709,1.2613,127.14,1.274,9.836,0.9575,,,,,,,
2022-05-30,,,,,,,,,,,,,
2022-05-31,1.0731,1.2624,128.53,1.2639,9.7641,0.957,,,,,,,
2022-06-01,1.0646,1.2472,130.09,1.267,9.8602,0.9644,-0.239227272727273,1.57,0.005,1.834,0.5147,-0.508571428571429,1.87
2022-06-02,1.0733,1.2557,129.83,1.2587,9.7259,0.9592,,,,,,,
2022-06-03,1.0721,1.2496,130.71,1.2581,9.7769,0.9625,,,,,,,
2022-06-06,1.0699,1.2544,131.55,1.257,9.7797,0.969,,,,,,,
2022-06-07,1.0697,1.2594,132.53,1.255,9.7933,0.9731,,,,,,,
2022-06-08,1.074,1.2557,134.06,1.2524,9.7809,0.975,,,,,,,
2022-06-09,1.0656,1.2511,134.06,1.2651,9.8777,0.9778,,,,,,,
2022-06-10,1.0521,1.233,134.19,1.2782,10.017,0.9886,,,,,,,
2022-06-13,1.0436,1.217,134.12,1.2851,10.1753,0.9966,,,,,,,
2022-06-14,1.0416,1.2011,134.89,1.2933,10.1997,1.0016,,,,,,,
2022-06-15,1.0388,1.2057,134.5,1.297,10.2548,1.0021,,,,,,,
2022-06-16,1.0531,1.2341,131.65,1.2925,10.1781,0.9663,,,,,,,
2022-06-17,1.0473,1.2201,135.14,1.3054,10.2012,0.9717,,,,,,,
2022-06-20,,,,,,,,,,,,,
2022-06-21,1.0548,1.2277,136.25,1.2927,10.0844,0.966,,,,,,,
2022-06-22,1.0583,1.228,136.05,1.2932,10.0774,0.9615,,,,,,,
2022-06-23,1.0503,1.224,134.72,1.2979,10.194,0.9606,,,,,,,
2022-06-24,1.0539,1.2273,135.22,1.2919,10.1325,0.9569,,,,,,,
2022-06-27,1.0601,1.2305,135.26,1.287,10.0603,0.9551,,,,,,,
2022-06-28,1.0534,1.22,136.19,1.2882,10.1233,0.9563,,,,,,,
2022-06-29,1.0477,1.2151,136.5,1.2861,10.1998,0.9541,,,,,,,
2022-06-30,1.0469,1.2162,135.69,1.2871,10.24,0.955,,,,,,,
2022-07-01,1.0409,1.2048,135.09,1.2915,10.3358,0.9623,0.0366190476190476,1.84,-0.031,2.445,0.7801,-0.11,2.5
2022-07-04,,,,,,,,,,,,,
2022-07-05,1.0254,1.1932,135.72,1.3064,10.5264,0.969,,,,,,,
2022-07-06,1.0173,1.1907,135.66,1.3052,10.5621,0.9714,,,,,,,
2022-07-07,1.0159,1.1994,135.99,1.2988,10.5523,0.9734,,,,,,,
2022-07-08,1.0178,1.2036,136.16,1.2947,10.5523,0.9775,,,,,,,
2022-07-11,1.0088,1.1907,137.29,1.2979,10.5889,0.9794,,,,,,,
2022-07-12,1.0069,1.1905,136.68,1.3003,10.545,0.9812,,,,,,,
2022-07-13,1.0081,1.1919,137.34,1.2956,10.5139,0.9784,,,,,,,
2022-07-14,1.0028,1.1827,138.94,1.31,10.5677,0.9829,,,,,,,
2022-07-15,1.0089,1.1857,138.57,1.3041,10.4818,0.9776,,,,,,,
2022-07-18,1.016,1.1989,138.23,1.2919,10.3474,0.9764,,,,,,,
2022-07-19,1.0238,1.2022,137.94,1.2887,10.2143,0.9683,,,,,,,
2022-07-20,1.0217,1.1989,138.16,1.2875,10.2195,0.9721,,,,,,,
2022-07-21,1.0197,1.1968,137.94,1.2885,10.233,0.9693,,,,,,,
2022-07-22,1.0225,1.2019,136.12,1.2861,10.2069,0.9613,,,,,,,
2022-07-25,1.0211,1.2042,136.72,1.2845,10.1975,0.9651,,,,,,,
2022-07-26,1.0116,1.2036,136.62,1.2891,10.3258,0.9634,,,,,,,
2022-07-27,1.0108,1.2027,137.31,1.2881,10.3441,0.965,,,,,,,
2022-07-28,1.0163,1.2126,134.45,1.2835,10.247,0.9568,,,,,,,
2022-07-29,1.0202,1.2183,133.25,1.2801,10.1871,0.9513,,,,,,,
2022-08-01,1.027,1.2278,131.8,1.283,10.0995,0.9486,0.394739130434783,2.23,-0.02,2.908,1.13165,-0.0245454545454545,2.76
2022-08-02,1.0194,1.2218,132.32,1.2855,10.2032,0.9543,,,,,,,
2022-08-03,1.0146,1.2132,134.18,1.2869,10.2234,0.963,,,,,,,
2022-08-04,1.0221,1.2141,133.28,1.2852,10.1344,0.9565,,,,,,,
2022-08-05,1.017,1.2061,135.33,1.2942,10.1988,0.9635,,,,,,,
2022-08-08,1.0207,1.2098,134.73,1.2854,10.1527,0.9545,,,,,,,
2022-08-09,1.0226,1.2089,134.95,1.288,10.1606,0.9525,,,,,,,
2022-08-10,1.0337,1.2245,132.58,1.2773,10.0282,0.941,,,,,,,
2022-08-11,1.0338,1.223,132.66,1.2744,10.0363,0.9391,,,,,,,
2022-08-12,1.0257,1.2132,133.57,1.2783,10.1982,0.943,,,,,,,
2022-08-15,1.0186,1.209,133.13,1.2891,10.3055,0.9449,,,,,,,
2022-08-16,1.0174,1.209,134.38,1.2874,10.3475,0.9506,,,,,,,
2022-08-17,1.0164,1.203,135.4,1.2932,10.408,0.9537,,,,,,,
2022-08-18,1.0114,1.197,135.29,1.2945,10.4803,0.9546,,,,,,,
2022-08-19,1.0039,1.181,137.01,1.2994,10.5913,0.959,,,,,,,
2022-08-22,0.9936,1.1752,137.57,1.3038,10.7208,0.9652,,,,,,,
2022-08-23,0.9976,1.1844,136.36,1.2945,10.6062,0.9632,,,,,,,
2022-08-24,0.9967,1.1802,136.92,1.2969,10.605,0.9664,,,,,,,
2022-08-25,0.9959,1.1803,136.83,1.2944,10.5966,0.9648,,,,,,,
2022-08-26,0.9998,1.1778,137.07,1.3006,10.6126,0.9635,,,,,,,
2022-08-29,1.0,1.1718,138.74,1.3001,10.6644,0.9688,,,,,,,
2022-08-30,1.0018,1.1651,138.73,1.309,10.6714,0.9746,,,,,,,
2022-08-31,1.0065,1.1647,138.69,1.3091,10.6283,0.9748,,,,,,,
2022-09-01,0.995,1.1541,139.93,1.316,10.7993,0.9838,1.01086363636364,2.91,-0.016,3.42,1.50959,0.1475,3.21
2022-09-02,1.003,1.1582,140.03,1.3089,10.6995,0.9801,,,,,,,
2022-09-05,,,,,,,,,,,,,
2022-09-06,0.9914,1.1549,142.95,1.3122,10.7938,0.9839,,,,,,,
2022-09-07,0.9942,1.1473,144.39,1.3166,10.7604,0.9808,,,,,,,
2022-09-08,0.9956,1.1489,144.05,1.3118,10.7413,0.9726,,,,,,,
2022-09-09,1.0046,1.16,142.44,1.3036,10.6114,0.9604,,,,,,,
2022-09-12,1.0129,1.1701,142.41,1.2976,10.6147,0.9519,,,,,,,
2022-09-13,0.9997,1.1526,144.3,1.3123,10.6477,0.9608,,,,,,,
2022-09-14,0.9993,1.1564,142.93,1.3156,10.6881,0.9612,,,,,,,
2022-09-15,0.9991,1.1472,143.57,1.3204,10.7288,0.9607,,,,,,,
2022-09-16,1.0013,1.1419,143.04,1.3273,10.767,0.9647,,,,,,,
2022-09-19,1.0003,1.1403,143.34,1.3287,10.8157,0.9663,,,,,,,
2022-09-20,0.9994,1.1405,143.64,1.3339,10.867,0.9628,,,,,,,
2022-09-21,0.988,1.133,144.14,1.3397,11.0232,0.9652,,,,,,,
2022-09-22,0.9841,1.1269,142.16,1.3499,11.0671,0.9806,,,,,,,
2022-09-23,0.9719,1.0921,143.18,1.3581,11.2589,0.9816,,,,,,,
2022-09-26,0.9623,1.0703,144.45,1.3745,11.3341,0.9924,,,,,,,
2022-09-27,0.9616,1.0753,144.71,1.3738,11.342,0.9896,,,,,,,
2022-09-28,0.9681,1.0832,144.15,1.3648,11.2409,0.9756,,,,,,,
2022-09-29,0.9774,1.1048,144.45,1.37,11.1862,0.9798,,,,,,,
2022-09-30,0.9783,1.1134,144.71,1.3752,11.125,0.9845,,,,,,,
2022-10-01,,,,,,,1.42766666666667,3.39,-0.016,3.76,1.60286,0.52875,3.85
2022-10-03,0.9809,1.1272,144.5,1.3651,11.0297,0.9929,,,,,,,
2022-10-04,0.9977,1.1446,144.32,1.3551,10.8576,0.9806,,,,,,,
2022-10-05,0.9866,1.1275,144.73,1.3662,10.989,0.9838,,,,,,,
2022-10-06,0.9806,1.1133,144.94,1.3732,11.1095,0.9899,,,,,,,
2022-10-07,0.9785,1.1116,145.19,1.3692,11.1736,0.9914,,,,,,,
2022-10-10,,,,,,,,,,,,,
2022-10-11,0.9757,1.1168,145.55,1.3737,11.2669,0.994,,,,,,,
2022-10-12,0.9692,1.1096,146.87,1.3797,11.345,0.998,,,,,,,
2022-10-13,0.978,1.1344,147.15,1.3744,11.2468,0.9987,,,,,,,
2022-10-14,0.9739,1.1208,148.46,1.3873,11.3133,1.0049,,,,,,,
2022-10-17,0.9843,1.1427,148.71,1.3723,11.1437,0.9953,,,,,,,
2022-10-18,0.9842,1.1307,149.23,1.379,11.1197,0.9962,,,,,,,
2022-10-19,0.978,1.1232,149.77,1.3783,11.2058,1.0039,,,,,,,
2022-10-20,0.9823,1.1288,149.82,1.3715,11.2037,1.0003,,,,,,,
2022-10-21,0.9855,1.1292,146.35,1.3673,11.2125,0.9981,,,,,,,
2022-10-24,0.9874,1.1295,148.76,1.3704,11.1832,1.0007,,,,,,,
2022-10-25,0.9959,1.1469,147.85,1.3616,10.9841,0.9961,,,,,,,
2022-10-26,1.0068,1.1615,146.5,1.3551,10.8661,0.9865,,,,,,,
2022-10-27,0.9985,1.1574,146.02,1.3532,10.935,0.9899,,,,,,,
2022-10-28,0.9934,1.1573,147.68,1.3622,10.9896,0.9968,,,,,,,
2022-10-31,0.9885,1.1515,148.63,1.3639,11.0462,1.0006,,,,,,,
2022-11-01,0.9871,1.146,148.11,1.3639,11.0258,0.9995,1.82522727272727,3.52,-0.016,3.988,1.67914,0.54,4.46
2022-11-02,0.9875,1.1467,147.11,1.3628,11.0299,0.9988,,,,,,,
2022-11-03,0.9759,1.1183,148.18,1.3729,11.1845,1.0131,,,,,,,
2022-11-04,0.9895,1.1279,147.22,1.3528,11.1854,0.9981,,,,,,,
2022-11-07,0.9997,1.1463,146.64,1.3497,10.8605,0.9906,,,,,,,
2022-11-08,1.0089,1.1595,145.38,1.3389,10.7162,0.9842,,,,,,,
2022-11-09,1.0037,1.1396,146.15,1.3453,10.8391,0.9836,,,,,,,
2022-11-10,1.0176,1.1677,141.78,1.3362,10.6242,0.9672,,,,,,,
2022-11-11,,,,,,,,,,,,,
2022-11-14,1.0337,1.1728,140.43,1.3295,10.4862,0.9427,,,,,,,
2022-11-15,1.0372,1.189,139.36,1.328,10.4312,0.9444,,,,,,,
2022-11-16,1.0395,1.1889,139.59,1.3343,10.4763,0.9445,,,,,,,
2022-11-17,1.0341,1.1812,140.45,1.3343,10.6457,0.954,,,,,,,
2022-11-18,1.0349,1.1902,140.03,1.3379,10.6108,0.9522,,,,,,,
2022-11-21,1.0238,1.1785,141.95,1.3483,10.7235,0.9586,,,,,,,
2022-11-22,1.0276,1.188,141.29,1.3401,10.6718,0.9531,,,,,,,
2022-11-23,1.0364,1.204,139.76,1.3416,10.4909,0.9432,,,,,,,
2022-11-24,,,,,,,,,,,,,
2022-11-25,1.0402,1.2102,139.21,1.337,10.4153,0.9459,,,,,,,
2022-11-28,1.0386,1.2041,138.67,1.3433,10.4898,0.9463,,,,,,,
2022-11-29,1.0356,1.1996,138.28,1.3636,10.5554,0.9506,,,,,,,
2022-11-30,1.0323,1.1962,139.31,1.3538,10.6181,0.9486,,,,,,,
2022-12-01,1.0498,1.2252,135.55,1.3427,10.3419,0.9377,2.06347619047619,3.78,-0.015,4.1675,2.02062,0.736349047619048,4.51
2022-12-02,1.0521,1.2292,134.89,1.3448,10.3455,0.9369,,,,,,,
2022-12-05,1.0494,1.2169,136.55,1.3571,10.4059,0.9421,,,,,,,
2022-12-06,1.0497,1.2202,136.67,1.3652,10.3983,0.9406,,,,,,,
2022-12-07,1.0505,1.2194,136.57,1.364,10.3778,0.9401,,,,,,,
2022-12-08,1.0552,1.2235,136.45,1.3574,10.3435,0.9358,,,,,,,
2022-12-09,1.055,1.2311,136.4,1.3604,10.2983,0.932,,,,,,,
2022-12-12,1.0545,1.2285,137.47,1.3654,10.3183,0.9356,,,,,,,
2022-12-13,1.063,1.2375,135.14,1.353,10.2125,0.9268,,,,,,,
2022-12-14,1.0655,1.2408,134.95,1.3567,10.1923,0.9238,,,,,,,
2022-12-15,1.0638,1.2206,137.92,1.3649,10.3208,0.9288,,,,,,,
2022-12-16,1.061,1.2168,136.55,1.369,10.3885,0.9324,,,,,,,
2022-12-19,1.0624,1.218,136.87,1.3638,10.3728,0.9303,,,,,,,
2022-12-20,1.0635,1.2146,131.08,1.3618,10.4182,0.9259,,,,,,,
2022-12-21,1.0599,1.2072,132.36,1.3622,10.4287,0.9277,,,,,,,
2022-12-22,1.0588,1.2032,132.34,1.3653,10.4728,0.931,,,,,,,
2022-12-23,1.0621,1.2054,132.78,1.3587,10.5236,0.9335,,,,,,,
2022-12-26,,,,,,,,,,,,,
2022-12-27,1.0654,1.2032,133.43,1.3504,10.4486,0.9285,,,,,,,
2022-12-28,1.0622,1.2034,134.27,1.3588,10.4638,0.9275,,,,,,,
2022-12-29,1.0668,1.206,133.16,1.3546,10.4492,0.9233,,,,,,,
2022-12-30,1.0698,1.2077,131.81,1.3532,10.4167,0.9241,,,,,,,
2023-01-01,,,,,,,2.34486363636364,4.01,-0.006,4.325,2.65695,0.986904761904762,4.61
2023-01-02,,,,,,,,,,,,,
2023-01-03,1.0559,1.197,130.83,1.3664,10.5603,0.9368,,,,,,,
2023-01-04,1.062,1.2063,132.0,1.3492,10.489,0.9271,,,,,,,
2023-01-05,1.0522,1.1902,133.57,1.3579,10.6977,0.9364,,,,,,,
2023-01-06,1.0619,1.2064,132.21,1.3452,10.5487,0.9293,,,,,,,
2023-01-09,1.0759,1.2206,131.58,1.3372,10.3592,0.918,,,,,,,
2023-01-10,1.0737,1.2155,132.25,1.3433,10.435,0.9225,,,,,,,
2023-01-11,1.074,1.2125,132.58,1.3422,10.4843,0.9299,,,,,,,
2023-01-12,1.0823,1.2182,129.75,1.338,10.4508,0.9288,,,,,,,
2023-01-13,1.0811,1.2194,127.85,1.3413,10.4099,0.9284,,,,,,,
2023-01-16,,,,,,,,,,,,,
2023-01-17,1.0793,1.2264,128.18,1.338,10.4035,0.9215,,,,,,,
2023-01-18,1.0827,1.2369,128.45,1.3436,10.2991,0.914,,,,,,,
2023-01-19,1.081,1.2366,128.48,1.3494,10.3498,0.9162,,,,,,,
2023-01-20,1.0831,1.2374,129.97,1.3416,10.3071,0.9221,,,,,,,
2023-01-23,1.0865,1.237,130.69,1.3384,10.2387,0.9231,,,,,,,
2023-01-24,1.0873,1.2323,130.07,1.3369,10.2091,0.923,,,,,,,
2023-01-25,1.0901,1.2374,129.64,1.3413,10.2404,0.9199,,,,,,,
2023-01-26,1.0866,1.237,130.4,1.3348,10.3014,0.921,,,,,,,
2023-01-27,1.0857,1.2379,129.94,1.3314,10.3183,0.9218,,,,,,,
2023-01-30,1.0867,1.2373,130.34,1.335,10.3816,0.9231,,,,,,,
2023-01-31,1.0858,1.2324,130.17,1.3333,10.4656,0.9186,,,,,,,
2023-02-01,1.0917,1.2308,129.27,1.3335,10.4293,0.9147,2.64035,4.21,0.001,4.45,3.0353,1.0,4.74
2023-02-02,1.0918,1.226,128.45,1.3317,10.356,0.912,,,,,,,
2023-02-03,1.0825,1.2073,131.07,1.3395,10.5166,0.925,,,,,,,
2023-02-06,1.0722,1.2009,132.76,1.3442,10.651,0.9278,,,,,,,
2023-02-07,1.0705,1.2013,131.37,1.344,10.6079,0.9239,,,,,,,
2023-02-08,1.0734,1.2093,131.27,1.343,10.582,0.9198,,,,,,,
2023-02-09,1.0761,1.2157,130.98,1.3428,10.3218,0.9192,,,,,,,
2023-02-10,1.067,1.2061,131.5,1.3363,10.4607,0.9246,,,,,,,
2023-02-13,1.0718,1.2136,132.71,1.3348,10.3819,0.9207,,,,,,,
2023-02-14,1.0722,1.2157,133.05,1.3367,10.3782,0.9224,,,,,,,
2023-02-15,1.0683,1.2031,134.22,1.3401,10.4304,0.9238,,,,,,,
2023-02-16,1.0684,1.2018,133.95,1.3451,10.4306,0.9245,,,,,,,
2023-02-17,1.0678,1.2012,134.21,1.3487,10.4656,0.9266,,,,,,,
2023-02-20,,,,,,,,,,,,,
2023-02-21,1.0657,1.2111,134.87,1.3515,10.3432,0.9267,,,,,,,
2023-02-22,1.0623,1.2064,134.77,1.354,10.4026,0.9297,,,,,,,
2023-02-23,1.0583,1.2016,134.8,1.3567,10.4476,0.9343,,,,,,,
2023-02-24,1.0545,1.1948,136.36,1.3618,10.4833,0.94,,,,,,,
2023-02-27,1.0596,1.2036,136.18,1.3574,10.4118,0.9375,,,,,,,
2023-02-28,1.0602,1.2093,136.09,1.3616,10.4346,0.9376,,,,,,,
2023-03-01,1.0674,1.2034,135.82,1.3597,10.4252,0.9387,2.9105652173913095,4.33,-0.008,4.388,3.24887,1.36382260869565,4.91
2023-03-02,1.0595,1.1942,136.84,1.3616,10.5063,0.942,,,,,,,
2023-03-03,1.0616,1.1996,136.09,1.3609,10.4853,0.9381,,,,,,,
2023-03-06,1.0694,1.2048,135.93,1.3606,10.4395,0.9308,,,,,,,
2023-03-07,1.0573,1.1857,136.9,1.3736,10.6996,0.9413,,,,,,,
2023-03-08,1.0549,1.1837,137.18,1.3784,10.7088,0.9395,,,,,,,
2023-03-09,1.0577,1.1922,136.41,1.3777,10.7029,0.9363,,,,,,,
2023-03-10,1.0659,1.2043,135.05,1.3804,10.6653,0.9213,,,,,,,
2023-03-13,1.0733,1.216,133.13,1.3687,10.5824,0.9118,,,,,,,
2023-03-14,1.0722,1.2146,134.33,1.3676,10.4788,0.9137,,,,,,,
2023-03-15,1.0535,1.2032,132.81,1.3799,10.6355,0.9243,,,,,,,
2023-03-16,1.0622,1.2111,133.01,1.3761,10.5073,0.9299,,,,,,,
2023-03-17,1.0647,1.2141,132.01,1.3753,10.4966,0.9284,,,,,,,
2023-03-20,1.0722,1.2257,131.59,1.3686,10.3763,0.9267,,,,,,,
2023-03-21,1.0769,1.2195,132.27,1.3732,10.3469,0.9238,,,,,,,
2023-03-22,1.0792,1.2232,132.67,1.3722,10.3496,0.9237,,,,,,,
2023-03-23,1.089,1.2322,130.99,1.3658,10.2578,0.9145,,,,,,,
2023-03-24,1.0762,1.2225,130.64,1.3763,10.431,0.9181,,,,,,,
2023-03-27,1.0789,1.2278,131.49,1.3686,10.392,0.9163,,,,,,,
2023-03-28,1.0844,1.2341,130.97,1.3615,10.3416,0.9198,,,,,,,
2023-03-29,1.0826,1.2313,132.69,1.3575,10.4126,0.9195,,,,,,,
2023-03-30,1.0899,1.2368,132.71,1.3536,10.3678,0.914,,,,,,,
2023-03-31,1.0872,1.2369,132.75,1.3525,10.3463,0.9129,,,,,,,
2023-04-01,,,,,,,3.167,4.52,-0.001,4.3675,3.41356,1.45,5.03
2023-04-03,1.0891,1.2403,132.35,1.3435,10.3808,0.913,,,,,,,
2023-04-04,1.0951,1.2498,131.6,1.3454,10.2847,0.9071,,,,,,,
2023-04-05,1.0918,1.2469,131.11,1.3453,10.3858,0.905,,,,,,,
2023-04-06,1.0927,1.2456,131.67,1.3472,10.4192,0.904,,,,,,,
2023-04-07,1.0913,1.2422,132.11,1.3513,10.4205,0.9049,,,,,,,
2023-04-10,1.084,1.2358,133.75,1.3534,10.5569,0.9112,,,,,,,
2023-04-11,1.0906,1.2409,133.63,1.348,10.4657,0.904,,,,,,,
2023-04-12,1.0987,1.2471,133.25,1.345,10.3359,0.8968,,,,,,,
2023-04-13,1.1054,1.2531,132.37,1.3344,10.2609,0.8874,,,,,,,
2023-04-14,1.098,1.2417,133.74,1.3379,10.3348,0.8955,,,,,,,
2023-04-17,1.0915,1.2359,134.51,1.3403,10.3748,0.8994,,,,,,,
2023-04-18,1.0958,1.2419,134.11,1.3391,10.3199,0.898,,,,,,,
2023-04-19,1.0953,1.2442,134.79,1.3454,10.3426,0.8984,,,,,,,
2023-04-20,1.097,1.2448,134.1,1.3459,10.3105,0.8944,,,,,,,
2023-04-21,1.0973,1.2419,134.28,1.3534,10.311,0.8926,,,,,,,
2023-04-24,1.1027,1.2457,134.41,1.3543,10.2751,0.8887,,,,,,,
2023-04-25,1.0968,1.2398,133.96,1.3627,10.3186,0.8925,,,,,,,
2023-04-26,1.1052,1.2486,133.72,1.3601,10.3153,0.8901,,,,,,,
2023-04-27,1.1017,1.2471,134.04,1.3611,10.3082,0.8957,,,,,,,
2023-04-28,1.104,1.2582,135.99,1.3552,10.246,0.8911,,,,,,,
2023-05-01,1.097,1.2495,137.35,1.3541,10.3295,0.8961,3.3664347826087,4.73,-0.019,4.478,3.50124,1.45,5.15
2023-05-02,1.0997,1.2475,136.46,1.3627,10.3093,0.8931,,,,,,,
2023-05-03,1.1049,1.2547,135.31,1.361,10.2467,0.8871,,,,,,,
2023-05-04,1.1009,1.258,133.76,1.357,10.2605,0.8861,,,,,,,
2023-05-05,1.1026,1.265,134.85,1.3419,10.1593,0.8913,,,,,,,
2023-05-08,1.102,1.2633,134.83,1.3356,10.141,0.8894,,,,,,,
2023-05-09,1.0953,1.2618,135.15,1.3399,10.1975,0.8916,,,,,,,
2023-05-10,1.0966,1.2614,134.52,1.3374,10.2321,0.8911,,,,,,,
2023-05-11,1.0916,1.2501,134.46,1.3487,10.3364,0.8953,,,,,,,
2023-05-12,1.0856,1.2464,135.63,1.354,10.3826,0.8971,,,,,,,
2023-05-15,1.0874,1.2526,136.07,1.3482,10.3516,0.8949,,,,,,,
2023-05-16,1.0866,1.2494,136.62,1.3456,10.4113,0.8965,,,,,,,
2023-05-17,1.083,1.2475,137.51,1.3483,10.4576,0.8992,,,,,,,
2023-05-18,1.0776,1.2424,138.5,1.3502,10.5732,0.9046,,,,,,,
2023-05-19,1.0819,1.2464,137.67,1.3508,10.5107,0.8989,,,,,,,
2023-05-22,1.0806,1.2425,138.65,1.3508,10.5608,0.8991,,,,,,,
2023-05-23,1.0771,1.2423,138.74,1.3485,10.631,0.9014,,,,,,,
2023-05-24,1.0758,1.2368,139.14,1.3589,10.7186,0.9058,,,,,,,
2023-05-25,1.0725,1.2325,139.81,1.3636,10.8258,0.906,,,,,,,
2023-05-26,1.0713,1.2342,140.53,1.3625,10.8107,0.906,,,,,,,
2023-05-29,,,,,,,,,,,,,
2023-05-30,1.0722,1.2403,139.83,1.3593,10.8767,0.9048,,,,,,,
2023-05-31,1.0654,1.2396,139.78,1.3588,10.8921,0.9129,,,,,,,
2023-06-01,1.0752,1.2536,138.74,1.3441,10.8182,0.9077,3.53586363636364,5.09,-0.003,4.8325,3.5381,1.59045454545455,5.22
2023-06-02,1.0724,1.2468,139.76,1.3438,10.7896,0.9075,,,,,,,
2023-06-05,1.0721,1.244,139.64,1.3419,10.8502,0.9058,,,,,,,
2023-06-06,1.0695,1.2418,139.67,1.3403,10.903,0.9076,,,,,,,
2023-06-07,1.0702,1.2451,139.98,1.3363,10.889,0.9089,,,,,,,
2023-06-08,1.078,1.2547,138.83,1.338,10.8084,0.9003,,,,,,,
2023-06-09,1.0749,1.2579,139.35,1.3342,10.8247,0.9026,,,,,,,
2023-06-12,1.0747,1.2489,139.72,1.3377,10.8244,0.9099,,,,,,,
2023-06-13,1.0792,1.2611,140.0,1.3298,10.7179,0.9053,,,,,,,
2023-06-14,1.0859,1.2696,139.33,1.3283,10.6586,0.8972,,,,,,,
2023-06-15,1.0933,1.2762,140.49,1.3237,10.6026,0.8927,,,,,,,
2023-06-16,1.0925,1.2815,141.82,1.3194,10.6508,0.8943,,,,,,,
2023-06-19,,,,,,,,,,,,,
2023-06-20,1.09,1.2732,141.46,1.3246,10.8246,0.8993,,,,,,,
2023-06-21,1.0951,1.2737,142.09,1.3179,10.6927,0.895,,,,,,,
2023-06-22,1.0953,1.275,142.89,1.3164,10.6975,0.8967,,,,,,,
2023-06-23,1.0887,1.2701,143.78,1.3196,10.7429,0.8979,,,,,,,
2023-06-26,1.091,1.2724,143.55,1.3145,10.7107,0.8946,,,,,,,
2023-06-27,1.0961,1.2752,144.0,1.3175,10.7064,0.8941,,,,,,,
2023-06-28,1.0904,1.2637,144.23,1.3249,10.8036,0.8975,,,,,,,
2023-06-29,1.0881,1.2617,144.72,1.3246,10.8524,0.8984,,,,,,,
2023-06-30,1.092,1.2709,144.47,1.3232,10.7822,0.8947,,,,,,,
2023-07-01,,,,,,,3.67180952380952,5.49,-0.003,4.935,3.70871,1.72,5.35
2023-07-03,1.0919,1.2695,144.5,1.3243,10.825,0.8956,,,,,,,
2023-07-04,,,,,,,,,,,,,
2023-07-05,1.0868,1.271,144.56,1.3271,10.892,0.898,,,,,,,
2023-07-06,1.0873,1.2721,144.09,1.3353,10.9585,0.8965,,,,,,,
2023-07-07,1.0964,1.2838,142.21,1.3284,10.8287,0.8887,,,,,,,
2023-07-10,1.0991,1.2837,141.56,1.3281,10.7937,0.8869,,,,,,,
2023-07-11,1.0992,1.2901,140.51,1.3249,10.6731,0.8805,,,,,,,
2023-07-12,1.1123,1.2993,138.21,1.3179,10.4025,0.8676,,,,,,,
2023-07-13,1.1194,1.3097,138.14,1.3126,10.215,0.8595,,,,,,,
2023-07-14,1.1237,1.3113,138.74,1.3204,10.2318,0.8616,,,,,,,
2023-07-17,1.1236,1.3078,138.92,1.3173,10.2514,0.8602,,,,,,,
2023-07-18,1.1223,1.3054,138.94,1.3175,10.2177,0.8582,,,,,,,
2023-07-19,1.1195,1.2898,139.76,1.3158,10.2759,0.8598,,,,,,,
2023-07-20,1.1135,1.2849,140.39,1.3182,10.3482,0.8671,,,,,,,
2023-07-21,1.112,1.2854,141.75,1.3217,10.3944,0.8658,,,,,,,
2023-07-24,1.1083,1.2828,141.19,1.3154,10.408,0.8664,,,,,,,
2023-07-25,1.105,1.2876,140.91,1.3179,10.3819,0.8644,,,,,,,
2023-07-26,1.1078,1.293,140.41,1.3218,10.4327,0.8625,,,,,,,
2023-07-27,1.0998,1.287,141.03,1.3194,10.46,0.8686,,,,,,,
2023-07-28,1.1039,1.287,140.72,1.3225,10.5148,0.8687,,,,,,,
2023-07-31,1.102,1.2857,142.18,1.316,10.4989,0.8688,,,,,,,
2023-08-01,1.0971,1.275,143.34,1.3289,10.6153,0.8763,3.78030434782609,5.53,-0.003,5.054,3.79361,1.76727272727273,5.44
2023-08-02,1.0939,1.2712,143.21,1.3334,10.7352,0.8779,,,,,,,
2023-08-03,1.0947,1.2709,142.42,1.334,10.7068,0.8742,,,,,,,
2023-08-04,1.1036,1.2775,141.79,1.3337,10.5536,0.8713,,,,,,,
2023-08-07,1.1,1.2769,142.45,1.3372,10.5972,0.8742,,,,,,,
2023-08-08,1.0951,1.2729,143.17,1.3454,10.726,0.8757,,,,,,,
2023-08-09,1.0975,1.2715,143.58,1.3442,10.6964,0.877,,,,,,,
2023-08-10,1.1016,1.2726,144.4,1.3401,10.6357,0.8736,,,,,,,
2023-08-11,1.0957,1.2694,144.94,1.3437,10.8329,0.8765,,,,,,,
2023-08-14,1.0922,1.2691,145.3,1.3451,10.8015,0.8775,,,,,,,
2023-08-15,1.0928,1.2745,145.4,1.3472,10.8374,0.8769,,,,,,,
2023-08-16,1.0904,1.2749,145.81,1.3516,10.88,0.8786,,,,,,,
2023-08-17,1.0874,1.2753,146.16,1.3522,10.9085,0.8792,,,,,,,
2023-08-18,1.0875,1.2738,145.15,1.3557,10.9613,0.8817,,,,,,,
2023-08-21,1.0888,1.2737,146.26,1.3563,10.9704,0.8799,,,,,,,
2023-08-22,1.0846,1.2733,145.79,1.3547,10.9436,0.88,,,,,,,
2023-08-23,1.0862,1.2715,144.62,1.3542,10.9212,0.8785,,,,,,,
2023-08-24,1.0826,1.2634,145.75,1.3562,10.9934,0.8825,,,,,,,
2023-08-25,1.0787,1.257,146.38,1.3626,11.0669,0.886,,,,,,,
2023-08-28,1.081,1.2592,146.4,1.3596,10.9983,0.8832,,,,,,,
2023-08-29,1.0851,1.2614,146.01,1.3589,10.9186,0.8798,,,,,,,
2023-08-30,1.0926,1.2726,145.94,1.3515,10.8163,0.8772,,,,,,,
2023-08-31,1.0839,1.2667,145.68,1.3539,10.9523,0.8837,,,,,,,
2023-09-01,1.0787,1.2594,146.2,1.3582,11.0474,0.8857,3.88004761904762,5.52,0.024,5.0375,3.82667,1.77,5.49
2023-09-04,,,,,,,,,,,,,
2023-09-05,1.0727,1.2583,147.63,1.3607,11.0926,0.8888,,,,,,,
2023-09-06,1.0714,1.2498,147.65,1.3655,11.1252,0.8924,,,,,,,
2023-09-07,1.0704,1.2485,147.13,1.3678,11.13,0.8927,,,,,,,
2023-09-08,1.0709,1.2476,147.7,1.3621,11.1088,0.8927,,,,,,,
2023-09-11,1.0744,1.2529,146.46,1.3581,11.0717,0.891,,,,,,,
2023-09-12,1.0726,1.2477,147.12,1.3553,11.1053,0.8913,,,,,,,
2023-09-13,1.0737,1.2488,147.45,1.3533,11.1188,0.8925,,,,,,,
2023-09-14,1.066,1.241,147.17,1.3513,11.1695,0.8949,,,,,,,
2023-09-15,1.0673,1.2392,147.83,1.3504,11.1561,0.896,,,,,,,
2023-09-18,1.0695,1.2403,147.63,1.3482,11.1553,0.8964,,,,,,,
2023-09-19,1.0684,1.2393,147.8,1.3431,11.1497,0.8979,,,,,,,
2023-09-20,1.0715,1.2389,147.74,1.3424,11.0621,0.8953,,,,,,,
2023-09-21,1.0664,1.2299,147.42,1.3484,11.1692,0.9033,,,,,,,
2023-09-22,1.066,1.2257,148.24,1.3467,11.1132,0.9064,,,,,,,
2023-09-25,1.0591,1.2218,148.74,1.3473,11.0506,0.912,,,,,,,
2023-09-26,1.0573,1.2168,148.9,1.3509,11.0262,0.9144,,,,,,,
2023-09-27,1.051,1.2133,149.48,1.3512,11.0391,0.9198,,,,,,,
2023-09-28,1.0578,1.2223,149.18,1.3474,10.9116,0.915,,,,,,,
2023-09-29,1.0584,1.2214,149.43,1.3535,10.8936,0.9141,,,,,,,
2023-10-01,,,,,,,3.96763636363636,5.4,-0.012,5.08,3.95627,1.77,5.46
2023-10-02,1.05,1.213,149.8,1.3666,11.0225,0.9176,,,,,,,
2023-10-03,1.0453,1.2069,149.16,1.372,11.1291,0.9226,,,,,,,
2023-10-04,1.0518,1.2157,148.83,1.3739,11.0579,0.916,,,,,,,
2023-10-05,1.0527,1.2171,148.49,1.3736,11.0267,0.9141,,,,,,,
2023-10-06,1.0596,1.2255,149.08,1.3657,10.9401,0.9082,,,,,,,
2023-10-09,,,,,,,,,,,,,
2023-10-10,1.0618,1.2288,148.62,1.3579,10.8589,0.9039,,,,,,,
2023-10-11,1.062,1.2304,149.17,1.3617,10.8987,0.9025,,,,,,,
2023-10-12,1.0553,1.2214,149.71,1.3656,10.9661,0.9064,,,,,,,
2023-10-13,1.0502,1.2139,149.62,1.365,11.0284,0.9018,,,,,,,
2023-10-16,1.0546,1.2198,149.57,1.3615,10.9307,0.9007,,,,,,,
2023-10-17,1.0593,1.2206,149.71,1.3622,10.8881,0.8995,,,,,,,
2023-10-18,1.0532,1.215,149.86,1.3696,11.0308,0.8985,,,,,,,
2023-10-19,1.057,1.2145,149.92,1.3716,10.9694,0.8956,,,,,,,
2023-10-20,1.0592,1.2153,149.85,1.3692,10.9656,0.8918,,,,,,,
2023-10-23,1.0646,1.2235,149.78,1.3676,10.9841,0.8919,,,,,,,
2023-10-24,1.0595,1.217,149.84,1.3744,11.1072,0.8935,,,,,,,
2023-10-25,1.0583,1.214,149.94,1.3772,11.1065,0.8951,,,,,,,
2023-10-26,1.0532,1.2113,150.44,1.383,11.1884,0.8995,,,,,,,
2023-10-27,1.0592,1.2151,149.6,1.3866,11.1296,0.9021,,,,,,,
2023-10-30,1.062,1.2157,149.01,1.3829,11.1386,0.9017,,,,,,,
2023-10-31,1.0568,1.2135,151.46,1.3878,11.1759,0.91,,,,,,,
2023-11-01,1.0538,1.2127,150.96,1.3879,11.224,0.9103,3.97163636363636,5.36,0.024,4.996,4.10186,1.73181818181818,5.41
2023-11-02,1.0618,1.2175,150.48,1.3788,11.1318,0.9061,,,,,,,
2023-11-03,1.0733,1.2374,149.36,1.3671,10.9064,0.8984,,,,,,,
2023-11-06,1.0747,1.2391,149.77,1.3662,10.8827,0.8969,,,,,,,
2023-11-07,1.0687,1.2296,150.47,1.3769,10.9362,0.9005,,,,,,,
2023-11-08,1.0715,1.2301,150.77,1.3798,10.8782,0.898,,,,,,,
2023-11-09,1.071,1.2279,151.04,1.3766,10.8488,0.8996,,,,,,,
2023-11-10,,,,,,,,,,,,,
2023-11-13,1.07,1.2268,151.56,1.3781,10.8347,0.9014,,,,,,,
2023-11-14,1.0861,1.2483,150.75,1.3711,10.6129,0.8905,,,,,,,
2023-11-15,1.0853,1.2431,151.07,1.3665,10.5247,0.8872,,,,,,,
2023-11-16,1.0851,1.2423,150.59,1.3774,10.6114,0.8882,,,,,,,
2023-11-17,1.0879,1.243,149.82,1.374,10.5562,0.887,,,,,,,
2023-11-20,1.0945,1.2505,148.26,1.372,10.4518,0.8841,,,,,,,
2023-11-21,1.0923,1.254,147.88,1.369,10.4492,0.8831,,,,,,,
2023-11-22,1.0871,1.2468,149.67,1.3733,10.5111,0.8853,,,,,,,
2023-11-23,,,,,,,,,,,,,
2023-11-24,1.0934,1.2601,149.57,1.3608,10.4512,0.8818,,,,,,,
2023-11-27,1.0937,1.2613,148.89,1.3633,10.447,0.8811,,,,,,,
2023-11-28,1.1007,1.2713,147.41,1.3562,10.3235,0.8763,,,,,,,
2023-11-29,1.0969,1.269,147.39,1.3596,10.367,0.8752,,,,,,,
2023-11-30,1.0908,1.264,147.87,1.3587,10.4386,0.8725,,,,,,,
2023-12-01,1.0878,1.2682,147.0,1.3495,10.3749,0.8706,3.93309523809524,5.22,0.052,4.9475,4.02842,1.6525,5.32
2023-12-04,1.0824,1.2633,147.15,1.3537,10.4506,0.873,,,,,,,
2023-12-05,1.0787,1.259,147.26,1.3577,10.4975,0.876,,,,,,,
2023-12-06,1.079,1.2589,147.16,1.358,10.4472,0.8741,,,,,,,
2023-12-07,1.0794,1.2582,144.1,1.3594,10.3998,0.8758,,,,,,,
2023-12-08,1.0746,1.2539,144.88,1.3595,10.4897,0.881,,,,,,,
2023-12-11,1.0747,1.255,146.41,1.3568,10.5039,0.8795,,,,,,,
2023-12-12,1.079,1.2549,145.45,1.3611,10.4544,0.8757,,,,,,,
2023-12-13,1.0793,1.2527,145.17,1.357,10.4443,0.8761,,,,,,,
2023-12-14,1.0997,1.2767,141.53,1.3404,10.2029,0.8639,,,,,,,
2023-12-15,1.0906,1.2709,141.8,1.3374,10.2539,0.8688,,,,,,,
2023-12-18,1.092,1.2632,143.04,1.3391,10.2216,0.8682,,,,,,,
2023-12-19,1.0977,1.2751,143.62,1.334,10.1649,0.8609,,,,,,,
2023-12-20,1.0957,1.266,143.77,1.3322,10.1464,0.8615,,,,,,,
2023-12-21,1.099,1.2668,142.16,1.3294,10.1015,0.8577,,,,,,,
2023-12-22,1.1008,1.272,142.6,1.3259,10.0149,0.8564,,,,,,,
2023-12-25,,,,,,,,,,,,,
2023-12-26,1.1035,1.2709,142.48,1.3208,10.0285,0.8552,,,,,,,
2023-12-27,1.1114,1.2797,142.05,1.3201,9.9291,0.8417,,,,,,,
2023-12-28,1.1073,1.2743,141.08,1.3202,9.9748,0.8396,,,,,,,
2023-12-29,1.1062,1.2743,140.92,1.3202,10.0506,0.8405,,,,,,,
2024-01-01,,,,,,,3.9252727272727297,5.2,0.025,4.948,3.97095,1.6852380952381,5.26
2024-01-02,1.0957,1.2632,141.89,1.331,10.1963,0.8483,,,,,,,
2024-01-03,1.0909,1.2641,143.55,1.3358,10.3025,0.8523,,,,,,,
2024-01-04,1.0957,1.2692,144.59,1.3355,10.2089,0.8503,,,,,,,
2024-01-05,1.0957,1.274,144.52,1.3331,10.237,0.8486,,,,,,,
2024-01-08,1.0976,1.2766,143.89,1.3361,10.2199,0.8466,,,,,,,
2024-01-09,1.0935,1.272,144.35,1.3384,10.2473,0.8515,,,,,,,
2024-01-10,1.096,1.273,145.68,1.3379,10.2338,0.8514,,,,,,,
2024-01-11,1.0943,1.2712,146.03,1.3439,10.3012,0.8556,,,,,,,
2024-01-12,1.0959,1.2746,144.86,1.3399,10.2769,0.8523,,,,,,,
2024-01-15,,,,,,,,,,,,,
2024-01-16,1.0882,1.2657,147.01,1.3472,10.4211,0.8604,,,,,,,
2024-01-17,1.0858,1.2666,148.39,1.3523,10.4769,0.8667,,,,,,,
2024-01-18,1.0863,1.2687,148.15,1.3503,10.4924,0.8685,,,,,,,
2024-01-19,1.0887,1.2677,148.21,1.3467,10.4721,0.8694,,,,,,,
2024-01-22,1.0895,1.2728,147.95,1.3454,10.4395,0.8686,,,,,,,
2024-01-23,1.0829,1.2661,148.55,1.3486,10.502,0.8718,,,,,,,
2024-01-24,1.0901,1.2754,147.31,1.3479,10.4145,0.8631,,,,,,,
2024-01-25,1.0837,1.27,147.69,1.3489,10.4485,0.8674,,,,,,,
2024-01-26,1.0866,1.272,147.94,1.3456,10.4253,0.8635,,,,,,,
2024-01-29,1.0807,1.2681,147.65,1.3439,10.4746,0.864,,,,,,,
2024-01-30,1.0844,1.2683,147.71,1.3409,10.4075,0.8624,,,,,,,
2024-01-31,1.0855,1.2733,146.26,1.3384,10.3475,0.8587,,,,,,,
2024-02-01,1.0865,1.2727,146.18,1.338,10.3899,0.8579,3.92319047619048,5.21,0.027,4.935,4.04338,1.7,5.22
2024-02-02,1.0787,1.2627,148.54,1.3458,10.495,0.8676,,,,,,,
2024-02-05,1.0736,1.2532,148.79,1.3533,10.6173,0.8711,,,,,,,
2024-02-06,1.0751,1.2589,148.03,1.3499,10.5323,0.8702,,,,,,,
2024-02-07,1.0769,1.2629,148.04,1.347,10.4699,0.8731,,,,,,,
2024-02-08,1.0774,1.262,149.25,1.3463,10.4771,0.8736,,,,,,,
2024-02-09,1.0782,1.2628,149.38,1.3478,10.4703,0.875,,,,,,,
2024-02-12,1.0774,1.2631,149.37,1.3437,10.4173,0.8759,,,,,,,
2024-02-13,1.072,1.2606,150.72,1.3563,10.5712,0.8863,,,,,,,
2024-02-14,1.0735,1.2562,150.5,1.355,10.5249,0.8852,,,,,,,
2024-02-15,1.0761,1.258,150.19,1.3493,10.4647,0.8808,,,,,,,
2024-02-16,1.0769,1.259,150.34,1.3483,10.4505,0.8813,,,,,,,
2024-02-19,,,,,,,,,,,,,
2024-02-20,1.0814,1.2645,149.87,1.3517,10.3512,0.8807,,,,,,,
2024-02-21,1.0818,1.2624,150.29,1.3504,10.3701,0.8799,,,,,,,
2024-02-22,1.0815,1.2649,150.62,1.3496,10.3371,0.8816,,,,,,,
2024-02-23,1.0828,1.2678,150.36,1.3502,10.3143,0.8804,,,,,,,
2024-02-26,1.0855,1.2681,150.79,1.3513,10.2837,0.8801,,,,,,,
2024-02-27,1.0857,1.2693,150.46,1.3522,10.2961,0.8792,,,,,,,
2024-02-28,1.0843,1.267,150.68,1.357,10.3329,0.8786,,,,,,,
2024-02-29,1.0807,1.2632,149.9,1.3568,10.3652,0.8833,,,,,,,
2024-03-01,1.0832,1.2652,150.2,1.3553,10.3226,0.8844,3.9223809523809514,5.2,0.109,4.905,4.0525,1.5,5.29
2024-03-04,1.0862,1.2701,150.44,1.3563,10.3494,0.8841,,,,,,,
2024-03-05,1.0861,1.2712,150.14,1.3579,10.3709,0.8837,,,,,,,
2024-03-06,1.0913,1.2757,149.17,1.3509,10.271,0.8812,,,,,,,
2024-03-07,1.0941,1.2796,148.08,1.3466,10.2287,0.8781,,,,,,,
2024-03-08,1.0941,1.2852,147.17,1.3468,10.212,0.8766,,,,,,,
2024-03-11,1.0928,1.2807,146.86,1.3485,10.2405,0.8783,,,,,,,
2024-03-12,1.0918,1.2786,147.69,1.3495,10.2388,0.8782,,,,,,,
2024-03-13,1.0944,1.2799,147.73,1.347,10.2318,0.878,,,,,,,
2024-03-14,1.0888,1.2749,148.19,1.3516,10.3287,0.8834,,,,,,,
2024-03-15,1.0888,1.2742,149.14,1.353,10.3648,0.8837,,,,,,,
2024-03-18,1.0886,1.2736,149.13,1.354,10.425,0.8862,,,,,,,
2024-03-19,1.0859,1.2713,150.73,1.3578,10.4367,0.8882,,,,,,,
2024-03-20,1.0856,1.2713,151.66,1.3562,10.4746,0.8911,,,,,,,
2024-03-21,1.0861,1.267,151.59,1.3536,10.4639,0.8993,,,,,,,
2024-03-22,1.0817,1.2603,151.35,1.3594,10.5507,0.8983,,,,,,,
2024-03-25,1.0837,1.2648,151.42,1.3579,10.5689,0.8983,,,,,,,
2024-03-26,1.0829,1.263,151.58,1.3568,10.5779,0.9027,,,,,,,
2024-03-27,1.0821,1.2631,151.35,1.3586,10.6099,0.9056,,,,,,,
2024-03-28,1.0801,1.2634,151.35,1.353,10.6881,0.9006,,,,,,,
2024-03-29,1.0791,1.2637,151.22,1.354,10.6834,0.9015,,,,,,,
2024-04-01,1.0733,1.2545,151.72,1.3579,10.8241,0.9055,3.88636363636364,5.18,0.109,4.925,3.95071,1.5,5.33
2024-04-02,1.0769,1.2576,151.55,1.357,10.7143,0.9071,,,,,,,
2024-04-03,1.0827,1.2635,151.67,1.3521,10.6401,0.9038,,,,,,,
2024-04-04,1.0865,1.2669,151.66,1.3493,10.5732,0.9049,,,,,,,
2024-04-05,1.0841,1.2633,151.59,1.358,10.6267,0.9005,,,,,,,
2024-04-08,1.0853,1.2655,151.78,1.3583,10.5628,0.9051,,,,,,,
2024-04-09,1.0856,1.2676,151.73,1.3583,10.5682,0.9032,,,,,,,
2024-04-10,1.0737,1.2544,152.9,1.3688,10.7254,0.9127,,,,,,,
2024-04-11,1.0722,1.2535,153.19,1.3705,10.7582,0.9107,,,,,,,
2024-04-12,1.0647,1.2457,153.12,1.3756,10.8792,0.912,,,,,,,
2024-04-15,1.0644,1.2466,154.25,1.3751,10.8778,0.9137,,,,,,,
2024-04-16,1.0628,1.2437,154.57,1.3824,10.9406,0.9128,,,,,,,
2024-04-17,1.0644,1.2443,154.61,1.3804,10.9925,0.9121,,,,,,,
2024-04-18,1.066,1.2465,154.61,1.3755,10.9315,0.9115,,,,,,,
2024-04-19,1.0655,1.2397,154.55,1.3742,10.9212,0.9092,,,,,,,
2024-04-22,1.0655,1.2341,154.77,1.3721,10.9248,0.9119,,,,,,,
2024-04-23,1.0695,1.2434,154.81,1.3676,10.828,0.9117,,,,,,,
2024-04-24,1.0687,1.2434,155.11,1.3721,10.8853,0.9141,,,,,,,
2024-04-25,1.0721,1.2494,155.52,1.3691,10.9055,0.9134,,,,,,,
2024-04-26,1.0686,1.2474,157.62,1.3678,10.9472,0.9142,,,,,,,
2024-04-29,1.0717,1.2553,156.71,1.3649,10.932,0.9108,,,,,,,
2024-04-30,1.0684,1.2514,157.54,1.3748,10.988,0.9174,,,,,,,
2024-05-01,1.068,1.2488,157.65,1.376,10.9733,0.9195,3.81365217391304,5.16,0.129,4.868,3.78762,1.5,5.33
2024-05-02,1.0706,1.2507,153.77,1.3696,10.8953,0.9119,,,,,,,
2024-05-03,1.077,1.255,152.85,1.3683,10.8001,0.9047,,,,,,,
2024-05-06,1.0779,1.2575,153.85,1.3655,10.7976,0.9052,,,,,,,
2024-05-07,1.0767,1.2535,154.59,1.3712,10.829,0.9072,,,,,,,
2024-05-08,1.0755,1.2503,155.42,1.3719,10.8938,0.9076,,,,,,,
2024-05-09,1.0771,1.2505,155.68,1.369,10.8739,0.9072,,,,,,,
2024-05-10,1.0773,1.2528,155.85,1.3663,10.8322,0.9063,,,,,,,
2024-05-13,1.0796,1.2563,156.17,1.3675,10.8328,0.9075,,,,,,,
2024-05-14,1.0818,1.2588,156.5,1.365,10.8257,0.9067,,,,,,,
2024-05-15,1.086,1.2658,155.02,1.3612,10.6967,0.9041,,,,,,,
2024-05-16,1.0875,1.2682,155.25,1.3606,10.6933,0.9044,,,,,,,
2024-05-17,1.0869,1.2703,155.57,1.3615,10.7141,0.9079,,,,,,,
2024-05-20,1.0861,1.2708,156.09,1.3611,10.6967,0.9097,,,,,,,
2024-05-21,1.0855,1.271,156.08,1.3644,10.7009,0.9108,,,,,,,
2024-05-22,1.0836,1.2739,156.49,1.3667,10.7284,0.914,,,,,,,
2024-05-23,1.0827,1.2717,157.05,1.3696,10.7266,0.9144,,,,,,,
2024-05-24,1.0852,1.2746,156.9,1.3665,10.6566,0.9143,,,,,,,
2024-05-27,,,,,,,,,,,,,
2024-05-28,1.0879,1.2786,156.9,1.363,10.5358,0.9106,,,,,,,
2024-05-29,1.0811,1.2714,157.62,1.3702,10.6663,0.9135,,,,,,,
2024-05-30,1.0837,1.2739,156.63,1.3668,10.5925,0.9036,,,,,,,
2024-05-31,1.0846,1.2738,157.19,1.3646,10.5396,0.9034,,,,,,,
2024-06-01,,,,,,,3.7245,5.16,0.149,4.6475,3.68339,1.427,5.28
2024-06-03,1.089,1.2795,156.04,1.3626,10.4075,0.8954,,,,,,,
2024-06-04,1.0878,1.2785,154.87,1.3684,10.4556,0.8904,,,,,,,
2024-06-05,1.0865,1.2771,156.21,1.3705,10.4209,0.894,,,,,,,
2024-06-06,1.0883,1.2786,155.98,1.3684,10.4094,0.8917,,,,,,,
2024-06-07,1.0807,1.2727,156.58,1.3747,10.5347,0.896,,,,,,,
2024-06-10,1.0751,1.2733,156.93,1.3755,10.496,0.8968,,,,,,,
2024-06-11,1.0733,1.2725,157.32,1.3764,10.5102,0.8987,,,,,,,
2024-06-12,1.0843,1.2843,155.88,1.369,10.3076,0.8918,,,,,,,
2024-06-13,1.0756,1.2764,156.77,1.3746,10.4739,0.8935,,,,,,,
2024-06-14,1.0699,1.2685,157.28,1.3735,10.5315,0.8907,,,,,,,
2024-06-17,1.0723,1.2689,157.8,1.3752,10.5146,0.8914,,,,,,,
2024-06-18,1.0739,1.2699,157.81,1.3723,10.4425,0.8842,,,,,,,
2024-06-19,,,,,,,,,,,,,
2024-06-20,1.0708,1.2671,158.77,1.3703,10.4703,0.8912,,,,,,,
2024-06-21,1.0694,1.2645,159.45,1.3698,10.5173,0.8938,,,,,,,
2024-06-24,1.0727,1.2684,159.71,1.3658,10.468,0.8939,,,,,,,
2024-06-25,1.0705,1.2677,159.68,1.3658,10.5071,0.8944,,,,,,,
2024-06-26,1.0682,1.2625,160.68,1.3697,10.5696,0.8973,,,,,,,
2024-06-27,1.0708,1.2653,160.7,1.3693,10.616,0.898,,,,,,,
2024-06-28,1.0711,1.264,160.88,1.3684,10.5996,0.8992,,,,,,,
2024-07-01,1.0728,1.265,161.55,1.3742,10.6292,0.9039,3.68482608695652,5.09,0.166,4.508,3.5847,1.19347826086957,5.31
2024-07-02,1.0737,1.2679,161.53,1.3691,10.6157,0.9046,,,,,,,
2024-07-03,1.0799,1.2766,161.48,1.3624,10.4807,0.9007,,,,,,,
2024-07-04,,,,,,,,,,,,,
2024-07-05,1.0828,1.2807,160.73,1.3631,10.4839,0.8976,,,,,,,
2024-07-08,1.0835,1.2829,160.77,1.3637,10.5494,0.8971,,,,,,,
2024-07-09,1.0813,1.2787,161.4,1.3636,10.5532,0.8978,,,,,,,
2024-07-10,1.0823,1.2842,161.73,1.3608,10.5459,0.8992,,,,,,,
2024-07-11,1.087,1.292,158.58,1.3619,10.4836,0.8939,,,,,,,
2024-07-12,1.0902,1.2986,157.88,1.3627,10.5289,0.8942,,,,,,,
2024-07-15,1.0912,1.2986,157.89,1.3662,10.5752,0.8949,,,,,,,
2024-07-16,1.0885,1.2958,158.57,1.3686,10.6196,0.8953,,,,,,,
2024-07-17,1.0933,1.3008,156.56,1.3683,10.5445,0.8846,,,,,,,
2024-07-18,1.0913,1.2973,156.97,1.3695,10.568,0.8858,,,,,,,
2024-07-19,1.0888,1.2922,157.38,1.3723,10.6776,0.8884,,,,,,,
2024-07-22,1.088,1.2911,157.08,1.3756,10.732,0.89,,,,,,,
2024-07-23,1.0855,1.2916,156.02,1.3763,10.7632,0.8915,,,,,,,
2024-07-24,1.0853,1.2925,153.39,1.3783,10.7577,0.8838,,,,,,,
2024-07-25,1.0861,1.2884,153.97,1.3809,10.801,0.8802,,,,,,,
2024-07-26,1.0859,1.2864,153.86,1.3832,10.811,0.8826,,,,,,,
2024-07-29,1.0819,1.2853,153.96,1.3853,10.8291,0.886,,,,,,,
2024-07-30,1.0809,1.2828,153.72,1.3848,10.7899,0.8852,,,,,,,
2024-07-31,1.0823,1.284,150.38,1.3806,10.7099,0.8797,,,,,,,
2024-08-01,1.0789,1.2772,150.06,1.3845,10.7027,0.8744,3.54759090909091,4.91,0.255,4.2325,3.36582,1.06647238095238,5.12
2024-08-02,1.0914,1.2798,146.98,1.3846,10.5672,0.8605,,,,,,,
2024-08-05,1.0957,1.2765,143.95,1.382,10.5628,0.8528,,,,,,,
2024-08-06,1.0926,1.2695,145.11,1.3791,10.527,0.8533,,,,,,,
2024-08-07,1.0925,1.2718,147.42,1.3729,10.4514,0.8652,,,,,,,
2024-08-08,1.0914,1.2741,147.08,1.3742,10.5292,0.8656,,,,,,,
2024-08-09,1.0925,1.2766,146.49,1.3725,10.5073,0.8639,,,,,,,
2024-08-12,1.0928,1.2776,147.54,1.3741,10.5245,0.8673,,,,,,,
2024-08-13,1.0954,1.2828,146.97,1.3723,10.5035,0.8654,,,,,,,
2024-08-14,1.1024,1.2849,146.86,1.3696,10.4438,0.8638,,,,,,,
2024-08-15,1.0986,1.2863,148.91,1.3701,10.5105,0.8712,,,,,,,
2024-08-16,1.0996,1.2906,148.13,1.3705,10.4926,0.8685,,,,,,,
2024-08-19,1.107,1.2984,146.42,1.3659,10.3304,0.8629,,,,,,,
2024-08-20,1.1106,1.3027,145.7,1.3631,10.24,0.8576,,,,,,,
2024-08-21,1.1143,1.3077,145.19,1.3583,10.1957,0.8515,,,,,,,
2024-08-22,1.1114,1.3094,145.97,1.3605,10.2414,0.8518,,,,,,,
2024-08-23,1.1176,1.3197,144.86,1.3514,10.1837,0.8492,,,,,,,
2024-08-26,1.1164,1.3185,144.51,1.3485,10.2112,0.8479,,,,,,,
2024-08-27,1.116,1.3235,144.26,1.3454,10.1818,0.8439,,,,,,,
2024-08-28,1.1127,1.3201,144.47,1.3462,10.1862,0.842,,,,,,,
2024-08-29,1.1086,1.3186,144.98,1.346,10.222,0.8466,,,,,,,
2024-08-30,1.106,1.3132,145.95,1.3493,10.269,0.8493,,,,,,,
2024-09-01,,,,,,,3.43371428571428,4.84,0.256,4.0425,3.13867,1.02214285714286,4.86
2024-09-02,,,,,,,,,,,,,
2024-09-03,1.1043,1.3103,145.82,1.3543,10.3064,0.8503,,,,,,,
2024-09-04,1.1081,1.3142,144.31,1.3519,10.2727,0.8482,,,,,,,
2024-09-05,1.1096,1.3165,143.43,1.3515,10.2567,0.8453,,,,,,,
2024-09-06,1.1086,1.3136,142.13,1.3561,10.2869,0.8428,,,,,,,
2024-09-09,1.1042,1.3083,142.92,1.356,10.3666,0.848,,,,,,,
2024-09-10,1.1025,1.3065,142.28,1.3607,10.3869,0.8459,,,,,,,
2024-09-11,1.1012,1.3027,141.72,1.3595,10.3863,0.8505,,,,,,,
2024-09-12,1.1041,1.3081,142.24,1.3595,10.3213,0.8527,,,,,,,
2024-09-13,1.1085,1.314,140.66,1.3581,10.2093,0.8479,,,,,,,
2024-09-16,1.1123,1.3202,140.79,1.3599,10.198,0.8453,,,,,,,
2024-09-17,1.1118,1.3164,141.77,1.3598,10.1891,0.847,,,,,,,
2024-09-18,1.1116,1.3199,141.93,1.3607,10.2063,0.8459,,,,,,,
2024-09-19,1.1147,1.3279,142.88,1.356,10.171,0.8478,,,,,,,
2024-09-20,1.1159,1.3305,143.9,1.3565,10.1894,0.8496,,,,,,,
2024-09-23,1.113,1.3351,143.59,1.3502,10.1864,0.8475,,,,,,,
2024-09-24,1.115,1.3376,143.77,1.347,10.1284,0.8459,,,,,,,
2024-09-25,1.1143,1.3338,144.41,1.3466,10.1756,0.8495,,,,,,,
2024-09-26,1.1184,1.3428,144.68,1.3466,10.0975,0.8463,,,,,,,
2024-09-27,1.1159,1.3394,142.6,1.3504,10.1018,0.8424,,,,,,,
2024-09-30,1.1145,1.3399,143.25,1.3511,10.1427,0.8444,,,,,,,
2024-10-01,1.1067,1.3282,143.66,1.3492,10.2766,0.8458,3.16660869565217,4.75,0.256,3.71,2.91691,0.894492608695652,4.62
2024-10-02,1.105,1.3271,146.05,1.3485,10.2558,0.8495,,,,,,,
2024-10-03,1.1015,1.3114,146.82,1.3533,10.3156,0.854,,,,,,,
2024-10-04,1.0961,1.3107,148.69,1.3578,10.3856,0.8589,,,,,,,
2024-10-07,1.0976,1.308,148.13,1.3608,10.3598,0.8555,,,,,,,
2024-10-08,1.097,1.3093,148.22,1.3662,10.3588,0.8576,,,,,,,
2024-10-09,1.0951,1.308,149.2,1.3682,10.3847,0.8595,,,,,,,
2024-10-10,1.0925,1.3053,148.56,1.3752,10.4004,0.8573,,,,,,,
2024-10-11,1.0942,1.307,149.12,1.3768,10.3658,0.8574,,,,,,,
2024-10-14,,,,,,,,,,,,,
2024-10-15,1.0899,1.3083,149.22,1.3803,10.3876,0.8621,,,,,,,
2024-10-16,1.0873,1.3,149.71,1.3772,10.4995,0.8642,,,,,,,
2024-10-17,1.0837,1.3008,150.12,1.3791,10.5231,0.8654,,,,,,,
2024-10-18,1.0854,1.3022,149.58,1.3804,10.5323,0.8659,,,,,,,
2024-10-21,1.082,1.298,150.47,1.3847,10.5623,0.8658,,,,,,,
2024-10-22,1.0805,1.2969,151.11,1.383,10.5418,0.8654,,,,,,,
2024-10-23,1.0779,1.2944,152.81,1.3838,10.5951,0.8665,,,,,,,
2024-10-24,1.0806,1.2964,151.87,1.3858,10.5804,0.8668,,,,,,,
2024-10-25,1.0813,1.2978,152.08,1.3882,10.5936,0.8664,,,,,,,
2024-10-28,1.0819,1.2981,153.21,1.3903,10.6353,0.8659,,,,,,,
2024-10-29,1.0798,1.3005,153.47,1.3909,10.6581,0.8684,,,,,,,
2024-10-30,1.0864,1.3012,153.15,1.3911,10.6671,0.8664,,,,,,,
2024-10-31,1.0855,1.2856,152.35,1.3939,10.7003,0.8648,,,,,,,
2024-11-01,1.0848,1.2959,152.94,1.3925,10.728,0.8704,3.0067619047619,4.68,0.362,3.48,2.66529,0.806508095238095,4.53
2024-11-04,1.0884,1.2942,152.02,1.3898,10.7068,0.8632,,,,,,,
2024-11-05,1.092,1.3015,151.96,1.385,10.7044,0.8635,,,,,,,
2024-11-06,1.0732,1.2897,154.58,1.3929,10.85,0.8761,,,,,,,
2024-11-07,1.0792,1.2985,153.13,1.3866,10.7078,0.8724,,,,,,,
2024-11-08,1.071,1.2905,152.58,1.3921,10.8435,0.8755,,,,,,,
2024-11-11,,,,,,,,,,,,,
2024-11-12,1.0598,1.2733,154.73,1.3956,10.9327,0.8827,,,,,,,
2024-11-13,1.0567,1.2709,155.28,1.3985,10.9869,0.885,,,,,,,
2024-11-14,1.0562,1.2706,155.96,1.4025,10.9627,0.8878,,,,,,,
2024-11-15,1.0552,1.2629,154.59,1.4076,10.9726,0.8878,,,,,,,
2024-11-18,1.0586,1.2664,154.78,1.4028,10.9393,0.885,,,,,,,
2024-11-19,1.0578,1.2667,154.34,1.3981,10.9347,0.8824,,,,,,,
2024-11-20,1.0521,1.2639,155.38,1.3995,11.0367,0.8855,,,,,,,
2024-11-21,1.0475,1.2586,154.66,1.396,11.0785,0.8866,,,,,,,
2024-11-22,1.0399,1.2516,154.73,1.3985,11.0672,0.8946,,,,,,,
2024-11-25,1.0478,1.2554,154.29,1.4003,10.9947,0.8874,,,,,,,
2024-11-26,1.0481,1.2547,153.49,1.4058,10.9988,0.8876,,,,,,,
2024-11-27,1.0575,1.2678,150.69,1.4028,10.9031,0.8806,,,,,,,
2024-11-28,,,,,,,,,,,,,
2024-11-29,1.0547,1.2699,150.41,1.4014,10.9241,0.8822,,,,,,,
2024-12-01,,,,,,,2.81609090909091,4.64,0.386,3.195,2.45478,0.60075,4.46
2024-12-02,1.0484,1.2639,149.26,1.4069,11.0098,0.8866,,,,,,,
2024-12-03,1.0518,1.2677,149.12,1.4065,11.0017,0.8852,,,,,,,
2024-12-04,1.0527,1.2712,150.18,1.4069,10.9245,0.8835,,,,,,,
2024-12-05,1.0571,1.2754,150.19,1.4035,10.8769,0.8794,,,,,,,
2024-12-06,1.0563,1.2744,149.78,1.4144,10.9343,0.8776,,,,,,,
2024-12-09,1.057,1.2783,151.24,1.412,10.9071,0.8774,,,,,,,
2024-12-10,1.0512,1.2758,152.05,1.416,10.9867,0.8823,,,,,,,
2024-12-11,1.0508,1.2763,152.34,1.4126,10.966,0.883,,,,,,,
2024-12-12,1.0514,1.2715,152.07,1.4179,10.967,0.8879,,,,,,,
2024-12-13,1.0498,1.2629,153.74,1.424,10.9782,0.8929,,,,,,,
2024-12-16,1.0512,1.269,154.18,1.423,10.8905,0.8934,,,,,,,
2024-12-17,1.0506,1.2718,153.41,1.4312,10.9293,0.893,,,,,,,
2024-12-18,1.0469,1.2696,154.0,1.4335,10.9711,0.8937,,,,,,,
2024-12-19,1.0357,1.253,157.73,1.4366,11.0432,0.8994,,,,,,,
2024-12-20,1.043,1.2587,156.11,1.4354,11.0018,0.8928,,,,,,,
2024-12-23,1.0409,1.2529,157.04,1.439,11.0407,0.8991,,,,,,,
2024-12-24,1.0388,1.2528,157.29,1.4383,11.1178,0.9009,,,,,,,
2024-12-25,,,,,,,,,,,,,
2024-12-26,1.0423,1.2522,158.01,1.4404,11.0394,0.9,,,,,,,
2024-12-27,1.0423,1.2573,157.73,1.4433,10.9947,0.9018,,,,,,,
2024-12-30,1.0386,1.2523,157.26,1.4374,11.0363,0.9066,,,,,,,
2024-12-31,1.0351,1.2521,157.37,1.44,11.0676,0.9068,,,,,,,
2025-01-01,,,,,,,2.7031304348,4.55,0.76727,3.058,2.33105,0.408095238095238,4.33
2025-01-02,1.0261,1.2376,157.65,1.4422,11.1443,0.9124,,,,,,,
2025-01-03,1.0292,1.2419,157.2,1.4455,11.1216,0.9096,,,,,,,
2025-01-06,1.0397,1.253,157.54,1.4359,11.0392,0.9043,,,,,,,
2025-01-07,1.0369,1.2499,157.82,1.4341,11.0883,0.9076,,,,,,,
2025-01-08,1.0313,1.2366,158.31,1.4375,11.1543,0.9107,,,,,,,
2025-01-09,1.0298,1.2303,158.01,1.4394,11.1514,0.9124,,,,,,,
2025-01-10,1.0238,1.2215,157.68,1.4437,11.2225,0.9172,,,,,,,
2025-01-13,1.0209,1.2158,157.51,1.4411,11.2786,0.9192,,,,,,,
2025-01-14,1.0292,1.2188,157.95,1.4369,11.191,0.9139,,,,,,,
2025-01-15,1.0282,1.2214,156.6,1.434,11.1612,0.9129,,,,,,,
2025-01-16,1.0303,1.2246,155.44,1.4377,11.1388,0.911,,,,,,,
2025-01-17,1.0287,1.2181,156.3,1.442,11.1712,0.9148,,,,,,,
2025-01-20,,,,,,,,,,,,,
2025-01-21,1.0423,1.2331,155.49,1.4328,10.9948,0.9069,,,,,,,
2025-01-22,1.042,1.2324,156.62,1.4361,10.9979,0.907,,,,,,,
2025-01-23,1.042,1.2347,156.0,1.4359,10.9966,0.9072,,,,,,,
2025-01-24,1.0515,1.2496,155.58,1.4331,10.9069,0.9044,,,,,,,
2025-01-27,1.0492,1.2479,154.22,1.4388,10.9416,0.9006,,,,,,,
2025-01-28,1.0427,1.2433,155.65,1.4392,11.0081,0.9051,,,,,,,
2025-01-29,1.0416,1.2435,155.22,1.4432,11.0019,0.9077,,,,,,,
2025-01-30,1.042,1.2453,154.42,1.4411,11.0132,0.9085,,,,,,,
2025-01-31,1.04,1.2447,154.91,1.4459,11.0513,0.9088,,,,,,,
2025-02-01,,,,,,,2.52495,4.44,0.79182,2.8425,2.2802,0.37125,4.34
2025-02-03,1.0277,1.2389,154.68,1.4601,11.1561,0.9139,,,,,,,
2025-02-04,1.0379,1.2487,154.56,1.4318,10.9666,0.9058,,,,,,,
2025-02-05,1.0419,1.2516,152.33,1.428,10.8861,0.9009,,,,,,,
2025-02-06,1.0368,1.2435,152.04,1.4314,10.9099,0.9055,,,,,,,
2025-02-07,1.0329,1.2396,151.3,1.4311,10.9414,0.9101,,,,,,,
2025-02-10,1.0312,1.2385,151.72,1.4317,10.9179,0.911,,,,,,,
2025-02-11,1.0346,1.2423,152.37,1.4308,10.8677,0.9133,,,,,,,
2025-02-12,1.0392,1.2444,154.62,1.4288,10.8774,0.913,,,,,,,
2025-02-13,1.0428,1.2528,153.18,1.423,10.7798,0.9048,,,,,,,
2025-02-14,1.0498,1.2609,152.25,1.417,10.696,0.8983,,,,,,,
2025-02-17,,,,,,,,,,,,,
2025-02-18,1.0457,1.2614,151.79,1.4189,10.7087,0.9023,,,,,,,
2025-02-19,1.0406,1.2571,151.67,1.4235,10.7539,0.9054,,,,,,,
2025-02-20,1.0475,1.2643,149.63,1.4195,10.6603,0.8993,,,,,,,
2025-02-21,1.0455,1.2647,149.49,1.4196,10.64,0.899,,,,,,,
2025-02-24,1.0478,1.264,149.57,1.4224,10.6501,0.8966,,,,,,,
2025-02-25,1.0498,1.2652,149.09,1.43,10.602,0.8928,,,,,,,
2025-02-26,1.0514,1.2696,149.13,1.4346,10.6134,0.8931,,,,,,,
2025-02-27,1.0414,1.2628,149.8,1.4419,10.7329,0.8981,,,,,,,
2025-02-28,1.0402,1.2591,150.64,1.4433,10.7191,0.9019,,,,,,,
2025-03-01,,,,,,,2.4424285714,4.39,0.82091,2.66,2.29952,0.312911904761905,4.29
2025-03-03,1.0496,1.2711,150.16,1.4399,10.5249,0.8972,,,,,,,
2025-03-04,1.0534,1.2726,148.81,1.4515,10.5341,0.89,,,,,,,
2025-03-05,1.0768,1.2864,148.82,1.4375,10.2391,0.89,,,,,,,
2025-03-06,1.0818,1.2894,147.9,1.4282,10.1498,0.8841,,,,,,,
2025-03-07,1.0859,1.2918,147.13,1.4385,10.0602,0.8774,,,,,,,
2025-03-10,1.0837,1.2909,147.15,1.4431,10.1221,0.8813,,,,,,,
2025-03-11,1.0927,1.2948,147.48,1.4462,10.0193,0.88,,,,,,,
2025-03-12,1.0925,1.297,148.32,1.4397,10.0466,0.8827,,,,,,,
2025-03-13,1.0859,1.2945,147.71,1.4398,10.1867,0.8849,,,,,,,
2025-03-14,1.0872,1.2917,148.51,1.4377,10.1343,0.8855,,,,,,,
2025-03-17,1.0922,1.2988,148.56,1.4298,10.0745,0.8812,,,,,,,
2025-03-18,1.0927,1.2987,149.49,1.4312,10.0445,0.8773,,,,,,,
2025-03-19,1.0877,1.2969,150.02,1.4328,10.1329,0.88,,,,,,,
2025-03-20,1.0848,1.2973,148.84,1.4326,10.1427,0.8826,,,,,,,
2025-03-21,1.0806,1.2896,148.98,1.4356,10.14,0.8834,,,,,,,
2025-03-24,1.0794,1.2913,150.74,1.4292,10.1138,0.8842,,,,,,,
2025-03-25,1.0804,1.2948,149.77,1.4307,10.0296,0.8819,,,,,,,
2025-03-26,1.0781,1.2889,150.69,1.4254,10.0318,0.8839,,,,,,,
2025-03-27,1.08,1.2963,150.97,1.4316,10.015,0.8818,,,,,,,
2025-03-28,1.0826,1.2942,150.26,1.4282,9.9926,0.8809,,,,,,,
2025-03-31,1.0796,1.2896,149.9,1.4379,10.0548,0.8843,,,,,,,
2025-04-01,1.08,1.2923,149.4,1.4316,9.9933,0.8827,2.2481818182,4.26,0.78364,2.622,2.268,0.15585,4.32
2025-04-02,1.0868,1.2974,149.98,1.431,9.8981,0.8819,,,,,,,
2025-04-03,1.1052,1.3113,146.04,1.4062,9.7478,0.859,,,,,,,
2025-04-04,1.1014,1.2927,145.93,1.4194,9.9729,0.8547,,,,,,,
2025-04-07,1.0912,1.2729,147.96,1.4224,10.0781,0.8597,,,,,,,
2025-04-08,1.0912,1.2769,147.02,1.4199,10.0126,0.856,,,,,,,
2025-04-09,1.104,1.2771,145.09,1.4187,10.032,0.8413,,,,,,,
2025-04-10,1.1192,1.294,144.34,1.401,9.8359,0.8283,,,,,,,
2025-04-11,1.1325,1.3051,143.57,1.3895,9.8196,0.8153,,,,,,,
2025-04-14,1.1358,1.3176,142.96,1.3892,9.7743,0.8139,,,,,,,
2025-04-15,1.129,1.3223,143.1,1.3944,9.8589,0.8209,,,,,,,
2025-04-16,1.1382,1.3247,142.56,1.3882,9.7494,0.8142,,,,,,,
2025-04-17,1.1364,1.3259,142.33,1.3856,9.633,0.8203,,,,,,,
2025-04-18,1.139,1.3279,142.22,1.3846,9.6353,0.8174,,,,,,,
2025-04-21,1.1508,1.3385,140.81,1.3818,9.5423,0.8069,,,,,,,
2025-04-22,1.1466,1.3376,140.87,1.3798,9.4871,0.815,,,,,,,
2025-04-23,1.135,1.3256,142.64,1.3894,9.6529,0.8271,,,,,,,
2025-04-24,1.1363,1.3309,142.64,1.3889,9.6129,0.8271,,,,,,,
2025-04-25,1.1381,1.3331,143.75,1.3858,9.6739,0.8285,,,,,,,
2025-04-28,1.1387,1.3395,142.7,1.3857,9.6203,0.8254,,,,,,,
2025-04-29,1.1396,1.3397,142.29,1.3853,9.6166,0.8241,,,,,,,
2025-04-30,1.1349,1.3344,142.63,1.3807,9.6581,0.8227,,,,,,,
2025-05-01,1.1279,1.3273,145.48,1.3847,9.7704,0.8321,2.0912727273,4.19,0.77545,2.6225,2.30257,0.092,4.29
2025-05-02,1.133,1.3283,144.52,1.379,9.6242,0.8262,,,,,,,
2025-05-05,1.1315,1.3284,143.98,1.381,9.6644,0.8239,,,,,,,
2025-05-06,1.1345,1.3369,142.76,1.3774,9.5789,0.8242,,,,,,,
2025-05-07,1.1348,1.3344,143.47,1.3773,9.601,0.8215,,,,,,,
2025-05-08,1.1249,1.3287,145.46,1.3914,9.7039,0.8291,,,,,,,
2025-05-09,1.127,1.3318,145.15,1.3925,9.7016,0.8298,,,,,,,
2025-05-12,1.1106,1.3194,148.09,1.4003,9.8121,0.8427,,,,,,,
2025-05-13,1.1176,1.328,147.75,1.3958,9.7296,0.8412,,,,,,,
2025-05-14,1.1206,1.3303,146.54,1.3963,9.7256,0.8397,,,,,,,
2025-05-15,1.1189,1.3292,145.61,1.3989,9.7344,0.8359,,,,,,,
2025-05-16,1.1141,1.3257,146.02,1.3991,9.7944,0.8396,,,,,,,
2025-05-19,1.1236,1.3357,144.99,1.3944,9.6846,0.8342,,,,,,,
2025-05-20,1.1254,1.3371,144.72,1.3941,9.6677,0.8321,,,,,,,
2025-05-21,1.1343,1.3447,143.68,1.3822,9.5515,0.8251,,,,,,,
2025-05-22,1.1281,1.3426,143.89,1.3856,9.6262,0.8291,,,,,,,
2025-05-23,1.135,1.3511,142.61,1.3755,9.5304,0.8214,,,,,,,
2025-05-26,,,,,,,,,,,,,
2025-05-27,1.1326,1.3505,144.37,1.3776,9.6267,0.8278,,,,,,,
2025-05-28,1.1286,1.3462,145.04,1.3819,9.6523,0.8276,,,,,,,
2025-05-29,1.137,1.3489,144.09,1.3809,9.553,0.8227,,,,,,,
2025-05-30,1.1347,1.3468,144.18,1.3747,9.5915,0.8229,,,,,,,
2025-06-01,,,,,,,1.9836190476,4.15,0.77273,2.66,2.18842,0.039603,4.31
2025-06-02,1.1432,1.3549,142.76,1.3699,9.5361,0.8173,,,,,,,
2025-06-03,1.1373,1.352,143.93,1.3722,9.6156,0.8242,,,,,,,
2025-06-04,1.1424,1.357,142.91,1.3668,9.5678,0.8183,,,,,,,
2025-06-05,1.144,1.3584,143.87,1.3667,9.5723,0.821,,,,,,,
2025-06-06,1.1397,1.3532,144.87,1.3686,9.64,0.822,,,,,,,
2025-06-09,1.1425,1.3563,144.37,1.3675,9.5876,0.8205,,,,,,,
2025-06-10,1.1423,1.3508,144.91,1.3683,9.5979,0.8219,,,,,,,
2025-06-11,1.149,1.3556,144.48,1.3662,9.5482,0.8195,,,,,,,
2025-06-12,1.1578,1.3589,143.64,1.3615,9.4358,0.8125,,,,,,,
2025-06-13,1.1557,1.3594,144.04,1.3575,9.4896,0.8116,,,,,,,
2025-06-16,1.1581,1.36,144.14,1.3556,9.4633,0.8115,,,,,,,
2025-06-17,1.1535,1.3516,145.04,1.3587,9.495,0.8141,,,,,,,
2025-06-18,1.1521,1.3471,144.58,1.3683,9.5946,0.8174,,,,,,,
2025-06-19,,,,,,,,,,,,,
2025-06-20,1.152,1.3465,145.92,1.3739,9.6761,0.8175,,,,,,,
2025-06-23,1.1538,1.3491,146.47,1.3773,9.6482,0.8133,,,,,,,
2025-06-24,1.1608,1.3616,144.9,1.3711,9.5353,0.8049,,,,,,,
2025-06-25,1.162,1.3626,145.59,1.375,9.5127,0.8057,,,,,,,
2025-06-26,1.1717,1.3754,144.34,1.3629,9.4832,0.799,,,,,,,
2025-06-27,1.1724,1.372,144.74,1.3666,9.4765,0.7989,,,,,,,
2025-06-30,1.177,1.3722,144.17,1.362,9.4881,0.7938,,,,,,,
2025-07-01,1.1776,1.3728,143.58,1.3659,9.5012,0.7929,1.9863478261,4.05,0.77273,2.662,2.07874,-0.0406521739130435,4.28
2025-07-02,1.179,1.3623,143.76,1.362,9.5462,0.7921,,,,,,,
2025-07-03,1.1758,1.3656,144.96,1.3559,9.5732,0.7951,,,,,,,
2025-07-04,,,,,,,,,,,,,
2025-07-07,1.1733,1.3638,145.86,1.3644,9.4982,0.7969,,,,,,,
2025-07-08,1.1707,1.3575,146.81,1.3671,9.5439,0.7971,,,,,,,
2025-07-09,1.1707,1.3585,146.53,1.3694,9.5257,0.7957,,,,,,,
2025-07-10,1.1688,1.3569,146.46,1.3682,9.526,0.7971,,,,,,,
2025-07-11,1.1696,1.3503,147.29,1.3678,9.5465,0.7962,,,,,,,
2025-07-14,1.1672,1.3437,147.69,1.3694,9.6191,0.7977,,,,,,,
2025-07-15,1.1619,1.3396,148.75,1.3713,9.7114,0.8004,,,,,,,
2025-07-16,1.1629,1.3426,148.08,1.3706,9.7241,0.8014,,,,,,,
2025-07-17,1.1597,1.3413,148.55,1.3749,9.7498,0.8043,,,,,,,
2025-07-18,1.1645,1.3439,148.55,1.3711,9.6591,0.8001,,,,,,,
2025-07-21,1.1705,1.3498,147.27,1.3689,9.5671,0.7973,,,,,,,
2025-07-22,1.1749,1.3522,146.36,1.3615,9.5233,0.7926,,,,,,,
2025-07-23,1.1748,1.3566,146.55,1.3609,9.5114,0.7936,,,,,,,
2025-07-24,1.1765,1.3524,146.92,1.3643,9.5178,0.7957,,,,,,,
2025-07-25,1.173,1.3429,147.77,1.3714,9.532,0.7965,,,,,,,
2025-07-28,1.1609,1.3393,148.45,1.3718,9.5963,0.8025,,,,,,,
2025-07-29,1.1534,1.3339,148.57,1.3777,9.6562,0.8071,,,,,,,
2025-07-30,1.147,1.3274,149.07,1.3814,9.7446,0.8111,,,,,,,
2025-07-31,1.1431,1.322,150.6,1.3845,9.7718,0.8123,,,,,,,
2025-08-01,1.1555,1.3259,148.06,1.3778,9.6735,0.8068,2.0210952381,3.98,0.77273,2.655,2.043,-0.0615,4.22
2025-08-04,1.1568,1.329,147.09,1.3775,9.6699,0.8083,,,,,,,
2025-08-05,1.158,1.3309,147.49,1.3779,9.66,0.8071,,,,,,,
2025-08-06,1.1647,1.336,147.25,1.3739,9.6169,0.8052,,,,,,,
2025-08-07,1.1641,1.3434,147.35,1.3749,9.5865,0.8074,,,,,,,
2025-08-08,1.166,1.3444,147.7,1.3752,9.5728,0.8073,,,,,,,
2025-08-11,1.1607,1.3414,147.99,1.3783,9.6382,0.8126,,,,,,,
2025-08-12,1.1673,1.3509,147.8,1.3762,9.5516,0.8081,,,,,,,
2025-08-13,1.1715,1.3572,147.25,1.3764,9.5431,0.8043,,,,,,,
2025-08-14,1.1644,1.3532,147.69,1.3806,9.5968,0.8078,,,,,,,
2025-08-15,1.1708,1.3565,147.0,1.3808,9.5457,0.8061,,,,,,,
2025-08-18,1.1667,1.3521,147.76,1.3815,9.5543,0.8068,,,,,,,
2025-08-19,1.166,1.3496,147.72,1.3859,9.5877,0.807,,,,,,,
2025-08-20,1.1649,1.345,147.19,1.3874,9.5922,0.8044,,,,,,,
2025-08-21,1.1605,1.3417,148.35,1.39,9.6279,0.8085,,,,,,,
2025-08-22,1.1713,1.3528,146.82,1.3845,9.5038,0.8016,,,,,,,
2025-08-25,1.167,1.3491,147.61,1.3829,9.5456,0.8034,,,,,,,
2025-08-26,1.1657,1.3485,147.3,1.3823,9.5529,0.8031,,,,,,,
2025-08-27,1.1611,1.3468,147.75,1.3825,9.5539,0.8037,,,,,,,
2025-08-28,1.1672,1.3516,146.98,1.375,9.4834,0.8017,,,,,,,
2025-08-29,1.1695,1.3511,146.9,1.3726,9.4692,0.7996,,,,,,,
2025-09-01,,,,,,,2.0272727273,3.97,0.81818,2.4925,1.98341,-0.0596968181818182,4.1
2025-09-02,1.1653,1.3392,148.23,1.3784,9.4509,0.8033,,,,,,,
2025-09-03,1.1676,1.3448,147.97,1.3787,9.4197,0.8032,,,,,,,
2025-09-04,1.1648,1.3441,148.63,1.3828,9.4814,0.8059,,,,,,,
2025-09-05,1.1759,1.3543,146.84,1.3823,9.3501,0.7958,,,,,,,
2025-09-08,1.1751,1.355,147.58,1.382,9.3568,0.7935,,,,,,,
2025-09-09,1.1723,1.3533,147.23,1.3834,9.38,0.7961,,,,,,,
2025-09-10,1.1714,1.3548,147.37,1.3843,9.3334,0.7979,,,,,,,
2025-09-11,1.1732,1.3568,147.17,1.383,9.3152,0.7961,,,,,,,
2025-09-12,1.1714,1.3547,147.85,1.3858,9.346,0.7975,,,,,,,
2025-09-15,1.1772,1.3609,147.27,1.3797,9.2642,0.7938,,,,,,,
2025-09-16,1.1848,1.3654,146.56,1.3745,9.2412,0.7877,,,,,,,
2025-09-17,1.1845,1.3661,146.36,1.3761,9.2756,0.7871,,,,,,,
2025-09-18,1.178,1.3552,148.02,1.3796,9.3601,0.7927,,,,,,,
2025-09-19,1.1753,1.3484,147.83,1.3772,9.4077,0.7949,,,,,,,
2025-09-22,1.1773,1.3505,147.83,1.3814,9.3774,0.7935,,,,,,,
2025-09-23,1.18,1.3518,147.83,1.3834,9.3515,0.7922,,,,,,,
2025-09-24,1.1742,1.345,148.71,1.3894,9.4051,0.7951,,,,,,,
2025-09-25,1.1673,1.3351,149.78,1.3923,9.4611,0.8006,,,,,,,
2025-09-26,1.1692,1.3404,149.52,1.3946,9.4189,0.7985,,,,,,,
2025-09-29,1.173,1.3433,148.57,1.3904,9.4142,0.797,,,,,,,
2025-09-30,1.1735,1.3443,147.97,1.3927,9.4159,0.7966,,,,,,,
2025-10-01,1.1723,1.3474,147.16,1.3953,9.3824,0.7984,2.0344347826,3.93,0.80909,2.334,1.85274,-0.0643113043478261,3.98
2025-10-02,1.1696,1.3423,147.35,1.3974,9.4311,0.7994,,,,,,,
2025-10-03,1.1747,1.3481,147.33,1.3946,9.351,0.7949,,,,,,,
2025-10-06,1.1707,1.3476,150.02,1.3945,9.3804,0.7954,,,,,,,
2025-10-07,1.1674,1.3441,151.17,1.3949,9.3925,0.797,,,,,,,
2025-10-08,1.1606,1.339,152.72,1.3953,9.4461,0.802,,,,,,,
2025-10-09,1.1559,1.3312,153.05,1.4009,9.5458,0.8059,,,,,,,
2025-10-10,1.1613,1.3343,151.94,1.3997,9.5113,0.8015,,,,,,,
2025-10-13,,,,,,,,,,,,,
2025-10-14,1.1608,1.3321,151.77,1.4041,9.5333,0.801,,,,,,,
2025-10-15,1.1638,1.3396,151.21,1.4033,9.4789,0.7972,,,,,,,
2025-10-16,1.1665,1.3425,150.75,1.4045,9.4312,0.7957,,,,,,,
2025-10-17,1.1674,1.3425,150.33,1.4046,9.4287,0.7919,,,,,,,
2025-10-20,1.1656,1.342,150.59,1.4029,9.4108,0.7918,,,,,,,
2025-10-21,1.1616,1.3391,151.72,1.401,9.4172,0.795,,,,,,,
2025-10-22,1.1612,1.3372,151.79,1.3978,9.3972,0.7958,,,,,,,
2025-10-23,1.1612,1.3323,152.72,1.3991,9.393,0.7956,,,,,,,
2025-10-24,1.1626,1.3298,152.82,1.4013,9.392,0.7958,,,,,,,
2025-10-27,1.1636,1.3331,153.09,1.3995,9.3936,0.7965,,,,,,,
2025-10-28,1.1659,1.328,152.14,1.3937,9.3557,0.7927,,,,,,,
2025-10-29,1.1664,1.3243,151.91,1.3893,9.3566,0.7958,,,,,,,
2025-10-30,1.1564,1.3147,154.17,1.3982,9.433,0.802,,,,,,,
2025-10-31,1.1541,1.3141,154.05,1.401,9.4958,0.8027,,,,,,,
2025-11-01,,,,,,,2.04165,3.84,0.80636,2.185,1.8687,-0.0475,3.86
2025-11-03,1.1531,1.315,154.13,1.4049,9.4765,0.8073,,,,,,,
2025-11-04,1.1491,1.3044,153.55,1.4081,9.5651,0.8091,,,,,,,
2025-11-05,1.1485,1.3051,154.11,1.4108,9.5623,0.8107,,,,,,,
2025-11-06,1.1539,1.3107,152.97,1.4127,9.5805,0.8069,,,,,,,
2025-11-07,1.1578,1.3165,153.06,1.4075,9.5313,0.804,,,,,,,
2025-11-10,1.1545,1.3157,153.99,1.4029,9.5251,0.8062,,,,,,,
2025-11-11,,,,,,,,,,,,,
2025-11-12,1.1592,1.3131,154.64,1.4,9.4486,0.7972,,,,,,,
2025-11-13,1.1649,1.3214,154.4,1.401,9.3814,0.7917,,,,,,,
2025-11-14,1.1617,1.3156,154.64,1.4023,9.4485,0.7933,,,,,,,
2025-11-17,1.1598,1.3179,155.2,1.4028,9.4542,0.7956,,,,,,,
2025-11-18,1.1579,1.3152,155.44,1.3996,9.4789,0.7996,,,,,,,
2025-11-19,1.154,1.3077,156.63,1.4049,9.5474,0.8046,,,,,,,
2025-11-20,1.1534,1.3079,157.41,1.4092,9.5428,0.8054,,,,,,,
2025-11-21,1.1506,1.31,156.58,1.4094,9.5622,0.8087,,,,,,,
2025-11-24,1.1518,1.3096,156.94,1.411,9.5573,0.8084,,,,,,,
2025-11-25,1.1553,1.3174,156.3,1.4115,9.5523,0.8091,,,,,,,
2025-11-26,1.1591,1.3228,156.38,1.4051,9.4992,0.8048,,,,,,,
2025-11-27,,,,,,,,,,,,,
2025-11-28,1.16,1.3239,156.17,1.3974,9.4402,0.8036,,,,,,,
2025-12-01,1.1623,1.3229,155.28,1.3982,9.4415,0.8035,2.0457826087,3.75,1.07273,2.164,1.92889,-0.0482128571428571,3.74
2025-12-02,1.1596,1.3186,155.92,1.3988,9.4572,0.8046,,,,,,,
2025-12-03,1.166,1.3334,155.17,1.395,9.3747,0.8004,,,,,,,
2025-12-04,1.1659,1.3355,154.9,1.3939,9.4074,0.8022,,,,,,,
2025-12-05,1.1635,1.3324,155.3,1.3858,9.4113,0.805,,,,,,,
2025-12-08,1.1626,1.3321,155.89,1.3846,9.4065,0.8078,,,,,,,
2025-12-09,1.1639,1.332,156.85,1.3832,9.3471,0.8061,,,,,,,
2025-12-10,1.165,1.334,156.33,1.3834,9.3072,0.8027,,,,,,,
2025-12-11,1.1756,1.3428,155.15,1.3769,9.2363,0.7932,,,,,,,
2025-12-12,1.1731,1.3351,155.81,1.3783,9.2935,0.796,,,,,,,
2025-12-15,1.1756,1.338,155.29,1.3765,9.2841,0.7963,,,,,,,
2025-12-16,1.177,1.3429,154.8,1.3749,9.2857,0.7949,,,,,,,
2025-12-17,1.1748,1.339,155.6,1.3791,9.3024,0.7948,,,,,,,
2025-12-18,1.1729,1.3389,155.53,1.3762,9.2826,0.7942,,,,,,,
2025-12-19,1.1721,1.3379,157.43,1.378,9.2631,0.795,,,,,,,
2025-12-22,1.175,1.3457,156.93,1.3744,9.2353,0.7925,,,,,,,
2025-12-23,1.1776,1.3485,156.33,1.3713,9.1816,0.7897,,,,,,,
2025-12-24,1.178,1.3505,155.83,1.3671,9.169,0.7887,,,,,,,
2025-12-25,,,,,,,,,,,,,
2025-12-26,1.1766,1.3492,156.63,1.3662,9.1673,0.79,,,,,,,
2025-12-29,1.1756,1.3497,156.1,1.368,9.1943,0.7899,,,,,,,
2025-12-30,1.1765,1.348,156.26,1.3678,9.1867,0.7907,,,,,,,
2025-12-31,1.1736,1.3447,156.8,1.3712,9.2227,0.7936,,,,,,,
2026-01-01,,,,,,,2.0277272727,3.71,1.11636,2.19,1.9577,-0.0388865,3.63
2026-01-02,1.1738,1.3481,156.72,1.3738,9.2082,0.7918,,,,,,,
2026-01-05,1.1715,1.3527,156.32,1.3757,9.1837,0.7924,,,,,,,
2026-01-06,1.1689,1.3497,156.7,1.3789,9.2074,0.7954,,,,,,,
2026-01-07,1.169,1.3474,156.73,1.3828,9.1773,0.7967,,,,,,,
2026-01-08,1.1655,1.343,156.9,1.3864,9.2254,0.7993,,,,,,,
2026-01-09,1.1634,1.3413,158.07,1.3893,9.2071,0.8012,,,,,,,
2026-01-12,1.1672,1.3466,158.15,1.3876,9.1805,0.7972,,,,,,,
2026-01-13,1.1646,1.3436,159.06,1.3885,9.2094,0.8005,,,,,,,
2026-01-14,1.1655,1.3445,158.13,1.3871,9.1899,0.7987,,,,,,,
2026-01-15,1.1605,1.3387,158.5,1.3896,9.2288,0.803,,,,,,,
2026-01-16,1.1599,1.3384,158.02,1.392,9.2334,0.8026,,,,,,,
2026-01-19,,,,,,,,,,,,,
2026-01-20,1.1739,1.3472,157.89,1.3821,9.1115,0.7891,,,,,,,
2026-01-21,1.1705,1.343,158.16,1.3813,9.1049,0.7929,,,,,,,
2026-01-22,1.1738,1.3489,158.36,1.3799,9.0211,0.7905,,,,,,,
2026-01-23,1.1771,1.359,157.57,1.3726,8.9953,0.7879,,,,,,,
2026-01-26,1.1886,1.3699,153.88,1.3692,8.921,0.7753,,,,,,,
2026-01-27,1.198,1.3782,153.03,1.3598,8.8199,0.7666,,,,,,,
2026-01-28,1.1941,1.3787,153.6,1.3575,8.8637,0.7694,,,,,,,
2026-01-29,1.1943,1.3795,152.88,1.3518,8.8408,0.7674,,,,,,,
2026-01-30,1.1885,1.3729,154.34,1.3557,8.8656,0.771,,,,,,,
2026-02-01,,,,,,,,,1.22909,2.1775,1.9074,-0.0435,3.66
2026-02-02,1.1807,1.3654,155.5,1.3677,8.9585,0.7797,,,,,,,
2026-02-03,1.1819,1.3701,155.7,1.3644,8.8986,0.7749,,,,,,,
2026-02-04,1.1803,1.3659,156.61,1.3667,8.9939,0.7767,,,,,,,
2026-02-05,1.1802,1.3551,156.91,1.367,9.0109,0.7772,,,,,,,
2026-02-06,1.1812,1.3606,157.1,1.3644,9.0178,0.7758,,,,,,,
2026-02-09,1.1898,1.3667,156.08,1.357,8.9358,0.7679,,,,,,,
2026-02-10,1.1898,1.3664,154.28,1.3533,8.8944,0.7668,,,,,,,
2026-02-11,1.1884,1.3654,152.93,1.3569,8.8881,0.77,,,,,,,
2026-02-12,1.187,1.3632,152.64,1.3623,8.9263,0.7693,,,,,,,
2026-02-13,1.187,1.3644,152.77,1.3618,8.9397,0.7685,,,,,,,
2026-02-16,,,,,,,,,,,,,
2026-02-17,1.1831,1.354,153.57,1.3652,9.0014,0.7718,,,,,,,
2026-02-18,1.181,1.3536,154.45,1.3675,9.0026,0.7723,,,,,,,
2026-02-19,1.1762,1.3446,154.96,1.3701,9.0712,0.7758,,,,,,,
2026-02-20,1.1781,1.35,154.99,1.3688,9.0571,0.7756,,,,,,,
2026-02-23,1.1804,1.3509,154.3,1.3685,9.0527,0.7734,,,,,,,
2026-02-24,1.1789,1.3531,155.66,1.3702,9.0369,0.7734,,,,,,,
2026-02-25,1.1804,1.3552,156.3,1.3685,9.0267,0.7728,,,,,,,
2026-02-26,1.1792,1.3504,156.13,1.3683,9.0545,0.7738,,,,,,,
2026-02-27,1.1822,1.3455,156.05,1.3632,9.0199,0.7686,,,,,,,
2026-03-01,,,,,,,,,1.26882,2.23,1.93618,-0.0411959090909091,3.69
2026-03-02,1.169,1.3393,157.48,1.3705,9.1557,0.7797,,,,,,,
2026-03-03,1.1604,1.333,157.69,1.3662,9.275,0.7828,,,,,,,
2026-03-04,1.1638,1.337,156.93,1.3661,9.1602,0.7798,,,,,,,
2026-03-05,1.1585,1.332,157.58,1.3693,9.2383,0.7819,,,,,,,
2026-03-06,1.1606,1.3398,157.64,1.3599,9.1835,0.7778,,,,,,,
2026-03-09,1.1592,1.3395,158.08,1.3573,9.2013,0.7787,,,,,,,
2026-03-10,1.1648,1.346,157.6,1.3562,9.1294,0.7753,,,,,,,
2026-03-11,1.1566,1.3399,158.83,1.3603,9.2228,0.7806,,,,,,,
2026-03-12,1.1522,1.335,159.21,1.3618,9.3291,0.7844,,,,,,,
2026-03-13,1.1444,1.324,159.54,1.3736,9.4189,0.7898,,,,,,,
2026-03-16,1.1487,1.3302,159.3,1.3683,9.3536,0.7887,,,,,,,
2026-03-17,1.1525,1.3345,159.03,1.3706,9.2832,0.7857,,,,,,,
2026-03-18,1.1513,1.3323,159.48,1.3697,9.3461,0.7892,,,,,,,
2026-03-19,1.1515,1.3361,158.19,1.3721,9.3544,0.7924,,,,,,,
2026-03-20,1.1543,1.3303,159.26,1.3731,9.3611,0.789,,,,,,,
2026-03-23,1.1587,1.3385,158.7,1.3718,9.3432,0.7878,,,,,,,
2026-03-24,1.1578,1.3383,158.9,1.3764,9.3298,0.7914,,,,,,,
2026-03-25,1.157,1.3373,159.2,1.3799,9.3432,0.7918,,,,,,,
2026-03-26,1.1542,1.3353,159.65,1.3849,9.409,0.7935,,,,,,,
2026-03-27,1.152,1.3293,160.16,1.388,9.4548,0.797,,,,,,,
2026-03-30,1.1454,1.3191,159.49,1.3921,9.5528,0.8001,,,,,,,
2026-03-31,1.1518,1.3184,159.08,1.3953,9.533,0.8027,,,,,,,
2026-04-01,1.1614,1.3331,158.63,1.3875,9.3817,0.7933,,,1.24182,2.272,1.93585,-0.0398335,3.77
2026-04-02,1.1546,1.3241,159.34,1.3917,9.413,0.7985,,,,,,,
2026-04-03,1.1523,1.3202,159.64,1.3942,9.4747,0.7999,,,,,,,
2026-04-06,1.1545,1.3235,159.71,1.3913,9.4257,0.7979,,,,,,,
2026-04-07,1.1571,1.324,159.9,1.3905,9.5237,0.7997,,,,,,,
2026-04-08,1.1686,1.3439,158.39,1.3851,9.3034,0.7899,,,,,,,
2026-04-09,1.1706,1.3443,158.87,1.3807,9.2789,0.7889,,,,,,,
2026-04-10,1.1723,1.346,159.22,1.3828,9.2651,0.7893,,,,,,,
2026-04-13,1.171,1.3459,159.74,1.3811,9.229,0.7876,,,,,,,
2026-04-14,1.1791,1.3563,158.91,1.3757,9.1906,0.781,,,,,,,
2026-04-15,1.1799,1.3569,159.02,1.374,9.1638,0.7815,,,,,,,
2026-04-16,1.1783,1.354,159.07,1.3706,9.1857,0.7833,,,,,,,
2026-04-17,1.1801,1.3556,158.1,1.3667,9.1354,0.7795,,,,,,,
2026-04-20,1.1785,1.3542,158.66,1.3649,9.1239,0.7782,,,,,,,
2026-04-21,1.1752,1.3512,159.39,1.3642,9.1614,0.78,,,,,,,
2026-04-22,1.1714,1.3505,159.49,1.3659,9.1995,0.7835,,,,,,,
2026-04-23,1.1704,1.3495,159.44,1.3682,9.2153,0.7843,,,,,,,
2026-04-24,1.1718,1.3518,159.35,1.3675,9.2226,0.7848,,,,,,,
2026-04-27,1.1731,1.3553,159.29,1.3616,9.2115,0.7845,,,,,,,
2026-04-28,1.1715,1.3513,159.53,1.3671,9.2645,0.7888,,,,,,,
2026-04-29,1.1695,1.3493,160.23,1.3671,9.2977,0.7902,,,,,,,
2026-04-30,1.1729,1.358,156.66,1.3611,9.2496,0.7824,,,,,,,
2026-05-01,1.1755,1.3621,156.76,1.3575,9.1913,0.7796,,,1.27409,2.2925,1.95663,-0.0394444444444444,3.72
2026-05-04,1.1698,1.3535,157.21,1.3608,9.2806,0.7835,,,,,,,
2026-05-05,1.1707,1.3576,157.68,1.3609,9.246,0.7822,,,,,,,
2026-05-06,1.1753,1.3597,156.44,1.3621,9.2331,0.7793,,,,,,,
2026-05-07,1.1764,1.3612,156.48,1.3636,9.2251,0.7777,,,,,,,
2026-05-08,1.1773,1.3625,156.64,1.3679,9.2302,0.7773,,,,,,,
2026-05-11,1.178,1.3651,157.04,1.3664,9.2166,0.7773,,,,,,,
2026-05-12,1.1733,1.3528,157.71,1.3712,9.3037,0.7817,,,,,,,
2026-05-13,1.1711,1.352,157.84,1.3701,9.3156,0.7825,,,,,,,
2026-05-14,1.1678,1.348,158.08,1.3724,9.3428,0.783,,,,,,,
2026-05-15,1.1627,1.3332,158.69,1.375,9.4415,0.7868,,,,,,,
2026-05-18,1.1649,1.342,158.83,1.3742,9.3982,0.7856,,,,,,,
2026-05-19,1.1602,1.3401,159.11,1.3754,9.402,0.7897,,,,,,,
2026-05-20,1.162,1.3441,158.84,1.3747,9.3345,0.7876,,,,,,,
2026-05-21,1.1589,1.3407,159.16,1.3788,9.3798,0.7893,,,,,,,
2026-05-22,1.1603,1.3439,159.2,1.3817,9.3547,0.7857,,,,,,,
2026-05-25,,,,,,,,,,,,,
2026-05-26,1.162,1.3437,159.36,1.3803,9.3295,0.786,,,,,,,
2026-05-27,1.1631,1.3431,159.47,1.3829,9.2942,0.7871,,,,,,,
2026-05-28,1.1649,1.3438,159.29,1.3798,9.2629,0.7845,,,,,,,
2026-05-29,1.1679,1.3476,159.23,1.3784,9.2191,0.7811,,,,,,,
2026-06-01,1.1624,1.3451,159.66,1.3837,9.3149,0.7868,,,,2.2725,1.95376,-0.045,3.77
2026-06-02,1.1642,1.3481,159.86,1.3822,9.3008,0.7858,,,,,,,
2026-06-03,1.1605,1.3435,159.97,1.3891,9.3966,0.7908,,,,,,,
2026-06-04,1.1629,1.3441,159.97,1.3889,9.3598,0.7885,,,,,,,
2026-06-05,1.1533,1.336,160.26,1.3931,9.4601,0.7955,,,,,,,
2026-06-08,1.1545,1.3347,160.12,1.3949,9.4244,0.7972,,,,,,,
2026-06-09,1.1556,1.3389,160.23,1.3957,9.4532,0.7971,,,,,,,
2026-06-10,1.155,1.3392,160.47,1.3927,9.4859,0.7984,,,,,,,
2026-06-11,1.1515,1.3337,160.51,1.4004,9.5503,0.8007,,,,,,,
2026-06-12,1.1573,1.3414,160.24,1.3971,9.4141,0.7964,,,,,,,
2026-06-15,1.1599,1.3426,160.2,1.3984,9.3821,0.7937,,,,,,,
2026-06-16,1.1615,1.3438,160.39,1.3982,9.3599,0.7928,,,,,,,
2026-06-17,1.1593,1.34,160.22,1.403,9.3979,0.793,,,,,,,
2026-06-18,1.147,1.3228,161.37,1.4142,9.5709,0.804,,,,,,,
2026-06-19,,,,,,,,,,,,,
2026-06-22,1.1432,1.3249,161.51,1.4167,9.6149,0.8091,,,,,,,
2026-06-23,1.1383,1.3192,161.55,1.4198,9.73,0.8097,,,,,,,
2026-06-24,1.1348,1.316,161.76,1.4237,9.7678,0.8126,,,,,,,
2026-06-25,1.1385,1.3216,161.67,1.4191,9.7102,0.8093,,,,,,,
2026-06-26,1.1403,1.3223,161.67,1.4182,9.7112,0.8082,,,,,,,
2026-06-29,1.1425,1.3255,161.93,1.421,9.7198,0.8081,,,,,,,
2026-06-30,1.1417,1.3259,162.61,1.4205,9.7013,0.8082,,,,,,,
2026-07-01,1.1384,1.328,162.41,1.4205,9.7215,0.8086,,,,,,,
2026-07-02,1.1448,1.3364,160.9,1.4182,9.6567,0.8022,,,,,,,
2026-07-03,,,,,,,,,,,,,
2026-07-06,1.1426,1.3369,162.28,1.4214,9.645,0.8063,,,,,,,
2026-07-07,1.1423,1.3372,161.91,1.4194,9.672,0.8069,,,,,,,
2026-07-08,1.1396,1.3362,162.67,1.419,9.7392,0.8105,,,,,,,
2026-07-09,1.1439,1.3409,162.29,1.4163,9.6521,0.8063,,,,,,,
2026-07-10,1.1438,1.3421,161.31,1.4132,9.6382,0.8063,,,,,,,
2026-07-13,1.1402,1.3382,162.32,1.4138,9.679,0.8123,,,,,,,
2026-07-14,1.1428,1.3383,162.14,1.4067,9.6555,0.8091,,,,,,,
2026-07-15,1.1436,1.3497,162.13,1.4047,9.634,0.8067,,,,,,,
2026-07-16,1.1447,1.3485,162.42,1.4033,9.6387,0.8079,,,,,,,
2026-07-17,1.144,1.3446,162.43,1.4014,9.6417,0.8069,,,,,,,
2026-07-20,1.1411,1.342,162.59,1.4059,9.6874,0.8104,,,,,,,
2026-07-21,1.1408,1.3374,163.01,1.4097,9.6926,0.8122,,,,,,,
2026-07-22,1.1414,1.3378,163.08,1.4084,9.6862,0.8134,,,,,,,
2026-07-23,1.1373,1.3313,163.8,1.4087,9.767,0.8172,,,,,,,
2026-07-24,1.1385,1.3344,163.71,1.4078,9.6998,0.8168,,,,,,,
2026-07-27,1.1376,1.3304,163.71,1.411,9.7225,0.8187,,,,,,,
2026-07-28,1.1401,1.3311,163.65,1.4091,9.6789,0.817,,,,,,,
2026-07-29,1.1384,1.3288,163.86,1.4086,9.7234,0.8199,,,,,,,
2026-07-30,1.1522,1.3463,159.47,1.4003,9.5351,0.8056,,,,,,,
2026-07-31,1.1519,1.347,159.16,1.4028,9.5268,0.8081,,,,,,,
2026-08-03,1.1509,1.3434,156.96,1.4039,9.5527,0.8104,,,,,,,
2026-08-04,1.1527,1.3456,157.44,1.4071,9.5303,0.8092,,,,,,,
2026-08-05,1.1547,1.3462,157.63,1.4018,9.4969,0.8075,,,,,,,
2026-08-06,1.1521,1.3456,158.45,1.4029,9.5155,0.8129,,,,,,,
2026-08-07,1.1559,1.3498,157.54,1.3933,9.4751,0.8078,,,,,,,
2026-08-10,1.1552,1.3526,158.9,1.3927,9.4846,0.8089,,,,,,,
2026-08-11,1.1543,1.3516,159.25,1.3923,9.5163,0.8109,,,,,,,
2026-08-12,1.154,1.3511,159.23,1.3919,9.5536,0.8117,,,,,,,
2026-08-13,1.1531,1.3497,159.35,1.3934,9.5683,0.813,,,,,,,
2026-08-14,1.1581,1.3556,159.21,1.3872,9.5121,0.8116,,,,,,,
2026-08-17,1.1591,1.3564,159.34,1.3867,9.4919,0.8096,,,,,,,
2026-08-18,1.158,1.3543,159.58,1.3889,9.5309,0.8121,,,,,,,
2026-08-19,1.1664,1.3608,158.45,1.3821,9.4469,0.7998,,,,,,,
2026-08-20,1.1679,1.3639,158.85,1.378,9.488,0.7998,,,,,,,
2026-08-21,1.1684,1.3644,158.91,1.3765,9.4632,0.8008,,,,,,,
