Date,DTB3,DFF,ECBDFR,ECBMRRFR,IR3TIB01JPM156N,IR3TIB01GBM156N,IR3TIB01CAM156N,IR3TIB01SEM156N,IR3TIB01CHM156N,IR3TIB01EZM156N,IR3TIB01USM156N
2010-01-01,,0.05,0.25,1.0,0.45,0.61265,0.1725,0.2,0.0903594,0.67975,0.2
2010-01-02,,0.05,0.25,1.0,,,,,,,
2010-01-03,,0.05,0.25,1.0,,,,,,,
2010-01-04,0.08,0.12,0.25,1.0,,,,,,,
2010-01-05,0.07,0.12,0.25,1.0,,,,,,,
2010-01-06,0.06,0.12,0.25,1.0,,,,,,,
2010-01-07,0.05,0.1,0.25,1.0,,,,,,,
2010-01-08,0.05,0.11,0.25,1.0,,,,,,,
2010-01-09,,0.11,0.25,1.0,,,,,,,
2010-01-10,,0.11,0.25,1.0,,,,,,,
2010-01-11,0.04,0.11,0.25,1.0,,,,,,,
2010-01-12,0.05,0.11,0.25,1.0,,,,,,,
2010-01-13,0.06,0.11,0.25,1.0,,,,,,,
2010-01-14,0.05,0.11,0.25,1.0,,,,,,,
2010-01-15,0.06,0.12,0.25,1.0,,,,,,,
2010-01-16,,0.12,0.25,1.0,,,,,,,
2010-01-17,,0.12,0.25,1.0,,,,,,,
2010-01-18,,0.12,0.25,1.0,,,,,,,
2010-01-19,0.06,0.13,0.25,1.0,,,,,,,
2010-01-20,0.05,0.13,0.25,1.0,,,,,,,
2010-01-21,0.06,0.12,0.25,1.0,,,,,,,
2010-01-22,0.06,0.11,0.25,1.0,,,,,,,
2010-01-23,,0.11,0.25,1.0,,,,,,,
2010-01-24,,0.11,0.25,1.0,,,,,,,
2010-01-25,0.06,0.12,0.25,1.0,,,,,,,
2010-01-26,0.07,0.12,0.25,1.0,,,,,,,
2010-01-27,0.08,0.12,0.25,1.0,,,,,,,
2010-01-28,0.08,0.12,0.25,1.0,,,,,,,
2010-01-29,0.08,0.12,0.25,1.0,,,,,,,
2010-01-30,,0.12,0.25,1.0,,,,,,,
2010-01-31,,0.12,0.25,1.0,,,,,,,
2010-02-01,0.1,0.14,0.25,1.0,0.44,0.6331,0.165,0.22,0.09874325,0.6617,0.19
2010-02-02,0.1,0.14,0.25,1.0,,,,,,,
2010-02-03,0.1,0.13,0.25,1.0,,,,,,,
2010-02-04,0.09,0.14,0.25,1.0,,,,,,,
2010-02-05,0.1,0.13,0.25,1.0,,,,,,,
2010-02-06,,0.13,0.25,1.0,,,,,,,
2010-02-07,,0.13,0.25,1.0,,,,,,,
2010-02-08,0.12,0.13,0.25,1.0,,,,,,,
2010-02-09,0.12,0.13,0.25,1.0,,,,,,,
2010-02-10,0.11,0.12,0.25,1.0,,,,,,,
2010-02-11,0.11,0.12,0.25,1.0,,,,,,,
2010-02-12,0.1,0.12,0.25,1.0,,,,,,,
2010-02-13,,0.12,0.25,1.0,,,,,,,
2010-02-14,,0.12,0.25,1.0,,,,,,,
2010-02-15,,0.12,0.25,1.0,,,,,,,
2010-02-16,0.1,0.13,0.25,1.0,,,,,,,
2010-02-17,0.1,0.12,0.25,1.0,,,,,,,
2010-02-18,0.1,0.12,0.25,1.0,,,,,,,
2010-02-19,0.11,0.13,0.25,1.0,,,,,,,
2010-02-20,,0.13,0.25,1.0,,,,,,,
2010-02-21,,0.13,0.25,1.0,,,,,,,
2010-02-22,0.11,0.12,0.25,1.0,,,,,,,
2010-02-23,0.12,0.12,0.25,1.0,,,,,,,
2010-02-24,0.12,0.11,0.25,1.0,,,,,,,
2010-02-25,0.13,0.12,0.25,1.0,,,,,,,
2010-02-26,0.13,0.13,0.25,1.0,,,,,,,
2010-02-27,,0.13,0.25,1.0,,,,,,,
2010-02-28,,0.13,0.25,1.0,,,,,,,
2010-03-01,0.13,0.14,0.25,1.0,0.43,0.64549,0.228,0.23,0.0957777272727273,0.64495652173913,0.23
2010-03-02,0.14,0.14,0.25,1.0,,,,,,,
2010-03-03,0.14,0.15,0.25,1.0,,,,,,,
2010-03-04,0.14,0.16,0.25,1.0,,,,,,,
2010-03-05,0.15,0.17,0.25,1.0,,,,,,,
2010-03-06,,0.17,0.25,1.0,,,,,,,
2010-03-07,,0.17,0.25,1.0,,,,,,,
2010-03-08,0.16,0.15,0.25,1.0,,,,,,,
2010-03-09,0.16,0.14,0.25,1.0,,,,,,,
2010-03-10,0.15,0.14,0.25,1.0,,,,,,,
2010-03-11,0.16,0.15,0.25,1.0,,,,,,,
2010-03-12,0.15,0.17,0.25,1.0,,,,,,,
2010-03-13,,0.17,0.25,1.0,,,,,,,
2010-03-14,,0.17,0.25,1.0,,,,,,,
2010-03-15,0.17,0.2,0.25,1.0,,,,,,,
2010-03-16,0.16,0.2,0.25,1.0,,,,,,,
2010-03-17,0.15,0.18,0.25,1.0,,,,,,,
2010-03-18,0.16,0.18,0.25,1.0,,,,,,,
2010-03-19,0.16,0.18,0.25,1.0,,,,,,,
2010-03-20,,0.18,0.25,1.0,,,,,,,
2010-03-21,,0.18,0.25,1.0,,,,,,,
2010-03-22,0.15,0.18,0.25,1.0,,,,,,,
2010-03-23,0.14,0.17,0.25,1.0,,,,,,,
2010-03-24,0.14,0.17,0.25,1.0,,,,,,,
2010-03-25,0.14,0.17,0.25,1.0,,,,,,,
2010-03-26,0.14,0.17,0.25,1.0,,,,,,,
2010-03-27,,0.17,0.25,1.0,,,,,,,
2010-03-28,,0.17,0.25,1.0,,,,,,,
2010-03-29,0.15,0.16,0.25,1.0,,,,,,,
2010-03-30,0.16,0.16,0.25,1.0,,,,,,,
2010-03-31,0.16,0.09,0.25,1.0,,,,,,,
2010-04-01,0.16,0.17,0.25,1.0,0.4,0.65592,0.3375,0.29,0.0879435,0.6447,0.3
2010-04-02,0.16,0.2,0.25,1.0,,,,,,,
2010-04-03,,0.2,0.25,1.0,,,,,,,
2010-04-04,,0.2,0.25,1.0,,,,,,,
2010-04-05,0.18,0.2,0.25,1.0,,,,,,,
2010-04-06,0.17,0.2,0.25,1.0,,,,,,,
2010-04-07,0.17,0.19,0.25,1.0,,,,,,,
2010-04-08,0.17,0.19,0.25,1.0,,,,,,,
2010-04-09,0.16,0.19,0.25,1.0,,,,,,,
2010-04-10,,0.19,0.25,1.0,,,,,,,
2010-04-11,,0.19,0.25,1.0,,,,,,,
2010-04-12,0.16,0.19,0.25,1.0,,,,,,,
2010-04-13,0.16,0.2,0.25,1.0,,,,,,,
2010-04-14,0.16,0.2,0.25,1.0,,,,,,,
2010-04-15,0.16,0.22,0.25,1.0,,,,,,,
2010-04-16,0.16,0.21,0.25,1.0,,,,,,,
2010-04-17,,0.21,0.25,1.0,,,,,,,
2010-04-18,,0.21,0.25,1.0,,,,,,,
2010-04-19,0.16,0.2,0.25,1.0,,,,,,,
2010-04-20,0.16,0.2,0.25,1.0,,,,,,,
2010-04-21,0.15,0.2,0.25,1.0,,,,,,,
2010-04-22,0.16,0.2,0.25,1.0,,,,,,,
2010-04-23,0.16,0.2,0.25,1.0,,,,,,,
2010-04-24,,0.2,0.25,1.0,,,,,,,
2010-04-25,,0.2,0.25,1.0,,,,,,,
2010-04-26,0.16,0.2,0.25,1.0,,,,,,,
2010-04-27,0.16,0.2,0.25,1.0,,,,,,,
2010-04-28,0.16,0.2,0.25,1.0,,,,,,,
2010-04-29,0.17,0.19,0.25,1.0,,,,,,,
2010-04-30,0.16,0.2,0.25,1.0,,,,,,,
2010-05-01,,0.2,0.25,1.0,0.39,0.69713,0.39,0.28,0.08190975,0.68652380952381,0.45
2010-05-02,,0.2,0.25,1.0,,,,,,,
2010-05-03,0.17,0.2,0.25,1.0,,,,,,,
2010-05-04,0.16,0.21,0.25,1.0,,,,,,,
2010-05-05,0.15,0.21,0.25,1.0,,,,,,,
2010-05-06,0.11,0.2,0.25,1.0,,,,,,,
2010-05-07,0.13,0.2,0.25,1.0,,,,,,,
2010-05-08,,0.2,0.25,1.0,,,,,,,
2010-05-09,,0.2,0.25,1.0,,,,,,,
2010-05-10,0.16,0.2,0.25,1.0,,,,,,,
2010-05-11,0.16,0.2,0.25,1.0,,,,,,,
2010-05-12,0.16,0.2,0.25,1.0,,,,,,,
2010-05-13,0.16,0.2,0.25,1.0,,,,,,,
2010-05-14,0.16,0.2,0.25,1.0,,,,,,,
2010-05-15,,0.2,0.25,1.0,,,,,,,
2010-05-16,,0.2,0.25,1.0,,,,,,,
2010-05-17,0.16,0.21,0.25,1.0,,,,,,,
2010-05-18,0.17,0.21,0.25,1.0,,,,,,,
2010-05-19,0.17,0.2,0.25,1.0,,,,,,,
2010-05-20,0.17,0.2,0.25,1.0,,,,,,,
2010-05-21,0.17,0.2,0.25,1.0,,,,,,,
2010-05-22,,0.2,0.25,1.0,,,,,,,
2010-05-23,,0.2,0.25,1.0,,,,,,,
2010-05-24,0.17,0.21,0.25,1.0,,,,,,,
2010-05-25,0.17,0.21,0.25,1.0,,,,,,,
2010-05-26,0.17,0.2,0.25,1.0,,,,,,,
2010-05-27,0.17,0.2,0.25,1.0,,,,,,,
2010-05-28,0.16,0.19,0.25,1.0,,,,,,,
2010-05-29,,0.19,0.25,1.0,,,,,,,
2010-05-30,,0.19,0.25,1.0,,,,,,,
2010-05-31,,0.19,0.25,1.0,,,,,,,
2010-06-01,0.16,0.2,0.25,1.0,0.38,0.72839,0.522,0.27,0.11774075,0.727590909090909,0.52
2010-06-02,0.16,0.2,0.25,1.0,,,,,,,
2010-06-03,0.14,0.19,0.25,1.0,,,,,,,
2010-06-04,0.14,0.19,0.25,1.0,,,,,,,
2010-06-05,,0.19,0.25,1.0,,,,,,,
2010-06-06,,0.19,0.25,1.0,,,,,,,
2010-06-07,0.12,0.19,0.25,1.0,,,,,,,
2010-06-08,0.12,0.19,0.25,1.0,,,,,,,
2010-06-09,0.1,0.18,0.25,1.0,,,,,,,
2010-06-10,0.1,0.18,0.25,1.0,,,,,,,
2010-06-11,0.08,0.18,0.25,1.0,,,,,,,
2010-06-12,,0.18,0.25,1.0,,,,,,,
2010-06-13,,0.18,0.25,1.0,,,,,,,
2010-06-14,0.07,0.18,0.25,1.0,,,,,,,
2010-06-15,0.09,0.19,0.25,1.0,,,,,,,
2010-06-16,0.1,0.19,0.25,1.0,,,,,,,
2010-06-17,0.09,0.19,0.25,1.0,,,,,,,
2010-06-18,0.11,0.18,0.25,1.0,,,,,,,
2010-06-19,,0.18,0.25,1.0,,,,,,,
2010-06-20,,0.18,0.25,1.0,,,,,,,
2010-06-21,0.12,0.17,0.25,1.0,,,,,,,
2010-06-22,0.13,0.18,0.25,1.0,,,,,,,
2010-06-23,0.13,0.17,0.25,1.0,,,,,,,
2010-06-24,0.13,0.16,0.25,1.0,,,,,,,
2010-06-25,0.13,0.16,0.25,1.0,,,,,,,
2010-06-26,,0.16,0.25,1.0,,,,,,,
2010-06-27,,0.16,0.25,1.0,,,,,,,
2010-06-28,0.17,0.17,0.25,1.0,,,,,,,
2010-06-29,0.15,0.15,0.25,1.0,,,,,,,
2010-06-30,0.18,0.09,0.25,1.0,,,,,,,
2010-07-01,0.17,0.17,0.25,1.0,0.37,0.73603,0.575,0.39,0.18285119047619,0.848818181818182,0.41
2010-07-02,0.17,0.18,0.25,1.0,,,,,,,
2010-07-03,,0.18,0.25,1.0,,,,,,,
2010-07-04,,0.18,0.25,1.0,,,,,,,
2010-07-05,,0.18,0.25,1.0,,,,,,,
2010-07-06,0.17,0.18,0.25,1.0,,,,,,,
2010-07-07,0.16,0.18,0.25,1.0,,,,,,,
2010-07-08,0.15,0.17,0.25,1.0,,,,,,,
2010-07-09,0.16,0.18,0.25,1.0,,,,,,,
2010-07-10,,0.18,0.25,1.0,,,,,,,
2010-07-11,,0.18,0.25,1.0,,,,,,,
2010-07-12,0.16,0.17,0.25,1.0,,,,,,,
2010-07-13,0.15,0.17,0.25,1.0,,,,,,,
2010-07-14,0.15,0.17,0.25,1.0,,,,,,,
2010-07-15,0.15,0.19,0.25,1.0,,,,,,,
2010-07-16,0.15,0.19,0.25,1.0,,,,,,,
2010-07-17,,0.19,0.25,1.0,,,,,,,
2010-07-18,,0.19,0.25,1.0,,,,,,,
2010-07-19,0.17,0.19,0.25,1.0,,,,,,,
2010-07-20,0.16,0.18,0.25,1.0,,,,,,,
2010-07-21,0.16,0.18,0.25,1.0,,,,,,,
2010-07-22,0.16,0.18,0.25,1.0,,,,,,,
2010-07-23,0.16,0.19,0.25,1.0,,,,,,,
2010-07-24,,0.19,0.25,1.0,,,,,,,
2010-07-25,,0.19,0.25,1.0,,,,,,,
2010-07-26,0.16,0.19,0.25,1.0,,,,,,,
2010-07-27,0.15,0.19,0.25,1.0,,,,,,,
2010-07-28,0.15,0.2,0.25,1.0,,,,,,,
2010-07-29,0.15,0.19,0.25,1.0,,,,,,,
2010-07-30,0.15,0.18,0.25,1.0,,,,,,,
2010-07-31,,0.18,0.25,1.0,,,,,,,
2010-08-01,,0.18,0.25,1.0,0.36,0.73296,0.66,0.45,0.20656935,0.8955,0.32
2010-08-02,0.16,0.19,0.25,1.0,,,,,,,
2010-08-03,0.16,0.19,0.25,1.0,,,,,,,
2010-08-04,0.16,0.19,0.25,1.0,,,,,,,
2010-08-05,0.15,0.19,0.25,1.0,,,,,,,
2010-08-06,0.15,0.18,0.25,1.0,,,,,,,
2010-08-07,,0.18,0.25,1.0,,,,,,,
2010-08-08,,0.18,0.25,1.0,,,,,,,
2010-08-09,0.15,0.18,0.25,1.0,,,,,,,
2010-08-10,0.15,0.18,0.25,1.0,,,,,,,
2010-08-11,0.15,0.17,0.25,1.0,,,,,,,
2010-08-12,0.16,0.18,0.25,1.0,,,,,,,
2010-08-13,0.15,0.19,0.25,1.0,,,,,,,
2010-08-14,,0.19,0.25,1.0,,,,,,,
2010-08-15,,0.19,0.25,1.0,,,,,,,
2010-08-16,0.16,0.2,0.25,1.0,,,,,,,
2010-08-17,0.17,0.2,0.25,1.0,,,,,,,
2010-08-18,0.16,0.19,0.25,1.0,,,,,,,
2010-08-19,0.16,0.19,0.25,1.0,,,,,,,
2010-08-20,0.15,0.2,0.25,1.0,,,,,,,
2010-08-21,,0.2,0.25,1.0,,,,,,,
2010-08-22,,0.2,0.25,1.0,,,,,,,
2010-08-23,0.16,0.19,0.25,1.0,,,,,,,
2010-08-24,0.16,0.19,0.25,1.0,,,,,,,
2010-08-25,0.16,0.19,0.25,1.0,,,,,,,
2010-08-26,0.16,0.19,0.25,1.0,,,,,,,
2010-08-27,0.15,0.19,0.25,1.0,,,,,,,
2010-08-28,,0.19,0.25,1.0,,,,,,,
2010-08-29,,0.19,0.25,1.0,,,,,,,
2010-08-30,0.14,0.19,0.25,1.0,,,,,,,
2010-08-31,0.14,0.21,0.25,1.0,,,,,,,
2010-09-01,0.13,0.19,0.25,1.0,0.36,0.72859,0.85,0.52,0.213812095238095,0.8805,0.28
2010-09-02,0.14,0.19,0.25,1.0,,,,,,,
2010-09-03,0.14,0.19,0.25,1.0,,,,,,,
2010-09-04,,0.19,0.25,1.0,,,,,,,
2010-09-05,,0.19,0.25,1.0,,,,,,,
2010-09-06,,0.19,0.25,1.0,,,,,,,
2010-09-07,0.14,0.2,0.25,1.0,,,,,,,
2010-09-08,0.14,0.19,0.25,1.0,,,,,,,
2010-09-09,0.14,0.18,0.25,1.0,,,,,,,
2010-09-10,0.14,0.18,0.25,1.0,,,,,,,
2010-09-11,,0.18,0.25,1.0,,,,,,,
2010-09-12,,0.18,0.25,1.0,,,,,,,
2010-09-13,0.15,0.18,0.25,1.0,,,,,,,
2010-09-14,0.15,0.19,0.25,1.0,,,,,,,
2010-09-15,0.15,0.21,0.25,1.0,,,,,,,
2010-09-16,0.16,0.21,0.25,1.0,,,,,,,
2010-09-17,0.16,0.21,0.25,1.0,,,,,,,
2010-09-18,,0.21,0.25,1.0,,,,,,,
2010-09-19,,0.21,0.25,1.0,,,,,,,
2010-09-20,0.17,0.21,0.25,1.0,,,,,,,
2010-09-21,0.17,0.2,0.25,1.0,,,,,,,
2010-09-22,0.16,0.21,0.25,1.0,,,,,,,
2010-09-23,0.16,0.2,0.25,1.0,,,,,,,
2010-09-24,0.15,0.21,0.25,1.0,,,,,,,
2010-09-25,,0.21,0.25,1.0,,,,,,,
2010-09-26,,0.21,0.25,1.0,,,,,,,
2010-09-27,0.16,0.19,0.25,1.0,,,,,,,
2010-09-28,0.16,0.19,0.25,1.0,,,,,,,
2010-09-29,0.16,0.19,0.25,1.0,,,,,,,
2010-09-30,0.16,0.15,0.25,1.0,,,,,,,
2010-10-01,0.16,0.2,0.25,1.0,0.34,0.7384,0.895,0.81,0.24791775,0.997666666666667,0.27
2010-10-02,,0.2,0.25,1.0,,,,,,,
2010-10-03,,0.2,0.25,1.0,,,,,,,
2010-10-04,0.13,0.2,0.25,1.0,,,,,,,
2010-10-05,0.12,0.2,0.25,1.0,,,,,,,
2010-10-06,0.13,0.19,0.25,1.0,,,,,,,
2010-10-07,0.13,0.18,0.25,1.0,,,,,,,
2010-10-08,0.12,0.18,0.25,1.0,,,,,,,
2010-10-09,,0.18,0.25,1.0,,,,,,,
2010-10-10,,0.18,0.25,1.0,,,,,,,
2010-10-11,,0.18,0.25,1.0,,,,,,,
2010-10-12,0.13,0.18,0.25,1.0,,,,,,,
2010-10-13,0.13,0.18,0.25,1.0,,,,,,,
2010-10-14,0.14,0.19,0.25,1.0,,,,,,,
2010-10-15,0.14,0.2,0.25,1.0,,,,,,,
2010-10-16,,0.2,0.25,1.0,,,,,,,
2010-10-17,,0.2,0.25,1.0,,,,,,,
2010-10-18,0.15,0.19,0.25,1.0,,,,,,,
2010-10-19,0.14,0.19,0.25,1.0,,,,,,,
2010-10-20,0.14,0.19,0.25,1.0,,,,,,,
2010-10-21,0.13,0.19,0.25,1.0,,,,,,,
2010-10-22,0.13,0.19,0.25,1.0,,,,,,,
2010-10-23,,0.19,0.25,1.0,,,,,,,
2010-10-24,,0.19,0.25,1.0,,,,,,,
2010-10-25,0.14,0.19,0.25,1.0,,,,,,,
2010-10-26,0.14,0.19,0.25,1.0,,,,,,,
2010-10-27,0.14,0.19,0.25,1.0,,,,,,,
2010-10-28,0.13,0.19,0.25,1.0,,,,,,,
2010-10-29,0.12,0.2,0.25,1.0,,,,,,,
2010-10-30,,0.2,0.25,1.0,,,,,,,
2010-10-31,,0.2,0.25,1.0,,,,,,,
2010-11-01,0.13,0.2,0.25,1.0,0.34,0.73901,0.9525,1.11,0.18600105,1.04204545454545,0.27
2010-11-02,0.13,0.2,0.25,1.0,,,,,,,
2010-11-03,0.13,0.2,0.25,1.0,,,,,,,
2010-11-04,0.13,0.19,0.25,1.0,,,,,,,
2010-11-05,0.13,0.18,0.25,1.0,,,,,,,
2010-11-06,,0.18,0.25,1.0,,,,,,,
2010-11-07,,0.18,0.25,1.0,,,,,,,
2010-11-08,0.13,0.18,0.25,1.0,,,,,,,
2010-11-09,0.13,0.17,0.25,1.0,,,,,,,
2010-11-10,0.13,0.17,0.25,1.0,,,,,,,
2010-11-11,,0.17,0.25,1.0,,,,,,,
2010-11-12,0.13,0.19,0.25,1.0,,,,,,,
2010-11-13,,0.19,0.25,1.0,,,,,,,
2010-11-14,,0.19,0.25,1.0,,,,,,,
2010-11-15,0.14,0.21,0.25,1.0,,,,,,,
2010-11-16,0.15,0.21,0.25,1.0,,,,,,,
2010-11-17,0.14,0.2,0.25,1.0,,,,,,,
2010-11-18,0.15,0.2,0.25,1.0,,,,,,,
2010-11-19,0.14,0.21,0.25,1.0,,,,,,,
2010-11-20,,0.21,0.25,1.0,,,,,,,
2010-11-21,,0.21,0.25,1.0,,,,,,,
2010-11-22,0.15,0.19,0.25,1.0,,,,,,,
2010-11-23,0.15,0.2,0.25,1.0,,,,,,,
2010-11-24,0.16,0.2,0.25,1.0,,,,,,,
2010-11-25,,0.2,0.25,1.0,,,,,,,
2010-11-26,0.16,0.2,0.25,1.0,,,,,,,
2010-11-27,,0.2,0.25,1.0,,,,,,,
2010-11-28,,0.2,0.25,1.0,,,,,,,
2010-11-29,0.18,0.2,0.25,1.0,,,,,,,
2010-11-30,0.17,0.2,0.25,1.0,,,,,,,
2010-12-01,0.16,0.2,0.25,1.0,0.34,0.74962,0.994,1.28,0.191368111111111,1.02169565217391,0.3
2010-12-02,0.16,0.19,0.25,1.0,,,,,,,
2010-12-03,0.14,0.18,0.25,1.0,,,,,,,
2010-12-04,,0.18,0.25,1.0,,,,,,,
2010-12-05,,0.18,0.25,1.0,,,,,,,
2010-12-06,0.15,0.18,0.25,1.0,,,,,,,
2010-12-07,0.14,0.17,0.25,1.0,,,,,,,
2010-12-08,0.15,0.17,0.25,1.0,,,,,,,
2010-12-09,0.14,0.16,0.25,1.0,,,,,,,
2010-12-10,0.13,0.16,0.25,1.0,,,,,,,
2010-12-11,,0.16,0.25,1.0,,,,,,,
2010-12-12,,0.16,0.25,1.0,,,,,,,
2010-12-13,0.15,0.17,0.25,1.0,,,,,,,
2010-12-14,0.15,0.19,0.25,1.0,,,,,,,
2010-12-15,0.14,0.2,0.25,1.0,,,,,,,
2010-12-16,0.13,0.2,0.25,1.0,,,,,,,
2010-12-17,0.11,0.2,0.25,1.0,,,,,,,
2010-12-18,,0.2,0.25,1.0,,,,,,,
2010-12-19,,0.2,0.25,1.0,,,,,,,
2010-12-20,0.14,0.21,0.25,1.0,,,,,,,
2010-12-21,0.14,0.2,0.25,1.0,,,,,,,
2010-12-22,0.14,0.19,0.25,1.0,,,,,,,
2010-12-23,0.14,0.19,0.25,1.0,,,,,,,
2010-12-24,,0.19,0.25,1.0,,,,,,,
2010-12-25,,0.19,0.25,1.0,,,,,,,
2010-12-26,,0.19,0.25,1.0,,,,,,,
2010-12-27,0.17,0.19,0.25,1.0,,,,,,,
2010-12-28,0.15,0.18,0.25,1.0,,,,,,,
2010-12-29,0.13,0.18,0.25,1.0,,,,,,,
2010-12-30,0.12,0.19,0.25,1.0,,,,,,,
2010-12-31,0.12,0.13,0.25,1.0,,,,,,,
2011-01-01,,0.13,0.25,1.0,0.34,0.76866,0.9625,1.49,0.15081019047619,1.0172380952381,0.29
2011-01-02,,0.13,0.25,1.0,,,,,,,
2011-01-03,0.15,0.19,0.25,1.0,,,,,,,
2011-01-04,0.14,0.18,0.25,1.0,,,,,,,
2011-01-05,0.14,0.18,0.25,1.0,,,,,,,
2011-01-06,0.15,0.17,0.25,1.0,,,,,,,
2011-01-07,0.14,0.17,0.25,1.0,,,,,,,
2011-01-08,,0.17,0.25,1.0,,,,,,,
2011-01-09,,0.17,0.25,1.0,,,,,,,
2011-01-10,0.15,0.17,0.25,1.0,,,,,,,
2011-01-11,0.15,0.17,0.25,1.0,,,,,,,
2011-01-12,0.15,0.16,0.25,1.0,,,,,,,
2011-01-13,0.15,0.16,0.25,1.0,,,,,,,
2011-01-14,0.15,0.16,0.25,1.0,,,,,,,
2011-01-15,,0.16,0.25,1.0,,,,,,,
2011-01-16,,0.16,0.25,1.0,,,,,,,
2011-01-17,,0.16,0.25,1.0,,,,,,,
2011-01-18,0.16,0.19,0.25,1.0,,,,,,,
2011-01-19,0.16,0.18,0.25,1.0,,,,,,,
2011-01-20,0.16,0.18,0.25,1.0,,,,,,,
2011-01-21,0.16,0.17,0.25,1.0,,,,,,,
2011-01-22,,0.17,0.25,1.0,,,,,,,
2011-01-23,,0.17,0.25,1.0,,,,,,,
2011-01-24,0.16,0.18,0.25,1.0,,,,,,,
2011-01-25,0.16,0.17,0.25,1.0,,,,,,,
2011-01-26,0.16,0.17,0.25,1.0,,,,,,,
2011-01-27,0.15,0.17,0.25,1.0,,,,,,,
2011-01-28,0.15,0.17,0.25,1.0,,,,,,,
2011-01-29,,0.17,0.25,1.0,,,,,,,
2011-01-30,,0.17,0.25,1.0,,,,,,,
2011-01-31,0.15,0.17,0.25,1.0,,,,,,,
2011-02-01,0.15,0.18,0.25,1.0,0.34,0.79962,0.9525,1.74,0.13954275,1.08675,0.28
2011-02-02,0.16,0.18,0.25,1.0,,,,,,,
2011-02-03,0.14,0.17,0.25,1.0,,,,,,,
2011-02-04,0.15,0.17,0.25,1.0,,,,,,,
2011-02-05,,0.17,0.25,1.0,,,,,,,
2011-02-06,,0.17,0.25,1.0,,,,,,,
2011-02-07,0.16,0.17,0.25,1.0,,,,,,,
2011-02-08,0.15,0.16,0.25,1.0,,,,,,,
2011-02-09,0.14,0.15,0.25,1.0,,,,,,,
2011-02-10,0.12,0.15,0.25,1.0,,,,,,,
2011-02-11,0.12,0.15,0.25,1.0,,,,,,,
2011-02-12,,0.15,0.25,1.0,,,,,,,
2011-02-13,,0.15,0.25,1.0,,,,,,,
2011-02-14,0.13,0.15,0.25,1.0,,,,,,,
2011-02-15,0.13,0.16,0.25,1.0,,,,,,,
2011-02-16,0.12,0.15,0.25,1.0,,,,,,,
2011-02-17,0.09,0.15,0.25,1.0,,,,,,,
2011-02-18,0.1,0.15,0.25,1.0,,,,,,,
2011-02-19,,0.15,0.25,1.0,,,,,,,
2011-02-20,,0.15,0.25,1.0,,,,,,,
2011-02-21,,0.15,0.25,1.0,,,,,,,
2011-02-22,0.12,0.15,0.25,1.0,,,,,,,
2011-02-23,0.12,0.15,0.25,1.0,,,,,,,
2011-02-24,0.13,0.15,0.25,1.0,,,,,,,
2011-02-25,0.13,0.15,0.25,1.0,,,,,,,
2011-02-26,,0.15,0.25,1.0,,,,,,,
2011-02-27,,0.15,0.25,1.0,,,,,,,
2011-02-28,0.15,0.16,0.25,1.0,,,,,,,
2011-03-01,0.14,0.15,0.25,1.0,0.33615,0.80913,0.926,1.74,0.155124173913043,1.17552173913043,0.28
2011-03-02,0.13,0.16,0.25,1.0,,,,,,,
2011-03-03,0.13,0.15,0.25,1.0,,,,,,,
2011-03-04,0.12,0.15,0.25,1.0,,,,,,,
2011-03-05,,0.15,0.25,1.0,,,,,,,
2011-03-06,,0.15,0.25,1.0,,,,,,,
2011-03-07,0.11,0.14,0.25,1.0,,,,,,,
2011-03-08,0.11,0.14,0.25,1.0,,,,,,,
2011-03-09,0.1,0.14,0.25,1.0,,,,,,,
2011-03-10,0.08,0.14,0.25,1.0,,,,,,,
2011-03-11,0.08,0.13,0.25,1.0,,,,,,,
2011-03-12,,0.13,0.25,1.0,,,,,,,
2011-03-13,,0.13,0.25,1.0,,,,,,,
2011-03-14,0.09,0.14,0.25,1.0,,,,,,,
2011-03-15,0.1,0.14,0.25,1.0,,,,,,,
2011-03-16,0.1,0.14,0.25,1.0,,,,,,,
2011-03-17,0.08,0.14,0.25,1.0,,,,,,,
2011-03-18,0.07,0.15,0.25,1.0,,,,,,,
2011-03-19,,0.15,0.25,1.0,,,,,,,
2011-03-20,,0.15,0.25,1.0,,,,,,,
2011-03-21,0.1,0.14,0.25,1.0,,,,,,,
2011-03-22,0.1,0.14,0.25,1.0,,,,,,,
2011-03-23,0.09,0.14,0.25,1.0,,,,,,,
2011-03-24,0.09,0.13,0.25,1.0,,,,,,,
2011-03-25,0.09,0.13,0.25,1.0,,,,,,,
2011-03-26,,0.13,0.25,1.0,,,,,,,
2011-03-27,,0.13,0.25,1.0,,,,,,,
2011-03-28,0.11,0.13,0.25,1.0,,,,,,,
2011-03-29,0.1,0.13,0.25,1.0,,,,,,,
2011-03-30,0.1,0.13,0.25,1.0,,,,,,,
2011-03-31,0.09,0.1,0.25,1.0,,,,,,,
2011-04-01,0.07,0.11,0.25,1.0,0.33286,0.82096,0.965,1.8,0.139454111111111,1.32121052631579,0.23
2011-04-02,,0.11,0.25,1.0,,,,,,,
2011-04-03,,0.11,0.25,1.0,,,,,,,
2011-04-04,0.06,0.09,0.25,1.0,,,,,,,
2011-04-05,0.07,0.09,0.25,1.0,,,,,,,
2011-04-06,0.06,0.1,0.25,1.0,,,,,,,
2011-04-07,0.04,0.1,0.25,1.0,,,,,,,
2011-04-08,0.04,0.09,0.25,1.0,,,,,,,
2011-04-09,,0.09,0.25,1.0,,,,,,,
2011-04-10,,0.09,0.25,1.0,,,,,,,
2011-04-11,0.05,0.09,0.25,1.0,,,,,,,
2011-04-12,0.05,0.08,0.25,1.0,,,,,,,
2011-04-13,0.06,0.08,0.5,1.25,,,,,,,
2011-04-14,0.07,0.09,0.5,1.25,,,,,,,
2011-04-15,0.07,0.12,0.5,1.25,,,,,,,
2011-04-16,,0.12,0.5,1.25,,,,,,,
2011-04-17,,0.12,0.5,1.25,,,,,,,
2011-04-18,0.07,0.1,0.5,1.25,,,,,,,
2011-04-19,0.06,0.11,0.5,1.25,,,,,,,
2011-04-20,0.06,0.1,0.5,1.25,,,,,,,
2011-04-21,0.06,0.1,0.5,1.25,,,,,,,
2011-04-22,,0.1,0.5,1.25,,,,,,,
2011-04-23,,0.1,0.5,1.25,,,,,,,
2011-04-24,,0.1,0.5,1.25,,,,,,,
2011-04-25,0.07,0.1,0.5,1.25,,,,,,,
2011-04-26,0.07,0.09,0.5,1.25,,,,,,,
2011-04-27,0.06,0.09,0.5,1.25,,,,,,,
2011-04-28,0.04,0.09,0.5,1.25,,,,,,,
2011-04-29,0.04,0.09,0.5,1.25,,,,,,,
2011-04-30,,0.09,0.5,1.25,,,,,,,
2011-05-01,,0.09,0.5,1.25,0.33214,0.82344,0.9625,1.91,0.119449863636364,1.42509090909091,0.21
2011-05-02,0.05,0.09,0.5,1.25,,,,,,,
2011-05-03,0.03,0.09,0.5,1.25,,,,,,,
2011-05-04,0.03,0.09,0.5,1.25,,,,,,,
2011-05-05,0.02,0.09,0.5,1.25,,,,,,,
2011-05-06,0.02,0.09,0.5,1.25,,,,,,,
2011-05-07,,0.09,0.5,1.25,,,,,,,
2011-05-08,,0.09,0.5,1.25,,,,,,,
2011-05-09,0.03,0.09,0.5,1.25,,,,,,,
2011-05-10,0.03,0.09,0.5,1.25,,,,,,,
2011-05-11,0.03,0.09,0.5,1.25,,,,,,,
2011-05-12,0.02,0.09,0.5,1.25,,,,,,,
2011-05-13,0.03,0.09,0.5,1.25,,,,,,,
2011-05-14,,0.09,0.5,1.25,,,,,,,
2011-05-15,,0.09,0.5,1.25,,,,,,,
2011-05-16,0.04,0.1,0.5,1.25,,,,,,,
2011-05-17,0.04,0.09,0.5,1.25,,,,,,,
2011-05-18,0.05,0.1,0.5,1.25,,,,,,,
2011-05-19,0.05,0.09,0.5,1.25,,,,,,,
2011-05-20,0.05,0.1,0.5,1.25,,,,,,,
2011-05-21,,0.1,0.5,1.25,,,,,,,
2011-05-22,,0.1,0.5,1.25,,,,,,,
2011-05-23,0.06,0.1,0.5,1.25,,,,,,,
2011-05-24,0.06,0.1,0.5,1.25,,,,,,,
2011-05-25,0.06,0.09,0.5,1.25,,,,,,,
2011-05-26,0.05,0.09,0.5,1.25,,,,,,,
2011-05-27,0.05,0.1,0.5,1.25,,,,,,,
2011-05-28,,0.1,0.5,1.25,,,,,,,
2011-05-29,,0.1,0.5,1.25,,,,,,,
2011-05-30,,0.1,0.5,1.25,,,,,,,
2011-05-31,0.06,0.1,0.5,1.25,,,,,,,
2011-06-01,0.05,0.1,0.5,1.25,0.33214,0.82512,0.928,1.85,0.10205965,1.48859090909091,0.22
2011-06-02,0.04,0.1,0.5,1.25,,,,,,,
2011-06-03,0.04,0.11,0.5,1.25,,,,,,,
2011-06-04,,0.11,0.5,1.25,,,,,,,
2011-06-05,,0.11,0.5,1.25,,,,,,,
2011-06-06,0.05,0.1,0.5,1.25,,,,,,,
2011-06-07,0.05,0.09,0.5,1.25,,,,,,,
2011-06-08,0.04,0.09,0.5,1.25,,,,,,,
2011-06-09,0.05,0.09,0.5,1.25,,,,,,,
2011-06-10,0.05,0.09,0.5,1.25,,,,,,,
2011-06-11,,0.09,0.5,1.25,,,,,,,
2011-06-12,,0.09,0.5,1.25,,,,,,,
2011-06-13,0.05,0.1,0.5,1.25,,,,,,,
2011-06-14,0.05,0.1,0.5,1.25,,,,,,,
2011-06-15,0.05,0.1,0.5,1.25,,,,,,,
2011-06-16,0.05,0.1,0.5,1.25,,,,,,,
2011-06-17,0.04,0.1,0.5,1.25,,,,,,,
2011-06-18,,0.1,0.5,1.25,,,,,,,
2011-06-19,,0.1,0.5,1.25,,,,,,,
2011-06-20,0.03,0.09,0.5,1.25,,,,,,,
2011-06-21,0.03,0.09,0.5,1.25,,,,,,,
2011-06-22,0.02,0.09,0.5,1.25,,,,,,,
2011-06-23,0.01,0.08,0.5,1.25,,,,,,,
2011-06-24,0.02,0.08,0.5,1.25,,,,,,,
2011-06-25,,0.08,0.5,1.25,,,,,,,
2011-06-26,,0.08,0.5,1.25,,,,,,,
2011-06-27,0.02,0.08,0.5,1.25,,,,,,,
2011-06-28,0.03,0.08,0.5,1.25,,,,,,,
2011-06-29,0.02,0.07,0.5,1.25,,,,,,,
2011-06-30,0.03,0.07,0.5,1.25,,,,,,,
2011-07-01,0.02,0.08,0.5,1.25,0.33214,0.8289,0.9225,1.8,0.0909554761904762,1.59761904761905,0.24
2011-07-02,,0.08,0.5,1.25,,,,,,,
2011-07-03,,0.08,0.5,1.25,,,,,,,
2011-07-04,,0.08,0.5,1.25,,,,,,,
2011-07-05,0.02,0.08,0.5,1.25,,,,,,,
2011-07-06,0.01,0.07,0.5,1.25,,,,,,,
2011-07-07,0.03,0.07,0.5,1.25,,,,,,,
2011-07-08,0.03,0.07,0.5,1.25,,,,,,,
2011-07-09,,0.07,0.5,1.25,,,,,,,
2011-07-10,,0.07,0.5,1.25,,,,,,,
2011-07-11,0.03,0.07,0.5,1.25,,,,,,,
2011-07-12,0.03,0.06,0.5,1.25,,,,,,,
2011-07-13,0.01,0.06,0.75,1.5,,,,,,,
2011-07-14,0.01,0.06,0.75,1.5,,,,,,,
2011-07-15,0.02,0.06,0.75,1.5,,,,,,,
2011-07-16,,0.06,0.75,1.5,,,,,,,
2011-07-17,,0.06,0.75,1.5,,,,,,,
2011-07-18,0.02,0.06,0.75,1.5,,,,,,,
2011-07-19,0.03,0.06,0.75,1.5,,,,,,,
2011-07-20,0.02,0.06,0.75,1.5,,,,,,,
2011-07-21,0.05,0.06,0.75,1.5,,,,,,,
2011-07-22,0.05,0.06,0.75,1.5,,,,,,,
2011-07-23,,0.06,0.75,1.5,,,,,,,
2011-07-24,,0.06,0.75,1.5,,,,,,,
2011-07-25,0.05,0.06,0.75,1.5,,,,,,,
2011-07-26,0.07,0.06,0.75,1.5,,,,,,,
2011-07-27,0.08,0.07,0.75,1.5,,,,,,,
2011-07-28,0.07,0.08,0.75,1.5,,,,,,,
2011-07-29,0.1,0.11,0.75,1.5,,,,,,,
2011-07-30,,0.11,0.75,1.5,,,,,,,
2011-07-31,,0.11,0.75,1.5,,,,,,,
2011-08-01,0.1,0.17,0.75,1.5,0.32857,0.85782,0.874,1.71,-0.0675968,1.55208695652174,0.29
2011-08-02,0.06,0.16,0.75,1.5,,,,,,,
2011-08-03,0.02,0.12,0.75,1.5,,,,,,,
2011-08-04,0.02,0.09,0.75,1.5,,,,,,,
2011-08-05,0.01,0.08,0.75,1.5,,,,,,,
2011-08-06,,0.08,0.75,1.5,,,,,,,
2011-08-07,,0.08,0.75,1.5,,,,,,,
2011-08-08,0.05,0.11,0.75,1.5,,,,,,,
2011-08-09,0.03,0.1,0.75,1.5,,,,,,,
2011-08-10,0.02,0.1,0.75,1.5,,,,,,,
2011-08-11,0.03,0.09,0.75,1.5,,,,,,,
2011-08-12,0.02,0.1,0.75,1.5,,,,,,,
2011-08-13,,0.1,0.75,1.5,,,,,,,
2011-08-14,,0.1,0.75,1.5,,,,,,,
2011-08-15,0.02,0.1,0.75,1.5,,,,,,,
2011-08-16,0.03,0.09,0.75,1.5,,,,,,,
2011-08-17,0.01,0.09,0.75,1.5,,,,,,,
2011-08-18,0.01,0.09,0.75,1.5,,,,,,,
2011-08-19,0.02,0.09,0.75,1.5,,,,,,,
2011-08-20,,0.09,0.75,1.5,,,,,,,
2011-08-21,,0.09,0.75,1.5,,,,,,,
2011-08-22,0.01,0.09,0.75,1.5,,,,,,,
2011-08-23,0.01,0.08,0.75,1.5,,,,,,,
2011-08-24,0.02,0.08,0.75,1.5,,,,,,,
2011-08-25,0.01,0.08,0.75,1.5,,,,,,,
2011-08-26,0.01,0.09,0.75,1.5,,,,,,,
2011-08-27,,0.09,0.75,1.5,,,,,,,
2011-08-28,,0.09,0.75,1.5,,,,,,,
2011-08-29,0.02,0.09,0.75,1.5,,,,,,,
2011-08-30,0.01,0.08,0.75,1.5,,,,,,,
2011-08-31,0.02,0.08,0.75,1.5,,,,,,,
2011-09-01,0.02,0.08,0.75,1.5,0.32929,0.9181,0.8725,1.58,-0.0610702727272727,1.53645454545455,0.33
2011-09-02,0.02,0.08,0.75,1.5,,,,,,,
2011-09-03,,0.08,0.75,1.5,,,,,,,
2011-09-04,,0.08,0.75,1.5,,,,,,,
2011-09-05,,0.08,0.75,1.5,,,,,,,
2011-09-06,0.02,0.09,0.75,1.5,,,,,,,
2011-09-07,0.02,0.09,0.75,1.5,,,,,,,
2011-09-08,0.02,0.09,0.75,1.5,,,,,,,
2011-09-09,0.01,0.09,0.75,1.5,,,,,,,
2011-09-10,,0.09,0.75,1.5,,,,,,,
2011-09-11,,0.09,0.75,1.5,,,,,,,
2011-09-12,0.01,0.09,0.75,1.5,,,,,,,
2011-09-13,0.01,0.09,0.75,1.5,,,,,,,
2011-09-14,0.01,0.08,0.75,1.5,,,,,,,
2011-09-15,0.01,0.09,0.75,1.5,,,,,,,
2011-09-16,0.01,0.09,0.75,1.5,,,,,,,
2011-09-17,,0.09,0.75,1.5,,,,,,,
2011-09-18,,0.09,0.75,1.5,,,,,,,
2011-09-19,0.01,0.09,0.75,1.5,,,,,,,
2011-09-20,0.01,0.09,0.75,1.5,,,,,,,
2011-09-21,0.01,0.08,0.75,1.5,,,,,,,
2011-09-22,0.0,0.08,0.75,1.5,,,,,,,
2011-09-23,0.01,0.08,0.75,1.5,,,,,,,
2011-09-24,,0.08,0.75,1.5,,,,,,,
2011-09-25,,0.08,0.75,1.5,,,,,,,
2011-09-26,0.02,0.08,0.75,1.5,,,,,,,
2011-09-27,0.01,0.08,0.75,1.5,,,,,,,
2011-09-28,0.02,0.08,0.75,1.5,,,,,,,
2011-09-29,0.02,0.08,0.75,1.5,,,,,,,
2011-09-30,0.02,0.06,0.75,1.5,,,,,,,
2011-10-01,,0.06,0.75,1.5,0.32929,0.96991,0.8625,1.45,-0.0933598947368421,1.57585714285714,0.37
2011-10-02,,0.06,0.75,1.5,,,,,,,
2011-10-03,0.02,0.08,0.75,1.5,,,,,,,
2011-10-04,0.01,0.07,0.75,1.5,,,,,,,
2011-10-05,0.0,0.07,0.75,1.5,,,,,,,
2011-10-06,0.01,0.07,0.75,1.5,,,,,,,
2011-10-07,0.01,0.07,0.75,1.5,,,,,,,
2011-10-08,,0.07,0.75,1.5,,,,,,,
2011-10-09,,0.07,0.75,1.5,,,,,,,
2011-10-10,,0.07,0.75,1.5,,,,,,,
2011-10-11,0.02,0.07,0.75,1.5,,,,,,,
2011-10-12,0.02,0.07,0.75,1.5,,,,,,,
2011-10-13,0.02,0.07,0.75,1.5,,,,,,,
2011-10-14,0.02,0.07,0.75,1.5,,,,,,,
2011-10-15,,0.07,0.75,1.5,,,,,,,
2011-10-16,,0.07,0.75,1.5,,,,,,,
2011-10-17,0.04,0.07,0.75,1.5,,,,,,,
2011-10-18,0.04,0.07,0.75,1.5,,,,,,,
2011-10-19,0.03,0.07,0.75,1.5,,,,,,,
2011-10-20,0.03,0.07,0.75,1.5,,,,,,,
2011-10-21,0.02,0.07,0.75,1.5,,,,,,,
2011-10-22,,0.07,0.75,1.5,,,,,,,
2011-10-23,,0.07,0.75,1.5,,,,,,,
2011-10-24,0.02,0.07,0.75,1.5,,,,,,,
2011-10-25,0.01,0.07,0.75,1.5,,,,,,,
2011-10-26,0.02,0.08,0.75,1.5,,,,,,,
2011-10-27,0.02,0.07,0.75,1.5,,,,,,,
2011-10-28,0.01,0.07,0.75,1.5,,,,,,,
2011-10-29,,0.07,0.75,1.5,,,,,,,
2011-10-30,,0.07,0.75,1.5,,,,,,,
2011-10-31,0.01,0.09,0.75,1.5,,,,,,,
2011-11-01,0.01,0.08,0.75,1.5,0.32929,1.01182,0.882,1.45,-0.0653187,1.48468181818182,0.41
2011-11-02,0.01,0.08,0.75,1.5,,,,,,,
2011-11-03,0.01,0.09,0.75,1.5,,,,,,,
2011-11-04,0.01,0.08,0.75,1.5,,,,,,,
2011-11-05,,0.08,0.75,1.5,,,,,,,
2011-11-06,,0.08,0.75,1.5,,,,,,,
2011-11-07,0.01,0.08,0.75,1.5,,,,,,,
2011-11-08,0.01,0.08,0.75,1.5,,,,,,,
2011-11-09,0.01,0.08,0.5,1.25,,,,,,,
2011-11-10,0.01,0.08,0.5,1.25,,,,,,,
2011-11-11,,0.08,0.5,1.25,,,,,,,
2011-11-12,,0.08,0.5,1.25,,,,,,,
2011-11-13,,0.08,0.5,1.25,,,,,,,
2011-11-14,0.01,0.08,0.5,1.25,,,,,,,
2011-11-15,0.01,0.09,0.5,1.25,,,,,,,
2011-11-16,0.01,0.08,0.5,1.25,,,,,,,
2011-11-17,0.02,0.08,0.5,1.25,,,,,,,
2011-11-18,0.01,0.08,0.5,1.25,,,,,,,
2011-11-19,,0.08,0.5,1.25,,,,,,,
2011-11-20,,0.08,0.5,1.25,,,,,,,
2011-11-21,0.02,0.08,0.5,1.25,,,,,,,
2011-11-22,0.02,0.08,0.5,1.25,,,,,,,
2011-11-23,0.02,0.09,0.5,1.25,,,,,,,
2011-11-24,,0.09,0.5,1.25,,,,,,,
2011-11-25,0.02,0.07,0.5,1.25,,,,,,,
2011-11-26,,0.07,0.5,1.25,,,,,,,
2011-11-27,,0.07,0.5,1.25,,,,,,,
2011-11-28,0.03,0.08,0.5,1.25,,,,,,,
2011-11-29,0.02,0.08,0.5,1.25,,,,,,,
2011-11-30,0.01,0.1,0.5,1.25,,,,,,,
2011-12-01,0.01,0.08,0.5,1.25,0.32929,1.06148,0.83,1.37,0.08,1.42609523809524,0.49
2011-12-02,0.02,0.08,0.5,1.25,,,,,,,
2011-12-03,,0.08,0.5,1.25,,,,,,,
2011-12-04,,0.08,0.5,1.25,,,,,,,
2011-12-05,0.01,0.08,0.5,1.25,,,,,,,
2011-12-06,0.01,0.08,0.5,1.25,,,,,,,
2011-12-07,0.02,0.08,0.5,1.25,,,,,,,
2011-12-08,0.01,0.07,0.5,1.25,,,,,,,
2011-12-09,0.01,0.07,0.5,1.25,,,,,,,
2011-12-10,,0.07,0.5,1.25,,,,,,,
2011-12-11,,0.07,0.5,1.25,,,,,,,
2011-12-12,0.01,0.07,0.5,1.25,,,,,,,
2011-12-13,0.01,0.07,0.5,1.25,,,,,,,
2011-12-14,0.01,0.07,0.25,1.0,,,,,,,
2011-12-15,0.0,0.07,0.25,1.0,,,,,,,
2011-12-16,0.0,0.07,0.25,1.0,,,,,,,
2011-12-17,,0.07,0.25,1.0,,,,,,,
2011-12-18,,0.07,0.25,1.0,,,,,,,
2011-12-19,0.01,0.07,0.25,1.0,,,,,,,
2011-12-20,0.01,0.07,0.25,1.0,,,,,,,
2011-12-21,0.01,0.07,0.25,1.0,,,,,,,
2011-12-22,0.01,0.07,0.25,1.0,,,,,,,
2011-12-23,0.01,0.08,0.25,1.0,,,,,,,
2011-12-24,,0.08,0.25,1.0,,,,,,,
2011-12-25,,0.08,0.25,1.0,,,,,,,
2011-12-26,,0.08,0.25,1.0,,,,,,,
2011-12-27,0.02,0.07,0.25,1.0,,,,,,,
2011-12-28,0.01,0.07,0.25,1.0,,,,,,,
2011-12-29,0.02,0.07,0.25,1.0,,,,,,,
2011-12-30,0.02,0.04,0.25,1.0,,,,,,,
2011-12-31,,0.04,0.25,1.0,,,,,,,
2012-01-01,,0.04,0.25,1.0,0.33077,1.08709,0.825,1.56,0.0402932857142857,1.22222727272727,0.4
2012-01-02,,0.04,0.25,1.0,,,,,,,
2012-01-03,0.02,0.07,0.25,1.0,,,,,,,
2012-01-04,0.02,0.07,0.25,1.0,,,,,,,
2012-01-05,0.02,0.07,0.25,1.0,,,,,,,
2012-01-06,0.02,0.07,0.25,1.0,,,,,,,
2012-01-07,,0.07,0.25,1.0,,,,,,,
2012-01-08,,0.07,0.25,1.0,,,,,,,
2012-01-09,0.01,0.08,0.25,1.0,,,,,,,
2012-01-10,0.02,0.08,0.25,1.0,,,,,,,
2012-01-11,0.02,0.08,0.25,1.0,,,,,,,
2012-01-12,0.03,0.08,0.25,1.0,,,,,,,
2012-01-13,0.03,0.09,0.25,1.0,,,,,,,
2012-01-14,,0.09,0.25,1.0,,,,,,,
2012-01-15,,0.09,0.25,1.0,,,,,,,
2012-01-16,,0.09,0.25,1.0,,,,,,,
2012-01-17,0.03,0.09,0.25,1.0,,,,,,,
2012-01-18,0.03,0.09,0.25,1.0,,,,,,,
2012-01-19,0.05,0.1,0.25,1.0,,,,,,,
2012-01-20,0.05,0.09,0.25,1.0,,,,,,,
2012-01-21,,0.09,0.25,1.0,,,,,,,
2012-01-22,,0.09,0.25,1.0,,,,,,,
2012-01-23,0.04,0.09,0.25,1.0,,,,,,,
2012-01-24,0.04,0.09,0.25,1.0,,,,,,,
2012-01-25,0.04,0.08,0.25,1.0,,,,,,,
2012-01-26,0.05,0.08,0.25,1.0,,,,,,,
2012-01-27,0.06,0.09,0.25,1.0,,,,,,,
2012-01-28,,0.09,0.25,1.0,,,,,,,
2012-01-29,,0.09,0.25,1.0,,,,,,,
2012-01-30,0.05,0.09,0.25,1.0,,,,,,,
2012-01-31,0.06,0.11,0.25,1.0,,,,,,,
2012-02-01,0.06,0.11,0.25,1.0,0.33167,1.07249,0.918,1.59,0.0178765,1.04828571428571,0.3
2012-02-02,0.08,0.11,0.25,1.0,,,,,,,
2012-02-03,0.08,0.11,0.25,1.0,,,,,,,
2012-02-04,,0.11,0.25,1.0,,,,,,,
2012-02-05,,0.11,0.25,1.0,,,,,,,
2012-02-06,0.08,0.11,0.25,1.0,,,,,,,
2012-02-07,0.08,0.11,0.25,1.0,,,,,,,
2012-02-08,0.09,0.11,0.25,1.0,,,,,,,
2012-02-09,0.09,0.11,0.25,1.0,,,,,,,
2012-02-10,0.09,0.12,0.25,1.0,,,,,,,
2012-02-11,,0.12,0.25,1.0,,,,,,,
2012-02-12,,0.12,0.25,1.0,,,,,,,
2012-02-13,0.11,0.12,0.25,1.0,,,,,,,
2012-02-14,0.12,0.12,0.25,1.0,,,,,,,
2012-02-15,0.11,0.12,0.25,1.0,,,,,,,
2012-02-16,0.1,0.11,0.25,1.0,,,,,,,
2012-02-17,0.09,0.09,0.25,1.0,,,,,,,
2012-02-18,,0.09,0.25,1.0,,,,,,,
2012-02-19,,0.09,0.25,1.0,,,,,,,
2012-02-20,,0.09,0.25,1.0,,,,,,,
2012-02-21,0.08,0.1,0.25,1.0,,,,,,,
2012-02-22,0.09,0.08,0.25,1.0,,,,,,,
2012-02-23,0.09,0.08,0.25,1.0,,,,,,,
2012-02-24,0.1,0.09,0.25,1.0,,,,,,,
2012-02-25,,0.09,0.25,1.0,,,,,,,
2012-02-26,,0.09,0.25,1.0,,,,,,,
2012-02-27,0.12,0.1,0.25,1.0,,,,,,,
2012-02-28,0.1,0.1,0.25,1.0,,,,,,,
2012-02-29,0.08,0.1,0.25,1.0,,,,,,,
2012-03-01,0.08,0.11,0.25,1.0,0.33167,1.03757,0.915,1.49,0.05129925,0.858454545454546,0.29
2012-03-02,0.07,0.11,0.25,1.0,,,,,,,
2012-03-03,,0.11,0.25,1.0,,,,,,,
2012-03-04,,0.11,0.25,1.0,,,,,,,
2012-03-05,0.08,0.11,0.25,1.0,,,,,,,
2012-03-06,0.08,0.11,0.25,1.0,,,,,,,
2012-03-07,0.08,0.11,0.25,1.0,,,,,,,
2012-03-08,0.08,0.11,0.25,1.0,,,,,,,
2012-03-09,0.09,0.12,0.25,1.0,,,,,,,
2012-03-10,,0.12,0.25,1.0,,,,,,,
2012-03-11,,0.12,0.25,1.0,,,,,,,
2012-03-12,0.09,0.12,0.25,1.0,,,,,,,
2012-03-13,0.08,0.12,0.25,1.0,,,,,,,
2012-03-14,0.09,0.13,0.25,1.0,,,,,,,
2012-03-15,0.08,0.14,0.25,1.0,,,,,,,
2012-03-16,0.09,0.15,0.25,1.0,,,,,,,
2012-03-17,,0.15,0.25,1.0,,,,,,,
2012-03-18,,0.15,0.25,1.0,,,,,,,
2012-03-19,0.1,0.15,0.25,1.0,,,,,,,
2012-03-20,0.1,0.15,0.25,1.0,,,,,,,
2012-03-21,0.09,0.15,0.25,1.0,,,,,,,
2012-03-22,0.08,0.14,0.25,1.0,,,,,,,
2012-03-23,0.08,0.14,0.25,1.0,,,,,,,
2012-03-24,,0.14,0.25,1.0,,,,,,,
2012-03-25,,0.14,0.25,1.0,,,,,,,
2012-03-26,0.09,0.14,0.25,1.0,,,,,,,
2012-03-27,0.09,0.14,0.25,1.0,,,,,,,
2012-03-28,0.09,0.13,0.25,1.0,,,,,,,
2012-03-29,0.07,0.13,0.25,1.0,,,,,,,
2012-03-30,0.07,0.09,0.25,1.0,,,,,,,
2012-03-31,,0.09,0.25,1.0,,,,,,,
2012-04-01,,0.09,0.25,1.0,0.33167,1.01792,0.9825,1.44,0.0136988333333333,0.744315789473684,0.29
2012-04-02,0.08,0.15,0.25,1.0,,,,,,,
2012-04-03,0.08,0.15,0.25,1.0,,,,,,,
2012-04-04,0.08,0.15,0.25,1.0,,,,,,,
2012-04-05,0.08,0.15,0.25,1.0,,,,,,,
2012-04-06,0.07,0.12,0.25,1.0,,,,,,,
2012-04-07,,0.12,0.25,1.0,,,,,,,
2012-04-08,,0.12,0.25,1.0,,,,,,,
2012-04-09,0.09,0.16,0.25,1.0,,,,,,,
2012-04-10,0.09,0.15,0.25,1.0,,,,,,,
2012-04-11,0.09,0.16,0.25,1.0,,,,,,,
2012-04-12,0.09,0.15,0.25,1.0,,,,,,,
2012-04-13,0.09,0.15,0.25,1.0,,,,,,,
2012-04-14,,0.15,0.25,1.0,,,,,,,
2012-04-15,,0.15,0.25,1.0,,,,,,,
2012-04-16,0.08,0.15,0.25,1.0,,,,,,,
2012-04-17,0.08,0.16,0.25,1.0,,,,,,,
2012-04-18,0.07,0.15,0.25,1.0,,,,,,,
2012-04-19,0.07,0.13,0.25,1.0,,,,,,,
2012-04-20,0.08,0.12,0.25,1.0,,,,,,,
2012-04-21,,0.12,0.25,1.0,,,,,,,
2012-04-22,,0.12,0.25,1.0,,,,,,,
2012-04-23,0.08,0.13,0.25,1.0,,,,,,,
2012-04-24,0.09,0.14,0.25,1.0,,,,,,,
2012-04-25,0.09,0.15,0.25,1.0,,,,,,,
2012-04-26,0.09,0.14,0.25,1.0,,,,,,,
2012-04-27,0.09,0.13,0.25,1.0,,,,,,,
2012-04-28,,0.13,0.25,1.0,,,,,,,
2012-04-29,,0.13,0.25,1.0,,,,,,,
2012-04-30,0.1,0.16,0.25,1.0,,,,,,,
2012-05-01,0.09,0.16,0.25,1.0,0.33167,1.005,0.988,1.38,-0.0154980555555556,0.684909090909091,0.29
2012-05-02,0.08,0.15,0.25,1.0,,,,,,,
2012-05-03,0.09,0.15,0.25,1.0,,,,,,,
2012-05-04,0.07,0.16,0.25,1.0,,,,,,,
2012-05-05,,0.16,0.25,1.0,,,,,,,
2012-05-06,,0.16,0.25,1.0,,,,,,,
2012-05-07,0.1,0.16,0.25,1.0,,,,,,,
2012-05-08,0.09,0.16,0.25,1.0,,,,,,,
2012-05-09,0.09,0.15,0.25,1.0,,,,,,,
2012-05-10,0.1,0.15,0.25,1.0,,,,,,,
2012-05-11,0.1,0.15,0.25,1.0,,,,,,,
2012-05-12,,0.15,0.25,1.0,,,,,,,
2012-05-13,,0.15,0.25,1.0,,,,,,,
2012-05-14,0.1,0.16,0.25,1.0,,,,,,,
2012-05-15,0.09,0.16,0.25,1.0,,,,,,,
2012-05-16,0.1,0.16,0.25,1.0,,,,,,,
2012-05-17,0.1,0.16,0.25,1.0,,,,,,,
2012-05-18,0.08,0.16,0.25,1.0,,,,,,,
2012-05-19,,0.16,0.25,1.0,,,,,,,
2012-05-20,,0.16,0.25,1.0,,,,,,,
2012-05-21,0.09,0.16,0.25,1.0,,,,,,,
2012-05-22,0.09,0.16,0.25,1.0,,,,,,,
2012-05-23,0.09,0.15,0.25,1.0,,,,,,,
2012-05-24,0.1,0.15,0.25,1.0,,,,,,,
2012-05-25,0.09,0.15,0.25,1.0,,,,,,,
2012-05-26,,0.15,0.25,1.0,,,,,,,
2012-05-27,,0.15,0.25,1.0,,,,,,,
2012-05-28,,0.15,0.25,1.0,,,,,,,
2012-05-29,0.09,0.16,0.25,1.0,,,,,,,
2012-05-30,0.07,0.16,0.25,1.0,,,,,,,
2012-05-31,0.07,0.16,0.25,1.0,,,,,,,
2012-06-01,0.07,0.16,0.25,1.0,0.33455,0.94978,0.8825,1.24,-0.0573110588235294,0.658857142857143,0.32
2012-06-02,,0.16,0.25,1.0,,,,,,,
2012-06-03,,0.16,0.25,1.0,,,,,,,
2012-06-04,0.08,0.17,0.25,1.0,,,,,,,
2012-06-05,0.08,0.17,0.25,1.0,,,,,,,
2012-06-06,0.09,0.16,0.25,1.0,,,,,,,
2012-06-07,0.09,0.16,0.25,1.0,,,,,,,
2012-06-08,0.09,0.17,0.25,1.0,,,,,,,
2012-06-09,,0.17,0.25,1.0,,,,,,,
2012-06-10,,0.17,0.25,1.0,,,,,,,
2012-06-11,0.09,0.17,0.25,1.0,,,,,,,
2012-06-12,0.1,0.16,0.25,1.0,,,,,,,
2012-06-13,0.1,0.17,0.25,1.0,,,,,,,
2012-06-14,0.11,0.17,0.25,1.0,,,,,,,
2012-06-15,0.09,0.18,0.25,1.0,,,,,,,
2012-06-16,,0.18,0.25,1.0,,,,,,,
2012-06-17,,0.18,0.25,1.0,,,,,,,
2012-06-18,0.1,0.17,0.25,1.0,,,,,,,
2012-06-19,0.09,0.17,0.25,1.0,,,,,,,
2012-06-20,0.09,0.16,0.25,1.0,,,,,,,
2012-06-21,0.09,0.17,0.25,1.0,,,,,,,
2012-06-22,0.09,0.17,0.25,1.0,,,,,,,
2012-06-23,,0.17,0.25,1.0,,,,,,,
2012-06-24,,0.17,0.25,1.0,,,,,,,
2012-06-25,0.1,0.17,0.25,1.0,,,,,,,
2012-06-26,0.1,0.16,0.25,1.0,,,,,,,
2012-06-27,0.09,0.15,0.25,1.0,,,,,,,
2012-06-28,0.09,0.15,0.25,1.0,,,,,,,
2012-06-29,0.09,0.09,0.25,1.0,,,,,,,
2012-06-30,,0.09,0.25,1.0,,,,,,,
2012-07-01,,0.09,0.25,1.0,0.32727,0.81735,0.8875,1.1,-0.173395066666667,0.497045454545455,0.3
2012-07-02,0.1,0.18,0.25,1.0,,,,,,,
2012-07-03,0.09,0.17,0.25,1.0,,,,,,,
2012-07-04,,0.17,0.25,1.0,,,,,,,
2012-07-05,0.08,0.17,0.25,1.0,,,,,,,
2012-07-06,0.08,0.17,0.25,1.0,,,,,,,
2012-07-07,,0.17,0.25,1.0,,,,,,,
2012-07-08,,0.17,0.25,1.0,,,,,,,
2012-07-09,0.09,0.17,0.25,1.0,,,,,,,
2012-07-10,0.09,0.17,0.25,1.0,,,,,,,
2012-07-11,0.1,0.17,0.0,0.75,,,,,,,
2012-07-12,0.1,0.18,0.0,0.75,,,,,,,
2012-07-13,0.1,0.19,0.0,0.75,,,,,,,
2012-07-14,,0.19,0.0,0.75,,,,,,,
2012-07-15,,0.19,0.0,0.75,,,,,,,
2012-07-16,0.1,0.18,0.0,0.75,,,,,,,
2012-07-17,0.1,0.17,0.0,0.75,,,,,,,
2012-07-18,0.09,0.16,0.0,0.75,,,,,,,
2012-07-19,0.09,0.13,0.0,0.75,,,,,,,
2012-07-20,0.09,0.13,0.0,0.75,,,,,,,
2012-07-21,,0.13,0.0,0.75,,,,,,,
2012-07-22,,0.13,0.0,0.75,,,,,,,
2012-07-23,0.1,0.14,0.0,0.75,,,,,,,
2012-07-24,0.1,0.15,0.0,0.75,,,,,,,
2012-07-25,0.1,0.15,0.0,0.75,,,,,,,
2012-07-26,0.11,0.14,0.0,0.75,,,,,,,
2012-07-27,0.11,0.14,0.0,0.75,,,,,,,
2012-07-28,,0.14,0.0,0.75,,,,,,,
2012-07-29,,0.14,0.0,0.75,,,,,,,
2012-07-30,0.11,0.14,0.0,0.75,,,,,,,
2012-07-31,0.11,0.13,0.0,0.75,,,,,,,
2012-08-01,0.1,0.14,0.0,0.75,0.32727,0.70481,1.002,1.15,-0.207230666666667,0.332391304347826,0.26
2012-08-02,0.09,0.14,0.0,0.75,,,,,,,
2012-08-03,0.09,0.14,0.0,0.75,,,,,,,
2012-08-04,,0.14,0.0,0.75,,,,,,,
2012-08-05,,0.14,0.0,0.75,,,,,,,
2012-08-06,0.1,0.14,0.0,0.75,,,,,,,
2012-08-07,0.11,0.13,0.0,0.75,,,,,,,
2012-08-08,0.11,0.13,0.0,0.75,,,,,,,
2012-08-09,0.11,0.13,0.0,0.75,,,,,,,
2012-08-10,0.1,0.13,0.0,0.75,,,,,,,
2012-08-11,,0.13,0.0,0.75,,,,,,,
2012-08-12,,0.13,0.0,0.75,,,,,,,
2012-08-13,0.11,0.13,0.0,0.75,,,,,,,
2012-08-14,0.11,0.13,0.0,0.75,,,,,,,
2012-08-15,0.09,0.13,0.0,0.75,,,,,,,
2012-08-16,0.09,0.13,0.0,0.75,,,,,,,
2012-08-17,0.09,0.13,0.0,0.75,,,,,,,
2012-08-18,,0.13,0.0,0.75,,,,,,,
2012-08-19,,0.13,0.0,0.75,,,,,,,
2012-08-20,0.11,0.13,0.0,0.75,,,,,,,
2012-08-21,0.11,0.13,0.0,0.75,,,,,,,
2012-08-22,0.11,0.13,0.0,0.75,,,,,,,
2012-08-23,0.11,0.13,0.0,0.75,,,,,,,
2012-08-24,0.1,0.13,0.0,0.75,,,,,,,
2012-08-25,,0.13,0.0,0.75,,,,,,,
2012-08-26,,0.13,0.0,0.75,,,,,,,
2012-08-27,0.11,0.13,0.0,0.75,,,,,,,
2012-08-28,0.1,0.13,0.0,0.75,,,,,,,
2012-08-29,0.12,0.13,0.0,0.75,,,,,,,
2012-08-30,0.1,0.14,0.0,0.75,,,,,,,
2012-08-31,0.09,0.13,0.0,0.75,,,,,,,
2012-09-01,,0.13,0.0,0.75,0.32727,0.64803,1.0075,1.04,-0.150658058823529,0.2463,0.24
2012-09-02,,0.13,0.0,0.75,,,,,,,
2012-09-03,,0.13,0.0,0.75,,,,,,,
2012-09-04,0.1,0.14,0.0,0.75,,,,,,,
2012-09-05,0.11,0.16,0.0,0.75,,,,,,,
2012-09-06,0.11,0.16,0.0,0.75,,,,,,,
2012-09-07,0.11,0.15,0.0,0.75,,,,,,,
2012-09-08,,0.15,0.0,0.75,,,,,,,
2012-09-09,,0.15,0.0,0.75,,,,,,,
2012-09-10,0.1,0.15,0.0,0.75,,,,,,,
2012-09-11,0.1,0.15,0.0,0.75,,,,,,,
2012-09-12,0.1,0.15,0.0,0.75,,,,,,,
2012-09-13,0.1,0.15,0.0,0.75,,,,,,,
2012-09-14,0.11,0.16,0.0,0.75,,,,,,,
2012-09-15,,0.16,0.0,0.75,,,,,,,
2012-09-16,,0.16,0.0,0.75,,,,,,,
2012-09-17,0.11,0.16,0.0,0.75,,,,,,,
2012-09-18,0.1,0.16,0.0,0.75,,,,,,,
2012-09-19,0.11,0.15,0.0,0.75,,,,,,,
2012-09-20,0.11,0.16,0.0,0.75,,,,,,,
2012-09-21,0.11,0.15,0.0,0.75,,,,,,,
2012-09-22,,0.15,0.0,0.75,,,,,,,
2012-09-23,,0.15,0.0,0.75,,,,,,,
2012-09-24,0.11,0.16,0.0,0.75,,,,,,,
2012-09-25,0.11,0.15,0.0,0.75,,,,,,,
2012-09-26,0.11,0.15,0.0,0.75,,,,,,,
2012-09-27,0.09,0.14,0.0,0.75,,,,,,,
2012-09-28,0.1,0.09,0.0,0.75,,,,,,,
2012-09-29,,0.09,0.0,0.75,,,,,,,
2012-09-30,,0.09,0.0,0.75,,,,,,,
2012-10-01,0.09,0.15,0.0,0.75,0.32636,0.54397,0.976,0.98,-0.06339775,0.207913043478261,0.23
2012-10-02,0.09,0.16,0.0,0.75,,,,,,,
2012-10-03,0.09,0.16,0.0,0.75,,,,,,,
2012-10-04,0.1,0.15,0.0,0.75,,,,,,,
2012-10-05,0.11,0.15,0.0,0.75,,,,,,,
2012-10-06,,0.15,0.0,0.75,,,,,,,
2012-10-07,,0.15,0.0,0.75,,,,,,,
2012-10-08,,0.15,0.0,0.75,,,,,,,
2012-10-09,0.1,0.16,0.0,0.75,,,,,,,
2012-10-10,0.1,0.16,0.0,0.75,,,,,,,
2012-10-11,0.1,0.16,0.0,0.75,,,,,,,
2012-10-12,0.11,0.16,0.0,0.75,,,,,,,
2012-10-13,,0.16,0.0,0.75,,,,,,,
2012-10-14,,0.16,0.0,0.75,,,,,,,
2012-10-15,0.11,0.16,0.0,0.75,,,,,,,
2012-10-16,0.09,0.16,0.0,0.75,,,,,,,
2012-10-17,0.11,0.15,0.0,0.75,,,,,,,
2012-10-18,0.1,0.15,0.0,0.75,,,,,,,
2012-10-19,0.1,0.16,0.0,0.75,,,,,,,
2012-10-20,,0.16,0.0,0.75,,,,,,,
2012-10-21,,0.16,0.0,0.75,,,,,,,
2012-10-22,0.1,0.15,0.0,0.75,,,,,,,
2012-10-23,0.11,0.15,0.0,0.75,,,,,,,
2012-10-24,0.11,0.17,0.0,0.75,,,,,,,
2012-10-25,0.11,0.16,0.0,0.75,,,,,,,
2012-10-26,0.12,0.16,0.0,0.75,,,,,,,
2012-10-27,,0.16,0.0,0.75,,,,,,,
2012-10-28,,0.16,0.0,0.75,,,,,,,
2012-10-29,0.14,0.17,0.0,0.75,,,,,,,
2012-10-30,,0.17,0.0,0.75,,,,,,,
2012-10-31,0.11,0.18,0.0,0.75,,,,,,,
2012-11-01,0.09,0.17,0.0,0.75,0.31818,0.52452,0.97,1.06,-0.144987368421053,0.192,0.23
2012-11-02,0.09,0.16,0.0,0.75,,,,,,,
2012-11-03,,0.16,0.0,0.75,,,,,,,
2012-11-04,,0.16,0.0,0.75,,,,,,,
2012-11-05,0.11,0.17,0.0,0.75,,,,,,,
2012-11-06,0.1,0.16,0.0,0.75,,,,,,,
2012-11-07,0.1,0.16,0.0,0.75,,,,,,,
2012-11-08,0.1,0.16,0.0,0.75,,,,,,,
2012-11-09,0.09,0.16,0.0,0.75,,,,,,,
2012-11-10,,0.16,0.0,0.75,,,,,,,
2012-11-11,,0.16,0.0,0.75,,,,,,,
2012-11-12,,0.16,0.0,0.75,,,,,,,
2012-11-13,0.11,0.16,0.0,0.75,,,,,,,
2012-11-14,0.1,0.16,0.0,0.75,,,,,,,
2012-11-15,0.08,0.16,0.0,0.75,,,,,,,
2012-11-16,0.06,0.16,0.0,0.75,,,,,,,
2012-11-17,,0.16,0.0,0.75,,,,,,,
2012-11-18,,0.16,0.0,0.75,,,,,,,
2012-11-19,0.09,0.16,0.0,0.75,,,,,,,
2012-11-20,0.08,0.16,0.0,0.75,,,,,,,
2012-11-21,0.1,0.16,0.0,0.75,,,,,,,
2012-11-22,,0.16,0.0,0.75,,,,,,,
2012-11-23,0.1,0.16,0.0,0.75,,,,,,,
2012-11-24,,0.16,0.0,0.75,,,,,,,
2012-11-25,,0.16,0.0,0.75,,,,,,,
2012-11-26,0.1,0.16,0.0,0.75,,,,,,,
2012-11-27,0.1,0.16,0.0,0.75,,,,,,,
2012-11-28,0.1,0.16,0.0,0.75,,,,,,,
2012-11-29,0.09,0.16,0.0,0.75,,,,,,,
2012-11-30,0.08,0.16,0.0,0.75,,,,,,,
2012-12-01,,0.16,0.0,0.75,0.30818,0.51848,0.945,1.01,-0.051343,0.185473684210526,0.24
2012-12-02,,0.16,0.0,0.75,,,,,,,
2012-12-03,0.1,0.16,0.0,0.75,,,,,,,
2012-12-04,0.1,0.17,0.0,0.75,,,,,,,
2012-12-05,0.1,0.16,0.0,0.75,,,,,,,
2012-12-06,0.1,0.16,0.0,0.75,,,,,,,
2012-12-07,0.09,0.16,0.0,0.75,,,,,,,
2012-12-08,,0.16,0.0,0.75,,,,,,,
2012-12-09,,0.16,0.0,0.75,,,,,,,
2012-12-10,0.09,0.16,0.0,0.75,,,,,,,
2012-12-11,0.08,0.17,0.0,0.75,,,,,,,
2012-12-12,0.07,0.17,0.0,0.75,,,,,,,
2012-12-13,0.06,0.16,0.0,0.75,,,,,,,
2012-12-14,0.04,0.17,0.0,0.75,,,,,,,
2012-12-15,,0.17,0.0,0.75,,,,,,,
2012-12-16,,0.17,0.0,0.75,,,,,,,
2012-12-17,0.05,0.16,0.0,0.75,,,,,,,
2012-12-18,0.06,0.17,0.0,0.75,,,,,,,
2012-12-19,0.05,0.17,0.0,0.75,,,,,,,
2012-12-20,0.06,0.17,0.0,0.75,,,,,,,
2012-12-21,0.06,0.17,0.0,0.75,,,,,,,
2012-12-22,,0.17,0.0,0.75,,,,,,,
2012-12-23,,0.17,0.0,0.75,,,,,,,
2012-12-24,0.06,0.18,0.0,0.75,,,,,,,
2012-12-25,,0.18,0.0,0.75,,,,,,,
2012-12-26,0.09,0.17,0.0,0.75,,,,,,,
2012-12-27,0.08,0.17,0.0,0.75,,,,,,,
2012-12-28,0.01,0.17,0.0,0.75,,,,,,,
2012-12-29,,0.17,0.0,0.75,,,,,,,
2012-12-30,,0.17,0.0,0.75,,,,,,,
2012-12-31,0.05,0.09,0.0,0.75,,,,,,,
2013-01-01,,0.09,0.0,0.75,0.29182,0.51228,0.92,0.96,-0.1080856,0.204909090909091,0.23
2013-01-02,0.08,0.17,0.0,0.75,,,,,,,
2013-01-03,0.08,0.17,0.0,0.75,,,,,,,
2013-01-04,0.07,0.16,0.0,0.75,,,,,,,
2013-01-05,,0.16,0.0,0.75,,,,,,,
2013-01-06,,0.16,0.0,0.75,,,,,,,
2013-01-07,0.07,0.16,0.0,0.75,,,,,,,
2013-01-08,0.07,0.15,0.0,0.75,,,,,,,
2013-01-09,0.06,0.14,0.0,0.75,,,,,,,
2013-01-10,0.06,0.14,0.0,0.75,,,,,,,
2013-01-11,0.07,0.14,0.0,0.75,,,,,,,
2013-01-12,,0.14,0.0,0.75,,,,,,,
2013-01-13,,0.14,0.0,0.75,,,,,,,
2013-01-14,0.08,0.14,0.0,0.75,,,,,,,
2013-01-15,0.09,0.15,0.0,0.75,,,,,,,
2013-01-16,0.08,0.14,0.0,0.75,,,,,,,
2013-01-17,0.07,0.14,0.0,0.75,,,,,,,
2013-01-18,0.08,0.14,0.0,0.75,,,,,,,
2013-01-19,,0.14,0.0,0.75,,,,,,,
2013-01-20,,0.14,0.0,0.75,,,,,,,
2013-01-21,,0.14,0.0,0.75,,,,,,,
2013-01-22,0.08,0.14,0.0,0.75,,,,,,,
2013-01-23,0.08,0.13,0.0,0.75,,,,,,,
2013-01-24,0.08,0.15,0.0,0.75,,,,,,,
2013-01-25,0.08,0.14,0.0,0.75,,,,,,,
2013-01-26,,0.14,0.0,0.75,,,,,,,
2013-01-27,,0.14,0.0,0.75,,,,,,,
2013-01-28,0.07,0.14,0.0,0.75,,,,,,,
2013-01-29,0.07,0.12,0.0,0.75,,,,,,,
2013-01-30,0.07,0.12,0.0,0.75,,,,,,,
2013-01-31,0.07,0.15,0.0,0.75,,,,,,,
2013-02-01,0.06,0.14,0.0,0.75,0.26909,0.50988,0.9475,0.98,-0.0634238666666667,0.22335,0.22
2013-02-02,,0.14,0.0,0.75,,,,,,,
2013-02-03,,0.14,0.0,0.75,,,,,,,
2013-02-04,0.07,0.13,0.0,0.75,,,,,,,
2013-02-05,0.07,0.13,0.0,0.75,,,,,,,
2013-02-06,0.07,0.13,0.0,0.75,,,,,,,
2013-02-07,0.07,0.13,0.0,0.75,,,,,,,
2013-02-08,0.07,0.14,0.0,0.75,,,,,,,
2013-02-09,,0.14,0.0,0.75,,,,,,,
2013-02-10,,0.14,0.0,0.75,,,,,,,
2013-02-11,0.09,0.14,0.0,0.75,,,,,,,
2013-02-12,0.09,0.13,0.0,0.75,,,,,,,
2013-02-13,0.1,0.14,0.0,0.75,,,,,,,
2013-02-14,0.11,0.14,0.0,0.75,,,,,,,
2013-02-15,0.1,0.16,0.0,0.75,,,,,,,
2013-02-16,,0.16,0.0,0.75,,,,,,,
2013-02-17,,0.16,0.0,0.75,,,,,,,
2013-02-18,,0.16,0.0,0.75,,,,,,,
2013-02-19,0.12,0.15,0.0,0.75,,,,,,,
2013-02-20,0.12,0.15,0.0,0.75,,,,,,,
2013-02-21,0.13,0.16,0.0,0.75,,,,,,,
2013-02-22,0.13,0.16,0.0,0.75,,,,,,,
2013-02-23,,0.16,0.0,0.75,,,,,,,
2013-02-24,,0.16,0.0,0.75,,,,,,,
2013-02-25,0.12,0.15,0.0,0.75,,,,,,,
2013-02-26,0.14,0.14,0.0,0.75,,,,,,,
2013-02-27,0.11,0.14,0.0,0.75,,,,,,,
2013-02-28,0.11,0.14,0.0,0.75,,,,,,,
2013-03-01,0.11,0.14,0.0,0.75,0.25,0.50688,0.9625,0.97,-0.0596407368421053,0.20605,0.21
2013-03-02,,0.14,0.0,0.75,,,,,,,
2013-03-03,,0.14,0.0,0.75,,,,,,,
2013-03-04,0.11,0.16,0.0,0.75,,,,,,,
2013-03-05,0.08,0.15,0.0,0.75,,,,,,,
2013-03-06,0.1,0.15,0.0,0.75,,,,,,,
2013-03-07,0.1,0.16,0.0,0.75,,,,,,,
2013-03-08,0.1,0.15,0.0,0.75,,,,,,,
2013-03-09,,0.15,0.0,0.75,,,,,,,
2013-03-10,,0.15,0.0,0.75,,,,,,,
2013-03-11,0.1,0.16,0.0,0.75,,,,,,,
2013-03-12,0.1,0.15,0.0,0.75,,,,,,,
2013-03-13,0.09,0.14,0.0,0.75,,,,,,,
2013-03-14,0.1,0.15,0.0,0.75,,,,,,,
2013-03-15,0.09,0.16,0.0,0.75,,,,,,,
2013-03-16,,0.16,0.0,0.75,,,,,,,
2013-03-17,,0.16,0.0,0.75,,,,,,,
2013-03-18,0.07,0.16,0.0,0.75,,,,,,,
2013-03-19,0.07,0.15,0.0,0.75,,,,,,,
2013-03-20,0.07,0.15,0.0,0.75,,,,,,,
2013-03-21,0.07,0.16,0.0,0.75,,,,,,,
2013-03-22,0.07,0.15,0.0,0.75,,,,,,,
2013-03-23,,0.15,0.0,0.75,,,,,,,
2013-03-24,,0.15,0.0,0.75,,,,,,,
2013-03-25,0.08,0.15,0.0,0.75,,,,,,,
2013-03-26,0.07,0.14,0.0,0.75,,,,,,,
2013-03-27,0.09,0.12,0.0,0.75,,,,,,,
2013-03-28,0.07,0.13,0.0,0.75,,,,,,,
2013-03-29,,0.09,0.0,0.75,,,,,,,
2013-03-30,,0.09,0.0,0.75,,,,,,,
2013-03-31,,0.09,0.0,0.75,,,,,,,
2013-04-01,0.08,0.16,0.0,0.75,0.22818,0.50557,0.9825,0.95,-0.0647253333333333,0.208904761904762,0.2
2013-04-02,0.07,0.15,0.0,0.75,,,,,,,
2013-04-03,0.06,0.14,0.0,0.75,,,,,,,
2013-04-04,0.07,0.14,0.0,0.75,,,,,,,
2013-04-05,0.07,0.15,0.0,0.75,,,,,,,
2013-04-06,,0.15,0.0,0.75,,,,,,,
2013-04-07,,0.15,0.0,0.75,,,,,,,
2013-04-08,0.07,0.15,0.0,0.75,,,,,,,
2013-04-09,0.06,0.15,0.0,0.75,,,,,,,
2013-04-10,0.07,0.15,0.0,0.75,,,,,,,
2013-04-11,0.07,0.15,0.0,0.75,,,,,,,
2013-04-12,0.06,0.15,0.0,0.75,,,,,,,
2013-04-13,,0.15,0.0,0.75,,,,,,,
2013-04-14,,0.15,0.0,0.75,,,,,,,
2013-04-15,0.06,0.15,0.0,0.75,,,,,,,
2013-04-16,0.06,0.15,0.0,0.75,,,,,,,
2013-04-17,0.06,0.15,0.0,0.75,,,,,,,
2013-04-18,0.05,0.15,0.0,0.75,,,,,,,
2013-04-19,0.05,0.15,0.0,0.75,,,,,,,
2013-04-20,,0.15,0.0,0.75,,,,,,,
2013-04-21,,0.15,0.0,0.75,,,,,,,
2013-04-22,0.05,0.15,0.0,0.75,,,,,,,
2013-04-23,0.05,0.14,0.0,0.75,,,,,,,
2013-04-24,0.06,0.13,0.0,0.75,,,,,,,
2013-04-25,0.05,0.13,0.0,0.75,,,,,,,
2013-04-26,0.05,0.13,0.0,0.75,,,,,,,
2013-04-27,,0.13,0.0,0.75,,,,,,,
2013-04-28,,0.13,0.0,0.75,,,,,,,
2013-04-29,0.05,0.13,0.0,0.75,,,,,,,
2013-04-30,0.05,0.14,0.0,0.75,,,,,,,
2013-05-01,0.06,0.14,0.0,0.75,0.22818,0.50563,0.998,0.92,-0.05881175,0.201227272727273,0.2
2013-05-02,0.05,0.15,0.0,0.75,,,,,,,
2013-05-03,0.05,0.14,0.0,0.75,,,,,,,
2013-05-04,,0.14,0.0,0.75,,,,,,,
2013-05-05,,0.14,0.0,0.75,,,,,,,
2013-05-06,0.04,0.14,0.0,0.75,,,,,,,
2013-05-07,0.04,0.12,0.0,0.75,,,,,,,
2013-05-08,0.04,0.12,0.0,0.5,,,,,,,
2013-05-09,0.04,0.12,0.0,0.5,,,,,,,
2013-05-10,0.04,0.12,0.0,0.5,,,,,,,
2013-05-11,,0.12,0.0,0.5,,,,,,,
2013-05-12,,0.12,0.0,0.5,,,,,,,
2013-05-13,0.05,0.12,0.0,0.5,,,,,,,
2013-05-14,0.05,0.11,0.0,0.5,,,,,,,
2013-05-15,0.04,0.12,0.0,0.5,,,,,,,
2013-05-16,0.03,0.11,0.0,0.5,,,,,,,
2013-05-17,0.04,0.1,0.0,0.5,,,,,,,
2013-05-18,,0.1,0.0,0.5,,,,,,,
2013-05-19,,0.1,0.0,0.5,,,,,,,
2013-05-20,0.05,0.1,0.0,0.5,,,,,,,
2013-05-21,0.04,0.09,0.0,0.5,,,,,,,
2013-05-22,0.04,0.08,0.0,0.5,,,,,,,
2013-05-23,0.05,0.08,0.0,0.5,,,,,,,
2013-05-24,0.04,0.09,0.0,0.5,,,,,,,
2013-05-25,,0.09,0.0,0.5,,,,,,,
2013-05-26,,0.09,0.0,0.5,,,,,,,
2013-05-27,,0.09,0.0,0.5,,,,,,,
2013-05-28,0.05,0.09,0.0,0.5,,,,,,,
2013-05-29,0.05,0.08,0.0,0.5,,,,,,,
2013-05-30,0.04,0.08,0.0,0.5,,,,,,,
2013-05-31,0.04,0.09,0.0,0.5,,,,,,,
2013-06-01,,0.09,0.0,0.5,0.22818,0.50794,1.025,0.92,-0.0602111052631579,0.21025,0.19
2013-06-02,,0.09,0.0,0.5,,,,,,,
2013-06-03,0.05,0.1,0.0,0.5,,,,,,,
2013-06-04,0.04,0.11,0.0,0.5,,,,,,,
2013-06-05,0.05,0.09,0.0,0.5,,,,,,,
2013-06-06,0.05,0.1,0.0,0.5,,,,,,,
2013-06-07,0.04,0.09,0.0,0.5,,,,,,,
2013-06-08,,0.09,0.0,0.5,,,,,,,
2013-06-09,,0.09,0.0,0.5,,,,,,,
2013-06-10,0.05,0.09,0.0,0.5,,,,,,,
2013-06-11,0.05,0.09,0.0,0.5,,,,,,,
2013-06-12,0.05,0.08,0.0,0.5,,,,,,,
2013-06-13,0.05,0.09,0.0,0.5,,,,,,,
2013-06-14,0.05,0.1,0.0,0.5,,,,,,,
2013-06-15,,0.1,0.0,0.5,,,,,,,
2013-06-16,,0.1,0.0,0.5,,,,,,,
2013-06-17,0.05,0.11,0.0,0.5,,,,,,,
2013-06-18,0.05,0.12,0.0,0.5,,,,,,,
2013-06-19,0.05,0.1,0.0,0.5,,,,,,,
2013-06-20,0.05,0.1,0.0,0.5,,,,,,,
2013-06-21,0.05,0.1,0.0,0.5,,,,,,,
2013-06-22,,0.1,0.0,0.5,,,,,,,
2013-06-23,,0.1,0.0,0.5,,,,,,,
2013-06-24,0.06,0.1,0.0,0.5,,,,,,,
2013-06-25,0.06,0.09,0.0,0.5,,,,,,,
2013-06-26,0.06,0.09,0.0,0.5,,,,,,,
2013-06-27,0.06,0.09,0.0,0.5,,,,,,,
2013-06-28,0.04,0.07,0.0,0.5,,,,,,,
2013-06-29,,0.07,0.0,0.5,,,,,,,
2013-06-30,,0.07,0.0,0.5,,,,,,,
2013-07-01,0.04,0.1,0.0,0.5,0.228,0.50944,1.012,0.93,-0.0558058260869565,0.221434782608696,0.14
2013-07-02,0.03,0.1,0.0,0.5,,,,,,,
2013-07-03,0.05,0.1,0.0,0.5,,,,,,,
2013-07-04,,0.1,0.0,0.5,,,,,,,
2013-07-05,0.04,0.1,0.0,0.5,,,,,,,
2013-07-06,,0.1,0.0,0.5,,,,,,,
2013-07-07,,0.1,0.0,0.5,,,,,,,
2013-07-08,0.05,0.1,0.0,0.5,,,,,,,
2013-07-09,0.04,0.1,0.0,0.5,,,,,,,
2013-07-10,0.04,0.09,0.0,0.5,,,,,,,
2013-07-11,0.04,0.09,0.0,0.5,,,,,,,
2013-07-12,0.04,0.09,0.0,0.5,,,,,,,
2013-07-13,,0.09,0.0,0.5,,,,,,,
2013-07-14,,0.09,0.0,0.5,,,,,,,
2013-07-15,0.04,0.09,0.0,0.5,,,,,,,
2013-07-16,0.03,0.09,0.0,0.5,,,,,,,
2013-07-17,0.03,0.09,0.0,0.5,,,,,,,
2013-07-18,0.03,0.09,0.0,0.5,,,,,,,
2013-07-19,0.03,0.09,0.0,0.5,,,,,,,
2013-07-20,,0.09,0.0,0.5,,,,,,,
2013-07-21,,0.09,0.0,0.5,,,,,,,
2013-07-22,0.04,0.09,0.0,0.5,,,,,,,
2013-07-23,0.02,0.09,0.0,0.5,,,,,,,
2013-07-24,0.03,0.09,0.0,0.5,,,,,,,
2013-07-25,0.02,0.09,0.0,0.5,,,,,,,
2013-07-26,0.03,0.09,0.0,0.5,,,,,,,
2013-07-27,,0.09,0.0,0.5,,,,,,,
2013-07-28,,0.09,0.0,0.5,,,,,,,
2013-07-29,0.03,0.08,0.0,0.5,,,,,,,
2013-07-30,0.04,0.09,0.0,0.5,,,,,,,
2013-07-31,0.04,0.09,0.0,0.5,,,,,,,
2013-08-01,0.04,0.08,0.0,0.5,0.228,0.51262,0.9925,0.93,-0.06065045,0.225863636363636,0.12
2013-08-02,0.04,0.09,0.0,0.5,,,,,,,
2013-08-03,,0.09,0.0,0.5,,,,,,,
2013-08-04,,0.09,0.0,0.5,,,,,,,
2013-08-05,0.05,0.08,0.0,0.5,,,,,,,
2013-08-06,0.04,0.09,0.0,0.5,,,,,,,
2013-08-07,0.05,0.09,0.0,0.5,,,,,,,
2013-08-08,0.05,0.09,0.0,0.5,,,,,,,
2013-08-09,0.05,0.08,0.0,0.5,,,,,,,
2013-08-10,,0.08,0.0,0.5,,,,,,,
2013-08-11,,0.08,0.0,0.5,,,,,,,
2013-08-12,0.06,0.08,0.0,0.5,,,,,,,
2013-08-13,0.06,0.08,0.0,0.5,,,,,,,
2013-08-14,0.05,0.09,0.0,0.5,,,,,,,
2013-08-15,0.05,0.08,0.0,0.5,,,,,,,
2013-08-16,0.05,0.09,0.0,0.5,,,,,,,
2013-08-17,,0.09,0.0,0.5,,,,,,,
2013-08-18,,0.09,0.0,0.5,,,,,,,
2013-08-19,0.06,0.09,0.0,0.5,,,,,,,
2013-08-20,0.04,0.09,0.0,0.5,,,,,,,
2013-08-21,0.04,0.08,0.0,0.5,,,,,,,
2013-08-22,0.03,0.09,0.0,0.5,,,,,,,
2013-08-23,0.03,0.08,0.0,0.5,,,,,,,
2013-08-24,,0.08,0.0,0.5,,,,,,,
2013-08-25,,0.08,0.0,0.5,,,,,,,
2013-08-26,0.04,0.08,0.0,0.5,,,,,,,
2013-08-27,0.05,0.07,0.0,0.5,,,,,,,
2013-08-28,0.03,0.07,0.0,0.5,,,,,,,
2013-08-29,0.02,0.08,0.0,0.5,,,,,,,
2013-08-30,0.03,0.07,0.0,0.5,,,,,,,
2013-08-31,,0.07,0.0,0.5,,,,,,,
2013-09-01,,0.07,0.0,0.5,0.228,0.51688,0.9875,0.89,-0.0511073157894737,0.223238095238095,0.11
2013-09-02,,0.07,0.0,0.5,,,,,,,
2013-09-03,0.02,0.09,0.0,0.5,,,,,,,
2013-09-04,0.02,0.08,0.0,0.5,,,,,,,
2013-09-05,0.02,0.08,0.0,0.5,,,,,,,
2013-09-06,0.02,0.08,0.0,0.5,,,,,,,
2013-09-07,,0.08,0.0,0.5,,,,,,,
2013-09-08,,0.08,0.0,0.5,,,,,,,
2013-09-09,0.02,0.08,0.0,0.5,,,,,,,
2013-09-10,0.02,0.08,0.0,0.5,,,,,,,
2013-09-11,0.02,0.08,0.0,0.5,,,,,,,
2013-09-12,0.01,0.08,0.0,0.5,,,,,,,
2013-09-13,0.01,0.08,0.0,0.5,,,,,,,
2013-09-14,,0.08,0.0,0.5,,,,,,,
2013-09-15,,0.08,0.0,0.5,,,,,,,
2013-09-16,0.02,0.08,0.0,0.5,,,,,,,
2013-09-17,0.01,0.08,0.0,0.5,,,,,,,
2013-09-18,0.01,0.08,0.0,0.5,,,,,,,
2013-09-19,0.01,0.09,0.0,0.5,,,,,,,
2013-09-20,0.01,0.08,0.0,0.5,,,,,,,
2013-09-21,,0.08,0.0,0.5,,,,,,,
2013-09-22,,0.08,0.0,0.5,,,,,,,
2013-09-23,0.02,0.09,0.0,0.5,,,,,,,
2013-09-24,0.02,0.09,0.0,0.5,,,,,,,
2013-09-25,0.02,0.08,0.0,0.5,,,,,,,
2013-09-26,0.0,0.08,0.0,0.5,,,,,,,
2013-09-27,0.02,0.08,0.0,0.5,,,,,,,
2013-09-28,,0.08,0.0,0.5,,,,,,,
2013-09-29,,0.08,0.0,0.5,,,,,,,
2013-09-30,0.02,0.06,0.0,0.5,,,,,,,
2013-10-01,0.02,0.08,0.0,0.5,0.221,0.51663,0.924,0.92,0.0159292,0.225826086956522,0.12
2013-10-02,0.02,0.07,0.0,0.5,,,,,,,
2013-10-03,0.03,0.08,0.0,0.5,,,,,,,
2013-10-04,0.03,0.08,0.0,0.5,,,,,,,
2013-10-05,,0.08,0.0,0.5,,,,,,,
2013-10-06,,0.08,0.0,0.5,,,,,,,
2013-10-07,0.03,0.08,0.0,0.5,,,,,,,
2013-10-08,0.05,0.08,0.0,0.5,,,,,,,
2013-10-09,0.05,0.09,0.0,0.5,,,,,,,
2013-10-10,0.05,0.09,0.0,0.5,,,,,,,
2013-10-11,0.08,0.1,0.0,0.5,,,,,,,
2013-10-12,,0.1,0.0,0.5,,,,,,,
2013-10-13,,0.1,0.0,0.5,,,,,,,
2013-10-14,,0.1,0.0,0.5,,,,,,,
2013-10-15,0.14,0.1,0.0,0.5,,,,,,,
2013-10-16,0.1,0.11,0.0,0.5,,,,,,,
2013-10-17,0.05,0.1,0.0,0.5,,,,,,,
2013-10-18,0.04,0.1,0.0,0.5,,,,,,,
2013-10-19,,0.1,0.0,0.5,,,,,,,
2013-10-20,,0.1,0.0,0.5,,,,,,,
2013-10-21,0.04,0.09,0.0,0.5,,,,,,,
2013-10-22,0.04,0.08,0.0,0.5,,,,,,,
2013-10-23,0.04,0.08,0.0,0.5,,,,,,,
2013-10-24,0.03,0.08,0.0,0.5,,,,,,,
2013-10-25,0.04,0.08,0.0,0.5,,,,,,,
2013-10-26,,0.08,0.0,0.5,,,,,,,
2013-10-27,,0.08,0.0,0.5,,,,,,,
2013-10-28,0.04,0.08,0.0,0.5,,,,,,,
2013-10-29,0.04,0.08,0.0,0.5,,,,,,,
2013-10-30,0.04,0.08,0.0,0.5,,,,,,,
2013-10-31,0.04,0.07,0.0,0.5,,,,,,,
2013-11-01,0.04,0.08,0.0,0.5,0.22,0.52344,0.925,0.92,-0.0169540555555556,0.223380952380952,0.12
2013-11-02,,0.08,0.0,0.5,,,,,,,
2013-11-03,,0.08,0.0,0.5,,,,,,,
2013-11-04,0.05,0.08,0.0,0.5,,,,,,,
2013-11-05,0.05,0.08,0.0,0.5,,,,,,,
2013-11-06,0.05,0.08,0.0,0.5,,,,,,,
2013-11-07,0.05,0.08,0.0,0.5,,,,,,,
2013-11-08,0.06,0.08,0.0,0.5,,,,,,,
2013-11-09,,0.08,0.0,0.5,,,,,,,
2013-11-10,,0.08,0.0,0.5,,,,,,,
2013-11-11,,0.08,0.0,0.5,,,,,,,
2013-11-12,0.08,0.08,0.0,0.5,,,,,,,
2013-11-13,0.08,0.08,0.0,0.25,,,,,,,
2013-11-14,0.08,0.09,0.0,0.25,,,,,,,
2013-11-15,0.08,0.09,0.0,0.25,,,,,,,
2013-11-16,,0.09,0.0,0.25,,,,,,,
2013-11-17,,0.09,0.0,0.25,,,,,,,
2013-11-18,0.09,0.09,0.0,0.25,,,,,,,
2013-11-19,0.08,0.09,0.0,0.25,,,,,,,
2013-11-20,0.08,0.09,0.0,0.25,,,,,,,
2013-11-21,0.07,0.09,0.0,0.25,,,,,,,
2013-11-22,0.07,0.09,0.0,0.25,,,,,,,
2013-11-23,,0.09,0.0,0.25,,,,,,,
2013-11-24,,0.09,0.0,0.25,,,,,,,
2013-11-25,0.08,0.09,0.0,0.25,,,,,,,
2013-11-26,0.07,0.09,0.0,0.25,,,,,,,
2013-11-27,0.07,0.09,0.0,0.25,,,,,,,
2013-11-28,,0.09,0.0,0.25,,,,,,,
2013-11-29,0.06,0.07,0.0,0.25,,,,,,,
2013-11-30,,0.07,0.0,0.25,,,,,,,
2013-12-01,,0.07,0.0,0.25,0.22,0.52474,0.9175,0.82,0.0174349166666667,0.2735,0.14
2013-12-02,0.05,0.09,0.0,0.25,,,,,,,
2013-12-03,0.06,0.09,0.0,0.25,,,,,,,
2013-12-04,0.06,0.09,0.0,0.25,,,,,,,
2013-12-05,0.06,0.09,0.0,0.25,,,,,,,
2013-12-06,0.06,0.09,0.0,0.25,,,,,,,
2013-12-07,,0.09,0.0,0.25,,,,,,,
2013-12-08,,0.09,0.0,0.25,,,,,,,
2013-12-09,0.07,0.09,0.0,0.25,,,,,,,
2013-12-10,0.07,0.09,0.0,0.25,,,,,,,
2013-12-11,0.07,0.08,0.0,0.25,,,,,,,
2013-12-12,0.07,0.09,0.0,0.25,,,,,,,
2013-12-13,0.07,0.08,0.0,0.25,,,,,,,
2013-12-14,,0.08,0.0,0.25,,,,,,,
2013-12-15,,0.08,0.0,0.25,,,,,,,
2013-12-16,0.07,0.09,0.0,0.25,,,,,,,
2013-12-17,0.07,0.09,0.0,0.25,,,,,,,
2013-12-18,0.07,0.09,0.0,0.25,,,,,,,
2013-12-19,0.06,0.09,0.0,0.25,,,,,,,
2013-12-20,0.07,0.09,0.0,0.25,,,,,,,
2013-12-21,,0.09,0.0,0.25,,,,,,,
2013-12-22,,0.09,0.0,0.25,,,,,,,
2013-12-23,0.07,0.09,0.0,0.25,,,,,,,
2013-12-24,0.07,0.08,0.0,0.25,,,,,,,
2013-12-25,,0.08,0.0,0.25,,,,,,,
2013-12-26,0.07,0.08,0.0,0.25,,,,,,,
2013-12-27,0.07,0.08,0.0,0.25,,,,,,,
2013-12-28,,0.08,0.0,0.25,,,,,,,
2013-12-29,,0.08,0.0,0.25,,,,,,,
2013-12-30,0.07,0.08,0.0,0.25,,,,,,,
2013-12-31,0.07,0.07,0.0,0.25,,,,,,,
2014-01-01,,0.07,0.0,0.25,0.22,0.52093,0.894,0.73,-0.0433244,0.292045454545455,0.12
2014-01-02,0.07,0.08,0.0,0.25,,,,,,,
2014-01-03,0.07,0.08,0.0,0.25,,,,,,,
2014-01-04,,0.08,0.0,0.25,,,,,,,
2014-01-05,,0.08,0.0,0.25,,,,,,,
2014-01-06,0.05,0.08,0.0,0.25,,,,,,,
2014-01-07,0.04,0.07,0.0,0.25,,,,,,,
2014-01-08,0.05,0.07,0.0,0.25,,,,,,,
2014-01-09,0.04,0.07,0.0,0.25,,,,,,,
2014-01-10,0.05,0.07,0.0,0.25,,,,,,,
2014-01-11,,0.07,0.0,0.25,,,,,,,
2014-01-12,,0.07,0.0,0.25,,,,,,,
2014-01-13,0.03,0.07,0.0,0.25,,,,,,,
2014-01-14,0.04,0.07,0.0,0.25,,,,,,,
2014-01-15,0.04,0.07,0.0,0.25,,,,,,,
2014-01-16,0.04,0.07,0.0,0.25,,,,,,,
2014-01-17,0.05,0.07,0.0,0.25,,,,,,,
2014-01-18,,0.07,0.0,0.25,,,,,,,
2014-01-19,,0.07,0.0,0.25,,,,,,,
2014-01-20,,0.07,0.0,0.25,,,,,,,
2014-01-21,0.04,0.07,0.0,0.25,,,,,,,
2014-01-22,0.04,0.07,0.0,0.25,,,,,,,
2014-01-23,0.04,0.07,0.0,0.25,,,,,,,
2014-01-24,0.04,0.07,0.0,0.25,,,,,,,
2014-01-25,,0.07,0.0,0.25,,,,,,,
2014-01-26,,0.07,0.0,0.25,,,,,,,
2014-01-27,0.05,0.07,0.0,0.25,,,,,,,
2014-01-28,0.05,0.07,0.0,0.25,,,,,,,
2014-01-29,0.04,0.07,0.0,0.25,,,,,,,
2014-01-30,0.02,0.07,0.0,0.25,,,,,,,
2014-01-31,0.02,0.07,0.0,0.25,,,,,,,
2014-02-01,,0.07,0.0,0.25,0.212,0.52153,0.87,0.73,-0.04796675,0.2881,0.13
2014-02-02,,0.07,0.0,0.25,,,,,,,
2014-02-03,0.05,0.07,0.0,0.25,,,,,,,
2014-02-04,0.06,0.07,0.0,0.25,,,,,,,
2014-02-05,0.07,0.07,0.0,0.25,,,,,,,
2014-02-06,0.07,0.07,0.0,0.25,,,,,,,
2014-02-07,0.08,0.06,0.0,0.25,,,,,,,
2014-02-08,,0.06,0.0,0.25,,,,,,,
2014-02-09,,0.06,0.0,0.25,,,,,,,
2014-02-10,0.07,0.07,0.0,0.25,,,,,,,
2014-02-11,0.05,0.06,0.0,0.25,,,,,,,
2014-02-12,0.05,0.07,0.0,0.25,,,,,,,
2014-02-13,0.03,0.06,0.0,0.25,,,,,,,
2014-02-14,0.02,0.06,0.0,0.25,,,,,,,
2014-02-15,,0.06,0.0,0.25,,,,,,,
2014-02-16,,0.06,0.0,0.25,,,,,,,
2014-02-17,,0.06,0.0,0.25,,,,,,,
2014-02-18,0.05,0.07,0.0,0.25,,,,,,,
2014-02-19,0.06,0.07,0.0,0.25,,,,,,,
2014-02-20,0.05,0.07,0.0,0.25,,,,,,,
2014-02-21,0.05,0.07,0.0,0.25,,,,,,,
2014-02-22,,0.07,0.0,0.25,,,,,,,
2014-02-23,,0.07,0.0,0.25,,,,,,,
2014-02-24,0.05,0.07,0.0,0.25,,,,,,,
2014-02-25,0.05,0.07,0.0,0.25,,,,,,,
2014-02-26,0.05,0.07,0.0,0.25,,,,,,,
2014-02-27,0.04,0.07,0.0,0.25,,,,,,,
2014-02-28,0.05,0.06,0.0,0.25,,,,,,,
2014-03-01,,0.06,0.0,0.25,0.212,0.52157,0.8425,0.73,-0.0400058571428571,0.305333333333333,0.12
2014-03-02,,0.06,0.0,0.25,,,,,,,
2014-03-03,0.05,0.07,0.0,0.25,,,,,,,
2014-03-04,0.05,0.07,0.0,0.25,,,,,,,
2014-03-05,0.06,0.08,0.0,0.25,,,,,,,
2014-03-06,0.05,0.08,0.0,0.25,,,,,,,
2014-03-07,0.06,0.08,0.0,0.25,,,,,,,
2014-03-08,,0.08,0.0,0.25,,,,,,,
2014-03-09,,0.08,0.0,0.25,,,,,,,
2014-03-10,0.05,0.08,0.0,0.25,,,,,,,
2014-03-11,0.05,0.08,0.0,0.25,,,,,,,
2014-03-12,0.05,0.08,0.0,0.25,,,,,,,
2014-03-13,0.05,0.08,0.0,0.25,,,,,,,
2014-03-14,0.05,0.08,0.0,0.25,,,,,,,
2014-03-15,,0.08,0.0,0.25,,,,,,,
2014-03-16,,0.08,0.0,0.25,,,,,,,
2014-03-17,0.06,0.08,0.0,0.25,,,,,,,
2014-03-18,0.05,0.08,0.0,0.25,,,,,,,
2014-03-19,0.06,0.08,0.0,0.25,,,,,,,
2014-03-20,0.06,0.08,0.0,0.25,,,,,,,
2014-03-21,0.06,0.08,0.0,0.25,,,,,,,
2014-03-22,,0.08,0.0,0.25,,,,,,,
2014-03-23,,0.08,0.0,0.25,,,,,,,
2014-03-24,0.06,0.09,0.0,0.25,,,,,,,
2014-03-25,0.05,0.09,0.0,0.25,,,,,,,
2014-03-26,0.05,0.08,0.0,0.25,,,,,,,
2014-03-27,0.04,0.08,0.0,0.25,,,,,,,
2014-03-28,0.04,0.08,0.0,0.25,,,,,,,
2014-03-29,,0.08,0.0,0.25,,,,,,,
2014-03-30,,0.08,0.0,0.25,,,,,,,
2014-03-31,0.05,0.06,0.0,0.25,,,,,,,
2014-04-01,0.04,0.08,0.0,0.25,0.212,0.52665,0.926,0.7,-0.0292094,0.32975,0.12
2014-04-02,0.02,0.09,0.0,0.25,,,,,,,
2014-04-03,0.02,0.08,0.0,0.25,,,,,,,
2014-04-04,0.03,0.08,0.0,0.25,,,,,,,
2014-04-05,,0.08,0.0,0.25,,,,,,,
2014-04-06,,0.08,0.0,0.25,,,,,,,
2014-04-07,0.03,0.09,0.0,0.25,,,,,,,
2014-04-08,0.03,0.08,0.0,0.25,,,,,,,
2014-04-09,0.04,0.08,0.0,0.25,,,,,,,
2014-04-10,0.04,0.08,0.0,0.25,,,,,,,
2014-04-11,0.04,0.09,0.0,0.25,,,,,,,
2014-04-12,,0.09,0.0,0.25,,,,,,,
2014-04-13,,0.09,0.0,0.25,,,,,,,
2014-04-14,0.04,0.09,0.0,0.25,,,,,,,
2014-04-15,0.04,0.1,0.0,0.25,,,,,,,
2014-04-16,0.04,0.09,0.0,0.25,,,,,,,
2014-04-17,0.03,0.09,0.0,0.25,,,,,,,
2014-04-18,,0.1,0.0,0.25,,,,,,,
2014-04-19,,0.1,0.0,0.25,,,,,,,
2014-04-20,,0.1,0.0,0.25,,,,,,,
2014-04-21,0.04,0.1,0.0,0.25,,,,,,,
2014-04-22,0.03,0.1,0.0,0.25,,,,,,,
2014-04-23,0.02,0.1,0.0,0.25,,,,,,,
2014-04-24,0.01,0.1,0.0,0.25,,,,,,,
2014-04-25,0.03,0.09,0.0,0.25,,,,,,,
2014-04-26,,0.09,0.0,0.25,,,,,,,
2014-04-27,,0.09,0.0,0.25,,,,,,,
2014-04-28,0.03,0.09,0.0,0.25,,,,,,,
2014-04-29,0.02,0.1,0.0,0.25,,,,,,,
2014-04-30,0.03,0.09,0.0,0.25,,,,,,,
2014-05-01,0.03,0.09,0.0,0.25,0.21,0.52744,0.925,0.66,-0.03160255,0.324571428571429,0.11
2014-05-02,0.02,0.09,0.0,0.25,,,,,,,
2014-05-03,,0.09,0.0,0.25,,,,,,,
2014-05-04,,0.09,0.0,0.25,,,,,,,
2014-05-05,0.03,0.09,0.0,0.25,,,,,,,
2014-05-06,0.03,0.09,0.0,0.25,,,,,,,
2014-05-07,0.03,0.08,0.0,0.25,,,,,,,
2014-05-08,0.03,0.08,0.0,0.25,,,,,,,
2014-05-09,0.03,0.08,0.0,0.25,,,,,,,
2014-05-10,,0.08,0.0,0.25,,,,,,,
2014-05-11,,0.08,0.0,0.25,,,,,,,
2014-05-12,0.03,0.08,0.0,0.25,,,,,,,
2014-05-13,0.03,0.09,0.0,0.25,,,,,,,
2014-05-14,0.03,0.08,0.0,0.25,,,,,,,
2014-05-15,0.03,0.09,0.0,0.25,,,,,,,
2014-05-16,0.03,0.09,0.0,0.25,,,,,,,
2014-05-17,,0.09,0.0,0.25,,,,,,,
2014-05-18,,0.09,0.0,0.25,,,,,,,
2014-05-19,0.03,0.09,0.0,0.25,,,,,,,
2014-05-20,0.03,0.09,0.0,0.25,,,,,,,
2014-05-21,0.04,0.09,0.0,0.25,,,,,,,
2014-05-22,0.03,0.09,0.0,0.25,,,,,,,
2014-05-23,0.04,0.09,0.0,0.25,,,,,,,
2014-05-24,,0.09,0.0,0.25,,,,,,,
2014-05-25,,0.09,0.0,0.25,,,,,,,
2014-05-26,,0.09,0.0,0.25,,,,,,,
2014-05-27,0.04,0.09,0.0,0.25,,,,,,,
2014-05-28,0.04,0.09,0.0,0.25,,,,,,,
2014-05-29,0.04,0.09,0.0,0.25,,,,,,,
2014-05-30,0.04,0.08,0.0,0.25,,,,,,,
2014-05-31,,0.08,0.0,0.25,,,,,,,
2014-06-01,,0.08,0.0,0.25,0.21,0.54394,0.935,0.58,-0.012441,0.241428571428571,0.11
2014-06-02,0.04,0.09,0.0,0.25,,,,,,,
2014-06-03,0.04,0.1,0.0,0.25,,,,,,,
2014-06-04,0.04,0.09,0.0,0.25,,,,,,,
2014-06-05,0.04,0.09,0.0,0.25,,,,,,,
2014-06-06,0.04,0.09,0.0,0.25,,,,,,,
2014-06-07,,0.09,0.0,0.25,,,,,,,
2014-06-08,,0.09,0.0,0.25,,,,,,,
2014-06-09,0.04,0.09,0.0,0.25,,,,,,,
2014-06-10,0.04,0.09,0.0,0.25,,,,,,,
2014-06-11,0.04,0.09,-0.1,0.15,,,,,,,
2014-06-12,0.04,0.09,-0.1,0.15,,,,,,,
2014-06-13,0.04,0.1,-0.1,0.15,,,,,,,
2014-06-14,,0.1,-0.1,0.15,,,,,,,
2014-06-15,,0.1,-0.1,0.15,,,,,,,
2014-06-16,0.04,0.1,-0.1,0.15,,,,,,,
2014-06-17,0.04,0.1,-0.1,0.15,,,,,,,
2014-06-18,0.03,0.1,-0.1,0.15,,,,,,,
2014-06-19,0.02,0.1,-0.1,0.15,,,,,,,
2014-06-20,0.02,0.1,-0.1,0.15,,,,,,,
2014-06-21,,0.1,-0.1,0.15,,,,,,,
2014-06-22,,0.1,-0.1,0.15,,,,,,,
2014-06-23,0.03,0.1,-0.1,0.15,,,,,,,
2014-06-24,0.03,0.1,-0.1,0.15,,,,,,,
2014-06-25,0.03,0.1,-0.1,0.15,,,,,,,
2014-06-26,0.04,0.1,-0.1,0.15,,,,,,,
2014-06-27,0.03,0.1,-0.1,0.15,,,,,,,
2014-06-28,,0.1,-0.1,0.15,,,,,,,
2014-06-29,,0.1,-0.1,0.15,,,,,,,
2014-06-30,0.04,0.09,-0.1,0.15,,,,,,,
2014-07-01,0.02,0.1,-0.1,0.15,0.21,0.55641,0.948,0.26,0.0333333333333333,0.20504347826087,0.13
2014-07-02,0.02,0.1,-0.1,0.15,,,,,,,
2014-07-03,0.01,0.09,-0.1,0.15,,,,,,,
2014-07-04,,0.09,-0.1,0.15,,,,,,,
2014-07-05,,0.09,-0.1,0.15,,,,,,,
2014-07-06,,0.09,-0.1,0.15,,,,,,,
2014-07-07,0.04,0.1,-0.1,0.15,,,,,,,
2014-07-08,0.03,0.09,-0.1,0.15,,,,,,,
2014-07-09,0.03,0.09,-0.1,0.15,,,,,,,
2014-07-10,0.02,0.09,-0.1,0.15,,,,,,,
2014-07-11,0.02,0.09,-0.1,0.15,,,,,,,
2014-07-12,,0.09,-0.1,0.15,,,,,,,
2014-07-13,,0.09,-0.1,0.15,,,,,,,
2014-07-14,0.03,0.09,-0.1,0.15,,,,,,,
2014-07-15,0.02,0.09,-0.1,0.15,,,,,,,
2014-07-16,0.02,0.09,-0.1,0.15,,,,,,,
2014-07-17,0.02,0.09,-0.1,0.15,,,,,,,
2014-07-18,0.02,0.09,-0.1,0.15,,,,,,,
2014-07-19,,0.09,-0.1,0.15,,,,,,,
2014-07-20,,0.09,-0.1,0.15,,,,,,,
2014-07-21,0.03,0.1,-0.1,0.15,,,,,,,
2014-07-22,0.03,0.09,-0.1,0.15,,,,,,,
2014-07-23,0.03,0.09,-0.1,0.15,,,,,,,
2014-07-24,0.03,0.09,-0.1,0.15,,,,,,,
2014-07-25,0.03,0.09,-0.1,0.15,,,,,,,
2014-07-26,,0.09,-0.1,0.15,,,,,,,
2014-07-27,,0.09,-0.1,0.15,,,,,,,
2014-07-28,0.04,0.09,-0.1,0.15,,,,,,,
2014-07-29,0.02,0.09,-0.1,0.15,,,,,,,
2014-07-30,0.04,0.09,-0.1,0.15,,,,,,,
2014-07-31,0.03,0.08,-0.1,0.15,,,,,,,
2014-08-01,0.03,0.09,-0.1,0.15,0.21,0.56119,0.95,0.22,0.038,0.191571428571429,0.13
2014-08-02,,0.09,-0.1,0.15,,,,,,,
2014-08-03,,0.09,-0.1,0.15,,,,,,,
2014-08-04,0.04,0.09,-0.1,0.15,,,,,,,
2014-08-05,0.03,0.09,-0.1,0.15,,,,,,,
2014-08-06,0.03,0.09,-0.1,0.15,,,,,,,
2014-08-07,0.03,0.09,-0.1,0.15,,,,,,,
2014-08-08,0.03,0.09,-0.1,0.15,,,,,,,
2014-08-09,,0.09,-0.1,0.15,,,,,,,
2014-08-10,,0.09,-0.1,0.15,,,,,,,
2014-08-11,0.04,0.09,-0.1,0.15,,,,,,,
2014-08-12,0.03,0.09,-0.1,0.15,,,,,,,
2014-08-13,0.04,0.09,-0.1,0.15,,,,,,,
2014-08-14,0.04,0.09,-0.1,0.15,,,,,,,
2014-08-15,0.03,0.09,-0.1,0.15,,,,,,,
2014-08-16,,0.09,-0.1,0.15,,,,,,,
2014-08-17,,0.09,-0.1,0.15,,,,,,,
2014-08-18,0.03,0.09,-0.1,0.15,,,,,,,
2014-08-19,0.03,0.09,-0.1,0.15,,,,,,,
2014-08-20,0.04,0.09,-0.1,0.15,,,,,,,
2014-08-21,0.02,0.09,-0.1,0.15,,,,,,,
2014-08-22,0.03,0.09,-0.1,0.15,,,,,,,
2014-08-23,,0.09,-0.1,0.15,,,,,,,
2014-08-24,,0.09,-0.1,0.15,,,,,,,
2014-08-25,0.04,0.09,-0.1,0.15,,,,,,,
2014-08-26,0.03,0.09,-0.1,0.15,,,,,,,
2014-08-27,0.04,0.09,-0.1,0.15,,,,,,,
2014-08-28,0.03,0.09,-0.1,0.15,,,,,,,
2014-08-29,0.03,0.07,-0.1,0.15,,,,,,,
2014-08-30,,0.07,-0.1,0.15,,,,,,,
2014-08-31,,0.07,-0.1,0.15,,,,,,,
2014-09-01,,0.07,-0.1,0.15,0.21,0.56291,0.9275,0.19,0.025,0.0970909090909091,0.12
2014-09-02,0.03,0.09,-0.1,0.15,,,,,,,
2014-09-03,0.03,0.09,-0.1,0.15,,,,,,,
2014-09-04,0.03,0.09,-0.1,0.15,,,,,,,
2014-09-05,0.03,0.09,-0.1,0.15,,,,,,,
2014-09-06,,0.09,-0.1,0.15,,,,,,,
2014-09-07,,0.09,-0.1,0.15,,,,,,,
2014-09-08,0.02,0.09,-0.1,0.15,,,,,,,
2014-09-09,0.02,0.09,-0.1,0.15,,,,,,,
2014-09-10,0.02,0.09,-0.2,0.05,,,,,,,
2014-09-11,0.02,0.09,-0.2,0.05,,,,,,,
2014-09-12,0.02,0.09,-0.2,0.05,,,,,,,
2014-09-13,,0.09,-0.2,0.05,,,,,,,
2014-09-14,,0.09,-0.2,0.05,,,,,,,
2014-09-15,0.02,0.09,-0.2,0.05,,,,,,,
2014-09-16,0.02,0.09,-0.2,0.05,,,,,,,
2014-09-17,0.02,0.09,-0.2,0.05,,,,,,,
2014-09-18,0.02,0.09,-0.2,0.05,,,,,,,
2014-09-19,0.02,0.09,-0.2,0.05,,,,,,,
2014-09-20,,0.09,-0.2,0.05,,,,,,,
2014-09-21,,0.09,-0.2,0.05,,,,,,,
2014-09-22,0.01,0.09,-0.2,0.05,,,,,,,
2014-09-23,0.01,0.09,-0.2,0.05,,,,,,,
2014-09-24,0.02,0.09,-0.2,0.05,,,,,,,
2014-09-25,0.01,0.09,-0.2,0.05,,,,,,,
2014-09-26,0.01,0.09,-0.2,0.05,,,,,,,
2014-09-27,,0.09,-0.2,0.05,,,,,,,
2014-09-28,,0.09,-0.2,0.05,,,,,,,
2014-09-29,0.02,0.08,-0.2,0.05,,,,,,,
2014-09-30,0.02,0.07,-0.2,0.05,,,,,,,
2014-10-01,0.02,0.09,-0.2,0.05,0.192,0.55836,0.894,0.14,0.04,0.0826086956521739,0.12
2014-10-02,0.01,0.09,-0.2,0.05,,,,,,,
2014-10-03,0.01,0.09,-0.2,0.05,,,,,,,
2014-10-04,,0.09,-0.2,0.05,,,,,,,
2014-10-05,,0.09,-0.2,0.05,,,,,,,
2014-10-06,0.02,0.09,-0.2,0.05,,,,,,,
2014-10-07,0.02,0.09,-0.2,0.05,,,,,,,
2014-10-08,0.01,0.09,-0.2,0.05,,,,,,,
2014-10-09,0.01,0.08,-0.2,0.05,,,,,,,
2014-10-10,0.01,0.09,-0.2,0.05,,,,,,,
2014-10-11,,0.09,-0.2,0.05,,,,,,,
2014-10-12,,0.09,-0.2,0.05,,,,,,,
2014-10-13,,0.09,-0.2,0.05,,,,,,,
2014-10-14,0.02,0.09,-0.2,0.05,,,,,,,
2014-10-15,0.02,0.09,-0.2,0.05,,,,,,,
2014-10-16,0.03,0.09,-0.2,0.05,,,,,,,
2014-10-17,0.02,0.09,-0.2,0.05,,,,,,,
2014-10-18,,0.09,-0.2,0.05,,,,,,,
2014-10-19,,0.09,-0.2,0.05,,,,,,,
2014-10-20,0.02,0.09,-0.2,0.05,,,,,,,
2014-10-21,0.02,0.09,-0.2,0.05,,,,,,,
2014-10-22,0.02,0.09,-0.2,0.05,,,,,,,
2014-10-23,0.01,0.09,-0.2,0.05,,,,,,,
2014-10-24,0.01,0.09,-0.2,0.05,,,,,,,
2014-10-25,,0.09,-0.2,0.05,,,,,,,
2014-10-26,,0.09,-0.2,0.05,,,,,,,
2014-10-27,0.02,0.09,-0.2,0.05,,,,,,,
2014-10-28,0.02,0.09,-0.2,0.05,,,,,,,
2014-10-29,0.03,0.09,-0.2,0.05,,,,,,,
2014-10-30,0.01,0.09,-0.2,0.05,,,,,,,
2014-10-31,0.01,0.07,-0.2,0.05,,,,,,,
2014-11-01,,0.07,-0.2,0.05,0.182,0.55628,0.9025,0.05,0.0414285714285714,0.0809,0.13
2014-11-02,,0.07,-0.2,0.05,,,,,,,
2014-11-03,0.02,0.09,-0.2,0.05,,,,,,,
2014-11-04,0.03,0.1,-0.2,0.05,,,,,,,
2014-11-05,0.03,0.09,-0.2,0.05,,,,,,,
2014-11-06,0.03,0.09,-0.2,0.05,,,,,,,
2014-11-07,0.03,0.09,-0.2,0.05,,,,,,,
2014-11-08,,0.09,-0.2,0.05,,,,,,,
2014-11-09,,0.09,-0.2,0.05,,,,,,,
2014-11-10,0.02,0.09,-0.2,0.05,,,,,,,
2014-11-11,,0.09,-0.2,0.05,,,,,,,
2014-11-12,0.02,0.09,-0.2,0.05,,,,,,,
2014-11-13,0.02,0.09,-0.2,0.05,,,,,,,
2014-11-14,0.02,0.09,-0.2,0.05,,,,,,,
2014-11-15,,0.09,-0.2,0.05,,,,,,,
2014-11-16,,0.09,-0.2,0.05,,,,,,,
2014-11-17,0.03,0.1,-0.2,0.05,,,,,,,
2014-11-18,0.02,0.11,-0.2,0.05,,,,,,,
2014-11-19,0.01,0.1,-0.2,0.05,,,,,,,
2014-11-20,0.02,0.1,-0.2,0.05,,,,,,,
2014-11-21,0.01,0.1,-0.2,0.05,,,,,,,
2014-11-22,,0.1,-0.2,0.05,,,,,,,
2014-11-23,,0.1,-0.2,0.05,,,,,,,
2014-11-24,0.02,0.1,-0.2,0.05,,,,,,,
2014-11-25,0.02,0.1,-0.2,0.05,,,,,,,
2014-11-26,0.02,0.1,-0.2,0.05,,,,,,,
2014-11-27,,0.1,-0.2,0.05,,,,,,,
2014-11-28,0.02,0.08,-0.2,0.05,,,,,,,
2014-11-29,,0.08,-0.2,0.05,,,,,,,
2014-11-30,,0.08,-0.2,0.05,,,,,,,
2014-12-01,0.03,0.13,-0.2,0.05,0.179,0.55818,0.902,0.06,0.040234375,0.0809047619047619,0.15
2014-12-02,0.03,0.12,-0.2,0.05,,,,,,,
2014-12-03,0.01,0.12,-0.2,0.05,,,,,,,
2014-12-04,0.02,0.12,-0.2,0.05,,,,,,,
2014-12-05,0.02,0.12,-0.2,0.05,,,,,,,
2014-12-06,,0.12,-0.2,0.05,,,,,,,
2014-12-07,,0.12,-0.2,0.05,,,,,,,
2014-12-08,0.03,0.12,-0.2,0.05,,,,,,,
2014-12-09,0.04,0.12,-0.2,0.05,,,,,,,
2014-12-10,0.03,0.12,-0.2,0.05,,,,,,,
2014-12-11,0.03,0.12,-0.2,0.05,,,,,,,
2014-12-12,0.02,0.12,-0.2,0.05,,,,,,,
2014-12-13,,0.12,-0.2,0.05,,,,,,,
2014-12-14,,0.12,-0.2,0.05,,,,,,,
2014-12-15,0.04,0.11,-0.2,0.05,,,,,,,
2014-12-16,0.03,0.12,-0.2,0.05,,,,,,,
2014-12-17,0.03,0.13,-0.2,0.05,,,,,,,
2014-12-18,0.04,0.13,-0.2,0.05,,,,,,,
2014-12-19,0.04,0.13,-0.2,0.05,,,,,,,
2014-12-20,,0.13,-0.2,0.05,,,,,,,
2014-12-21,,0.13,-0.2,0.05,,,,,,,
2014-12-22,0.05,0.13,-0.2,0.05,,,,,,,
2014-12-23,0.03,0.13,-0.2,0.05,,,,,,,
2014-12-24,0.01,0.13,-0.2,0.05,,,,,,,
2014-12-25,,0.13,-0.2,0.05,,,,,,,
2014-12-26,0.01,0.13,-0.2,0.05,,,,,,,
2014-12-27,,0.13,-0.2,0.05,,,,,,,
2014-12-28,,0.13,-0.2,0.05,,,,,,,
2014-12-29,0.03,0.13,-0.2,0.05,,,,,,,
2014-12-30,0.03,0.13,-0.2,0.05,,,,,,,
2014-12-31,0.04,0.06,-0.2,0.05,,,,,,,
2015-01-01,,0.06,-0.2,0.05,0.173,0.5626,0.765,0.11,-0.416666666666667,0.0626666666666667,0.16
2015-01-02,0.02,0.12,-0.2,0.05,,,,,,,
2015-01-03,,0.12,-0.2,0.05,,,,,,,
2015-01-04,,0.12,-0.2,0.05,,,,,,,
2015-01-05,0.03,0.12,-0.2,0.05,,,,,,,
2015-01-06,0.03,0.12,-0.2,0.05,,,,,,,
2015-01-07,0.03,0.12,-0.2,0.05,,,,,,,
2015-01-08,0.03,0.12,-0.2,0.05,,,,,,,
2015-01-09,0.02,0.12,-0.2,0.05,,,,,,,
2015-01-10,,0.12,-0.2,0.05,,,,,,,
2015-01-11,,0.12,-0.2,0.05,,,,,,,
2015-01-12,0.03,0.12,-0.2,0.05,,,,,,,
2015-01-13,0.03,0.12,-0.2,0.05,,,,,,,
2015-01-14,0.04,0.12,-0.2,0.05,,,,,,,
2015-01-15,0.03,0.12,-0.2,0.05,,,,,,,
2015-01-16,0.03,0.13,-0.2,0.05,,,,,,,
2015-01-17,,0.13,-0.2,0.05,,,,,,,
2015-01-18,,0.13,-0.2,0.05,,,,,,,
2015-01-19,,0.13,-0.2,0.05,,,,,,,
2015-01-20,0.03,0.12,-0.2,0.05,,,,,,,
2015-01-21,0.03,0.12,-0.2,0.05,,,,,,,
2015-01-22,0.03,0.12,-0.2,0.05,,,,,,,
2015-01-23,0.02,0.12,-0.2,0.05,,,,,,,
2015-01-24,,0.12,-0.2,0.05,,,,,,,
2015-01-25,,0.12,-0.2,0.05,,,,,,,
2015-01-26,0.03,0.12,-0.2,0.05,,,,,,,
2015-01-27,0.02,0.11,-0.2,0.05,,,,,,,
2015-01-28,0.02,0.12,-0.2,0.05,,,,,,,
2015-01-29,0.03,0.11,-0.2,0.05,,,,,,,
2015-01-30,0.02,0.06,-0.2,0.05,,,,,,,
2015-01-31,,0.06,-0.2,0.05,,,,,,,
2015-02-01,,0.06,-0.2,0.05,0.171,0.56363,0.5325,-0.02,-0.675,0.0482,0.15
2015-02-02,0.02,0.12,-0.2,0.05,,,,,,,
2015-02-03,0.02,0.12,-0.2,0.05,,,,,,,
2015-02-04,0.01,0.11,-0.2,0.05,,,,,,,
2015-02-05,0.02,0.12,-0.2,0.05,,,,,,,
2015-02-06,0.02,0.11,-0.2,0.05,,,,,,,
2015-02-07,,0.11,-0.2,0.05,,,,,,,
2015-02-08,,0.11,-0.2,0.05,,,,,,,
2015-02-09,0.01,0.12,-0.2,0.05,,,,,,,
2015-02-10,0.01,0.12,-0.2,0.05,,,,,,,
2015-02-11,0.01,0.12,-0.2,0.05,,,,,,,
2015-02-12,0.02,0.12,-0.2,0.05,,,,,,,
2015-02-13,0.01,0.12,-0.2,0.05,,,,,,,
2015-02-14,,0.12,-0.2,0.05,,,,,,,
2015-02-15,,0.12,-0.2,0.05,,,,,,,
2015-02-16,,0.12,-0.2,0.05,,,,,,,
2015-02-17,0.02,0.12,-0.2,0.05,,,,,,,
2015-02-18,0.02,0.12,-0.2,0.05,,,,,,,
2015-02-19,0.02,0.12,-0.2,0.05,,,,,,,
2015-02-20,0.02,0.12,-0.2,0.05,,,,,,,
2015-02-21,,0.12,-0.2,0.05,,,,,,,
2015-02-22,,0.12,-0.2,0.05,,,,,,,
2015-02-23,0.02,0.11,-0.2,0.05,,,,,,,
2015-02-24,0.02,0.11,-0.2,0.05,,,,,,,
2015-02-25,0.02,0.11,-0.2,0.05,,,,,,,
2015-02-26,0.03,0.11,-0.2,0.05,,,,,,,
2015-02-27,0.02,0.06,-0.2,0.05,,,,,,,
2015-02-28,,0.06,-0.2,0.05,,,,,,,
2015-03-01,,0.06,-0.2,0.05,0.17,0.56436,0.5525,-0.11,-0.788842625,0.0271818181818182,0.14
2015-03-02,0.02,0.12,-0.2,0.05,,,,,,,
2015-03-03,0.02,0.12,-0.2,0.05,,,,,,,
2015-03-04,0.01,0.11,-0.2,0.05,,,,,,,
2015-03-05,0.02,0.11,-0.2,0.05,,,,,,,
2015-03-06,0.01,0.12,-0.2,0.05,,,,,,,
2015-03-07,,0.12,-0.2,0.05,,,,,,,
2015-03-08,,0.12,-0.2,0.05,,,,,,,
2015-03-09,0.02,0.12,-0.2,0.05,,,,,,,
2015-03-10,0.02,0.12,-0.2,0.05,,,,,,,
2015-03-11,0.03,0.11,-0.2,0.05,,,,,,,
2015-03-12,0.03,0.11,-0.2,0.05,,,,,,,
2015-03-13,0.03,0.11,-0.2,0.05,,,,,,,
2015-03-14,,0.11,-0.2,0.05,,,,,,,
2015-03-15,,0.11,-0.2,0.05,,,,,,,
2015-03-16,0.05,0.12,-0.2,0.05,,,,,,,
2015-03-17,0.05,0.12,-0.2,0.05,,,,,,,
2015-03-18,0.03,0.11,-0.2,0.05,,,,,,,
2015-03-19,0.03,0.12,-0.2,0.05,,,,,,,
2015-03-20,0.01,0.12,-0.2,0.05,,,,,,,
2015-03-21,,0.12,-0.2,0.05,,,,,,,
2015-03-22,,0.12,-0.2,0.05,,,,,,,
2015-03-23,0.03,0.12,-0.2,0.05,,,,,,,
2015-03-24,0.02,0.11,-0.2,0.05,,,,,,,
2015-03-25,0.04,0.12,-0.2,0.05,,,,,,,
2015-03-26,0.03,0.11,-0.2,0.05,,,,,,,
2015-03-27,0.04,0.12,-0.2,0.05,,,,,,,
2015-03-28,,0.12,-0.2,0.05,,,,,,,
2015-03-29,,0.12,-0.2,0.05,,,,,,,
2015-03-30,0.04,0.12,-0.2,0.05,,,,,,,
2015-03-31,0.03,0.06,-0.2,0.05,,,,,,,
2015-04-01,0.03,0.12,-0.2,0.05,0.17,0.5695,0.618,-0.26,-0.685416666666667,0.0047,0.13
2015-04-02,0.02,0.12,-0.2,0.05,,,,,,,
2015-04-03,0.02,0.12,-0.2,0.05,,,,,,,
2015-04-04,,0.12,-0.2,0.05,,,,,,,
2015-04-05,,0.12,-0.2,0.05,,,,,,,
2015-04-06,0.03,0.13,-0.2,0.05,,,,,,,
2015-04-07,0.02,0.12,-0.2,0.05,,,,,,,
2015-04-08,0.03,0.12,-0.2,0.05,,,,,,,
2015-04-09,0.03,0.12,-0.2,0.05,,,,,,,
2015-04-10,0.02,0.12,-0.2,0.05,,,,,,,
2015-04-11,,0.12,-0.2,0.05,,,,,,,
2015-04-12,,0.12,-0.2,0.05,,,,,,,
2015-04-13,0.03,0.13,-0.2,0.05,,,,,,,
2015-04-14,0.02,0.13,-0.2,0.05,,,,,,,
2015-04-15,0.02,0.13,-0.2,0.05,,,,,,,
2015-04-16,0.02,0.13,-0.2,0.05,,,,,,,
2015-04-17,0.01,0.13,-0.2,0.05,,,,,,,
2015-04-18,,0.13,-0.2,0.05,,,,,,,
2015-04-19,,0.13,-0.2,0.05,,,,,,,
2015-04-20,0.03,0.13,-0.2,0.05,,,,,,,
2015-04-21,0.03,0.13,-0.2,0.05,,,,,,,
2015-04-22,0.03,0.13,-0.2,0.05,,,,,,,
2015-04-23,0.03,0.13,-0.2,0.05,,,,,,,
2015-04-24,0.03,0.13,-0.2,0.05,,,,,,,
2015-04-25,,0.13,-0.2,0.05,,,,,,,
2015-04-26,,0.13,-0.2,0.05,,,,,,,
2015-04-27,0.02,0.13,-0.2,0.05,,,,,,,
2015-04-28,0.02,0.13,-0.2,0.05,,,,,,,
2015-04-29,0.01,0.13,-0.2,0.05,,,,,,,
2015-04-30,0.01,0.08,-0.2,0.05,,,,,,,
2015-05-01,0.01,0.13,-0.2,0.05,0.169,0.56798,0.6575,-0.27,-0.81541675,-0.0103684210526316,0.15
2015-05-02,,0.13,-0.2,0.05,,,,,,,
2015-05-03,,0.13,-0.2,0.05,,,,,,,
2015-05-04,0.02,0.13,-0.2,0.05,,,,,,,
2015-05-05,0.01,0.13,-0.2,0.05,,,,,,,
2015-05-06,0.02,0.13,-0.2,0.05,,,,,,,
2015-05-07,0.01,0.13,-0.2,0.05,,,,,,,
2015-05-08,0.01,0.13,-0.2,0.05,,,,,,,
2015-05-09,,0.13,-0.2,0.05,,,,,,,
2015-05-10,,0.13,-0.2,0.05,,,,,,,
2015-05-11,0.02,0.13,-0.2,0.05,,,,,,,
2015-05-12,0.03,0.13,-0.2,0.05,,,,,,,
2015-05-13,0.02,0.13,-0.2,0.05,,,,,,,
2015-05-14,0.01,0.13,-0.2,0.05,,,,,,,
2015-05-15,0.02,0.13,-0.2,0.05,,,,,,,
2015-05-16,,0.13,-0.2,0.05,,,,,,,
2015-05-17,,0.13,-0.2,0.05,,,,,,,
2015-05-18,0.02,0.13,-0.2,0.05,,,,,,,
2015-05-19,0.02,0.12,-0.2,0.05,,,,,,,
2015-05-20,0.02,0.12,-0.2,0.05,,,,,,,
2015-05-21,0.02,0.12,-0.2,0.05,,,,,,,
2015-05-22,0.02,0.13,-0.2,0.05,,,,,,,
2015-05-23,,0.13,-0.2,0.05,,,,,,,
2015-05-24,,0.13,-0.2,0.05,,,,,,,
2015-05-25,,0.13,-0.2,0.05,,,,,,,
2015-05-26,0.02,0.12,-0.2,0.05,,,,,,,
2015-05-27,0.01,0.12,-0.2,0.05,,,,,,,
2015-05-28,0.01,0.12,-0.2,0.05,,,,,,,
2015-05-29,0.01,0.08,-0.2,0.05,,,,,,,
2015-05-30,,0.08,-0.2,0.05,,,,,,,
2015-05-31,,0.08,-0.2,0.05,,,,,,,
2015-06-01,0.02,0.12,-0.2,0.05,0.169,0.57188,0.61,-0.32,-0.767575833333333,-0.0139090909090909,0.18
2015-06-02,0.01,0.12,-0.2,0.05,,,,,,,
2015-06-03,0.02,0.13,-0.2,0.05,,,,,,,
2015-06-04,0.02,0.13,-0.2,0.05,,,,,,,
2015-06-05,0.03,0.13,-0.2,0.05,,,,,,,
2015-06-06,,0.13,-0.2,0.05,,,,,,,
2015-06-07,,0.13,-0.2,0.05,,,,,,,
2015-06-08,0.02,0.13,-0.2,0.05,,,,,,,
2015-06-09,0.02,0.13,-0.2,0.05,,,,,,,
2015-06-10,0.02,0.13,-0.2,0.05,,,,,,,
2015-06-11,0.01,0.13,-0.2,0.05,,,,,,,
2015-06-12,0.02,0.13,-0.2,0.05,,,,,,,
2015-06-13,,0.13,-0.2,0.05,,,,,,,
2015-06-14,,0.13,-0.2,0.05,,,,,,,
2015-06-15,0.02,0.13,-0.2,0.05,,,,,,,
2015-06-16,0.01,0.14,-0.2,0.05,,,,,,,
2015-06-17,0.01,0.14,-0.2,0.05,,,,,,,
2015-06-18,0.01,0.14,-0.2,0.05,,,,,,,
2015-06-19,0.01,0.13,-0.2,0.05,,,,,,,
2015-06-20,,0.13,-0.2,0.05,,,,,,,
2015-06-21,,0.13,-0.2,0.05,,,,,,,
2015-06-22,0.01,0.13,-0.2,0.05,,,,,,,
2015-06-23,0.01,0.13,-0.2,0.05,,,,,,,
2015-06-24,0.01,0.13,-0.2,0.05,,,,,,,
2015-06-25,0.01,0.13,-0.2,0.05,,,,,,,
2015-06-26,0.01,0.13,-0.2,0.05,,,,,,,
2015-06-27,,0.13,-0.2,0.05,,,,,,,
2015-06-28,,0.13,-0.2,0.05,,,,,,,
2015-06-29,0.02,0.14,-0.2,0.05,,,,,,,
2015-06-30,0.01,0.08,-0.2,0.05,,,,,,,
2015-07-01,0.01,0.13,-0.2,0.05,0.169,0.58084,0.47,-0.48,-0.7443055,-0.0187391304347826,0.19
2015-07-02,0.01,0.13,-0.2,0.05,,,,,,,
2015-07-03,,0.13,-0.2,0.05,,,,,,,
2015-07-04,,0.13,-0.2,0.05,,,,,,,
2015-07-05,,0.13,-0.2,0.05,,,,,,,
2015-07-06,0.02,0.13,-0.2,0.05,,,,,,,
2015-07-07,0.02,0.13,-0.2,0.05,,,,,,,
2015-07-08,0.02,0.13,-0.2,0.05,,,,,,,
2015-07-09,0.03,0.13,-0.2,0.05,,,,,,,
2015-07-10,0.01,0.13,-0.2,0.05,,,,,,,
2015-07-11,,0.13,-0.2,0.05,,,,,,,
2015-07-12,,0.13,-0.2,0.05,,,,,,,
2015-07-13,0.02,0.13,-0.2,0.05,,,,,,,
2015-07-14,0.01,0.13,-0.2,0.05,,,,,,,
2015-07-15,0.02,0.13,-0.2,0.05,,,,,,,
2015-07-16,0.02,0.14,-0.2,0.05,,,,,,,
2015-07-17,0.03,0.13,-0.2,0.05,,,,,,,
2015-07-18,,0.13,-0.2,0.05,,,,,,,
2015-07-19,,0.13,-0.2,0.05,,,,,,,
2015-07-20,0.04,0.14,-0.2,0.05,,,,,,,
2015-07-21,0.03,0.13,-0.2,0.05,,,,,,,
2015-07-22,0.04,0.13,-0.2,0.05,,,,,,,
2015-07-23,0.03,0.13,-0.2,0.05,,,,,,,
2015-07-24,0.04,0.13,-0.2,0.05,,,,,,,
2015-07-25,,0.13,-0.2,0.05,,,,,,,
2015-07-26,,0.13,-0.2,0.05,,,,,,,
2015-07-27,0.05,0.14,-0.2,0.05,,,,,,,
2015-07-28,0.05,0.14,-0.2,0.05,,,,,,,
2015-07-29,0.06,0.14,-0.2,0.05,,,,,,,
2015-07-30,0.07,0.14,-0.2,0.05,,,,,,,
2015-07-31,0.08,0.08,-0.2,0.05,,,,,,,
2015-08-01,,0.08,-0.2,0.05,0.169,0.5867,0.385,-0.46,-0.78125,-0.0276666666666667,0.26
2015-08-02,,0.08,-0.2,0.05,,,,,,,
2015-08-03,0.08,0.14,-0.2,0.05,,,,,,,
2015-08-04,0.08,0.14,-0.2,0.05,,,,,,,
2015-08-05,0.08,0.14,-0.2,0.05,,,,,,,
2015-08-06,0.04,0.14,-0.2,0.05,,,,,,,
2015-08-07,0.06,0.14,-0.2,0.05,,,,,,,
2015-08-08,,0.14,-0.2,0.05,,,,,,,
2015-08-09,,0.14,-0.2,0.05,,,,,,,
2015-08-10,0.12,0.14,-0.2,0.05,,,,,,,
2015-08-11,0.1,0.15,-0.2,0.05,,,,,,,
2015-08-12,0.1,0.15,-0.2,0.05,,,,,,,
2015-08-13,0.1,0.15,-0.2,0.05,,,,,,,
2015-08-14,0.09,0.14,-0.2,0.05,,,,,,,
2015-08-15,,0.14,-0.2,0.05,,,,,,,
2015-08-16,,0.14,-0.2,0.05,,,,,,,
2015-08-17,0.1,0.15,-0.2,0.05,,,,,,,
2015-08-18,0.07,0.15,-0.2,0.05,,,,,,,
2015-08-19,0.05,0.15,-0.2,0.05,,,,,,,
2015-08-20,0.02,0.15,-0.2,0.05,,,,,,,
2015-08-21,0.03,0.15,-0.2,0.05,,,,,,,
2015-08-22,,0.15,-0.2,0.05,,,,,,,
2015-08-23,,0.15,-0.2,0.05,,,,,,,
2015-08-24,0.06,0.15,-0.2,0.05,,,,,,,
2015-08-25,0.07,0.15,-0.2,0.05,,,,,,,
2015-08-26,0.06,0.14,-0.2,0.05,,,,,,,
2015-08-27,0.06,0.14,-0.2,0.05,,,,,,,
2015-08-28,0.06,0.14,-0.2,0.05,,,,,,,
2015-08-29,,0.14,-0.2,0.05,,,,,,,
2015-08-30,,0.14,-0.2,0.05,,,,,,,
2015-08-31,0.08,0.08,-0.2,0.05,,,,,,,
2015-09-01,0.03,0.14,-0.2,0.05,0.169,0.58576,0.4,-0.48,-0.756176166666667,-0.0370454545454546,0.27
2015-09-02,0.03,0.14,-0.2,0.05,,,,,,,
2015-09-03,0.02,0.14,-0.2,0.05,,,,,,,
2015-09-04,0.02,0.14,-0.2,0.05,,,,,,,
2015-09-05,,0.14,-0.2,0.05,,,,,,,
2015-09-06,,0.14,-0.2,0.05,,,,,,,
2015-09-07,,0.14,-0.2,0.05,,,,,,,
2015-09-08,0.06,0.14,-0.2,0.05,,,,,,,
2015-09-09,0.03,0.14,-0.2,0.05,,,,,,,
2015-09-10,0.02,0.14,-0.2,0.05,,,,,,,
2015-09-11,0.04,0.14,-0.2,0.05,,,,,,,
2015-09-12,,0.14,-0.2,0.05,,,,,,,
2015-09-13,,0.14,-0.2,0.05,,,,,,,
2015-09-14,0.07,0.14,-0.2,0.05,,,,,,,
2015-09-15,0.07,0.14,-0.2,0.05,,,,,,,
2015-09-16,0.06,0.14,-0.2,0.05,,,,,,,
2015-09-17,0.01,0.14,-0.2,0.05,,,,,,,
2015-09-18,-0.01,0.14,-0.2,0.05,,,,,,,
2015-09-19,,0.14,-0.2,0.05,,,,,,,
2015-09-20,,0.14,-0.2,0.05,,,,,,,
2015-09-21,0.01,0.14,-0.2,0.05,,,,,,,
2015-09-22,-0.01,0.14,-0.2,0.05,,,,,,,
2015-09-23,0.01,0.14,-0.2,0.05,,,,,,,
2015-09-24,0.01,0.14,-0.2,0.05,,,,,,,
2015-09-25,-0.01,0.13,-0.2,0.05,,,,,,,
2015-09-26,,0.13,-0.2,0.05,,,,,,,
2015-09-27,,0.13,-0.2,0.05,,,,,,,
2015-09-28,0.01,0.13,-0.2,0.05,,,,,,,
2015-09-29,0.01,0.13,-0.2,0.05,,,,,,,
2015-09-30,-0.01,0.07,-0.2,0.05,,,,,,,
2015-10-01,-0.02,0.13,-0.2,0.05,0.169,0.58006,0.4025,-0.44,-0.845,-0.0535909090909091,0.25
2015-10-02,0.0,0.13,-0.2,0.05,,,,,,,
2015-10-03,,0.13,-0.2,0.05,,,,,,,
2015-10-04,,0.13,-0.2,0.05,,,,,,,
2015-10-05,0.01,0.13,-0.2,0.05,,,,,,,
2015-10-06,0.0,0.13,-0.2,0.05,,,,,,,
2015-10-07,0.0,0.13,-0.2,0.05,,,,,,,
2015-10-08,-0.01,0.13,-0.2,0.05,,,,,,,
2015-10-09,0.01,0.13,-0.2,0.05,,,,,,,
2015-10-10,,0.13,-0.2,0.05,,,,,,,
2015-10-11,,0.13,-0.2,0.05,,,,,,,
2015-10-12,,0.13,-0.2,0.05,,,,,,,
2015-10-13,0.01,0.13,-0.2,0.05,,,,,,,
2015-10-14,0.0,0.13,-0.2,0.05,,,,,,,
2015-10-15,0.01,0.13,-0.2,0.05,,,,,,,
2015-10-16,0.01,0.13,-0.2,0.05,,,,,,,
2015-10-17,,0.13,-0.2,0.05,,,,,,,
2015-10-18,,0.13,-0.2,0.05,,,,,,,
2015-10-19,0.02,0.13,-0.2,0.05,,,,,,,
2015-10-20,0.02,0.13,-0.2,0.05,,,,,,,
2015-10-21,0.01,0.13,-0.2,0.05,,,,,,,
2015-10-22,0.0,0.12,-0.2,0.05,,,,,,,
2015-10-23,0.01,0.12,-0.2,0.05,,,,,,,
2015-10-24,,0.12,-0.2,0.05,,,,,,,
2015-10-25,,0.12,-0.2,0.05,,,,,,,
2015-10-26,0.02,0.12,-0.2,0.05,,,,,,,
2015-10-27,0.03,0.12,-0.2,0.05,,,,,,,
2015-10-28,0.04,0.12,-0.2,0.05,,,,,,,
2015-10-29,0.07,0.12,-0.2,0.05,,,,,,,
2015-10-30,0.08,0.07,-0.2,0.05,,,,,,,
2015-10-31,,0.07,-0.2,0.05,,,,,,,
2015-11-01,,0.07,-0.2,0.05,0.169,0.57371,0.4525,-0.36,-0.680833,-0.0876190476190476,0.3
2015-11-02,0.08,0.12,-0.2,0.05,,,,,,,
2015-11-03,0.06,0.12,-0.2,0.05,,,,,,,
2015-11-04,0.05,0.12,-0.2,0.05,,,,,,,
2015-11-05,0.05,0.12,-0.2,0.05,,,,,,,
2015-11-06,0.08,0.12,-0.2,0.05,,,,,,,
2015-11-07,,0.12,-0.2,0.05,,,,,,,
2015-11-08,,0.12,-0.2,0.05,,,,,,,
2015-11-09,0.14,0.12,-0.2,0.05,,,,,,,
2015-11-10,0.13,0.12,-0.2,0.05,,,,,,,
2015-11-11,,0.12,-0.2,0.05,,,,,,,
2015-11-12,0.14,0.12,-0.2,0.05,,,,,,,
2015-11-13,0.13,0.12,-0.2,0.05,,,,,,,
2015-11-14,,0.12,-0.2,0.05,,,,,,,
2015-11-15,,0.12,-0.2,0.05,,,,,,,
2015-11-16,0.15,0.13,-0.2,0.05,,,,,,,
2015-11-17,0.14,0.13,-0.2,0.05,,,,,,,
2015-11-18,0.12,0.12,-0.2,0.05,,,,,,,
2015-11-19,0.11,0.12,-0.2,0.05,,,,,,,
2015-11-20,0.11,0.12,-0.2,0.05,,,,,,,
2015-11-21,,0.12,-0.2,0.05,,,,,,,
2015-11-22,,0.12,-0.2,0.05,,,,,,,
2015-11-23,0.14,0.12,-0.2,0.05,,,,,,,
2015-11-24,0.16,0.12,-0.2,0.05,,,,,,,
2015-11-25,0.19,0.12,-0.2,0.05,,,,,,,
2015-11-26,,0.12,-0.2,0.05,,,,,,,
2015-11-27,0.17,0.12,-0.2,0.05,,,,,,,
2015-11-28,,0.12,-0.2,0.05,,,,,,,
2015-11-29,,0.12,-0.2,0.05,,,,,,,
2015-11-30,0.22,0.08,-0.2,0.05,,,,,,,
2015-12-01,0.21,0.13,-0.2,0.05,0.169,0.58277,0.484,-0.38,-0.740213833333333,-0.126318181818182,0.54
2015-12-02,0.21,0.13,-0.2,0.05,,,,,,,
2015-12-03,0.21,0.13,-0.2,0.05,,,,,,,
2015-12-04,0.22,0.13,-0.2,0.05,,,,,,,
2015-12-05,,0.13,-0.2,0.05,,,,,,,
2015-12-06,,0.13,-0.2,0.05,,,,,,,
2015-12-07,0.29,0.13,-0.2,0.05,,,,,,,
2015-12-08,0.27,0.13,-0.2,0.05,,,,,,,
2015-12-09,0.26,0.14,-0.3,0.05,,,,,,,
2015-12-10,0.24,0.14,-0.3,0.05,,,,,,,
2015-12-11,0.22,0.14,-0.3,0.05,,,,,,,
2015-12-12,,0.14,-0.3,0.05,,,,,,,
2015-12-13,,0.14,-0.3,0.05,,,,,,,
2015-12-14,0.26,0.15,-0.3,0.05,,,,,,,
2015-12-15,0.25,0.15,-0.3,0.05,,,,,,,
2015-12-16,0.27,0.15,-0.3,0.05,,,,,,,
2015-12-17,0.23,0.37,-0.3,0.05,,,,,,,
2015-12-18,0.19,0.37,-0.3,0.05,,,,,,,
2015-12-19,,0.37,-0.3,0.05,,,,,,,
2015-12-20,,0.37,-0.3,0.05,,,,,,,
2015-12-21,0.24,0.36,-0.3,0.05,,,,,,,
2015-12-22,0.21,0.36,-0.3,0.05,,,,,,,
2015-12-23,0.2,0.36,-0.3,0.05,,,,,,,
2015-12-24,0.2,0.36,-0.3,0.05,,,,,,,
2015-12-25,,0.36,-0.3,0.05,,,,,,,
2015-12-26,,0.36,-0.3,0.05,,,,,,,
2015-12-27,,0.36,-0.3,0.05,,,,,,,
2015-12-28,0.23,0.36,-0.3,0.05,,,,,,,
2015-12-29,0.23,0.36,-0.3,0.05,,,,,,,
2015-12-30,0.21,0.35,-0.3,0.05,,,,,,,
2015-12-31,0.16,0.2,-0.3,0.05,,,,,,,
2016-01-01,,0.2,-0.3,0.05,0.169,0.58976,0.435,-0.46,-0.745873,-0.14615,0.57
2016-01-02,,0.2,-0.3,0.05,,,,,,,
2016-01-03,,0.2,-0.3,0.05,,,,,,,
2016-01-04,0.22,0.36,-0.3,0.05,,,,,,,
2016-01-05,0.2,0.36,-0.3,0.05,,,,,,,
2016-01-06,0.21,0.36,-0.3,0.05,,,,,,,
2016-01-07,0.2,0.36,-0.3,0.05,,,,,,,
2016-01-08,0.2,0.36,-0.3,0.05,,,,,,,
2016-01-09,,0.36,-0.3,0.05,,,,,,,
2016-01-10,,0.36,-0.3,0.05,,,,,,,
2016-01-11,0.21,0.36,-0.3,0.05,,,,,,,
2016-01-12,0.21,0.36,-0.3,0.05,,,,,,,
2016-01-13,0.22,0.36,-0.3,0.05,,,,,,,
2016-01-14,0.25,0.36,-0.3,0.05,,,,,,,
2016-01-15,0.23,0.36,-0.3,0.05,,,,,,,
2016-01-16,,0.36,-0.3,0.05,,,,,,,
2016-01-17,,0.36,-0.3,0.05,,,,,,,
2016-01-18,,0.36,-0.3,0.05,,,,,,,
2016-01-19,0.26,0.36,-0.3,0.05,,,,,,,
2016-01-20,0.26,0.37,-0.3,0.05,,,,,,,
2016-01-21,0.28,0.37,-0.3,0.05,,,,,,,
2016-01-22,0.3,0.38,-0.3,0.05,,,,,,,
2016-01-23,,0.38,-0.3,0.05,,,,,,,
2016-01-24,,0.38,-0.3,0.05,,,,,,,
2016-01-25,0.31,0.38,-0.3,0.05,,,,,,,
2016-01-26,0.31,0.38,-0.3,0.05,,,,,,,
2016-01-27,0.32,0.38,-0.3,0.05,,,,,,,
2016-01-28,0.34,0.38,-0.3,0.05,,,,,,,
2016-01-29,0.32,0.29,-0.3,0.05,,,,,,,
2016-01-30,,0.29,-0.3,0.05,,,,,,,
2016-01-31,,0.29,-0.3,0.05,,,,,,,
2016-02-01,0.35,0.38,-0.3,0.05,0.098,0.59073,0.4575,-0.5,-0.8886364,-0.183571428571429,0.54
2016-02-02,0.34,0.38,-0.3,0.05,,,,,,,
2016-02-03,0.33,0.38,-0.3,0.05,,,,,,,
2016-02-04,0.29,0.38,-0.3,0.05,,,,,,,
2016-02-05,0.29,0.38,-0.3,0.05,,,,,,,
2016-02-06,,0.38,-0.3,0.05,,,,,,,
2016-02-07,,0.38,-0.3,0.05,,,,,,,
2016-02-08,0.32,0.38,-0.3,0.05,,,,,,,
2016-02-09,0.3,0.38,-0.3,0.05,,,,,,,
2016-02-10,0.31,0.38,-0.3,0.05,,,,,,,
2016-02-11,0.28,0.38,-0.3,0.05,,,,,,,
2016-02-12,0.29,0.38,-0.3,0.05,,,,,,,
2016-02-13,,0.38,-0.3,0.05,,,,,,,
2016-02-14,,0.38,-0.3,0.05,,,,,,,
2016-02-15,,0.38,-0.3,0.05,,,,,,,
2016-02-16,0.3,0.38,-0.3,0.05,,,,,,,
2016-02-17,0.3,0.37,-0.3,0.05,,,,,,,
2016-02-18,0.3,0.38,-0.3,0.05,,,,,,,
2016-02-19,0.3,0.38,-0.3,0.05,,,,,,,
2016-02-20,,0.38,-0.3,0.05,,,,,,,
2016-02-21,,0.38,-0.3,0.05,,,,,,,
2016-02-22,0.33,0.38,-0.3,0.05,,,,,,,
2016-02-23,0.32,0.38,-0.3,0.05,,,,,,,
2016-02-24,0.33,0.38,-0.3,0.05,,,,,,,
2016-02-25,0.32,0.37,-0.3,0.05,,,,,,,
2016-02-26,0.32,0.37,-0.3,0.05,,,,,,,
2016-02-27,,0.37,-0.3,0.05,,,,,,,
2016-02-28,,0.37,-0.3,0.05,,,,,,,
2016-02-29,0.33,0.29,-0.3,0.05,,,,,,,
2016-03-01,0.33,0.36,-0.3,0.05,0.098,0.58825,0.46,-0.59,-0.774167,-0.22852380952381,0.55
2016-03-02,0.35,0.37,-0.3,0.05,,,,,,,
2016-03-03,0.27,0.37,-0.3,0.05,,,,,,,
2016-03-04,0.28,0.36,-0.3,0.05,,,,,,,
2016-03-05,,0.36,-0.3,0.05,,,,,,,
2016-03-06,,0.36,-0.3,0.05,,,,,,,
2016-03-07,0.32,0.36,-0.3,0.05,,,,,,,
2016-03-08,0.29,0.36,-0.3,0.05,,,,,,,
2016-03-09,0.3,0.36,-0.3,0.05,,,,,,,
2016-03-10,0.31,0.36,-0.3,0.05,,,,,,,
2016-03-11,0.32,0.36,-0.3,0.05,,,,,,,
2016-03-12,,0.36,-0.3,0.05,,,,,,,
2016-03-13,,0.36,-0.3,0.05,,,,,,,
2016-03-14,0.34,0.36,-0.3,0.05,,,,,,,
2016-03-15,0.34,0.37,-0.3,0.05,,,,,,,
2016-03-16,0.31,0.37,-0.4,0.0,,,,,,,
2016-03-17,0.29,0.37,-0.4,0.0,,,,,,,
2016-03-18,0.29,0.37,-0.4,0.0,,,,,,,
2016-03-19,,0.37,-0.4,0.0,,,,,,,
2016-03-20,,0.37,-0.4,0.0,,,,,,,
2016-03-21,0.31,0.37,-0.4,0.0,,,,,,,
2016-03-22,0.3,0.37,-0.4,0.0,,,,,,,
2016-03-23,0.3,0.37,-0.4,0.0,,,,,,,
2016-03-24,0.29,0.37,-0.4,0.0,,,,,,,
2016-03-25,,0.37,-0.4,0.0,,,,,,,
2016-03-26,,0.37,-0.4,0.0,,,,,,,
2016-03-27,,0.37,-0.4,0.0,,,,,,,
2016-03-28,0.29,0.37,-0.4,0.0,,,,,,,
2016-03-29,0.23,0.37,-0.4,0.0,,,,,,,
2016-03-30,0.2,0.37,-0.4,0.0,,,,,,,
2016-03-31,0.21,0.25,-0.4,0.0,,,,,,,
2016-04-01,0.23,0.37,-0.4,0.0,0.06,0.5889,0.5125,-0.59,-0.746875,-0.249190476190476,0.55
2016-04-02,,0.37,-0.4,0.0,,,,,,,
2016-04-03,,0.37,-0.4,0.0,,,,,,,
2016-04-04,0.23,0.37,-0.4,0.0,,,,,,,
2016-04-05,0.23,0.37,-0.4,0.0,,,,,,,
2016-04-06,0.23,0.37,-0.4,0.0,,,,,,,
2016-04-07,0.23,0.37,-0.4,0.0,,,,,,,
2016-04-08,0.23,0.37,-0.4,0.0,,,,,,,
2016-04-09,,0.37,-0.4,0.0,,,,,,,
2016-04-10,,0.37,-0.4,0.0,,,,,,,
2016-04-11,0.23,0.37,-0.4,0.0,,,,,,,
2016-04-12,0.22,0.37,-0.4,0.0,,,,,,,
2016-04-13,0.23,0.37,-0.4,0.0,,,,,,,
2016-04-14,0.22,0.37,-0.4,0.0,,,,,,,
2016-04-15,0.22,0.37,-0.4,0.0,,,,,,,
2016-04-16,,0.37,-0.4,0.0,,,,,,,
2016-04-17,,0.37,-0.4,0.0,,,,,,,
2016-04-18,0.22,0.37,-0.4,0.0,,,,,,,
2016-04-19,0.21,0.37,-0.4,0.0,,,,,,,
2016-04-20,0.23,0.37,-0.4,0.0,,,,,,,
2016-04-21,0.23,0.37,-0.4,0.0,,,,,,,
2016-04-22,0.23,0.37,-0.4,0.0,,,,,,,
2016-04-23,,0.37,-0.4,0.0,,,,,,,
2016-04-24,,0.37,-0.4,0.0,,,,,,,
2016-04-25,0.25,0.37,-0.4,0.0,,,,,,,
2016-04-26,0.24,0.37,-0.4,0.0,,,,,,,
2016-04-27,0.24,0.37,-0.4,0.0,,,,,,,
2016-04-28,0.22,0.37,-0.4,0.0,,,,,,,
2016-04-29,0.22,0.3,-0.4,0.0,,,,,,,
2016-04-30,,0.3,-0.4,0.0,,,,,,,
2016-05-01,,0.3,-0.4,0.0,0.06,0.58929,0.5075,-0.6,-0.765375,-0.257181818181818,0.57
2016-05-02,0.22,0.37,-0.4,0.0,,,,,,,
2016-05-03,0.21,0.37,-0.4,0.0,,,,,,,
2016-05-04,0.19,0.37,-0.4,0.0,,,,,,,
2016-05-05,0.2,0.37,-0.4,0.0,,,,,,,
2016-05-06,0.19,0.37,-0.4,0.0,,,,,,,
2016-05-07,,0.37,-0.4,0.0,,,,,,,
2016-05-08,,0.37,-0.4,0.0,,,,,,,
2016-05-09,0.24,0.37,-0.4,0.0,,,,,,,
2016-05-10,0.24,0.37,-0.4,0.0,,,,,,,
2016-05-11,0.26,0.37,-0.4,0.0,,,,,,,
2016-05-12,0.27,0.37,-0.4,0.0,,,,,,,
2016-05-13,0.28,0.37,-0.4,0.0,,,,,,,
2016-05-14,,0.37,-0.4,0.0,,,,,,,
2016-05-15,,0.37,-0.4,0.0,,,,,,,
2016-05-16,0.28,0.37,-0.4,0.0,,,,,,,
2016-05-17,0.28,0.37,-0.4,0.0,,,,,,,
2016-05-18,0.3,0.37,-0.4,0.0,,,,,,,
2016-05-19,0.3,0.37,-0.4,0.0,,,,,,,
2016-05-20,0.32,0.37,-0.4,0.0,,,,,,,
2016-05-21,,0.37,-0.4,0.0,,,,,,,
2016-05-22,,0.37,-0.4,0.0,,,,,,,
2016-05-23,0.35,0.37,-0.4,0.0,,,,,,,
2016-05-24,0.35,0.37,-0.4,0.0,,,,,,,
2016-05-25,0.33,0.37,-0.4,0.0,,,,,,,
2016-05-26,0.3,0.37,-0.4,0.0,,,,,,,
2016-05-27,0.31,0.37,-0.4,0.0,,,,,,,
2016-05-28,,0.37,-0.4,0.0,,,,,,,
2016-05-29,,0.37,-0.4,0.0,,,,,,,
2016-05-30,,0.37,-0.4,0.0,,,,,,,
2016-05-31,0.34,0.29,-0.4,0.0,,,,,,,
2016-06-01,0.3,0.37,-0.4,0.0,0.059,0.57468,0.51,-0.63,-0.718645,-0.267909090909091,0.55
2016-06-02,0.28,0.37,-0.4,0.0,,,,,,,
2016-06-03,0.29,0.37,-0.4,0.0,,,,,,,
2016-06-04,,0.37,-0.4,0.0,,,,,,,
2016-06-05,,0.37,-0.4,0.0,,,,,,,
2016-06-06,0.28,0.37,-0.4,0.0,,,,,,,
2016-06-07,0.28,0.37,-0.4,0.0,,,,,,,
2016-06-08,0.24,0.37,-0.4,0.0,,,,,,,
2016-06-09,0.25,0.37,-0.4,0.0,,,,,,,
2016-06-10,0.25,0.37,-0.4,0.0,,,,,,,
2016-06-11,,0.37,-0.4,0.0,,,,,,,
2016-06-12,,0.37,-0.4,0.0,,,,,,,
2016-06-13,0.27,0.37,-0.4,0.0,,,,,,,
2016-06-14,0.27,0.37,-0.4,0.0,,,,,,,
2016-06-15,0.26,0.37,-0.4,0.0,,,,,,,
2016-06-16,0.27,0.38,-0.4,0.0,,,,,,,
2016-06-17,0.26,0.38,-0.4,0.0,,,,,,,
2016-06-18,,0.38,-0.4,0.0,,,,,,,
2016-06-19,,0.38,-0.4,0.0,,,,,,,
2016-06-20,0.28,0.38,-0.4,0.0,,,,,,,
2016-06-21,0.27,0.38,-0.4,0.0,,,,,,,
2016-06-22,0.27,0.38,-0.4,0.0,,,,,,,
2016-06-23,0.3,0.39,-0.4,0.0,,,,,,,
2016-06-24,0.26,0.4,-0.4,0.0,,,,,,,
2016-06-25,,0.4,-0.4,0.0,,,,,,,
2016-06-26,,0.4,-0.4,0.0,,,,,,,
2016-06-27,0.27,0.41,-0.4,0.0,,,,,,,
2016-06-28,0.26,0.41,-0.4,0.0,,,,,,,
2016-06-29,0.26,0.41,-0.4,0.0,,,,,,,
2016-06-30,0.26,0.3,-0.4,0.0,,,,,,,
2016-07-01,0.27,0.41,-0.4,0.0,0.058,0.5136,0.5,-0.67,-0.77,-0.294523809523809,0.62
2016-07-02,,0.41,-0.4,0.0,,,,,,,
2016-07-03,,0.41,-0.4,0.0,,,,,,,
2016-07-04,,0.41,-0.4,0.0,,,,,,,
2016-07-05,0.28,0.4,-0.4,0.0,,,,,,,
2016-07-06,0.27,0.4,-0.4,0.0,,,,,,,
2016-07-07,0.29,0.4,-0.4,0.0,,,,,,,
2016-07-08,0.27,0.4,-0.4,0.0,,,,,,,
2016-07-09,,0.4,-0.4,0.0,,,,,,,
2016-07-10,,0.4,-0.4,0.0,,,,,,,
2016-07-11,0.31,0.4,-0.4,0.0,,,,,,,
2016-07-12,0.29,0.4,-0.4,0.0,,,,,,,
2016-07-13,0.31,0.4,-0.4,0.0,,,,,,,
2016-07-14,0.31,0.4,-0.4,0.0,,,,,,,
2016-07-15,0.31,0.4,-0.4,0.0,,,,,,,
2016-07-16,,0.4,-0.4,0.0,,,,,,,
2016-07-17,,0.4,-0.4,0.0,,,,,,,
2016-07-18,0.32,0.4,-0.4,0.0,,,,,,,
2016-07-19,0.31,0.4,-0.4,0.0,,,,,,,
2016-07-20,0.32,0.4,-0.4,0.0,,,,,,,
2016-07-21,0.31,0.4,-0.4,0.0,,,,,,,
2016-07-22,0.32,0.4,-0.4,0.0,,,,,,,
2016-07-23,,0.4,-0.4,0.0,,,,,,,
2016-07-24,,0.4,-0.4,0.0,,,,,,,
2016-07-25,0.32,0.4,-0.4,0.0,,,,,,,
2016-07-26,0.31,0.4,-0.4,0.0,,,,,,,
2016-07-27,0.31,0.4,-0.4,0.0,,,,,,,
2016-07-28,0.25,0.4,-0.4,0.0,,,,,,,
2016-07-29,0.27,0.3,-0.4,0.0,,,,,,,
2016-07-30,,0.3,-0.4,0.0,,,,,,,
2016-07-31,,0.3,-0.4,0.0,,,,,,,
2016-08-01,0.29,0.4,-0.4,0.0,0.058,0.40613,0.506,-0.74,-0.75,-0.298217391304348,0.73
2016-08-02,0.29,0.4,-0.4,0.0,,,,,,,
2016-08-03,0.28,0.4,-0.4,0.0,,,,,,,
2016-08-04,0.26,0.4,-0.4,0.0,,,,,,,
2016-08-05,0.27,0.4,-0.4,0.0,,,,,,,
2016-08-06,,0.4,-0.4,0.0,,,,,,,
2016-08-07,,0.4,-0.4,0.0,,,,,,,
2016-08-08,0.31,0.4,-0.4,0.0,,,,,,,
2016-08-09,0.29,0.4,-0.4,0.0,,,,,,,
2016-08-10,0.28,0.4,-0.4,0.0,,,,,,,
2016-08-11,0.28,0.4,-0.4,0.0,,,,,,,
2016-08-12,0.28,0.4,-0.4,0.0,,,,,,,
2016-08-13,,0.4,-0.4,0.0,,,,,,,
2016-08-14,,0.4,-0.4,0.0,,,,,,,
2016-08-15,0.31,0.4,-0.4,0.0,,,,,,,
2016-08-16,0.27,0.4,-0.4,0.0,,,,,,,
2016-08-17,0.3,0.4,-0.4,0.0,,,,,,,
2016-08-18,0.29,0.4,-0.4,0.0,,,,,,,
2016-08-19,0.29,0.4,-0.4,0.0,,,,,,,
2016-08-20,,0.4,-0.4,0.0,,,,,,,
2016-08-21,,0.4,-0.4,0.0,,,,,,,
2016-08-22,0.29,0.4,-0.4,0.0,,,,,,,
2016-08-23,0.3,0.4,-0.4,0.0,,,,,,,
2016-08-24,0.31,0.4,-0.4,0.0,,,,,,,
2016-08-25,0.33,0.4,-0.4,0.0,,,,,,,
2016-08-26,0.33,0.4,-0.4,0.0,,,,,,,
2016-08-27,,0.4,-0.4,0.0,,,,,,,
2016-08-28,,0.4,-0.4,0.0,,,,,,,
2016-08-29,0.33,0.4,-0.4,0.0,,,,,,,
2016-08-30,0.33,0.4,-0.4,0.0,,,,,,,
2016-08-31,0.33,0.3,-0.4,0.0,,,,,,,
2016-09-01,0.33,0.4,-0.4,0.0,0.056,0.37907,0.505,-0.75,-0.75,-0.301636363636364,0.75
2016-09-02,0.32,0.4,-0.4,0.0,,,,,,,
2016-09-03,,0.4,-0.4,0.0,,,,,,,
2016-09-04,,0.4,-0.4,0.0,,,,,,,
2016-09-05,,0.4,-0.4,0.0,,,,,,,
2016-09-06,0.32,0.4,-0.4,0.0,,,,,,,
2016-09-07,0.34,0.4,-0.4,0.0,,,,,,,
2016-09-08,0.34,0.4,-0.4,0.0,,,,,,,
2016-09-09,0.34,0.4,-0.4,0.0,,,,,,,
2016-09-10,,0.4,-0.4,0.0,,,,,,,
2016-09-11,,0.4,-0.4,0.0,,,,,,,
2016-09-12,0.37,0.4,-0.4,0.0,,,,,,,
2016-09-13,0.36,0.4,-0.4,0.0,,,,,,,
2016-09-14,0.33,0.4,-0.4,0.0,,,,,,,
2016-09-15,0.29,0.4,-0.4,0.0,,,,,,,
2016-09-16,0.29,0.4,-0.4,0.0,,,,,,,
2016-09-17,,0.4,-0.4,0.0,,,,,,,
2016-09-18,,0.4,-0.4,0.0,,,,,,,
2016-09-19,0.3,0.4,-0.4,0.0,,,,,,,
2016-09-20,0.3,0.4,-0.4,0.0,,,,,,,
2016-09-21,0.22,0.4,-0.4,0.0,,,,,,,
2016-09-22,0.18,0.4,-0.4,0.0,,,,,,,
2016-09-23,0.18,0.4,-0.4,0.0,,,,,,,
2016-09-24,,0.4,-0.4,0.0,,,,,,,
2016-09-25,,0.4,-0.4,0.0,,,,,,,
2016-09-26,0.25,0.4,-0.4,0.0,,,,,,,
2016-09-27,0.26,0.4,-0.4,0.0,,,,,,,
2016-09-28,0.27,0.4,-0.4,0.0,,,,,,,
2016-09-29,0.26,0.4,-0.4,0.0,,,,,,,
2016-09-30,0.28,0.29,-0.4,0.0,,,,,,,
2016-10-01,,0.29,-0.4,0.0,0.056,0.3975,0.4875,-0.75,-0.75,-0.309,0.72
2016-10-02,,0.29,-0.4,0.0,,,,,,,
2016-10-03,0.32,0.4,-0.4,0.0,,,,,,,
2016-10-04,0.33,0.4,-0.4,0.0,,,,,,,
2016-10-05,0.32,0.4,-0.4,0.0,,,,,,,
2016-10-06,0.32,0.4,-0.4,0.0,,,,,,,
2016-10-07,0.32,0.4,-0.4,0.0,,,,,,,
2016-10-08,,0.4,-0.4,0.0,,,,,,,
2016-10-09,,0.4,-0.4,0.0,,,,,,,
2016-10-10,,0.4,-0.4,0.0,,,,,,,
2016-10-11,0.35,0.41,-0.4,0.0,,,,,,,
2016-10-12,0.36,0.41,-0.4,0.0,,,,,,,
2016-10-13,0.29,0.41,-0.4,0.0,,,,,,,
2016-10-14,0.31,0.41,-0.4,0.0,,,,,,,
2016-10-15,,0.41,-0.4,0.0,,,,,,,
2016-10-16,,0.41,-0.4,0.0,,,,,,,
2016-10-17,0.34,0.41,-0.4,0.0,,,,,,,
2016-10-18,0.34,0.41,-0.4,0.0,,,,,,,
2016-10-19,0.34,0.41,-0.4,0.0,,,,,,,
2016-10-20,0.34,0.41,-0.4,0.0,,,,,,,
2016-10-21,0.33,0.41,-0.4,0.0,,,,,,,
2016-10-22,,0.41,-0.4,0.0,,,,,,,
2016-10-23,,0.41,-0.4,0.0,,,,,,,
2016-10-24,0.33,0.41,-0.4,0.0,,,,,,,
2016-10-25,0.34,0.41,-0.4,0.0,,,,,,,
2016-10-26,0.33,0.41,-0.4,0.0,,,,,,,
2016-10-27,0.29,0.41,-0.4,0.0,,,,,,,
2016-10-28,0.29,0.41,-0.4,0.0,,,,,,,
2016-10-29,,0.41,-0.4,0.0,,,,,,,
2016-10-30,,0.41,-0.4,0.0,,,,,,,
2016-10-31,0.34,0.31,-0.4,0.0,,,,,,,
2016-11-01,0.35,0.41,-0.4,0.0,0.056,0.39773,0.48,-0.79,-0.76,-0.312681818181818,0.71
2016-11-02,0.36,0.41,-0.4,0.0,,,,,,,
2016-11-03,0.37,0.41,-0.4,0.0,,,,,,,
2016-11-04,0.37,0.41,-0.4,0.0,,,,,,,
2016-11-05,,0.41,-0.4,0.0,,,,,,,
2016-11-06,,0.41,-0.4,0.0,,,,,,,
2016-11-07,0.41,0.41,-0.4,0.0,,,,,,,
2016-11-08,0.43,0.41,-0.4,0.0,,,,,,,
2016-11-09,0.44,0.41,-0.4,0.0,,,,,,,
2016-11-10,0.47,0.41,-0.4,0.0,,,,,,,
2016-11-11,,0.41,-0.4,0.0,,,,,,,
2016-11-12,,0.41,-0.4,0.0,,,,,,,
2016-11-13,,0.41,-0.4,0.0,,,,,,,
2016-11-14,0.54,0.41,-0.4,0.0,,,,,,,
2016-11-15,0.5,0.41,-0.4,0.0,,,,,,,
2016-11-16,0.46,0.41,-0.4,0.0,,,,,,,
2016-11-17,0.43,0.41,-0.4,0.0,,,,,,,
2016-11-18,0.43,0.41,-0.4,0.0,,,,,,,
2016-11-19,,0.41,-0.4,0.0,,,,,,,
2016-11-20,,0.41,-0.4,0.0,,,,,,,
2016-11-21,0.46,0.41,-0.4,0.0,,,,,,,
2016-11-22,0.48,0.41,-0.4,0.0,,,,,,,
2016-11-23,0.5,0.41,-0.4,0.0,,,,,,,
2016-11-24,,0.41,-0.4,0.0,,,,,,,
2016-11-25,0.48,0.41,-0.4,0.0,,,,,,,
2016-11-26,,0.41,-0.4,0.0,,,,,,,
2016-11-27,,0.41,-0.4,0.0,,,,,,,
2016-11-28,0.48,0.41,-0.4,0.0,,,,,,,
2016-11-29,0.48,0.41,-0.4,0.0,,,,,,,
2016-11-30,0.48,0.31,-0.4,0.0,,,,,,,
2016-12-01,0.47,0.41,-0.4,0.0,0.056,0.37226,0.4775,-0.79,-0.8,-0.315761904761905,0.87
2016-12-02,0.48,0.41,-0.4,0.0,,,,,,,
2016-12-03,,0.41,-0.4,0.0,,,,,,,
2016-12-04,,0.41,-0.4,0.0,,,,,,,
2016-12-05,0.49,0.41,-0.4,0.0,,,,,,,
2016-12-06,0.49,0.41,-0.4,0.0,,,,,,,
2016-12-07,0.51,0.41,-0.4,0.0,,,,,,,
2016-12-08,0.5,0.41,-0.4,0.0,,,,,,,
2016-12-09,0.53,0.41,-0.4,0.0,,,,,,,
2016-12-10,,0.41,-0.4,0.0,,,,,,,
2016-12-11,,0.41,-0.4,0.0,,,,,,,
2016-12-12,0.51,0.41,-0.4,0.0,,,,,,,
2016-12-13,0.54,0.41,-0.4,0.0,,,,,,,
2016-12-14,0.54,0.41,-0.4,0.0,,,,,,,
2016-12-15,0.5,0.66,-0.4,0.0,,,,,,,
2016-12-16,0.5,0.66,-0.4,0.0,,,,,,,
2016-12-17,,0.66,-0.4,0.0,,,,,,,
2016-12-18,,0.66,-0.4,0.0,,,,,,,
2016-12-19,0.52,0.66,-0.4,0.0,,,,,,,
2016-12-20,0.52,0.66,-0.4,0.0,,,,,,,
2016-12-21,0.51,0.66,-0.4,0.0,,,,,,,
2016-12-22,0.5,0.66,-0.4,0.0,,,,,,,
2016-12-23,0.51,0.66,-0.4,0.0,,,,,,,
2016-12-24,,0.66,-0.4,0.0,,,,,,,
2016-12-25,,0.66,-0.4,0.0,,,,,,,
2016-12-26,,0.66,-0.4,0.0,,,,,,,
2016-12-27,0.51,0.66,-0.4,0.0,,,,,,,
2016-12-28,0.52,0.66,-0.4,0.0,,,,,,,
2016-12-29,0.46,0.66,-0.4,0.0,,,,,,,
2016-12-30,0.5,0.55,-0.4,0.0,,,,,,,
2016-12-31,,0.55,-0.4,0.0,,,,,,,
2017-01-01,,0.55,-0.4,0.0,0.056,0.3621,0.45,-0.77,-0.93,-0.325545454545455,0.9
2017-01-02,,0.55,-0.4,0.0,,,,,,,
2017-01-03,0.53,0.66,-0.4,0.0,,,,,,,
2017-01-04,0.52,0.66,-0.4,0.0,,,,,,,
2017-01-05,0.51,0.66,-0.4,0.0,,,,,,,
2017-01-06,0.52,0.66,-0.4,0.0,,,,,,,
2017-01-07,,0.66,-0.4,0.0,,,,,,,
2017-01-08,,0.66,-0.4,0.0,,,,,,,
2017-01-09,0.5,0.66,-0.4,0.0,,,,,,,
2017-01-10,0.51,0.66,-0.4,0.0,,,,,,,
2017-01-11,0.51,0.66,-0.4,0.0,,,,,,,
2017-01-12,0.51,0.66,-0.4,0.0,,,,,,,
2017-01-13,0.52,0.66,-0.4,0.0,,,,,,,
2017-01-14,,0.66,-0.4,0.0,,,,,,,
2017-01-15,,0.66,-0.4,0.0,,,,,,,
2017-01-16,,0.66,-0.4,0.0,,,,,,,
2017-01-17,0.54,0.66,-0.4,0.0,,,,,,,
2017-01-18,0.52,0.66,-0.4,0.0,,,,,,,
2017-01-19,0.51,0.66,-0.4,0.0,,,,,,,
2017-01-20,0.49,0.66,-0.4,0.0,,,,,,,
2017-01-21,,0.66,-0.4,0.0,,,,,,,
2017-01-22,,0.66,-0.4,0.0,,,,,,,
2017-01-23,0.51,0.66,-0.4,0.0,,,,,,,
2017-01-24,0.5,0.66,-0.4,0.0,,,,,,,
2017-01-25,0.49,0.66,-0.4,0.0,,,,,,,
2017-01-26,0.5,0.66,-0.4,0.0,,,,,,,
2017-01-27,0.51,0.66,-0.4,0.0,,,,,,,
2017-01-28,,0.66,-0.4,0.0,,,,,,,
2017-01-29,,0.66,-0.4,0.0,,,,,,,
2017-01-30,0.51,0.66,-0.4,0.0,,,,,,,
2017-01-31,0.52,0.56,-0.4,0.0,,,,,,,
2017-02-01,0.5,0.66,-0.4,0.0,0.056,0.35674,0.465,-0.69,-0.803778166666667,-0.3286,0.87
2017-02-02,0.51,0.66,-0.4,0.0,,,,,,,
2017-02-03,0.5,0.66,-0.4,0.0,,,,,,,
2017-02-04,,0.66,-0.4,0.0,,,,,,,
2017-02-05,,0.66,-0.4,0.0,,,,,,,
2017-02-06,0.53,0.66,-0.4,0.0,,,,,,,
2017-02-07,0.53,0.66,-0.4,0.0,,,,,,,
2017-02-08,0.53,0.66,-0.4,0.0,,,,,,,
2017-02-09,0.53,0.66,-0.4,0.0,,,,,,,
2017-02-10,0.54,0.66,-0.4,0.0,,,,,,,
2017-02-11,,0.66,-0.4,0.0,,,,,,,
2017-02-12,,0.66,-0.4,0.0,,,,,,,
2017-02-13,0.52,0.66,-0.4,0.0,,,,,,,
2017-02-14,0.54,0.66,-0.4,0.0,,,,,,,
2017-02-15,0.53,0.66,-0.4,0.0,,,,,,,
2017-02-16,0.52,0.66,-0.4,0.0,,,,,,,
2017-02-17,0.52,0.66,-0.4,0.0,,,,,,,
2017-02-18,,0.66,-0.4,0.0,,,,,,,
2017-02-19,,0.66,-0.4,0.0,,,,,,,
2017-02-20,,0.66,-0.4,0.0,,,,,,,
2017-02-21,0.53,0.66,-0.4,0.0,,,,,,,
2017-02-22,0.52,0.66,-0.4,0.0,,,,,,,
2017-02-23,0.51,0.66,-0.4,0.0,,,,,,,
2017-02-24,0.51,0.66,-0.4,0.0,,,,,,,
2017-02-25,,0.66,-0.4,0.0,,,,,,,
2017-02-26,,0.66,-0.4,0.0,,,,,,,
2017-02-27,0.5,0.66,-0.4,0.0,,,,,,,
2017-02-28,0.53,0.57,-0.4,0.0,,,,,,,
2017-03-01,0.62,0.66,-0.4,0.0,0.056,0.34567,0.498,-0.63,-0.815,-0.329347826086957,0.98
2017-03-02,0.66,0.66,-0.4,0.0,,,,,,,
2017-03-03,0.7,0.66,-0.4,0.0,,,,,,,
2017-03-04,,0.66,-0.4,0.0,,,,,,,
2017-03-05,,0.66,-0.4,0.0,,,,,,,
2017-03-06,0.73,0.66,-0.4,0.0,,,,,,,
2017-03-07,0.75,0.66,-0.4,0.0,,,,,,,
2017-03-08,0.72,0.66,-0.4,0.0,,,,,,,
2017-03-09,0.72,0.66,-0.4,0.0,,,,,,,
2017-03-10,0.73,0.66,-0.4,0.0,,,,,,,
2017-03-11,,0.66,-0.4,0.0,,,,,,,
2017-03-12,,0.66,-0.4,0.0,,,,,,,
2017-03-13,0.78,0.66,-0.4,0.0,,,,,,,
2017-03-14,0.77,0.66,-0.4,0.0,,,,,,,
2017-03-15,0.72,0.66,-0.4,0.0,,,,,,,
2017-03-16,0.72,0.91,-0.4,0.0,,,,,,,
2017-03-17,0.72,0.91,-0.4,0.0,,,,,,,
2017-03-18,,0.91,-0.4,0.0,,,,,,,
2017-03-19,,0.91,-0.4,0.0,,,,,,,
2017-03-20,0.75,0.91,-0.4,0.0,,,,,,,
2017-03-21,0.76,0.91,-0.4,0.0,,,,,,,
2017-03-22,0.76,0.91,-0.4,0.0,,,,,,,
2017-03-23,0.75,0.91,-0.4,0.0,,,,,,,
2017-03-24,0.77,0.91,-0.4,0.0,,,,,,,
2017-03-25,,0.91,-0.4,0.0,,,,,,,
2017-03-26,,0.91,-0.4,0.0,,,,,,,
2017-03-27,0.77,0.91,-0.4,0.0,,,,,,,
2017-03-28,0.77,0.91,-0.4,0.0,,,,,,,
2017-03-29,0.77,0.91,-0.4,0.0,,,,,,,
2017-03-30,0.77,0.91,-0.4,0.0,,,,,,,
2017-03-31,0.75,0.82,-0.4,0.0,,,,,,,
2017-04-01,,0.82,-0.4,0.0,0.056,0.33513,0.535,-0.63,-0.7901191,-0.330388888888889,1.03
2017-04-02,,0.82,-0.4,0.0,,,,,,,
2017-04-03,0.78,0.91,-0.4,0.0,,,,,,,
2017-04-04,0.78,0.91,-0.4,0.0,,,,,,,
2017-04-05,0.79,0.91,-0.4,0.0,,,,,,,
2017-04-06,0.78,0.91,-0.4,0.0,,,,,,,
2017-04-07,0.81,0.91,-0.4,0.0,,,,,,,
2017-04-08,,0.91,-0.4,0.0,,,,,,,
2017-04-09,,0.91,-0.4,0.0,,,,,,,
2017-04-10,0.81,0.91,-0.4,0.0,,,,,,,
2017-04-11,0.81,0.91,-0.4,0.0,,,,,,,
2017-04-12,0.8,0.91,-0.4,0.0,,,,,,,
2017-04-13,0.8,0.91,-0.4,0.0,,,,,,,
2017-04-14,,0.91,-0.4,0.0,,,,,,,
2017-04-15,,0.91,-0.4,0.0,,,,,,,
2017-04-16,,0.91,-0.4,0.0,,,,,,,
2017-04-17,0.82,0.91,-0.4,0.0,,,,,,,
2017-04-18,0.81,0.91,-0.4,0.0,,,,,,,
2017-04-19,0.8,0.91,-0.4,0.0,,,,,,,
2017-04-20,0.78,0.91,-0.4,0.0,,,,,,,
2017-04-21,0.78,0.91,-0.4,0.0,,,,,,,
2017-04-22,,0.91,-0.4,0.0,,,,,,,
2017-04-23,,0.91,-0.4,0.0,,,,,,,
2017-04-24,0.8,0.91,-0.4,0.0,,,,,,,
2017-04-25,0.81,0.91,-0.4,0.0,,,,,,,
2017-04-26,0.82,0.91,-0.4,0.0,,,,,,,
2017-04-27,0.8,0.91,-0.4,0.0,,,,,,,
2017-04-28,0.79,0.83,-0.4,0.0,,,,,,,
2017-04-29,,0.83,-0.4,0.0,,,,,,,
2017-04-30,,0.83,-0.4,0.0,,,,,,,
2017-05-01,0.82,0.91,-0.4,0.0,0.056,0.31081,0.512,-0.62,-0.89770825,-0.329454545454545,1.05
2017-05-02,0.81,0.91,-0.4,0.0,,,,,,,
2017-05-03,0.84,0.91,-0.4,0.0,,,,,,,
2017-05-04,0.84,0.91,-0.4,0.0,,,,,,,
2017-05-05,0.88,0.91,-0.4,0.0,,,,,,,
2017-05-06,,0.91,-0.4,0.0,,,,,,,
2017-05-07,,0.91,-0.4,0.0,,,,,,,
2017-05-08,0.9,0.91,-0.4,0.0,,,,,,,
2017-05-09,0.9,0.91,-0.4,0.0,,,,,,,
2017-05-10,0.89,0.91,-0.4,0.0,,,,,,,
2017-05-11,0.87,0.91,-0.4,0.0,,,,,,,
2017-05-12,0.86,0.91,-0.4,0.0,,,,,,,
2017-05-13,,0.91,-0.4,0.0,,,,,,,
2017-05-14,,0.91,-0.4,0.0,,,,,,,
2017-05-15,0.89,0.91,-0.4,0.0,,,,,,,
2017-05-16,0.89,0.91,-0.4,0.0,,,,,,,
2017-05-17,0.89,0.91,-0.4,0.0,,,,,,,
2017-05-18,0.91,0.91,-0.4,0.0,,,,,,,
2017-05-19,0.9,0.91,-0.4,0.0,,,,,,,
2017-05-20,,0.91,-0.4,0.0,,,,,,,
2017-05-21,,0.91,-0.4,0.0,,,,,,,
2017-05-22,0.92,0.91,-0.4,0.0,,,,,,,
2017-05-23,0.91,0.91,-0.4,0.0,,,,,,,
2017-05-24,0.92,0.91,-0.4,0.0,,,,,,,
2017-05-25,0.92,0.91,-0.4,0.0,,,,,,,
2017-05-26,0.92,0.91,-0.4,0.0,,,,,,,
2017-05-27,,0.91,-0.4,0.0,,,,,,,
2017-05-28,,0.91,-0.4,0.0,,,,,,,
2017-05-29,,0.91,-0.4,0.0,,,,,,,
2017-05-30,0.92,0.91,-0.4,0.0,,,,,,,
2017-05-31,0.96,0.83,-0.4,0.0,,,,,,,
2017-06-01,0.96,0.91,-0.4,0.0,0.056,0.29442,0.565,-0.67,-0.775,-0.33,1.16
2017-06-02,0.96,0.91,-0.4,0.0,,,,,,,
2017-06-03,,0.91,-0.4,0.0,,,,,,,
2017-06-04,,0.91,-0.4,0.0,,,,,,,
2017-06-05,0.95,0.91,-0.4,0.0,,,,,,,
2017-06-06,0.96,0.91,-0.4,0.0,,,,,,,
2017-06-07,0.98,0.91,-0.4,0.0,,,,,,,
2017-06-08,0.99,0.91,-0.4,0.0,,,,,,,
2017-06-09,0.99,0.91,-0.4,0.0,,,,,,,
2017-06-10,,0.91,-0.4,0.0,,,,,,,
2017-06-11,,0.91,-0.4,0.0,,,,,,,
2017-06-12,0.97,0.91,-0.4,0.0,,,,,,,
2017-06-13,0.99,0.91,-0.4,0.0,,,,,,,
2017-06-14,0.99,0.91,-0.4,0.0,,,,,,,
2017-06-15,1.0,1.16,-0.4,0.0,,,,,,,
2017-06-16,1.01,1.16,-0.4,0.0,,,,,,,
2017-06-17,,1.16,-0.4,0.0,,,,,,,
2017-06-18,,1.16,-0.4,0.0,,,,,,,
2017-06-19,1.01,1.16,-0.4,0.0,,,,,,,
2017-06-20,1.0,1.16,-0.4,0.0,,,,,,,
2017-06-21,0.97,1.16,-0.4,0.0,,,,,,,
2017-06-22,0.94,1.16,-0.4,0.0,,,,,,,
2017-06-23,0.95,1.16,-0.4,0.0,,,,,,,
2017-06-24,,1.16,-0.4,0.0,,,,,,,
2017-06-25,,1.16,-0.4,0.0,,,,,,,
2017-06-26,0.98,1.16,-0.4,0.0,,,,,,,
2017-06-27,0.99,1.16,-0.4,0.0,,,,,,,
2017-06-28,1.0,1.16,-0.4,0.0,,,,,,,
2017-06-29,1.02,1.16,-0.4,0.0,,,,,,,
2017-06-30,1.01,1.06,-0.4,0.0,,,,,,,
2017-07-01,,1.06,-0.4,0.0,0.075,0.2931,0.73,-0.75,-0.805833333333333,-0.330428571428571,1.22
2017-07-02,,1.06,-0.4,0.0,,,,,,,
2017-07-03,1.04,1.16,-0.4,0.0,,,,,,,
2017-07-04,,1.16,-0.4,0.0,,,,,,,
2017-07-05,1.03,1.16,-0.4,0.0,,,,,,,
2017-07-06,1.02,1.16,-0.4,0.0,,,,,,,
2017-07-07,1.03,1.16,-0.4,0.0,,,,,,,
2017-07-08,,1.16,-0.4,0.0,,,,,,,
2017-07-09,,1.16,-0.4,0.0,,,,,,,
2017-07-10,1.03,1.16,-0.4,0.0,,,,,,,
2017-07-11,1.03,1.16,-0.4,0.0,,,,,,,
2017-07-12,1.03,1.16,-0.4,0.0,,,,,,,
2017-07-13,1.03,1.16,-0.4,0.0,,,,,,,
2017-07-14,1.02,1.16,-0.4,0.0,,,,,,,
2017-07-15,,1.16,-0.4,0.0,,,,,,,
2017-07-16,,1.16,-0.4,0.0,,,,,,,
2017-07-17,1.05,1.16,-0.4,0.0,,,,,,,
2017-07-18,1.05,1.16,-0.4,0.0,,,,,,,
2017-07-19,1.09,1.16,-0.4,0.0,,,,,,,
2017-07-20,1.13,1.16,-0.4,0.0,,,,,,,
2017-07-21,1.14,1.16,-0.4,0.0,,,,,,,
2017-07-22,,1.16,-0.4,0.0,,,,,,,
2017-07-23,,1.16,-0.4,0.0,,,,,,,
2017-07-24,1.15,1.16,-0.4,0.0,,,,,,,
2017-07-25,1.16,1.16,-0.4,0.0,,,,,,,
2017-07-26,1.11,1.16,-0.4,0.0,,,,,,,
2017-07-27,1.09,1.16,-0.4,0.0,,,,,,,
2017-07-28,1.06,1.16,-0.4,0.0,,,,,,,
2017-07-29,,1.16,-0.4,0.0,,,,,,,
2017-07-30,,1.16,-0.4,0.0,,,,,,,
2017-07-31,1.05,1.07,-0.4,0.0,,,,,,,
2017-08-01,1.06,1.16,-0.4,0.0,0.056,0.28119,0.722,-0.73,-0.815,-0.329086956521739,1.25
2017-08-02,1.06,1.16,-0.4,0.0,,,,,,,
2017-08-03,1.06,1.16,-0.4,0.0,,,,,,,
2017-08-04,1.06,1.16,-0.4,0.0,,,,,,,
2017-08-05,,1.16,-0.4,0.0,,,,,,,
2017-08-06,,1.16,-0.4,0.0,,,,,,,
2017-08-07,1.01,1.16,-0.4,0.0,,,,,,,
2017-08-08,1.04,1.16,-0.4,0.0,,,,,,,
2017-08-09,1.04,1.16,-0.4,0.0,,,,,,,
2017-08-10,1.03,1.16,-0.4,0.0,,,,,,,
2017-08-11,1.01,1.16,-0.4,0.0,,,,,,,
2017-08-12,,1.16,-0.4,0.0,,,,,,,
2017-08-13,,1.16,-0.4,0.0,,,,,,,
2017-08-14,1.01,1.16,-0.4,0.0,,,,,,,
2017-08-15,1.02,1.16,-0.4,0.0,,,,,,,
2017-08-16,1.0,1.16,-0.4,0.0,,,,,,,
2017-08-17,0.98,1.16,-0.4,0.0,,,,,,,
2017-08-18,1.0,1.16,-0.4,0.0,,,,,,,
2017-08-19,,1.16,-0.4,0.0,,,,,,,
2017-08-20,,1.16,-0.4,0.0,,,,,,,
2017-08-21,0.99,1.16,-0.4,0.0,,,,,,,
2017-08-22,0.99,1.16,-0.4,0.0,,,,,,,
2017-08-23,0.98,1.16,-0.4,0.0,,,,,,,
2017-08-24,1.0,1.16,-0.4,0.0,,,,,,,
2017-08-25,1.01,1.16,-0.4,0.0,,,,,,,
2017-08-26,,1.16,-0.4,0.0,,,,,,,
2017-08-27,,1.16,-0.4,0.0,,,,,,,
2017-08-28,0.97,1.16,-0.4,0.0,,,,,,,
2017-08-29,1.01,1.16,-0.4,0.0,,,,,,,
2017-08-30,1.01,1.16,-0.4,0.0,,,,,,,
2017-08-31,0.99,1.07,-0.4,0.0,,,,,,,
2017-09-01,1.0,1.16,-0.4,0.0,0.056,0.30911,0.98,-0.71,-0.84525,-0.329380952380952,1.25
2017-09-02,,1.16,-0.4,0.0,,,,,,,
2017-09-03,,1.16,-0.4,0.0,,,,,,,
2017-09-04,,1.16,-0.4,0.0,,,,,,,
2017-09-05,1.01,1.16,-0.4,0.0,,,,,,,
2017-09-06,1.05,1.16,-0.4,0.0,,,,,,,
2017-09-07,1.03,1.16,-0.4,0.0,,,,,,,
2017-09-08,1.02,1.16,-0.4,0.0,,,,,,,
2017-09-09,,1.16,-0.4,0.0,,,,,,,
2017-09-10,,1.16,-0.4,0.0,,,,,,,
2017-09-11,1.04,1.16,-0.4,0.0,,,,,,,
2017-09-12,1.02,1.16,-0.4,0.0,,,,,,,
2017-09-13,1.02,1.16,-0.4,0.0,,,,,,,
2017-09-14,1.03,1.16,-0.4,0.0,,,,,,,
2017-09-15,1.03,1.16,-0.4,0.0,,,,,,,
2017-09-16,,1.16,-0.4,0.0,,,,,,,
2017-09-17,,1.16,-0.4,0.0,,,,,,,
2017-09-18,1.04,1.16,-0.4,0.0,,,,,,,
2017-09-19,1.03,1.16,-0.4,0.0,,,,,,,
2017-09-20,1.02,1.16,-0.4,0.0,,,,,,,
2017-09-21,1.02,1.16,-0.4,0.0,,,,,,,
2017-09-22,1.01,1.16,-0.4,0.0,,,,,,,
2017-09-23,,1.16,-0.4,0.0,,,,,,,
2017-09-24,,1.16,-0.4,0.0,,,,,,,
2017-09-25,1.04,1.16,-0.4,0.0,,,,,,,
2017-09-26,1.05,1.16,-0.4,0.0,,,,,,,
2017-09-27,1.05,1.16,-0.4,0.0,,,,,,,
2017-09-28,1.04,1.16,-0.4,0.0,,,,,,,
2017-09-29,1.04,1.06,-0.4,0.0,,,,,,,
2017-09-30,,1.06,-0.4,0.0,,,,,,,
2017-10-01,,1.06,-0.4,0.0,0.063,0.38187,0.96,-0.68,-0.925185222222222,-0.329545454545455,1.26
2017-10-02,1.0,1.16,-0.4,0.0,,,,,,,
2017-10-03,1.05,1.16,-0.4,0.0,,,,,,,
2017-10-04,1.06,1.16,-0.4,0.0,,,,,,,
2017-10-05,1.05,1.16,-0.4,0.0,,,,,,,
2017-10-06,1.05,1.16,-0.4,0.0,,,,,,,
2017-10-07,,1.16,-0.4,0.0,,,,,,,
2017-10-08,,1.16,-0.4,0.0,,,,,,,
2017-10-09,,1.16,-0.4,0.0,,,,,,,
2017-10-10,1.06,1.16,-0.4,0.0,,,,,,,
2017-10-11,1.08,1.16,-0.4,0.0,,,,,,,
2017-10-12,1.07,1.16,-0.4,0.0,,,,,,,
2017-10-13,1.07,1.16,-0.4,0.0,,,,,,,
2017-10-14,,1.16,-0.4,0.0,,,,,,,
2017-10-15,,1.16,-0.4,0.0,,,,,,,
2017-10-16,1.09,1.16,-0.4,0.0,,,,,,,
2017-10-17,1.07,1.16,-0.4,0.0,,,,,,,
2017-10-18,1.07,1.16,-0.4,0.0,,,,,,,
2017-10-19,1.08,1.16,-0.4,0.0,,,,,,,
2017-10-20,1.09,1.16,-0.4,0.0,,,,,,,
2017-10-21,,1.16,-0.4,0.0,,,,,,,
2017-10-22,,1.16,-0.4,0.0,,,,,,,
2017-10-23,1.08,1.16,-0.4,0.0,,,,,,,
2017-10-24,1.1,1.16,-0.4,0.0,,,,,,,
2017-10-25,1.1,1.16,-0.4,0.0,,,,,,,
2017-10-26,1.09,1.16,-0.4,0.0,,,,,,,
2017-10-27,1.08,1.16,-0.4,0.0,,,,,,,
2017-10-28,,1.16,-0.4,0.0,,,,,,,
2017-10-29,,1.16,-0.4,0.0,,,,,,,
2017-10-30,1.1,1.16,-0.4,0.0,,,,,,,
2017-10-31,1.13,1.07,-0.4,0.0,,,,,,,
2017-11-01,1.16,1.16,-0.4,0.0,0.063,0.51857,0.88,-0.71,-0.906642166666667,-0.329,1.32
2017-11-02,1.15,1.16,-0.4,0.0,,,,,,,
2017-11-03,1.16,1.16,-0.4,0.0,,,,,,,
2017-11-04,,1.16,-0.4,0.0,,,,,,,
2017-11-05,,1.16,-0.4,0.0,,,,,,,
2017-11-06,1.17,1.16,-0.4,0.0,,,,,,,
2017-11-07,1.2,1.16,-0.4,0.0,,,,,,,
2017-11-08,1.21,1.16,-0.4,0.0,,,,,,,
2017-11-09,1.22,1.16,-0.4,0.0,,,,,,,
2017-11-10,1.21,1.16,-0.4,0.0,,,,,,,
2017-11-11,,1.16,-0.4,0.0,,,,,,,
2017-11-12,,1.16,-0.4,0.0,,,,,,,
2017-11-13,1.22,1.16,-0.4,0.0,,,,,,,
2017-11-14,1.24,1.16,-0.4,0.0,,,,,,,
2017-11-15,1.23,1.16,-0.4,0.0,,,,,,,
2017-11-16,1.25,1.16,-0.4,0.0,,,,,,,
2017-11-17,1.26,1.16,-0.4,0.0,,,,,,,
2017-11-18,,1.16,-0.4,0.0,,,,,,,
2017-11-19,,1.16,-0.4,0.0,,,,,,,
2017-11-20,1.28,1.16,-0.4,0.0,,,,,,,
2017-11-21,1.28,1.16,-0.4,0.0,,,,,,,
2017-11-22,1.27,1.16,-0.4,0.0,,,,,,,
2017-11-23,,1.16,-0.4,0.0,,,,,,,
2017-11-24,1.26,1.16,-0.4,0.0,,,,,,,
2017-11-25,,1.16,-0.4,0.0,,,,,,,
2017-11-26,,1.16,-0.4,0.0,,,,,,,
2017-11-27,1.25,1.16,-0.4,0.0,,,,,,,
2017-11-28,1.28,1.16,-0.4,0.0,,,,,,,
2017-11-29,1.27,1.16,-0.4,0.0,,,,,,,
2017-11-30,1.25,1.07,-0.4,0.0,,,,,,,
2017-12-01,1.25,1.16,-0.4,0.0,0.063,0.51871,0.96,-0.75,-0.864305555555556,-0.327894736842105,1.54
2017-12-02,,1.16,-0.4,0.0,,,,,,,
2017-12-03,,1.16,-0.4,0.0,,,,,,,
2017-12-04,1.28,1.16,-0.4,0.0,,,,,,,
2017-12-05,1.28,1.16,-0.4,0.0,,,,,,,
2017-12-06,1.28,1.16,-0.4,0.0,,,,,,,
2017-12-07,1.27,1.16,-0.4,0.0,,,,,,,
2017-12-08,1.26,1.16,-0.4,0.0,,,,,,,
2017-12-09,,1.16,-0.4,0.0,,,,,,,
2017-12-10,,1.16,-0.4,0.0,,,,,,,
2017-12-11,1.31,1.16,-0.4,0.0,,,,,,,
2017-12-12,1.32,1.17,-0.4,0.0,,,,,,,
2017-12-13,1.28,1.17,-0.4,0.0,,,,,,,
2017-12-14,1.3,1.41,-0.4,0.0,,,,,,,
2017-12-15,1.29,1.41,-0.4,0.0,,,,,,,
2017-12-16,,1.41,-0.4,0.0,,,,,,,
2017-12-17,,1.41,-0.4,0.0,,,,,,,
2017-12-18,1.36,1.42,-0.4,0.0,,,,,,,
2017-12-19,1.35,1.42,-0.4,0.0,,,,,,,
2017-12-20,1.36,1.42,-0.4,0.0,,,,,,,
2017-12-21,1.33,1.42,-0.4,0.0,,,,,,,
2017-12-22,1.31,1.42,-0.4,0.0,,,,,,,
2017-12-23,,1.42,-0.4,0.0,,,,,,,
2017-12-24,,1.42,-0.4,0.0,,,,,,,
2017-12-25,,1.42,-0.4,0.0,,,,,,,
2017-12-26,1.45,1.42,-0.4,0.0,,,,,,,
2017-12-27,1.42,1.42,-0.4,0.0,,,,,,,
2017-12-28,1.37,1.42,-0.4,0.0,,,,,,,
2017-12-29,1.37,1.33,-0.4,0.0,,,,,,,
2017-12-30,,1.33,-0.4,0.0,,,,,,,
2017-12-31,,1.33,-0.4,0.0,,,,,,,
2018-01-01,,1.33,-0.4,0.0,0.068,0.5225,1.164,-0.69,-0.87154745,-0.328454545454546,1.63
2018-01-02,1.42,1.42,-0.4,0.0,,,,,,,
2018-01-03,1.39,1.42,-0.4,0.0,,,,,,,
2018-01-04,1.39,1.42,-0.4,0.0,,,,,,,
2018-01-05,1.37,1.42,-0.4,0.0,,,,,,,
2018-01-06,,1.42,-0.4,0.0,,,,,,,
2018-01-07,,1.42,-0.4,0.0,,,,,,,
2018-01-08,1.43,1.42,-0.4,0.0,,,,,,,
2018-01-09,1.42,1.42,-0.4,0.0,,,,,,,
2018-01-10,1.4,1.42,-0.4,0.0,,,,,,,
2018-01-11,1.41,1.42,-0.4,0.0,,,,,,,
2018-01-12,1.41,1.42,-0.4,0.0,,,,,,,
2018-01-13,,1.42,-0.4,0.0,,,,,,,
2018-01-14,,1.42,-0.4,0.0,,,,,,,
2018-01-15,,1.42,-0.4,0.0,,,,,,,
2018-01-16,1.43,1.42,-0.4,0.0,,,,,,,
2018-01-17,1.42,1.42,-0.4,0.0,,,,,,,
2018-01-18,1.43,1.42,-0.4,0.0,,,,,,,
2018-01-19,1.42,1.42,-0.4,0.0,,,,,,,
2018-01-20,,1.42,-0.4,0.0,,,,,,,
2018-01-21,,1.42,-0.4,0.0,,,,,,,
2018-01-22,1.43,1.42,-0.4,0.0,,,,,,,
2018-01-23,1.42,1.42,-0.4,0.0,,,,,,,
2018-01-24,1.41,1.42,-0.4,0.0,,,,,,,
2018-01-25,1.4,1.42,-0.4,0.0,,,,,,,
2018-01-26,1.39,1.42,-0.4,0.0,,,,,,,
2018-01-27,,1.42,-0.4,0.0,,,,,,,
2018-01-28,,1.42,-0.4,0.0,,,,,,,
2018-01-29,1.43,1.42,-0.4,0.0,,,,,,,
2018-01-30,1.42,1.42,-0.4,0.0,,,,,,,
2018-01-31,1.44,1.34,-0.4,0.0,,,,,,,
2018-02-01,1.46,1.42,-0.4,0.0,0.068,0.54683,1.1625,-0.66,-0.8715625,-0.3285,1.78
2018-02-02,1.46,1.42,-0.4,0.0,,,,,,,
2018-02-03,,1.42,-0.4,0.0,,,,,,,
2018-02-04,,1.42,-0.4,0.0,,,,,,,
2018-02-05,1.49,1.42,-0.4,0.0,,,,,,,
2018-02-06,1.5,1.42,-0.4,0.0,,,,,,,
2018-02-07,1.53,1.42,-0.4,0.0,,,,,,,
2018-02-08,1.53,1.42,-0.4,0.0,,,,,,,
2018-02-09,1.53,1.42,-0.4,0.0,,,,,,,
2018-02-10,,1.42,-0.4,0.0,,,,,,,
2018-02-11,,1.42,-0.4,0.0,,,,,,,
2018-02-12,1.61,1.42,-0.4,0.0,,,,,,,
2018-02-13,1.57,1.42,-0.4,0.0,,,,,,,
2018-02-14,1.56,1.42,-0.4,0.0,,,,,,,
2018-02-15,1.56,1.42,-0.4,0.0,,,,,,,
2018-02-16,1.59,1.42,-0.4,0.0,,,,,,,
2018-02-17,,1.42,-0.4,0.0,,,,,,,
2018-02-18,,1.42,-0.4,0.0,,,,,,,
2018-02-19,,1.42,-0.4,0.0,,,,,,,
2018-02-20,1.64,1.42,-0.4,0.0,,,,,,,
2018-02-21,1.62,1.42,-0.4,0.0,,,,,,,
2018-02-22,1.61,1.42,-0.4,0.0,,,,,,,
2018-02-23,1.61,1.42,-0.4,0.0,,,,,,,
2018-02-24,,1.42,-0.4,0.0,,,,,,,
2018-02-25,,1.42,-0.4,0.0,,,,,,,
2018-02-26,1.65,1.42,-0.4,0.0,,,,,,,
2018-02-27,1.64,1.42,-0.4,0.0,,,,,,,
2018-02-28,1.63,1.35,-0.4,0.0,,,,,,,
2018-03-01,1.6,1.42,-0.4,0.0,0.097,0.62842,1.095,-0.66,-0.79524075,-0.327904761904762,2.08
2018-03-02,1.62,1.42,-0.4,0.0,,,,,,,
2018-03-03,,1.42,-0.4,0.0,,,,,,,
2018-03-04,,1.42,-0.4,0.0,,,,,,,
2018-03-05,1.67,1.42,-0.4,0.0,,,,,,,
2018-03-06,1.65,1.42,-0.4,0.0,,,,,,,
2018-03-07,1.65,1.42,-0.4,0.0,,,,,,,
2018-03-08,1.64,1.42,-0.4,0.0,,,,,,,
2018-03-09,1.64,1.42,-0.4,0.0,,,,,,,
2018-03-10,,1.42,-0.4,0.0,,,,,,,
2018-03-11,,1.42,-0.4,0.0,,,,,,,
2018-03-12,1.68,1.42,-0.4,0.0,,,,,,,
2018-03-13,1.7,1.42,-0.4,0.0,,,,,,,
2018-03-14,1.73,1.42,-0.4,0.0,,,,,,,
2018-03-15,1.74,1.43,-0.4,0.0,,,,,,,
2018-03-16,1.75,1.43,-0.4,0.0,,,,,,,
2018-03-17,,1.43,-0.4,0.0,,,,,,,
2018-03-18,,1.43,-0.4,0.0,,,,,,,
2018-03-19,1.77,1.43,-0.4,0.0,,,,,,,
2018-03-20,1.78,1.44,-0.4,0.0,,,,,,,
2018-03-21,1.71,1.44,-0.4,0.0,,,,,,,
2018-03-22,1.69,1.68,-0.4,0.0,,,,,,,
2018-03-23,1.71,1.68,-0.4,0.0,,,,,,,
2018-03-24,,1.68,-0.4,0.0,,,,,,,
2018-03-25,,1.68,-0.4,0.0,,,,,,,
2018-03-26,1.76,1.68,-0.4,0.0,,,,,,,
2018-03-27,1.74,1.68,-0.4,0.0,,,,,,,
2018-03-28,1.7,1.68,-0.4,0.0,,,,,,,
2018-03-29,1.7,1.68,-0.4,0.0,,,,,,,
2018-03-30,,1.67,-0.4,0.0,,,,,,,
2018-03-31,,1.67,-0.4,0.0,,,,,,,
2018-04-01,,1.67,-0.4,0.0,0.097,0.75629,1.165,-0.66,-0.80023515,-0.32845,2.2
2018-04-02,1.74,1.68,-0.4,0.0,,,,,,,
2018-04-03,1.72,1.69,-0.4,0.0,,,,,,,
2018-04-04,1.68,1.69,-0.4,0.0,,,,,,,
2018-04-05,1.69,1.69,-0.4,0.0,,,,,,,
2018-04-06,1.7,1.69,-0.4,0.0,,,,,,,
2018-04-07,,1.69,-0.4,0.0,,,,,,,
2018-04-08,,1.69,-0.4,0.0,,,,,,,
2018-04-09,1.73,1.69,-0.4,0.0,,,,,,,
2018-04-10,1.71,1.69,-0.4,0.0,,,,,,,
2018-04-11,1.7,1.69,-0.4,0.0,,,,,,,
2018-04-12,1.72,1.69,-0.4,0.0,,,,,,,
2018-04-13,1.73,1.69,-0.4,0.0,,,,,,,
2018-04-14,,1.69,-0.4,0.0,,,,,,,
2018-04-15,,1.69,-0.4,0.0,,,,,,,
2018-04-16,1.76,1.69,-0.4,0.0,,,,,,,
2018-04-17,1.77,1.69,-0.4,0.0,,,,,,,
2018-04-18,1.78,1.69,-0.4,0.0,,,,,,,
2018-04-19,1.79,1.69,-0.4,0.0,,,,,,,
2018-04-20,1.78,1.7,-0.4,0.0,,,,,,,
2018-04-21,,1.7,-0.4,0.0,,,,,,,
2018-04-22,,1.7,-0.4,0.0,,,,,,,
2018-04-23,1.84,1.7,-0.4,0.0,,,,,,,
2018-04-24,1.84,1.7,-0.4,0.0,,,,,,,
2018-04-25,1.82,1.7,-0.4,0.0,,,,,,,
2018-04-26,1.79,1.7,-0.4,0.0,,,,,,,
2018-04-27,1.78,1.7,-0.4,0.0,,,,,,,
2018-04-28,,1.7,-0.4,0.0,,,,,,,
2018-04-29,,1.7,-0.4,0.0,,,,,,,
2018-04-30,1.84,1.69,-0.4,0.0,,,,,,,
2018-05-01,1.82,1.7,-0.4,0.0,0.078,0.64355,1.246,-0.7,-0.7861775,-0.325227272727273,2.16
2018-05-02,1.81,1.7,-0.4,0.0,,,,,,,
2018-05-03,1.8,1.7,-0.4,0.0,,,,,,,
2018-05-04,1.8,1.7,-0.4,0.0,,,,,,,
2018-05-05,,1.7,-0.4,0.0,,,,,,,
2018-05-06,,1.7,-0.4,0.0,,,,,,,
2018-05-07,1.83,1.7,-0.4,0.0,,,,,,,
2018-05-08,1.84,1.7,-0.4,0.0,,,,,,,
2018-05-09,1.85,1.7,-0.4,0.0,,,,,,,
2018-05-10,1.86,1.7,-0.4,0.0,,,,,,,
2018-05-11,1.88,1.7,-0.4,0.0,,,,,,,
2018-05-12,,1.7,-0.4,0.0,,,,,,,
2018-05-13,,1.7,-0.4,0.0,,,,,,,
2018-05-14,1.9,1.7,-0.4,0.0,,,,,,,
2018-05-15,1.89,1.7,-0.4,0.0,,,,,,,
2018-05-16,1.88,1.7,-0.4,0.0,,,,,,,
2018-05-17,1.88,1.7,-0.4,0.0,,,,,,,
2018-05-18,1.87,1.7,-0.4,0.0,,,,,,,
2018-05-19,,1.7,-0.4,0.0,,,,,,,
2018-05-20,,1.7,-0.4,0.0,,,,,,,
2018-05-21,1.9,1.7,-0.4,0.0,,,,,,,
2018-05-22,1.9,1.7,-0.4,0.0,,,,,,,
2018-05-23,1.88,1.7,-0.4,0.0,,,,,,,
2018-05-24,1.87,1.7,-0.4,0.0,,,,,,,
2018-05-25,1.86,1.7,-0.4,0.0,,,,,,,
2018-05-26,,1.7,-0.4,0.0,,,,,,,
2018-05-27,,1.7,-0.4,0.0,,,,,,,
2018-05-28,,1.7,-0.4,0.0,,,,,,,
2018-05-29,1.9,1.7,-0.4,0.0,,,,,,,
2018-05-30,1.9,1.7,-0.4,0.0,,,,,,,
2018-05-31,1.89,1.7,-0.4,0.0,,,,,,,
2018-06-01,1.88,1.7,-0.4,0.0,0.078,0.63868,1.2375,-0.69,-0.790477142857143,-0.322047619047619,2.19
2018-06-02,,1.7,-0.4,0.0,,,,,,,
2018-06-03,,1.7,-0.4,0.0,,,,,,,
2018-06-04,1.91,1.7,-0.4,0.0,,,,,,,
2018-06-05,1.91,1.7,-0.4,0.0,,,,,,,
2018-06-06,1.91,1.7,-0.4,0.0,,,,,,,
2018-06-07,1.9,1.7,-0.4,0.0,,,,,,,
2018-06-08,1.89,1.7,-0.4,0.0,,,,,,,
2018-06-09,,1.7,-0.4,0.0,,,,,,,
2018-06-10,,1.7,-0.4,0.0,,,,,,,
2018-06-11,1.91,1.7,-0.4,0.0,,,,,,,
2018-06-12,1.89,1.7,-0.4,0.0,,,,,,,
2018-06-13,1.9,1.7,-0.4,0.0,,,,,,,
2018-06-14,1.9,1.9,-0.4,0.0,,,,,,,
2018-06-15,1.9,1.9,-0.4,0.0,,,,,,,
2018-06-16,,1.9,-0.4,0.0,,,,,,,
2018-06-17,,1.9,-0.4,0.0,,,,,,,
2018-06-18,1.91,1.9,-0.4,0.0,,,,,,,
2018-06-19,1.91,1.91,-0.4,0.0,,,,,,,
2018-06-20,1.9,1.92,-0.4,0.0,,,,,,,
2018-06-21,1.9,1.92,-0.4,0.0,,,,,,,
2018-06-22,1.89,1.92,-0.4,0.0,,,,,,,
2018-06-23,,1.92,-0.4,0.0,,,,,,,
2018-06-24,,1.92,-0.4,0.0,,,,,,,
2018-06-25,1.9,1.92,-0.4,0.0,,,,,,,
2018-06-26,1.9,1.92,-0.4,0.0,,,,,,,
2018-06-27,1.89,1.91,-0.4,0.0,,,,,,,
2018-06-28,1.89,1.91,-0.4,0.0,,,,,,,
2018-06-29,1.89,1.91,-0.4,0.0,,,,,,,
2018-06-30,,1.91,-0.4,0.0,,,,,,,
2018-07-01,,1.91,-0.4,0.0,0.091,0.74619,1.375,-0.67,-0.780435909090909,-0.320727272727273,2.17
2018-07-02,1.95,1.91,-0.4,0.0,,,,,,,
2018-07-03,1.94,1.91,-0.4,0.0,,,,,,,
2018-07-04,,1.91,-0.4,0.0,,,,,,,
2018-07-05,1.92,1.91,-0.4,0.0,,,,,,,
2018-07-06,1.93,1.91,-0.4,0.0,,,,,,,
2018-07-07,,1.91,-0.4,0.0,,,,,,,
2018-07-08,,1.91,-0.4,0.0,,,,,,,
2018-07-09,1.95,1.91,-0.4,0.0,,,,,,,
2018-07-10,1.95,1.91,-0.4,0.0,,,,,,,
2018-07-11,1.93,1.91,-0.4,0.0,,,,,,,
2018-07-12,1.94,1.91,-0.4,0.0,,,,,,,
2018-07-13,1.94,1.91,-0.4,0.0,,,,,,,
2018-07-14,,1.91,-0.4,0.0,,,,,,,
2018-07-15,,1.91,-0.4,0.0,,,,,,,
2018-07-16,1.98,1.91,-0.4,0.0,,,,,,,
2018-07-17,1.98,1.91,-0.4,0.0,,,,,,,
2018-07-18,1.96,1.91,-0.4,0.0,,,,,,,
2018-07-19,1.96,1.91,-0.4,0.0,,,,,,,
2018-07-20,1.95,1.91,-0.4,0.0,,,,,,,
2018-07-21,,1.91,-0.4,0.0,,,,,,,
2018-07-22,,1.91,-0.4,0.0,,,,,,,
2018-07-23,1.96,1.91,-0.4,0.0,,,,,,,
2018-07-24,1.98,1.91,-0.4,0.0,,,,,,,
2018-07-25,1.97,1.91,-0.4,0.0,,,,,,,
2018-07-26,1.95,1.91,-0.4,0.0,,,,,,,
2018-07-27,1.96,1.91,-0.4,0.0,,,,,,,
2018-07-28,,1.91,-0.4,0.0,,,,,,,
2018-07-29,,1.91,-0.4,0.0,,,,,,,
2018-07-30,2.01,1.91,-0.4,0.0,,,,,,,
2018-07-31,1.99,1.91,-0.4,0.0,,,,,,,
2018-08-01,1.99,1.91,-0.4,0.0,0.091,0.80519,1.488,-0.68,-0.777280909090909,-0.319,2.19
2018-08-02,1.98,1.91,-0.4,0.0,,,,,,,
2018-08-03,1.97,1.91,-0.4,0.0,,,,,,,
2018-08-04,,1.91,-0.4,0.0,,,,,,,
2018-08-05,,1.91,-0.4,0.0,,,,,,,
2018-08-06,2.02,1.91,-0.4,0.0,,,,,,,
2018-08-07,2.02,1.91,-0.4,0.0,,,,,,,
2018-08-08,2.02,1.91,-0.4,0.0,,,,,,,
2018-08-09,2.02,1.91,-0.4,0.0,,,,,,,
2018-08-10,2.01,1.91,-0.4,0.0,,,,,,,
2018-08-11,,1.91,-0.4,0.0,,,,,,,
2018-08-12,,1.91,-0.4,0.0,,,,,,,
2018-08-13,2.03,1.91,-0.4,0.0,,,,,,,
2018-08-14,2.04,1.91,-0.4,0.0,,,,,,,
2018-08-15,2.03,1.91,-0.4,0.0,,,,,,,
2018-08-16,2.03,1.92,-0.4,0.0,,,,,,,
2018-08-17,2.01,1.92,-0.4,0.0,,,,,,,
2018-08-18,,1.92,-0.4,0.0,,,,,,,
2018-08-19,,1.92,-0.4,0.0,,,,,,,
2018-08-20,2.03,1.92,-0.4,0.0,,,,,,,
2018-08-21,2.04,1.92,-0.4,0.0,,,,,,,
2018-08-22,2.05,1.92,-0.4,0.0,,,,,,,
2018-08-23,2.04,1.92,-0.4,0.0,,,,,,,
2018-08-24,2.05,1.92,-0.4,0.0,,,,,,,
2018-08-25,,1.92,-0.4,0.0,,,,,,,
2018-08-26,,1.92,-0.4,0.0,,,,,,,
2018-08-27,2.08,1.92,-0.4,0.0,,,,,,,
2018-08-28,2.09,1.92,-0.4,0.0,,,,,,,
2018-08-29,2.09,1.92,-0.4,0.0,,,,,,,
2018-08-30,2.07,1.92,-0.4,0.0,,,,,,,
2018-08-31,2.07,1.91,-0.4,0.0,,,,,,,
2018-09-01,,1.91,-0.4,0.0,0.05,0.80093,1.5175,-0.73,-0.780283888888889,-0.31885,2.24
2018-09-02,,1.91,-0.4,0.0,,,,,,,
2018-09-03,,1.91,-0.4,0.0,,,,,,,
2018-09-04,2.09,1.92,-0.4,0.0,,,,,,,
2018-09-05,2.1,1.92,-0.4,0.0,,,,,,,
2018-09-06,2.09,1.92,-0.4,0.0,,,,,,,
2018-09-07,2.1,1.92,-0.4,0.0,,,,,,,
2018-09-08,,1.92,-0.4,0.0,,,,,,,
2018-09-09,,1.92,-0.4,0.0,,,,,,,
2018-09-10,2.11,1.92,-0.4,0.0,,,,,,,
2018-09-11,2.11,1.92,-0.4,0.0,,,,,,,
2018-09-12,2.12,1.92,-0.4,0.0,,,,,,,
2018-09-13,2.11,1.92,-0.4,0.0,,,,,,,
2018-09-14,2.12,1.92,-0.4,0.0,,,,,,,
2018-09-15,,1.92,-0.4,0.0,,,,,,,
2018-09-16,,1.92,-0.4,0.0,,,,,,,
2018-09-17,2.13,1.92,-0.4,0.0,,,,,,,
2018-09-18,2.13,1.92,-0.4,0.0,,,,,,,
2018-09-19,2.12,1.92,-0.4,0.0,,,,,,,
2018-09-20,2.13,1.92,-0.4,0.0,,,,,,,
2018-09-21,2.14,1.92,-0.4,0.0,,,,,,,
2018-09-22,,1.92,-0.4,0.0,,,,,,,
2018-09-23,,1.92,-0.4,0.0,,,,,,,
2018-09-24,2.18,1.93,-0.4,0.0,,,,,,,
2018-09-25,2.17,1.93,-0.4,0.0,,,,,,,
2018-09-26,2.16,1.93,-0.4,0.0,,,,,,,
2018-09-27,2.14,2.18,-0.4,0.0,,,,,,,
2018-09-28,2.15,2.18,-0.4,0.0,,,,,,,
2018-09-29,,2.18,-0.4,0.0,,,,,,,
2018-09-30,,2.18,-0.4,0.0,,,,,,,
2018-10-01,2.19,2.18,-0.4,0.0,0.05,0.80618,1.66,-0.7,-0.831076428571429,-0.317695652173913,2.37
2018-10-02,2.19,2.18,-0.4,0.0,,,,,,,
2018-10-03,2.19,2.18,-0.4,0.0,,,,,,,
2018-10-04,2.18,2.18,-0.4,0.0,,,,,,,
2018-10-05,2.18,2.18,-0.4,0.0,,,,,,,
2018-10-06,,2.18,-0.4,0.0,,,,,,,
2018-10-07,,2.18,-0.4,0.0,,,,,,,
2018-10-08,,2.18,-0.4,0.0,,,,,,,
2018-10-09,2.21,2.18,-0.4,0.0,,,,,,,
2018-10-10,2.23,2.18,-0.4,0.0,,,,,,,
2018-10-11,2.22,2.18,-0.4,0.0,,,,,,,
2018-10-12,2.23,2.18,-0.4,0.0,,,,,,,
2018-10-13,,2.18,-0.4,0.0,,,,,,,
2018-10-14,,2.18,-0.4,0.0,,,,,,,
2018-10-15,2.27,2.18,-0.4,0.0,,,,,,,
2018-10-16,2.26,2.18,-0.4,0.0,,,,,,,
2018-10-17,2.27,2.19,-0.4,0.0,,,,,,,
2018-10-18,2.27,2.19,-0.4,0.0,,,,,,,
2018-10-19,2.26,2.19,-0.4,0.0,,,,,,,
2018-10-20,,2.19,-0.4,0.0,,,,,,,
2018-10-21,,2.19,-0.4,0.0,,,,,,,
2018-10-22,2.3,2.19,-0.4,0.0,,,,,,,
2018-10-23,2.29,2.2,-0.4,0.0,,,,,,,
2018-10-24,2.29,2.2,-0.4,0.0,,,,,,,
2018-10-25,2.29,2.2,-0.4,0.0,,,,,,,
2018-10-26,2.28,2.2,-0.4,0.0,,,,,,,
2018-10-27,,2.2,-0.4,0.0,,,,,,,
2018-10-28,,2.2,-0.4,0.0,,,,,,,
2018-10-29,2.3,2.2,-0.4,0.0,,,,,,,
2018-10-30,2.29,2.2,-0.4,0.0,,,,,,,
2018-10-31,2.29,2.2,-0.4,0.0,,,,,,,
2018-11-01,2.27,2.2,-0.4,0.0,0.05,0.87483,1.7125,-0.73,-0.815,-0.316363636363636,2.56
2018-11-02,2.28,2.19,-0.4,0.0,,,,,,,
2018-11-03,,2.19,-0.4,0.0,,,,,,,
2018-11-04,,2.19,-0.4,0.0,,,,,,,
2018-11-05,2.32,2.2,-0.4,0.0,,,,,,,
2018-11-06,2.31,2.2,-0.4,0.0,,,,,,,
2018-11-07,2.32,2.2,-0.4,0.0,,,,,,,
2018-11-08,2.3,2.2,-0.4,0.0,,,,,,,
2018-11-09,2.31,2.19,-0.4,0.0,,,,,,,
2018-11-10,,2.19,-0.4,0.0,,,,,,,
2018-11-11,,2.19,-0.4,0.0,,,,,,,
2018-11-12,,2.19,-0.4,0.0,,,,,,,
2018-11-13,2.34,2.2,-0.4,0.0,,,,,,,
2018-11-14,2.33,2.2,-0.4,0.0,,,,,,,
2018-11-15,2.32,2.2,-0.4,0.0,,,,,,,
2018-11-16,2.31,2.2,-0.4,0.0,,,,,,,
2018-11-17,,2.2,-0.4,0.0,,,,,,,
2018-11-18,,2.2,-0.4,0.0,,,,,,,
2018-11-19,2.34,2.2,-0.4,0.0,,,,,,,
2018-11-20,2.34,2.2,-0.4,0.0,,,,,,,
2018-11-21,2.36,2.2,-0.4,0.0,,,,,,,
2018-11-22,,2.2,-0.4,0.0,,,,,,,
2018-11-23,2.36,2.2,-0.4,0.0,,,,,,,
2018-11-24,,2.2,-0.4,0.0,,,,,,,
2018-11-25,,2.2,-0.4,0.0,,,,,,,
2018-11-26,2.37,2.2,-0.4,0.0,,,,,,,
2018-11-27,2.36,2.2,-0.4,0.0,,,,,,,
2018-11-28,2.35,2.2,-0.4,0.0,,,,,,,
2018-11-29,2.32,2.2,-0.4,0.0,,,,,,,
2018-11-30,2.32,2.2,-0.4,0.0,,,,,,,
2018-12-01,,2.2,-0.4,0.0,0.05,0.90444,1.66,-0.66,-0.776,-0.311894736842105,2.69
2018-12-02,,2.2,-0.4,0.0,,,,,,,
2018-12-03,2.34,2.19,-0.4,0.0,,,,,,,
2018-12-04,2.38,2.2,-0.4,0.0,,,,,,,
2018-12-05,,2.2,-0.4,0.0,,,,,,,
2018-12-06,2.36,2.2,-0.4,0.0,,,,,,,
2018-12-07,2.35,2.19,-0.4,0.0,,,,,,,
2018-12-08,,2.19,-0.4,0.0,,,,,,,
2018-12-09,,2.19,-0.4,0.0,,,,,,,
2018-12-10,2.37,2.2,-0.4,0.0,,,,,,,
2018-12-11,2.37,2.19,-0.4,0.0,,,,,,,
2018-12-12,2.39,2.19,-0.4,0.0,,,,,,,
2018-12-13,2.38,2.19,-0.4,0.0,,,,,,,
2018-12-14,2.37,2.19,-0.4,0.0,,,,,,,
2018-12-15,,2.19,-0.4,0.0,,,,,,,
2018-12-16,,2.19,-0.4,0.0,,,,,,,
2018-12-17,2.36,2.2,-0.4,0.0,,,,,,,
2018-12-18,2.34,2.2,-0.4,0.0,,,,,,,
2018-12-19,2.35,2.2,-0.4,0.0,,,,,,,
2018-12-20,2.34,2.4,-0.4,0.0,,,,,,,
2018-12-21,2.34,2.4,-0.4,0.0,,,,,,,
2018-12-22,,2.4,-0.4,0.0,,,,,,,
2018-12-23,,2.4,-0.4,0.0,,,,,,,
2018-12-24,2.41,2.4,-0.4,0.0,,,,,,,
2018-12-25,,2.4,-0.4,0.0,,,,,,,
2018-12-26,2.39,2.4,-0.4,0.0,,,,,,,
2018-12-27,2.36,2.4,-0.4,0.0,,,,,,,
2018-12-28,2.35,2.4,-0.4,0.0,,,,,,,
2018-12-29,,2.4,-0.4,0.0,,,,,,,
2018-12-30,,2.4,-0.4,0.0,,,,,,,
2018-12-31,2.4,2.4,-0.4,0.0,,,,,,,
2019-01-01,,2.4,-0.4,0.0,0.03,0.91822,1.634,-0.44,-0.813503555555556,-0.308,2.59
2019-01-02,2.37,2.4,-0.4,0.0,,,,,,,
2019-01-03,2.36,2.4,-0.4,0.0,,,,,,,
2019-01-04,2.37,2.4,-0.4,0.0,,,,,,,
2019-01-05,,2.4,-0.4,0.0,,,,,,,
2019-01-06,,2.4,-0.4,0.0,,,,,,,
2019-01-07,2.41,2.4,-0.4,0.0,,,,,,,
2019-01-08,2.41,2.4,-0.4,0.0,,,,,,,
2019-01-09,2.4,2.4,-0.4,0.0,,,,,,,
2019-01-10,2.38,2.4,-0.4,0.0,,,,,,,
2019-01-11,2.38,2.4,-0.4,0.0,,,,,,,
2019-01-12,,2.4,-0.4,0.0,,,,,,,
2019-01-13,,2.4,-0.4,0.0,,,,,,,
2019-01-14,2.4,2.4,-0.4,0.0,,,,,,,
2019-01-15,2.4,2.4,-0.4,0.0,,,,,,,
2019-01-16,2.38,2.4,-0.4,0.0,,,,,,,
2019-01-17,2.37,2.4,-0.4,0.0,,,,,,,
2019-01-18,2.36,2.4,-0.4,0.0,,,,,,,
2019-01-19,,2.4,-0.4,0.0,,,,,,,
2019-01-20,,2.4,-0.4,0.0,,,,,,,
2019-01-21,,2.4,-0.4,0.0,,,,,,,
2019-01-22,2.38,2.4,-0.4,0.0,,,,,,,
2019-01-23,2.36,2.4,-0.4,0.0,,,,,,,
2019-01-24,2.32,2.4,-0.4,0.0,,,,,,,
2019-01-25,2.34,2.4,-0.4,0.0,,,,,,,
2019-01-26,,2.4,-0.4,0.0,,,,,,,
2019-01-27,,2.4,-0.4,0.0,,,,,,,
2019-01-28,2.37,2.4,-0.4,0.0,,,,,,,
2019-01-29,2.37,2.4,-0.4,0.0,,,,,,,
2019-01-30,2.37,2.4,-0.4,0.0,,,,,,,
2019-01-31,2.36,2.4,-0.4,0.0,,,,,,,
2019-02-01,2.35,2.4,-0.4,0.0,0.03,0.87598,1.665,-0.4,-0.768617571428571,-0.30845,2.49
2019-02-02,,2.4,-0.4,0.0,,,,,,,
2019-02-03,,2.4,-0.4,0.0,,,,,,,
2019-02-04,2.37,2.4,-0.4,0.0,,,,,,,
2019-02-05,2.37,2.4,-0.4,0.0,,,,,,,
2019-02-06,2.37,2.4,-0.4,0.0,,,,,,,
2019-02-07,2.37,2.4,-0.4,0.0,,,,,,,
2019-02-08,2.38,2.4,-0.4,0.0,,,,,,,
2019-02-09,,2.4,-0.4,0.0,,,,,,,
2019-02-10,,2.4,-0.4,0.0,,,,,,,
2019-02-11,2.4,2.4,-0.4,0.0,,,,,,,
2019-02-12,2.38,2.4,-0.4,0.0,,,,,,,
2019-02-13,2.39,2.4,-0.4,0.0,,,,,,,
2019-02-14,2.38,2.4,-0.4,0.0,,,,,,,
2019-02-15,2.38,2.4,-0.4,0.0,,,,,,,
2019-02-16,,2.4,-0.4,0.0,,,,,,,
2019-02-17,,2.4,-0.4,0.0,,,,,,,
2019-02-18,,2.4,-0.4,0.0,,,,,,,
2019-02-19,2.41,2.4,-0.4,0.0,,,,,,,
2019-02-20,2.4,2.4,-0.4,0.0,,,,,,,
2019-02-21,2.4,2.4,-0.4,0.0,,,,,,,
2019-02-22,2.41,2.4,-0.4,0.0,,,,,,,
2019-02-23,,2.4,-0.4,0.0,,,,,,,
2019-02-24,,2.4,-0.4,0.0,,,,,,,
2019-02-25,2.42,2.4,-0.4,0.0,,,,,,,
2019-02-26,2.4,2.4,-0.4,0.0,,,,,,,
2019-02-27,2.4,2.4,-0.4,0.0,,,,,,,
2019-02-28,2.4,2.4,-0.4,0.0,,,,,,,
2019-03-01,2.39,2.4,-0.4,0.0,0.05,0.84,1.66,-0.4,-0.756575222222222,-0.309190476190476,2.48
2019-03-02,,2.4,-0.4,0.0,,,,,,,
2019-03-03,,2.4,-0.4,0.0,,,,,,,
2019-03-04,2.41,2.4,-0.4,0.0,,,,,,,
2019-03-05,2.41,2.4,-0.4,0.0,,,,,,,
2019-03-06,2.41,2.4,-0.4,0.0,,,,,,,
2019-03-07,2.4,2.4,-0.4,0.0,,,,,,,
2019-03-08,2.41,2.4,-0.4,0.0,,,,,,,
2019-03-09,,2.4,-0.4,0.0,,,,,,,
2019-03-10,,2.4,-0.4,0.0,,,,,,,
2019-03-11,2.41,2.4,-0.4,0.0,,,,,,,
2019-03-12,2.41,2.4,-0.4,0.0,,,,,,,
2019-03-13,2.4,2.4,-0.4,0.0,,,,,,,
2019-03-14,2.4,2.4,-0.4,0.0,,,,,,,
2019-03-15,2.4,2.4,-0.4,0.0,,,,,,,
2019-03-16,,2.4,-0.4,0.0,,,,,,,
2019-03-17,,2.4,-0.4,0.0,,,,,,,
2019-03-18,2.39,2.4,-0.4,0.0,,,,,,,
2019-03-19,2.41,2.4,-0.4,0.0,,,,,,,
2019-03-20,2.42,2.41,-0.4,0.0,,,,,,,
2019-03-21,2.43,2.41,-0.4,0.0,,,,,,,
2019-03-22,2.41,2.41,-0.4,0.0,,,,,,,
2019-03-23,,2.41,-0.4,0.0,,,,,,,
2019-03-24,,2.41,-0.4,0.0,,,,,,,
2019-03-25,2.41,2.4,-0.4,0.0,,,,,,,
2019-03-26,2.41,2.4,-0.4,0.0,,,,,,,
2019-03-27,2.39,2.41,-0.4,0.0,,,,,,,
2019-03-28,2.38,2.41,-0.4,0.0,,,,,,,
2019-03-29,2.35,2.43,-0.4,0.0,,,,,,,
2019-03-30,,2.43,-0.4,0.0,,,,,,,
2019-03-31,,2.43,-0.4,0.0,,,,,,,
2019-04-01,2.38,2.41,-0.4,0.0,0.05,0.82,1.675,-0.3995,-0.7475,-0.31045,2.47
2019-04-02,2.37,2.41,-0.4,0.0,,,,,,,
2019-04-03,2.39,2.41,-0.4,0.0,,,,,,,
2019-04-04,2.39,2.41,-0.4,0.0,,,,,,,
2019-04-05,2.39,2.41,-0.4,0.0,,,,,,,
2019-04-06,,2.41,-0.4,0.0,,,,,,,
2019-04-07,,2.41,-0.4,0.0,,,,,,,
2019-04-08,2.38,2.41,-0.4,0.0,,,,,,,
2019-04-09,2.37,2.41,-0.4,0.0,,,,,,,
2019-04-10,2.38,2.41,-0.4,0.0,,,,,,,
2019-04-11,2.38,2.41,-0.4,0.0,,,,,,,
2019-04-12,2.39,2.41,-0.4,0.0,,,,,,,
2019-04-13,,2.41,-0.4,0.0,,,,,,,
2019-04-14,,2.41,-0.4,0.0,,,,,,,
2019-04-15,2.38,2.41,-0.4,0.0,,,,,,,
2019-04-16,2.38,2.41,-0.4,0.0,,,,,,,
2019-04-17,2.39,2.42,-0.4,0.0,,,,,,,
2019-04-18,2.37,2.43,-0.4,0.0,,,,,,,
2019-04-19,,2.44,-0.4,0.0,,,,,,,
2019-04-20,,2.44,-0.4,0.0,,,,,,,
2019-04-21,,2.44,-0.4,0.0,,,,,,,
2019-04-22,2.39,2.44,-0.4,0.0,,,,,,,
2019-04-23,2.4,2.44,-0.4,0.0,,,,,,,
2019-04-24,2.39,2.44,-0.4,0.0,,,,,,,
2019-04-25,2.38,2.44,-0.4,0.0,,,,,,,
2019-04-26,2.37,2.44,-0.4,0.0,,,,,,,
2019-04-27,,2.44,-0.4,0.0,,,,,,,
2019-04-28,,2.44,-0.4,0.0,,,,,,,
2019-04-29,2.39,2.45,-0.4,0.0,,,,,,,
2019-04-30,2.38,2.45,-0.4,0.0,,,,,,,
2019-05-01,2.38,2.45,-0.4,0.0,0.049,0.8,1.678,-0.3995,-0.7752625,-0.311863636363636,2.44
2019-05-02,2.41,2.41,-0.4,0.0,,,,,,,
2019-05-03,2.38,2.4,-0.4,0.0,,,,,,,
2019-05-04,,2.4,-0.4,0.0,,,,,,,
2019-05-05,,2.4,-0.4,0.0,,,,,,,
2019-05-06,2.39,2.4,-0.4,0.0,,,,,,,
2019-05-07,2.38,2.4,-0.4,0.0,,,,,,,
2019-05-08,2.38,2.39,-0.4,0.0,,,,,,,
2019-05-09,2.38,2.38,-0.4,0.0,,,,,,,
2019-05-10,2.38,2.38,-0.4,0.0,,,,,,,
2019-05-11,,2.38,-0.4,0.0,,,,,,,
2019-05-12,,2.38,-0.4,0.0,,,,,,,
2019-05-13,2.36,2.38,-0.4,0.0,,,,,,,
2019-05-14,2.36,2.38,-0.4,0.0,,,,,,,
2019-05-15,2.37,2.4,-0.4,0.0,,,,,,,
2019-05-16,2.35,2.39,-0.4,0.0,,,,,,,
2019-05-17,2.34,2.39,-0.4,0.0,,,,,,,
2019-05-18,,2.39,-0.4,0.0,,,,,,,
2019-05-19,,2.39,-0.4,0.0,,,,,,,
2019-05-20,2.34,2.39,-0.4,0.0,,,,,,,
2019-05-21,2.34,2.39,-0.4,0.0,,,,,,,
2019-05-22,2.33,2.38,-0.4,0.0,,,,,,,
2019-05-23,2.32,2.38,-0.4,0.0,,,,,,,
2019-05-24,2.3,2.38,-0.4,0.0,,,,,,,
2019-05-25,,2.38,-0.4,0.0,,,,,,,
2019-05-26,,2.38,-0.4,0.0,,,,,,,
2019-05-27,,2.38,-0.4,0.0,,,,,,,
2019-05-28,2.32,2.39,-0.4,0.0,,,,,,,
2019-05-29,2.32,2.39,-0.4,0.0,,,,,,,
2019-05-30,2.33,2.39,-0.4,0.0,,,,,,,
2019-05-31,2.3,2.4,-0.4,0.0,,,,,,,
2019-06-01,,2.4,-0.4,0.0,0.049,0.78,1.665,-0.3994,-0.780555,-0.3289,2.3
2019-06-02,,2.4,-0.4,0.0,,,,,,,
2019-06-03,2.3,2.38,-0.4,0.0,,,,,,,
2019-06-04,2.3,2.38,-0.4,0.0,,,,,,,
2019-06-05,2.3,2.38,-0.4,0.0,,,,,,,
2019-06-06,2.28,2.37,-0.4,0.0,,,,,,,
2019-06-07,2.23,2.37,-0.4,0.0,,,,,,,
2019-06-08,,2.37,-0.4,0.0,,,,,,,
2019-06-09,,2.37,-0.4,0.0,,,,,,,
2019-06-10,2.24,2.37,-0.4,0.0,,,,,,,
2019-06-11,2.22,2.37,-0.4,0.0,,,,,,,
2019-06-12,2.19,2.37,-0.4,0.0,,,,,,,
2019-06-13,2.14,2.37,-0.4,0.0,,,,,,,
2019-06-14,2.15,2.36,-0.4,0.0,,,,,,,
2019-06-15,,2.36,-0.4,0.0,,,,,,,
2019-06-16,,2.36,-0.4,0.0,,,,,,,
2019-06-17,2.18,2.38,-0.4,0.0,,,,,,,
2019-06-18,2.17,2.37,-0.4,0.0,,,,,,,
2019-06-19,2.13,2.37,-0.4,0.0,,,,,,,
2019-06-20,2.09,2.37,-0.4,0.0,,,,,,,
2019-06-21,2.07,2.38,-0.4,0.0,,,,,,,
2019-06-22,,2.38,-0.4,0.0,,,,,,,
2019-06-23,,2.38,-0.4,0.0,,,,,,,
2019-06-24,2.08,2.38,-0.4,0.0,,,,,,,
2019-06-25,2.07,2.38,-0.4,0.0,,,,,,,
2019-06-26,2.1,2.38,-0.4,0.0,,,,,,,
2019-06-27,2.09,2.38,-0.4,0.0,,,,,,,
2019-06-28,2.08,2.4,-0.4,0.0,,,,,,,
2019-06-29,,2.4,-0.4,0.0,,,,,,,
2019-06-30,,2.4,-0.4,0.0,,,,,,,
2019-07-01,2.16,2.39,-0.4,0.0,0.049,0.77,1.654,-0.4,-0.84,-0.364869565217391,2.22
2019-07-02,2.15,2.4,-0.4,0.0,,,,,,,
2019-07-03,2.16,2.41,-0.4,0.0,,,,,,,
2019-07-04,,2.41,-0.4,0.0,,,,,,,
2019-07-05,2.18,2.42,-0.4,0.0,,,,,,,
2019-07-06,,2.42,-0.4,0.0,,,,,,,
2019-07-07,,2.42,-0.4,0.0,,,,,,,
2019-07-08,2.21,2.41,-0.4,0.0,,,,,,,
2019-07-09,2.21,2.41,-0.4,0.0,,,,,,,
2019-07-10,2.15,2.41,-0.4,0.0,,,,,,,
2019-07-11,2.12,2.4,-0.4,0.0,,,,,,,
2019-07-12,2.1,2.38,-0.4,0.0,,,,,,,
2019-07-13,,2.38,-0.4,0.0,,,,,,,
2019-07-14,,2.38,-0.4,0.0,,,,,,,
2019-07-15,2.11,2.4,-0.4,0.0,,,,,,,
2019-07-16,2.1,2.41,-0.4,0.0,,,,,,,
2019-07-17,2.09,2.41,-0.4,0.0,,,,,,,
2019-07-18,2.01,2.41,-0.4,0.0,,,,,,,
2019-07-19,2.02,2.41,-0.4,0.0,,,,,,,
2019-07-20,,2.41,-0.4,0.0,,,,,,,
2019-07-21,,2.41,-0.4,0.0,,,,,,,
2019-07-22,2.04,2.4,-0.4,0.0,,,,,,,
2019-07-23,2.02,2.4,-0.4,0.0,,,,,,,
2019-07-24,2.05,2.4,-0.4,0.0,,,,,,,
2019-07-25,2.06,2.4,-0.4,0.0,,,,,,,
2019-07-26,2.08,2.4,-0.4,0.0,,,,,,,
2019-07-27,,2.4,-0.4,0.0,,,,,,,
2019-07-28,,2.4,-0.4,0.0,,,,,,,
2019-07-29,2.07,2.4,-0.4,0.0,,,,,,,
2019-07-30,2.04,2.39,-0.4,0.0,,,,,,,
2019-07-31,2.04,2.4,-0.4,0.0,,,,,,,
2019-08-01,2.03,2.14,-0.4,0.0,0.009,0.76,1.635,-0.4278,-0.8075,-0.407681818181818,2.06
2019-08-02,2.02,2.14,-0.4,0.0,,,,,,,
2019-08-03,,2.14,-0.4,0.0,,,,,,,
2019-08-04,,2.14,-0.4,0.0,,,,,,,
2019-08-05,2.0,2.13,-0.4,0.0,,,,,,,
2019-08-06,2.01,2.13,-0.4,0.0,,,,,,,
2019-08-07,1.98,2.12,-0.4,0.0,,,,,,,
2019-08-08,1.98,2.12,-0.4,0.0,,,,,,,
2019-08-09,1.96,2.12,-0.4,0.0,,,,,,,
2019-08-10,,2.12,-0.4,0.0,,,,,,,
2019-08-11,,2.12,-0.4,0.0,,,,,,,
2019-08-12,1.96,2.12,-0.4,0.0,,,,,,,
2019-08-13,1.96,2.12,-0.4,0.0,,,,,,,
2019-08-14,1.92,2.12,-0.4,0.0,,,,,,,
2019-08-15,1.87,2.13,-0.4,0.0,,,,,,,
2019-08-16,1.83,2.13,-0.4,0.0,,,,,,,
2019-08-17,,2.13,-0.4,0.0,,,,,,,
2019-08-18,,2.13,-0.4,0.0,,,,,,,
2019-08-19,1.9,2.13,-0.4,0.0,,,,,,,
2019-08-20,1.9,2.13,-0.4,0.0,,,,,,,
2019-08-21,1.93,2.12,-0.4,0.0,,,,,,,
2019-08-22,1.96,2.12,-0.4,0.0,,,,,,,
2019-08-23,1.93,2.12,-0.4,0.0,,,,,,,
2019-08-24,,2.12,-0.4,0.0,,,,,,,
2019-08-25,,2.12,-0.4,0.0,,,,,,,
2019-08-26,1.96,2.12,-0.4,0.0,,,,,,,
2019-08-27,1.94,2.12,-0.4,0.0,,,,,,,
2019-08-28,1.95,2.12,-0.4,0.0,,,,,,,
2019-08-29,1.95,2.12,-0.4,0.0,,,,,,,
2019-08-30,1.95,2.13,-0.4,0.0,,,,,,,
2019-08-31,,2.13,-0.4,0.0,,,,,,,
2019-09-01,,2.13,-0.4,0.0,0.009,0.77,1.6275,-0.4094,-0.79125,-0.417571428571429,2.03
2019-09-02,,2.13,-0.4,0.0,,,,,,,
2019-09-03,1.94,2.13,-0.4,0.0,,,,,,,
2019-09-04,1.93,2.13,-0.4,0.0,,,,,,,
2019-09-05,1.93,2.13,-0.4,0.0,,,,,,,
2019-09-06,1.92,2.12,-0.4,0.0,,,,,,,
2019-09-07,,2.12,-0.4,0.0,,,,,,,
2019-09-08,,2.12,-0.4,0.0,,,,,,,
2019-09-09,1.92,2.13,-0.4,0.0,,,,,,,
2019-09-10,1.91,2.13,-0.4,0.0,,,,,,,
2019-09-11,1.92,2.13,-0.4,0.0,,,,,,,
2019-09-12,1.91,2.13,-0.4,0.0,,,,,,,
2019-09-13,1.92,2.14,-0.4,0.0,,,,,,,
2019-09-14,,2.14,-0.4,0.0,,,,,,,
2019-09-15,,2.14,-0.4,0.0,,,,,,,
2019-09-16,1.95,2.25,-0.4,0.0,,,,,,,
2019-09-17,1.95,2.3,-0.4,0.0,,,,,,,
2019-09-18,1.91,2.25,-0.5,0.0,,,,,,,
2019-09-19,1.89,1.9,-0.5,0.0,,,,,,,
2019-09-20,1.87,1.9,-0.5,0.0,,,,,,,
2019-09-21,,1.9,-0.5,0.0,,,,,,,
2019-09-22,,1.9,-0.5,0.0,,,,,,,
2019-09-23,1.9,1.9,-0.5,0.0,,,,,,,
2019-09-24,1.88,1.9,-0.5,0.0,,,,,,,
2019-09-25,1.85,1.9,-0.5,0.0,,,,,,,
2019-09-26,1.79,1.85,-0.5,0.0,,,,,,,
2019-09-27,1.76,1.83,-0.5,0.0,,,,,,,
2019-09-28,,1.83,-0.5,0.0,,,,,,,
2019-09-29,,1.83,-0.5,0.0,,,,,,,
2019-09-30,1.84,1.9,-0.5,0.0,,,,,,,
2019-10-01,1.78,1.88,-0.5,0.0,0.009,0.78,1.654,-0.4333,-0.756590909090909,-0.412869565217391,1.88
2019-10-02,1.75,1.85,-0.5,0.0,,,,,,,
2019-10-03,1.67,1.83,-0.5,0.0,,,,,,,
2019-10-04,1.68,1.82,-0.5,0.0,,,,,,,
2019-10-05,,1.82,-0.5,0.0,,,,,,,
2019-10-06,,1.82,-0.5,0.0,,,,,,,
2019-10-07,1.71,1.82,-0.5,0.0,,,,,,,
2019-10-08,1.68,1.82,-0.5,0.0,,,,,,,
2019-10-09,1.66,1.82,-0.5,0.0,,,,,,,
2019-10-10,1.65,1.82,-0.5,0.0,,,,,,,
2019-10-11,1.65,1.82,-0.5,0.0,,,,,,,
2019-10-12,,1.82,-0.5,0.0,,,,,,,
2019-10-13,,1.82,-0.5,0.0,,,,,,,
2019-10-14,,1.82,-0.5,0.0,,,,,,,
2019-10-15,1.64,1.9,-0.5,0.0,,,,,,,
2019-10-16,1.63,1.9,-0.5,0.0,,,,,,,
2019-10-17,1.63,1.85,-0.5,0.0,,,,,,,
2019-10-18,1.63,1.85,-0.5,0.0,,,,,,,
2019-10-19,,1.85,-0.5,0.0,,,,,,,
2019-10-20,,1.85,-0.5,0.0,,,,,,,
2019-10-21,1.64,1.85,-0.5,0.0,,,,,,,
2019-10-22,1.62,1.85,-0.5,0.0,,,,,,,
2019-10-23,1.62,1.85,-0.5,0.0,,,,,,,
2019-10-24,1.64,1.85,-0.5,0.0,,,,,,,
2019-10-25,1.63,1.83,-0.5,0.0,,,,,,,
2019-10-26,,1.83,-0.5,0.0,,,,,,,
2019-10-27,,1.83,-0.5,0.0,,,,,,,
2019-10-28,1.62,1.83,-0.5,0.0,,,,,,,
2019-10-29,1.6,1.82,-0.5,0.0,,,,,,,
2019-10-30,1.59,1.82,-0.5,0.0,,,,,,,
2019-10-31,1.51,1.58,-0.5,0.0,,,,,,,
2019-11-01,1.49,1.57,-0.5,0.0,0.018,0.79,1.6625,-0.4717,-0.705643333333333,-0.401285714285714,1.77
2019-11-02,,1.57,-0.5,0.0,,,,,,,
2019-11-03,,1.57,-0.5,0.0,,,,,,,
2019-11-04,1.5,1.56,-0.5,0.0,,,,,,,
2019-11-05,1.53,1.56,-0.5,0.0,,,,,,,
2019-11-06,1.53,1.55,-0.5,0.0,,,,,,,
2019-11-07,1.53,1.55,-0.5,0.0,,,,,,,
2019-11-08,1.52,1.55,-0.5,0.0,,,,,,,
2019-11-09,,1.55,-0.5,0.0,,,,,,,
2019-11-10,,1.55,-0.5,0.0,,,,,,,
2019-11-11,,1.55,-0.5,0.0,,,,,,,
2019-11-12,1.56,1.55,-0.5,0.0,,,,,,,
2019-11-13,1.54,1.55,-0.5,0.0,,,,,,,
2019-11-14,1.54,1.55,-0.5,0.0,,,,,,,
2019-11-15,1.54,1.55,-0.5,0.0,,,,,,,
2019-11-16,,1.55,-0.5,0.0,,,,,,,
2019-11-17,,1.55,-0.5,0.0,,,,,,,
2019-11-18,1.54,1.55,-0.5,0.0,,,,,,,
2019-11-19,1.54,1.55,-0.5,0.0,,,,,,,
2019-11-20,1.54,1.55,-0.5,0.0,,,,,,,
2019-11-21,1.55,1.55,-0.5,0.0,,,,,,,
2019-11-22,1.55,1.55,-0.5,0.0,,,,,,,
2019-11-23,,1.55,-0.5,0.0,,,,,,,
2019-11-24,,1.55,-0.5,0.0,,,,,,,
2019-11-25,1.58,1.55,-0.5,0.0,,,,,,,
2019-11-26,1.57,1.55,-0.5,0.0,,,,,,,
2019-11-27,1.59,1.55,-0.5,0.0,,,,,,,
2019-11-28,,1.55,-0.5,0.0,,,,,,,
2019-11-29,1.56,1.56,-0.5,0.0,,,,,,,
2019-11-30,,1.56,-0.5,0.0,,,,,,,
2019-12-01,,1.56,-0.5,0.0,0.021,0.79,1.6575,-0.455,-0.736666666666667,-0.3947,1.76
2019-12-02,1.57,1.56,-0.5,0.0,,,,,,,
2019-12-03,1.54,1.55,-0.5,0.0,,,,,,,
2019-12-04,1.52,1.55,-0.5,0.0,,,,,,,
2019-12-05,1.51,1.55,-0.5,0.0,,,,,,,
2019-12-06,1.5,1.55,-0.5,0.0,,,,,,,
2019-12-07,,1.55,-0.5,0.0,,,,,,,
2019-12-08,,1.55,-0.5,0.0,,,,,,,
2019-12-09,1.51,1.55,-0.5,0.0,,,,,,,
2019-12-10,1.53,1.55,-0.5,0.0,,,,,,,
2019-12-11,1.54,1.55,-0.5,0.0,,,,,,,
2019-12-12,1.53,1.55,-0.5,0.0,,,,,,,
2019-12-13,1.54,1.55,-0.5,0.0,,,,,,,
2019-12-14,,1.55,-0.5,0.0,,,,,,,
2019-12-15,,1.55,-0.5,0.0,,,,,,,
2019-12-16,1.54,1.56,-0.5,0.0,,,,,,,
2019-12-17,1.53,1.55,-0.5,0.0,,,,,,,
2019-12-18,1.53,1.55,-0.5,0.0,,,,,,,
2019-12-19,1.54,1.55,-0.5,0.0,,,,,,,
2019-12-20,1.55,1.55,-0.5,0.0,,,,,,,
2019-12-21,,1.55,-0.5,0.0,,,,,,,
2019-12-22,,1.55,-0.5,0.0,,,,,,,
2019-12-23,1.56,1.55,-0.5,0.0,,,,,,,
2019-12-24,1.55,1.55,-0.5,0.0,,,,,,,
2019-12-25,,1.55,-0.5,0.0,,,,,,,
2019-12-26,1.55,1.55,-0.5,0.0,,,,,,,
2019-12-27,1.54,1.55,-0.5,0.0,,,,,,,
2019-12-28,,1.55,-0.5,0.0,,,,,,,
2019-12-29,,1.55,-0.5,0.0,,,,,,,
2019-12-30,1.54,1.55,-0.5,0.0,,,,,,,
2019-12-31,1.52,1.55,-0.5,0.0,,,,,,,
2020-01-01,,1.55,-0.5,0.0,0.021,0.74,1.646,-0.1749,-0.74875,-0.391136363636364,1.65
2020-01-02,1.51,1.55,-0.5,0.0,,,,,,,
2020-01-03,1.49,1.55,-0.5,0.0,,,,,,,
2020-01-04,,1.55,-0.5,0.0,,,,,,,
2020-01-05,,1.55,-0.5,0.0,,,,,,,
2020-01-06,1.53,1.55,-0.5,0.0,,,,,,,
2020-01-07,1.51,1.55,-0.5,0.0,,,,,,,
2020-01-08,1.51,1.55,-0.5,0.0,,,,,,,
2020-01-09,1.51,1.55,-0.5,0.0,,,,,,,
2020-01-10,1.51,1.54,-0.5,0.0,,,,,,,
2020-01-11,,1.54,-0.5,0.0,,,,,,,
2020-01-12,,1.54,-0.5,0.0,,,,,,,
2020-01-13,1.54,1.54,-0.5,0.0,,,,,,,
2020-01-14,1.54,1.54,-0.5,0.0,,,,,,,
2020-01-15,1.54,1.54,-0.5,0.0,,,,,,,
2020-01-16,1.52,1.54,-0.5,0.0,,,,,,,
2020-01-17,1.53,1.55,-0.5,0.0,,,,,,,
2020-01-18,,1.55,-0.5,0.0,,,,,,,
2020-01-19,,1.55,-0.5,0.0,,,,,,,
2020-01-20,,1.55,-0.5,0.0,,,,,,,
2020-01-21,1.53,1.55,-0.5,0.0,,,,,,,
2020-01-22,1.52,1.55,-0.5,0.0,,,,,,,
2020-01-23,1.52,1.55,-0.5,0.0,,,,,,,
2020-01-24,1.51,1.55,-0.5,0.0,,,,,,,
2020-01-25,,1.55,-0.5,0.0,,,,,,,
2020-01-26,,1.55,-0.5,0.0,,,,,,,
2020-01-27,1.52,1.55,-0.5,0.0,,,,,,,
2020-01-28,1.54,1.55,-0.5,0.0,,,,,,,
2020-01-29,1.53,1.55,-0.5,0.0,,,,,,,
2020-01-30,1.54,1.6,-0.5,0.0,,,,,,,
2020-01-31,1.52,1.59,-0.5,0.0,,,,,,,
2020-02-01,,1.59,-0.5,0.0,0.021,0.75,1.6325,-0.1499,-0.7164475,-0.40885,1.59
2020-02-02,,1.59,-0.5,0.0,,,,,,,
2020-02-03,1.54,1.59,-0.5,0.0,,,,,,,
2020-02-04,1.54,1.59,-0.5,0.0,,,,,,,
2020-02-05,1.54,1.59,-0.5,0.0,,,,,,,
2020-02-06,1.54,1.59,-0.5,0.0,,,,,,,
2020-02-07,1.53,1.58,-0.5,0.0,,,,,,,
2020-02-08,,1.58,-0.5,0.0,,,,,,,
2020-02-09,,1.58,-0.5,0.0,,,,,,,
2020-02-10,1.55,1.58,-0.5,0.0,,,,,,,
2020-02-11,1.54,1.58,-0.5,0.0,,,,,,,
2020-02-12,1.55,1.58,-0.5,0.0,,,,,,,
2020-02-13,1.56,1.58,-0.5,0.0,,,,,,,
2020-02-14,1.55,1.58,-0.5,0.0,,,,,,,
2020-02-15,,1.58,-0.5,0.0,,,,,,,
2020-02-16,,1.58,-0.5,0.0,,,,,,,
2020-02-17,,1.58,-0.5,0.0,,,,,,,
2020-02-18,1.55,1.59,-0.5,0.0,,,,,,,
2020-02-19,1.55,1.59,-0.5,0.0,,,,,,,
2020-02-20,1.55,1.59,-0.5,0.0,,,,,,,
2020-02-21,1.53,1.58,-0.5,0.0,,,,,,,
2020-02-22,,1.58,-0.5,0.0,,,,,,,
2020-02-23,,1.58,-0.5,0.0,,,,,,,
2020-02-24,1.5,1.58,-0.5,0.0,,,,,,,
2020-02-25,1.5,1.58,-0.5,0.0,,,,,,,
2020-02-26,1.5,1.58,-0.5,0.0,,,,,,,
2020-02-27,1.42,1.58,-0.5,0.0,,,,,,,
2020-02-28,1.25,1.58,-0.5,0.0,,,,,,,
2020-02-29,,1.58,-0.5,0.0,,,,,,,
2020-03-01,,1.58,-0.5,0.0,0.006,0.53,0.6725,-0.15291,-0.675,-0.416636363636364,1.35
2020-03-02,1.1,1.59,-0.5,0.0,,,,,,,
2020-03-03,0.93,1.59,-0.5,0.0,,,,,,,
2020-03-04,0.71,1.09,-0.5,0.0,,,,,,,
2020-03-05,0.61,1.09,-0.5,0.0,,,,,,,
2020-03-06,0.45,1.09,-0.5,0.0,,,,,,,
2020-03-07,,1.09,-0.5,0.0,,,,,,,
2020-03-08,,1.09,-0.5,0.0,,,,,,,
2020-03-09,0.32,1.09,-0.5,0.0,,,,,,,
2020-03-10,0.43,1.09,-0.5,0.0,,,,,,,
2020-03-11,0.41,1.09,-0.5,0.0,,,,,,,
2020-03-12,0.33,1.1,-0.5,0.0,,,,,,,
2020-03-13,0.27,1.1,-0.5,0.0,,,,,,,
2020-03-14,,1.1,-0.5,0.0,,,,,,,
2020-03-15,,1.1,-0.5,0.0,,,,,,,
2020-03-16,0.24,0.25,-0.5,0.0,,,,,,,
2020-03-17,0.19,0.25,-0.5,0.0,,,,,,,
2020-03-18,0.02,0.25,-0.5,0.0,,,,,,,
2020-03-19,0.04,0.2,-0.5,0.0,,,,,,,
2020-03-20,0.05,0.15,-0.5,0.0,,,,,,,
2020-03-21,,0.15,-0.5,0.0,,,,,,,
2020-03-22,,0.15,-0.5,0.0,,,,,,,
2020-03-23,0.02,0.15,-0.5,0.0,,,,,,,
2020-03-24,0.01,0.12,-0.5,0.0,,,,,,,
2020-03-25,-0.04,0.1,-0.5,0.0,,,,,,,
2020-03-26,-0.05,0.1,-0.5,0.0,,,,,,,
2020-03-27,0.03,0.1,-0.5,0.0,,,,,,,
2020-03-28,,0.1,-0.5,0.0,,,,,,,
2020-03-29,,0.1,-0.5,0.0,,,,,,,
2020-03-30,0.12,0.09,-0.5,0.0,,,,,,,
2020-03-31,0.11,0.08,-0.5,0.0,,,,,,,
2020-04-01,0.09,0.06,-0.5,0.0,-0.039,0.65,0.246,-0.1704,-0.624583333333333,-0.25405,
2020-04-02,0.09,0.05,-0.5,0.0,,,,,,,
2020-04-03,0.1,0.05,-0.5,0.0,,,,,,,
2020-04-04,,0.05,-0.5,0.0,,,,,,,
2020-04-05,,0.05,-0.5,0.0,,,,,,,
2020-04-06,0.15,0.05,-0.5,0.0,,,,,,,
2020-04-07,0.14,0.05,-0.5,0.0,,,,,,,
2020-04-08,0.22,0.05,-0.5,0.0,,,,,,,
2020-04-09,0.25,0.05,-0.5,0.0,,,,,,,
2020-04-10,,0.05,-0.5,0.0,,,,,,,
2020-04-11,,0.05,-0.5,0.0,,,,,,,
2020-04-12,,0.05,-0.5,0.0,,,,,,,
2020-04-13,0.26,0.05,-0.5,0.0,,,,,,,
2020-04-14,0.2,0.05,-0.5,0.0,,,,,,,
2020-04-15,0.14,0.05,-0.5,0.0,,,,,,,
2020-04-16,0.14,0.05,-0.5,0.0,,,,,,,
2020-04-17,0.12,0.05,-0.5,0.0,,,,,,,
2020-04-18,,0.05,-0.5,0.0,,,,,,,
2020-04-19,,0.05,-0.5,0.0,,,,,,,
2020-04-20,0.12,0.05,-0.5,0.0,,,,,,,
2020-04-21,0.11,0.05,-0.5,0.0,,,,,,,
2020-04-22,0.12,0.05,-0.5,0.0,,,,,,,
2020-04-23,0.11,0.04,-0.5,0.0,,,,,,,
2020-04-24,0.12,0.05,-0.5,0.0,,,,,,,
2020-04-25,,0.05,-0.5,0.0,,,,,,,
2020-04-26,,0.05,-0.5,0.0,,,,,,,
2020-04-27,0.12,0.04,-0.5,0.0,,,,,,,
2020-04-28,0.11,0.04,-0.5,0.0,,,,,,,
2020-04-29,0.1,0.04,-0.5,0.0,,,,,,,
2020-04-30,0.09,0.05,-0.5,0.0,,,,,,,
2020-05-01,0.12,0.05,-0.5,0.0,-0.042,0.33,0.235,-0.13926,-0.663348888888889,-0.27195,0.17
2020-05-02,,0.05,-0.5,0.0,,,,,,,
2020-05-03,,0.05,-0.5,0.0,,,,,,,
2020-05-04,0.13,0.05,-0.5,0.0,,,,,,,
2020-05-05,0.13,0.05,-0.5,0.0,,,,,,,
2020-05-06,0.12,0.05,-0.5,0.0,,,,,,,
2020-05-07,0.11,0.05,-0.5,0.0,,,,,,,
2020-05-08,0.12,0.05,-0.5,0.0,,,,,,,
2020-05-09,,0.05,-0.5,0.0,,,,,,,
2020-05-10,,0.05,-0.5,0.0,,,,,,,
2020-05-11,0.12,0.05,-0.5,0.0,,,,,,,
2020-05-12,0.13,0.05,-0.5,0.0,,,,,,,
2020-05-13,0.13,0.05,-0.5,0.0,,,,,,,
2020-05-14,0.12,0.05,-0.5,0.0,,,,,,,
2020-05-15,0.12,0.05,-0.5,0.0,,,,,,,
2020-05-16,,0.05,-0.5,0.0,,,,,,,
2020-05-17,,0.05,-0.5,0.0,,,,,,,
2020-05-18,0.13,0.05,-0.5,0.0,,,,,,,
2020-05-19,0.13,0.05,-0.5,0.0,,,,,,,
2020-05-20,0.12,0.05,-0.5,0.0,,,,,,,
2020-05-21,0.12,0.05,-0.5,0.0,,,,,,,
2020-05-22,0.12,0.05,-0.5,0.0,,,,,,,
2020-05-23,,0.05,-0.5,0.0,,,,,,,
2020-05-24,,0.05,-0.5,0.0,,,,,,,
2020-05-25,,0.05,-0.5,0.0,,,,,,,
2020-05-26,0.14,0.05,-0.5,0.0,,,,,,,
2020-05-27,0.15,0.05,-0.5,0.0,,,,,,,
2020-05-28,0.15,0.05,-0.5,0.0,,,,,,,
2020-05-29,0.14,0.05,-0.5,0.0,,,,,,,
2020-05-30,,0.05,-0.5,0.0,,,,,,,
2020-05-31,,0.05,-0.5,0.0,,,,,,,
2020-06-01,0.14,0.05,-0.5,0.0,-0.042,0.19,0.1925,-0.084714,-0.6658145,-0.376,0.2
2020-06-02,0.15,0.06,-0.5,0.0,,,,,,,
2020-06-03,0.16,0.06,-0.5,0.0,,,,,,,
2020-06-04,0.15,0.06,-0.5,0.0,,,,,,,
2020-06-05,0.15,0.07,-0.5,0.0,,,,,,,
2020-06-06,,0.07,-0.5,0.0,,,,,,,
2020-06-07,,0.07,-0.5,0.0,,,,,,,
2020-06-08,0.17,0.07,-0.5,0.0,,,,,,,
2020-06-09,0.19,0.07,-0.5,0.0,,,,,,,
2020-06-10,0.17,0.08,-0.5,0.0,,,,,,,
2020-06-11,0.17,0.08,-0.5,0.0,,,,,,,
2020-06-12,0.16,0.08,-0.5,0.0,,,,,,,
2020-06-13,,0.08,-0.5,0.0,,,,,,,
2020-06-14,,0.08,-0.5,0.0,,,,,,,
2020-06-15,0.18,0.09,-0.5,0.0,,,,,,,
2020-06-16,0.17,0.09,-0.5,0.0,,,,,,,
2020-06-17,0.17,0.09,-0.5,0.0,,,,,,,
2020-06-18,0.16,0.09,-0.5,0.0,,,,,,,
2020-06-19,0.15,0.09,-0.5,0.0,,,,,,,
2020-06-20,,0.09,-0.5,0.0,,,,,,,
2020-06-21,,0.09,-0.5,0.0,,,,,,,
2020-06-22,0.16,0.08,-0.5,0.0,,,,,,,
2020-06-23,0.16,0.08,-0.5,0.0,,,,,,,
2020-06-24,0.15,0.08,-0.5,0.0,,,,,,,
2020-06-25,0.16,0.08,-0.5,0.0,,,,,,,
2020-06-26,0.14,0.08,-0.5,0.0,,,,,,,
2020-06-27,,0.08,-0.5,0.0,,,,,,,
2020-06-28,,0.08,-0.5,0.0,,,,,,,
2020-06-29,0.14,0.08,-0.5,0.0,,,,,,,
2020-06-30,0.16,0.08,-0.5,0.0,,,,,,,
2020-07-01,0.14,0.08,-0.5,0.0,-0.065,0.1,0.18,-0.084522,-0.69071347826087,-0.444130434782609,0.18
2020-07-02,0.14,0.09,-0.5,0.0,,,,,,,
2020-07-03,,0.09,-0.5,0.0,,,,,,,
2020-07-04,,0.09,-0.5,0.0,,,,,,,
2020-07-05,,0.09,-0.5,0.0,,,,,,,
2020-07-06,0.15,0.09,-0.5,0.0,,,,,,,
2020-07-07,0.15,0.09,-0.5,0.0,,,,,,,
2020-07-08,0.15,0.09,-0.5,0.0,,,,,,,
2020-07-09,0.13,0.09,-0.5,0.0,,,,,,,
2020-07-10,0.13,0.09,-0.5,0.0,,,,,,,
2020-07-11,,0.09,-0.5,0.0,,,,,,,
2020-07-12,,0.09,-0.5,0.0,,,,,,,
2020-07-13,0.14,0.09,-0.5,0.0,,,,,,,
2020-07-14,0.15,0.09,-0.5,0.0,,,,,,,
2020-07-15,0.16,0.1,-0.5,0.0,,,,,,,
2020-07-16,0.11,0.1,-0.5,0.0,,,,,,,
2020-07-17,0.11,0.09,-0.5,0.0,,,,,,,
2020-07-18,,0.09,-0.5,0.0,,,,,,,
2020-07-19,,0.09,-0.5,0.0,,,,,,,
2020-07-20,0.13,0.1,-0.5,0.0,,,,,,,
2020-07-21,0.13,0.1,-0.5,0.0,,,,,,,
2020-07-22,0.13,0.09,-0.5,0.0,,,,,,,
2020-07-23,0.12,0.09,-0.5,0.0,,,,,,,
2020-07-24,0.11,0.09,-0.5,0.0,,,,,,,
2020-07-25,,0.09,-0.5,0.0,,,,,,,
2020-07-26,,0.09,-0.5,0.0,,,,,,,
2020-07-27,0.11,0.1,-0.5,0.0,,,,,,,
2020-07-28,0.11,0.1,-0.5,0.0,,,,,,,
2020-07-29,0.11,0.1,-0.5,0.0,,,,,,,
2020-07-30,0.09,0.1,-0.5,0.0,,,,,,,
2020-07-31,0.09,0.1,-0.5,0.0,,,,,,,
2020-08-01,,0.1,-0.5,0.0,-0.065,0.07,0.1575,-0.11924,-0.706807142857143,-0.479714285714286,0.15
2020-08-02,,0.1,-0.5,0.0,,,,,,,
2020-08-03,0.1,0.1,-0.5,0.0,,,,,,,
2020-08-04,0.09,0.1,-0.5,0.0,,,,,,,
2020-08-05,0.1,0.1,-0.5,0.0,,,,,,,
2020-08-06,0.1,0.1,-0.5,0.0,,,,,,,
2020-08-07,0.1,0.1,-0.5,0.0,,,,,,,
2020-08-08,,0.1,-0.5,0.0,,,,,,,
2020-08-09,,0.1,-0.5,0.0,,,,,,,
2020-08-10,0.11,0.1,-0.5,0.0,,,,,,,
2020-08-11,0.11,0.1,-0.5,0.0,,,,,,,
2020-08-12,0.11,0.1,-0.5,0.0,,,,,,,
2020-08-13,0.1,0.1,-0.5,0.0,,,,,,,
2020-08-14,0.1,0.1,-0.5,0.0,,,,,,,
2020-08-15,,0.1,-0.5,0.0,,,,,,,
2020-08-16,,0.1,-0.5,0.0,,,,,,,
2020-08-17,0.1,0.1,-0.5,0.0,,,,,,,
2020-08-18,0.09,0.09,-0.5,0.0,,,,,,,
2020-08-19,0.11,0.09,-0.5,0.0,,,,,,,
2020-08-20,0.11,0.09,-0.5,0.0,,,,,,,
2020-08-21,0.1,0.09,-0.5,0.0,,,,,,,
2020-08-22,,0.09,-0.5,0.0,,,,,,,
2020-08-23,,0.09,-0.5,0.0,,,,,,,
2020-08-24,0.12,0.09,-0.5,0.0,,,,,,,
2020-08-25,0.11,0.09,-0.5,0.0,,,,,,,
2020-08-26,0.11,0.09,-0.5,0.0,,,,,,,
2020-08-27,0.11,0.08,-0.5,0.0,,,,,,,
2020-08-28,0.1,0.09,-0.5,0.0,,,,,,,
2020-08-29,,0.09,-0.5,0.0,,,,,,,
2020-08-30,,0.09,-0.5,0.0,,,,,,,
2020-08-31,0.11,0.09,-0.5,0.0,,,,,,,
2020-09-01,0.12,0.09,-0.5,0.0,-0.055,0.06,0.142,-0.13068,-0.708714090909091,-0.491363636363636,0.13
2020-09-02,0.12,0.09,-0.5,0.0,,,,,,,
2020-09-03,0.11,0.09,-0.5,0.0,,,,,,,
2020-09-04,0.11,0.09,-0.5,0.0,,,,,,,
2020-09-05,,0.09,-0.5,0.0,,,,,,,
2020-09-06,,0.09,-0.5,0.0,,,,,,,
2020-09-07,,0.09,-0.5,0.0,,,,,,,
2020-09-08,0.13,0.09,-0.5,0.0,,,,,,,
2020-09-09,0.12,0.09,-0.5,0.0,,,,,,,
2020-09-10,0.12,0.09,-0.5,0.0,,,,,,,
2020-09-11,0.11,0.09,-0.5,0.0,,,,,,,
2020-09-12,,0.09,-0.5,0.0,,,,,,,
2020-09-13,,0.09,-0.5,0.0,,,,,,,
2020-09-14,0.11,0.09,-0.5,0.0,,,,,,,
2020-09-15,0.11,0.09,-0.5,0.0,,,,,,,
2020-09-16,0.12,0.09,-0.5,0.0,,,,,,,
2020-09-17,0.09,0.09,-0.5,0.0,,,,,,,
2020-09-18,0.1,0.09,-0.5,0.0,,,,,,,
2020-09-19,,0.09,-0.5,0.0,,,,,,,
2020-09-20,,0.09,-0.5,0.0,,,,,,,
2020-09-21,0.1,0.09,-0.5,0.0,,,,,,,
2020-09-22,0.1,0.09,-0.5,0.0,,,,,,,
2020-09-23,0.11,0.09,-0.5,0.0,,,,,,,
2020-09-24,0.1,0.09,-0.5,0.0,,,,,,,
2020-09-25,0.1,0.09,-0.5,0.0,,,,,,,
2020-09-26,,0.09,-0.5,0.0,,,,,,,
2020-09-27,,0.09,-0.5,0.0,,,,,,,
2020-09-28,0.11,0.09,-0.5,0.0,,,,,,,
2020-09-29,0.09,0.09,-0.5,0.0,,,,,,,
2020-09-30,0.1,0.09,-0.5,0.0,,,,,,,
2020-10-01,0.09,0.09,-0.5,0.0,-0.055,0.05,0.1,-0.1285,-0.698181818181818,-0.509136363636364,0.12
2020-10-02,0.09,0.09,-0.5,0.0,,,,,,,
2020-10-03,,0.09,-0.5,0.0,,,,,,,
2020-10-04,,0.09,-0.5,0.0,,,,,,,
2020-10-05,0.1,0.09,-0.5,0.0,,,,,,,
2020-10-06,0.1,0.09,-0.5,0.0,,,,,,,
2020-10-07,0.1,0.09,-0.5,0.0,,,,,,,
2020-10-08,0.09,0.09,-0.5,0.0,,,,,,,
2020-10-09,0.1,0.09,-0.5,0.0,,,,,,,
2020-10-10,,0.09,-0.5,0.0,,,,,,,
2020-10-11,,0.09,-0.5,0.0,,,,,,,
2020-10-12,,0.09,-0.5,0.0,,,,,,,
2020-10-13,0.11,0.09,-0.5,0.0,,,,,,,
2020-10-14,0.12,0.09,-0.5,0.0,,,,,,,
2020-10-15,0.11,0.09,-0.5,0.0,,,,,,,
2020-10-16,0.11,0.09,-0.5,0.0,,,,,,,
2020-10-17,,0.09,-0.5,0.0,,,,,,,
2020-10-18,,0.09,-0.5,0.0,,,,,,,
2020-10-19,0.11,0.09,-0.5,0.0,,,,,,,
2020-10-20,0.1,0.09,-0.5,0.0,,,,,,,
2020-10-21,0.1,0.09,-0.5,0.0,,,,,,,
2020-10-22,0.09,0.09,-0.5,0.0,,,,,,,
2020-10-23,0.1,0.09,-0.5,0.0,,,,,,,
2020-10-24,,0.09,-0.5,0.0,,,,,,,
2020-10-25,,0.09,-0.5,0.0,,,,,,,
2020-10-26,0.11,0.09,-0.5,0.0,,,,,,,
2020-10-27,0.1,0.09,-0.5,0.0,,,,,,,
2020-10-28,0.1,0.09,-0.5,0.0,,,,,,,
2020-10-29,0.09,0.09,-0.5,0.0,,,,,,,
2020-10-30,0.09,0.09,-0.5,0.0,,,,,,,
2020-10-31,,0.09,-0.5,0.0,,,,,,,
2020-11-01,,0.09,-0.5,0.0,-0.055,0.04,0.1075,-0.12448,-0.73,-0.520857142857143,0.16
2020-11-02,0.09,0.09,-0.5,0.0,,,,,,,
2020-11-03,0.1,0.09,-0.5,0.0,,,,,,,
2020-11-04,0.1,0.09,-0.5,0.0,,,,,,,
2020-11-05,0.1,0.09,-0.5,0.0,,,,,,,
2020-11-06,0.1,0.09,-0.5,0.0,,,,,,,
2020-11-07,,0.09,-0.5,0.0,,,,,,,
2020-11-08,,0.09,-0.5,0.0,,,,,,,
2020-11-09,0.11,0.09,-0.5,0.0,,,,,,,
2020-11-10,0.1,0.09,-0.5,0.0,,,,,,,
2020-11-11,,0.09,-0.5,0.0,,,,,,,
2020-11-12,0.1,0.09,-0.5,0.0,,,,,,,
2020-11-13,0.09,0.09,-0.5,0.0,,,,,,,
2020-11-14,,0.09,-0.5,0.0,,,,,,,
2020-11-15,,0.09,-0.5,0.0,,,,,,,
2020-11-16,0.09,0.09,-0.5,0.0,,,,,,,
2020-11-17,0.09,0.09,-0.5,0.0,,,,,,,
2020-11-18,0.09,0.09,-0.5,0.0,,,,,,,
2020-11-19,0.07,0.08,-0.5,0.0,,,,,,,
2020-11-20,0.07,0.08,-0.5,0.0,,,,,,,
2020-11-21,,0.08,-0.5,0.0,,,,,,,
2020-11-22,,0.08,-0.5,0.0,,,,,,,
2020-11-23,0.08,0.08,-0.5,0.0,,,,,,,
2020-11-24,0.09,0.08,-0.5,0.0,,,,,,,
2020-11-25,0.09,0.08,-0.5,0.0,,,,,,,
2020-11-26,,0.08,-0.5,0.0,,,,,,,
2020-11-27,0.09,0.08,-0.5,0.0,,,,,,,
2020-11-28,,0.08,-0.5,0.0,,,,,,,
2020-11-29,,0.08,-0.5,0.0,,,,,,,
2020-11-30,0.08,0.09,-0.5,0.0,,,,,,,
2020-12-01,0.09,0.09,-0.5,0.0,-0.055,0.03,0.106,-0.18255,-0.742727272727273,-0.538090909090909,0.17
2020-12-02,0.09,0.09,-0.5,0.0,,,,,,,
2020-12-03,0.08,0.09,-0.5,0.0,,,,,,,
2020-12-04,0.09,0.09,-0.5,0.0,,,,,,,
2020-12-05,,0.09,-0.5,0.0,,,,,,,
2020-12-06,,0.09,-0.5,0.0,,,,,,,
2020-12-07,0.08,0.09,-0.5,0.0,,,,,,,
2020-12-08,0.09,0.09,-0.5,0.0,,,,,,,
2020-12-09,0.08,0.09,-0.5,0.0,,,,,,,
2020-12-10,0.08,0.09,-0.5,0.0,,,,,,,
2020-12-11,0.08,0.09,-0.5,0.0,,,,,,,
2020-12-12,,0.09,-0.5,0.0,,,,,,,
2020-12-13,,0.09,-0.5,0.0,,,,,,,
2020-12-14,0.09,0.09,-0.5,0.0,,,,,,,
2020-12-15,0.08,0.09,-0.5,0.0,,,,,,,
2020-12-16,0.09,0.09,-0.5,0.0,,,,,,,
2020-12-17,0.08,0.09,-0.5,0.0,,,,,,,
2020-12-18,0.08,0.09,-0.5,0.0,,,,,,,
2020-12-19,,0.09,-0.5,0.0,,,,,,,
2020-12-20,,0.09,-0.5,0.0,,,,,,,
2020-12-21,0.09,0.09,-0.5,0.0,,,,,,,
2020-12-22,0.09,0.09,-0.5,0.0,,,,,,,
2020-12-23,0.09,0.09,-0.5,0.0,,,,,,,
2020-12-24,0.09,0.09,-0.5,0.0,,,,,,,
2020-12-25,,0.09,-0.5,0.0,,,,,,,
2020-12-26,,0.09,-0.5,0.0,,,,,,,
2020-12-27,,0.09,-0.5,0.0,,,,,,,
2020-12-28,0.11,0.09,-0.5,0.0,,,,,,,
2020-12-29,0.1,0.09,-0.5,0.0,,,,,,,
2020-12-30,0.08,0.09,-0.5,0.0,,,,,,,
2020-12-31,0.09,0.09,-0.5,0.0,,,,,,,
2021-01-01,,0.09,-0.5,0.0,-0.055,0.03,0.0575,-0.15042,-0.729838,-0.54715,0.14
2021-01-02,,0.09,-0.5,0.0,,,,,,,
2021-01-03,,0.09,-0.5,0.0,,,,,,,
2021-01-04,0.09,0.09,-0.5,0.0,,,,,,,
2021-01-05,0.09,0.09,-0.5,0.0,,,,,,,
2021-01-06,0.09,0.09,-0.5,0.0,,,,,,,
2021-01-07,0.09,0.09,-0.5,0.0,,,,,,,
2021-01-08,0.08,0.09,-0.5,0.0,,,,,,,
2021-01-09,,0.09,-0.5,0.0,,,,,,,
2021-01-10,,0.09,-0.5,0.0,,,,,,,
2021-01-11,0.08,0.09,-0.5,0.0,,,,,,,
2021-01-12,0.09,0.09,-0.5,0.0,,,,,,,
2021-01-13,0.09,0.09,-0.5,0.0,,,,,,,
2021-01-14,0.09,0.09,-0.5,0.0,,,,,,,
2021-01-15,0.09,0.09,-0.5,0.0,,,,,,,
2021-01-16,,0.09,-0.5,0.0,,,,,,,
2021-01-17,,0.09,-0.5,0.0,,,,,,,
2021-01-18,,0.09,-0.5,0.0,,,,,,,
2021-01-19,0.09,0.09,-0.5,0.0,,,,,,,
2021-01-20,0.08,0.09,-0.5,0.0,,,,,,,
2021-01-21,0.09,0.08,-0.5,0.0,,,,,,,
2021-01-22,0.08,0.08,-0.5,0.0,,,,,,,
2021-01-23,,0.08,-0.5,0.0,,,,,,,
2021-01-24,,0.08,-0.5,0.0,,,,,,,
2021-01-25,0.09,0.08,-0.5,0.0,,,,,,,
2021-01-26,0.07,0.08,-0.5,0.0,,,,,,,
2021-01-27,0.08,0.08,-0.5,0.0,,,,,,,
2021-01-28,0.07,0.07,-0.5,0.0,,,,,,,
2021-01-29,0.06,0.07,-0.5,0.0,,,,,,,
2021-01-30,,0.07,-0.5,0.0,,,,,,,
2021-01-31,,0.07,-0.5,0.0,,,,,,,
2021-02-01,0.07,0.08,-0.5,0.0,-0.055,0.05,0.0825,-0.1313,-0.732424,-0.5411,0.11
2021-02-02,0.07,0.08,-0.5,0.0,,,,,,,
2021-02-03,0.04,0.08,-0.5,0.0,,,,,,,
2021-02-04,0.04,0.08,-0.5,0.0,,,,,,,
2021-02-05,0.03,0.08,-0.5,0.0,,,,,,,
2021-02-06,,0.08,-0.5,0.0,,,,,,,
2021-02-07,,0.08,-0.5,0.0,,,,,,,
2021-02-08,0.05,0.07,-0.5,0.0,,,,,,,
2021-02-09,0.04,0.08,-0.5,0.0,,,,,,,
2021-02-10,0.05,0.08,-0.5,0.0,,,,,,,
2021-02-11,0.05,0.08,-0.5,0.0,,,,,,,
2021-02-12,0.04,0.08,-0.5,0.0,,,,,,,
2021-02-13,,0.08,-0.5,0.0,,,,,,,
2021-02-14,,0.08,-0.5,0.0,,,,,,,
2021-02-15,,0.08,-0.5,0.0,,,,,,,
2021-02-16,0.04,0.08,-0.5,0.0,,,,,,,
2021-02-17,0.04,0.08,-0.5,0.0,,,,,,,
2021-02-18,0.03,0.07,-0.5,0.0,,,,,,,
2021-02-19,0.04,0.07,-0.5,0.0,,,,,,,
2021-02-20,,0.07,-0.5,0.0,,,,,,,
2021-02-21,,0.07,-0.5,0.0,,,,,,,
2021-02-22,0.03,0.07,-0.5,0.0,,,,,,,
2021-02-23,0.04,0.07,-0.5,0.0,,,,,,,
2021-02-24,0.03,0.07,-0.5,0.0,,,,,,,
2021-02-25,0.04,0.07,-0.5,0.0,,,,,,,
2021-02-26,0.04,0.07,-0.5,0.0,,,,,,,
2021-02-27,,0.07,-0.5,0.0,,,,,,,
2021-02-28,,0.07,-0.5,0.0,,,,,,,
2021-03-01,0.05,0.07,-0.5,0.0,-0.065,0.08,0.106,-0.15965,-0.73,-0.539086956521739,0.1
2021-03-02,0.04,0.07,-0.5,0.0,,,,,,,
2021-03-03,0.05,0.07,-0.5,0.0,,,,,,,
2021-03-04,0.04,0.07,-0.5,0.0,,,,,,,
2021-03-05,0.04,0.07,-0.5,0.0,,,,,,,
2021-03-06,,0.07,-0.5,0.0,,,,,,,
2021-03-07,,0.07,-0.5,0.0,,,,,,,
2021-03-08,0.05,0.07,-0.5,0.0,,,,,,,
2021-03-09,0.05,0.07,-0.5,0.0,,,,,,,
2021-03-10,0.04,0.07,-0.5,0.0,,,,,,,
2021-03-11,0.04,0.07,-0.5,0.0,,,,,,,
2021-03-12,0.04,0.07,-0.5,0.0,,,,,,,
2021-03-13,,0.07,-0.5,0.0,,,,,,,
2021-03-14,,0.07,-0.5,0.0,,,,,,,
2021-03-15,0.04,0.07,-0.5,0.0,,,,,,,
2021-03-16,0.02,0.07,-0.5,0.0,,,,,,,
2021-03-17,0.02,0.07,-0.5,0.0,,,,,,,
2021-03-18,0.01,0.07,-0.5,0.0,,,,,,,
2021-03-19,0.01,0.07,-0.5,0.0,,,,,,,
2021-03-20,,0.07,-0.5,0.0,,,,,,,
2021-03-21,,0.07,-0.5,0.0,,,,,,,
2021-03-22,0.03,0.07,-0.5,0.0,,,,,,,
2021-03-23,0.01,0.07,-0.5,0.0,,,,,,,
2021-03-24,0.02,0.07,-0.5,0.0,,,,,,,
2021-03-25,0.02,0.07,-0.5,0.0,,,,,,,
2021-03-26,0.02,0.07,-0.5,0.0,,,,,,,
2021-03-27,,0.07,-0.5,0.0,,,,,,,
2021-03-28,,0.07,-0.5,0.0,,,,,,,
2021-03-29,0.03,0.07,-0.5,0.0,,,,,,,
2021-03-30,0.02,0.07,-0.5,0.0,,,,,,,
2021-03-31,0.03,0.06,-0.5,0.0,,,,,,,
2021-04-01,0.02,0.07,-0.5,0.0,-0.065,0.09,0.0925,-0.14671,-0.7285415,-0.53815,0.11
2021-04-02,0.02,0.07,-0.5,0.0,,,,,,,
2021-04-03,,0.07,-0.5,0.0,,,,,,,
2021-04-04,,0.07,-0.5,0.0,,,,,,,
2021-04-05,0.03,0.07,-0.5,0.0,,,,,,,
2021-04-06,0.02,0.07,-0.5,0.0,,,,,,,
2021-04-07,0.02,0.07,-0.5,0.0,,,,,,,
2021-04-08,0.01,0.07,-0.5,0.0,,,,,,,
2021-04-09,0.02,0.07,-0.5,0.0,,,,,,,
2021-04-10,,0.07,-0.5,0.0,,,,,,,
2021-04-11,,0.07,-0.5,0.0,,,,,,,
2021-04-12,0.02,0.07,-0.5,0.0,,,,,,,
2021-04-13,0.03,0.07,-0.5,0.0,,,,,,,
2021-04-14,0.02,0.07,-0.5,0.0,,,,,,,
2021-04-15,0.02,0.07,-0.5,0.0,,,,,,,
2021-04-16,0.02,0.07,-0.5,0.0,,,,,,,
2021-04-17,,0.07,-0.5,0.0,,,,,,,
2021-04-18,,0.07,-0.5,0.0,,,,,,,
2021-04-19,0.02,0.07,-0.5,0.0,,,,,,,
2021-04-20,0.03,0.07,-0.5,0.0,,,,,,,
2021-04-21,0.03,0.07,-0.5,0.0,,,,,,,
2021-04-22,0.03,0.07,-0.5,0.0,,,,,,,
2021-04-23,0.03,0.07,-0.5,0.0,,,,,,,
2021-04-24,,0.07,-0.5,0.0,,,,,,,
2021-04-25,,0.07,-0.5,0.0,,,,,,,
2021-04-26,0.03,0.07,-0.5,0.0,,,,,,,
2021-04-27,0.01,0.07,-0.5,0.0,,,,,,,
2021-04-28,0.01,0.07,-0.5,0.0,,,,,,,
2021-04-29,0.01,0.06,-0.5,0.0,,,,,,,
2021-04-30,0.01,0.05,-0.5,0.0,,,,,,,
2021-05-01,,0.05,-0.5,0.0,-0.065,0.08,0.0975,-0.1519,-0.735221052631579,-0.540095238095238,0.1
2021-05-02,,0.05,-0.5,0.0,,,,,,,
2021-05-03,0.04,0.06,-0.5,0.0,,,,,,,
2021-05-04,0.02,0.06,-0.5,0.0,,,,,,,
2021-05-05,0.02,0.06,-0.5,0.0,,,,,,,
2021-05-06,0.02,0.06,-0.5,0.0,,,,,,,
2021-05-07,0.02,0.06,-0.5,0.0,,,,,,,
2021-05-08,,0.06,-0.5,0.0,,,,,,,
2021-05-09,,0.06,-0.5,0.0,,,,,,,
2021-05-10,0.02,0.06,-0.5,0.0,,,,,,,
2021-05-11,0.01,0.06,-0.5,0.0,,,,,,,
2021-05-12,0.02,0.06,-0.5,0.0,,,,,,,
2021-05-13,0.02,0.06,-0.5,0.0,,,,,,,
2021-05-14,0.01,0.06,-0.5,0.0,,,,,,,
2021-05-15,,0.06,-0.5,0.0,,,,,,,
2021-05-16,,0.06,-0.5,0.0,,,,,,,
2021-05-17,0.02,0.06,-0.5,0.0,,,,,,,
2021-05-18,0.02,0.06,-0.5,0.0,,,,,,,
2021-05-19,0.01,0.06,-0.5,0.0,,,,,,,
2021-05-20,0.01,0.06,-0.5,0.0,,,,,,,
2021-05-21,0.01,0.06,-0.5,0.0,,,,,,,
2021-05-22,,0.06,-0.5,0.0,,,,,,,
2021-05-23,,0.06,-0.5,0.0,,,,,,,
2021-05-24,0.02,0.06,-0.5,0.0,,,,,,,
2021-05-25,0.02,0.06,-0.5,0.0,,,,,,,
2021-05-26,0.02,0.06,-0.5,0.0,,,,,,,
2021-05-27,0.02,0.06,-0.5,0.0,,,,,,,
2021-05-28,0.01,0.05,-0.5,0.0,,,,,,,
2021-05-29,,0.05,-0.5,0.0,,,,,,,
2021-05-30,,0.05,-0.5,0.0,,,,,,,
2021-05-31,,0.05,-0.5,0.0,,,,,,,
2021-06-01,0.02,0.06,-0.5,0.0,-0.072,0.08,0.128,-0.15881,-0.737727272727273,-0.542909090909091,0.09
2021-06-02,0.02,0.06,-0.5,0.0,,,,,,,
2021-06-03,0.02,0.06,-0.5,0.0,,,,,,,
2021-06-04,0.02,0.06,-0.5,0.0,,,,,,,
2021-06-05,,0.06,-0.5,0.0,,,,,,,
2021-06-06,,0.06,-0.5,0.0,,,,,,,
2021-06-07,0.02,0.06,-0.5,0.0,,,,,,,
2021-06-08,0.02,0.06,-0.5,0.0,,,,,,,
2021-06-09,0.03,0.06,-0.5,0.0,,,,,,,
2021-06-10,0.03,0.06,-0.5,0.0,,,,,,,
2021-06-11,0.03,0.06,-0.5,0.0,,,,,,,
2021-06-12,,0.06,-0.5,0.0,,,,,,,
2021-06-13,,0.06,-0.5,0.0,,,,,,,
2021-06-14,0.03,0.06,-0.5,0.0,,,,,,,
2021-06-15,0.03,0.06,-0.5,0.0,,,,,,,
2021-06-16,0.04,0.06,-0.5,0.0,,,,,,,
2021-06-17,0.04,0.1,-0.5,0.0,,,,,,,
2021-06-18,0.05,0.1,-0.5,0.0,,,,,,,
2021-06-19,,0.1,-0.5,0.0,,,,,,,
2021-06-20,,0.1,-0.5,0.0,,,,,,,
2021-06-21,0.05,0.1,-0.5,0.0,,,,,,,
2021-06-22,0.04,0.1,-0.5,0.0,,,,,,,
2021-06-23,0.05,0.1,-0.5,0.0,,,,,,,
2021-06-24,0.05,0.1,-0.5,0.0,,,,,,,
2021-06-25,0.06,0.1,-0.5,0.0,,,,,,,
2021-06-26,,0.1,-0.5,0.0,,,,,,,
2021-06-27,,0.1,-0.5,0.0,,,,,,,
2021-06-28,0.05,0.1,-0.5,0.0,,,,,,,
2021-06-29,0.04,0.1,-0.5,0.0,,,,,,,
2021-06-30,0.05,0.08,-0.5,0.0,,,,,,,
2021-07-01,0.05,0.1,-0.5,0.0,-0.072,0.08,0.1675,-0.15514,-0.736136363636364,-0.544818181818182,0.1
2021-07-02,0.05,0.1,-0.5,0.0,,,,,,,
2021-07-03,,0.1,-0.5,0.0,,,,,,,
2021-07-04,,0.1,-0.5,0.0,,,,,,,
2021-07-05,,0.1,-0.5,0.0,,,,,,,
2021-07-06,0.05,0.1,-0.5,0.0,,,,,,,
2021-07-07,0.05,0.1,-0.5,0.0,,,,,,,
2021-07-08,0.06,0.1,-0.5,0.0,,,,,,,
2021-07-09,0.06,0.1,-0.5,0.0,,,,,,,
2021-07-10,,0.1,-0.5,0.0,,,,,,,
2021-07-11,,0.1,-0.5,0.0,,,,,,,
2021-07-12,0.05,0.1,-0.5,0.0,,,,,,,
2021-07-13,0.05,0.1,-0.5,0.0,,,,,,,
2021-07-14,0.06,0.1,-0.5,0.0,,,,,,,
2021-07-15,0.05,0.1,-0.5,0.0,,,,,,,
2021-07-16,0.05,0.1,-0.5,0.0,,,,,,,
2021-07-17,,0.1,-0.5,0.0,,,,,,,
2021-07-18,,0.1,-0.5,0.0,,,,,,,
2021-07-19,0.05,0.1,-0.5,0.0,,,,,,,
2021-07-20,0.05,0.1,-0.5,0.0,,,,,,,
2021-07-21,0.05,0.1,-0.5,0.0,,,,,,,
2021-07-22,0.05,0.1,-0.5,0.0,,,,,,,
2021-07-23,0.05,0.1,-0.5,0.0,,,,,,,
2021-07-24,,0.1,-0.5,0.0,,,,,,,
2021-07-25,,0.1,-0.5,0.0,,,,,,,
2021-07-26,0.05,0.1,-0.5,0.0,,,,,,,
2021-07-27,0.05,0.1,-0.5,0.0,,,,,,,
2021-07-28,0.05,0.1,-0.5,0.0,,,,,,,
2021-07-29,0.06,0.1,-0.5,0.0,,,,,,,
2021-07-30,0.06,0.07,-0.5,0.0,,,,,,,
2021-07-31,,0.07,-0.5,0.0,,,,,,,
2021-08-01,,0.07,-0.5,0.0,-0.072,0.07,0.1775,-0.16214,-0.738181818181818,-0.547590909090909,0.1
2021-08-02,0.05,0.1,-0.5,0.0,,,,,,,
2021-08-03,0.05,0.1,-0.5,0.0,,,,,,,
2021-08-04,0.05,0.1,-0.5,0.0,,,,,,,
2021-08-05,0.05,0.1,-0.5,0.0,,,,,,,
2021-08-06,0.06,0.1,-0.5,0.0,,,,,,,
2021-08-07,,0.1,-0.5,0.0,,,,,,,
2021-08-08,,0.1,-0.5,0.0,,,,,,,
2021-08-09,0.06,0.1,-0.5,0.0,,,,,,,
2021-08-10,0.05,0.1,-0.5,0.0,,,,,,,
2021-08-11,0.05,0.1,-0.5,0.0,,,,,,,
2021-08-12,0.06,0.1,-0.5,0.0,,,,,,,
2021-08-13,0.06,0.1,-0.5,0.0,,,,,,,
2021-08-14,,0.1,-0.5,0.0,,,,,,,
2021-08-15,,0.1,-0.5,0.0,,,,,,,
2021-08-16,0.06,0.1,-0.5,0.0,,,,,,,
2021-08-17,0.07,0.1,-0.5,0.0,,,,,,,
2021-08-18,0.07,0.09,-0.5,0.0,,,,,,,
2021-08-19,0.06,0.09,-0.5,0.0,,,,,,,
2021-08-20,0.05,0.09,-0.5,0.0,,,,,,,
2021-08-21,,0.09,-0.5,0.0,,,,,,,
2021-08-22,,0.09,-0.5,0.0,,,,,,,
2021-08-23,0.05,0.09,-0.5,0.0,,,,,,,
2021-08-24,0.05,0.09,-0.5,0.0,,,,,,,
2021-08-25,0.06,0.09,-0.5,0.0,,,,,,,
2021-08-26,0.05,0.09,-0.5,0.0,,,,,,,
2021-08-27,0.05,0.08,-0.5,0.0,,,,,,,
2021-08-28,,0.08,-0.5,0.0,,,,,,,
2021-08-29,,0.08,-0.5,0.0,,,,,,,
2021-08-30,0.05,0.08,-0.5,0.0,,,,,,,
2021-08-31,0.04,0.06,-0.5,0.0,,,,,,,
2021-09-01,0.05,0.08,-0.5,0.0,-0.072,0.07,0.132,-0.17082,-0.82,-0.545045454545454,0.1
2021-09-02,0.05,0.08,-0.5,0.0,,,,,,,
2021-09-03,0.05,0.08,-0.5,0.0,,,,,,,
2021-09-04,,0.08,-0.5,0.0,,,,,,,
2021-09-05,,0.08,-0.5,0.0,,,,,,,
2021-09-06,,0.08,-0.5,0.0,,,,,,,
2021-09-07,0.05,0.08,-0.5,0.0,,,,,,,
2021-09-08,0.05,0.08,-0.5,0.0,,,,,,,
2021-09-09,0.04,0.08,-0.5,0.0,,,,,,,
2021-09-10,0.05,0.08,-0.5,0.0,,,,,,,
2021-09-11,,0.08,-0.5,0.0,,,,,,,
2021-09-12,,0.08,-0.5,0.0,,,,,,,
2021-09-13,0.06,0.08,-0.5,0.0,,,,,,,
2021-09-14,0.04,0.08,-0.5,0.0,,,,,,,
2021-09-15,0.04,0.08,-0.5,0.0,,,,,,,
2021-09-16,0.04,0.08,-0.5,0.0,,,,,,,
2021-09-17,0.04,0.08,-0.5,0.0,,,,,,,
2021-09-18,,0.08,-0.5,0.0,,,,,,,
2021-09-19,,0.08,-0.5,0.0,,,,,,,
2021-09-20,0.04,0.08,-0.5,0.0,,,,,,,
2021-09-21,0.03,0.08,-0.5,0.0,,,,,,,
2021-09-22,0.03,0.08,-0.5,0.0,,,,,,,
2021-09-23,0.03,0.08,-0.5,0.0,,,,,,,
2021-09-24,0.03,0.08,-0.5,0.0,,,,,,,
2021-09-25,,0.08,-0.5,0.0,,,,,,,
2021-09-26,,0.08,-0.5,0.0,,,,,,,
2021-09-27,0.04,0.08,-0.5,0.0,,,,,,,
2021-09-28,0.04,0.08,-0.5,0.0,,,,,,,
2021-09-29,0.04,0.08,-0.5,0.0,,,,,,,
2021-09-30,0.04,0.06,-0.5,0.0,,,,,,,
2021-10-01,0.04,0.08,-0.5,0.0,-0.072,0.16,0.12,-0.21338,-0.726692380952381,-0.549809523809524,0.11
2021-10-02,,0.08,-0.5,0.0,,,,,,,
2021-10-03,,0.08,-0.5,0.0,,,,,,,
2021-10-04,0.04,0.08,-0.5,0.0,,,,,,,
2021-10-05,0.04,0.08,-0.5,0.0,,,,,,,
2021-10-06,0.04,0.08,-0.5,0.0,,,,,,,
2021-10-07,0.05,0.08,-0.5,0.0,,,,,,,
2021-10-08,0.05,0.08,-0.5,0.0,,,,,,,
2021-10-09,,0.08,-0.5,0.0,,,,,,,
2021-10-10,,0.08,-0.5,0.0,,,,,,,
2021-10-11,,0.08,-0.5,0.0,,,,,,,
2021-10-12,0.06,0.08,-0.5,0.0,,,,,,,
2021-10-13,0.05,0.08,-0.5,0.0,,,,,,,
2021-10-14,0.05,0.08,-0.5,0.0,,,,,,,
2021-10-15,0.05,0.08,-0.5,0.0,,,,,,,
2021-10-16,,0.08,-0.5,0.0,,,,,,,
2021-10-17,,0.08,-0.5,0.0,,,,,,,
2021-10-18,0.06,0.08,-0.5,0.0,,,,,,,
2021-10-19,0.05,0.08,-0.5,0.0,,,,,,,
2021-10-20,0.05,0.08,-0.5,0.0,,,,,,,
2021-10-21,0.06,0.08,-0.5,0.0,,,,,,,
2021-10-22,0.06,0.08,-0.5,0.0,,,,,,,
2021-10-23,,0.08,-0.5,0.0,,,,,,,
2021-10-24,,0.08,-0.5,0.0,,,,,,,
2021-10-25,0.06,0.08,-0.5,0.0,,,,,,,
2021-10-26,0.06,0.08,-0.5,0.0,,,,,,,
2021-10-27,0.06,0.08,-0.5,0.0,,,,,,,
2021-10-28,0.06,0.08,-0.5,0.0,,,,,,,
2021-10-29,0.05,0.07,-0.5,0.0,,,,,,,
2021-10-30,,0.07,-0.5,0.0,,,,,,,
2021-10-31,,0.07,-0.5,0.0,,,,,,,
2021-11-01,0.05,0.08,-0.5,0.0,-0.072,0.13,0.1175,-0.34709,-0.693960909090909,-0.567363636363636,0.14
2021-11-02,0.05,0.08,-0.5,0.0,,,,,,,
2021-11-03,0.05,0.08,-0.5,0.0,,,,,,,
2021-11-04,0.04,0.08,-0.5,0.0,,,,,,,
2021-11-05,0.05,0.08,-0.5,0.0,,,,,,,
2021-11-06,,0.08,-0.5,0.0,,,,,,,
2021-11-07,,0.08,-0.5,0.0,,,,,,,
2021-11-08,0.06,0.08,-0.5,0.0,,,,,,,
2021-11-09,0.04,0.08,-0.5,0.0,,,,,,,
2021-11-10,0.05,0.08,-0.5,0.0,,,,,,,
2021-11-11,,0.08,-0.5,0.0,,,,,,,
2021-11-12,0.05,0.08,-0.5,0.0,,,,,,,
2021-11-13,,0.08,-0.5,0.0,,,,,,,
2021-11-14,,0.08,-0.5,0.0,,,,,,,
2021-11-15,0.05,0.08,-0.5,0.0,,,,,,,
2021-11-16,0.05,0.08,-0.5,0.0,,,,,,,
2021-11-17,0.05,0.08,-0.5,0.0,,,,,,,
2021-11-18,0.05,0.08,-0.5,0.0,,,,,,,
2021-11-19,0.05,0.08,-0.5,0.0,,,,,,,
2021-11-20,,0.08,-0.5,0.0,,,,,,,
2021-11-21,,0.08,-0.5,0.0,,,,,,,
2021-11-22,0.05,0.08,-0.5,0.0,,,,,,,
2021-11-23,0.06,0.08,-0.5,0.0,,,,,,,
2021-11-24,0.06,0.08,-0.5,0.0,,,,,,,
2021-11-25,,0.08,-0.5,0.0,,,,,,,
2021-11-26,0.06,0.08,-0.5,0.0,,,,,,,
2021-11-27,,0.08,-0.5,0.0,,,,,,,
2021-11-28,,0.08,-0.5,0.0,,,,,,,
2021-11-29,0.06,0.08,-0.5,0.0,,,,,,,
2021-11-30,0.05,0.07,-0.5,0.0,,,,,,,
2021-12-01,0.06,0.08,-0.5,0.0,-0.049,0.16,0.078,-0.38467,-0.71745652173913,-0.58195652173913,0.17
2021-12-02,0.05,0.08,-0.5,0.0,,,,,,,
2021-12-03,0.06,0.08,-0.5,0.0,,,,,,,
2021-12-04,,0.08,-0.5,0.0,,,,,,,
2021-12-05,,0.08,-0.5,0.0,,,,,,,
2021-12-06,0.06,0.08,-0.5,0.0,,,,,,,
2021-12-07,0.06,0.08,-0.5,0.0,,,,,,,
2021-12-08,0.07,0.08,-0.5,0.0,,,,,,,
2021-12-09,0.06,0.08,-0.5,0.0,,,,,,,
2021-12-10,0.06,0.08,-0.5,0.0,,,,,,,
2021-12-11,,0.08,-0.5,0.0,,,,,,,
2021-12-12,,0.08,-0.5,0.0,,,,,,,
2021-12-13,0.05,0.08,-0.5,0.0,,,,,,,
2021-12-14,0.05,0.08,-0.5,0.0,,,,,,,
2021-12-15,0.06,0.08,-0.5,0.0,,,,,,,
2021-12-16,0.05,0.08,-0.5,0.0,,,,,,,
2021-12-17,0.05,0.08,-0.5,0.0,,,,,,,
2021-12-18,,0.08,-0.5,0.0,,,,,,,
2021-12-19,,0.08,-0.5,0.0,,,,,,,
2021-12-20,0.07,0.08,-0.5,0.0,,,,,,,
2021-12-21,0.07,0.08,-0.5,0.0,,,,,,,
2021-12-22,0.08,0.08,-0.5,0.0,,,,,,,
2021-12-23,0.08,0.08,-0.5,0.0,,,,,,,
2021-12-24,,0.08,-0.5,0.0,,,,,,,
2021-12-25,,0.08,-0.5,0.0,,,,,,,
2021-12-26,,0.08,-0.5,0.0,,,,,,,
2021-12-27,0.06,0.08,-0.5,0.0,,,,,,,
2021-12-28,0.06,0.08,-0.5,0.0,,,,,,,
2021-12-29,0.05,0.08,-0.5,0.0,,,,,,,
2021-12-30,0.05,0.08,-0.5,0.0,,,,,,,
2021-12-31,0.06,0.07,-0.5,0.0,,,,,,,
2022-01-01,,0.07,-0.5,0.0,-0.049,0.53,0.305,-0.16025,-0.714190952380952,-0.560142857142857,0.22
2022-01-02,,0.07,-0.5,0.0,,,,,,,
2022-01-03,0.09,0.08,-0.5,0.0,,,,,,,
2022-01-04,0.08,0.08,-0.5,0.0,,,,,,,
2022-01-05,0.09,0.08,-0.5,0.0,,,,,,,
2022-01-06,0.1,0.08,-0.5,0.0,,,,,,,
2022-01-07,0.1,0.08,-0.5,0.0,,,,,,,
2022-01-08,,0.08,-0.5,0.0,,,,,,,
2022-01-09,,0.08,-0.5,0.0,,,,,,,
2022-01-10,0.13,0.08,-0.5,0.0,,,,,,,
2022-01-11,0.12,0.08,-0.5,0.0,,,,,,,
2022-01-12,0.12,0.08,-0.5,0.0,,,,,,,
2022-01-13,0.12,0.08,-0.5,0.0,,,,,,,
2022-01-14,0.13,0.08,-0.5,0.0,,,,,,,
2022-01-15,,0.08,-0.5,0.0,,,,,,,
2022-01-16,,0.08,-0.5,0.0,,,,,,,
2022-01-17,,0.08,-0.5,0.0,,,,,,,
2022-01-18,0.17,0.08,-0.5,0.0,,,,,,,
2022-01-19,0.17,0.08,-0.5,0.0,,,,,,,
2022-01-20,0.18,0.08,-0.5,0.0,,,,,,,
2022-01-21,0.17,0.08,-0.5,0.0,,,,,,,
2022-01-22,,0.08,-0.5,0.0,,,,,,,
2022-01-23,,0.08,-0.5,0.0,,,,,,,
2022-01-24,0.2,0.08,-0.5,0.0,,,,,,,
2022-01-25,0.2,0.08,-0.5,0.0,,,,,,,
2022-01-26,0.19,0.08,-0.5,0.0,,,,,,,
2022-01-27,0.2,0.08,-0.5,0.0,,,,,,,
2022-01-28,0.19,0.08,-0.5,0.0,,,,,,,
2022-01-29,,0.08,-0.5,0.0,,,,,,,
2022-01-30,,0.08,-0.5,0.0,,,,,,,
2022-01-31,0.24,0.08,-0.5,0.0,,,,,,,
2022-02-01,0.2,0.08,-0.5,0.0,-0.049,0.81,0.325,-0.1435,-0.684792,-0.53150000005,0.38
2022-02-02,0.2,0.08,-0.5,0.0,,,,,,,
2022-02-03,0.21,0.08,-0.5,0.0,,,,,,,
2022-02-04,0.23,0.08,-0.5,0.0,,,,,,,
2022-02-05,,0.08,-0.5,0.0,,,,,,,
2022-02-06,,0.08,-0.5,0.0,,,,,,,
2022-02-07,0.28,0.08,-0.5,0.0,,,,,,,
2022-02-08,0.27,0.08,-0.5,0.0,,,,,,,
2022-02-09,0.27,0.08,-0.5,0.0,,,,,,,
2022-02-10,0.41,0.08,-0.5,0.0,,,,,,,
2022-02-11,0.37,0.08,-0.5,0.0,,,,,,,
2022-02-12,,0.08,-0.5,0.0,,,,,,,
2022-02-13,,0.08,-0.5,0.0,,,,,,,
2022-02-14,0.45,0.08,-0.5,0.0,,,,,,,
2022-02-15,0.41,0.08,-0.5,0.0,,,,,,,
2022-02-16,0.39,0.08,-0.5,0.0,,,,,,,
2022-02-17,0.37,0.08,-0.5,0.0,,,,,,,
2022-02-18,0.35,0.08,-0.5,0.0,,,,,,,
2022-02-19,,0.08,-0.5,0.0,,,,,,,
2022-02-20,,0.08,-0.5,0.0,,,,,,,
2022-02-21,,0.08,-0.5,0.0,,,,,,,
2022-02-22,0.39,0.08,-0.5,0.0,,,,,,,
2022-02-23,0.36,0.08,-0.5,0.0,,,,,,,
2022-02-24,0.33,0.08,-0.5,0.0,,,,,,,
2022-02-25,0.33,0.08,-0.5,0.0,,,,,,,
2022-02-26,,0.08,-0.5,0.0,,,,,,,
2022-02-27,,0.08,-0.5,0.0,,,,,,,
2022-02-28,0.37,0.08,-0.5,0.0,,,,,,,
2022-03-01,0.32,0.08,-0.5,0.0,-0.049,0.99,0.566,-0.22491,-0.682174347826087,-0.495434782608696,0.73
2022-03-02,0.33,0.08,-0.5,0.0,,,,,,,
2022-03-03,0.37,0.08,-0.5,0.0,,,,,,,
2022-03-04,0.33,0.08,-0.5,0.0,,,,,,,
2022-03-05,,0.08,-0.5,0.0,,,,,,,
2022-03-06,,0.08,-0.5,0.0,,,,,,,
2022-03-07,0.38,0.08,-0.5,0.0,,,,,,,
2022-03-08,0.36,0.08,-0.5,0.0,,,,,,,
2022-03-09,0.38,0.08,-0.5,0.0,,,,,,,
2022-03-10,0.38,0.08,-0.5,0.0,,,,,,,
2022-03-11,0.39,0.08,-0.5,0.0,,,,,,,
2022-03-12,,0.08,-0.5,0.0,,,,,,,
2022-03-13,,0.08,-0.5,0.0,,,,,,,
2022-03-14,0.45,0.08,-0.5,0.0,,,,,,,
2022-03-15,0.46,0.08,-0.5,0.0,,,,,,,
2022-03-16,0.43,0.08,-0.5,0.0,,,,,,,
2022-03-17,0.4,0.33,-0.5,0.0,,,,,,,
2022-03-18,0.41,0.33,-0.5,0.0,,,,,,,
2022-03-19,,0.33,-0.5,0.0,,,,,,,
2022-03-20,,0.33,-0.5,0.0,,,,,,,
2022-03-21,0.55,0.33,-0.5,0.0,,,,,,,
2022-03-22,0.51,0.33,-0.5,0.0,,,,,,,
2022-03-23,0.5,0.33,-0.5,0.0,,,,,,,
2022-03-24,0.5,0.33,-0.5,0.0,,,,,,,
2022-03-25,0.53,0.33,-0.5,0.0,,,,,,,
2022-03-26,,0.33,-0.5,0.0,,,,,,,
2022-03-27,,0.33,-0.5,0.0,,,,,,,
2022-03-28,0.6,0.33,-0.5,0.0,,,,,,,
2022-03-29,0.56,0.33,-0.5,0.0,,,,,,,
2022-03-30,0.55,0.33,-0.5,0.0,,,,,,,
2022-03-31,0.51,0.33,-0.5,0.0,,,,,,,
2022-04-01,0.52,0.33,-0.5,0.0,-0.049,1.13,1.0475,-0.098526,-0.6725,-0.447894736842105,0.91
2022-04-02,,0.33,-0.5,0.0,,,,,,,
2022-04-03,,0.33,-0.5,0.0,,,,,,,
2022-04-04,0.67,0.33,-0.5,0.0,,,,,,,
2022-04-05,0.65,0.33,-0.5,0.0,,,,,,,
2022-04-06,0.67,0.33,-0.5,0.0,,,,,,,
2022-04-07,0.68,0.33,-0.5,0.0,,,,,,,
2022-04-08,0.69,0.33,-0.5,0.0,,,,,,,
2022-04-09,,0.33,-0.5,0.0,,,,,,,
2022-04-10,,0.33,-0.5,0.0,,,,,,,
2022-04-11,0.78,0.33,-0.5,0.0,,,,,,,
2022-04-12,0.74,0.33,-0.5,0.0,,,,,,,
2022-04-13,0.75,0.33,-0.5,0.0,,,,,,,
2022-04-14,0.78,0.33,-0.5,0.0,,,,,,,
2022-04-15,,0.33,-0.5,0.0,,,,,,,
2022-04-16,,0.33,-0.5,0.0,,,,,,,
2022-04-17,,0.33,-0.5,0.0,,,,,,,
2022-04-18,0.82,0.33,-0.5,0.0,,,,,,,
2022-04-19,0.82,0.33,-0.5,0.0,,,,,,,
2022-04-20,0.82,0.33,-0.5,0.0,,,,,,,
2022-04-21,0.82,0.33,-0.5,0.0,,,,,,,
2022-04-22,0.82,0.33,-0.5,0.0,,,,,,,
2022-04-23,,0.33,-0.5,0.0,,,,,,,
2022-04-24,,0.33,-0.5,0.0,,,,,,,
2022-04-25,0.93,0.33,-0.5,0.0,,,,,,,
2022-04-26,0.84,0.33,-0.5,0.0,,,,,,,
2022-04-27,0.82,0.33,-0.5,0.0,,,,,,,
2022-04-28,0.81,0.33,-0.5,0.0,,,,,,,
2022-04-29,0.83,0.33,-0.5,0.0,,,,,,,
2022-04-30,,0.33,-0.5,0.0,,,,,,,
2022-05-01,,0.33,-0.5,0.0,-0.049,1.31,1.3675,0.31314,-0.685,-0.385727272727273,1.33
2022-05-02,0.9,0.33,-0.5,0.0,,,,,,,
2022-05-03,0.9,0.33,-0.5,0.0,,,,,,,
2022-05-04,0.88,0.33,-0.5,0.0,,,,,,,
2022-05-05,0.84,0.83,-0.5,0.0,,,,,,,
2022-05-06,0.84,0.83,-0.5,0.0,,,,,,,
2022-05-07,,0.83,-0.5,0.0,,,,,,,
2022-05-08,,0.83,-0.5,0.0,,,,,,,
2022-05-09,0.92,0.83,-0.5,0.0,,,,,,,
2022-05-10,0.89,0.83,-0.5,0.0,,,,,,,
2022-05-11,0.9,0.83,-0.5,0.0,,,,,,,
2022-05-12,0.95,0.83,-0.5,0.0,,,,,,,
2022-05-13,1.01,0.83,-0.5,0.0,,,,,,,
2022-05-14,,0.83,-0.5,0.0,,,,,,,
2022-05-15,,0.83,-0.5,0.0,,,,,,,
2022-05-16,1.07,0.83,-0.5,0.0,,,,,,,
2022-05-17,1.06,0.83,-0.5,0.0,,,,,,,
2022-05-18,1.02,0.83,-0.5,0.0,,,,,,,
2022-05-19,1.04,0.83,-0.5,0.0,,,,,,,
2022-05-20,1.01,0.83,-0.5,0.0,,,,,,,
2022-05-21,,0.83,-0.5,0.0,,,,,,,
2022-05-22,,0.83,-0.5,0.0,,,,,,,
2022-05-23,1.07,0.83,-0.5,0.0,,,,,,,
2022-05-24,1.05,0.83,-0.5,0.0,,,,,,,
2022-05-25,1.05,0.83,-0.5,0.0,,,,,,,
2022-05-26,1.06,0.83,-0.5,0.0,,,,,,,
2022-05-27,1.06,0.83,-0.5,0.0,,,,,,,
2022-05-28,,0.83,-0.5,0.0,,,,,,,
2022-05-29,,0.83,-0.5,0.0,,,,,,,
2022-05-30,,0.83,-0.5,0.0,,,,,,,
2022-05-31,1.13,0.83,-0.5,0.0,,,,,,,
2022-06-01,1.12,0.83,-0.5,0.0,0.005,1.57,1.834,0.5147,-0.508571428571429,-0.239227272727273,1.87
2022-06-02,1.13,0.83,-0.5,0.0,,,,,,,
2022-06-03,1.17,0.83,-0.5,0.0,,,,,,,
2022-06-04,,0.83,-0.5,0.0,,,,,,,
2022-06-05,,0.83,-0.5,0.0,,,,,,,
2022-06-06,1.23,0.83,-0.5,0.0,,,,,,,
2022-06-07,1.24,0.83,-0.5,0.0,,,,,,,
2022-06-08,1.25,0.83,-0.5,0.0,,,,,,,
2022-06-09,1.26,0.83,-0.5,0.0,,,,,,,
2022-06-10,1.34,0.83,-0.5,0.0,,,,,,,
2022-06-11,,0.83,-0.5,0.0,,,,,,,
2022-06-12,,0.83,-0.5,0.0,,,,,,,
2022-06-13,1.69,0.83,-0.5,0.0,,,,,,,
2022-06-14,1.78,0.83,-0.5,0.0,,,,,,,
2022-06-15,1.69,0.83,-0.5,0.0,,,,,,,
2022-06-16,1.54,1.58,-0.5,0.0,,,,,,,
2022-06-17,1.58,1.58,-0.5,0.0,,,,,,,
2022-06-18,,1.58,-0.5,0.0,,,,,,,
2022-06-19,,1.58,-0.5,0.0,,,,,,,
2022-06-20,,1.58,-0.5,0.0,,,,,,,
2022-06-21,1.66,1.58,-0.5,0.0,,,,,,,
2022-06-22,1.57,1.58,-0.5,0.0,,,,,,,
2022-06-23,1.59,1.58,-0.5,0.0,,,,,,,
2022-06-24,1.66,1.58,-0.5,0.0,,,,,,,
2022-06-25,,1.58,-0.5,0.0,,,,,,,
2022-06-26,,1.58,-0.5,0.0,,,,,,,
2022-06-27,1.75,1.58,-0.5,0.0,,,,,,,
2022-06-28,1.75,1.58,-0.5,0.0,,,,,,,
2022-06-29,1.73,1.58,-0.5,0.0,,,,,,,
2022-06-30,1.66,1.58,-0.5,0.0,,,,,,,
2022-07-01,1.66,1.58,-0.5,0.0,-0.031,1.84,2.445,0.7801,-0.11,0.0366190476190476,2.5
2022-07-02,,1.58,-0.5,0.0,,,,,,,
2022-07-03,,1.58,-0.5,0.0,,,,,,,
2022-07-04,,1.58,-0.5,0.0,,,,,,,
2022-07-05,1.86,1.58,-0.5,0.0,,,,,,,
2022-07-06,1.85,1.58,-0.5,0.0,,,,,,,
2022-07-07,1.89,1.58,-0.5,0.0,,,,,,,
2022-07-08,1.91,1.58,-0.5,0.0,,,,,,,
2022-07-09,,1.58,-0.5,0.0,,,,,,,
2022-07-10,,1.58,-0.5,0.0,,,,,,,
2022-07-11,2.13,1.58,-0.5,0.0,,,,,,,
2022-07-12,2.16,1.58,-0.5,0.0,,,,,,,
2022-07-13,2.33,1.58,-0.5,0.0,,,,,,,
2022-07-14,2.33,1.58,-0.5,0.0,,,,,,,
2022-07-15,2.29,1.58,-0.5,0.0,,,,,,,
2022-07-16,,1.58,-0.5,0.0,,,,,,,
2022-07-17,,1.58,-0.5,0.0,,,,,,,
2022-07-18,2.44,1.58,-0.5,0.0,,,,,,,
2022-07-19,2.46,1.58,-0.5,0.0,,,,,,,
2022-07-20,2.44,1.58,-0.5,0.0,,,,,,,
2022-07-21,2.4,1.58,-0.5,0.0,,,,,,,
2022-07-22,2.41,1.58,-0.5,0.0,,,,,,,
2022-07-23,,1.58,-0.5,0.0,,,,,,,
2022-07-24,,1.58,-0.5,0.0,,,,,,,
2022-07-25,2.55,1.58,-0.5,0.0,,,,,,,
2022-07-26,2.48,1.58,-0.5,0.0,,,,,,,
2022-07-27,2.37,1.58,0.0,0.5,,,,,,,
2022-07-28,2.35,2.33,0.0,0.5,,,,,,,
2022-07-29,2.34,2.32,0.0,0.5,,,,,,,
2022-07-30,,2.32,0.0,0.5,,,,,,,
2022-07-31,,2.32,0.0,0.5,,,,,,,
2022-08-01,2.48,2.33,0.0,0.5,-0.02,2.23,2.908,1.13165,-0.0245454545454545,0.394739130434783,2.76
2022-08-02,2.48,2.33,0.0,0.5,,,,,,,
2022-08-03,2.44,2.33,0.0,0.5,,,,,,,
2022-08-04,2.41,2.33,0.0,0.5,,,,,,,
2022-08-05,2.48,2.33,0.0,0.5,,,,,,,
2022-08-06,,2.33,0.0,0.5,,,,,,,
2022-08-07,,2.33,0.0,0.5,,,,,,,
2022-08-08,2.57,2.33,0.0,0.5,,,,,,,
2022-08-09,2.58,2.33,0.0,0.5,,,,,,,
2022-08-10,2.56,2.33,0.0,0.5,,,,,,,
2022-08-11,2.52,2.33,0.0,0.5,,,,,,,
2022-08-12,2.53,2.33,0.0,0.5,,,,,,,
2022-08-13,,2.33,0.0,0.5,,,,,,,
2022-08-14,,2.33,0.0,0.5,,,,,,,
2022-08-15,2.63,2.33,0.0,0.5,,,,,,,
2022-08-16,2.61,2.33,0.0,0.5,,,,,,,
2022-08-17,2.59,2.33,0.0,0.5,,,,,,,
2022-08-18,2.61,2.33,0.0,0.5,,,,,,,
2022-08-19,2.64,2.33,0.0,0.5,,,,,,,
2022-08-20,,2.33,0.0,0.5,,,,,,,
2022-08-21,,2.33,0.0,0.5,,,,,,,
2022-08-22,2.74,2.33,0.0,0.5,,,,,,,
2022-08-23,2.71,2.33,0.0,0.5,,,,,,,
2022-08-24,2.73,2.33,0.0,0.5,,,,,,,
2022-08-25,2.78,2.33,0.0,0.5,,,,,,,
2022-08-26,2.78,2.33,0.0,0.5,,,,,,,
2022-08-27,,2.33,0.0,0.5,,,,,,,
2022-08-28,,2.33,0.0,0.5,,,,,,,
2022-08-29,2.89,2.33,0.0,0.5,,,,,,,
2022-08-30,2.88,2.33,0.0,0.5,,,,,,,
2022-08-31,2.87,2.33,0.0,0.5,,,,,,,
2022-09-01,2.88,2.33,0.0,0.5,-0.016,2.91,3.42,1.50959,0.1475,1.01086363636364,3.21
2022-09-02,2.85,2.33,0.0,0.5,,,,,,,
2022-09-03,,2.33,0.0,0.5,,,,,,,
2022-09-04,,2.33,0.0,0.5,,,,,,,
2022-09-05,,2.33,0.0,0.5,,,,,,,
2022-09-06,2.96,2.33,0.0,0.5,,,,,,,
2022-09-07,2.98,2.33,0.0,0.5,,,,,,,
2022-09-08,2.97,2.33,0.0,0.5,,,,,,,
2022-09-09,2.98,2.33,0.0,0.5,,,,,,,
2022-09-10,,2.33,0.0,0.5,,,,,,,
2022-09-11,,2.33,0.0,0.5,,,,,,,
2022-09-12,3.09,2.33,0.0,0.5,,,,,,,
2022-09-13,3.19,2.33,0.0,0.5,,,,,,,
2022-09-14,3.14,2.33,0.75,1.25,,,,,,,
2022-09-15,3.12,2.33,0.75,1.25,,,,,,,
2022-09-16,3.1,2.33,0.75,1.25,,,,,,,
2022-09-17,,2.33,0.75,1.25,,,,,,,
2022-09-18,,2.33,0.75,1.25,,,,,,,
2022-09-19,3.29,2.33,0.75,1.25,,,,,,,
2022-09-20,3.26,2.33,0.75,1.25,,,,,,,
2022-09-21,3.21,2.33,0.75,1.25,,,,,,,
2022-09-22,3.19,3.08,0.75,1.25,,,,,,,
2022-09-23,3.12,3.08,0.75,1.25,,,,,,,
2022-09-24,,3.08,0.75,1.25,,,,,,,
2022-09-25,,3.08,0.75,1.25,,,,,,,
2022-09-26,3.3,3.08,0.75,1.25,,,,,,,
2022-09-27,3.26,3.08,0.75,1.25,,,,,,,
2022-09-28,3.29,3.08,0.75,1.25,,,,,,,
2022-09-29,3.26,3.08,0.75,1.25,,,,,,,
2022-09-30,3.22,3.08,0.75,1.25,,,,,,,
2022-10-01,,3.08,0.75,1.25,-0.016,3.39,3.76,1.60286,0.52875,1.42766666666667,3.85
2022-10-02,,3.08,0.75,1.25,,,,,,,
2022-10-03,3.34,3.08,0.75,1.25,,,,,,,
2022-10-04,3.32,3.08,0.75,1.25,,,,,,,
2022-10-05,3.33,3.08,0.75,1.25,,,,,,,
2022-10-06,3.32,3.08,0.75,1.25,,,,,,,
2022-10-07,3.31,3.08,0.75,1.25,,,,,,,
2022-10-08,,3.08,0.75,1.25,,,,,,,
2022-10-09,,3.08,0.75,1.25,,,,,,,
2022-10-10,,3.08,0.75,1.25,,,,,,,
2022-10-11,3.53,3.08,0.75,1.25,,,,,,,
2022-10-12,3.56,3.08,0.75,1.25,,,,,,,
2022-10-13,3.64,3.08,0.75,1.25,,,,,,,
2022-10-14,3.65,3.08,0.75,1.25,,,,,,,
2022-10-15,,3.08,0.75,1.25,,,,,,,
2022-10-16,,3.08,0.75,1.25,,,,,,,
2022-10-17,3.82,3.08,0.75,1.25,,,,,,,
2022-10-18,3.89,3.08,0.75,1.25,,,,,,,
2022-10-19,3.91,3.08,0.75,1.25,,,,,,,
2022-10-20,3.91,3.08,0.75,1.25,,,,,,,
2022-10-21,3.9,3.08,0.75,1.25,,,,,,,
2022-10-22,,3.08,0.75,1.25,,,,,,,
2022-10-23,,3.08,0.75,1.25,,,,,,,
2022-10-24,4.0,3.08,0.75,1.25,,,,,,,
2022-10-25,3.97,3.08,0.75,1.25,,,,,,,
2022-10-26,3.94,3.08,0.75,1.25,,,,,,,
2022-10-27,3.95,3.08,0.75,1.25,,,,,,,
2022-10-28,3.99,3.08,0.75,1.25,,,,,,,
2022-10-29,,3.08,0.75,1.25,,,,,,,
2022-10-30,,3.08,0.75,1.25,,,,,,,
2022-10-31,4.06,3.08,0.75,1.25,,,,,,,
2022-11-01,4.06,3.08,0.75,1.25,-0.016,3.52,3.988,1.67914,0.54,1.82522727272727,4.46
2022-11-02,4.04,3.08,1.5,2.0,,,,,,,
2022-11-03,4.06,3.83,1.5,2.0,,,,,,,
2022-11-04,4.02,3.83,1.5,2.0,,,,,,,
2022-11-05,,3.83,1.5,2.0,,,,,,,
2022-11-06,,3.83,1.5,2.0,,,,,,,
2022-11-07,4.12,3.83,1.5,2.0,,,,,,,
2022-11-08,4.1,3.83,1.5,2.0,,,,,,,
2022-11-09,4.11,3.83,1.5,2.0,,,,,,,
2022-11-10,4.09,3.83,1.5,2.0,,,,,,,
2022-11-11,,3.83,1.5,2.0,,,,,,,
2022-11-12,,3.83,1.5,2.0,,,,,,,
2022-11-13,,3.83,1.5,2.0,,,,,,,
2022-11-14,4.16,3.83,1.5,2.0,,,,,,,
2022-11-15,4.14,3.83,1.5,2.0,,,,,,,
2022-11-16,4.14,3.83,1.5,2.0,,,,,,,
2022-11-17,4.13,3.83,1.5,2.0,,,,,,,
2022-11-18,4.15,3.83,1.5,2.0,,,,,,,
2022-11-19,,3.83,1.5,2.0,,,,,,,
2022-11-20,,3.83,1.5,2.0,,,,,,,
2022-11-21,4.23,3.83,1.5,2.0,,,,,,,
2022-11-22,4.21,3.83,1.5,2.0,,,,,,,
2022-11-23,4.21,3.83,1.5,2.0,,,,,,,
2022-11-24,,3.83,1.5,2.0,,,,,,,
2022-11-25,4.22,3.83,1.5,2.0,,,,,,,
2022-11-26,,3.83,1.5,2.0,,,,,,,
2022-11-27,,3.83,1.5,2.0,,,,,,,
2022-11-28,4.3,3.83,1.5,2.0,,,,,,,
2022-11-29,4.27,3.83,1.5,2.0,,,,,,,
2022-11-30,4.27,3.83,1.5,2.0,,,,,,,
2022-12-01,4.22,3.83,1.5,2.0,-0.015,3.78,4.1675,2.02062,0.736349047619048,2.06347619047619,4.51
2022-12-02,4.22,3.83,1.5,2.0,,,,,,,
2022-12-03,,3.83,1.5,2.0,,,,,,,
2022-12-04,,3.83,1.5,2.0,,,,,,,
2022-12-05,4.27,3.83,1.5,2.0,,,,,,,
2022-12-06,4.27,3.83,1.5,2.0,,,,,,,
2022-12-07,4.2,3.83,1.5,2.0,,,,,,,
2022-12-08,4.17,3.83,1.5,2.0,,,,,,,
2022-12-09,4.19,3.83,1.5,2.0,,,,,,,
2022-12-10,,3.83,1.5,2.0,,,,,,,
2022-12-11,,3.83,1.5,2.0,,,,,,,
2022-12-12,4.29,3.83,1.5,2.0,,,,,,,
2022-12-13,4.26,3.83,1.5,2.0,,,,,,,
2022-12-14,4.23,3.83,1.5,2.0,,,,,,,
2022-12-15,4.22,4.33,1.5,2.0,,,,,,,
2022-12-16,4.2,4.33,1.5,2.0,,,,,,,
2022-12-17,,4.33,1.5,2.0,,,,,,,
2022-12-18,,4.33,1.5,2.0,,,,,,,
2022-12-19,4.28,4.33,1.5,2.0,,,,,,,
2022-12-20,4.25,4.33,1.5,2.0,,,,,,,
2022-12-21,4.22,4.33,2.0,2.5,,,,,,,
2022-12-22,4.24,4.33,2.0,2.5,,,,,,,
2022-12-23,4.23,4.33,2.0,2.5,,,,,,,
2022-12-24,,4.33,2.0,2.5,,,,,,,
2022-12-25,,4.33,2.0,2.5,,,,,,,
2022-12-26,,4.33,2.0,2.5,,,,,,,
2022-12-27,4.35,4.33,2.0,2.5,,,,,,,
2022-12-28,4.35,4.33,2.0,2.5,,,,,,,
2022-12-29,4.34,4.33,2.0,2.5,,,,,,,
2022-12-30,4.3,4.33,2.0,2.5,,,,,,,
2022-12-31,,4.33,2.0,2.5,,,,,,,
2023-01-01,,4.33,2.0,2.5,-0.006,4.01,4.325,2.65695,0.986904761904762,2.34486363636364,4.61
2023-01-02,,4.33,2.0,2.5,,,,,,,
2023-01-03,4.4,4.33,2.0,2.5,,,,,,,
2023-01-04,4.41,4.33,2.0,2.5,,,,,,,
2023-01-05,4.51,4.33,2.0,2.5,,,,,,,
2023-01-06,4.51,4.33,2.0,2.5,,,,,,,
2023-01-07,,4.33,2.0,2.5,,,,,,,
2023-01-08,,4.33,2.0,2.5,,,,,,,
2023-01-09,4.55,4.33,2.0,2.5,,,,,,,
2023-01-10,4.57,4.33,2.0,2.5,,,,,,,
2023-01-11,4.57,4.33,2.0,2.5,,,,,,,
2023-01-12,4.5,4.33,2.0,2.5,,,,,,,
2023-01-13,4.51,4.33,2.0,2.5,,,,,,,
2023-01-14,,4.33,2.0,2.5,,,,,,,
2023-01-15,,4.33,2.0,2.5,,,,,,,
2023-01-16,,4.33,2.0,2.5,,,,,,,
2023-01-17,4.56,4.33,2.0,2.5,,,,,,,
2023-01-18,4.54,4.33,2.0,2.5,,,,,,,
2023-01-19,4.55,4.33,2.0,2.5,,,,,,,
2023-01-20,4.57,4.33,2.0,2.5,,,,,,,
2023-01-21,,4.33,2.0,2.5,,,,,,,
2023-01-22,,4.33,2.0,2.5,,,,,,,
2023-01-23,4.58,4.33,2.0,2.5,,,,,,,
2023-01-24,4.57,4.33,2.0,2.5,,,,,,,
2023-01-25,4.56,4.33,2.0,2.5,,,,,,,
2023-01-26,4.55,4.33,2.0,2.5,,,,,,,
2023-01-27,4.57,4.33,2.0,2.5,,,,,,,
2023-01-28,,4.33,2.0,2.5,,,,,,,
2023-01-29,,4.33,2.0,2.5,,,,,,,
2023-01-30,4.59,4.33,2.0,2.5,,,,,,,
2023-01-31,4.58,4.33,2.0,2.5,,,,,,,
2023-02-01,4.54,4.33,2.0,2.5,0.001,4.21,4.45,3.0353,1.0,2.64035,4.74
2023-02-02,4.53,4.58,2.0,2.5,,,,,,,
2023-02-03,4.57,4.58,2.0,2.5,,,,,,,
2023-02-04,,4.58,2.0,2.5,,,,,,,
2023-02-05,,4.58,2.0,2.5,,,,,,,
2023-02-06,4.59,4.58,2.0,2.5,,,,,,,
2023-02-07,4.59,4.58,2.0,2.5,,,,,,,
2023-02-08,4.59,4.58,2.5,3.0,,,,,,,
2023-02-09,4.64,4.57,2.5,3.0,,,,,,,
2023-02-10,4.66,4.58,2.5,3.0,,,,,,,
2023-02-11,,4.58,2.5,3.0,,,,,,,
2023-02-12,,4.58,2.5,3.0,,,,,,,
2023-02-13,4.68,4.58,2.5,3.0,,,,,,,
2023-02-14,4.67,4.58,2.5,3.0,,,,,,,
2023-02-15,4.66,4.58,2.5,3.0,,,,,,,
2023-02-16,4.7,4.58,2.5,3.0,,,,,,,
2023-02-17,4.7,4.58,2.5,3.0,,,,,,,
2023-02-18,,4.58,2.5,3.0,,,,,,,
2023-02-19,,4.58,2.5,3.0,,,,,,,
2023-02-20,,4.58,2.5,3.0,,,,,,,
2023-02-21,4.72,4.58,2.5,3.0,,,,,,,
2023-02-22,4.71,4.58,2.5,3.0,,,,,,,
2023-02-23,4.71,4.58,2.5,3.0,,,,,,,
2023-02-24,4.72,4.58,2.5,3.0,,,,,,,
2023-02-25,,4.58,2.5,3.0,,,,,,,
2023-02-26,,4.58,2.5,3.0,,,,,,,
2023-02-27,4.74,4.57,2.5,3.0,,,,,,,
2023-02-28,4.72,4.57,2.5,3.0,,,,,,,
2023-03-01,4.73,4.58,2.5,3.0,-0.008,4.33,4.388,3.24887,1.36382260869565,2.9105652173913095,4.91
2023-03-02,4.74,4.57,2.5,3.0,,,,,,,
2023-03-03,4.74,4.57,2.5,3.0,,,,,,,
2023-03-04,,4.57,2.5,3.0,,,,,,,
2023-03-05,,4.57,2.5,3.0,,,,,,,
2023-03-06,4.76,4.57,2.5,3.0,,,,,,,
2023-03-07,4.87,4.57,2.5,3.0,,,,,,,
2023-03-08,4.89,4.57,2.5,3.0,,,,,,,
2023-03-09,4.87,4.57,2.5,3.0,,,,,,,
2023-03-10,4.83,4.57,2.5,3.0,,,,,,,
2023-03-11,,4.57,2.5,3.0,,,,,,,
2023-03-12,,4.57,2.5,3.0,,,,,,,
2023-03-13,4.7,4.58,2.5,3.0,,,,,,,
2023-03-14,4.71,4.58,2.5,3.0,,,,,,,
2023-03-15,4.59,4.58,2.5,3.0,,,,,,,
2023-03-16,4.57,4.58,2.5,3.0,,,,,,,
2023-03-17,4.36,4.58,2.5,3.0,,,,,,,
2023-03-18,,4.58,2.5,3.0,,,,,,,
2023-03-19,,4.58,2.5,3.0,,,,,,,
2023-03-20,4.65,4.58,2.5,3.0,,,,,,,
2023-03-21,4.62,4.58,2.5,3.0,,,,,,,
2023-03-22,4.63,4.58,3.0,3.5,,,,,,,
2023-03-23,4.57,4.83,3.0,3.5,,,,,,,
2023-03-24,4.57,4.83,3.0,3.5,,,,,,,
2023-03-25,,4.83,3.0,3.5,,,,,,,
2023-03-26,,4.83,3.0,3.5,,,,,,,
2023-03-27,4.75,4.83,3.0,3.5,,,,,,,
2023-03-28,4.64,4.83,3.0,3.5,,,,,,,
2023-03-29,4.64,4.83,3.0,3.5,,,,,,,
2023-03-30,4.8,4.83,3.0,3.5,,,,,,,
2023-03-31,4.68,4.83,3.0,3.5,,,,,,,
2023-04-01,,4.83,3.0,3.5,-0.001,4.52,4.3675,3.41356,1.45,3.167,5.03
2023-04-02,,4.83,3.0,3.5,,,,,,,
2023-04-03,4.77,4.83,3.0,3.5,,,,,,,
2023-04-04,4.74,4.83,3.0,3.5,,,,,,,
2023-04-05,4.72,4.83,3.0,3.5,,,,,,,
2023-04-06,4.77,4.83,3.0,3.5,,,,,,,
2023-04-07,4.81,4.83,3.0,3.5,,,,,,,
2023-04-08,,4.83,3.0,3.5,,,,,,,
2023-04-09,,4.83,3.0,3.5,,,,,,,
2023-04-10,4.94,4.83,3.0,3.5,,,,,,,
2023-04-11,4.89,4.83,3.0,3.5,,,,,,,
2023-04-12,4.87,4.83,3.0,3.5,,,,,,,
2023-04-13,4.95,4.83,3.0,3.5,,,,,,,
2023-04-14,4.98,4.83,3.0,3.5,,,,,,,
2023-04-15,,4.83,3.0,3.5,,,,,,,
2023-04-16,,4.83,3.0,3.5,,,,,,,
2023-04-17,5.06,4.83,3.0,3.5,,,,,,,
2023-04-18,5.04,4.83,3.0,3.5,,,,,,,
2023-04-19,5.01,4.83,3.0,3.5,,,,,,,
2023-04-20,4.97,4.83,3.0,3.5,,,,,,,
2023-04-21,4.98,4.83,3.0,3.5,,,,,,,
2023-04-22,,4.83,3.0,3.5,,,,,,,
2023-04-23,,4.83,3.0,3.5,,,,,,,
2023-04-24,5.04,4.83,3.0,3.5,,,,,,,
2023-04-25,4.97,4.83,3.0,3.5,,,,,,,
2023-04-26,5.0,4.83,3.0,3.5,,,,,,,
2023-04-27,5.03,4.83,3.0,3.5,,,,,,,
2023-04-28,4.95,4.83,3.0,3.5,,,,,,,
2023-04-29,,4.83,3.0,3.5,,,,,,,
2023-04-30,,4.83,3.0,3.5,,,,,,,
2023-05-01,5.1,4.83,3.0,3.5,-0.019,4.73,4.478,3.50124,1.45,3.3664347826087,5.15
2023-05-02,5.08,4.83,3.0,3.5,,,,,,,
2023-05-03,5.09,4.83,3.0,3.5,,,,,,,
2023-05-04,5.1,5.08,3.0,3.5,,,,,,,
2023-05-05,5.1,5.08,3.0,3.5,,,,,,,
2023-05-06,,5.08,3.0,3.5,,,,,,,
2023-05-07,,5.08,3.0,3.5,,,,,,,
2023-05-08,5.15,5.08,3.0,3.5,,,,,,,
2023-05-09,5.13,5.08,3.0,3.5,,,,,,,
2023-05-10,5.08,5.08,3.25,3.75,,,,,,,
2023-05-11,5.04,5.08,3.25,3.75,,,,,,,
2023-05-12,5.08,5.08,3.25,3.75,,,,,,,
2023-05-13,,5.08,3.25,3.75,,,,,,,
2023-05-14,,5.08,3.25,3.75,,,,,,,
2023-05-15,5.06,5.08,3.25,3.75,,,,,,,
2023-05-16,5.07,5.08,3.25,3.75,,,,,,,
2023-05-17,5.1,5.08,3.25,3.75,,,,,,,
2023-05-18,5.14,5.08,3.25,3.75,,,,,,,
2023-05-19,5.12,5.08,3.25,3.75,,,,,,,
2023-05-20,,5.08,3.25,3.75,,,,,,,
2023-05-21,,5.08,3.25,3.75,,,,,,,
2023-05-22,5.24,5.08,3.25,3.75,,,,,,,
2023-05-23,5.18,5.08,3.25,3.75,,,,,,,
2023-05-24,5.21,5.08,3.25,3.75,,,,,,,
2023-05-25,5.21,5.08,3.25,3.75,,,,,,,
2023-05-26,5.16,5.08,3.25,3.75,,,,,,,
2023-05-27,,5.08,3.25,3.75,,,,,,,
2023-05-28,,5.08,3.25,3.75,,,,,,,
2023-05-29,,5.08,3.25,3.75,,,,,,,
2023-05-30,5.28,5.08,3.25,3.75,,,,,,,
2023-05-31,5.26,5.08,3.25,3.75,,,,,,,
2023-06-01,5.24,5.08,3.25,3.75,-0.003,5.09,4.8325,3.5381,1.59045454545455,3.53586363636364,5.22
2023-06-02,5.23,5.08,3.25,3.75,,,,,,,
2023-06-03,,5.08,3.25,3.75,,,,,,,
2023-06-04,,5.08,3.25,3.75,,,,,,,
2023-06-05,5.2,5.08,3.25,3.75,,,,,,,
2023-06-06,5.18,5.08,3.25,3.75,,,,,,,
2023-06-07,5.16,5.08,3.25,3.75,,,,,,,
2023-06-08,5.12,5.08,3.25,3.75,,,,,,,
2023-06-09,5.11,5.08,3.25,3.75,,,,,,,
2023-06-10,,5.08,3.25,3.75,,,,,,,
2023-06-11,,5.08,3.25,3.75,,,,,,,
2023-06-12,5.14,5.08,3.25,3.75,,,,,,,
2023-06-13,5.11,5.08,3.25,3.75,,,,,,,
2023-06-14,5.1,5.08,3.25,3.75,,,,,,,
2023-06-15,5.07,5.07,3.25,3.75,,,,,,,
2023-06-16,5.09,5.08,3.25,3.75,,,,,,,
2023-06-17,,5.08,3.25,3.75,,,,,,,
2023-06-18,,5.08,3.25,3.75,,,,,,,
2023-06-19,,5.08,3.25,3.75,,,,,,,
2023-06-20,5.14,5.07,3.25,3.75,,,,,,,
2023-06-21,5.15,5.07,3.5,4.0,,,,,,,
2023-06-22,5.15,5.07,3.5,4.0,,,,,,,
2023-06-23,5.15,5.07,3.5,4.0,,,,,,,
2023-06-24,,5.07,3.5,4.0,,,,,,,
2023-06-25,,5.07,3.5,4.0,,,,,,,
2023-06-26,5.24,5.07,3.5,4.0,,,,,,,
2023-06-27,5.19,5.07,3.5,4.0,,,,,,,
2023-06-28,5.18,5.07,3.5,4.0,,,,,,,
2023-06-29,5.2,5.07,3.5,4.0,,,,,,,
2023-06-30,5.17,5.08,3.5,4.0,,,,,,,
2023-07-01,,5.08,3.5,4.0,-0.003,5.49,4.935,3.70871,1.72,3.67180952380952,5.35
2023-07-02,,5.08,3.5,4.0,,,,,,,
2023-07-03,5.21,5.08,3.5,4.0,,,,,,,
2023-07-04,,5.08,3.5,4.0,,,,,,,
2023-07-05,5.21,5.08,3.5,4.0,,,,,,,
2023-07-06,5.23,5.08,3.5,4.0,,,,,,,
2023-07-07,5.22,5.08,3.5,4.0,,,,,,,
2023-07-08,,5.08,3.5,4.0,,,,,,,
2023-07-09,,5.08,3.5,4.0,,,,,,,
2023-07-10,5.25,5.07,3.5,4.0,,,,,,,
2023-07-11,5.25,5.08,3.5,4.0,,,,,,,
2023-07-12,5.24,5.08,3.5,4.0,,,,,,,
2023-07-13,5.24,5.08,3.5,4.0,,,,,,,
2023-07-14,5.25,5.08,3.5,4.0,,,,,,,
2023-07-15,,5.08,3.5,4.0,,,,,,,
2023-07-16,,5.08,3.5,4.0,,,,,,,
2023-07-17,5.26,5.08,3.5,4.0,,,,,,,
2023-07-18,5.25,5.08,3.5,4.0,,,,,,,
2023-07-19,5.26,5.08,3.5,4.0,,,,,,,
2023-07-20,5.26,5.08,3.5,4.0,,,,,,,
2023-07-21,5.27,5.08,3.5,4.0,,,,,,,
2023-07-22,,5.08,3.5,4.0,,,,,,,
2023-07-23,,5.08,3.5,4.0,,,,,,,
2023-07-24,5.28,5.08,3.5,4.0,,,,,,,
2023-07-25,5.28,5.08,3.5,4.0,,,,,,,
2023-07-26,5.28,5.08,3.5,4.0,,,,,,,
2023-07-27,5.28,5.33,3.5,4.0,,,,,,,
2023-07-28,5.28,5.33,3.5,4.0,,,,,,,
2023-07-29,,5.33,3.5,4.0,,,,,,,
2023-07-30,,5.33,3.5,4.0,,,,,,,
2023-07-31,5.28,5.33,3.5,4.0,,,,,,,
2023-08-01,5.27,5.33,3.5,4.0,-0.003,5.53,5.054,3.79361,1.76727272727273,3.78030434782609,5.44
2023-08-02,5.27,5.33,3.75,4.25,,,,,,,
2023-08-03,5.27,5.33,3.75,4.25,,,,,,,
2023-08-04,5.28,5.33,3.75,4.25,,,,,,,
2023-08-05,,5.33,3.75,4.25,,,,,,,
2023-08-06,,5.33,3.75,4.25,,,,,,,
2023-08-07,5.29,5.33,3.75,4.25,,,,,,,
2023-08-08,5.3,5.33,3.75,4.25,,,,,,,
2023-08-09,5.28,5.33,3.75,4.25,,,,,,,
2023-08-10,5.28,5.33,3.75,4.25,,,,,,,
2023-08-11,5.28,5.33,3.75,4.25,,,,,,,
2023-08-12,,5.33,3.75,4.25,,,,,,,
2023-08-13,,5.33,3.75,4.25,,,,,,,
2023-08-14,5.29,5.33,3.75,4.25,,,,,,,
2023-08-15,5.29,5.33,3.75,4.25,,,,,,,
2023-08-16,5.29,5.33,3.75,4.25,,,,,,,
2023-08-17,5.29,5.33,3.75,4.25,,,,,,,
2023-08-18,5.28,5.33,3.75,4.25,,,,,,,
2023-08-19,,5.33,3.75,4.25,,,,,,,
2023-08-20,,5.33,3.75,4.25,,,,,,,
2023-08-21,5.3,5.33,3.75,4.25,,,,,,,
2023-08-22,5.3,5.33,3.75,4.25,,,,,,,
2023-08-23,5.3,5.33,3.75,4.25,,,,,,,
2023-08-24,5.31,5.33,3.75,4.25,,,,,,,
2023-08-25,5.34,5.33,3.75,4.25,,,,,,,
2023-08-26,,5.33,3.75,4.25,,,,,,,
2023-08-27,,5.33,3.75,4.25,,,,,,,
2023-08-28,5.34,5.33,3.75,4.25,,,,,,,
2023-08-29,5.33,5.33,3.75,4.25,,,,,,,
2023-08-30,5.32,5.33,3.75,4.25,,,,,,,
2023-08-31,5.32,5.33,3.75,4.25,,,,,,,
2023-09-01,5.3,5.33,3.75,4.25,0.024,5.52,5.0375,3.82667,1.77,3.88004761904762,5.49
2023-09-02,,5.33,3.75,4.25,,,,,,,
2023-09-03,,5.33,3.75,4.25,,,,,,,
2023-09-04,,5.33,3.75,4.25,,,,,,,
2023-09-05,5.32,5.33,3.75,4.25,,,,,,,
2023-09-06,5.31,5.33,3.75,4.25,,,,,,,
2023-09-07,5.3,5.33,3.75,4.25,,,,,,,
2023-09-08,5.31,5.33,3.75,4.25,,,,,,,
2023-09-09,,5.33,3.75,4.25,,,,,,,
2023-09-10,,5.33,3.75,4.25,,,,,,,
2023-09-11,5.32,5.33,3.75,4.25,,,,,,,
2023-09-12,5.32,5.33,3.75,4.25,,,,,,,
2023-09-13,5.31,5.33,3.75,4.25,,,,,,,
2023-09-14,5.31,5.33,3.75,4.25,,,,,,,
2023-09-15,5.32,5.33,3.75,4.25,,,,,,,
2023-09-16,,5.33,3.75,4.25,,,,,,,
2023-09-17,,5.33,3.75,4.25,,,,,,,
2023-09-18,5.31,5.33,3.75,4.25,,,,,,,
2023-09-19,5.31,5.33,3.75,4.25,,,,,,,
2023-09-20,5.33,5.33,4.0,4.5,,,,,,,
2023-09-21,5.33,5.33,4.0,4.5,,,,,,,
2023-09-22,5.32,5.33,4.0,4.5,,,,,,,
2023-09-23,,5.33,4.0,4.5,,,,,,,
2023-09-24,,5.33,4.0,4.5,,,,,,,
2023-09-25,5.35,5.33,4.0,4.5,,,,,,,
2023-09-26,5.34,5.33,4.0,4.5,,,,,,,
2023-09-27,5.34,5.33,4.0,4.5,,,,,,,
2023-09-28,5.32,5.33,4.0,4.5,,,,,,,
2023-09-29,5.32,5.33,4.0,4.5,,,,,,,
2023-09-30,,5.33,4.0,4.5,,,,,,,
2023-10-01,,5.33,4.0,4.5,-0.012,5.4,5.08,3.95627,1.77,3.96763636363636,5.46
2023-10-02,5.35,5.33,4.0,4.5,,,,,,,
2023-10-03,5.35,5.33,4.0,4.5,,,,,,,
2023-10-04,5.34,5.33,4.0,4.5,,,,,,,
2023-10-05,5.34,5.33,4.0,4.5,,,,,,,
2023-10-06,5.36,5.33,4.0,4.5,,,,,,,
2023-10-07,,5.33,4.0,4.5,,,,,,,
2023-10-08,,5.33,4.0,4.5,,,,,,,
2023-10-09,,5.33,4.0,4.5,,,,,,,
2023-10-10,5.34,5.33,4.0,4.5,,,,,,,
2023-10-11,5.34,5.33,4.0,4.5,,,,,,,
2023-10-12,5.35,5.33,4.0,4.5,,,,,,,
2023-10-13,5.35,5.33,4.0,4.5,,,,,,,
2023-10-14,,5.33,4.0,4.5,,,,,,,
2023-10-15,,5.33,4.0,4.5,,,,,,,
2023-10-16,5.34,5.33,4.0,4.5,,,,,,,
2023-10-17,5.35,5.33,4.0,4.5,,,,,,,
2023-10-18,5.34,5.33,4.0,4.5,,,,,,,
2023-10-19,5.33,5.33,4.0,4.5,,,,,,,
2023-10-20,5.31,5.33,4.0,4.5,,,,,,,
2023-10-21,,5.33,4.0,4.5,,,,,,,
2023-10-22,,5.33,4.0,4.5,,,,,,,
2023-10-23,5.32,5.33,4.0,4.5,,,,,,,
2023-10-24,5.31,5.33,4.0,4.5,,,,,,,
2023-10-25,5.32,5.33,4.0,4.5,,,,,,,
2023-10-26,5.32,5.33,4.0,4.5,,,,,,,
2023-10-27,5.32,5.33,4.0,4.5,,,,,,,
2023-10-28,,5.33,4.0,4.5,,,,,,,
2023-10-29,,5.33,4.0,4.5,,,,,,,
2023-10-30,5.33,5.33,4.0,4.5,,,,,,,
2023-10-31,5.33,5.33,4.0,4.5,,,,,,,
2023-11-01,5.31,5.33,4.0,4.5,0.024,5.36,4.996,4.10186,1.73181818181818,3.97163636363636,5.41
2023-11-02,5.28,5.33,4.0,4.5,,,,,,,
2023-11-03,5.27,5.33,4.0,4.5,,,,,,,
2023-11-04,,5.33,4.0,4.5,,,,,,,
2023-11-05,,5.33,4.0,4.5,,,,,,,
2023-11-06,5.29,5.33,4.0,4.5,,,,,,,
2023-11-07,5.28,5.33,4.0,4.5,,,,,,,
2023-11-08,5.28,5.33,4.0,4.5,,,,,,,
2023-11-09,5.27,5.33,4.0,4.5,,,,,,,
2023-11-10,5.26,5.33,4.0,4.5,,,,,,,
2023-11-11,,5.33,4.0,4.5,,,,,,,
2023-11-12,,5.33,4.0,4.5,,,,,,,
2023-11-13,5.28,5.33,4.0,4.5,,,,,,,
2023-11-14,5.26,5.33,4.0,4.5,,,,,,,
2023-11-15,5.26,5.33,4.0,4.5,,,,,,,
2023-11-16,5.25,5.33,4.0,4.5,,,,,,,
2023-11-17,5.25,5.33,4.0,4.5,,,,,,,
2023-11-18,,5.33,4.0,4.5,,,,,,,
2023-11-19,,5.33,4.0,4.5,,,,,,,
2023-11-20,5.27,5.33,4.0,4.5,,,,,,,
2023-11-21,5.26,5.33,4.0,4.5,,,,,,,
2023-11-22,5.27,5.33,4.0,4.5,,,,,,,
2023-11-23,,5.33,4.0,4.5,,,,,,,
2023-11-24,5.28,5.33,4.0,4.5,,,,,,,
2023-11-25,,5.33,4.0,4.5,,,,,,,
2023-11-26,,5.33,4.0,4.5,,,,,,,
2023-11-27,5.28,5.33,4.0,4.5,,,,,,,
2023-11-28,5.27,5.33,4.0,4.5,,,,,,,
2023-11-29,5.25,5.33,4.0,4.5,,,,,,,
2023-11-30,5.25,5.33,4.0,4.5,,,,,,,
2023-12-01,5.23,5.33,4.0,4.5,0.052,5.22,4.9475,4.02842,1.6525,3.93309523809524,5.32
2023-12-02,,5.33,4.0,4.5,,,,,,,
2023-12-03,,5.33,4.0,4.5,,,,,,,
2023-12-04,5.26,5.33,4.0,4.5,,,,,,,
2023-12-05,5.25,5.33,4.0,4.5,,,,,,,
2023-12-06,5.25,5.33,4.0,4.5,,,,,,,
2023-12-07,5.24,5.33,4.0,4.5,,,,,,,
2023-12-08,5.24,5.33,4.0,4.5,,,,,,,
2023-12-09,,5.33,4.0,4.5,,,,,,,
2023-12-10,,5.33,4.0,4.5,,,,,,,
2023-12-11,5.26,5.33,4.0,4.5,,,,,,,
2023-12-12,5.26,5.33,4.0,4.5,,,,,,,
2023-12-13,5.24,5.33,4.0,4.5,,,,,,,
2023-12-14,5.23,5.33,4.0,4.5,,,,,,,
2023-12-15,5.24,5.33,4.0,4.5,,,,,,,
2023-12-16,,5.33,4.0,4.5,,,,,,,
2023-12-17,,5.33,4.0,4.5,,,,,,,
2023-12-18,5.26,5.33,4.0,4.5,,,,,,,
2023-12-19,5.23,5.33,4.0,4.5,,,,,,,
2023-12-20,5.24,5.33,4.0,4.5,,,,,,,
2023-12-21,5.22,5.33,4.0,4.5,,,,,,,
2023-12-22,5.24,5.33,4.0,4.5,,,,,,,
2023-12-23,,5.33,4.0,4.5,,,,,,,
2023-12-24,,5.33,4.0,4.5,,,,,,,
2023-12-25,,5.33,4.0,4.5,,,,,,,
2023-12-26,5.25,5.33,4.0,4.5,,,,,,,
2023-12-27,5.24,5.33,4.0,4.5,,,,,,,
2023-12-28,5.25,5.33,4.0,4.5,,,,,,,
2023-12-29,5.2,5.33,4.0,4.5,,,,,,,
2023-12-30,,5.33,4.0,4.5,,,,,,,
2023-12-31,,5.33,4.0,4.5,,,,,,,
2024-01-01,,5.33,4.0,4.5,0.025,5.2,4.948,3.97095,1.6852380952381,3.9252727272727297,5.26
2024-01-02,5.22,5.33,4.0,4.5,,,,,,,
2024-01-03,5.24,5.33,4.0,4.5,,,,,,,
2024-01-04,5.24,5.33,4.0,4.5,,,,,,,
2024-01-05,5.24,5.33,4.0,4.5,,,,,,,
2024-01-06,,5.33,4.0,4.5,,,,,,,
2024-01-07,,5.33,4.0,4.5,,,,,,,
2024-01-08,5.25,5.33,4.0,4.5,,,,,,,
2024-01-09,5.24,5.33,4.0,4.5,,,,,,,
2024-01-10,5.23,5.33,4.0,4.5,,,,,,,
2024-01-11,5.23,5.33,4.0,4.5,,,,,,,
2024-01-12,5.22,5.33,4.0,4.5,,,,,,,
2024-01-13,,5.33,4.0,4.5,,,,,,,
2024-01-14,,5.33,4.0,4.5,,,,,,,
2024-01-15,,5.33,4.0,4.5,,,,,,,
2024-01-16,5.22,5.33,4.0,4.5,,,,,,,
2024-01-17,5.24,5.33,4.0,4.5,,,,,,,
2024-01-18,5.22,5.33,4.0,4.5,,,,,,,
2024-01-19,5.22,5.33,4.0,4.5,,,,,,,
2024-01-20,,5.33,4.0,4.5,,,,,,,
2024-01-21,,5.33,4.0,4.5,,,,,,,
2024-01-22,5.22,5.33,4.0,4.5,,,,,,,
2024-01-23,5.21,5.33,4.0,4.5,,,,,,,
2024-01-24,5.21,5.33,4.0,4.5,,,,,,,
2024-01-25,5.21,5.33,4.0,4.5,,,,,,,
2024-01-26,5.21,5.33,4.0,4.5,,,,,,,
2024-01-27,,5.33,4.0,4.5,,,,,,,
2024-01-28,,5.33,4.0,4.5,,,,,,,
2024-01-29,5.22,5.33,4.0,4.5,,,,,,,
2024-01-30,5.21,5.33,4.0,4.5,,,,,,,
2024-01-31,5.22,5.33,4.0,4.5,,,,,,,
2024-02-01,5.22,5.33,4.0,4.5,0.027,5.21,4.935,4.04338,1.7,3.92319047619048,5.22
2024-02-02,5.23,5.33,4.0,4.5,,,,,,,
2024-02-03,,5.33,4.0,4.5,,,,,,,
2024-02-04,,5.33,4.0,4.5,,,,,,,
2024-02-05,5.22,5.33,4.0,4.5,,,,,,,
2024-02-06,5.23,5.33,4.0,4.5,,,,,,,
2024-02-07,5.23,5.33,4.0,4.5,,,,,,,
2024-02-08,5.23,5.33,4.0,4.5,,,,,,,
2024-02-09,5.24,5.33,4.0,4.5,,,,,,,
2024-02-10,,5.33,4.0,4.5,,,,,,,
2024-02-11,,5.33,4.0,4.5,,,,,,,
2024-02-12,5.23,5.33,4.0,4.5,,,,,,,
2024-02-13,5.25,5.33,4.0,4.5,,,,,,,
2024-02-14,5.23,5.33,4.0,4.5,,,,,,,
2024-02-15,5.23,5.33,4.0,4.5,,,,,,,
2024-02-16,5.24,5.33,4.0,4.5,,,,,,,
2024-02-17,,5.33,4.0,4.5,,,,,,,
2024-02-18,,5.33,4.0,4.5,,,,,,,
2024-02-19,,5.33,4.0,4.5,,,,,,,
2024-02-20,5.24,5.33,4.0,4.5,,,,,,,
2024-02-21,5.24,5.33,4.0,4.5,,,,,,,
2024-02-22,5.25,5.33,4.0,4.5,,,,,,,
2024-02-23,5.26,5.33,4.0,4.5,,,,,,,
2024-02-24,,5.33,4.0,4.5,,,,,,,
2024-02-25,,5.33,4.0,4.5,,,,,,,
2024-02-26,5.26,5.33,4.0,4.5,,,,,,,
2024-02-27,5.25,5.33,4.0,4.5,,,,,,,
2024-02-28,5.24,5.33,4.0,4.5,,,,,,,
2024-02-29,5.25,5.33,4.0,4.5,,,,,,,
2024-03-01,5.23,5.33,4.0,4.5,0.109,5.2,4.905,4.0525,1.5,3.9223809523809514,5.29
2024-03-02,,5.33,4.0,4.5,,,,,,,
2024-03-03,,5.33,4.0,4.5,,,,,,,
2024-03-04,5.24,5.33,4.0,4.5,,,,,,,
2024-03-05,5.23,5.33,4.0,4.5,,,,,,,
2024-03-06,5.24,5.33,4.0,4.5,,,,,,,
2024-03-07,5.24,5.33,4.0,4.5,,,,,,,
2024-03-08,5.24,5.33,4.0,4.5,,,,,,,
2024-03-09,,5.33,4.0,4.5,,,,,,,
2024-03-10,,5.33,4.0,4.5,,,,,,,
2024-03-11,5.24,5.33,4.0,4.5,,,,,,,
2024-03-12,5.25,5.33,4.0,4.5,,,,,,,
2024-03-13,5.25,5.33,4.0,4.5,,,,,,,
2024-03-14,5.25,5.33,4.0,4.5,,,,,,,
2024-03-15,5.25,5.33,4.0,4.5,,,,,,,
2024-03-16,,5.33,4.0,4.5,,,,,,,
2024-03-17,,5.33,4.0,4.5,,,,,,,
2024-03-18,5.25,5.33,4.0,4.5,,,,,,,
2024-03-19,5.24,5.33,4.0,4.5,,,,,,,
2024-03-20,5.24,5.33,4.0,4.5,,,,,,,
2024-03-21,5.25,5.33,4.0,4.5,,,,,,,
2024-03-22,5.24,5.33,4.0,4.5,,,,,,,
2024-03-23,,5.33,4.0,4.5,,,,,,,
2024-03-24,,5.33,4.0,4.5,,,,,,,
2024-03-25,5.23,5.33,4.0,4.5,,,,,,,
2024-03-26,5.22,5.33,4.0,4.5,,,,,,,
2024-03-27,5.22,5.33,4.0,4.5,,,,,,,
2024-03-28,5.23,5.33,4.0,4.5,,,,,,,
2024-03-29,,5.33,4.0,4.5,,,,,,,
2024-03-30,,5.33,4.0,4.5,,,,,,,
2024-03-31,,5.33,4.0,4.5,,,,,,,
2024-04-01,5.23,5.33,4.0,4.5,0.109,5.18,4.925,3.95071,1.5,3.88636363636364,5.33
2024-04-02,5.22,5.33,4.0,4.5,,,,,,,
2024-04-03,5.22,5.33,4.0,4.5,,,,,,,
2024-04-04,5.21,5.33,4.0,4.5,,,,,,,
2024-04-05,5.23,5.33,4.0,4.5,,,,,,,
2024-04-06,,5.33,4.0,4.5,,,,,,,
2024-04-07,,5.33,4.0,4.5,,,,,,,
2024-04-08,5.23,5.33,4.0,4.5,,,,,,,
2024-04-09,5.23,5.33,4.0,4.5,,,,,,,
2024-04-10,5.25,5.33,4.0,4.5,,,,,,,
2024-04-11,5.25,5.33,4.0,4.5,,,,,,,
2024-04-12,5.25,5.33,4.0,4.5,,,,,,,
2024-04-13,,5.33,4.0,4.5,,,,,,,
2024-04-14,,5.33,4.0,4.5,,,,,,,
2024-04-15,5.25,5.33,4.0,4.5,,,,,,,
2024-04-16,5.25,5.33,4.0,4.5,,,,,,,
2024-04-17,5.25,5.33,4.0,4.5,,,,,,,
2024-04-18,5.25,5.33,4.0,4.5,,,,,,,
2024-04-19,5.25,5.33,4.0,4.5,,,,,,,
2024-04-20,,5.33,4.0,4.5,,,,,,,
2024-04-21,,5.33,4.0,4.5,,,,,,,
2024-04-22,5.22,5.33,4.0,4.5,,,,,,,
2024-04-23,5.25,5.33,4.0,4.5,,,,,,,
2024-04-24,5.26,5.33,4.0,4.5,,,,,,,
2024-04-25,5.26,5.33,4.0,4.5,,,,,,,
2024-04-26,5.25,5.33,4.0,4.5,,,,,,,
2024-04-27,,5.33,4.0,4.5,,,,,,,
2024-04-28,,5.33,4.0,4.5,,,,,,,
2024-04-29,5.25,5.33,4.0,4.5,,,,,,,
2024-04-30,5.25,5.33,4.0,4.5,,,,,,,
2024-05-01,5.26,5.33,4.0,4.5,0.129,5.16,4.868,3.78762,1.5,3.81365217391304,5.33
2024-05-02,5.25,5.33,4.0,4.5,,,,,,,
2024-05-03,5.25,5.33,4.0,4.5,,,,,,,
2024-05-04,,5.33,4.0,4.5,,,,,,,
2024-05-05,,5.33,4.0,4.5,,,,,,,
2024-05-06,5.25,5.33,4.0,4.5,,,,,,,
2024-05-07,5.25,5.33,4.0,4.5,,,,,,,
2024-05-08,5.25,5.33,4.0,4.5,,,,,,,
2024-05-09,5.25,5.33,4.0,4.5,,,,,,,
2024-05-10,5.26,5.33,4.0,4.5,,,,,,,
2024-05-11,,5.33,4.0,4.5,,,,,,,
2024-05-12,,5.33,4.0,4.5,,,,,,,
2024-05-13,5.25,5.33,4.0,4.5,,,,,,,
2024-05-14,5.24,5.33,4.0,4.5,,,,,,,
2024-05-15,5.25,5.33,4.0,4.5,,,,,,,
2024-05-16,5.25,5.33,4.0,4.5,,,,,,,
2024-05-17,5.25,5.33,4.0,4.5,,,,,,,
2024-05-18,,5.33,4.0,4.5,,,,,,,
2024-05-19,,5.33,4.0,4.5,,,,,,,
2024-05-20,5.25,5.33,4.0,4.5,,,,,,,
2024-05-21,5.25,5.33,4.0,4.5,,,,,,,
2024-05-22,5.25,5.33,4.0,4.5,,,,,,,
2024-05-23,5.26,5.33,4.0,4.5,,,,,,,
2024-05-24,5.26,5.33,4.0,4.5,,,,,,,
2024-05-25,,5.33,4.0,4.5,,,,,,,
2024-05-26,,5.33,4.0,4.5,,,,,,,
2024-05-27,,5.33,4.0,4.5,,,,,,,
2024-05-28,5.26,5.33,4.0,4.5,,,,,,,
2024-05-29,5.26,5.33,4.0,4.5,,,,,,,
2024-05-30,5.26,5.33,4.0,4.5,,,,,,,
2024-05-31,5.25,5.33,4.0,4.5,,,,,,,
2024-06-01,,5.33,4.0,4.5,0.149,5.16,4.6475,3.68339,1.427,3.7245,5.28
2024-06-02,,5.33,4.0,4.5,,,,,,,
2024-06-03,5.26,5.33,4.0,4.5,,,,,,,
2024-06-04,5.25,5.33,4.0,4.5,,,,,,,
2024-06-05,5.25,5.33,4.0,4.5,,,,,,,
2024-06-06,5.25,5.33,4.0,4.5,,,,,,,
2024-06-07,5.26,5.33,4.0,4.5,,,,,,,
2024-06-08,,5.33,4.0,4.5,,,,,,,
2024-06-09,,5.33,4.0,4.5,,,,,,,
2024-06-10,5.25,5.33,4.0,4.5,,,,,,,
2024-06-11,5.25,5.33,4.0,4.5,,,,,,,
2024-06-12,5.25,5.33,3.75,4.25,,,,,,,
2024-06-13,5.25,5.33,3.75,4.25,,,,,,,
2024-06-14,5.25,5.33,3.75,4.25,,,,,,,
2024-06-15,,5.33,3.75,4.25,,,,,,,
2024-06-16,,5.33,3.75,4.25,,,,,,,
2024-06-17,5.25,5.33,3.75,4.25,,,,,,,
2024-06-18,5.24,5.33,3.75,4.25,,,,,,,
2024-06-19,,5.33,3.75,4.25,,,,,,,
2024-06-20,5.24,5.33,3.75,4.25,,,,,,,
2024-06-21,5.23,5.33,3.75,4.25,,,,,,,
2024-06-22,,5.33,3.75,4.25,,,,,,,
2024-06-23,,5.33,3.75,4.25,,,,,,,
2024-06-24,5.24,5.33,3.75,4.25,,,,,,,
2024-06-25,5.23,5.33,3.75,4.25,,,,,,,
2024-06-26,5.24,5.33,3.75,4.25,,,,,,,
2024-06-27,5.23,5.33,3.75,4.25,,,,,,,
2024-06-28,5.22,5.33,3.75,4.25,,,,,,,
2024-06-29,,5.33,3.75,4.25,,,,,,,
2024-06-30,,5.33,3.75,4.25,,,,,,,
2024-07-01,5.24,5.33,3.75,4.25,0.166,5.09,4.508,3.5847,1.19347826086957,3.68482608695652,5.31
2024-07-02,5.24,5.33,3.75,4.25,,,,,,,
2024-07-03,5.24,5.33,3.75,4.25,,,,,,,
2024-07-04,,5.33,3.75,4.25,,,,,,,
2024-07-05,5.23,5.33,3.75,4.25,,,,,,,
2024-07-06,,5.33,3.75,4.25,,,,,,,
2024-07-07,,5.33,3.75,4.25,,,,,,,
2024-07-08,5.23,5.33,3.75,4.25,,,,,,,
2024-07-09,5.23,5.33,3.75,4.25,,,,,,,
2024-07-10,5.23,5.33,3.75,4.25,,,,,,,
2024-07-11,5.21,5.33,3.75,4.25,,,,,,,
2024-07-12,5.21,5.33,3.75,4.25,,,,,,,
2024-07-13,,5.33,3.75,4.25,,,,,,,
2024-07-14,,5.33,3.75,4.25,,,,,,,
2024-07-15,5.2,5.33,3.75,4.25,,,,,,,
2024-07-16,5.2,5.33,3.75,4.25,,,,,,,
2024-07-17,5.2,5.33,3.75,4.25,,,,,,,
2024-07-18,5.21,5.33,3.75,4.25,,,,,,,
2024-07-19,5.2,5.33,3.75,4.25,,,,,,,
2024-07-20,,5.33,3.75,4.25,,,,,,,
2024-07-21,,5.33,3.75,4.25,,,,,,,
2024-07-22,5.19,5.33,3.75,4.25,,,,,,,
2024-07-23,5.18,5.33,3.75,4.25,,,,,,,
2024-07-24,5.18,5.33,3.75,4.25,,,,,,,
2024-07-25,5.17,5.33,3.75,4.25,,,,,,,
2024-07-26,5.16,5.33,3.75,4.25,,,,,,,
2024-07-27,,5.33,3.75,4.25,,,,,,,
2024-07-28,,5.33,3.75,4.25,,,,,,,
2024-07-29,5.15,5.33,3.75,4.25,,,,,,,
2024-07-30,5.14,5.33,3.75,4.25,,,,,,,
2024-07-31,5.15,5.33,3.75,4.25,,,,,,,
2024-08-01,5.12,5.33,3.75,4.25,0.255,4.91,4.2325,3.36582,1.06647238095238,3.54759090909091,5.12
2024-08-02,5.05,5.33,3.75,4.25,,,,,,,
2024-08-03,,5.33,3.75,4.25,,,,,,,
2024-08-04,,5.33,3.75,4.25,,,,,,,
2024-08-05,5.09,5.33,3.75,4.25,,,,,,,
2024-08-06,5.09,5.33,3.75,4.25,,,,,,,
2024-08-07,5.09,5.33,3.75,4.25,,,,,,,
2024-08-08,5.09,5.33,3.75,4.25,,,,,,,
2024-08-09,5.09,5.33,3.75,4.25,,,,,,,
2024-08-10,,5.33,3.75,4.25,,,,,,,
2024-08-11,,5.33,3.75,4.25,,,,,,,
2024-08-12,5.07,5.33,3.75,4.25,,,,,,,
2024-08-13,5.06,5.33,3.75,4.25,,,,,,,
2024-08-14,5.07,5.33,3.75,4.25,,,,,,,
2024-08-15,5.09,5.33,3.75,4.25,,,,,,,
2024-08-16,5.08,5.33,3.75,4.25,,,,,,,
2024-08-17,,5.33,3.75,4.25,,,,,,,
2024-08-18,,5.33,3.75,4.25,,,,,,,
2024-08-19,5.06,5.33,3.75,4.25,,,,,,,
2024-08-20,5.04,5.33,3.75,4.25,,,,,,,
2024-08-21,5.02,5.33,3.75,4.25,,,,,,,
2024-08-22,5.04,5.33,3.75,4.25,,,,,,,
2024-08-23,5.01,5.33,3.75,4.25,,,,,,,
2024-08-24,,5.33,3.75,4.25,,,,,,,
2024-08-25,,5.33,3.75,4.25,,,,,,,
2024-08-26,4.98,5.33,3.75,4.25,,,,,,,
2024-08-27,4.98,5.33,3.75,4.25,,,,,,,
2024-08-28,4.96,5.33,3.75,4.25,,,,,,,
2024-08-29,4.98,5.33,3.75,4.25,,,,,,,
2024-08-30,4.98,5.33,3.75,4.25,,,,,,,
2024-08-31,,5.33,3.75,4.25,,,,,,,
2024-09-01,,5.33,3.75,4.25,0.256,4.84,4.0425,3.13867,1.02214285714286,3.43371428571428,4.86
2024-09-02,,5.33,3.75,4.25,,,,,,,
2024-09-03,4.97,5.33,3.75,4.25,,,,,,,
2024-09-04,4.96,5.33,3.75,4.25,,,,,,,
2024-09-05,4.94,5.33,3.75,4.25,,,,,,,
2024-09-06,4.93,5.33,3.75,4.25,,,,,,,
2024-09-07,,5.33,3.75,4.25,,,,,,,
2024-09-08,,5.33,3.75,4.25,,,,,,,
2024-09-09,4.89,5.33,3.75,4.25,,,,,,,
2024-09-10,4.85,5.33,3.75,4.25,,,,,,,
2024-09-11,4.89,5.33,3.75,4.25,,,,,,,
2024-09-12,4.85,5.33,3.75,4.25,,,,,,,
2024-09-13,4.78,5.33,3.75,4.25,,,,,,,
2024-09-14,,5.33,3.75,4.25,,,,,,,
2024-09-15,,5.33,3.75,4.25,,,,,,,
2024-09-16,4.75,5.33,3.75,4.25,,,,,,,
2024-09-17,4.75,5.33,3.75,4.25,,,,,,,
2024-09-18,4.65,5.33,3.5,3.65,,,,,,,
2024-09-19,4.61,4.83,3.5,3.65,,,,,,,
2024-09-20,4.56,4.83,3.5,3.65,,,,,,,
2024-09-21,,4.83,3.5,3.65,,,,,,,
2024-09-22,,4.83,3.5,3.65,,,,,,,
2024-09-23,4.53,4.83,3.5,3.65,,,,,,,
2024-09-24,4.5,4.83,3.5,3.65,,,,,,,
2024-09-25,4.51,4.83,3.5,3.65,,,,,,,
2024-09-26,4.5,4.83,3.5,3.65,,,,,,,
2024-09-27,4.5,4.83,3.5,3.65,,,,,,,
2024-09-28,,4.83,3.5,3.65,,,,,,,
2024-09-29,,4.83,3.5,3.65,,,,,,,
2024-09-30,4.52,4.83,3.5,3.65,,,,,,,
2024-10-01,4.5,4.83,3.5,3.65,0.256,4.75,3.71,2.91691,0.894492608695652,3.16660869565217,4.62
2024-10-02,4.48,4.83,3.5,3.65,,,,,,,
2024-10-03,4.48,4.83,3.5,3.65,,,,,,,
2024-10-04,4.53,4.83,3.5,3.65,,,,,,,
2024-10-05,,4.83,3.5,3.65,,,,,,,
2024-10-06,,4.83,3.5,3.65,,,,,,,
2024-10-07,4.55,4.83,3.5,3.65,,,,,,,
2024-10-08,4.53,4.83,3.5,3.65,,,,,,,
2024-10-09,4.54,4.83,3.5,3.65,,,,,,,
2024-10-10,4.54,4.83,3.5,3.65,,,,,,,
2024-10-11,4.53,4.83,3.5,3.65,,,,,,,
2024-10-12,,4.83,3.5,3.65,,,,,,,
2024-10-13,,4.83,3.5,3.65,,,,,,,
2024-10-14,,4.83,3.5,3.65,,,,,,,
2024-10-15,4.52,4.83,3.5,3.65,,,,,,,
2024-10-16,4.51,4.83,3.5,3.65,,,,,,,
2024-10-17,4.54,4.83,3.5,3.65,,,,,,,
2024-10-18,4.53,4.83,3.5,3.65,,,,,,,
2024-10-19,,4.83,3.5,3.65,,,,,,,
2024-10-20,,4.83,3.5,3.65,,,,,,,
2024-10-21,4.51,4.83,3.5,3.65,,,,,,,
2024-10-22,4.51,4.83,3.5,3.65,,,,,,,
2024-10-23,4.52,4.83,3.25,3.4,,,,,,,
2024-10-24,4.5,4.83,3.25,3.4,,,,,,,
2024-10-25,4.52,4.83,3.25,3.4,,,,,,,
2024-10-26,,4.83,3.25,3.4,,,,,,,
2024-10-27,,4.83,3.25,3.4,,,,,,,
2024-10-28,4.49,4.83,3.25,3.4,,,,,,,
2024-10-29,4.49,4.83,3.25,3.4,,,,,,,
2024-10-30,4.47,4.83,3.25,3.4,,,,,,,
2024-10-31,4.44,4.83,3.25,3.4,,,,,,,
2024-11-01,4.41,4.83,3.25,3.4,0.362,4.68,3.48,2.66529,0.806508095238095,3.0067619047619,4.53
2024-11-02,,4.83,3.25,3.4,,,,,,,
2024-11-03,,4.83,3.25,3.4,,,,,,,
2024-11-04,4.44,4.83,3.25,3.4,,,,,,,
2024-11-05,4.43,4.83,3.25,3.4,,,,,,,
2024-11-06,4.44,4.83,3.25,3.4,,,,,,,
2024-11-07,4.43,4.83,3.25,3.4,,,,,,,
2024-11-08,4.43,4.58,3.25,3.4,,,,,,,
2024-11-09,,4.58,3.25,3.4,,,,,,,
2024-11-10,,4.58,3.25,3.4,,,,,,,
2024-11-11,,4.58,3.25,3.4,,,,,,,
2024-11-12,4.43,4.58,3.25,3.4,,,,,,,
2024-11-13,4.4,4.58,3.25,3.4,,,,,,,
2024-11-14,4.41,4.58,3.25,3.4,,,,,,,
2024-11-15,4.41,4.58,3.25,3.4,,,,,,,
2024-11-16,,4.58,3.25,3.4,,,,,,,
2024-11-17,,4.58,3.25,3.4,,,,,,,
2024-11-18,4.42,4.58,3.25,3.4,,,,,,,
2024-11-19,4.41,4.58,3.25,3.4,,,,,,,
2024-11-20,4.42,4.58,3.25,3.4,,,,,,,
2024-11-21,4.43,4.58,3.25,3.4,,,,,,,
2024-11-22,4.43,4.58,3.25,3.4,,,,,,,
2024-11-23,,4.58,3.25,3.4,,,,,,,
2024-11-24,,4.58,3.25,3.4,,,,,,,
2024-11-25,4.42,4.58,3.25,3.4,,,,,,,
2024-11-26,4.4,4.58,3.25,3.4,,,,,,,
2024-11-27,4.4,4.58,3.25,3.4,,,,,,,
2024-11-28,,4.58,3.25,3.4,,,,,,,
2024-11-29,4.39,4.58,3.25,3.4,,,,,,,
2024-11-30,,4.58,3.25,3.4,,,,,,,
2024-12-01,,4.58,3.25,3.4,0.386,4.64,3.195,2.45478,0.60075,2.81609090909091,4.46
2024-12-02,4.38,4.58,3.25,3.4,,,,,,,
2024-12-03,4.36,4.58,3.25,3.4,,,,,,,
2024-12-04,4.35,4.58,3.25,3.4,,,,,,,
2024-12-05,4.34,4.58,3.25,3.4,,,,,,,
2024-12-06,4.31,4.58,3.25,3.4,,,,,,,
2024-12-07,,4.58,3.25,3.4,,,,,,,
2024-12-08,,4.58,3.25,3.4,,,,,,,
2024-12-09,4.3,4.58,3.25,3.4,,,,,,,
2024-12-10,4.29,4.58,3.25,3.4,,,,,,,
2024-12-11,4.26,4.58,3.25,3.4,,,,,,,
2024-12-12,4.23,4.58,3.25,3.4,,,,,,,
2024-12-13,4.23,4.58,3.25,3.4,,,,,,,
2024-12-14,,4.58,3.25,3.4,,,,,,,
2024-12-15,,4.58,3.25,3.4,,,,,,,
2024-12-16,4.25,4.58,3.25,3.4,,,,,,,
2024-12-17,4.26,4.58,3.25,3.4,,,,,,,
2024-12-18,4.25,4.58,3.0,3.15,,,,,,,
2024-12-19,4.23,4.33,3.0,3.15,,,,,,,
2024-12-20,4.23,4.33,3.0,3.15,,,,,,,
2024-12-21,,4.33,3.0,3.15,,,,,,,
2024-12-22,,4.33,3.0,3.15,,,,,,,
2024-12-23,4.24,4.33,3.0,3.15,,,,,,,
2024-12-24,4.28,4.33,3.0,3.15,,,,,,,
2024-12-25,,4.33,3.0,3.15,,,,,,,
2024-12-26,4.24,4.33,3.0,3.15,,,,,,,
2024-12-27,4.19,4.33,3.0,3.15,,,,,,,
2024-12-28,,4.33,3.0,3.15,,,,,,,
2024-12-29,,4.33,3.0,3.15,,,,,,,
2024-12-30,4.23,4.33,3.0,3.15,,,,,,,
2024-12-31,4.23,4.33,3.0,3.15,,,,,,,
2025-01-01,,4.33,3.0,3.15,0.76727,4.55,3.058,2.33105,0.408095238095238,2.7031304348,4.33
2025-01-02,4.22,4.33,3.0,3.15,,,,,,,
2025-01-03,4.2,4.33,3.0,3.15,,,,,,,
2025-01-04,,4.33,3.0,3.15,,,,,,,
2025-01-05,,4.33,3.0,3.15,,,,,,,
2025-01-06,4.21,4.33,3.0,3.15,,,,,,,
2025-01-07,4.21,4.33,3.0,3.15,,,,,,,
2025-01-08,4.21,4.33,3.0,3.15,,,,,,,
2025-01-09,4.21,4.33,3.0,3.15,,,,,,,
2025-01-10,4.22,4.33,3.0,3.15,,,,,,,
2025-01-11,,4.33,3.0,3.15,,,,,,,
2025-01-12,,4.33,3.0,3.15,,,,,,,
2025-01-13,4.23,4.33,3.0,3.15,,,,,,,
2025-01-14,4.22,4.33,3.0,3.15,,,,,,,
2025-01-15,4.21,4.33,3.0,3.15,,,,,,,
2025-01-16,4.21,4.33,3.0,3.15,,,,,,,
2025-01-17,4.2,4.33,3.0,3.15,,,,,,,
2025-01-18,,4.33,3.0,3.15,,,,,,,
2025-01-19,,4.33,3.0,3.15,,,,,,,
2025-01-20,,4.33,3.0,3.15,,,,,,,
2025-01-21,4.22,4.33,3.0,3.15,,,,,,,
2025-01-22,4.22,4.33,3.0,3.15,,,,,,,
2025-01-23,4.22,4.33,3.0,3.15,,,,,,,
2025-01-24,4.21,4.33,3.0,3.15,,,,,,,
2025-01-25,,4.33,3.0,3.15,,,,,,,
2025-01-26,,4.33,3.0,3.15,,,,,,,
2025-01-27,4.2,4.33,3.0,3.15,,,,,,,
2025-01-28,4.2,4.33,3.0,3.15,,,,,,,
2025-01-29,4.2,4.33,3.0,3.15,,,,,,,
2025-01-30,4.19,4.33,3.0,3.15,,,,,,,
2025-01-31,4.2,4.33,3.0,3.15,,,,,,,
2025-02-01,,4.33,3.0,3.15,0.79182,4.44,2.8425,2.2802,0.37125,2.52495,4.34
2025-02-02,,4.33,3.0,3.15,,,,,,,
2025-02-03,4.22,4.33,3.0,3.15,,,,,,,
2025-02-04,4.22,4.33,3.0,3.15,,,,,,,
2025-02-05,4.22,4.33,2.75,2.9,,,,,,,
2025-02-06,4.22,4.33,2.75,2.9,,,,,,,
2025-02-07,4.24,4.33,2.75,2.9,,,,,,,
2025-02-08,,4.33,2.75,2.9,,,,,,,
2025-02-09,,4.33,2.75,2.9,,,,,,,
2025-02-10,4.23,4.33,2.75,2.9,,,,,,,
2025-02-11,4.23,4.33,2.75,2.9,,,,,,,
2025-02-12,4.23,4.33,2.75,2.9,,,,,,,
2025-02-13,4.22,4.33,2.75,2.9,,,,,,,
2025-02-14,4.22,4.33,2.75,2.9,,,,,,,
2025-02-15,,4.33,2.75,2.9,,,,,,,
2025-02-16,,4.33,2.75,2.9,,,,,,,
2025-02-17,,4.33,2.75,2.9,,,,,,,
2025-02-18,4.23,4.33,2.75,2.9,,,,,,,
2025-02-19,4.22,4.33,2.75,2.9,,,,,,,
2025-02-20,4.21,4.33,2.75,2.9,,,,,,,
2025-02-21,4.21,4.33,2.75,2.9,,,,,,,
2025-02-22,,4.33,2.75,2.9,,,,,,,
2025-02-23,,4.33,2.75,2.9,,,,,,,
2025-02-24,4.19,4.33,2.75,2.9,,,,,,,
2025-02-25,4.19,4.33,2.75,2.9,,,,,,,
2025-02-26,4.2,4.33,2.75,2.9,,,,,,,
2025-02-27,4.2,4.33,2.75,2.9,,,,,,,
2025-02-28,4.2,4.33,2.75,2.9,,,,,,,
2025-03-01,,4.33,2.75,2.9,0.82091,4.39,2.66,2.29952,0.312911904761905,2.4424285714,4.29
2025-03-02,,4.33,2.75,2.9,,,,,,,
2025-03-03,4.21,4.33,2.75,2.9,,,,,,,
2025-03-04,4.2,4.33,2.75,2.9,,,,,,,
2025-03-05,4.21,4.33,2.75,2.9,,,,,,,
2025-03-06,4.2,4.33,2.75,2.9,,,,,,,
2025-03-07,4.2,4.33,2.75,2.9,,,,,,,
2025-03-08,,4.33,2.75,2.9,,,,,,,
2025-03-09,,4.33,2.75,2.9,,,,,,,
2025-03-10,4.19,4.33,2.75,2.9,,,,,,,
2025-03-11,4.2,4.33,2.75,2.9,,,,,,,
2025-03-12,4.21,4.33,2.5,2.65,,,,,,,
2025-03-13,4.2,4.33,2.5,2.65,,,,,,,
2025-03-14,4.2,4.33,2.5,2.65,,,,,,,
2025-03-15,,4.33,2.5,2.65,,,,,,,
2025-03-16,,4.33,2.5,2.65,,,,,,,
2025-03-17,4.2,4.33,2.5,2.65,,,,,,,
2025-03-18,4.2,4.33,2.5,2.65,,,,,,,
2025-03-19,4.2,4.33,2.5,2.65,,,,,,,
2025-03-20,4.19,4.33,2.5,2.65,,,,,,,
2025-03-21,4.19,4.33,2.5,2.65,,,,,,,
2025-03-22,,4.33,2.5,2.65,,,,,,,
2025-03-23,,4.33,2.5,2.65,,,,,,,
2025-03-24,4.19,4.33,2.5,2.65,,,,,,,
2025-03-25,4.19,4.33,2.5,2.65,,,,,,,
2025-03-26,4.2,4.33,2.5,2.65,,,,,,,
2025-03-27,4.2,4.33,2.5,2.65,,,,,,,
2025-03-28,4.2,4.33,2.5,2.65,,,,,,,
2025-03-29,,4.33,2.5,2.65,,,,,,,
2025-03-30,,4.33,2.5,2.65,,,,,,,
2025-03-31,4.21,4.33,2.5,2.65,,,,,,,
2025-04-01,4.2,4.33,2.5,2.65,0.78364,4.26,2.622,2.268,0.15585,2.2481818182,4.32
2025-04-02,4.21,4.33,2.5,2.65,,,,,,,
2025-04-03,4.2,4.33,2.5,2.65,,,,,,,
2025-04-04,4.17,4.33,2.5,2.65,,,,,,,
2025-04-05,,4.33,2.5,2.65,,,,,,,
2025-04-06,,4.33,2.5,2.65,,,,,,,
2025-04-07,4.17,4.33,2.5,2.65,,,,,,,
2025-04-08,4.19,4.33,2.5,2.65,,,,,,,
2025-04-09,4.24,4.33,2.5,2.65,,,,,,,
2025-04-10,4.22,4.33,2.5,2.65,,,,,,,
2025-04-11,4.23,4.33,2.5,2.65,,,,,,,
2025-04-12,,4.33,2.5,2.65,,,,,,,
2025-04-13,,4.33,2.5,2.65,,,,,,,
2025-04-14,4.22,4.33,2.5,2.65,,,,,,,
2025-04-15,4.22,4.33,2.5,2.65,,,,,,,
2025-04-16,4.21,4.33,2.5,2.65,,,,,,,
2025-04-17,4.23,4.33,2.5,2.65,,,,,,,
2025-04-18,,4.33,2.5,2.65,,,,,,,
2025-04-19,,4.33,2.5,2.65,,,,,,,
2025-04-20,,4.33,2.5,2.65,,,,,,,
2025-04-21,4.22,4.33,2.5,2.65,,,,,,,
2025-04-22,4.22,4.33,2.5,2.65,,,,,,,
2025-04-23,4.22,4.33,2.25,2.4,,,,,,,
2025-04-24,4.21,4.33,2.25,2.4,,,,,,,
2025-04-25,4.21,4.33,2.25,2.4,,,,,,,
2025-04-26,,4.33,2.25,2.4,,,,,,,
2025-04-27,,4.33,2.25,2.4,,,,,,,
2025-04-28,4.2,4.33,2.25,2.4,,,,,,,
2025-04-29,4.2,4.33,2.25,2.4,,,,,,,
2025-04-30,4.2,4.33,2.25,2.4,,,,,,,
2025-05-01,4.2,4.33,2.25,2.4,0.77545,4.19,2.6225,2.30257,0.092,2.0912727273,4.29
2025-05-02,4.22,4.33,2.25,2.4,,,,,,,
2025-05-03,,4.33,2.25,2.4,,,,,,,
2025-05-04,,4.33,2.25,2.4,,,,,,,
2025-05-05,4.22,4.33,2.25,2.4,,,,,,,
2025-05-06,4.22,4.33,2.25,2.4,,,,,,,
2025-05-07,4.22,4.33,2.25,2.4,,,,,,,
2025-05-08,4.23,4.33,2.25,2.4,,,,,,,
2025-05-09,4.22,4.33,2.25,2.4,,,,,,,
2025-05-10,,4.33,2.25,2.4,,,,,,,
2025-05-11,,4.33,2.25,2.4,,,,,,,
2025-05-12,4.31,4.33,2.25,2.4,,,,,,,
2025-05-13,4.29,4.33,2.25,2.4,,,,,,,
2025-05-14,4.29,4.33,2.25,2.4,,,,,,,
2025-05-15,4.27,4.33,2.25,2.4,,,,,,,
2025-05-16,4.25,4.33,2.25,2.4,,,,,,,
2025-05-17,,4.33,2.25,2.4,,,,,,,
2025-05-18,,4.33,2.25,2.4,,,,,,,
2025-05-19,4.28,4.33,2.25,2.4,,,,,,,
2025-05-20,4.26,4.33,2.25,2.4,,,,,,,
2025-05-21,4.24,4.33,2.25,2.4,,,,,,,
2025-05-22,4.25,4.33,2.25,2.4,,,,,,,
2025-05-23,4.24,4.33,2.25,2.4,,,,,,,
2025-05-24,,4.33,2.25,2.4,,,,,,,
2025-05-25,,4.33,2.25,2.4,,,,,,,
2025-05-26,,4.33,2.25,2.4,,,,,,,
2025-05-27,4.24,4.33,2.25,2.4,,,,,,,
2025-05-28,4.24,4.33,2.25,2.4,,,,,,,
2025-05-29,4.25,4.33,2.25,2.4,,,,,,,
2025-05-30,4.25,4.33,2.25,2.4,,,,,,,
2025-05-31,,4.33,2.25,2.4,,,,,,,
2025-06-01,,4.33,2.25,2.4,0.77273,4.15,2.66,2.18842,0.039603,1.9836190476,4.31
2025-06-02,4.25,4.33,2.25,2.4,,,,,,,
2025-06-03,4.24,4.33,2.25,2.4,,,,,,,
2025-06-04,4.25,4.33,2.25,2.4,,,,,,,
2025-06-05,4.25,4.33,2.25,2.4,,,,,,,
2025-06-06,4.25,4.33,2.25,2.4,,,,,,,
2025-06-07,,4.33,2.25,2.4,,,,,,,
2025-06-08,,4.33,2.25,2.4,,,,,,,
2025-06-09,4.25,4.33,2.25,2.4,,,,,,,
2025-06-10,4.26,4.33,2.25,2.4,,,,,,,
2025-06-11,4.26,4.33,2.0,2.15,,,,,,,
2025-06-12,4.27,4.33,2.0,2.15,,,,,,,
2025-06-13,4.26,4.33,2.0,2.15,,,,,,,
2025-06-14,,4.33,2.0,2.15,,,,,,,
2025-06-15,,4.33,2.0,2.15,,,,,,,
2025-06-16,4.24,4.33,2.0,2.15,,,,,,,
2025-06-17,4.23,4.33,2.0,2.15,,,,,,,
2025-06-18,4.23,4.33,2.0,2.15,,,,,,,
2025-06-19,,4.33,2.0,2.15,,,,,,,
2025-06-20,4.21,4.33,2.0,2.15,,,,,,,
2025-06-21,,4.33,2.0,2.15,,,,,,,
2025-06-22,,4.33,2.0,2.15,,,,,,,
2025-06-23,4.19,4.33,2.0,2.15,,,,,,,
2025-06-24,4.19,4.33,2.0,2.15,,,,,,,
2025-06-25,4.19,4.33,2.0,2.15,,,,,,,
2025-06-26,4.21,4.33,2.0,2.15,,,,,,,
2025-06-27,4.2,4.33,2.0,2.15,,,,,,,
2025-06-28,,4.33,2.0,2.15,,,,,,,
2025-06-29,,4.33,2.0,2.15,,,,,,,
2025-06-30,4.24,4.33,2.0,2.15,,,,,,,
2025-07-01,4.24,4.33,2.0,2.15,0.77273,4.05,2.662,2.07874,-0.0406521739130435,1.9863478261,4.28
2025-07-02,4.24,4.33,2.0,2.15,,,,,,,
2025-07-03,4.26,4.33,2.0,2.15,,,,,,,
2025-07-04,,4.33,2.0,2.15,,,,,,,
2025-07-05,,4.33,2.0,2.15,,,,,,,
2025-07-06,,4.33,2.0,2.15,,,,,,,
2025-07-07,4.26,4.33,2.0,2.15,,,,,,,
2025-07-08,4.26,4.33,2.0,2.15,,,,,,,
2025-07-09,4.26,4.33,2.0,2.15,,,,,,,
2025-07-10,4.25,4.33,2.0,2.15,,,,,,,
2025-07-11,4.25,4.33,2.0,2.15,,,,,,,
2025-07-12,,4.33,2.0,2.15,,,,,,,
2025-07-13,,4.33,2.0,2.15,,,,,,,
2025-07-14,4.26,4.33,2.0,2.15,,,,,,,
2025-07-15,4.25,4.33,2.0,2.15,,,,,,,
2025-07-16,4.24,4.33,2.0,2.15,,,,,,,
2025-07-17,4.24,4.33,2.0,2.15,,,,,,,
2025-07-18,4.24,4.33,2.0,2.15,,,,,,,
2025-07-19,,4.33,2.0,2.15,,,,,,,
2025-07-20,,4.33,2.0,2.15,,,,,,,
2025-07-21,4.24,4.33,2.0,2.15,,,,,,,
2025-07-22,4.24,4.33,2.0,2.15,,,,,,,
2025-07-23,4.25,4.33,2.0,2.15,,,,,,,
2025-07-24,4.25,4.33,2.0,2.15,,,,,,,
2025-07-25,4.25,4.33,2.0,2.15,,,,,,,
2025-07-26,,4.33,2.0,2.15,,,,,,,
2025-07-27,,4.33,2.0,2.15,,,,,,,
2025-07-28,4.24,4.33,2.0,2.15,,,,,,,
2025-07-29,4.24,4.33,2.0,2.15,,,,,,,
2025-07-30,4.25,4.33,2.0,2.15,,,,,,,
2025-07-31,4.24,4.33,2.0,2.15,,,,,,,
2025-08-01,4.19,4.33,2.0,2.15,0.77273,3.98,2.655,2.043,-0.0615,2.0210952381,4.22
2025-08-02,,4.33,2.0,2.15,,,,,,,
2025-08-03,,4.33,2.0,2.15,,,,,,,
2025-08-04,4.16,4.33,2.0,2.15,,,,,,,
2025-08-05,4.16,4.33,2.0,2.15,,,,,,,
2025-08-06,4.14,4.33,2.0,2.15,,,,,,,
2025-08-07,4.14,4.33,2.0,2.15,,,,,,,
2025-08-08,4.14,4.33,2.0,2.15,,,,,,,
2025-08-09,,4.33,2.0,2.15,,,,,,,
2025-08-10,,4.33,2.0,2.15,,,,,,,
2025-08-11,4.15,4.33,2.0,2.15,,,,,,,
2025-08-12,4.14,4.33,2.0,2.15,,,,,,,
2025-08-13,4.11,4.33,2.0,2.15,,,,,,,
2025-08-14,4.12,4.33,2.0,2.15,,,,,,,
2025-08-15,4.12,4.33,2.0,2.15,,,,,,,
2025-08-16,,4.33,2.0,2.15,,,,,,,
2025-08-17,,4.33,2.0,2.15,,,,,,,
2025-08-18,4.14,4.33,2.0,2.15,,,,,,,
2025-08-19,4.12,4.33,2.0,2.15,,,,,,,
2025-08-20,4.12,4.33,2.0,2.15,,,,,,,
2025-08-21,4.14,4.33,2.0,2.15,,,,,,,
2025-08-22,4.1,4.33,2.0,2.15,,,,,,,
2025-08-23,,4.33,2.0,2.15,,,,,,,
2025-08-24,,4.33,2.0,2.15,,,,,,,
2025-08-25,4.1,4.33,2.0,2.15,,,,,,,
2025-08-26,4.1,4.33,2.0,2.15,,,,,,,
2025-08-27,4.08,4.33,2.0,2.15,,,,,,,
2025-08-28,4.08,4.33,2.0,2.15,,,,,,,
2025-08-29,4.05,4.33,2.0,2.15,,,,,,,
2025-08-30,,4.33,2.0,2.15,,,,,,,
2025-08-31,,4.33,2.0,2.15,,,,,,,
2025-09-01,,4.33,2.0,2.15,0.81818,3.97,2.4925,1.98341,-0.0596968181818182,2.0272727273,4.1
2025-09-02,4.05,4.33,2.0,2.15,,,,,,,
2025-09-03,4.03,4.33,2.0,2.15,,,,,,,
2025-09-04,4.01,4.33,2.0,2.15,,,,,,,
2025-09-05,3.92,4.33,2.0,2.15,,,,,,,
2025-09-06,,4.33,2.0,2.15,,,,,,,
2025-09-07,,4.33,2.0,2.15,,,,,,,
2025-09-08,3.95,4.33,2.0,2.15,,,,,,,
2025-09-09,3.95,4.33,2.0,2.15,,,,,,,
2025-09-10,3.94,4.33,2.0,2.15,,,,,,,
2025-09-11,3.94,4.33,2.0,2.15,,,,,,,
2025-09-12,3.94,4.33,2.0,2.15,,,,,,,
2025-09-13,,4.33,2.0,2.15,,,,,,,
2025-09-14,,4.33,2.0,2.15,,,,,,,
2025-09-15,3.91,4.33,2.0,2.15,,,,,,,
2025-09-16,3.9,4.33,2.0,2.15,,,,,,,
2025-09-17,3.88,4.33,2.0,2.15,,,,,,,
2025-09-18,3.89,4.08,2.0,2.15,,,,,,,
2025-09-19,3.89,4.08,2.0,2.15,,,,,,,
2025-09-20,,4.08,2.0,2.15,,,,,,,
2025-09-21,,4.08,2.0,2.15,,,,,,,
2025-09-22,3.86,4.09,2.0,2.15,,,,,,,
2025-09-23,3.86,4.09,2.0,2.15,,,,,,,
2025-09-24,3.87,4.09,2.0,2.15,,,,,,,
2025-09-25,3.89,4.09,2.0,2.15,,,,,,,
2025-09-26,3.87,4.09,2.0,2.15,,,,,,,
2025-09-27,,4.09,2.0,2.15,,,,,,,
2025-09-28,,4.09,2.0,2.15,,,,,,,
2025-09-29,3.86,4.09,2.0,2.15,,,,,,,
2025-09-30,3.86,4.09,2.0,2.15,,,,,,,
2025-10-01,3.85,4.09,2.0,2.15,0.80909,3.93,2.334,1.85274,-0.0643113043478261,2.0344347826,3.98
2025-10-02,3.86,4.09,2.0,2.15,,,,,,,
2025-10-03,3.87,4.09,2.0,2.15,,,,,,,
2025-10-04,,4.09,2.0,2.15,,,,,,,
2025-10-05,,4.09,2.0,2.15,,,,,,,
2025-10-06,3.86,4.09,2.0,2.15,,,,,,,
2025-10-07,3.85,4.09,2.0,2.15,,,,,,,
2025-10-08,3.85,4.1,2.0,2.15,,,,,,,
2025-10-09,3.87,4.1,2.0,2.15,,,,,,,
2025-10-10,3.86,4.1,2.0,2.15,,,,,,,
2025-10-11,,4.1,2.0,2.15,,,,,,,
2025-10-12,,4.1,2.0,2.15,,,,,,,
2025-10-13,,4.1,2.0,2.15,,,,,,,
2025-10-14,3.85,4.1,2.0,2.15,,,,,,,
2025-10-15,3.87,4.1,2.0,2.15,,,,,,,
2025-10-16,3.86,4.11,2.0,2.15,,,,,,,
2025-10-17,3.84,4.11,2.0,2.15,,,,,,,
2025-10-18,,4.11,2.0,2.15,,,,,,,
2025-10-19,,4.11,2.0,2.15,,,,,,,
2025-10-20,3.81,4.11,2.0,2.15,,,,,,,
2025-10-21,3.8,4.11,2.0,2.15,,,,,,,
2025-10-22,3.8,4.11,2.0,2.15,,,,,,,
2025-10-23,3.8,4.11,2.0,2.15,,,,,,,
2025-10-24,3.77,4.11,2.0,2.15,,,,,,,
2025-10-25,,4.11,2.0,2.15,,,,,,,
2025-10-26,,4.11,2.0,2.15,,,,,,,
2025-10-27,3.73,4.12,2.0,2.15,,,,,,,
2025-10-28,3.73,4.12,2.0,2.15,,,,,,,
2025-10-29,3.77,4.12,2.0,2.15,,,,,,,
2025-10-30,3.76,3.87,2.0,2.15,,,,,,,
2025-10-31,3.73,3.86,2.0,2.15,,,,,,,
2025-11-01,,3.86,2.0,2.15,0.80636,3.84,2.185,1.8687,-0.0475,2.04165,3.86
2025-11-02,,3.86,2.0,2.15,,,,,,,
2025-11-03,3.82,3.87,2.0,2.15,,,,,,,
2025-11-04,3.8,3.87,2.0,2.15,,,,,,,
2025-11-05,3.8,3.87,2.0,2.15,,,,,,,
2025-11-06,3.77,3.87,2.0,2.15,,,,,,,
2025-11-07,3.77,3.87,2.0,2.15,,,,,,,
2025-11-08,,3.87,2.0,2.15,,,,,,,
2025-11-09,,3.87,2.0,2.15,,,,,,,
2025-11-10,3.79,3.87,2.0,2.15,,,,,,,
2025-11-11,,3.87,2.0,2.15,,,,,,,
2025-11-12,3.79,3.87,2.0,2.15,,,,,,,
2025-11-13,3.8,3.88,2.0,2.15,,,,,,,
2025-11-14,3.8,3.88,2.0,2.15,,,,,,,
2025-11-15,,3.88,2.0,2.15,,,,,,,
2025-11-16,,3.88,2.0,2.15,,,,,,,
2025-11-17,3.8,3.88,2.0,2.15,,,,,,,
2025-11-18,3.78,3.88,2.0,2.15,,,,,,,
2025-11-19,3.79,3.88,2.0,2.15,,,,,,,
2025-11-20,3.78,3.88,2.0,2.15,,,,,,,
2025-11-21,3.75,3.88,2.0,2.15,,,,,,,
2025-11-22,,3.88,2.0,2.15,,,,,,,
2025-11-23,,3.88,2.0,2.15,,,,,,,
2025-11-24,3.75,3.88,2.0,2.15,,,,,,,
2025-11-25,3.74,3.88,2.0,2.15,,,,,,,
2025-11-26,3.76,3.88,2.0,2.15,,,,,,,
2025-11-27,,3.88,2.0,2.15,,,,,,,
2025-11-28,3.73,3.89,2.0,2.15,,,,,,,
2025-11-29,,3.89,2.0,2.15,,,,,,,
2025-11-30,,3.89,2.0,2.15,,,,,,,
2025-12-01,3.71,3.89,2.0,2.15,1.07273,3.75,2.164,1.92889,-0.0482128571428571,2.0457826087,3.74
2025-12-02,3.68,3.89,2.0,2.15,,,,,,,
2025-12-03,3.64,3.89,2.0,2.15,,,,,,,
2025-12-04,3.63,3.89,2.0,2.15,,,,,,,
2025-12-05,3.62,3.89,2.0,2.15,,,,,,,
2025-12-06,,3.89,2.0,2.15,,,,,,,
2025-12-07,,3.89,2.0,2.15,,,,,,,
2025-12-08,3.64,3.89,2.0,2.15,,,,,,,
2025-12-09,3.64,3.89,2.0,2.15,,,,,,,
2025-12-10,3.6,3.89,2.0,2.15,,,,,,,
2025-12-11,3.58,3.64,2.0,2.15,,,,,,,
2025-12-12,3.54,3.64,2.0,2.15,,,,,,,
2025-12-13,,3.64,2.0,2.15,,,,,,,
2025-12-14,,3.64,2.0,2.15,,,,,,,
2025-12-15,3.56,3.64,2.0,2.15,,,,,,,
2025-12-16,3.56,3.64,2.0,2.15,,,,,,,
2025-12-17,3.55,3.64,2.0,2.15,,,,,,,
2025-12-18,3.53,3.64,2.0,2.15,,,,,,,
2025-12-19,3.54,3.64,2.0,2.15,,,,,,,
2025-12-20,,3.64,2.0,2.15,,,,,,,
2025-12-21,,3.64,2.0,2.15,,,,,,,
2025-12-22,3.56,3.64,2.0,2.15,,,,,,,
2025-12-23,3.56,3.64,2.0,2.15,,,,,,,
2025-12-24,3.6,3.64,2.0,2.15,,,,,,,
2025-12-25,,3.64,2.0,2.15,,,,,,,
2025-12-26,3.56,3.64,2.0,2.15,,,,,,,
2025-12-27,,3.64,2.0,2.15,,,,,,,
2025-12-28,,3.64,2.0,2.15,,,,,,,
2025-12-29,3.57,3.64,2.0,2.15,,,,,,,
2025-12-30,3.55,3.64,2.0,2.15,,,,,,,
2025-12-31,3.57,3.64,2.0,2.15,,,,,,,
2026-01-01,,3.64,2.0,2.15,1.11636,3.71,2.19,1.9577,-0.0388865,2.0277272727,3.63
2026-01-02,3.54,3.64,2.0,2.15,,,,,,,
2026-01-03,,3.64,2.0,2.15,,,,,,,
2026-01-04,,3.64,2.0,2.15,,,,,,,
2026-01-05,3.54,3.64,2.0,2.15,,,,,,,
