Symbol,Time,Open,High,Low,Latest,Change,%Change,Volume,"Open Int"
B6Z10,2010-12-01,1.5553,1.5647,1.5546,1.5616,0.0047,+0.30%,140194,88875
B6Z10,2010-12-02,1.5608,1.5667,1.5511,1.5578,-0.0038,-0.24%,141368,89776
B6Z10,2010-12-03,1.5595,1.5789,1.5578,1.5742,0.0164,+1.05%,132213,83548
B6Z10,2010-12-06,1.5774,1.5775,1.5653,1.5717,-0.0025,-0.16%,95495,83693
B6Z10,2010-12-07,1.5715,1.5823,1.5702,1.5767,0.005,+0.32%,126241,86269
B6Z10,2010-12-08,1.5762,1.5837,1.5668,1.5805,0.0038,+0.24%,149773,88838
B6Z10,2010-12-09,1.5805,1.5841,1.5711,1.575,-0.0055,-0.35%,157831,94920
B6H11,2010-12-10,1.5762,1.5853,1.5737,1.579,0.004,+0.25%,113580,92453
B6H11,2010-12-13,1.579,1.5887,1.5708,1.5858,0.0068,+0.43%,101725,67537
B6H11,2010-12-14,1.5846,1.59,1.5727,1.5767,-0.0091,-0.57%,105349,67820
B6H11,2010-12-15,1.5757,1.5764,1.552,1.5529,-0.0238,-1.51%,118925,70989
B6H11,2010-12-16,1.554,1.5628,1.5529,1.5596,0.0067,+0.43%,80523,70401
B6H11,2010-12-17,1.5627,1.5639,1.5444,1.5502,-0.0094,-0.60%,95708,70996
B6H11,2010-12-20,1.5508,1.5567,1.5467,1.5495,-0.0007,-0.05%,68410,70562
B6H11,2010-12-21,1.5496,1.556,1.5426,1.5454,-0.0041,-0.26%,66748,69207
B6H11,2010-12-22,1.546,1.5486,1.5346,1.5359,-0.0095,-0.61%,71956,77241
B6H11,2010-12-23,1.5378,1.5438,1.5363,1.5404,0.0045,+0.29%,58385,78641
B6H11,2010-12-27,1.5425,1.5448,1.5361,1.5395,-0.0009,-0.06%,31797,78346
B6H11,2010-12-28,1.5411,1.5505,1.5335,1.5361,-0.0034,-0.22%,59740,82141
B6H11,2010-12-29,1.5364,1.551,1.5342,1.5501,0.014,+0.91%,58960,81123
B6H11,2010-12-30,1.5492,1.5527,1.5357,1.5407,-0.0094,-0.61%,66633,85200
B6H11,2010-12-31,1.5419,1.5659,1.5416,1.5581,0.0174,+1.13%,47307,82354
B6H11,2011-01-03,1.5536,1.5581,1.5424,1.5483,-0.0098,-0.63%,69780,87022
B6H11,2011-01-04,1.5475,1.5638,1.5447,1.5573,0.009,+0.58%,110918,84270
B6H11,2011-01-05,1.5584,1.562,1.5443,1.5485,-0.0088,-0.57%,110048,91167
B6H11,2011-01-06,1.5499,1.5557,1.5439,1.5461,-0.0024,-0.15%,126057,91957
B6H11,2011-01-07,1.5448,1.5573,1.5397,1.5541,0.008,+0.52%,118620,85999
B6H11,2011-01-10,1.5526,1.5595,1.5467,1.5575,0.0034,+0.22%,90965,87419
B6H11,2011-01-11,1.5568,1.5633,1.5506,1.5593,0.0018,+0.12%,116487,86335
B6H11,2011-01-12,1.5591,1.5773,1.5575,1.5758,0.0165,+1.06%,138943,87099
B6H11,2011-01-13,1.5743,1.5878,1.5713,1.5836,0.0078,+0.49%,129503,85340
B6H11,2011-01-14,1.5826,1.5882,1.5803,1.5875,0.0039,+0.25%,114368,82269
B6H11,2011-01-18,1.587,1.6054,1.5828,1.5969,0.0094,+0.59%,200975,90630
B6H11,2011-01-19,1.5959,1.6032,1.5938,1.5981,0.0012,+0.08%,114636,90738
B6H11,2011-01-20,1.5985,1.6005,1.5831,1.5905,-0.0076,-0.48%,148516,93455
B6H11,2011-01-21,1.5891,1.6011,1.5861,1.5995,0.009,+0.57%,107971,97326
B6H11,2011-01-24,1.5992,1.6008,1.5916,1.5988,-0.0007,-0.04%,86332,99507
B6H11,2011-01-25,1.5976,1.6013,1.5745,1.5787,-0.0201,-1.26%,204549,96648
B6H11,2011-01-26,1.5816,1.5939,1.5763,1.5873,0.0086,+0.54%,138341,101634
B6H11,2011-01-27,1.5904,1.5986,1.5874,1.593,0.0057,+0.36%,131323,102145
B6H11,2011-01-28,1.5929,1.5962,1.582,1.5863,-0.0067,-0.42%,122839,100479
B6H11,2011-01-31,1.5842,1.6045,1.5818,1.602,0.0157,+0.99%,138871,107234
B6H11,2011-02-01,1.601,1.6159,1.6005,1.6135,0.0115,+0.72%,137012,108587
B6H11,2011-02-02,1.6132,1.6225,1.6124,1.6167,0.0032,+0.20%,107910,107911
B6H11,2011-02-03,1.6179,1.6274,1.6117,1.6143,-0.0024,-0.15%,136311,111221
B6H11,2011-02-04,1.6133,1.6169,1.6032,1.6091,-0.0052,-0.32%,121330,114495
B6H11,2011-02-07,1.6097,1.6181,1.6084,1.6115,0.0024,+0.15%,97693,117861
B6H11,2011-02-08,1.6112,1.6158,1.6023,1.6053,-0.0062,-0.38%,129123,111363
B6H11,2011-02-09,1.6072,1.6121,1.6028,1.6092,0.0039,+0.24%,119674,115740
B6H11,2011-02-10,1.6093,1.6136,1.6001,1.6088,-0.0004,-0.02%,142437,121111
B6H11,2011-02-11,1.6087,1.6109,1.5959,1.6019,-0.0069,-0.43%,118062,113442
B6H11,2011-02-14,1.6004,1.6075,1.5978,1.6031,0.0012,+0.07%,95984,111215
B6H11,2011-02-15,1.6027,1.617,1.6003,1.6128,0.0097,+0.61%,202830,132763
B6H11,2011-02-16,1.612,1.6182,1.5983,1.6092,-0.0036,-0.22%,199946,121903
B6H11,2011-02-17,1.6089,1.6185,1.6072,1.617,0.0078,+0.48%,105160,124476
B6H11,2011-02-18,1.6171,1.6261,1.6146,1.6243,0.0073,+0.45%,127542,126357
B6H11,2011-02-22,1.6245,1.6254,1.6098,1.6142,-0.0101,-0.62%,174244,123774
B6H11,2011-02-23,1.6143,1.6296,1.6142,1.6199,0.0057,+0.35%,119542,126009
B6H11,2011-02-24,1.621,1.6253,1.6082,1.6138,-0.0061,-0.38%,131827,126027
B6H11,2011-02-25,1.6141,1.6159,1.6028,1.6097,-0.0041,-0.25%,114053,117488
B6H11,2011-02-28,1.6085,1.6276,1.6071,1.6268,0.0171,+1.06%,138624,124879
B6H11,2011-03-01,1.6265,1.6329,1.625,1.6263,-0.0005,-0.03%,127850,126350
B6H11,2011-03-02,1.6261,1.6343,1.6214,1.6328,0.0065,+0.40%,106300,127833
B6H11,2011-03-03,1.6325,1.6333,1.6251,1.6273,-0.0055,-0.34%,139146,127678
B6H11,2011-03-04,1.6274,1.633,1.622,1.6261,-0.0012,-0.07%,112310,131238
B6H11,2011-03-07,1.6277,1.634,1.6181,1.6199,-0.0062,-0.38%,140990,135828
B6H11,2011-03-08,1.6205,1.6209,1.6123,1.6158,-0.0041,-0.25%,138751,145352
B6H11,2011-03-09,1.6161,1.6244,1.6136,1.6193,0.0035,+0.22%,181377,149346
B6M11,2011-03-10,1.6169,1.6196,1.602,1.6031,-0.0162,-1.00%,247803,155907
B6M11,2011-03-11,1.605,1.6072,1.5959,1.6053,0.0022,+0.14%,153818,153104
B6M11,2011-03-14,1.6069,1.6184,1.601,1.6157,0.0104,+0.65%,121332,100509
B6M11,2011-03-15,1.6156,1.6169,1.5961,1.6076,-0.0081,-0.50%,125258,98181
B6M11,2011-03-16,1.6076,1.6115,1.597,1.6012,-0.0064,-0.40%,116258,96930
B6M11,2011-03-17,1.5973,1.6158,1.5967,1.612,0.0108,+0.67%,118590,95779
B6M11,2011-03-18,1.6129,1.6243,1.6043,1.6199,0.0079,+0.49%,123655,99935
B6M11,2011-03-21,1.6203,1.6312,1.619,1.6302,0.0103,+0.64%,97448,111474
B6M11,2011-03-22,1.6283,1.6385,1.6277,1.6365,0.0063,+0.39%,91917,117982
B6M11,2011-03-23,1.6353,1.6376,1.6202,1.6229,-0.0136,-0.83%,100763,122033
B6M11,2011-03-24,1.6225,1.6252,1.6075,1.6091,-0.0138,-0.85%,138885,109798
B6M11,2011-03-25,1.611,1.6127,1.599,1.5999,-0.0092,-0.57%,108877,109009
B6M11,2011-03-28,1.599,1.6023,1.5921,1.5986,-0.0013,-0.08%,105514,106800
B6M11,2011-03-29,1.5973,1.6027,1.5927,1.5975,-0.0011,-0.07%,90702,104506
B6M11,2011-03-30,1.5987,1.6069,1.5964,1.6054,0.0079,+0.49%,108264,99990
B6M11,2011-03-31,1.6057,1.6137,1.5999,1.6052,-0.0002,-0.01%,132394,98434
B6M11,2011-04-01,1.602,1.6118,1.5954,1.6104,0.0052,+0.32%,153709,98591
B6M11,2011-04-04,1.6097,1.6162,1.6092,1.6112,0.0008,+0.05%,81906,99626
B6M11,2011-04-05,1.6118,1.6284,1.6075,1.627,0.0158,+0.98%,148533,111219
B6M11,2011-04-06,1.6275,1.6349,1.6241,1.6312,0.0042,+0.26%,123721,112015
B6M11,2011-04-07,1.6315,1.6365,1.6246,1.6301,-0.0011,-0.07%,105491,112314
B6M11,2011-04-08,1.6307,1.6414,1.63,1.6336,0.0035,+0.21%,107112,119559
B6M11,2011-04-11,1.6361,1.6413,1.63,1.6332,-0.0004,-0.02%,85711,122890
B6M11,2011-04-12,1.6334,1.6335,1.6214,1.6242,-0.009,-0.55%,138640,120316
B6M11,2011-04-13,1.6247,1.6298,1.6224,1.6261,0.0019,+0.12%,91420,112864
B6M11,2011-04-14,1.6252,1.6374,1.6242,1.634,0.0079,+0.49%,107918,114917
B6M11,2011-04-15,1.6332,1.6361,1.6279,1.6294,-0.0046,-0.28%,85584,113454
B6M11,2011-04-18,1.6311,1.6318,1.6154,1.6241,-0.0053,-0.33%,157179,110409
B6M11,2011-04-19,1.6259,1.633,1.6219,1.6304,0.0063,+0.39%,107035,108808
B6M11,2011-04-20,1.6309,1.6418,1.6296,1.6397,0.0093,+0.57%,121402,112586
B6M11,2011-04-21,1.6387,1.659,1.6376,1.6538,0.0141,+0.86%,138585,118655
B6M11,2011-04-25,1.6505,1.6542,1.6458,1.6496,-0.0042,-0.25%,34429,115845
B6M11,2011-04-26,1.6481,1.6523,1.6421,1.6466,-0.003,-0.18%,93651,118486
B6M11,2011-04-27,1.6474,1.6628,1.6425,1.6568,0.0102,+0.62%,127833,120816
B6M11,2011-04-28,1.6616,1.6738,1.6568,1.6633,0.0065,+0.39%,94200,119275
B6M11,2011-04-29,1.6635,1.6715,1.6615,1.6701,0.0068,+0.41%,66199,120685
B6M11,2011-05-02,1.6707,1.6731,1.6625,1.6673,-0.0028,-0.17%,69353,125242
B6M11,2011-05-03,1.6638,1.6673,1.6453,1.6458,-0.0215,-1.29%,132991,124003
B6M11,2011-05-04,1.6477,1.6566,1.6444,1.6507,0.0049,+0.30%,109516,124258
B6M11,2011-05-05,1.6486,1.6536,1.6349,1.637,-0.0137,-0.83%,151793,115855
B6M11,2011-05-06,1.6381,1.6456,1.6347,1.6358,-0.0012,-0.07%,150206,116569
B6M11,2011-05-09,1.6369,1.64,1.6262,1.6382,0.0024,+0.15%,126118,110157
B6M11,2011-05-10,1.6384,1.6415,1.6308,1.6343,-0.0039,-0.24%,77301,108117
B6M11,2011-05-11,1.636,1.6512,1.6315,1.6337,-0.0006,-0.04%,149979,113490
B6M11,2011-05-12,1.6346,1.6375,1.6229,1.6278,-0.0059,-0.36%,154811,111384
B6M11,2011-05-13,1.6284,1.6302,1.6139,1.6168,-0.011,-0.68%,128859,105401
B6M11,2011-05-16,1.6169,1.6249,1.6154,1.6203,0.0035,+0.22%,90978,107664
B6M11,2011-05-17,1.6198,1.6299,1.6169,1.6244,0.0041,+0.25%,127077,103753
B6M11,2011-05-18,1.6239,1.6282,1.6099,1.6138,-0.0106,-0.65%,161644,108134
B6M11,2011-05-19,1.6161,1.6237,1.6124,1.6209,0.0071,+0.44%,122974,108558
B6M11,2011-05-20,1.622,1.6301,1.6162,1.6273,0.0064,+0.39%,129316,107193
B6M11,2011-05-23,1.6223,1.623,1.6081,1.6113,-0.016,-0.98%,121696,112270
B6M11,2011-05-24,1.612,1.6206,1.6053,1.6178,0.0065,+0.40%,105845,110336
B6M11,2011-05-25,1.6181,1.6291,1.6129,1.6274,0.0096,+0.59%,124877,109834
B6M11,2011-05-26,1.6269,1.6406,1.6267,1.6389,0.0115,+0.71%,121020,109989
B6M11,2011-05-27,1.6388,1.6508,1.6377,1.6487,0.0098,+0.60%,107033,110503
B6M11,2011-05-31,1.6479,1.6546,1.6421,1.645,-0.0037,-0.22%,114834,108085
B6M11,2011-06-01,1.6447,1.6494,1.6327,1.6358,-0.0092,-0.56%,131043,107584
B6M11,2011-06-02,1.6328,1.6417,1.63,1.6359,0.0001,+0.01%,105811,108640
B6M11,2011-06-03,1.6371,1.6438,1.6281,1.6415,0.0056,+0.34%,112435,107838
B6M11,2011-06-06,1.6418,1.6459,1.6339,1.635,-0.0065,-0.40%,98753,113844
B6M11,2011-06-07,1.6351,1.6473,1.6323,1.645,0.01,+0.61%,145431,113641
B6M11,2011-06-08,1.644,1.645,1.6346,1.6391,-0.0059,-0.36%,165086,113451
B6M11,2011-06-09,1.6397,1.6468,1.6358,1.6365,-0.0026,-0.16%,166052,115422
B6U11,2011-06-10,1.6343,1.6362,1.6188,1.6219,-0.0146,-0.89%,181830,119434
B6U11,2011-06-13,1.6225,1.6369,1.6196,1.6354,0.0135,+0.83%,108558,91624
B6U11,2011-06-14,1.6355,1.6423,1.6335,1.6364,0.001,+0.06%,92763,90719
B6U11,2011-06-15,1.6353,1.6364,1.6148,1.616,-0.0204,-1.25%,142054,92888
B6U11,2011-06-16,1.6176,1.6207,1.606,1.6087,-0.0073,-0.45%,134543,92930
B6U11,2011-06-17,1.6144,1.618,1.6075,1.6158,0.0071,+0.44%,88739,90818
B6U11,2011-06-20,1.615,1.6217,1.609,1.6163,0.0005,+0.03%,81763,94535
B6U11,2011-06-21,1.6182,1.6236,1.6148,1.6229,0.0066,+0.41%,75919,92824
B6U11,2011-06-22,1.6223,1.6246,1.6042,1.6062,-0.0167,-1.03%,126292,97695
B6U11,2011-06-23,1.6057,1.6062,1.5922,1.598,-0.0082,-0.51%,144075,101891
B6U11,2011-06-24,1.6003,1.603,1.5935,1.5956,-0.0024,-0.15%,104034,103060
B6U11,2011-06-27,1.5951,1.5996,1.5896,1.596,0.0004,+0.03%,94445,101005
B6U11,2011-06-28,1.5974,1.6028,1.5894,1.5973,0.0013,+0.08%,132715,102414
B6U11,2011-06-29,1.598,1.6059,1.5954,1.6038,0.0065,+0.41%,116768,104913
B6U11,2011-06-30,1.6048,1.6102,1.5957,1.6051,0.0013,+0.08%,128697,109864
B6U11,2011-07-01,1.6029,1.6081,1.5972,1.6049,-0.0002,-0.01%,103092,112591
B6U11,2011-07-05,1.605,1.6125,1.5975,1.6033,-0.0016,-0.10%,138818,118359
B6U11,2011-07-06,1.6053,1.6077,1.5932,1.5966,-0.0067,-0.42%,115206,123063
B6U11,2011-07-07,1.5992,1.6005,1.5929,1.5947,-0.0019,-0.12%,95244,123404
B6U11,2011-07-08,1.5958,1.6067,1.5917,1.6017,0.007,+0.44%,135006,113032
B6U11,2011-07-11,1.6017,1.6028,1.5868,1.5894,-0.0123,-0.77%,118530,120427
B6U11,2011-07-12,1.5901,1.5938,1.5768,1.5924,0.003,+0.19%,147706,121134
B6U11,2011-07-13,1.592,1.611,1.5891,1.6093,0.0169,+1.06%,154114,106189
B6U11,2011-07-14,1.6151,1.6184,1.6084,1.6117,0.0024,+0.15%,104639,101854
B6U11,2011-07-15,1.613,1.6164,1.6064,1.611,-0.0007,-0.04%,84055,99100
B6U11,2011-07-18,1.6118,1.6125,1.5993,1.6034,-0.0076,-0.47%,109441,101546
B6U11,2011-07-19,1.6041,1.6168,1.6034,1.6107,0.0073,+0.46%,107436,98291
B6U11,2011-07-20,1.6111,1.6156,1.6057,1.615,0.0043,+0.27%,96834,101328
B6U11,2011-07-21,1.6143,1.6323,1.6111,1.6304,0.0154,+0.95%,125865,99937
B6U11,2011-07-22,1.631,1.6317,1.6253,1.6296,-0.0008,-0.05%,78041,99513
B6U11,2011-07-25,1.6319,1.6327,1.6251,1.6287,-0.0009,-0.06%,63285,100105
B6U11,2011-07-26,1.6273,1.642,1.6256,1.6413,0.0126,+0.77%,95722,97415
B6U11,2011-07-27,1.6412,1.646,1.6303,1.6317,-0.0096,-0.58%,97529,96891
B6U11,2011-07-28,1.6319,1.6372,1.6284,1.6336,0.0019,+0.12%,73562,96147
B6U11,2011-07-29,1.6362,1.6464,1.6251,1.6423,0.0087,+0.53%,115313,99689
B6U11,2011-08-01,1.6379,1.6468,1.6229,1.6292,-0.0131,-0.80%,117737,98880
B6U11,2011-08-02,1.6298,1.6321,1.6218,1.6289,-0.0003,-0.02%,86831,103172
B6U11,2011-08-03,1.6279,1.6425,1.6245,1.6413,0.0124,+0.76%,104204,104262
B6U11,2011-08-04,1.6431,1.6435,1.6235,1.6277,-0.0136,-0.83%,130707,103333
B6U11,2011-08-05,1.625,1.6394,1.6222,1.6356,0.0079,+0.49%,148174,101116
B6U11,2011-08-08,1.6441,1.6486,1.629,1.6348,-0.0008,-0.05%,135222,107449
B6U11,2011-08-09,1.6306,1.6406,1.6168,1.6208,-0.014,-0.86%,164858,105544
B6U11,2011-08-10,1.6322,1.6327,1.6116,1.6154,-0.0054,-0.33%,137735,104951
B6U11,2011-08-11,1.6126,1.6238,1.6105,1.6208,0.0054,+0.33%,114386,104685
B6U11,2011-08-12,1.6228,1.6308,1.616,1.6274,0.0066,+0.41%,103182,99126
B6U11,2011-08-15,1.6278,1.6406,1.6251,1.6381,0.0107,+0.66%,74260,100475
B6U11,2011-08-16,1.6377,1.6474,1.6317,1.6451,0.007,+0.43%,87768,100562
B6U11,2011-08-17,1.6446,1.659,1.6339,1.6562,0.0111,+0.67%,113139,99074
B6U11,2011-08-18,1.6534,1.655,1.6415,1.6498,-0.0064,-0.39%,96440,99011
B6U11,2011-08-19,1.65,1.6615,1.644,1.6477,-0.0021,-0.13%,105329,103243
B6U11,2011-08-22,1.648,1.6517,1.6431,1.648,0.0003,+0.02%,63566,102639
B6U11,2011-08-23,1.6458,1.657,1.6449,1.6497,0.0017,+0.10%,75210,102177
B6U11,2011-08-24,1.6485,1.6532,1.6357,1.6367,-0.013,-0.79%,87104,97652
B6U11,2011-08-25,1.6362,1.6395,1.6241,1.628,-0.0087,-0.53%,90803,101624
B6U11,2011-08-26,1.6284,1.6378,1.6204,1.6332,0.0052,+0.32%,95097,98925
B6U11,2011-08-29,1.6341,1.6451,1.6332,1.6405,0.0073,+0.45%,57678,91554
B6U11,2011-08-30,1.6406,1.6416,1.6252,1.6305,-0.01,-0.61%,90296,96164
B6U11,2011-08-31,1.6301,1.6333,1.6229,1.6238,-0.0067,-0.41%,69066,96043
B6U11,2011-09-01,1.6251,1.6254,1.6128,1.6174,-0.0064,-0.39%,93280,102336
B6U11,2011-09-02,1.6181,1.6252,1.6169,1.6205,0.0031,+0.19%,73070,103905
B6U11,2011-09-06,1.6155,1.6205,1.5918,1.5933,-0.0272,-1.68%,187051,110372
B6U11,2011-09-07,1.5942,1.6038,1.5914,1.5976,0.0043,+0.27%,111072,117872
B6U11,2011-09-08,1.5984,1.6082,1.5911,1.5965,-0.0011,-0.07%,131767,122642
B6U11,2011-09-09,1.5956,1.5989,1.5842,1.5862,-0.0103,-0.65%,134001,134265
B6U11,2011-09-12,1.5838,1.5886,1.5772,1.5811,-0.0051,-0.32%,131683,136997
B6U11,2011-09-13,1.586,1.587,1.5761,1.5801,-0.001,-0.06%,152890,142120
B6U11,2011-09-14,1.5777,1.5815,1.5706,1.5768,-0.0033,-0.21%,211054,163470
B6Z11,2011-09-15,1.5752,1.5852,1.5719,1.5793,0.0025,+0.16%,200169,178582
B6Z11,2011-09-16,1.5786,1.5826,1.5729,1.5774,-0.0019,-0.12%,108948,183564
B6Z11,2011-09-19,1.5705,1.5741,1.5618,1.5678,-0.0096,-0.61%,95052,142934
B6Z11,2011-09-20,1.5688,1.5735,1.5641,1.5716,0.0038,+0.24%,97517,143678
B6Z11,2011-09-21,1.5726,1.573,1.5474,1.5566,-0.015,-0.95%,149441,148761
B6Z11,2011-09-22,1.5491,1.5505,1.5316,1.5342,-0.0224,-1.44%,154438,149926
B6Z11,2011-09-23,1.533,1.5481,1.5328,1.5412,0.007,+0.46%,128650,148354
B6Z11,2011-09-26,1.5463,1.5558,1.5412,1.5511,0.0099,+0.64%,116287,147088
B6Z11,2011-09-27,1.5544,1.5693,1.5511,1.5644,0.0133,+0.86%,123920,154682
B6Z11,2011-09-28,1.5624,1.5666,1.5553,1.5589,-0.0055,-0.35%,99660,157569
B6Z11,2011-09-29,1.5562,1.5706,1.5532,1.5579,-0.001,-0.06%,114835,154853
B6Z11,2011-09-30,1.5595,1.5656,1.5521,1.5609,0.003,+0.19%,116512,152193
B6Z11,2011-10-03,1.5542,1.5595,1.5413,1.5457,-0.0152,-0.97%,136681,164273
B6Z11,2011-10-04,1.5425,1.549,1.533,1.5368,-0.0089,-0.58%,119126,175500
B6Z11,2011-10-05,1.5467,1.5486,1.5385,1.5458,0.009,+0.59%,121068,176256
B6Z11,2011-10-06,1.5452,1.5493,1.5179,1.5422,-0.0036,-0.23%,184064,190985
B6Z11,2011-10-07,1.5429,1.5636,1.5414,1.5544,0.0122,+0.79%,141089,180220
B6Z11,2011-10-10,1.5543,1.5679,1.5517,1.5666,0.0122,+0.78%,77563,178408
B6Z11,2011-10-11,1.5648,1.5653,1.5561,1.5578,-0.0088,-0.56%,88459,184709
B6Z11,2011-10-12,1.5581,1.5789,1.5532,1.5743,0.0165,+1.06%,125495,176903
B6Z11,2011-10-13,1.5727,1.5774,1.5655,1.5759,0.0016,+0.10%,96853,175705
B6Z11,2011-10-14,1.5751,1.5842,1.5712,1.5805,0.0046,+0.29%,81807,175200
B6Z11,2011-10-17,1.5809,1.5839,1.572,1.5742,-0.0063,-0.40%,75273,175138
B6Z11,2011-10-18,1.573,1.5812,1.5621,1.5706,-0.0036,-0.23%,121911,175827
B6Z11,2011-10-19,1.5701,1.5847,1.569,1.5753,0.0047,+0.30%,105252,170762
B6Z11,2011-10-20,1.576,1.5797,1.5672,1.5777,0.0024,+0.15%,119391,171041
B6Z11,2011-10-21,1.5782,1.5964,1.5745,1.5929,0.0152,+0.96%,102229,167838
B6Z11,2011-10-24,1.5933,1.5998,1.589,1.599,0.0061,+0.38%,84648,170473
B6Z11,2011-10-25,1.5985,1.6031,1.5948,1.6006,0.0016,+0.10%,96362,171560
B6Z11,2011-10-26,1.5999,1.6033,1.5881,1.5948,-0.0058,-0.36%,100995,170753
B6Z11,2011-10-27,1.5956,1.6133,1.5945,1.6106,0.0158,+0.99%,121975,170648
B6Z11,2011-10-28,1.6097,1.6144,1.6062,1.6108,0.0002,+0.01%,82519,168732
B6Z11,2011-10-31,1.6119,1.6158,1.5958,1.6126,0.0018,+0.11%,131049,167071
B6Z11,2011-11-01,1.6083,1.609,1.5883,1.5955,-0.0171,-1.06%,128175,169493
B6Z11,2011-11-02,1.595,1.6043,1.5909,1.5955,0,0.00%,104140,160139
B6Z11,2011-11-03,1.5933,1.6055,1.5867,1.6031,0.0076,+0.48%,137822,154339
B6Z11,2011-11-04,1.6032,1.6058,1.5938,1.6032,0.0001,+0.01%,94398,152454
B6Z11,2011-11-07,1.6051,1.6073,1.5972,1.605,0.0018,+0.11%,75824,149791
B6Z11,2011-11-08,1.6047,1.6124,1.6029,1.6113,0.0063,+0.39%,70694,147978
B6Z11,2011-11-09,1.6081,1.6114,1.5899,1.5913,-0.02,-1.24%,110287,150231
B6Z11,2011-11-10,1.5906,1.598,1.5863,1.59,-0.0013,-0.08%,115421,150040
B6Z11,2011-11-11,1.593,1.6087,1.589,1.6056,0.0156,+0.98%,80876,146445
B6Z11,2011-11-14,1.6063,1.609,1.5875,1.5887,-0.0169,-1.05%,81024,149321
B6Z11,2011-11-15,1.5895,1.5927,1.5793,1.5827,-0.006,-0.38%,81349,150702
B6Z11,2011-11-16,1.581,1.5817,1.5716,1.5769,-0.0058,-0.37%,97776,154679
B6Z11,2011-11-17,1.5723,1.581,1.5686,1.5751,-0.0018,-0.11%,91941,157337
B6Z11,2011-11-18,1.5758,1.5885,1.5733,1.578,0.0029,+0.18%,78262,157258
B6Z11,2011-11-21,1.5783,1.5787,1.5607,1.5641,-0.0139,-0.88%,84147,160577
B6Z11,2011-11-22,1.5642,1.5688,1.5577,1.5621,-0.002,-0.13%,73673,160287
B6Z11,2011-11-23,1.5639,1.5652,1.5491,1.5505,-0.0116,-0.74%,106984,180388
B6Z11,2011-11-25,1.5541,1.5563,1.542,1.5432,-0.0073,-0.47%,83957,184869
B6Z11,2011-11-28,1.5489,1.5592,1.5432,1.549,0.0058,+0.38%,81006,193216
B6Z11,2011-11-29,1.5503,1.5656,1.5467,1.5602,0.0112,+0.72%,94222,190728
B6Z11,2011-11-30,1.5607,1.578,1.5523,1.5697,0.0095,+0.61%,143559,186143
B6Z11,2011-12-01,1.5697,1.5753,1.5634,1.5683,-0.0014,-0.09%,116424,200761
B6Z11,2011-12-02,1.5687,1.5727,1.5574,1.5593,-0.009,-0.57%,89628,205370
B6Z11,2011-12-05,1.5599,1.5721,1.5586,1.5643,0.005,+0.32%,94941,203983
B6Z11,2011-12-06,1.5643,1.5664,1.556,1.5603,-0.004,-0.26%,102622,209514
B6Z11,2011-12-07,1.5599,1.5725,1.5586,1.5693,0.009,+0.58%,108000,200657
B6Z11,2011-12-08,1.5706,1.5769,1.5608,1.5641,-0.0052,-0.33%,109287,200389
B6Z11,2011-12-09,1.5625,1.5734,1.5584,1.5661,0.002,+0.13%,102765,195419
B6Z11,2011-12-12,1.5646,1.5661,1.5536,1.558,-0.0081,-0.52%,131681,204947
B6Z11,2011-12-13,1.5583,1.5628,1.545,1.5492,-0.0088,-0.56%,185843,218203
B6H12,2011-12-14,1.5477,1.5517,1.5394,1.5453,-0.0039,-0.25%,201452,243753
B6H12,2011-12-15,1.5448,1.5517,1.5421,1.5489,0.0036,+0.23%,169852,268489
B6H12,2011-12-16,1.55,1.5545,1.5469,1.5485,-0.0004,-0.03%,93151,267718
B6H12,2011-12-19,1.5512,1.5532,1.5451,1.5507,0.0022,+0.14%,61177,195214
B6H12,2011-12-20,1.5483,1.5688,1.5477,1.5648,0.0141,+0.91%,96144,183972
B6H12,2011-12-21,1.5646,1.5761,1.5634,1.5656,0.0008,+0.05%,80525,180254
B6H12,2011-12-22,1.5664,1.5716,1.5637,1.5668,0.0012,+0.08%,49104,180728
B6H12,2011-12-23,1.5666,1.5696,1.557,1.5616,-0.0052,-0.33%,38885,183353
B6H12,2011-12-27,1.5641,1.5668,1.562,1.5657,0.0041,+0.26%,21226,183119
B6H12,2011-12-28,1.5647,1.5681,1.5427,1.544,-0.0217,-1.39%,87664,201295
B6H12,2011-12-29,1.545,1.5465,1.535,1.5382,-0.0058,-0.38%,56368,206632
B6H12,2011-12-30,1.5398,1.5562,1.5382,1.55,0.0118,+0.77%,55574,202249
B6H12,2012-01-03,1.5564,1.5663,1.55,1.5638,0.0138,+0.89%,65050,193595
B6H12,2012-01-04,1.5634,1.5643,1.5568,1.56,-0.0038,-0.24%,63871,189586
B6H12,2012-01-05,1.56,1.5619,1.5457,1.5475,-0.0125,-0.80%,82311,195154
B6H12,2012-01-06,1.5485,1.5515,1.5365,1.5414,-0.0061,-0.39%,79808,201482
B6H12,2012-01-09,1.5411,1.5461,1.5386,1.5429,0.0015,+0.10%,50002,203303
B6H12,2012-01-10,1.5453,1.5492,1.5429,1.5476,0.0047,+0.30%,53619,199855
B6H12,2012-01-11,1.5474,1.5479,1.53,1.5306,-0.017,-1.10%,108657,208342
B6H12,2012-01-12,1.5323,1.5359,1.527,1.5331,0.0025,+0.16%,96858,214790
B6H12,2012-01-13,1.5329,1.54,1.5222,1.5293,-0.0038,-0.25%,98370,213212
B6H12,2012-01-17,1.5286,1.5396,1.5273,1.5318,0.0025,+0.16%,90543,211418
B6H12,2012-01-18,1.5324,1.5436,1.5318,1.5417,0.0099,+0.65%,88995,206633
B6H12,2012-01-19,1.5423,1.549,1.5407,1.546,0.0043,+0.28%,81321,199799
B6H12,2012-01-20,1.5482,1.5571,1.5443,1.5532,0.0072,+0.47%,88822,193537
B6H12,2012-01-23,1.5535,1.5595,1.551,1.5555,0.0023,+0.15%,79560,190954
B6H12,2012-01-24,1.5557,1.5624,1.5525,1.5597,0.0042,+0.27%,81325,190040
B6H12,2012-01-25,1.5613,1.5672,1.5525,1.5639,0.0042,+0.27%,108622,188833
B6H12,2012-01-26,1.5648,1.573,1.5644,1.5689,0.005,+0.32%,98623,188953
B6H12,2012-01-27,1.5683,1.5735,1.5635,1.5716,0.0027,+0.17%,100163,191914
B6H12,2012-01-30,1.5722,1.5723,1.5647,1.5692,-0.0024,-0.15%,68083,191982
B6H12,2012-01-31,1.5701,1.5794,1.5691,1.5749,0.0057,+0.36%,103885,190849
B6H12,2012-02-01,1.5762,1.588,1.57,1.5829,0.008,+0.51%,107105,196123
B6H12,2012-02-02,1.5834,1.5854,1.579,1.5797,-0.0032,-0.20%,79437,193667
B6H12,2012-02-03,1.5803,1.5855,1.5745,1.5825,0.0028,+0.18%,99860,192663
B6H12,2012-02-06,1.5814,1.5837,1.5725,1.5821,-0.0004,-0.03%,74075,192729
B6H12,2012-02-07,1.5818,1.5901,1.5784,1.5891,0.007,+0.44%,86813,195888
B6H12,2012-02-08,1.5899,1.5924,1.5792,1.5812,-0.0079,-0.50%,87042,194040
B6H12,2012-02-09,1.5813,1.5882,1.5789,1.5822,0.001,+0.06%,86283,194328
B6H12,2012-02-10,1.5814,1.5845,1.5725,1.5735,-0.0087,-0.55%,79760,193335
B6H12,2012-02-13,1.579,1.5824,1.5735,1.577,0.0035,+0.22%,71250,194950
B6H12,2012-02-14,1.5748,1.577,1.5641,1.5653,-0.0117,-0.74%,110146,192071
B6H12,2012-02-15,1.5691,1.5732,1.5653,1.5687,0.0034,+0.22%,100717,187728
B6H12,2012-02-16,1.5682,1.5813,1.5652,1.5798,0.0111,+0.71%,119685,189758
B6H12,2012-02-17,1.5797,1.586,1.5786,1.5838,0.004,+0.25%,87019,186626
B6H12,2012-02-21,1.5855,1.5895,1.5769,1.5782,-0.0056,-0.35%,128767,186668
B6H12,2012-02-22,1.5781,1.5813,1.5645,1.5669,-0.0113,-0.72%,135486,196045
B6H12,2012-02-23,1.5672,1.5747,1.5648,1.5713,0.0044,+0.28%,94131,198433
B6H12,2012-02-24,1.574,1.5899,1.5713,1.5884,0.0171,+1.09%,146114,184732
B6H12,2012-02-27,1.5887,1.5895,1.5808,1.5817,-0.0067,-0.42%,86471,182963
B6H12,2012-02-28,1.5818,1.5907,1.5798,1.5886,0.0069,+0.44%,88394,176885
B6H12,2012-02-29,1.59,1.5991,1.5898,1.5919,0.0033,+0.21%,141408,173735
B6H12,2012-03-01,1.5914,1.5974,1.5895,1.595,0.0031,+0.19%,83428,174806
B6H12,2012-03-02,1.5953,1.5965,1.5822,1.583,-0.012,-0.75%,100396,173937
B6H12,2012-03-05,1.5829,1.5876,1.5784,1.5867,0.0037,+0.23%,80027,174498
B6H12,2012-03-06,1.5862,1.5882,1.5696,1.5706,-0.0161,-1.01%,142444,184104
B6H12,2012-03-07,1.5717,1.5758,1.5697,1.5739,0.0033,+0.21%,89840,188166
B6H12,2012-03-08,1.5742,1.5833,1.5724,1.5826,0.0087,+0.55%,123593,191998
B6H12,2012-03-09,1.583,1.583,1.566,1.5667,-0.0159,-1.00%,155050,199667
B6H12,2012-03-12,1.5671,1.5695,1.5601,1.5631,-0.0036,-0.23%,128932,200619
B6H12,2012-03-13,1.5635,1.5747,1.562,1.5688,0.0057,+0.36%,187599,202905
B6H12,2012-03-14,1.5704,1.5744,1.5649,1.5674,-0.0014,-0.09%,194690,206332
B6M12,2012-03-15,1.5658,1.5728,1.5624,1.5712,0.0038,+0.24%,123982,205727
B6M12,2012-03-16,1.5699,1.5852,1.5685,1.5823,0.0111,+0.71%,129039,200705
B6M12,2012-03-19,1.5835,1.5905,1.5812,1.5889,0.0066,+0.42%,78431,143872
B6M12,2012-03-20,1.5882,1.5889,1.5821,1.5859,-0.003,-0.19%,67801,141411
B6M12,2012-03-21,1.5852,1.5914,1.5807,1.5849,-0.001,-0.06%,91060,137331
B6M12,2012-03-22,1.5859,1.5883,1.5761,1.5809,-0.004,-0.25%,81611,138222
B6M12,2012-03-23,1.5806,1.59,1.5798,1.586,0.0051,+0.32%,80395,137816
B6M12,2012-03-26,1.5862,1.5965,1.5792,1.5944,0.0084,+0.53%,96512,138680
B6M12,2012-03-27,1.5955,1.5994,1.5934,1.5953,0.0009,+0.06%,85994,135147
B6M12,2012-03-28,1.5941,1.5956,1.5833,1.5887,-0.0066,-0.41%,112634,134638
B6M12,2012-03-29,1.5881,1.5951,1.5852,1.5924,0.0037,+0.23%,96104,139047
B6M12,2012-03-30,1.5945,1.603,1.5924,1.5988,0.0064,+0.40%,114421,140546
B6M12,2012-04-02,1.6002,1.6056,1.5972,1.6035,0.0047,+0.29%,90519,144258
B6M12,2012-04-03,1.601,1.604,1.5884,1.5888,-0.0147,-0.92%,107683,142660
B6M12,2012-04-04,1.5904,1.5909,1.5826,1.5882,-0.0006,-0.04%,92205,143760
B6M12,2012-04-05,1.5885,1.5902,1.5797,1.5823,-0.0059,-0.37%,88725,146086
B6M12,2012-04-06,1.5822,1.5886,1.5816,1.5869,0.0046,+0.29%,15709,146380
B6M12,2012-04-09,1.5885,1.5908,1.5829,1.5901,0.0032,+0.20%,35574,146730
B6M12,2012-04-10,1.5892,1.5925,1.5802,1.5853,-0.0048,-0.30%,109193,145522
B6M12,2012-04-11,1.5858,1.5933,1.5845,1.5896,0.0043,+0.27%,100635,148477
B6M12,2012-04-12,1.5907,1.5979,1.5896,1.5965,0.0069,+0.43%,85738,151031
B6M12,2012-04-13,1.5949,1.5965,1.5834,1.5846,-0.0119,-0.75%,100143,151896
B6M12,2012-04-16,1.5859,1.5906,1.5813,1.5898,0.0052,+0.33%,108129,156860
B6M12,2012-04-17,1.5893,1.5969,1.5857,1.5943,0.0045,+0.28%,103820,157015
B6M12,2012-04-18,1.5919,1.6037,1.5889,1.6023,0.008,+0.50%,161412,160002
B6M12,2012-04-19,1.6012,1.6072,1.6003,1.6051,0.0028,+0.17%,123577,159554
B6M12,2012-04-20,1.6046,1.6146,1.6032,1.6103,0.0052,+0.32%,115023,167549
B6M12,2012-04-23,1.6117,1.6131,1.6071,1.6119,0.0016,+0.10%,96025,171302
B6M12,2012-04-24,1.6122,1.6158,1.6104,1.6131,0.0012,+0.07%,89174,173368
B6M12,2012-04-25,1.6139,1.62,1.6077,1.6175,0.0044,+0.27%,127871,178763
B6M12,2012-04-26,1.6165,1.6202,1.6154,1.6192,0.0017,+0.11%,96661,181564
B6M12,2012-04-27,1.6176,1.6276,1.6149,1.6264,0.0072,+0.44%,107160,187658
B6M12,2012-04-30,1.6266,1.6298,1.6217,1.6229,-0.0035,-0.22%,103223,190363
B6M12,2012-05-01,1.6232,1.6244,1.6182,1.6216,-0.0013,-0.08%,72850,187746
B6M12,2012-05-02,1.6217,1.6235,1.6157,1.6193,-0.0023,-0.14%,102266,191033
B6M12,2012-05-03,1.6195,1.6212,1.6155,1.6178,-0.0015,-0.09%,88418,193978
B6M12,2012-05-04,1.6176,1.6198,1.6137,1.6141,-0.0037,-0.23%,99478,197605
B6M12,2012-05-07,1.615,1.6193,1.611,1.6179,0.0038,+0.24%,79555,205608
B6M12,2012-05-08,1.6188,1.6195,1.6118,1.6161,-0.0018,-0.11%,102140,199801
B6M12,2012-05-09,1.6153,1.6161,1.6062,1.614,-0.0021,-0.13%,126809,198710
B6M12,2012-05-10,1.6132,1.618,1.6089,1.6151,0.0011,+0.07%,120316,206902
B6M12,2012-05-11,1.6131,1.614,1.6057,1.6067,-0.0084,-0.52%,103382,200632
B6M12,2012-05-14,1.6066,1.6121,1.6047,1.6101,0.0034,+0.21%,111980,207424
B6M12,2012-05-15,1.6095,1.6111,1.5986,1.6,-0.0101,-0.63%,112179,199637
B6M12,2012-05-16,1.5995,1.6,1.5884,1.5911,-0.0089,-0.56%,157397,192142
B6M12,2012-05-17,1.591,1.5931,1.5761,1.5814,-0.0097,-0.61%,156709,187762
B6M12,2012-05-18,1.5781,1.5835,1.573,1.5801,-0.0013,-0.08%,131111,184723
B6M12,2012-05-21,1.5809,1.584,1.5777,1.5804,0.0003,+0.02%,101216,184993
B6M12,2012-05-22,1.5823,1.5847,1.5739,1.5773,-0.0031,-0.20%,106492,184497
B6M12,2012-05-23,1.5762,1.5773,1.5666,1.5687,-0.0086,-0.55%,138629,183032
B6M12,2012-05-24,1.5691,1.5725,1.5637,1.5649,-0.0038,-0.24%,113117,182381
B6M12,2012-05-25,1.5667,1.5698,1.5627,1.5642,-0.0007,-0.04%,90672,182401
B6M12,2012-05-29,1.5681,1.5715,1.5606,1.5633,-0.0009,-0.06%,129634,181435
B6M12,2012-05-30,1.5636,1.5637,1.5473,1.5484,-0.0149,-0.95%,114234,178952
B6M12,2012-05-31,1.5481,1.5524,1.5358,1.5411,-0.0073,-0.47%,152148,179096
B6M12,2012-06-01,1.5404,1.5434,1.5267,1.5372,-0.0039,-0.25%,181601,184474
B6M12,2012-06-04,1.5368,1.5415,1.5341,1.5382,0.001,+0.07%,65823,182261
B6M12,2012-06-05,1.5381,1.5407,1.532,1.5368,-0.0014,-0.09%,76657,184583
B6M12,2012-06-06,1.5377,1.5516,1.5368,1.5472,0.0104,+0.68%,111370,180925
B6M12,2012-06-07,1.549,1.5633,1.5429,1.5553,0.0081,+0.52%,139273,181674
B6M12,2012-06-08,1.5532,1.5536,1.5403,1.5459,-0.0094,-0.60%,121707,182467
B6M12,2012-06-11,1.5514,1.5581,1.5459,1.5498,0.0039,+0.25%,111778,179822
B6M12,2012-06-12,1.5472,1.5591,1.5454,1.5569,0.0071,+0.46%,163011,178648
B6M12,2012-06-13,1.557,1.5598,1.5503,1.5529,-0.004,-0.26%,188956,181630
B6M12,2012-06-14,1.5509,1.5565,1.5473,1.5532,0.0003,+0.02%,190295,184238
B6U12,2012-06-15,1.5549,1.5747,1.547,1.5676,0.0144,+0.93%,157798,180387
B6U12,2012-06-18,1.5721,1.5733,1.5631,1.5663,-0.0013,-0.08%,93093,121767
B6U12,2012-06-19,1.5662,1.5754,1.561,1.5728,0.0065,+0.41%,103037,121624
B6U12,2012-06-20,1.572,1.5773,1.5644,1.5694,-0.0034,-0.22%,109589,118066
B6U12,2012-06-21,1.5706,1.5729,1.5573,1.5591,-0.0103,-0.66%,105775,116793
B6U12,2012-06-22,1.5592,1.563,1.5553,1.5582,-0.0009,-0.06%,83872,115794
B6U12,2012-06-25,1.5587,1.5589,1.5534,1.5559,-0.0023,-0.15%,63092,114556
B6U12,2012-06-26,1.5566,1.5647,1.5559,1.5634,0.0075,+0.48%,103788,114561
B6U12,2012-06-27,1.5631,1.5637,1.5541,1.5554,-0.008,-0.51%,84627,114237
B6U12,2012-06-28,1.5566,1.5621,1.5481,1.5493,-0.0061,-0.39%,101621,113096
B6U12,2012-06-29,1.5517,1.5713,1.5493,1.5677,0.0184,+1.19%,132612,110858
B6U12,2012-07-02,1.5692,1.572,1.5638,1.5689,0.0012,+0.08%,106125,108751
B6U12,2012-07-03,1.569,1.5711,1.5657,1.5693,0.0004,+0.03%,74614,108251
B6U12,2012-07-05,1.5675,1.5693,1.5497,1.5522,-0.0171,-1.09%,168907,115188
B6U12,2012-07-06,1.5518,1.5549,1.5458,1.5472,-0.005,-0.32%,89914,118218
B6U12,2012-07-09,1.5478,1.5536,1.5468,1.5516,0.0044,+0.28%,61583,118262
B6U12,2012-07-10,1.5525,1.5547,1.5476,1.5502,-0.0014,-0.09%,80748,117616
B6U12,2012-07-11,1.5515,1.5575,1.5483,1.5485,-0.0017,-0.11%,89994,117820
B6U12,2012-07-12,1.5503,1.5514,1.539,1.5427,-0.0058,-0.37%,95129,124955
B6U12,2012-07-13,1.5428,1.558,1.5411,1.5564,0.0137,+0.89%,106944,117304
B6U12,2012-07-16,1.5575,1.5653,1.5515,1.5625,0.0061,+0.39%,102614,119078
B6U12,2012-07-17,1.563,1.5676,1.5552,1.5644,0.0019,+0.12%,90792,116976
B6U12,2012-07-18,1.5645,1.5667,1.5578,1.5638,-0.0006,-0.04%,82789,116778
B6U12,2012-07-19,1.5652,1.5736,1.5634,1.572,0.0082,+0.52%,102836,111987
B6U12,2012-07-20,1.5714,1.572,1.5609,1.5614,-0.0106,-0.67%,82606,111459
B6U12,2012-07-23,1.5607,1.5614,1.5482,1.5519,-0.0095,-0.61%,119618,117189
B6U12,2012-07-24,1.5503,1.555,1.5484,1.5506,-0.0013,-0.08%,98993,116143
B6U12,2012-07-25,1.5504,1.555,1.5456,1.5507,0.0001,+0.01%,141545,121549
B6U12,2012-07-26,1.5496,1.5724,1.5469,1.5691,0.0184,+1.19%,170350,120031
B6U12,2012-07-27,1.5682,1.5767,1.5665,1.5724,0.0033,+0.21%,136666,115591
B6U12,2012-07-30,1.5732,1.5739,1.5671,1.5707,-0.0017,-0.11%,77309,111053
B6U12,2012-07-31,1.5705,1.5729,1.5625,1.5681,-0.0026,-0.17%,109607,110770
B6U12,2012-08-01,1.5674,1.569,1.5529,1.5551,-0.013,-0.83%,111774,113972
B6U12,2012-08-02,1.554,1.5663,1.5488,1.5501,-0.005,-0.32%,180458,116354
B6U12,2012-08-03,1.5513,1.5657,1.5501,1.5643,0.0142,+0.92%,108253,116899
B6U12,2012-08-06,1.5638,1.5665,1.5545,1.5608,-0.0035,-0.22%,83270,117891
B6U12,2012-08-07,1.5599,1.5684,1.5562,1.5638,0.003,+0.19%,88689,115125
B6U12,2012-08-08,1.562,1.5676,1.5571,1.5648,0.001,+0.06%,92425,116683
B6U12,2012-08-09,1.5655,1.5685,1.5603,1.5633,-0.0015,-0.10%,87197,114398
B6U12,2012-08-10,1.5634,1.57,1.5575,1.5671,0.0038,+0.24%,124324,116196
B6U12,2012-08-13,1.5676,1.5716,1.5655,1.5686,0.0015,+0.10%,77464,115406
B6U12,2012-08-14,1.5679,1.5736,1.5663,1.5689,0.0003,+0.02%,78891,114042
B6U12,2012-08-15,1.5672,1.57,1.5658,1.5686,-0.0003,-0.02%,75039,110582
B6U12,2012-08-16,1.568,1.5744,1.5635,1.5738,0.0052,+0.33%,112132,117151
B6U12,2012-08-17,1.5735,1.5738,1.5673,1.569,-0.0048,-0.30%,82777,110554
B6U12,2012-08-20,1.5696,1.5717,1.5676,1.5708,0.0018,+0.11%,61351,109787
B6U12,2012-08-21,1.571,1.5804,1.5705,1.5777,0.0069,+0.44%,116461,118550
B6U12,2012-08-22,1.5779,1.5881,1.5766,1.5866,0.0089,+0.56%,104129,116215
B6U12,2012-08-23,1.5877,1.5912,1.5857,1.5863,-0.0003,-0.02%,98915,117957
B6U12,2012-08-24,1.5858,1.587,1.58,1.5809,-0.0054,-0.34%,99384,115738
B6U12,2012-08-27,1.5815,1.5828,1.579,1.5797,-0.0012,-0.08%,45175,115410
B6U12,2012-08-28,1.5788,1.5836,1.5752,1.582,0.0023,+0.15%,84875,117034
B6U12,2012-08-29,1.5823,1.5854,1.5802,1.5835,0.0015,+0.09%,69308,116262
B6U12,2012-08-30,1.583,1.5874,1.5769,1.5786,-0.0049,-0.31%,78244,117636
B6U12,2012-08-31,1.5783,1.589,1.5778,1.5882,0.0096,+0.61%,107624,118492
B6U12,2012-09-04,1.5878,1.5911,1.585,1.588,-0.0002,-0.01%,120740,133755
B6U12,2012-09-05,1.5873,1.5934,1.5825,1.5904,0.0024,+0.15%,103985,136329
B6U12,2012-09-06,1.5902,1.5942,1.5881,1.5936,0.0032,+0.20%,114645,147288
B6U12,2012-09-07,1.5935,1.6035,1.5922,1.6005,0.0069,+0.43%,148363,161503
B6U12,2012-09-10,1.6012,1.6018,1.5959,1.6,-0.0005,-0.03%,123569,170352
B6U12,2012-09-11,1.5989,1.6084,1.5986,1.607,0.007,+0.44%,147977,181682
B6U12,2012-09-12,1.6069,1.6132,1.6064,1.6103,0.0033,+0.21%,205836,183388
B6U12,2012-09-13,1.6107,1.6174,1.6069,1.6154,0.0051,+0.32%,201661,188473
B6Z12,2012-09-14,1.615,1.625,1.6138,1.6216,0.0062,+0.38%,164213,190521
B6Z12,2012-09-17,1.6223,1.6268,1.6204,1.6233,0.0017,+0.10%,96046,144918
B6Z12,2012-09-18,1.6241,1.6263,1.6214,1.6235,0.0002,+0.01%,78149,151305
B6Z12,2012-09-19,1.6235,1.6266,1.6179,1.6224,-0.0011,-0.07%,94255,153287
B6Z12,2012-09-20,1.6215,1.6231,1.6159,1.6212,-0.0012,-0.07%,105970,163379
B6Z12,2012-09-21,1.6212,1.6304,1.6208,1.6241,0.0029,+0.18%,112469,173421
B6Z12,2012-09-24,1.6243,1.6244,1.6176,1.6225,-0.0016,-0.10%,78020,173518
B6Z12,2012-09-25,1.6219,1.6263,1.6178,1.6206,-0.0019,-0.12%,97709,172103
B6Z12,2012-09-26,1.6189,1.6206,1.6133,1.6151,-0.0055,-0.34%,102292,174652
B6Z12,2012-09-27,1.6166,1.624,1.6151,1.6232,0.0081,+0.50%,114238,187517
B6Z12,2012-09-28,1.623,1.6269,1.6109,1.6136,-0.0096,-0.59%,157359,174980
B6Z12,2012-10-01,1.6154,1.6171,1.6105,1.6127,-0.0009,-0.06%,93921,178318
B6Z12,2012-10-02,1.6127,1.6185,1.6122,1.6137,0.001,+0.06%,88292,177746
B6Z12,2012-10-03,1.6126,1.6139,1.6063,1.607,-0.0067,-0.42%,90089,179000
B6Z12,2012-10-04,1.6079,1.6198,1.607,1.6181,0.0111,+0.69%,106495,178120
B6Z12,2012-10-05,1.619,1.6213,1.6119,1.6138,-0.0043,-0.27%,104025,173606
B6Z12,2012-10-08,1.6139,1.6139,1.6016,1.6026,-0.0112,-0.69%,92011,167459
B6Z12,2012-10-09,1.6019,1.6041,1.5972,1.6002,-0.0024,-0.15%,122569,161457
B6Z12,2012-10-10,1.6003,1.603,1.5972,1.6001,-0.0001,-0.01%,84368,160716
B6Z12,2012-10-11,1.5996,1.605,1.5981,1.604,0.0039,+0.24%,78293,162585
B6Z12,2012-10-12,1.6042,1.6093,1.6014,1.607,0.003,+0.19%,90146,163828
B6Z12,2012-10-15,1.6073,1.6077,1.6017,1.6071,0.0001,+0.01%,81599,161987
B6Z12,2012-10-16,1.6069,1.6129,1.6057,1.6108,0.0037,+0.23%,98633,164454
B6Z12,2012-10-17,1.6108,1.6175,1.6108,1.615,0.0042,+0.26%,93828,168722
B6Z12,2012-10-18,1.6139,1.6167,1.6035,1.6059,-0.0091,-0.56%,111676,166920
B6Z12,2012-10-19,1.6047,1.6064,1.5992,1.6009,-0.005,-0.31%,92777,160660
B6Z12,2012-10-22,1.6004,1.6048,1.5987,1.6001,-0.0008,-0.05%,75975,157060
B6Z12,2012-10-23,1.6012,1.6021,1.5909,1.5939,-0.0062,-0.39%,105083,155791
B6Z12,2012-10-24,1.5952,1.6045,1.5932,1.6035,0.0096,+0.60%,110646,150576
B6Z12,2012-10-25,1.6034,1.6141,1.6023,1.6121,0.0086,+0.54%,131600,165347
B6Z12,2012-10-26,1.6117,1.6139,1.6078,1.6095,-0.0026,-0.16%,95254,168369
B6Z12,2012-10-29,1.6103,1.6103,1.6004,1.6037,-0.0058,-0.36%,58008,162124
B6Z12,2012-10-30,1.6027,1.6084,1.6019,1.6075,0.0038,+0.24%,41225,163917
B6Z12,2012-10-31,1.6079,1.6138,1.6067,1.6127,0.0052,+0.32%,86750,169888
B6Z12,2012-11-01,1.6125,1.6173,1.6118,1.6126,-0.0001,-0.01%,94380,172954
B6Z12,2012-11-02,1.6122,1.6132,1.6005,1.6019,-0.0107,-0.66%,106383,168413
B6Z12,2012-11-05,1.6018,1.6037,1.5955,1.5969,-0.005,-0.31%,95371,163632
B6Z12,2012-11-06,1.5979,1.6006,1.5963,1.5992,0.0023,+0.14%,74083,164481
B6Z12,2012-11-07,1.5993,1.6041,1.5952,1.5986,-0.0006,-0.04%,113835,163436
B6Z12,2012-11-08,1.5982,1.6004,1.5926,1.5977,-0.0009,-0.06%,99164,160252
B6Z12,2012-11-09,1.5981,1.6018,1.5885,1.5901,-0.0076,-0.48%,119163,154982
B6Z12,2012-11-12,1.5903,1.5913,1.5862,1.5873,-0.0028,-0.18%,59044,153228
B6Z12,2012-11-13,1.5875,1.5913,1.5856,1.5873,0,0.00%,96028,149173
B6Z12,2012-11-14,1.5871,1.59,1.5835,1.5852,-0.0021,-0.13%,101688,149521
B6Z12,2012-11-15,1.5845,1.5878,1.5822,1.5849,-0.0003,-0.02%,100056,149887
B6Z12,2012-11-16,1.5863,1.59,1.5834,1.588,0.0031,+0.20%,95174,151185
B6Z12,2012-11-19,1.5891,1.5922,1.588,1.5901,0.0021,+0.13%,73120,149459
B6Z12,2012-11-20,1.5906,1.5934,1.589,1.5914,0.0013,+0.08%,82330,150722
B6Z12,2012-11-21,1.5921,1.5958,1.5882,1.5948,0.0034,+0.21%,86217,148157
B6Z12,2012-11-23,1.5958,1.6051,1.5925,1.6044,0.0096,+0.60%,111750,151609
B6Z12,2012-11-26,1.6025,1.6044,1.5995,1.6018,-0.0026,-0.16%,76546,159251
B6Z12,2012-11-27,1.6032,1.6057,1.6009,1.6017,-0.0001,-0.01%,78333,157701
B6Z12,2012-11-28,1.6016,1.6022,1.596,1.6015,-0.0002,-0.01%,87399,155569
B6Z12,2012-11-29,1.6014,1.6047,1.6002,1.6038,0.0023,+0.14%,89560,159777
B6Z12,2012-11-30,1.6042,1.6061,1.5988,1.6023,-0.0015,-0.09%,102254,161046
B6Z12,2012-12-03,1.6021,1.6116,1.6019,1.6093,0.007,+0.44%,126448,171819
B6Z12,2012-12-04,1.6095,1.613,1.6085,1.6105,0.0012,+0.07%,99373,178749
B6Z12,2012-12-05,1.6099,1.6119,1.6082,1.6097,-0.0008,-0.05%,102733,178044
B6Z12,2012-12-06,1.6093,1.6128,1.6039,1.6047,-0.005,-0.31%,130606,178247
B6Z12,2012-12-07,1.6043,1.6061,1.6003,1.6035,-0.0012,-0.07%,132557,174487
B6Z12,2012-12-10,1.6029,1.6097,1.6014,1.607,0.0035,+0.22%,114680,179885
B6Z12,2012-12-11,1.6075,1.6122,1.6068,1.6112,0.0042,+0.26%,154909,183628
B6Z12,2012-12-12,1.6116,1.6208,1.6095,1.6159,0.0047,+0.29%,224489,209891
B6H13,2012-12-13,1.6136,1.6151,1.6081,1.6107,-0.0052,-0.32%,216569,232935
B6H13,2012-12-14,1.6111,1.6175,1.61,1.6164,0.0057,+0.35%,143742,244103
B6H13,2012-12-17,1.6169,1.6213,1.6153,1.6199,0.0035,+0.22%,74535,183210
B6H13,2012-12-18,1.6195,1.6267,1.6191,1.6244,0.0045,+0.28%,83654,188472
B6H13,2012-12-19,1.6245,1.6304,1.624,1.6255,0.0011,+0.07%,93488,187980
B6H13,2012-12-20,1.6246,1.6294,1.624,1.6279,0.0024,+0.15%,96457,193732
B6H13,2012-12-21,1.6275,1.6279,1.6148,1.6157,-0.0122,-0.75%,91495,185572
B6H13,2012-12-24,1.6161,1.6205,1.6097,1.6132,-0.0025,-0.15%,35346,181219
B6H13,2012-12-26,1.6147,1.6169,1.6105,1.6126,-0.0006,-0.04%,31092,181910
B6H13,2012-12-27,1.6135,1.6201,1.6065,1.6106,-0.002,-0.12%,78685,178831
B6H13,2012-12-28,1.6106,1.6168,1.6075,1.6148,0.0042,+0.26%,58513,175104
B6H13,2012-12-31,1.6162,1.6271,1.6131,1.624,0.0092,+0.57%,60161,174676
B6H13,2013-01-02,1.63,1.6314,1.6221,1.6242,0.0002,+0.01%,78113,179858
B6H13,2013-01-03,1.625,1.6252,1.6087,1.6103,-0.0139,-0.86%,100951,173735
B6H13,2013-01-04,1.6065,1.6103,1.5945,1.6059,-0.0044,-0.27%,126786,167673
B6H13,2013-01-07,1.6075,1.6113,1.6017,1.6102,0.0043,+0.27%,96245,165082
B6H13,2013-01-08,1.612,1.6123,1.6025,1.6054,-0.0048,-0.30%,85886,165584
B6H13,2013-01-09,1.6052,1.6071,1.5988,1.6012,-0.0042,-0.26%,106887,163738
B6H13,2013-01-10,1.6014,1.6164,1.6,1.6149,0.0137,+0.86%,130615,165196
B6H13,2013-01-11,1.6162,1.6166,1.6084,1.6118,-0.0031,-0.19%,100522,166037
B6H13,2013-01-14,1.6129,1.6151,1.6026,1.6083,-0.0035,-0.22%,101236,165015
B6H13,2013-01-15,1.607,1.6097,1.6028,1.6053,-0.003,-0.19%,109949,163295
B6H13,2013-01-16,1.6059,1.6076,1.597,1.6001,-0.0052,-0.32%,118692,163989
B6H13,2013-01-17,1.5993,1.6035,1.5951,1.6004,0.0003,+0.02%,124823,164016
B6H13,2013-01-18,1.5995,1.6004,1.5847,1.5859,-0.0145,-0.91%,160809,162091
B6H13,2013-01-22,1.5843,1.5889,1.5801,1.5841,-0.0018,-0.11%,189398,160820
B6H13,2013-01-23,1.5836,1.5888,1.5797,1.5836,-0.0005,-0.03%,117515,159191
B6H13,2013-01-24,1.5828,1.5848,1.5752,1.5787,-0.0049,-0.31%,126774,162719
B6H13,2013-01-25,1.5785,1.5823,1.5741,1.5795,0.0008,+0.05%,136898,163391
B6H13,2013-01-28,1.5766,1.5795,1.567,1.5692,-0.0103,-0.65%,118175,162161
B6H13,2013-01-29,1.5686,1.5769,1.5686,1.5754,0.0062,+0.40%,105277,166060
B6H13,2013-01-30,1.5754,1.5813,1.5721,1.5787,0.0033,+0.21%,104782,167075
B6H13,2013-01-31,1.5794,1.5872,1.5771,1.5853,0.0066,+0.42%,119884,163652
B6H13,2013-02-01,1.5855,1.5874,1.5685,1.5713,-0.014,-0.88%,138595,170463
B6H13,2013-02-04,1.5695,1.5769,1.569,1.5759,0.0046,+0.29%,103876,167200
B6H13,2013-02-05,1.5749,1.5802,1.5627,1.5658,-0.0101,-0.64%,143439,165369
B6H13,2013-02-06,1.5657,1.5675,1.5628,1.5663,0.0005,+0.03%,95621,167848
B6H13,2013-02-07,1.5662,1.5767,1.5642,1.5708,0.0045,+0.29%,191038,166153
B6H13,2013-02-08,1.5711,1.5842,1.5702,1.5794,0.0086,+0.55%,132525,166224
B6H13,2013-02-11,1.5787,1.5807,1.5649,1.566,-0.0134,-0.85%,105768,166912
B6H13,2013-02-12,1.5649,1.5669,1.5568,1.5651,-0.0009,-0.06%,131740,167100
B6H13,2013-02-13,1.5679,1.5686,1.552,1.5539,-0.0112,-0.72%,148157,173996
B6H13,2013-02-14,1.5537,1.554,1.5471,1.5482,-0.0057,-0.37%,108062,178909
B6H13,2013-02-15,1.5493,1.5548,1.5459,1.5512,0.003,+0.19%,116885,181503
B6H13,2013-02-19,1.5487,1.5512,1.5412,1.5422,-0.009,-0.58%,152066,187027
B6H13,2013-02-20,1.5423,1.5449,1.5189,1.5242,-0.018,-1.17%,187817,195936
B6H13,2013-02-21,1.5238,1.5271,1.5124,1.5239,-0.0003,-0.02%,165794,199650
B6H13,2013-02-22,1.5248,1.532,1.5155,1.5239,0,0.00%,143312,206490
B6H13,2013-02-25,1.5112,1.5198,1.5082,1.5187,-0.0052,-0.34%,173132,205233
B6H13,2013-02-26,1.5166,1.5218,1.511,1.5129,-0.0058,-0.38%,152293,205183
B6H13,2013-02-27,1.5126,1.5187,1.5079,1.5146,0.0017,+0.11%,135418,212761
B6H13,2013-02-28,1.5157,1.5221,1.5146,1.5172,0.0026,+0.17%,121925,218690
B6H13,2013-03-01,1.5166,1.5185,1.4983,1.5016,-0.0156,-1.03%,152779,229166
B6H13,2013-03-04,1.5028,1.5117,1.4998,1.511,0.0094,+0.63%,121774,232378
B6H13,2013-03-05,1.5112,1.5199,1.5093,1.5112,0.0002,+0.01%,125770,236181
B6H13,2013-03-06,1.5125,1.5154,1.5014,1.504,-0.0072,-0.48%,120314,242458
B6H13,2013-03-07,1.4989,1.5082,1.4967,1.5016,-0.0024,-0.16%,173066,249310
B6H13,2013-03-08,1.5012,1.5046,1.4884,1.4933,-0.0083,-0.55%,167892,253833
B6H13,2013-03-11,1.4924,1.4944,1.4865,1.493,-0.0003,-0.02%,140583,264098
B6H13,2013-03-12,1.4917,1.493,1.4831,1.4909,-0.0021,-0.14%,217986,297130
B6H13,2013-03-13,1.4898,1.4983,1.4892,1.4923,0.0014,+0.09%,251195,334646
B6H13,2013-03-14,1.492,1.5121,1.4915,1.508,0.0157,+1.05%,254096,349649
B6M13,2013-03-15,1.5079,1.5168,1.506,1.5072,-0.0008,-0.05%,187989,362794
B6M13,2013-03-18,1.5104,1.5137,1.5063,1.5093,0.0021,+0.14%,106993,210275
B6M13,2013-03-19,1.51,1.5138,1.5066,1.5094,0.0001,+0.01%,113497,212517
B6M13,2013-03-20,1.5086,1.518,1.5019,1.5108,0.0014,+0.09%,203013,213947
B6M13,2013-03-21,1.5097,1.5204,1.5083,1.5175,0.0067,+0.44%,125082,214257
B6M13,2013-03-22,1.5163,1.5244,1.5158,1.5222,0.0047,+0.31%,104926,215138
B6M13,2013-03-25,1.5223,1.526,1.5137,1.5175,-0.0047,-0.31%,105138,217300
B6M13,2013-03-26,1.5165,1.5201,1.5128,1.5151,-0.0024,-0.16%,73758,214636
B6M13,2013-03-27,1.5153,1.5176,1.5085,1.5122,-0.0029,-0.19%,84847,213078
B6M13,2013-03-28,1.5124,1.5195,1.5105,1.5165,0.0043,+0.28%,105861,207721
B6M13,2013-04-01,1.5189,1.5236,1.5165,1.5224,0.0059,+0.39%,43342,202846
B6M13,2013-04-02,1.5217,1.5253,1.5093,1.5101,-0.0123,-0.81%,104668,208425
B6M13,2013-04-03,1.5101,1.5154,1.5069,1.5137,0.0036,+0.24%,94744,204624
B6M13,2013-04-04,1.5126,1.524,1.5027,1.523,0.0093,+0.61%,147147,205357
B6M13,2013-04-05,1.5226,1.5357,1.5194,1.5332,0.0102,+0.67%,119892,202911
B6M13,2013-04-08,1.5327,1.5346,1.5232,1.5247,-0.0085,-0.55%,96939,205911
B6M13,2013-04-09,1.5257,1.5337,1.5244,1.533,0.0083,+0.54%,89382,204827
B6M13,2013-04-10,1.5315,1.5338,1.5287,1.531,-0.002,-0.13%,71331,204871
B6M13,2013-04-11,1.5323,1.5406,1.531,1.5385,0.0075,+0.49%,96615,200358
B6M13,2013-04-12,1.5378,1.5405,1.5335,1.5338,-0.0047,-0.31%,82784,204881
B6M13,2013-04-15,1.5337,1.5381,1.5265,1.5273,-0.0065,-0.42%,92154,204097
B6M13,2013-04-16,1.5286,1.5374,1.5266,1.5363,0.009,+0.59%,96953,200884
B6M13,2013-04-17,1.5358,1.5364,1.5212,1.5232,-0.0131,-0.85%,122355,206852
B6M13,2013-04-18,1.5239,1.5308,1.5213,1.528,0.0048,+0.32%,92903,202567
B6M13,2013-04-19,1.5276,1.5364,1.5218,1.5225,-0.0055,-0.36%,108931,200925
B6M13,2013-04-22,1.5227,1.5289,1.5197,1.5274,0.0049,+0.32%,76635,198071
B6M13,2013-04-23,1.5283,1.5293,1.5192,1.5238,-0.0036,-0.24%,102393,199465
B6M13,2013-04-24,1.5234,1.5283,1.5222,1.5263,0.0025,+0.16%,68514,199508
B6M13,2013-04-25,1.5261,1.5477,1.5259,1.5439,0.0176,+1.15%,171905,199442
B6M13,2013-04-26,1.5428,1.5495,1.5414,1.5482,0.0043,+0.28%,98517,194113
B6M13,2013-04-29,1.5475,1.5542,1.5472,1.5486,0.0004,+0.03%,87780,189826
B6M13,2013-04-30,1.549,1.5564,1.5463,1.5526,0.004,+0.26%,106094,189084
B6M13,2013-05-01,1.5528,1.5603,1.5522,1.5586,0.006,+0.39%,94718,188501
B6M13,2013-05-02,1.5555,1.5587,1.5493,1.5528,-0.0058,-0.37%,103286,187402
B6M13,2013-05-03,1.553,1.5599,1.5475,1.556,0.0032,+0.21%,124369,191581
B6M13,2013-05-06,1.5563,1.5594,1.5517,1.5542,-0.0018,-0.12%,46824,189798
B6M13,2013-05-07,1.5538,1.5549,1.5442,1.5484,-0.0058,-0.37%,87531,190781
B6M13,2013-05-08,1.5478,1.5589,1.5468,1.5539,0.0055,+0.36%,106753,191319
B6M13,2013-05-09,1.5534,1.5585,1.5422,1.5426,-0.0113,-0.73%,132091,188071
B6M13,2013-05-10,1.5446,1.5454,1.5309,1.5352,-0.0074,-0.48%,141097,190214
B6M13,2013-05-13,1.5355,1.5382,1.5272,1.5287,-0.0065,-0.42%,103364,191419
B6M13,2013-05-14,1.53,1.5327,1.5202,1.5217,-0.007,-0.46%,130155,198068
B6M13,2013-05-15,1.5215,1.527,1.517,1.5217,0,0.00%,158795,201940
B6M13,2013-05-16,1.5223,1.532,1.5194,1.5303,0.0086,+0.57%,119886,200610
B6M13,2013-05-17,1.5271,1.5303,1.5154,1.5167,-0.0136,-0.89%,117279,209893
B6M13,2013-05-20,1.5184,1.5279,1.5164,1.5267,0.01,+0.66%,110903,203714
B6M13,2013-05-21,1.5258,1.5274,1.511,1.5149,-0.0118,-0.77%,141402,211098
B6M13,2013-05-22,1.515,1.5171,1.5017,1.5035,-0.0114,-0.75%,179482,213761
B6M13,2013-05-23,1.5039,1.5127,1.5012,1.5102,0.0067,+0.45%,136473,212875
B6M13,2013-05-24,1.5103,1.5141,1.5062,1.5112,0.001,+0.07%,100266,214127
B6M13,2013-05-28,1.5122,1.5155,1.5024,1.5062,-0.005,-0.33%,135059,221612
B6M13,2013-05-29,1.5037,1.5145,1.5006,1.5122,0.006,+0.40%,131859,221858
B6M13,2013-05-30,1.5124,1.5236,1.5108,1.5218,0.0096,+0.63%,138245,219184
B6M13,2013-05-31,1.523,1.5239,1.5138,1.518,-0.0038,-0.25%,138658,221047
B6M13,2013-06-03,1.5196,1.5376,1.5191,1.5324,0.0144,+0.95%,145601,213300
B6M13,2013-06-04,1.5317,1.5341,1.5272,1.5304,-0.002,-0.13%,106720,210499
B6M13,2013-06-05,1.5312,1.5409,1.529,1.5401,0.0097,+0.63%,146528,206826
B6M13,2013-06-06,1.5406,1.5684,1.5381,1.5608,0.0207,+1.34%,246891,203604
B6M13,2013-06-07,1.5587,1.5617,1.549,1.5558,-0.005,-0.32%,194161,204272
B6M13,2013-06-10,1.5538,1.5586,1.5495,1.5584,0.0026,+0.17%,143396,203302
B6M13,2013-06-11,1.557,1.5652,1.552,1.5642,0.0058,+0.37%,242574,219176
B6M13,2013-06-12,1.5644,1.57,1.5633,1.5677,0.0035,+0.22%,228943,231757
B6M13,2013-06-13,1.568,1.5738,1.5646,1.5697,0.002,+0.13%,224793,227221
B6U13,2013-06-14,1.5706,1.5709,1.5608,1.5693,-0.0004,-0.03%,149770,222345
B6U13,2013-06-17,1.5703,1.5743,1.5672,1.5686,-0.0007,-0.04%,81335,142272
B6U13,2013-06-18,1.5711,1.5714,1.5556,1.5641,-0.0045,-0.29%,106205,140550
B6U13,2013-06-19,1.5632,1.5669,1.5441,1.5477,-0.0164,-1.05%,119293,138691
B6U13,2013-06-20,1.5483,1.5509,1.5406,1.5469,-0.0008,-0.05%,180183,131396
B6U13,2013-06-21,1.5492,1.5523,1.536,1.542,-0.0049,-0.32%,131980,127170
B6U13,2013-06-24,1.5389,1.5457,1.5335,1.5435,0.0015,+0.10%,141050,125111
B6U13,2013-06-25,1.5428,1.547,1.5389,1.5418,-0.0017,-0.11%,113518,123602
B6U13,2013-06-26,1.5416,1.5433,1.5289,1.5306,-0.0112,-0.73%,126904,123388
B6U13,2013-06-27,1.5307,1.5339,1.5193,1.5253,-0.0053,-0.35%,120111,123682
B6U13,2013-06-28,1.5253,1.5271,1.5157,1.5204,-0.0049,-0.32%,113698,126067
B6U13,2013-07-01,1.5204,1.5242,1.5175,1.5199,-0.0005,-0.03%,80191,124756
B6U13,2013-07-02,1.5207,1.523,1.5128,1.5146,-0.0053,-0.35%,89651,131817
B6U13,2013-07-03,1.5146,1.5298,1.5122,1.5266,0.012,+0.79%,111149,123174
B6U13,2013-07-05,1.5245,1.5276,1.4845,1.4893,-0.0373,-2.44%,259839,144501
B6U13,2013-07-08,1.4874,1.496,1.4852,1.4942,0.0049,+0.33%,94416,140563
B6U13,2013-07-09,1.4943,1.4974,1.4806,1.4862,-0.008,-0.54%,129580,145033
B6U13,2013-07-10,1.486,1.5009,1.4838,1.4917,0.0055,+0.37%,130615,146239
B6U13,2013-07-11,1.5053,1.5216,1.5027,1.5184,0.0267,+1.79%,166419,145152
B6U13,2013-07-12,1.5179,1.5182,1.5069,1.5096,-0.0088,-0.58%,93238,150311
B6U13,2013-07-15,1.5099,1.512,1.5021,1.5096,0,0.00%,88783,150526
B6U13,2013-07-16,1.5092,1.5163,1.5037,1.5142,0.0046,+0.30%,112255,151127
B6U13,2013-07-17,1.5144,1.5262,1.5072,1.5202,0.006,+0.40%,165045,149277
B6U13,2013-07-18,1.5206,1.5237,1.515,1.5211,0.0009,+0.06%,102738,159376
B6U13,2013-07-19,1.5221,1.5276,1.5191,1.5255,0.0044,+0.29%,68129,157229
B6U13,2013-07-22,1.5259,1.5378,1.5252,1.5351,0.0096,+0.63%,90839,152818
B6U13,2013-07-23,1.5349,1.5387,1.532,1.5386,0.0035,+0.23%,95200,148065
B6U13,2013-07-24,1.5369,1.5386,1.5284,1.5307,-0.0079,-0.51%,102038,147740
B6U13,2013-07-25,1.5314,1.5432,1.5258,1.5355,0.0048,+0.31%,123454,146818
B6U13,2013-07-26,1.538,1.5412,1.5351,1.5378,0.0023,+0.15%,80140,145010
B6U13,2013-07-29,1.5378,1.5409,1.5323,1.5352,-0.0026,-0.17%,66676,146084
B6U13,2013-07-30,1.5338,1.5352,1.5218,1.5238,-0.0114,-0.74%,95651,146335
B6U13,2013-07-31,1.5236,1.525,1.512,1.5242,0.0004,+0.03%,158787,151807
B6U13,2013-08-01,1.5198,1.5242,1.5105,1.5115,-0.0127,-0.83%,163511,152536
B6U13,2013-08-02,1.5117,1.5304,1.5098,1.528,0.0165,+1.09%,135961,148652
B6U13,2013-08-05,1.5276,1.5373,1.5254,1.5344,0.0064,+0.42%,99019,145859
B6U13,2013-08-06,1.5353,1.5395,1.5328,1.5351,0.0007,+0.05%,79923,145387
B6U13,2013-08-07,1.5347,1.5528,1.52,1.5492,0.0141,+0.92%,227477,144810
B6U13,2013-08-08,1.5487,1.557,1.548,1.5544,0.0052,+0.34%,94884,143179
B6U13,2013-08-09,1.5531,1.5554,1.5493,1.5509,-0.0035,-0.23%,74833,147494
B6U13,2013-08-12,1.5505,1.5518,1.5455,1.5467,-0.0042,-0.27%,59708,146546
B6U13,2013-08-13,1.546,1.551,1.542,1.5442,-0.0025,-0.16%,98400,145126
B6U13,2013-08-14,1.5442,1.5544,1.5419,1.5502,0.006,+0.39%,120736,145041
B6U13,2013-08-15,1.5498,1.565,1.5498,1.5638,0.0136,+0.88%,156634,140119
B6U13,2013-08-16,1.5637,1.5655,1.5604,1.5638,0,0.00%,87423,141023
B6U13,2013-08-19,1.563,1.567,1.5606,1.5654,0.0016,+0.10%,70613,139655
B6U13,2013-08-20,1.5645,1.5695,1.5625,1.5673,0.0019,+0.12%,79606,138505
B6U13,2013-08-21,1.5662,1.5716,1.5635,1.5696,0.0023,+0.15%,105170,142943
B6U13,2013-08-22,1.5659,1.5661,1.556,1.5581,-0.0115,-0.73%,104554,141551
B6U13,2013-08-23,1.5586,1.5656,1.5537,1.5572,-0.0009,-0.06%,102352,145719
B6U13,2013-08-26,1.5574,1.561,1.5554,1.5575,0.0003,+0.02%,46569,148956
B6U13,2013-08-27,1.5574,1.559,1.5479,1.5538,-0.0037,-0.24%,105934,149328
B6U13,2013-08-28,1.5545,1.5552,1.5425,1.5525,-0.0013,-0.08%,130971,149601
B6U13,2013-08-29,1.5526,1.5546,1.548,1.5496,-0.0029,-0.19%,82481,151108
B6U13,2013-08-30,1.5503,1.5527,1.5461,1.5493,-0.0003,-0.02%,71306,150136
B6U13,2013-09-03,1.5516,1.5604,1.5493,1.5562,0.0069,+0.45%,153034,156870
B6U13,2013-09-04,1.5557,1.5648,1.5555,1.5622,0.006,+0.39%,101474,163725
B6U13,2013-09-05,1.5622,1.5675,1.5571,1.559,-0.0032,-0.20%,127580,161002
B6U13,2013-09-06,1.5587,1.5682,1.5564,1.5634,0.0044,+0.28%,119145,165011
B6U13,2013-09-09,1.5626,1.5732,1.5626,1.5702,0.0068,+0.43%,114958,175281
B6U13,2013-09-10,1.5694,1.5746,1.5685,1.5731,0.0029,+0.18%,127299,185433
B6U13,2013-09-11,1.573,1.5829,1.5719,1.5826,0.0095,+0.60%,217513,191430
B6Z13,2013-09-12,1.5815,1.5831,1.5768,1.5802,-0.0024,-0.15%,196592,203301
B6Z13,2013-09-13,1.5795,1.5874,1.5766,1.5869,0.0067,+0.42%,133447,203641
B6Z13,2013-09-16,1.5923,1.5953,1.5869,1.5887,0.0018,+0.11%,91108,137669
B6Z13,2013-09-17,1.5886,1.5928,1.5876,1.59,0.0013,+0.08%,78625,141735
B6Z13,2013-09-18,1.5895,1.6153,1.5882,1.6098,0.0198,+1.25%,149513,149925
B6Z13,2013-09-19,1.6125,1.6137,1.6013,1.6024,-0.0074,-0.46%,138104,154527
B6Z13,2013-09-20,1.602,1.6057,1.5977,1.601,-0.0014,-0.09%,89315,157621
B6Z13,2013-09-23,1.5994,1.6063,1.5989,1.6038,0.0028,+0.17%,72350,159892
B6Z13,2013-09-24,1.6032,1.6038,1.5943,1.5997,-0.0041,-0.26%,82206,163719
B6Z13,2013-09-25,1.5994,1.6079,1.5971,1.6067,0.007,+0.44%,86749,168635
B6Z13,2013-09-26,1.6069,1.6087,1.599,1.6033,-0.0034,-0.21%,82206,166734
B6Z13,2013-09-27,1.603,1.6138,1.6021,1.6125,0.0092,+0.57%,87760,172065
B6Z13,2013-09-30,1.613,1.6194,1.6119,1.6177,0.0052,+0.32%,96322,171293
B6Z13,2013-10-01,1.6175,1.6252,1.6173,1.6188,0.0011,+0.07%,97514,172422
B6Z13,2013-10-02,1.6184,1.6243,1.6153,1.6212,0.0024,+0.15%,87355,174791
B6Z13,2013-10-03,1.622,1.6232,1.6145,1.6151,-0.0061,-0.38%,89422,176123
B6Z13,2013-10-04,1.615,1.6169,1.5996,1.6017,-0.0134,-0.83%,107380,178055
B6Z13,2013-10-07,1.6017,1.6092,1.6016,1.6084,0.0067,+0.42%,77884,184341
B6Z13,2013-10-08,1.6081,1.6117,1.601,1.6073,-0.0011,-0.07%,85532,184643
B6Z13,2013-10-09,1.6073,1.6114,1.5909,1.5948,-0.0125,-0.78%,119504,178075
B6Z13,2013-10-10,1.5949,1.5975,1.5906,1.597,0.0022,+0.14%,77653,180206
B6Z13,2013-10-11,1.5963,1.5994,1.5915,1.5952,-0.0018,-0.11%,63006,180987
B6Z13,2013-10-14,1.5965,1.6012,1.5947,1.5987,0.0035,+0.22%,54672,184819
B6Z13,2013-10-15,1.5977,1.6022,1.5908,1.5987,0,0.00%,89796,183979
B6Z13,2013-10-16,1.5993,1.6056,1.5886,1.594,-0.0047,-0.29%,121502,185048
B6Z13,2013-10-17,1.5951,1.6166,1.5933,1.6151,0.0211,+1.32%,125119,187944
B6Z13,2013-10-18,1.6154,1.6218,1.6134,1.6153,0.0002,+0.01%,70026,183936
B6Z13,2013-10-21,1.6163,1.6174,1.6125,1.6138,-0.0015,-0.09%,53593,183199
B6Z13,2013-10-22,1.614,1.6242,1.6108,1.6232,0.0094,+0.58%,87229,181489
B6Z13,2013-10-23,1.6225,1.625,1.6113,1.6164,-0.0068,-0.42%,88100,181782
B6Z13,2013-10-24,1.6159,1.6217,1.6131,1.6198,0.0034,+0.21%,79739,181934
B6Z13,2013-10-25,1.6195,1.6241,1.6144,1.6168,-0.003,-0.19%,73306,181842
B6Z13,2013-10-28,1.6166,1.6203,1.6119,1.6153,-0.0015,-0.09%,61264,181613
B6Z13,2013-10-29,1.6134,1.6153,1.6016,1.6041,-0.0112,-0.69%,93686,177427
B6Z13,2013-10-30,1.6043,1.6073,1.5992,1.6011,-0.003,-0.19%,93646,177461
B6Z13,2013-10-31,1.6032,1.6064,1.6,1.6048,0.0037,+0.23%,105088,179585
B6Z13,2013-11-01,1.6037,1.6042,1.5903,1.5922,-0.0126,-0.79%,110709,177360
B6Z13,2013-11-04,1.592,1.5975,1.5897,1.5965,0.0043,+0.27%,63249,173336
B6Z13,2013-11-05,1.5961,1.6059,1.5944,1.6044,0.0079,+0.49%,107135,172368
B6Z13,2013-11-06,1.604,1.6114,1.6038,1.6078,0.0034,+0.21%,74086,172058
B6Z13,2013-11-07,1.6074,1.6111,1.6005,1.6084,0.0006,+0.04%,124114,173576
B6Z13,2013-11-08,1.6093,1.6102,1.5953,1.5997,-0.0087,-0.54%,114798,171949
B6Z13,2013-11-11,1.6006,1.6018,1.5961,1.5974,-0.0023,-0.14%,53684,172226
B6Z13,2013-11-12,1.5985,1.5988,1.585,1.5887,-0.0087,-0.54%,106140,171002
B6Z13,2013-11-13,1.5893,1.6063,1.5875,1.6019,0.0132,+0.83%,127823,174764
B6Z13,2013-11-14,1.6041,1.6099,1.5984,1.6054,0.0035,+0.22%,103255,177231
B6Z13,2013-11-15,1.6061,1.6132,1.6042,1.6108,0.0054,+0.34%,85399,180299
B6Z13,2013-11-18,1.6115,1.6146,1.6079,1.6094,-0.0014,-0.09%,66751,182712
B6Z13,2013-11-19,1.6109,1.613,1.6056,1.6114,0.002,+0.12%,74567,183449
B6Z13,2013-11-20,1.6111,1.6175,1.6083,1.6087,-0.0027,-0.17%,124344,188663
B6Z13,2013-11-21,1.6096,1.6199,1.607,1.616,0.0073,+0.45%,104700,192965
B6Z13,2013-11-22,1.6191,1.6224,1.616,1.6204,0.0044,+0.27%,71080,195744
B6Z13,2013-11-25,1.623,1.6238,1.6131,1.6146,-0.0058,-0.36%,91547,202381
B6Z13,2013-11-26,1.6159,1.6218,1.6137,1.6217,0.0071,+0.44%,90650,214443
B6Z13,2013-11-27,1.6211,1.6329,1.6195,1.6275,0.0058,+0.36%,127585,224958
B6Z13,2013-11-29,1.6319,1.6383,1.6274,1.636,0.0085,+0.52%,115257,230923
B6Z13,2013-12-02,1.637,1.6442,1.6342,1.6348,-0.0012,-0.07%,130133,238801
B6Z13,2013-12-03,1.6353,1.6436,1.6346,1.64,0.0052,+0.32%,81612,239371
B6Z13,2013-12-04,1.6386,1.6403,1.6325,1.6377,-0.0023,-0.14%,133325,239782
B6Z13,2013-12-05,1.6381,1.6403,1.6298,1.634,-0.0037,-0.23%,127897,239006
B6Z13,2013-12-06,1.6339,1.6394,1.6292,1.6342,0.0002,+0.01%,132637,243047
B6Z13,2013-12-09,1.6344,1.6433,1.6323,1.6427,0.0085,+0.52%,103233,247002
B6Z13,2013-12-10,1.642,1.6465,1.6418,1.6446,0.0019,+0.12%,158650,255604
B6Z13,2013-12-11,1.6448,1.6457,1.6338,1.6382,-0.0064,-0.39%,234064,277812
B6H14,2013-12-12,1.6366,1.6408,1.6311,1.6336,-0.0046,-0.28%,226583,299331
B6H14,2013-12-13,1.6334,1.6351,1.6252,1.6281,-0.0055,-0.34%,129380,292266
B6H14,2013-12-16,1.6293,1.6339,1.6279,1.629,0.0009,+0.06%,75048,194374
B6H14,2013-12-17,1.6288,1.6326,1.6203,1.6254,-0.0036,-0.22%,83695,191648
B6H14,2013-12-18,1.6262,1.6476,1.626,1.6421,0.0167,+1.03%,146411,199213
B6H14,2013-12-19,1.6374,1.6386,1.6326,1.6364,-0.0057,-0.35%,71034,198346
B6H14,2013-12-20,1.6357,1.6386,1.6305,1.6324,-0.004,-0.24%,75928,195913
B6H14,2013-12-23,1.6322,1.6367,1.6315,1.634,0.0016,+0.10%,44939,194693
B6H14,2013-12-24,1.6338,1.6375,1.6314,1.6366,0.0026,+0.16%,23823,198063
B6H14,2013-12-26,1.637,1.6431,1.6367,1.6413,0.0047,+0.29%,20920,202250
B6H14,2013-12-27,1.6407,1.657,1.6399,1.6453,0.004,+0.24%,85342,204877
B6H14,2013-12-30,1.648,1.6525,1.6452,1.6512,0.0059,+0.36%,45510,207951
B6H14,2013-12-31,1.6485,1.6572,1.6465,1.6558,0.0046,+0.28%,39468,206886
B6H14,2014-01-02,1.655,1.6551,1.6402,1.6414,-0.0144,-0.87%,76494,202530
B6H14,2014-01-03,1.6439,1.6466,1.6387,1.6413,-0.0001,-0.01%,79846,199961
B6H14,2014-01-06,1.6404,1.6426,1.6329,1.6397,-0.0016,-0.10%,83677,194803
B6H14,2014-01-07,1.6406,1.6431,1.6365,1.6399,0.0002,+0.01%,63812,194668
B6H14,2014-01-08,1.6393,1.6464,1.6369,1.6443,0.0044,+0.27%,88391,199313
B6H14,2014-01-09,1.6434,1.649,1.6432,1.6463,0.002,+0.12%,82152,200145
B6H14,2014-01-10,1.6467,1.6509,1.637,1.6465,0.0002,+0.01%,120599,201677
B6H14,2014-01-13,1.6478,1.65,1.6338,1.6381,-0.0084,-0.51%,96158,201938
B6H14,2014-01-14,1.6378,1.6458,1.6359,1.6428,0.0047,+0.29%,93263,201372
B6H14,2014-01-15,1.6431,1.6432,1.6313,1.6361,-0.0067,-0.41%,116124,200936
B6H14,2014-01-16,1.6362,1.6376,1.6308,1.6351,-0.001,-0.06%,89698,199514
B6H14,2014-01-17,1.6345,1.6452,1.6301,1.6413,0.0062,+0.38%,111457,200595
B6H14,2014-01-21,1.6405,1.648,1.6389,1.6472,0.0059,+0.36%,131515,208113
B6H14,2014-01-22,1.6469,1.6581,1.6443,1.657,0.0098,+0.59%,130962,220699
B6H14,2014-01-23,1.6566,1.6638,1.655,1.6624,0.0054,+0.33%,135361,223098
B6H14,2014-01-24,1.6632,1.6662,1.6472,1.65,-0.0124,-0.75%,157524,218487
B6H14,2014-01-27,1.6476,1.6582,1.6465,1.6568,0.0068,+0.41%,83689,218806
B6H14,2014-01-28,1.6574,1.6619,1.6531,1.6573,0.0005,+0.03%,88216,218738
B6H14,2014-01-29,1.6554,1.6601,1.6519,1.6569,-0.0004,-0.02%,92694,220394
B6H14,2014-01-30,1.6551,1.656,1.6439,1.6472,-0.0097,-0.59%,99465,218472
B6H14,2014-01-31,1.6488,1.6493,1.6422,1.6428,-0.0044,-0.27%,101942,214799
B6H14,2014-02-03,1.6426,1.6435,1.6284,1.6301,-0.0127,-0.77%,147639,209710
B6H14,2014-02-04,1.6307,1.6339,1.6252,1.6315,0.0014,+0.09%,103509,202690
B6H14,2014-02-05,1.6321,1.6337,1.6247,1.6307,-0.0008,-0.05%,110225,202553
B6H14,2014-02-06,1.6308,1.6343,1.6267,1.6317,0.001,+0.06%,82080,201218
B6H14,2014-02-07,1.6316,1.6414,1.6295,1.6407,0.009,+0.55%,112203,200782
B6H14,2014-02-10,1.6408,1.6423,1.6377,1.64,-0.0007,-0.04%,57799,200426
B6H14,2014-02-11,1.6401,1.6484,1.6387,1.6445,0.0045,+0.27%,88570,204982
B6H14,2014-02-12,1.6448,1.6596,1.6422,1.6593,0.0148,+0.90%,158259,218274
B6H14,2014-02-13,1.6606,1.6672,1.6593,1.6651,0.0058,+0.35%,116109,228530
B6H14,2014-02-14,1.6653,1.6747,1.6641,1.6739,0.0088,+0.53%,95944,233593
B6H14,2014-02-18,1.6752,1.6821,1.6652,1.668,-0.0059,-0.35%,194878,241471
B6H14,2014-02-19,1.6679,1.6731,1.6634,1.6694,0.0014,+0.08%,140200,256521
B6H14,2014-02-20,1.6678,1.6699,1.6622,1.6657,-0.0037,-0.22%,99668,259239
B6H14,2014-02-21,1.6649,1.6723,1.6608,1.6643,-0.0014,-0.08%,123782,258616
B6H14,2014-02-24,1.663,1.6676,1.6581,1.6662,0.0019,+0.11%,87218,258864
B6H14,2014-02-25,1.6653,1.6725,1.6639,1.6675,0.0013,+0.08%,127925,257037
B6H14,2014-02-26,1.6676,1.67,1.6619,1.6661,-0.0014,-0.08%,80359,255964
B6H14,2014-02-27,1.6663,1.6697,1.6615,1.6683,0.0022,+0.13%,86015,259625
B6H14,2014-02-28,1.6688,1.6767,1.6675,1.6757,0.0074,+0.44%,127425,260490
B6H14,2014-03-03,1.6736,1.675,1.6651,1.6658,-0.0099,-0.59%,95754,255866
B6H14,2014-03-04,1.6664,1.6715,1.6638,1.6672,0.0014,+0.08%,90150,254013
B6H14,2014-03-05,1.6659,1.674,1.6655,1.6713,0.0041,+0.25%,97316,258372
B6H14,2014-03-06,1.6719,1.6777,1.6684,1.6738,0.0025,+0.15%,133608,256912
B6H14,2014-03-07,1.6737,1.6784,1.6706,1.6725,-0.0013,-0.08%,123236,261834
B6H14,2014-03-10,1.6725,1.6741,1.662,1.6639,-0.0086,-0.51%,130625,255587
B6H14,2014-03-11,1.6645,1.6652,1.6596,1.6626,-0.0013,-0.08%,168279,250867
B6H14,2014-03-12,1.6616,1.6635,1.6568,1.6614,-0.0012,-0.07%,201669,249745
B6M14,2014-03-13,1.661,1.671,1.6595,1.6604,-0.001,-0.06%,230069,274746
B6M14,2014-03-14,1.6612,1.6645,1.6576,1.6619,0.0015,+0.09%,116507,273268
B6M14,2014-03-17,1.6633,1.6655,1.6593,1.6626,0.0007,+0.04%,66924,210321
B6M14,2014-03-18,1.6624,1.6637,1.6534,1.6575,-0.0051,-0.31%,102692,208961
B6M14,2014-03-19,1.6585,1.6644,1.6496,1.6521,-0.0054,-0.33%,118686,208343
B6M14,2014-03-20,1.6522,1.6557,1.6469,1.6493,-0.0028,-0.17%,78924,204971
B6M14,2014-03-21,1.6498,1.651,1.6465,1.6484,-0.0009,-0.05%,67228,202545
B6M14,2014-03-24,1.6466,1.6527,1.6455,1.6484,0,0.00%,68207,202830
B6M14,2014-03-25,1.6485,1.654,1.6471,1.6521,0.0037,+0.22%,82935,202115
B6M14,2014-03-26,1.6523,1.6587,1.6499,1.6565,0.0044,+0.27%,74536,205495
B6M14,2014-03-27,1.6568,1.6638,1.6546,1.6606,0.0041,+0.25%,92047,207163
B6M14,2014-03-28,1.6597,1.6643,1.659,1.6635,0.0029,+0.17%,66555,209643
B6M14,2014-03-31,1.6637,1.6675,1.6603,1.6662,0.0027,+0.16%,86953,211569
B6M14,2014-04-01,1.6653,1.6666,1.661,1.662,-0.0042,-0.25%,60717,211437
B6M14,2014-04-02,1.6622,1.6656,1.6612,1.6616,-0.0004,-0.02%,53863,213936
B6M14,2014-04-03,1.6615,1.6653,1.656,1.6579,-0.0037,-0.22%,95104,211379
B6M14,2014-04-04,1.6584,1.6596,1.6545,1.657,-0.0009,-0.05%,80330,209222
B6M14,2014-04-07,1.6563,1.6615,1.6556,1.6601,0.0031,+0.19%,48220,207855
B6M14,2014-04-08,1.6599,1.6747,1.6598,1.6739,0.0138,+0.83%,109641,226667
B6M14,2014-04-09,1.6738,1.6793,1.6716,1.6785,0.0046,+0.27%,77935,229206
B6M14,2014-04-10,1.6782,1.6812,1.6746,1.6779,-0.0006,-0.04%,68734,229280
B6M14,2014-04-11,1.6775,1.6779,1.671,1.6738,-0.0041,-0.24%,63636,229290
B6M14,2014-04-14,1.6729,1.6738,1.6689,1.6719,-0.0019,-0.11%,58473,227388
B6M14,2014-04-15,1.6717,1.6745,1.664,1.6712,-0.0007,-0.04%,72861,226688
B6M14,2014-04-16,1.672,1.6816,1.6712,1.679,0.0078,+0.47%,81980,230392
B6M14,2014-04-17,1.679,1.6834,1.6779,1.6791,0.0001,+0.01%,53373,231900
B6M14,2014-04-21,1.6797,1.6812,1.6776,1.6793,0.0002,+0.01%,19274,232404
B6M14,2014-04-22,1.6787,1.6833,1.6779,1.6815,0.0022,+0.13%,53993,237055
B6M14,2014-04-23,1.6819,1.6829,1.6755,1.6774,-0.0041,-0.24%,75006,231699
B6M14,2014-04-24,1.6773,1.6801,1.6759,1.6792,0.0018,+0.11%,53013,231383
B6M14,2014-04-25,1.6795,1.6828,1.6783,1.6794,0.0002,+0.01%,53328,230712
B6M14,2014-04-28,1.68,1.6853,1.677,1.6806,0.0012,+0.07%,74289,234004
B6M14,2014-04-29,1.6802,1.6841,1.6787,1.6825,0.0019,+0.11%,77327,236030
B6M14,2014-04-30,1.682,1.6895,1.6797,1.6881,0.0056,+0.33%,84498,238271
B6M14,2014-05-01,1.6869,1.6916,1.6866,1.6889,0.0008,+0.05%,55010,237482
B6M14,2014-05-02,1.6881,1.689,1.6804,1.6864,-0.0025,-0.15%,93159,232278
B6M14,2014-05-05,1.687,1.6877,1.6848,1.6864,0,0.00%,29919,233197
B6M14,2014-05-06,1.6861,1.6992,1.6861,1.698,0.0116,+0.69%,98297,241264
B6M14,2014-05-07,1.6967,1.6982,1.6946,1.6955,-0.0025,-0.15%,60636,243856
B6M14,2014-05-08,1.6948,1.6969,1.692,1.6939,-0.0016,-0.09%,101694,241167
B6M14,2014-05-09,1.6928,1.6939,1.6827,1.6838,-0.0101,-0.60%,93096,237028
B6M14,2014-05-12,1.6848,1.6899,1.6838,1.6861,0.0023,+0.14%,52325,234199
B6M14,2014-05-13,1.6863,1.6879,1.6815,1.6818,-0.0043,-0.26%,65503,230333
B6M14,2014-05-14,1.6822,1.6871,1.6748,1.6766,-0.0052,-0.31%,116254,231623
B6M14,2014-05-15,1.6762,1.6801,1.6727,1.6791,0.0025,+0.15%,82843,230386
B6M14,2014-05-16,1.6786,1.684,1.678,1.6817,0.0026,+0.15%,62187,231431
B6M14,2014-05-19,1.6819,1.6842,1.6802,1.6814,-0.0003,-0.02%,53516,234596
B6M14,2014-05-20,1.681,1.6864,1.6799,1.6836,0.0022,+0.13%,59777,237637
B6M14,2014-05-21,1.6836,1.6919,1.6829,1.6893,0.0057,+0.34%,101399,240867
B6M14,2014-05-22,1.6895,1.6915,1.6849,1.6862,-0.0031,-0.18%,64586,241955
B6M14,2014-05-23,1.6866,1.6873,1.6809,1.6816,-0.0046,-0.27%,55642,239887
B6M14,2014-05-27,1.683,1.688,1.678,1.6808,-0.0008,-0.05%,83981,238440
B6M14,2014-05-28,1.6807,1.6813,1.6694,1.6707,-0.0101,-0.60%,99384,235575
B6M14,2014-05-29,1.6709,1.6739,1.6691,1.6719,0.0012,+0.07%,78448,233630
B6M14,2014-05-30,1.6716,1.6776,1.6715,1.6762,0.0043,+0.26%,84567,236955
B6M14,2014-06-02,1.6759,1.6764,1.6724,1.6744,-0.0018,-0.11%,81118,239709
B6M14,2014-06-03,1.6745,1.6782,1.6729,1.6744,0,0.00%,64286,239604
B6M14,2014-06-04,1.6749,1.6768,1.6697,1.6742,-0.0002,-0.01%,76029,243030
B6M14,2014-06-05,1.6736,1.6825,1.6721,1.6814,0.0072,+0.43%,135043,248832
B6M14,2014-06-06,1.6814,1.6847,1.678,1.681,-0.0004,-0.02%,91005,252596
B6M14,2014-06-09,1.6808,1.6832,1.6784,1.6794,-0.0016,-0.10%,98940,256735
B6M14,2014-06-10,1.6802,1.6817,1.6742,1.6754,-0.004,-0.24%,230176,271602
B6M14,2014-06-11,1.6754,1.6811,1.6737,1.6793,0.0039,+0.23%,253954,286599
B6U14,2014-06-12,1.678,1.692,1.6775,1.6825,0.0032,+0.19%,337633,328859
B6U14,2014-06-13,1.6913,1.6979,1.6825,1.6955,0.013,+0.77%,199017,343635
B6U14,2014-06-16,1.6964,1.6997,1.6946,1.6965,0.001,+0.06%,78492,242457
B6U14,2014-06-17,1.6968,1.6977,1.6925,1.6943,-0.0022,-0.13%,79109,250231
B6U14,2014-06-18,1.6948,1.6992,1.6897,1.6942,-0.0001,-0.01%,113681,250946
B6U14,2014-06-19,1.6981,1.7051,1.6974,1.7031,0.0089,+0.53%,102167,256724
B6U14,2014-06-20,1.7027,1.7049,1.6991,1.7001,-0.003,-0.18%,95249,259290
B6U14,2014-06-23,1.7009,1.7041,1.699,1.7011,0.001,+0.06%,60715,253365
B6U14,2014-06-24,1.7015,1.7022,1.6955,1.6972,-0.0039,-0.23%,102007,254369
B6U14,2014-06-25,1.6972,1.6991,1.6941,1.6969,-0.0003,-0.02%,79664,256521
B6U14,2014-06-26,1.6972,1.703,1.696,1.7014,0.0045,+0.27%,103933,256956
B6U14,2014-06-27,1.7015,1.7042,1.6997,1.7011,-0.0003,-0.02%,61097,254785
B6U14,2014-06-30,1.7025,1.7105,1.6998,1.7095,0.0084,+0.49%,96434,255863
B6U14,2014-07-01,1.7099,1.7156,1.7086,1.7141,0.0046,+0.27%,84165,255911
B6U14,2014-07-02,1.7141,1.7169,1.713,1.7153,0.0012,+0.07%,72119,254341
B6U14,2014-07-03,1.7154,1.7156,1.7076,1.7139,-0.0014,-0.08%,82078,257448
B6U14,2014-07-07,1.7152,1.7153,1.7099,1.7122,-0.0017,-0.10%,76896,253012
B6U14,2014-07-08,1.7121,1.7139,1.7076,1.7119,-0.0003,-0.02%,68057,254788
B6U14,2014-07-09,1.712,1.7152,1.7085,1.7149,0.003,+0.18%,71921,254503
B6U14,2014-07-10,1.7147,1.716,1.7096,1.7133,-0.0016,-0.09%,64631,251856
B6U14,2014-07-11,1.7126,1.7142,1.708,1.7108,-0.0025,-0.15%,56026,250438
B6U14,2014-07-14,1.711,1.7136,1.7061,1.7072,-0.0036,-0.21%,76542,249465
B6U14,2014-07-15,1.7077,1.7184,1.705,1.7138,0.0066,+0.39%,127324,255115
B6U14,2014-07-16,1.7134,1.7143,1.7104,1.7126,-0.0012,-0.07%,78488,248455
B6U14,2014-07-17,1.7129,1.7135,1.7077,1.7104,-0.0022,-0.13%,61060,246614
B6U14,2014-07-18,1.7093,1.711,1.7028,1.7086,-0.0018,-0.11%,94836,241920
B6U14,2014-07-21,1.7077,1.7092,1.7048,1.7066,-0.002,-0.12%,47175,240652
B6U14,2014-07-22,1.7066,1.7076,1.7033,1.7052,-0.0014,-0.08%,71431,241155
B6U14,2014-07-23,1.7056,1.7088,1.7016,1.7021,-0.0031,-0.18%,95824,241256
B6U14,2014-07-24,1.7032,1.7047,1.6959,1.6977,-0.0044,-0.26%,103467,242453
B6U14,2014-07-25,1.6981,1.6991,1.6954,1.6969,-0.0008,-0.05%,72634,240436
B6U14,2014-07-28,1.6969,1.6995,1.6966,1.6973,0.0004,+0.02%,47653,236916
B6U14,2014-07-29,1.6975,1.6989,1.6926,1.6938,-0.0035,-0.21%,75983,237411
B6U14,2014-07-30,1.6936,1.6948,1.6883,1.6909,-0.0029,-0.17%,93210,237762
B6U14,2014-07-31,1.6906,1.692,1.6849,1.6876,-0.0033,-0.20%,107273,232834
B6U14,2014-08-01,1.688,1.6886,1.6805,1.6825,-0.0051,-0.30%,133915,230541
B6U14,2014-08-04,1.6821,1.6859,1.6808,1.6847,0.0022,+0.13%,64080,230138
B6U14,2014-08-05,1.6852,1.6883,1.684,1.6869,0.0022,+0.13%,82856,230801
B6U14,2014-08-06,1.6879,1.6879,1.6816,1.684,-0.0029,-0.17%,91474,230916
B6U14,2014-08-07,1.6845,1.6859,1.6818,1.6829,-0.0011,-0.07%,71831,230348
B6U14,2014-08-08,1.6826,1.6829,1.6761,1.677,-0.0059,-0.35%,101879,227359
B6U14,2014-08-11,1.6767,1.6791,1.6766,1.6781,0.0011,+0.07%,56265,224559
B6U14,2014-08-12,1.6781,1.6811,1.6752,1.6808,0.0027,+0.16%,65295,223719
B6U14,2014-08-13,1.6804,1.6842,1.6681,1.6683,-0.0125,-0.74%,162642,234180
B6U14,2014-08-14,1.6683,1.6693,1.6653,1.6681,-0.0002,-0.01%,81406,230996
B6U14,2014-08-15,1.6679,1.6698,1.6673,1.6693,0.0012,+0.07%,75062,233101
B6U14,2014-08-18,1.6712,1.6734,1.6693,1.6723,0.003,+0.18%,56245,233197
B6U14,2014-08-19,1.6721,1.6725,1.6607,1.6615,-0.0108,-0.65%,98344,237291
B6U14,2014-08-20,1.661,1.6678,1.6587,1.6595,-0.002,-0.12%,125595,230706
B6U14,2014-08-21,1.6593,1.6598,1.6562,1.6583,-0.0012,-0.07%,64394,233541
B6U14,2014-08-22,1.6575,1.6595,1.6559,1.6574,-0.0009,-0.05%,80371,233584
B6U14,2014-08-25,1.6549,1.6595,1.6549,1.6576,0.0002,+0.01%,42555,233110
B6U14,2014-08-26,1.6568,1.6593,1.6536,1.6545,-0.0031,-0.19%,74234,233435
B6U14,2014-08-27,1.6539,1.6604,1.6534,1.6579,0.0034,+0.21%,85613,233440
B6U14,2014-08-28,1.6573,1.6612,1.6565,1.6584,0.0005,+0.03%,77293,234500
B6U14,2014-08-29,1.6587,1.6612,1.656,1.6561,-0.0023,-0.14%,89877,234120
B6U14,2014-09-02,1.6586,1.6643,1.6466,1.6472,-0.0089,-0.54%,155724,238973
B6U14,2014-09-03,1.6466,1.6496,1.6439,1.6453,-0.0019,-0.12%,126412,239460
B6U14,2014-09-04,1.6458,1.6464,1.6329,1.6331,-0.0122,-0.74%,146462,245565
B6U14,2014-09-05,1.6318,1.6339,1.6275,1.6329,-0.0002,-0.01%,136062,256959
B6U14,2014-09-08,1.6183,1.6232,1.6098,1.6114,-0.0215,-1.32%,211642,252064
B6U14,2014-09-09,1.6093,1.6155,1.6059,1.6089,-0.0025,-0.16%,275223,256591
B6U14,2014-09-10,1.6105,1.623,1.6051,1.6199,0.011,+0.68%,334381,251648
B6U14,2014-09-11,1.6204,1.6271,1.6186,1.6219,0.002,+0.12%,224219,256643
B6Z14,2014-09-12,1.626,1.6263,1.6192,1.6244,0.0025,+0.15%,143148,255115
B6Z14,2014-09-15,1.6256,1.6261,1.6208,1.6213,-0.0031,-0.19%,61987,139069
B6Z14,2014-09-16,1.6216,1.6299,1.615,1.6266,0.0053,+0.33%,127226,134560
B6Z14,2014-09-17,1.626,1.6346,1.6236,1.6279,0.0013,+0.08%,126910,135524
B6Z14,2014-09-18,1.6248,1.6397,1.6233,1.6362,0.0083,+0.51%,133616,138627
B6Z14,2014-09-19,1.6436,1.6515,1.6266,1.63,-0.0062,-0.38%,260904,138733
B6Z14,2014-09-22,1.6281,1.6356,1.6278,1.6345,0.0045,+0.28%,86013,135424
B6Z14,2014-09-23,1.635,1.6404,1.6291,1.6393,0.0048,+0.29%,111734,134061
B6Z14,2014-09-24,1.6376,1.6402,1.6316,1.6327,-0.0066,-0.40%,87440,132005
B6Z14,2014-09-25,1.6327,1.6331,1.6265,1.63,-0.0027,-0.17%,133250,130040
B6Z14,2014-09-26,1.6308,1.6323,1.6227,1.6241,-0.0059,-0.36%,87517,129617
B6Z14,2014-09-29,1.6229,1.6264,1.6203,1.624,-0.0001,-0.01%,80955,136052
B6Z14,2014-09-30,1.6231,1.6277,1.6155,1.6191,-0.0049,-0.30%,128404,132369
B6Z14,2014-10-01,1.6204,1.6242,1.6151,1.6165,-0.0026,-0.16%,95883,132799
B6Z14,2014-10-02,1.6172,1.624,1.6102,1.6136,-0.0029,-0.18%,122923,130773
B6Z14,2014-10-03,1.6142,1.6149,1.5941,1.5953,-0.0183,-1.13%,121792,129271
B6Z14,2014-10-06,1.5955,1.6089,1.5944,1.6051,0.0098,+0.61%,88851,131505
B6Z14,2014-10-07,1.6073,1.6119,1.6017,1.6087,0.0036,+0.22%,99336,129666
B6Z14,2014-10-08,1.6089,1.6173,1.6023,1.6151,0.0064,+0.40%,120686,128474
B6Z14,2014-10-09,1.6151,1.6218,1.6092,1.6111,-0.004,-0.25%,116522,130550
B6Z14,2014-10-10,1.6111,1.6126,1.6,1.6045,-0.0066,-0.41%,89844,134220
B6Z14,2014-10-13,1.6061,1.6118,1.6041,1.605,0.0005,+0.03%,70008,134784
B6Z14,2014-10-14,1.6067,1.6072,1.5889,1.59,-0.015,-0.93%,122193,138547
B6Z14,2014-10-15,1.5898,1.6062,1.5866,1.5922,0.0022,+0.14%,232555,139517
B6Z14,2014-10-16,1.5997,1.6089,1.5933,1.6053,0.0131,+0.82%,148032,141109
B6Z14,2014-10-17,1.6069,1.6119,1.6021,1.6102,0.0049,+0.31%,94900,137894
B6Z14,2014-10-20,1.6086,1.6172,1.6071,1.6161,0.0059,+0.37%,63399,136860
B6Z14,2014-10-21,1.6153,1.6178,1.6101,1.6113,-0.0048,-0.30%,66135,135766
B6Z14,2014-10-22,1.611,1.6124,1.6005,1.6043,-0.007,-0.43%,84176,136938
B6Z14,2014-10-23,1.6037,1.6054,1.5988,1.6022,-0.0021,-0.13%,77519,137732
B6Z14,2014-10-24,1.6022,1.6092,1.6004,1.607,0.0048,+0.30%,69117,140180
B6Z14,2014-10-27,1.6078,1.6141,1.6077,1.6122,0.0052,+0.32%,51443,138876
B6Z14,2014-10-28,1.6112,1.6177,1.6082,1.6123,0.0001,+0.01%,71993,138661
B6Z14,2014-10-29,1.6125,1.6155,1.5996,1.6013,-0.011,-0.68%,88644,140234
B6Z14,2014-10-30,1.6008,1.6032,1.5944,1.5997,-0.0016,-0.10%,85848,141898
B6Z14,2014-10-31,1.5996,1.6006,1.5936,1.5985,-0.0012,-0.08%,101390,140886
B6Z14,2014-11-03,1.5969,1.6027,1.592,1.5971,-0.0014,-0.09%,85339,143337
B6Z14,2014-11-04,1.597,1.6011,1.596,1.5997,0.0026,+0.16%,69174,144227
B6Z14,2014-11-05,1.5997,1.6017,1.5862,1.5972,-0.0025,-0.16%,128186,146481
B6Z14,2014-11-06,1.5957,1.5997,1.5819,1.5833,-0.0139,-0.87%,104148,151162
B6Z14,2014-11-07,1.5833,1.5883,1.5786,1.586,0.0027,+0.17%,105404,156225
B6Z14,2014-11-10,1.5877,1.5913,1.5836,1.5847,-0.0013,-0.08%,64439,151293
B6Z14,2014-11-11,1.5839,1.5942,1.5831,1.5882,0.0035,+0.22%,72739,151660
B6Z14,2014-11-12,1.5911,1.5937,1.5771,1.5777,-0.0105,-0.66%,142040,152821
B6Z14,2014-11-13,1.5762,1.5778,1.569,1.5715,-0.0062,-0.39%,78093,155538
B6Z14,2014-11-14,1.57,1.5705,1.5589,1.5677,-0.0038,-0.24%,112973,161262
B6Z14,2014-11-17,1.5662,1.5732,1.5616,1.5638,-0.0039,-0.25%,77495,164081
B6Z14,2014-11-18,1.5631,1.5676,1.5626,1.5632,-0.0006,-0.04%,78921,166966
B6Z14,2014-11-19,1.5622,1.5718,1.5587,1.5675,0.0043,+0.28%,110116,167671
B6Z14,2014-11-20,1.5678,1.5736,1.5629,1.5696,0.0021,+0.13%,94766,170628
B6Z14,2014-11-21,1.5688,1.5712,1.5624,1.5643,-0.0053,-0.34%,82443,174761
B6Z14,2014-11-24,1.5644,1.5712,1.5626,1.5694,0.0051,+0.33%,55872,171769
B6Z14,2014-11-25,1.5699,1.5734,1.5647,1.5706,0.0012,+0.08%,72556,171730
B6Z14,2014-11-26,1.5702,1.5804,1.5677,1.5796,0.009,+0.57%,93136,171035
B6Z14,2014-11-28,1.5783,1.5824,1.5614,1.5617,-0.0179,-1.13%,112797,177486
B6Z14,2014-12-01,1.5636,1.5762,1.5583,1.5739,0.0122,+0.78%,103398,174355
B6Z14,2014-12-02,1.5729,1.5742,1.563,1.5636,-0.0103,-0.65%,79601,174875
B6Z14,2014-12-03,1.5637,1.5719,1.5616,1.5684,0.0048,+0.31%,91199,173947
B6Z14,2014-12-04,1.5681,1.5725,1.5641,1.5672,-0.0012,-0.08%,98966,172676
B6Z14,2014-12-05,1.5669,1.5694,1.5566,1.558,-0.0092,-0.59%,95892,184221
B6Z14,2014-12-08,1.5563,1.5678,1.5541,1.5662,0.0082,+0.53%,93476,180599
B6Z14,2014-12-09,1.5654,1.5717,1.5626,1.5663,0.0001,+0.01%,184178,192308
B6Z14,2014-12-10,1.5669,1.5719,1.5647,1.5704,0.0041,+0.26%,197930,230537
B6Z14,2014-12-11,1.5716,1.5757,1.5652,1.5701,-0.0003,-0.02%,178699,236814
B6H15,2014-12-12,1.5717,1.5732,1.5684,1.5696,-0.0005,-0.03%,98765,230100
B6H15,2014-12-15,1.5715,1.5738,1.559,1.5631,-0.0065,-0.41%,97115,146114
B6H15,2014-12-16,1.5632,1.5776,1.56,1.5719,0.0088,+0.56%,117795,137768
B6H15,2014-12-17,1.5737,1.574,1.5527,1.5542,-0.0177,-1.13%,122688,140931
B6H15,2014-12-18,1.5563,1.5668,1.554,1.5661,0.0119,+0.77%,85259,139683
B6H15,2014-12-19,1.566,1.5673,1.5595,1.5624,-0.0037,-0.24%,67798,137976
B6H15,2014-12-22,1.5613,1.5656,1.5563,1.5583,-0.0041,-0.26%,41535,137798
B6H15,2014-12-23,1.5576,1.5599,1.5476,1.551,-0.0073,-0.47%,62700,141455
B6H15,2014-12-24,1.551,1.5548,1.5495,1.5544,0.0034,+0.22%,26158,140233
B6H15,2014-12-26,1.5551,1.556,1.5528,1.5551,0.0007,+0.05%,10932,140706
B6H15,2014-12-29,1.5549,1.5577,1.5498,1.5512,-0.0039,-0.25%,45399,144480
B6H15,2014-12-30,1.5503,1.5565,1.5491,1.5548,0.0036,+0.23%,45378,143660
B6H15,2014-12-31,1.5552,1.5612,1.554,1.557,0.0022,+0.14%,41756,143197
B6H15,2015-01-02,1.5571,1.5577,1.5315,1.5326,-0.0244,-1.57%,109740,164161
B6H15,2015-01-05,1.5275,1.5311,1.5195,1.5246,-0.008,-0.52%,106651,159763
B6H15,2015-01-06,1.5241,1.5265,1.5133,1.5154,-0.0092,-0.60%,100994,161876
B6H15,2015-01-07,1.5136,1.5148,1.5046,1.5114,-0.004,-0.26%,96338,165724
B6H15,2015-01-08,1.5096,1.511,1.5027,1.5075,-0.0039,-0.26%,79777,170319
B6H15,2015-01-09,1.5071,1.5168,1.507,1.5157,0.0082,+0.54%,121161,173095
B6H15,2015-01-12,1.5181,1.5188,1.5092,1.5172,0.0015,+0.10%,79426,178856
B6H15,2015-01-13,1.5158,1.5185,1.507,1.5139,-0.0033,-0.22%,112882,178563
B6H15,2015-01-14,1.5154,1.5263,1.5138,1.5214,0.0075,+0.50%,106772,175644
B6H15,2015-01-15,1.5227,1.5261,1.5143,1.5176,-0.0038,-0.25%,156383,181256
B6H15,2015-01-16,1.5169,1.5228,1.5068,1.516,-0.0016,-0.11%,108132,185552
B6H15,2015-01-20,1.5128,1.5194,1.5051,1.5151,-0.0009,-0.06%,101529,182860
B6H15,2015-01-21,1.5141,1.5173,1.507,1.5117,-0.0034,-0.22%,102378,186166
B6H15,2015-01-22,1.5138,1.5208,1.4966,1.5012,-0.0105,-0.69%,102140,188343
B6H15,2015-01-23,1.5002,1.5031,1.4946,1.5011,-0.0001,-0.01%,103615,187262
B6H15,2015-01-26,1.5004,1.5099,1.4983,1.5071,0.006,+0.40%,74365,186286
B6H15,2015-01-27,1.5079,1.5219,1.5055,1.5196,0.0125,+0.83%,97591,185350
B6H15,2015-01-28,1.5186,1.5216,1.5127,1.5153,-0.0043,-0.28%,81792,183765
B6H15,2015-01-29,1.5139,1.5158,1.5013,1.5043,-0.011,-0.73%,88826,188292
B6H15,2015-01-30,1.5067,1.5095,1.4985,1.5053,0.001,+0.07%,94070,188563
B6H15,2015-02-02,1.5081,1.5086,1.5,1.5032,-0.0021,-0.14%,92915,189599
B6H15,2015-02-03,1.5023,1.5194,1.4983,1.5162,0.013,+0.86%,117956,182903
B6H15,2015-02-04,1.5147,1.5247,1.5136,1.522,0.0058,+0.38%,102224,179528
B6H15,2015-02-05,1.5181,1.534,1.5163,1.5327,0.0107,+0.70%,87379,180546
B6H15,2015-02-06,1.5328,1.5349,1.5207,1.5229,-0.0098,-0.64%,90135,179319
B6H15,2015-02-09,1.5228,1.5265,1.5195,1.523,0.0001,+0.01%,53387,177248
B6H15,2015-02-10,1.5208,1.5273,1.5193,1.5251,0.0021,+0.14%,75218,175966
B6H15,2015-02-11,1.5252,1.5297,1.5215,1.5244,-0.0007,-0.05%,79428,173898
B6H15,2015-02-12,1.5234,1.5412,1.5206,1.5405,0.0161,+1.06%,131406,172382
B6H15,2015-02-13,1.5381,1.5419,1.5368,1.5389,-0.0016,-0.10%,58415,169722
B6H15,2015-02-17,1.5407,1.5437,1.5313,1.5361,-0.0028,-0.18%,109574,170627
B6H15,2015-02-18,1.5343,1.5479,1.5339,1.5433,0.0072,+0.47%,98841,170365
B6H15,2015-02-19,1.5436,1.5463,1.5402,1.541,-0.0023,-0.15%,67066,169594
B6H15,2015-02-20,1.5411,1.5432,1.5341,1.5394,-0.0016,-0.10%,106109,172116
B6H15,2015-02-23,1.5389,1.5473,1.533,1.5452,0.0058,+0.38%,69365,170467
B6H15,2015-02-24,1.5451,1.5473,1.54,1.5452,0,0.00%,79698,169784
B6H15,2015-02-25,1.5448,1.5537,1.5446,1.5526,0.0074,+0.48%,67782,168151
B6H15,2015-02-26,1.5525,1.5552,1.5393,1.5405,-0.0121,-0.78%,103843,167516
B6H15,2015-02-27,1.5408,1.5458,1.5382,1.5436,0.0031,+0.20%,86989,164376
B6H15,2015-03-02,1.5424,1.5429,1.5349,1.5361,-0.0075,-0.49%,76375,166463
B6H15,2015-03-03,1.5358,1.5396,1.5343,1.5364,0.0003,+0.02%,62802,165737
B6H15,2015-03-04,1.5359,1.5372,1.525,1.526,-0.0104,-0.68%,106047,170864
B6H15,2015-03-05,1.5263,1.5269,1.5215,1.5238,-0.0022,-0.14%,92434,170351
B6H15,2015-03-06,1.5249,1.5251,1.5026,1.5048,-0.019,-1.25%,132020,185037
B6H15,2015-03-09,1.5042,1.5136,1.5033,1.513,0.0082,+0.54%,138184,192287
B6H15,2015-03-10,1.5129,1.5131,1.5028,1.5073,-0.0057,-0.38%,184011,205166
B6H15,2015-03-11,1.5052,1.5096,1.4892,1.4933,-0.014,-0.93%,291458,230241
B6M15,2015-03-12,1.4924,1.5017,1.4839,1.4841,-0.0092,-0.62%,262747,242134
B6M15,2015-03-13,1.4872,1.4887,1.4689,1.4713,-0.0128,-0.86%,191998,237451
B6M15,2015-03-16,1.473,1.4844,1.4728,1.4825,0.0112,+0.76%,91374,184642
B6M15,2015-03-17,1.4815,1.4836,1.4715,1.4745,-0.008,-0.54%,91066,188238
B6M15,2015-03-18,1.4733,1.5145,1.4625,1.4854,0.0109,+0.74%,179241,179386
B6M15,2015-03-19,1.4943,1.5001,1.468,1.4712,-0.0142,-0.96%,147326,181956
B6M15,2015-03-20,1.4747,1.4982,1.4714,1.4934,0.0222,+1.51%,125739,173976
B6M15,2015-03-23,1.4963,1.4966,1.4831,1.4932,-0.0002,-0.01%,121125,175779
B6M15,2015-03-24,1.4946,1.4977,1.4834,1.4836,-0.0096,-0.64%,107030,178140
B6M15,2015-03-25,1.4838,1.4946,1.4823,1.4858,0.0022,+0.15%,88494,176505
B6M15,2015-03-26,1.4876,1.4988,1.4798,1.4831,-0.0027,-0.18%,101806,180148
B6M15,2015-03-27,1.4843,1.4914,1.4789,1.4868,0.0037,+0.25%,94888,179658
B6M15,2015-03-30,1.488,1.4893,1.4745,1.4807,-0.0061,-0.41%,81236,182924
B6M15,2015-03-31,1.4792,1.4864,1.4748,1.4837,0.003,+0.20%,83886,182514
B6M15,2015-04-01,1.4815,1.4864,1.4731,1.482,-0.0017,-0.11%,94051,190388
B6M15,2015-04-02,1.4818,1.4862,1.4768,1.4817,-0.0003,-0.02%,81665,184671
B6M15,2015-04-03,1.4822,1.4939,1.4803,1.4911,0.0094,+0.63%,22000,185002
B6M15,2015-04-06,1.4919,1.4975,1.4864,1.4914,0.0003,+0.02%,41754,184173
B6M15,2015-04-07,1.4882,1.4912,1.4796,1.4822,-0.0092,-0.62%,78286,185219
B6M15,2015-04-08,1.4805,1.4965,1.4802,1.4875,0.0053,+0.36%,100066,181023
B6M15,2015-04-09,1.4862,1.4879,1.4677,1.4686,-0.0189,-1.27%,91017,186659
B6M15,2015-04-10,1.4703,1.4718,1.4581,1.4643,-0.0043,-0.29%,88623,192928
B6M15,2015-04-13,1.4624,1.4675,1.456,1.467,0.0027,+0.18%,79659,192237
B6M15,2015-04-14,1.4663,1.4795,1.4598,1.4773,0.0103,+0.70%,109753,189513
B6M15,2015-04-15,1.4773,1.4849,1.4694,1.484,0.0067,+0.45%,94762,185428
B6M15,2015-04-16,1.4825,1.4964,1.4807,1.4951,0.0111,+0.75%,94379,181228
B6M15,2015-04-17,1.4931,1.5048,1.4911,1.4954,0.0003,+0.02%,97437,177769
B6M15,2015-04-20,1.4962,1.4978,1.4882,1.4896,-0.0058,-0.39%,55463,175992
B6M15,2015-04-21,1.4896,1.4967,1.4851,1.4918,0.0022,+0.15%,57195,175066
B6M15,2015-04-22,1.4918,1.5074,1.4908,1.504,0.0122,+0.82%,88770,173708
B6M15,2015-04-23,1.5033,1.5065,1.4955,1.5049,0.0009,+0.06%,76224,171043
B6M15,2015-04-24,1.5054,1.5183,1.5023,1.5171,0.0122,+0.81%,84308,168539
B6M15,2015-04-27,1.5175,1.5257,1.5103,1.5218,0.0047,+0.31%,77810,168450
B6M15,2015-04-28,1.5221,1.5339,1.5168,1.5331,0.0113,+0.74%,113365,171698
B6M15,2015-04-29,1.5336,1.5494,1.5323,1.5426,0.0095,+0.62%,143741,171560
B6M15,2015-04-30,1.5426,1.5488,1.5299,1.5354,-0.0072,-0.47%,148288,169777
B6M15,2015-05-01,1.5349,1.5393,1.511,1.5127,-0.0227,-1.48%,127532,170351
B6M15,2015-05-04,1.5139,1.517,1.5086,1.5117,-0.001,-0.07%,79215,176681
B6M15,2015-05-05,1.512,1.5214,1.508,1.517,0.0053,+0.35%,101066,173468
B6M15,2015-05-06,1.5178,1.5289,1.5146,1.5239,0.0069,+0.45%,117073,172246
B6M15,2015-05-07,1.5239,1.5271,1.516,1.5254,0.0015,+0.10%,92464,172885
B6M15,2015-05-08,1.5412,1.5519,1.5351,1.5448,0.0194,+1.27%,187619,179131
B6M15,2015-05-11,1.5451,1.561,1.5389,1.5586,0.0138,+0.89%,119664,181383
B6M15,2015-05-12,1.5584,1.5708,1.5553,1.5674,0.0088,+0.56%,123857,183586
B6M15,2015-05-13,1.5669,1.5766,1.563,1.5745,0.0071,+0.45%,161716,184400
B6M15,2015-05-14,1.5739,1.5821,1.5725,1.5763,0.0018,+0.11%,109961,187669
B6M15,2015-05-15,1.5773,1.5806,1.5699,1.5749,-0.0014,-0.09%,103755,185230
B6M15,2015-05-18,1.5723,1.5743,1.5635,1.5654,-0.0095,-0.60%,81495,185571
B6M15,2015-05-19,1.5653,1.5667,1.5444,1.5494,-0.016,-1.02%,139098,182607
B6M15,2015-05-20,1.5508,1.5585,1.547,1.5543,0.0049,+0.32%,107516,183180
B6M15,2015-05-21,1.5529,1.5697,1.5521,1.567,0.0127,+0.82%,106276,183380
B6M15,2015-05-22,1.5662,1.5688,1.5457,1.5485,-0.0185,-1.18%,105029,180269
B6M15,2015-05-26,1.5465,1.5505,1.5352,1.5382,-0.0103,-0.67%,103644,176797
B6M15,2015-05-27,1.538,1.5435,1.5299,1.5335,-0.0047,-0.31%,97629,175075
B6M15,2015-05-28,1.5353,1.5384,1.5258,1.5321,-0.0014,-0.09%,82193,176363
B6M15,2015-05-29,1.5314,1.5341,1.5235,1.5289,-0.0032,-0.21%,87605,176949
B6M15,2015-06-01,1.5285,1.5304,1.5168,1.5203,-0.0086,-0.56%,91339,177841
B6M15,2015-06-02,1.5193,1.5367,1.5179,1.5348,0.0145,+0.95%,111577,175291
B6M15,2015-06-03,1.5343,1.5374,1.5249,1.5313,-0.0035,-0.23%,90872,173975
B6M15,2015-06-04,1.5332,1.5441,1.5304,1.5368,0.0055,+0.36%,90224,172387
B6M15,2015-06-05,1.5356,1.5377,1.519,1.5275,-0.0093,-0.61%,108619,175434
B6M15,2015-06-08,1.526,1.5364,1.522,1.5332,0.0057,+0.37%,115326,175405
B6M15,2015-06-09,1.5345,1.5389,1.5257,1.5373,0.0041,+0.27%,153199,181049
B6M15,2015-06-10,1.5383,1.5554,1.5368,1.5526,0.0153,+1.00%,276746,183652
B6U15,2015-06-11,1.5496,1.5523,1.5408,1.5508,-0.0018,-0.12%,171374,191231
B6U15,2015-06-12,1.5505,1.5588,1.5457,1.5543,0.0035,+0.23%,132734,194078
B6U15,2015-06-15,1.5548,1.5605,1.5478,1.5596,0.0053,+0.34%,64072,143576
B6U15,2015-06-16,1.5589,1.5644,1.5531,1.5638,0.0042,+0.27%,74978,146635
B6U15,2015-06-17,1.5641,1.5838,1.5617,1.5819,0.0181,+1.16%,117480,153863
B6U15,2015-06-18,1.5827,1.5924,1.5796,1.5863,0.0044,+0.28%,109563,164300
B6U15,2015-06-19,1.5872,1.5887,1.5826,1.5871,0.0008,+0.05%,58831,167439
B6U15,2015-06-22,1.586,1.5902,1.5796,1.5821,-0.005,-0.32%,77399,172772
B6U15,2015-06-23,1.5818,1.5822,1.57,1.5706,-0.0115,-0.73%,97319,178641
B6U15,2015-06-24,1.5719,1.5794,1.5659,1.5693,-0.0013,-0.08%,78750,179520
B6U15,2015-06-25,1.5698,1.5762,1.5668,1.5724,0.0031,+0.20%,76212,184981
B6U15,2015-06-26,1.5735,1.5758,1.57,1.5723,-0.0001,-0.01%,63690,184077
B6U15,2015-06-29,1.5669,1.5781,1.565,1.5728,0.0005,+0.03%,110315,185681
B6U15,2015-06-30,1.5727,1.5769,1.5685,1.5725,-0.0003,-0.02%,100698,181413
B6U15,2015-07-01,1.5692,1.573,1.558,1.5593,-0.0132,-0.84%,91094,176594
B6U15,2015-07-02,1.5608,1.563,1.5555,1.5592,-0.0001,-0.01%,64175,172366
B6U15,2015-07-06,1.5533,1.5638,1.5524,1.5596,0.0004,+0.03%,100161,171913
B6U15,2015-07-07,1.5598,1.5601,1.5405,1.5436,-0.016,-1.03%,111805,168480
B6U15,2015-07-08,1.5447,1.546,1.5323,1.5347,-0.0089,-0.58%,85903,167415
B6U15,2015-07-09,1.5356,1.5413,1.5337,1.5356,0.0009,+0.06%,68438,164784
B6U15,2015-07-10,1.5369,1.5546,1.5357,1.5497,0.0141,+0.92%,98028,159941
B6U15,2015-07-13,1.551,1.5582,1.5473,1.5476,-0.0021,-0.14%,78278,160430
B6U15,2015-07-14,1.548,1.5636,1.5443,1.5624,0.0148,+0.96%,96183,157073
B6U15,2015-07-15,1.5625,1.5669,1.557,1.5623,-0.0001,-0.01%,77881,157844
B6U15,2015-07-16,1.5631,1.5644,1.5553,1.5599,-0.0024,-0.15%,60934,159010
B6U15,2015-07-17,1.5601,1.5668,1.5547,1.5606,0.0007,+0.04%,63051,160297
B6U15,2015-07-20,1.5598,1.5622,1.5531,1.5562,-0.0044,-0.28%,55772,165628
B6U15,2015-07-21,1.555,1.5585,1.5522,1.5548,-0.0014,-0.09%,62898,164779
B6U15,2015-07-22,1.555,1.5642,1.5545,1.5593,0.0045,+0.29%,85206,169383
B6U15,2015-07-23,1.5604,1.5665,1.5491,1.5507,-0.0086,-0.55%,91426,173765
B6U15,2015-07-24,1.5507,1.5521,1.5461,1.5505,-0.0002,-0.01%,49485,171116
B6U15,2015-07-27,1.5505,1.559,1.5485,1.5551,0.0046,+0.30%,71531,169475
B6U15,2015-07-28,1.5554,1.5623,1.5522,1.5591,0.004,+0.26%,72876,173295
B6U15,2015-07-29,1.5607,1.5685,1.5582,1.561,0.0019,+0.12%,80131,174704
B6U15,2015-07-30,1.5596,1.5641,1.5558,1.5595,-0.0015,-0.10%,62357,170781
B6U15,2015-07-31,1.5594,1.5674,1.5544,1.561,0.0015,+0.10%,117172,174119
B6U15,2015-08-03,1.5623,1.5641,1.556,1.5578,-0.0032,-0.20%,73920,170804
B6U15,2015-08-04,1.5582,1.563,1.5553,1.5563,-0.0015,-0.10%,85964,169224
B6U15,2015-08-05,1.5562,1.5653,1.552,1.5593,0.003,+0.19%,100861,174664
B6U15,2015-08-06,1.5598,1.5632,1.5462,1.5513,-0.008,-0.51%,148911,171381
B6U15,2015-08-07,1.5511,1.5546,1.5419,1.549,-0.0023,-0.15%,120795,169143
B6U15,2015-08-10,1.5487,1.5603,1.5454,1.56,0.011,+0.71%,90548,161802
B6U15,2015-08-11,1.5585,1.5613,1.5551,1.5557,-0.0043,-0.28%,74861,158247
B6U15,2015-08-12,1.557,1.5657,1.5531,1.561,0.0053,+0.34%,105713,163002
B6U15,2015-08-13,1.5611,1.5634,1.5569,1.5611,0.0001,+0.01%,59774,160466
B6U15,2015-08-14,1.5609,1.5661,1.5585,1.5649,0.0038,+0.24%,65266,164316
B6U15,2015-08-17,1.5646,1.5689,1.5575,1.5582,-0.0067,-0.43%,65216,165122
B6U15,2015-08-18,1.5583,1.5714,1.5559,1.5661,0.0079,+0.51%,102728,172083
B6U15,2015-08-19,1.5657,1.5698,1.5633,1.5688,0.0027,+0.17%,72453,168350
B6U15,2015-08-20,1.5679,1.57,1.5604,1.5675,-0.0013,-0.08%,87641,170443
B6U15,2015-08-21,1.569,1.5721,1.5656,1.5696,0.0021,+0.13%,90964,171074
B6U15,2015-08-24,1.5685,1.5802,1.5628,1.5774,0.0078,+0.50%,153489,177134
B6U15,2015-08-25,1.5759,1.5817,1.5678,1.5683,-0.0091,-0.58%,102649,176962
B6U15,2015-08-26,1.5687,1.5718,1.5451,1.5466,-0.0217,-1.38%,160235,174895
B6U15,2015-08-27,1.5467,1.5507,1.5369,1.5423,-0.0043,-0.28%,117641,172782
B6U15,2015-08-28,1.5407,1.5442,1.5333,1.539,-0.0033,-0.21%,104225,168149
B6U15,2015-08-31,1.5403,1.5435,1.5338,1.5348,-0.0042,-0.27%,65013,166624
B6U15,2015-09-01,1.5343,1.5407,1.5298,1.5306,-0.0042,-0.27%,104924,170032
B6U15,2015-09-02,1.5302,1.5325,1.5263,1.53,-0.0006,-0.04%,77836,174548
B6U15,2015-09-03,1.5302,1.5313,1.5218,1.5256,-0.0044,-0.29%,103849,179644
B6U15,2015-09-04,1.5253,1.5278,1.5164,1.5184,-0.0072,-0.47%,82266,181736
B6U15,2015-09-08,1.5178,1.5412,1.5172,1.5394,0.021,+1.38%,198128,186994
B6U15,2015-09-09,1.5394,1.5404,1.5349,1.5365,-0.0029,-0.19%,193235,185011
B6Z15,2015-09-10,1.5356,1.5469,1.5332,1.546,0.0095,+0.62%,225792,200970
B6Z15,2015-09-11,1.5436,1.5455,1.5393,1.5419,-0.0041,-0.27%,104513,204090
B6Z15,2015-09-14,1.5421,1.5463,1.5365,1.5427,0.0008,+0.05%,55422,145785
B6Z15,2015-09-15,1.5419,1.5451,1.5322,1.5324,-0.0103,-0.67%,59034,145704
B6Z15,2015-09-16,1.5334,1.5522,1.5323,1.5481,0.0157,+1.02%,103932,142574
B6Z15,2015-09-17,1.5488,1.5622,1.548,1.5608,0.0127,+0.82%,93039,143989
B6Z15,2015-09-18,1.5578,1.565,1.5507,1.5545,-0.0063,-0.40%,94928,149805
B6Z15,2015-09-21,1.5518,1.5561,1.5474,1.5498,-0.0047,-0.30%,61284,151939
B6Z15,2015-09-22,1.5501,1.5522,1.5334,1.536,-0.0138,-0.89%,85545,146573
B6Z15,2015-09-23,1.5354,1.5357,1.5214,1.5254,-0.0106,-0.69%,102357,150698
B6Z15,2015-09-24,1.5242,1.5283,1.5194,1.5228,-0.0026,-0.17%,81285,149553
B6Z15,2015-09-25,1.5217,1.5255,1.5129,1.5187,-0.0041,-0.27%,79071,152229
B6Z15,2015-09-28,1.5199,1.5236,1.5152,1.5166,-0.0021,-0.14%,62335,151728
B6Z15,2015-09-29,1.5164,1.5199,1.5123,1.5152,-0.0014,-0.09%,75293,155821
B6Z15,2015-09-30,1.5147,1.5208,1.51,1.5113,-0.0039,-0.26%,91252,158450
B6Z15,2015-10-01,1.5121,1.5175,1.5101,1.5126,0.0013,+0.09%,63778,160143
B6Z15,2015-10-02,1.5125,1.5231,1.5123,1.5184,0.0058,+0.38%,80141,161032
B6Z15,2015-10-05,1.5172,1.5239,1.513,1.5148,-0.0036,-0.24%,79157,163399
B6Z15,2015-10-06,1.5141,1.5238,1.5133,1.5224,0.0076,+0.50%,59661,160373
B6Z15,2015-10-07,1.5228,1.5333,1.5217,1.5313,0.0089,+0.58%,82316,155086
B6Z15,2015-10-08,1.5311,1.5367,1.5256,1.5348,0.0035,+0.23%,89700,151283
B6Z15,2015-10-09,1.5342,1.5378,1.5295,1.5333,-0.0015,-0.10%,71525,148107
B6Z15,2015-10-12,1.5312,1.5368,1.5309,1.5354,0.0021,+0.14%,40784,147387
B6Z15,2015-10-13,1.5337,1.5382,1.5194,1.5247,-0.0107,-0.70%,103199,152164
B6Z15,2015-10-14,1.5244,1.5489,1.5243,1.5477,0.023,+1.51%,122759,152932
B6Z15,2015-10-15,1.5478,1.5504,1.541,1.5487,0.001,+0.06%,91313,157391
B6Z15,2015-10-16,1.5462,1.5482,1.5425,1.5453,-0.0034,-0.22%,53758,155727
B6Z15,2015-10-19,1.5434,1.5491,1.5423,1.5463,0.001,+0.06%,44614,158489
B6Z15,2015-10-20,1.5455,1.5501,1.5431,1.5436,-0.0027,-0.17%,48689,158043
B6Z15,2015-10-21,1.5438,1.5473,1.5405,1.5417,-0.0019,-0.12%,50288,156222
B6Z15,2015-10-22,1.541,1.5514,1.5365,1.5383,-0.0034,-0.22%,103294,158208
B6Z15,2015-10-23,1.5386,1.5414,1.5301,1.5316,-0.0067,-0.44%,81320,153871
B6Z15,2015-10-26,1.5304,1.5378,1.5301,1.5347,0.0031,+0.20%,51670,153484
B6Z15,2015-10-27,1.5344,1.5355,1.5278,1.5296,-0.0051,-0.33%,65703,153453
B6Z15,2015-10-28,1.53,1.5343,1.5243,1.5246,-0.005,-0.33%,76090,155156
B6Z15,2015-10-29,1.5262,1.5318,1.5238,1.5312,0.0066,+0.43%,67378,152413
B6Z15,2015-10-30,1.5307,1.5465,1.5305,1.5422,0.011,+0.72%,108392,154749
B6Z15,2015-11-02,1.5448,1.5494,1.54,1.5408,-0.0014,-0.09%,72126,152998
B6Z15,2015-11-03,1.5412,1.5441,1.5355,1.5433,0.0025,+0.16%,60583,151194
B6Z15,2015-11-04,1.5417,1.5441,1.5356,1.5376,-0.0057,-0.37%,69629,154096
B6Z15,2015-11-05,1.5383,1.5397,1.52,1.5205,-0.0171,-1.11%,152636,160119
B6Z15,2015-11-06,1.5205,1.5214,1.5023,1.5036,-0.0169,-1.11%,125015,166453
B6Z15,2015-11-09,1.505,1.5124,1.5038,1.5109,0.0073,+0.49%,84935,170171
B6Z15,2015-11-10,1.511,1.5142,1.5088,1.5103,-0.0006,-0.04%,49911,172346
B6Z15,2015-11-11,1.5117,1.5218,1.5116,1.5194,0.0091,+0.60%,73445,170952
B6Z15,2015-11-12,1.5213,1.5244,1.517,1.5216,0.0022,+0.14%,77630,169799
B6Z15,2015-11-13,1.5226,1.5268,1.5184,1.5227,0.0011,+0.07%,65615,169928
B6Z15,2015-11-16,1.5222,1.5226,1.5179,1.5195,-0.0032,-0.21%,48195,171957
B6Z15,2015-11-17,1.5197,1.5236,1.5152,1.5208,0.0013,+0.09%,62224,175254
B6Z15,2015-11-18,1.5212,1.5247,1.5185,1.5227,0.0019,+0.12%,54514,174213
B6Z15,2015-11-19,1.5227,1.5333,1.5226,1.529,0.0063,+0.41%,90626,169219
B6Z15,2015-11-20,1.5286,1.5307,1.518,1.519,-0.01,-0.65%,75075,167196
B6Z15,2015-11-23,1.5184,1.5193,1.5106,1.5114,-0.0076,-0.50%,67818,169757
B6Z15,2015-11-24,1.5121,1.5153,1.5052,1.5088,-0.0026,-0.17%,72721,172390
B6Z15,2015-11-25,1.5081,1.5135,1.5055,1.5125,0.0037,+0.25%,60099,172815
B6Z15,2015-11-27,1.5123,1.5128,1.5028,1.5049,-0.0076,-0.50%,78442,183423
B6Z15,2015-11-30,1.5034,1.5068,1.4992,1.5059,0.001,+0.07%,65114,187316
B6Z15,2015-12-01,1.5061,1.5124,1.5049,1.5081,0.0022,+0.15%,62239,187628
B6Z15,2015-12-02,1.5075,1.5079,1.4893,1.4937,-0.0144,-0.95%,99476,199637
B6Z15,2015-12-03,1.4944,1.5159,1.4901,1.515,0.0213,+1.43%,164730,195500
B6Z15,2015-12-04,1.5144,1.5158,1.5078,1.5102,-0.0048,-0.32%,105332,189650
B6Z15,2015-12-07,1.5106,1.5114,1.5043,1.5061,-0.0041,-0.27%,90109,193661
B6Z15,2015-12-08,1.5046,1.506,1.4956,1.4995,-0.0066,-0.44%,128358,200245
B6Z15,2015-12-09,1.501,1.5193,1.5004,1.5164,0.0169,+1.13%,232762,195834
B6H16,2015-12-10,1.5178,1.5202,1.5109,1.5154,-0.001,-0.07%,194173,192183
B6H16,2015-12-11,1.5158,1.5242,1.5126,1.5231,0.0077,+0.51%,111242,200924
B6H16,2015-12-14,1.5196,1.5206,1.5108,1.5142,-0.0089,-0.58%,71890,162053
B6H16,2015-12-15,1.5178,1.5187,1.503,1.5044,-0.0098,-0.65%,83805,165845
B6H16,2015-12-16,1.5041,1.5104,1.496,1.5067,0.0023,+0.15%,101342,168550
B6H16,2015-12-17,1.4986,1.502,1.4867,1.4889,-0.0178,-1.18%,103087,179336
B6H16,2015-12-18,1.491,1.4952,1.4888,1.4915,0.0026,+0.17%,72789,183903
B6H16,2015-12-21,1.4905,1.4933,1.488,1.4889,-0.0026,-0.17%,53290,187913
B6H16,2015-12-22,1.4889,1.4911,1.481,1.4817,-0.0072,-0.48%,53110,194313
B6H16,2015-12-23,1.483,1.4904,1.4824,1.4874,0.0057,+0.38%,48619,195959
B6H16,2015-12-24,1.4877,1.4949,1.4874,1.4931,0.0057,+0.38%,27602,196384
B6H16,2015-12-28,1.4925,1.4938,1.4877,1.4888,-0.0043,-0.29%,30546,196863
B6H16,2015-12-29,1.4884,1.4917,1.4788,1.4831,-0.0057,-0.38%,53199,204038
B6H16,2015-12-30,1.4816,1.4849,1.4794,1.4832,0.0001,+0.01%,40297,205044
B6H16,2015-12-31,1.4808,1.4845,1.4726,1.4734,-0.0098,-0.66%,55838,212318
B6H16,2016-01-04,1.4736,1.4818,1.4665,1.4713,-0.0021,-0.14%,96051,217548
B6H16,2016-01-05,1.4719,1.4727,1.4638,1.4665,-0.0048,-0.33%,75237,221993
B6H16,2016-01-06,1.4678,1.4682,1.4602,1.4628,-0.0037,-0.25%,72479,229951
B6H16,2016-01-07,1.4632,1.4642,1.4534,1.4616,-0.0012,-0.08%,105501,234705
B6H16,2016-01-08,1.4627,1.4646,1.4505,1.4517,-0.0099,-0.68%,98047,231321
B6H16,2016-01-11,1.4509,1.4604,1.4495,1.4547,0.003,+0.21%,79809,236061
B6H16,2016-01-12,1.4546,1.456,1.4353,1.4432,-0.0115,-0.79%,107960,238868
B6H16,2016-01-13,1.4427,1.4477,1.438,1.4445,0.0013,+0.09%,83475,240088
B6H16,2016-01-14,1.4419,1.4445,1.4361,1.4405,-0.004,-0.28%,80880,248784
B6H16,2016-01-15,1.4418,1.4427,1.4252,1.4262,-0.0143,-0.99%,97360,258069
B6H16,2016-01-19,1.4261,1.4341,1.413,1.4177,-0.0085,-0.60%,179531,259589
B6H16,2016-01-20,1.4165,1.422,1.4126,1.4154,-0.0023,-0.16%,104993,266491
B6H16,2016-01-21,1.4186,1.4249,1.4079,1.4217,0.0063,+0.45%,117027,271245
B6H16,2016-01-22,1.4223,1.4363,1.4205,1.4281,0.0064,+0.45%,110331,271512
B6H16,2016-01-25,1.4269,1.431,1.4223,1.4256,-0.0025,-0.18%,69707,274125
B6H16,2016-01-26,1.4242,1.4367,1.4173,1.4359,0.0103,+0.72%,92035,272798
B6H16,2016-01-27,1.4348,1.4356,1.4231,1.425,-0.0109,-0.76%,99052,277143
B6H16,2016-01-28,1.4243,1.4408,1.4239,1.4364,0.0114,+0.80%,109298,271630
B6H16,2016-01-29,1.436,1.4414,1.415,1.4242,-0.0122,-0.85%,140304,274462
B6H16,2016-02-01,1.424,1.4446,1.4229,1.4443,0.0201,+1.41%,109698,269160
B6H16,2016-02-02,1.4422,1.4447,1.4327,1.4414,-0.0029,-0.20%,97777,270680
B6H16,2016-02-03,1.441,1.465,1.4385,1.4601,0.0187,+1.30%,132974,270377
B6H16,2016-02-04,1.4594,1.4674,1.453,1.4599,-0.0002,-0.01%,124874,265518
B6H16,2016-02-05,1.4577,1.4595,1.4453,1.4499,-0.01,-0.68%,101501,260374
B6H16,2016-02-08,1.4499,1.4548,1.4352,1.444,-0.0059,-0.41%,77370,258922
B6H16,2016-02-09,1.4432,1.4517,1.4379,1.4455,0.0015,+0.10%,90546,255866
B6H16,2016-02-10,1.4471,1.4579,1.4438,1.4531,0.0076,+0.53%,90475,256594
B6H16,2016-02-11,1.4539,1.4563,1.4383,1.4471,-0.006,-0.41%,107828,257079
B6H16,2016-02-12,1.4482,1.4571,1.4443,1.4519,0.0048,+0.33%,87646,254689
B6H16,2016-02-16,1.4502,1.4535,1.4275,1.4285,-0.0234,-1.61%,132110,260649
B6H16,2016-02-17,1.4307,1.434,1.4233,1.4288,0.0003,+0.02%,89139,258392
B6H16,2016-02-18,1.4289,1.4395,1.4258,1.4317,0.0029,+0.20%,76568,255051
B6H16,2016-02-19,1.4332,1.4415,1.4247,1.4361,0.0044,+0.31%,98602,253854
B6H16,2016-02-22,1.4294,1.4305,1.4059,1.4153,-0.0208,-1.45%,116719,252778
B6H16,2016-02-23,1.4151,1.4157,1.4007,1.4018,-0.0135,-0.95%,95577,257214
B6H16,2016-02-24,1.4026,1.4027,1.3878,1.3915,-0.0103,-0.73%,119654,262853
B6H16,2016-02-25,1.3931,1.3996,1.3901,1.3976,0.0061,+0.44%,89719,265674
B6H16,2016-02-26,1.3956,1.4043,1.3854,1.3863,-0.0113,-0.81%,98144,269737
B6H16,2016-02-29,1.386,1.3947,1.3835,1.3916,0.0053,+0.38%,88041,273523
B6H16,2016-03-01,1.3923,1.4021,1.3903,1.3953,0.0037,+0.27%,100245,275825
B6H16,2016-03-02,1.3954,1.4093,1.3915,1.4075,0.0122,+0.87%,105316,282529
B6H16,2016-03-03,1.4081,1.4195,1.4033,1.4173,0.0098,+0.70%,122099,286591
B6H16,2016-03-04,1.4173,1.4251,1.4108,1.4215,0.0042,+0.30%,113293,283076
B6H16,2016-03-07,1.4224,1.4285,1.4134,1.4264,0.0049,+0.34%,124532,286152
B6H16,2016-03-08,1.4261,1.4277,1.4174,1.4217,-0.0047,-0.33%,238038,299048
B6H16,2016-03-09,1.4211,1.4241,1.4178,1.4227,0.001,+0.07%,194976,330338
B6M16,2016-03-10,1.4216,1.4321,1.4122,1.4291,0.0064,+0.45%,313959,375130
B6M16,2016-03-11,1.4285,1.4441,1.4259,1.439,0.0099,+0.69%,145320,373418
B6M16,2016-03-14,1.4381,1.4394,1.4295,1.4301,-0.0089,-0.62%,60598,250464
B6M16,2016-03-15,1.4305,1.4309,1.4142,1.416,-0.0141,-0.99%,73356,253177
B6M16,2016-03-16,1.4157,1.4279,1.4058,1.4228,0.0068,+0.48%,115024,253365
B6M16,2016-03-17,1.4257,1.4507,1.4225,1.4483,0.0255,+1.79%,135931,252118
B6M16,2016-03-18,1.4484,1.4519,1.4415,1.448,-0.0003,-0.02%,64979,252786
B6M16,2016-03-21,1.4463,1.4472,1.4368,1.4396,-0.0084,-0.58%,60419,247688
B6M16,2016-03-22,1.4371,1.4402,1.4194,1.4207,-0.0189,-1.31%,110858,246222
B6M16,2016-03-23,1.4217,1.4234,1.4085,1.4118,-0.0089,-0.63%,81672,250262
B6M16,2016-03-24,1.412,1.4187,1.4059,1.4154,0.0036,+0.25%,75185,251885
B6M16,2016-03-28,1.414,1.4287,1.4124,1.4254,0.01,+0.71%,49636,251472
B6M16,2016-03-29,1.4258,1.4408,1.4198,1.438,0.0126,+0.88%,94329,250444
B6M16,2016-03-30,1.4392,1.4462,1.4364,1.4389,0.0009,+0.06%,89820,249353
B6M16,2016-03-31,1.4381,1.4428,1.4327,1.4373,-0.0016,-0.11%,96251,244666
B6M16,2016-04-01,1.4367,1.4375,1.4174,1.4217,-0.0156,-1.09%,133739,248291
B6M16,2016-04-04,1.4224,1.4324,1.4193,1.4283,0.0066,+0.46%,81703,244043
B6M16,2016-04-05,1.4271,1.4281,1.4122,1.4158,-0.0125,-0.88%,82686,247586
B6M16,2016-04-06,1.416,1.4174,1.4008,1.4129,-0.0029,-0.20%,123674,246769
B6M16,2016-04-07,1.4125,1.416,1.4051,1.4063,-0.0066,-0.47%,86671,245309
B6M16,2016-04-08,1.4057,1.4143,1.4042,1.4123,0.006,+0.43%,78747,244182
B6M16,2016-04-11,1.4125,1.4289,1.4109,1.4244,0.0121,+0.86%,89728,241886
B6M16,2016-04-12,1.4237,1.4351,1.4198,1.4278,0.0034,+0.24%,91852,236169
B6M16,2016-04-13,1.4266,1.428,1.4194,1.4214,-0.0064,-0.45%,78103,233765
B6M16,2016-04-14,1.4205,1.4209,1.4092,1.4154,-0.006,-0.42%,90636,233190
B6M16,2016-04-15,1.4152,1.4244,1.4135,1.4205,0.0051,+0.36%,68511,233305
B6M16,2016-04-18,1.4183,1.4294,1.4133,1.4278,0.0073,+0.51%,81234,236402
B6M16,2016-04-19,1.4276,1.4422,1.4272,1.4406,0.0128,+0.90%,102322,238195
B6M16,2016-04-20,1.4397,1.4413,1.433,1.4368,-0.0038,-0.26%,89687,234633
B6M16,2016-04-21,1.4335,1.4444,1.4285,1.4327,-0.0041,-0.29%,105538,234162
B6M16,2016-04-22,1.4318,1.4453,1.4314,1.4408,0.0081,+0.57%,98866,235796
B6M16,2016-04-25,1.4453,1.4525,1.4404,1.4479,0.0071,+0.49%,90124,238907
B6M16,2016-04-26,1.4482,1.4641,1.448,1.458,0.0101,+0.70%,105522,243829
B6M16,2016-04-27,1.4579,1.4623,1.4475,1.4541,-0.0039,-0.27%,97224,240158
B6M16,2016-04-28,1.4536,1.4626,1.4525,1.4611,0.007,+0.48%,83123,243872
B6M16,2016-04-29,1.461,1.4675,1.4578,1.4613,0.0002,+0.01%,107298,247069
B6M16,2016-05-02,1.4599,1.4698,1.4592,1.4668,0.0055,+0.38%,52359,248601
B6M16,2016-05-03,1.4671,1.4771,1.4531,1.4543,-0.0125,-0.85%,125262,248180
B6M16,2016-05-04,1.4537,1.4573,1.4462,1.4501,-0.0042,-0.29%,95868,244899
B6M16,2016-05-05,1.4502,1.4531,1.4445,1.4478,-0.0023,-0.16%,79416,243798
B6M16,2016-05-06,1.4485,1.4554,1.4416,1.4421,-0.0057,-0.39%,91140,236087
B6M16,2016-05-09,1.4421,1.4481,1.4376,1.4413,-0.0008,-0.06%,74375,236168
B6M16,2016-05-10,1.4409,1.448,1.4391,1.4436,0.0023,+0.16%,64311,238519
B6M16,2016-05-11,1.4446,1.449,1.4397,1.4454,0.0018,+0.12%,68775,237939
B6M16,2016-05-12,1.4444,1.4532,1.4407,1.4454,0,0.00%,96397,239828
B6M16,2016-05-13,1.4446,1.4453,1.434,1.4368,-0.0086,-0.59%,92493,240346
B6M16,2016-05-16,1.4353,1.4416,1.4333,1.4391,0.0023,+0.16%,56879,240033
B6M16,2016-05-17,1.4409,1.4525,1.4405,1.4457,0.0066,+0.46%,99482,239158
B6M16,2016-05-18,1.4462,1.4637,1.4405,1.4598,0.0141,+0.98%,151516,243344
B6M16,2016-05-19,1.4602,1.4665,1.4563,1.4618,0.002,+0.14%,99270,241510
B6M16,2016-05-20,1.4604,1.4614,1.4486,1.4506,-0.0112,-0.77%,87684,238696
B6M16,2016-05-23,1.4501,1.455,1.4442,1.4487,-0.0019,-0.13%,77053,238219
B6M16,2016-05-24,1.4485,1.4644,1.4479,1.4632,0.0145,+1.00%,106223,244377
B6M16,2016-05-25,1.4627,1.4731,1.4602,1.4722,0.009,+0.62%,102399,247019
B6M16,2016-05-26,1.4706,1.4741,1.4642,1.4665,-0.0057,-0.39%,80511,244863
B6M16,2016-05-27,1.4671,1.469,1.4606,1.4637,-0.0028,-0.19%,68679,247154
B6M16,2016-05-31,1.4608,1.4729,1.4465,1.4467,-0.017,-1.16%,183175,243679
B6M16,2016-06-01,1.4484,1.4508,1.4387,1.4406,-0.0061,-0.42%,132861,244619
B6M16,2016-06-02,1.4412,1.4473,1.4407,1.4429,0.0023,+0.16%,76798,244180
B6M16,2016-06-03,1.4419,1.4584,1.44,1.4515,0.0086,+0.60%,136355,252705
B6M16,2016-06-06,1.4481,1.4485,1.4351,1.4459,-0.0056,-0.39%,179687,246766
B6M16,2016-06-07,1.4454,1.4669,1.4444,1.4552,0.0093,+0.64%,195173,259238
B6M16,2016-06-08,1.4545,1.4602,1.45,1.4504,-0.0048,-0.33%,234994,261908
B6U16,2016-06-09,1.4516,1.4536,1.4455,1.4492,-0.0012,-0.08%,201849,273679
B6U16,2016-06-10,1.4466,1.4481,1.4187,1.4269,-0.0223,-1.54%,231717,272925
B6U16,2016-06-13,1.4237,1.434,1.4124,1.4233,-0.0036,-0.25%,215357,202740
B6U16,2016-06-14,1.4223,1.4232,1.4099,1.4112,-0.0121,-0.85%,143347,206389
B6U16,2016-06-15,1.4118,1.4231,1.4116,1.4185,0.0073,+0.52%,120139,210999
B6U16,2016-06-16,1.4203,1.4264,1.4021,1.4216,0.0031,+0.22%,162327,212393
B6U16,2016-06-17,1.4215,1.4398,1.4213,1.436,0.0144,+1.01%,132923,213870
B6U16,2016-06-20,1.4467,1.473,1.4444,1.4702,0.0342,+2.38%,177672,206384
B6U16,2016-06-21,1.4689,1.4794,1.4623,1.4673,-0.0029,-0.20%,166100,199189
B6U16,2016-06-22,1.4666,1.4783,1.4649,1.4697,0.0024,+0.16%,144498,200438
B6U16,2016-06-23,1.48,1.4954,1.4737,1.4813,0.0116,+0.79%,179658,197417
B6U16,2016-06-24,1.4995,1.5009,1.3246,1.366,-0.1153,-7.78%,506100,201609
B6U16,2016-06-27,1.3443,1.3502,1.3133,1.319,-0.047,-3.44%,229581,207101
B6U16,2016-06-28,1.3236,1.3429,1.3228,1.3354,0.0164,+1.24%,144902,206551
B6U16,2016-06-29,1.334,1.354,1.329,1.3432,0.0078,+0.58%,135029,211565
B6U16,2016-06-30,1.345,1.3502,1.3215,1.3248,-0.0184,-1.37%,183068,217945
B6U16,2016-07-01,1.3302,1.3359,1.3255,1.3293,0.0045,+0.34%,102026,218858
B6U16,2016-07-05,1.3285,1.3351,1.301,1.3037,-0.0256,-1.93%,173980,227939
B6U16,2016-07-06,1.3028,1.3039,1.2806,1.2935,-0.0102,-0.78%,151276,229492
B6U16,2016-07-07,1.2934,1.3058,1.2888,1.2906,-0.0029,-0.22%,106485,229791
B6U16,2016-07-08,1.2923,1.303,1.2892,1.2959,0.0053,+0.41%,103605,232130
B6U16,2016-07-11,1.2954,1.3029,1.286,1.3014,0.0055,+0.42%,126433,236329
B6U16,2016-07-12,1.301,1.3306,1.2983,1.3278,0.0264,+2.03%,158008,236611
B6U16,2016-07-13,1.3257,1.335,1.3144,1.3169,-0.0109,-0.82%,134116,237009
B6U16,2016-07-14,1.3143,1.3491,1.3116,1.3338,0.0169,+1.28%,197940,236398
B6U16,2016-07-15,1.3336,1.3488,1.3139,1.3211,-0.0127,-0.95%,151770,238290
B6U16,2016-07-18,1.3205,1.3324,1.3195,1.3267,0.0056,+0.42%,77414,235865
B6U16,2016-07-19,1.3257,1.3283,1.3082,1.3098,-0.0169,-1.27%,114989,225589
B6U16,2016-07-20,1.3108,1.3238,1.3073,1.3157,0.0059,+0.45%,98270,226424
B6U16,2016-07-21,1.3243,1.3284,1.3165,1.3212,0.0055,+0.42%,97374,226985
B6U16,2016-07-22,1.3225,1.33,1.3087,1.31,-0.0112,-0.85%,109792,229861
B6U16,2016-07-25,1.3131,1.3173,1.3104,1.3136,0.0036,+0.27%,57971,230750
B6U16,2016-07-26,1.3146,1.319,1.3067,1.3143,0.0007,+0.05%,94479,231644
B6U16,2016-07-27,1.3146,1.3247,1.3082,1.3198,0.0055,+0.42%,91903,234173
B6U16,2016-07-28,1.3222,1.3261,1.3127,1.316,-0.0038,-0.29%,77610,235931
B6U16,2016-07-29,1.3168,1.3312,1.316,1.3247,0.0087,+0.66%,111644,232766
B6U16,2016-08-01,1.3247,1.3282,1.3172,1.32,-0.0047,-0.35%,61094,235454
B6U16,2016-08-02,1.3187,1.3376,1.3181,1.3357,0.0157,+1.19%,95181,233265
B6U16,2016-08-03,1.3364,1.3382,1.3289,1.3325,-0.0032,-0.24%,65456,234206
B6U16,2016-08-04,1.3328,1.337,1.3111,1.3124,-0.0201,-1.51%,167005,244379
B6U16,2016-08-05,1.3125,1.3184,1.3028,1.309,-0.0034,-0.26%,105158,239677
B6U16,2016-08-08,1.3084,1.3105,1.3036,1.3047,-0.0043,-0.33%,48094,239859
B6U16,2016-08-09,1.305,1.3052,1.2964,1.3009,-0.0038,-0.29%,76691,243430
B6U16,2016-08-10,1.3004,1.3104,1.2999,1.302,0.0011,+0.08%,75241,246267
B6U16,2016-08-11,1.3018,1.3036,1.2943,1.2976,-0.0044,-0.34%,66216,250280
B6U16,2016-08-12,1.2964,1.3043,1.291,1.2924,-0.0052,-0.40%,75526,250773
B6U16,2016-08-15,1.2925,1.2953,1.2872,1.288,-0.0044,-0.34%,54271,250734
B6U16,2016-08-16,1.2886,1.3059,1.2886,1.3043,0.0163,+1.27%,107656,248568
B6U16,2016-08-17,1.3051,1.3094,1.2983,1.305,0.0007,+0.05%,87043,249601
B6U16,2016-08-18,1.3048,1.3179,1.3044,1.3154,0.0104,+0.80%,104637,248868
B6U16,2016-08-19,1.3166,1.3192,1.3029,1.3085,-0.0069,-0.52%,88555,248103
B6U16,2016-08-22,1.3078,1.3164,1.304,1.3141,0.0056,+0.43%,66082,248533
B6U16,2016-08-23,1.3143,1.3218,1.3135,1.3199,0.0058,+0.44%,69202,247711
B6U16,2016-08-24,1.3205,1.3279,1.3167,1.3235,0.0036,+0.27%,69645,245921
B6U16,2016-08-25,1.3236,1.3269,1.3173,1.3175,-0.006,-0.45%,58280,246119
B6U16,2016-08-26,1.3192,1.3285,1.3127,1.3131,-0.0044,-0.33%,106743,245873
B6U16,2016-08-29,1.3121,1.3145,1.3065,1.3113,-0.0018,-0.14%,42582,245859
B6U16,2016-08-30,1.3109,1.3125,1.3064,1.3088,-0.0025,-0.19%,67050,248410
B6U16,2016-08-31,1.3083,1.3162,1.3067,1.313,0.0042,+0.32%,97718,251823
B6U16,2016-09-01,1.3142,1.3321,1.3131,1.3274,0.0144,+1.10%,141625,253211
B6U16,2016-09-02,1.328,1.3356,1.3254,1.3298,0.0024,+0.18%,106960,250707
B6U16,2016-09-06,1.33,1.3448,1.329,1.344,0.0142,+1.07%,148681,255953
B6U16,2016-09-07,1.343,1.3433,1.3321,1.3338,-0.0102,-0.76%,120989,251790
B6U16,2016-09-08,1.3338,1.3377,1.3284,1.3302,-0.0036,-0.27%,103681,258069
B6U16,2016-09-09,1.3301,1.3337,1.3239,1.3273,-0.0029,-0.22%,141152,244483
B6U16,2016-09-12,1.3272,1.3349,1.3236,1.3334,0.0061,+0.46%,140793,247851
B6U16,2016-09-13,1.3335,1.334,1.3167,1.3185,-0.0149,-1.12%,230461,252539
B6Z16,2016-09-14,1.321,1.3262,1.3161,1.3257,0.0072,+0.55%,227719,249927
B6Z16,2016-09-15,1.3261,1.33,1.32,1.326,0.0003,+0.02%,188085,264575
B6Z16,2016-09-16,1.3261,1.3268,1.3017,1.3022,-0.0238,-1.79%,146899,280417
B6Z16,2016-09-19,1.303,1.3113,1.3024,1.3053,0.0031,+0.24%,72774,231505
B6Z16,2016-09-20,1.3051,1.3085,1.2966,1.2999,-0.0054,-0.41%,83185,237759
B6Z16,2016-09-21,1.3001,1.3067,1.2965,1.302,0.0021,+0.16%,104937,237484
B6Z16,2016-09-22,1.3053,1.3141,1.3047,1.3093,0.0073,+0.56%,85985,234753
B6Z16,2016-09-23,1.3096,1.3108,1.2932,1.2981,-0.0112,-0.86%,97193,239794
B6Z16,2016-09-26,1.2982,1.3006,1.2935,1.2987,0.0006,+0.05%,67076,237506
B6Z16,2016-09-27,1.2994,1.3048,1.2958,1.3043,0.0056,+0.43%,74314,239025
B6Z16,2016-09-28,1.3042,1.3053,1.2999,1.3044,0.0001,+0.01%,71871,241575
B6Z16,2016-09-29,1.3033,1.3076,1.2971,1.2987,-0.0057,-0.44%,79898,248050
B6Z16,2016-09-30,1.2982,1.3042,1.2954,1.2997,0.001,+0.08%,121286,245000
B6Z16,2016-10-03,1.2964,1.2967,1.2835,1.2875,-0.0122,-0.94%,124760,257295
B6Z16,2016-10-04,1.2862,1.2878,1.2736,1.2744,-0.0131,-1.02%,133726,262478
B6Z16,2016-10-05,1.2746,1.2786,1.27,1.2764,0.002,+0.16%,105266,263689
B6Z16,2016-10-06,1.2758,1.2773,1.2616,1.2617,-0.0147,-1.15%,125563,265928
B6Z16,2016-10-07,1.263,1.2634,1.2034,1.2445,-0.0172,-1.36%,273957,255819
B6Z16,2016-10-10,1.2448,1.2458,1.2357,1.2361,-0.0084,-0.67%,76993,254680
B6Z16,2016-10-11,1.2373,1.2378,1.2102,1.2147,-0.0214,-1.73%,211115,255590
B6Z16,2016-10-12,1.213,1.2338,1.213,1.221,0.0063,+0.52%,206276,252905
B6Z16,2016-10-13,1.2204,1.2286,1.2144,1.2269,0.0059,+0.48%,129057,253309
B6Z16,2016-10-14,1.2259,1.2277,1.2181,1.2197,-0.0072,-0.59%,126119,253264
B6Z16,2016-10-17,1.2178,1.2216,1.2148,1.2205,0.0008,+0.07%,82894,254982
B6Z16,2016-10-18,1.2199,1.2337,1.2194,1.2305,0.01,+0.82%,139311,255194
B6Z16,2016-10-19,1.2312,1.2346,1.2265,1.2283,-0.0022,-0.18%,95438,259197
B6Z16,2016-10-20,1.2294,1.2309,1.2221,1.2262,-0.0021,-0.17%,87921,258490
B6Z16,2016-10-21,1.226,1.2273,1.2182,1.2241,-0.0021,-0.17%,83498,261091
B6Z16,2016-10-24,1.2235,1.2261,1.2196,1.2235,-0.0006,-0.05%,71657,263182
B6Z16,2016-10-25,1.2236,1.2255,1.2093,1.2201,-0.0034,-0.28%,167828,267500
B6Z16,2016-10-26,1.2196,1.2262,1.2166,1.2236,0.0035,+0.29%,107693,264944
B6Z16,2016-10-27,1.2252,1.2284,1.216,1.2186,-0.005,-0.41%,117404,266892
B6Z16,2016-10-28,1.2178,1.2224,1.2125,1.2201,0.0015,+0.12%,141484,266501
B6Z16,2016-10-31,1.2197,1.2261,1.2154,1.2254,0.0053,+0.43%,106896,265294
B6Z16,2016-11-01,1.2252,1.2291,1.2215,1.2258,0.0004,+0.03%,105032,267564
B6Z16,2016-11-02,1.2251,1.2364,1.2231,1.2297,0.0039,+0.32%,119905,264591
B6Z16,2016-11-03,1.2308,1.2505,1.2306,1.2467,0.017,+1.38%,235300,262062
B6Z16,2016-11-04,1.2476,1.2566,1.2458,1.2515,0.0048,+0.39%,120535,261734
B6Z16,2016-11-07,1.2484,1.2508,1.2388,1.2408,-0.0107,-0.85%,118444,257541
B6Z16,2016-11-08,1.2403,1.2448,1.237,1.2404,-0.0004,-0.03%,84694,253703
B6Z16,2016-11-09,1.2379,1.2557,1.2361,1.2449,0.0045,+0.36%,169281,253944
B6Z16,2016-11-10,1.2428,1.2594,1.2385,1.2573,0.0124,+1.00%,149304,253324
B6Z16,2016-11-11,1.2558,1.2682,1.2532,1.2609,0.0036,+0.29%,121809,247068
B6Z16,2016-11-14,1.2587,1.2602,1.2451,1.2491,-0.0118,-0.94%,138694,245866
B6Z16,2016-11-15,1.2509,1.2536,1.2386,1.2477,-0.0014,-0.11%,144012,248103
B6Z16,2016-11-16,1.2454,1.2509,1.2416,1.2447,-0.003,-0.24%,108640,246558
B6Z16,2016-11-17,1.2447,1.2515,1.2414,1.2421,-0.0026,-0.21%,118918,245983
B6Z16,2016-11-18,1.2417,1.2443,1.2308,1.237,-0.0051,-0.41%,135329,249228
B6Z16,2016-11-21,1.2349,1.2519,1.2319,1.2489,0.0119,+0.96%,145127,247983
B6Z16,2016-11-22,1.2499,1.252,1.239,1.2419,-0.007,-0.56%,97573,242916
B6Z16,2016-11-23,1.2427,1.2474,1.2365,1.2444,0.0025,+0.20%,108450,243201
B6Z16,2016-11-25,1.2431,1.25,1.2406,1.2461,0.0017,+0.14%,114696,242506
B6Z16,2016-11-28,1.2475,1.2537,1.239,1.2418,-0.0043,-0.35%,105806,243661
B6Z16,2016-11-29,1.2418,1.2531,1.2393,1.251,0.0092,+0.74%,102982,244257
B6Z16,2016-11-30,1.2499,1.2527,1.2423,1.251,0,0.00%,134107,245191
B6Z16,2016-12-01,1.2519,1.2699,1.251,1.2585,0.0075,+0.60%,185439,243435
B6Z16,2016-12-02,1.26,1.2741,1.2573,1.2712,0.0127,+1.01%,99872,243674
B6Z16,2016-12-05,1.2654,1.2748,1.2634,1.2727,0.0015,+0.12%,118582,245061
B6Z16,2016-12-06,1.2736,1.2777,1.2659,1.2681,-0.0046,-0.36%,99133,243671
B6Z16,2016-12-07,1.2681,1.2685,1.2572,1.2625,-0.0056,-0.44%,106742,241711
B6Z16,2016-12-08,1.2632,1.2708,1.255,1.259,-0.0035,-0.28%,147312,241190
B6Z16,2016-12-09,1.2582,1.2622,1.2555,1.257,-0.002,-0.16%,102584,240017
B6Z16,2016-12-12,1.2598,1.2702,1.2569,1.2673,0.0103,+0.82%,181800,238730
B6Z16,2016-12-13,1.2685,1.2731,1.2654,1.2664,-0.0009,-0.07%,184019,237797
B6Z16,2016-12-14,1.2663,1.2738,1.253,1.2601,-0.0063,-0.50%,234800,251096
B6H17,2016-12-15,1.257,1.2595,1.2404,1.2465,-0.0136,-1.08%,262137,249401
B6H17,2016-12-16,1.2455,1.2538,1.2411,1.2501,0.0036,+0.29%,136618,236432
B6H17,2016-12-19,1.2517,1.253,1.2383,1.2428,-0.0073,-0.58%,90980,203850
B6H17,2016-12-20,1.242,1.2437,1.234,1.2395,-0.0033,-0.27%,85219,205486
B6H17,2016-12-21,1.2399,1.242,1.2353,1.2378,-0.0017,-0.14%,62503,204799
B6H17,2016-12-22,1.2382,1.2405,1.2304,1.2312,-0.0066,-0.53%,73104,210495
B6H17,2016-12-23,1.231,1.2326,1.2255,1.2299,-0.0013,-0.11%,58081,213087
B6H17,2016-12-27,1.2301,1.2314,1.2267,1.23,0.0001,+0.01%,31565,212492
B6H17,2016-12-28,1.2293,1.2323,1.2227,1.2248,-0.0052,-0.42%,69233,218523
B6H17,2016-12-29,1.2245,1.2293,1.2228,1.2274,0.0026,+0.21%,70431,218960
B6H17,2016-12-30,1.228,1.2409,1.2265,1.2358,0.0084,+0.68%,104295,215853
B6H17,2017-01-03,1.2299,1.2325,1.2217,1.2254,-0.0104,-0.84%,122491,225396
B6H17,2017-01-04,1.2255,1.2371,1.2238,1.2333,0.0079,+0.64%,91286,221960
B6H17,2017-01-05,1.2342,1.245,1.2287,1.2427,0.0094,+0.76%,143045,220675
B6H17,2017-01-06,1.2432,1.2449,1.2278,1.2293,-0.0134,-1.08%,114748,221178
B6H17,2017-01-09,1.2272,1.2288,1.214,1.2178,-0.0115,-0.94%,131538,228457
B6H17,2017-01-10,1.2192,1.2206,1.2123,1.2179,0.0001,+0.01%,97545,228050
B6H17,2017-01-11,1.2192,1.2289,1.2052,1.2223,0.0044,+0.36%,189124,228609
B6H17,2017-01-12,1.2216,1.2331,1.2166,1.2178,-0.0045,-0.37%,122813,229925
B6H17,2017-01-13,1.2174,1.2248,1.2135,1.22,0.0022,+0.18%,109233,229982
B6H17,2017-01-17,1.2064,1.2431,1.2001,1.2411,0.0211,+1.73%,337240,228782
B6H17,2017-01-18,1.2419,1.2425,1.2268,1.2301,-0.011,-0.89%,129423,224864
B6H17,2017-01-19,1.2278,1.236,1.2263,1.2349,0.0048,+0.39%,96200,225264
B6H17,2017-01-20,1.2349,1.2394,1.2273,1.2392,0.0043,+0.35%,98741,223347
B6H17,2017-01-23,1.2392,1.2556,1.2389,1.2514,0.0122,+0.98%,106315,223836
B6H17,2017-01-24,1.255,1.2556,1.2431,1.2515,0.0001,+0.01%,112117,223681
B6H17,2017-01-25,1.2539,1.2652,1.2504,1.2639,0.0124,+0.99%,109357,225714
B6H17,2017-01-26,1.2648,1.2686,1.2568,1.262,-0.0019,-0.15%,96645,223626
B6H17,2017-01-27,1.26,1.2617,1.2527,1.2569,-0.0051,-0.40%,79194,217709
B6H17,2017-01-30,1.258,1.2612,1.2475,1.2494,-0.0075,-0.60%,83186,212031
B6H17,2017-01-31,1.2502,1.2606,1.2421,1.2591,0.0097,+0.78%,121120,211910
B6H17,2017-02-01,1.2591,1.269,1.2552,1.2685,0.0094,+0.75%,103863,213416
B6H17,2017-02-02,1.2665,1.2715,1.2526,1.2532,-0.0153,-1.21%,135586,208388
B6H17,2017-02-03,1.254,1.2546,1.246,1.2489,-0.0043,-0.34%,91488,207200
B6H17,2017-02-06,1.2481,1.2506,1.2435,1.2476,-0.0013,-0.10%,64565,208404
B6H17,2017-02-07,1.2473,1.2554,1.2353,1.2525,0.0049,+0.39%,133174,211013
B6H17,2017-02-08,1.2514,1.2556,1.2481,1.2533,0.0008,+0.06%,79522,210490
B6H17,2017-02-09,1.2543,1.2589,1.2497,1.2502,-0.0031,-0.25%,93617,209216
B6H17,2017-02-10,1.2502,1.2528,1.2445,1.2489,-0.0013,-0.10%,93666,208367
B6H17,2017-02-13,1.2497,1.2546,1.2486,1.2533,0.0044,+0.35%,70038,209842
B6H17,2017-02-14,1.2531,1.2555,1.2449,1.2471,-0.0062,-0.49%,107401,212044
B6H17,2017-02-15,1.2478,1.2488,1.2389,1.2451,-0.002,-0.16%,99935,214226
B6H17,2017-02-16,1.2465,1.2529,1.2459,1.2501,0.005,+0.40%,91833,210640
B6H17,2017-02-17,1.2487,1.2515,1.2392,1.2417,-0.0084,-0.67%,104599,217528
B6H17,2017-02-21,1.2425,1.2488,1.2406,1.2478,0.0061,+0.49%,123420,213713
B6H17,2017-02-22,1.2481,1.2514,1.2417,1.2461,-0.0017,-0.14%,110065,215495
B6H17,2017-02-23,1.2461,1.2565,1.2431,1.2545,0.0084,+0.67%,118658,218461
B6H17,2017-02-24,1.2553,1.2574,1.245,1.2461,-0.0084,-0.67%,122621,212331
B6H17,2017-02-27,1.2458,1.2481,1.2384,1.2446,-0.0015,-0.12%,110575,219292
B6H17,2017-02-28,1.2444,1.2473,1.2376,1.2405,-0.0041,-0.33%,120485,226882
B6H17,2017-03-01,1.238,1.2408,1.2282,1.2284,-0.0121,-0.98%,148993,244655
B6H17,2017-03-02,1.2304,1.2309,1.2244,1.2263,-0.0021,-0.17%,127941,251445
B6H17,2017-03-03,1.2269,1.2309,1.2215,1.2281,0.0018,+0.15%,115469,256633
B6H17,2017-03-06,1.2295,1.2303,1.2225,1.2241,-0.004,-0.33%,169590,268832
B6H17,2017-03-07,1.224,1.2255,1.2171,1.2202,-0.0039,-0.32%,141079,262512
B6H17,2017-03-08,1.2202,1.2215,1.214,1.217,-0.0032,-0.26%,290676,271620
B6M17,2017-03-09,1.2196,1.2224,1.2161,1.2207,0.0037,+0.30%,320410,301800
B6M17,2017-03-10,1.2185,1.2218,1.2168,1.2206,-0.0001,-0.01%,140775,299345
B6M17,2017-03-13,1.2196,1.2281,1.2185,1.2261,0.0055,+0.45%,117374,256550
B6M17,2017-03-14,1.225,1.2251,1.2138,1.219,-0.0071,-0.58%,104491,259945
B6M17,2017-03-15,1.2186,1.234,1.2177,1.2321,0.0131,+1.07%,124567,257106
B6M17,2017-03-16,1.2321,1.2407,1.2271,1.2388,0.0067,+0.54%,127381,255858
B6M17,2017-03-17,1.2392,1.2435,1.2353,1.2426,0.0038,+0.31%,99177,255172
B6M17,2017-03-20,1.2416,1.2465,1.2365,1.2378,-0.0048,-0.39%,79458,251922
B6M17,2017-03-21,1.239,1.2524,1.2371,1.2504,0.0126,+1.02%,136940,252480
B6M17,2017-03-22,1.2508,1.2536,1.2452,1.2516,0.0012,+0.10%,113464,248466
B6M17,2017-03-23,1.2508,1.256,1.2491,1.2543,0.0027,+0.22%,96244,249305
B6M17,2017-03-24,1.2547,1.2549,1.2496,1.2526,-0.0017,-0.14%,68785,248743
B6M17,2017-03-27,1.2517,1.2643,1.2517,1.2593,0.0067,+0.53%,96870,248395
B6M17,2017-03-28,1.2585,1.2621,1.2466,1.2476,-0.0117,-0.93%,102474,246985
B6M17,2017-03-29,1.2484,1.2502,1.2402,1.2461,-0.0015,-0.12%,146209,241549
B6M17,2017-03-30,1.2461,1.2547,1.2426,1.2502,0.0041,+0.33%,108583,242782
B6M17,2017-03-31,1.2491,1.2588,1.2455,1.2556,0.0054,+0.43%,127390,244116
B6M17,2017-04-03,1.256,1.2579,1.2488,1.2497,-0.0059,-0.47%,91789,244062
B6M17,2017-04-04,1.2504,1.2518,1.2441,1.2472,-0.0025,-0.20%,90746,241774
B6M17,2017-04-05,1.2468,1.2521,1.2445,1.2508,0.0036,+0.29%,96820,243558
B6M17,2017-04-06,1.251,1.2527,1.2472,1.2498,-0.001,-0.08%,81495,243372
B6M17,2017-04-07,1.249,1.2499,1.2386,1.2401,-0.0097,-0.78%,125793,245500
B6M17,2017-04-10,1.2394,1.2451,1.2388,1.2439,0.0038,+0.31%,62027,242799
B6M17,2017-04-11,1.2438,1.2518,1.2425,1.2511,0.0072,+0.58%,89946,244188
B6M17,2017-04-12,1.2511,1.2569,1.25,1.2512,0.0001,+0.01%,81056,243291
B6M17,2017-04-13,1.2567,1.2594,1.252,1.2537,0.0025,+0.20%,74052,244148
B6M17,2017-04-17,1.255,1.2618,1.2544,1.2584,0.0047,+0.37%,44083,247094
B6M17,2017-04-18,1.2585,1.2929,1.2533,1.2871,0.0287,+2.28%,283005,261350
B6M17,2017-04-19,1.2867,1.2881,1.2789,1.2804,-0.0067,-0.52%,155889,263067
B6M17,2017-04-20,1.2801,1.2866,1.2792,1.2837,0.0033,+0.26%,101187,262415
B6M17,2017-04-21,1.2824,1.2854,1.2776,1.2814,-0.0023,-0.18%,99277,261278
B6M17,2017-04-24,1.2842,1.2852,1.279,1.2807,-0.0007,-0.05%,86826,261024
B6M17,2017-04-25,1.281,1.2865,1.2793,1.2849,0.0042,+0.33%,100049,261711
B6M17,2017-04-26,1.2855,1.2882,1.2824,1.2862,0.0013,+0.10%,96123,262631
B6M17,2017-04-27,1.2859,1.2935,1.2857,1.2924,0.0062,+0.48%,112812,261987
B6M17,2017-04-28,1.2922,1.2983,1.2906,1.2964,0.004,+0.31%,136586,263741
B6M17,2017-05-01,1.2959,1.2963,1.29,1.2921,-0.0043,-0.33%,45652,265590
B6M17,2017-05-02,1.2901,1.2958,1.2882,1.2948,0.0027,+0.21%,88778,267230
B6M17,2017-05-03,1.2955,1.2965,1.2879,1.2904,-0.0044,-0.34%,98109,265856
B6M17,2017-05-04,1.2881,1.2948,1.2846,1.2935,0.0031,+0.24%,90775,267169
B6M17,2017-05-05,1.2932,1.3004,1.2914,1.2988,0.0053,+0.41%,85180,256937
B6M17,2017-05-08,1.2998,1.3002,1.2944,1.2958,-0.003,-0.23%,70352,255324
B6M17,2017-05-09,1.2955,1.2976,1.2918,1.294,-0.0018,-0.14%,88210,257225
B6M17,2017-05-10,1.2951,1.3002,1.2942,1.2956,0.0016,+0.12%,95480,257770
B6M17,2017-05-11,1.2949,1.2961,1.2862,1.2904,-0.0052,-0.40%,130194,259540
B6M17,2017-05-12,1.2901,1.2912,1.2857,1.2892,-0.0012,-0.09%,89792,259847
B6M17,2017-05-15,1.2907,1.2953,1.2894,1.2907,0.0015,+0.12%,72468,258998
B6M17,2017-05-16,1.2909,1.2971,1.2877,1.2934,0.0027,+0.21%,113129,256035
B6M17,2017-05-17,1.2929,1.3003,1.2917,1.2967,0.0033,+0.26%,120663,256598
B6M17,2017-05-18,1.2987,1.3059,1.2898,1.2952,-0.0015,-0.12%,167184,253802
B6M17,2017-05-19,1.2948,1.3052,1.2943,1.3043,0.0091,+0.70%,96312,259008
B6M17,2017-05-22,1.3032,1.3053,1.2976,1.3006,-0.0037,-0.28%,99259,257459
B6M17,2017-05-23,1.3007,1.3043,1.2962,1.2976,-0.003,-0.23%,123262,256257
B6M17,2017-05-24,1.2973,1.3008,1.2936,1.2958,-0.0018,-0.14%,94517,257421
B6M17,2017-05-25,1.2977,1.3023,1.294,1.2945,-0.0013,-0.10%,80673,255422
B6M17,2017-05-26,1.2945,1.2948,1.2782,1.2804,-0.0141,-1.09%,168159,257178
B6M17,2017-05-30,1.282,1.2896,1.2801,1.2865,0.0061,+0.48%,132238,254039
B6M17,2017-05-31,1.2807,1.2929,1.2775,1.29,0.0035,+0.27%,162528,256507
B6M17,2017-06-01,1.2883,1.2921,1.2835,1.2882,-0.0018,-0.14%,100221,252490
B6M17,2017-06-02,1.2889,1.2909,1.2851,1.2884,0.0002,+0.02%,86453,250842
B6M17,2017-06-05,1.2877,1.2946,1.2861,1.2912,0.0028,+0.22%,77586,251526
B6M17,2017-06-06,1.2906,1.2955,1.2877,1.2893,-0.0019,-0.15%,99919,248173
B6M17,2017-06-07,1.291,1.2984,1.2892,1.2956,0.0063,+0.49%,162566,249679
B6M17,2017-06-08,1.2961,1.2981,1.2911,1.2948,-0.0008,-0.06%,98404,246949
B6M17,2017-06-09,1.2746,1.2833,1.2638,1.2731,-0.0217,-1.68%,344387,252361
B6M17,2017-06-12,1.2739,1.2772,1.2641,1.2661,-0.007,-0.55%,166131,252392
B6M17,2017-06-13,1.2677,1.276,1.2644,1.2756,0.0095,+0.75%,187849,269593
B6M17,2017-06-14,1.2754,1.2821,1.2724,1.2748,-0.0008,-0.06%,344131,257859
B6M17,2017-06-15,1.2749,1.2798,1.2691,1.2763,0.0015,+0.12%,225867,256885
B6U17,2017-06-16,1.2791,1.2843,1.2787,1.2817,0.0054,+0.42%,130785,259684
B6U17,2017-06-19,1.2799,1.2851,1.276,1.2766,-0.0051,-0.40%,90366,181255
B6U17,2017-06-20,1.2772,1.2795,1.2639,1.2664,-0.0102,-0.80%,145947,194700
B6U17,2017-06-21,1.2662,1.2746,1.2625,1.2702,0.0038,+0.30%,123602,194300
B6U17,2017-06-22,1.2708,1.2725,1.2687,1.2703,0.0001,+0.01%,66504,194228
B6U17,2017-06-23,1.2713,1.2778,1.2709,1.2756,0.0053,+0.42%,86380,191021
B6U17,2017-06-26,1.2774,1.2794,1.274,1.2754,-0.0002,-0.02%,70684,189660
B6U17,2017-06-27,1.2754,1.2897,1.2749,1.284,0.0086,+0.67%,104384,187799
B6U17,2017-06-28,1.2848,1.3005,1.2827,1.2968,0.0128,+1.00%,190079,193083
B6U17,2017-06-29,1.2961,1.3047,1.2959,1.3023,0.0055,+0.42%,129919,200747
B6U17,2017-06-30,1.3036,1.3061,1.2975,1.3045,0.0022,+0.17%,110220,200801
B6U17,2017-07-03,1.3046,1.3054,1.2962,1.2985,-0.006,-0.46%,82834,201379
B6U17,2017-07-05,1.2965,1.2988,1.2922,1.2962,-0.0023,-0.18%,111398,197849
B6U17,2017-07-06,1.2966,1.3013,1.2949,1.3001,0.0039,+0.30%,90581,196286
B6U17,2017-07-07,1.2999,1.3003,1.2894,1.291,-0.0091,-0.70%,99108,194814
B6U17,2017-07-10,1.2917,1.2936,1.2881,1.2913,0.0003,+0.02%,68100,192714
B6U17,2017-07-11,1.2906,1.2955,1.2859,1.2878,-0.0035,-0.27%,105687,193648
B6U17,2017-07-12,1.2874,1.2939,1.2839,1.2914,0.0036,+0.28%,117222,192757
B6U17,2017-07-13,1.2916,1.2982,1.2914,1.2971,0.0057,+0.44%,88804,194078
B6U17,2017-07-14,1.2965,1.3141,1.2962,1.3114,0.0143,+1.10%,131297,204578
B6U17,2017-07-17,1.3136,1.314,1.3072,1.3083,-0.0031,-0.24%,82318,202588
B6U17,2017-07-18,1.3084,1.3153,1.3031,1.3075,-0.0008,-0.06%,126348,200185
B6U17,2017-07-19,1.3068,1.3079,1.3037,1.3052,-0.0023,-0.18%,77906,200131
B6U17,2017-07-20,1.305,1.3057,1.2956,1.2999,-0.0053,-0.41%,131486,198875
B6U17,2017-07-21,1.2999,1.3044,1.2976,1.3031,0.0032,+0.25%,92328,197925
B6U17,2017-07-24,1.3021,1.3082,1.301,1.306,0.0029,+0.22%,83443,200262
B6U17,2017-07-25,1.3047,1.3107,1.303,1.306,0,0.00%,82459,200700
B6U17,2017-07-26,1.3051,1.3147,1.3021,1.3117,0.0057,+0.44%,104996,203324
B6U17,2017-07-27,1.3143,1.3181,1.3073,1.3095,-0.0022,-0.17%,121524,205955
B6U17,2017-07-28,1.3085,1.3174,1.3083,1.317,0.0075,+0.57%,87349,208493
B6U17,2017-07-31,1.316,1.3247,1.3118,1.3217,0.0047,+0.36%,106707,212869
B6U17,2017-08-01,1.3229,1.3266,1.3212,1.3231,0.0014,+0.11%,99661,217430
B6U17,2017-08-02,1.323,1.3273,1.321,1.3249,0.0018,+0.14%,78668,217100
B6U17,2017-08-03,1.3243,1.3287,1.313,1.3153,-0.0096,-0.72%,136982,216443
B6U17,2017-08-04,1.3157,1.3183,1.3041,1.3053,-0.01,-0.76%,108388,208002
B6U17,2017-08-07,1.3061,1.3077,1.3032,1.3049,-0.0004,-0.03%,68436,205900
B6U17,2017-08-08,1.3055,1.3071,1.2969,1.3005,-0.0044,-0.34%,88722,208091
B6U17,2017-08-09,1.3007,1.3045,1.2985,1.3019,0.0014,+0.11%,95279,208134
B6U17,2017-08-10,1.3022,1.3031,1.2966,1.2995,-0.0024,-0.18%,76183,208165
B6U17,2017-08-11,1.2992,1.3046,1.2954,1.3028,0.0033,+0.25%,106855,207203
B6U17,2017-08-14,1.3028,1.3036,1.297,1.2984,-0.0044,-0.34%,71333,208034
B6U17,2017-08-15,1.2975,1.2985,1.286,1.2877,-0.0107,-0.82%,122547,213259
B6U17,2017-08-16,1.2887,1.2917,1.2855,1.2898,0.0021,+0.16%,116702,212192
B6U17,2017-08-17,1.2902,1.2925,1.2865,1.2887,-0.0011,-0.09%,94242,213711
B6U17,2017-08-18,1.2882,1.2931,1.2844,1.2888,0.0001,+0.01%,101522,213827
B6U17,2017-08-21,1.2886,1.2928,1.2862,1.2911,0.0023,+0.18%,72178,213447
B6U17,2017-08-22,1.2908,1.292,1.2821,1.2839,-0.0072,-0.56%,86660,216494
B6U17,2017-08-23,1.2834,1.2845,1.279,1.2815,-0.0024,-0.19%,85626,218485
B6U17,2017-08-24,1.2812,1.2846,1.2783,1.2811,-0.0004,-0.03%,78927,224033
B6U17,2017-08-25,1.281,1.2898,1.2803,1.2887,0.0076,+0.59%,81590,225753
B6U17,2017-08-28,1.2924,1.2952,1.2882,1.2948,0.0061,+0.47%,67189,224935
B6U17,2017-08-29,1.2941,1.2988,1.291,1.2931,-0.0017,-0.13%,88548,224031
B6U17,2017-08-30,1.293,1.2946,1.2886,1.2933,0.0002,+0.02%,90361,224945
B6U17,2017-08-31,1.2932,1.2942,1.2857,1.294,0.0007,+0.05%,108084,225103
B6U17,2017-09-01,1.2932,1.3002,1.2911,1.2961,0.0021,+0.16%,107708,220036
B6U17,2017-09-05,1.297,1.3049,1.2913,1.3047,0.0086,+0.66%,144244,219048
B6U17,2017-09-06,1.3042,1.3088,1.3024,1.3045,-0.0002,-0.02%,112918,216181
B6U17,2017-09-07,1.3047,1.3119,1.3037,1.3087,0.0042,+0.32%,118977,217750
B6U17,2017-09-08,1.3102,1.3227,1.3098,1.3203,0.0116,+0.89%,161202,236576
B6U17,2017-09-11,1.3195,1.3226,1.3163,1.3177,-0.0026,-0.20%,176046,233114
B6U17,2017-09-12,1.3172,1.3301,1.3163,1.3297,0.012,+0.91%,260617,273720
B6U17,2017-09-13,1.329,1.3331,1.3186,1.3199,-0.0098,-0.74%,297765,276467
B6Z17,2017-09-14,1.3244,1.3444,1.3188,1.3434,0.0235,+1.78%,327200,276204
B6Z17,2017-09-15,1.3436,1.3652,1.3418,1.3608,0.0174,+1.30%,268162,271867
B6Z17,2017-09-18,1.3625,1.3655,1.3501,1.3526,-0.0082,-0.60%,156763,200552
B6Z17,2017-09-19,1.3534,1.3588,1.3506,1.356,0.0034,+0.25%,137599,202582
B6Z17,2017-09-20,1.3548,1.3695,1.3487,1.3519,-0.0041,-0.30%,178032,202625
B6Z17,2017-09-21,1.3534,1.3622,1.3505,1.3608,0.0089,+0.66%,132370,203981
B6Z17,2017-09-22,1.3615,1.363,1.3485,1.3563,-0.0045,-0.33%,204152,200909
B6Z17,2017-09-25,1.3528,1.3605,1.3467,1.3505,-0.0058,-0.43%,128652,199923
B6Z17,2017-09-26,1.3505,1.3549,1.3444,1.3489,-0.0016,-0.12%,114768,195509
B6Z17,2017-09-27,1.3496,1.3498,1.3398,1.3438,-0.0051,-0.38%,122376,191255
B6Z17,2017-09-28,1.3427,1.3488,1.3374,1.3478,0.004,+0.30%,119177,186330
B6Z17,2017-09-29,1.3471,1.3471,1.338,1.3439,-0.0039,-0.29%,134314,180261
B6Z17,2017-10-02,1.3415,1.3433,1.3286,1.3315,-0.0124,-0.92%,116032,176981
B6Z17,2017-10-03,1.3305,1.3317,1.325,1.3274,-0.0041,-0.31%,107895,174867
B6Z17,2017-10-04,1.3263,1.3322,1.3263,1.3277,0.0003,+0.02%,83308,174639
B6Z17,2017-10-05,1.327,1.3278,1.3135,1.3139,-0.0138,-1.04%,147958,175436
B6Z17,2017-10-06,1.3144,1.3147,1.3048,1.3094,-0.0045,-0.34%,134063,179617
B6Z17,2017-10-09,1.3109,1.3211,1.3101,1.3178,0.0084,+0.64%,95739,180034
B6Z17,2017-10-10,1.3167,1.3253,1.3158,1.3227,0.0049,+0.37%,102221,181570
B6Z17,2017-10-11,1.3231,1.3262,1.3202,1.3244,0.0017,+0.13%,82707,182812
B6Z17,2017-10-12,1.3249,1.3316,1.3147,1.3299,0.0055,+0.42%,167887,182672
B6Z17,2017-10-13,1.3286,1.3363,1.3272,1.3317,0.0018,+0.14%,141577,182229
B6Z17,2017-10-16,1.3322,1.3336,1.3249,1.327,-0.0047,-0.35%,108024,182750
B6Z17,2017-10-17,1.3274,1.3312,1.3177,1.3214,-0.0056,-0.42%,140441,186473
B6Z17,2017-10-18,1.3216,1.3241,1.3163,1.3224,0.001,+0.08%,113756,183446
B6Z17,2017-10-19,1.3223,1.325,1.315,1.3178,-0.0046,-0.35%,102349,185325
B6Z17,2017-10-20,1.3174,1.3223,1.3107,1.3213,0.0035,+0.27%,127382,184266
B6Z17,2017-10-23,1.321,1.3249,1.3179,1.3221,0.0008,+0.06%,93295,183668
B6Z17,2017-10-24,1.3218,1.3248,1.3134,1.3157,-0.0064,-0.48%,97362,188064
B6Z17,2017-10-25,1.3152,1.3291,1.313,1.3274,0.0117,+0.89%,153729,186132
B6Z17,2017-10-26,1.3283,1.3298,1.3165,1.3175,-0.0099,-0.75%,118309,184141
B6Z17,2017-10-27,1.3171,1.3172,1.3088,1.3141,-0.0034,-0.26%,119972,188440
B6Z17,2017-10-30,1.315,1.3234,1.314,1.3219,0.0078,+0.59%,98910,184775
B6Z17,2017-10-31,1.3223,1.3307,1.3209,1.3301,0.0082,+0.62%,117735,185123
B6Z17,2017-11-01,1.3302,1.3338,1.3257,1.3266,-0.0035,-0.26%,122020,180944
B6Z17,2017-11-02,1.3266,1.3316,1.3057,1.3078,-0.0188,-1.42%,265769,192529
B6Z17,2017-11-03,1.3071,1.315,1.3053,1.3083,0.0005,+0.04%,148356,179999
B6Z17,2017-11-06,1.3096,1.319,1.3073,1.3187,0.0104,+0.79%,97704,177965
B6Z17,2017-11-07,1.3185,1.3192,1.3123,1.3181,-0.0006,-0.05%,98971,177968
B6Z17,2017-11-08,1.3183,1.319,1.31,1.3126,-0.0055,-0.42%,95197,179023
B6Z17,2017-11-09,1.3127,1.3179,1.3098,1.317,0.0044,+0.34%,118381,179159
B6Z17,2017-11-10,1.3156,1.3243,1.3125,1.3209,0.0039,+0.30%,111155,180849
B6Z17,2017-11-13,1.3182,1.3185,1.3074,1.3127,-0.0082,-0.62%,121901,177015
B6Z17,2017-11-14,1.3124,1.3199,1.3086,1.3176,0.0049,+0.37%,122141,176727
B6Z17,2017-11-15,1.3172,1.3225,1.3142,1.3176,0,0.00%,130105,174633
B6Z17,2017-11-16,1.3181,1.322,1.3145,1.3194,0.0018,+0.14%,120519,176183
B6Z17,2017-11-17,1.3204,1.3271,1.3178,1.3228,0.0034,+0.26%,132888,174939
B6Z17,2017-11-20,1.3226,1.329,1.3196,1.3247,0.0019,+0.14%,106110,177893
B6Z17,2017-11-21,1.3248,1.3277,1.3218,1.3245,-0.0002,-0.02%,98866,175839
B6Z17,2017-11-22,1.3252,1.334,1.3222,1.333,0.0085,+0.64%,114905,178947
B6Z17,2017-11-24,1.333,1.3368,1.3285,1.3339,0.0009,+0.07%,125175,181181
B6Z17,2017-11-27,1.3337,1.3391,1.3317,1.3326,-0.0013,-0.10%,106670,179431
B6Z17,2017-11-28,1.3329,1.3396,1.3228,1.338,0.0054,+0.41%,243892,178230
B6Z17,2017-11-29,1.3366,1.3456,1.3355,1.3432,0.0052,+0.39%,220473,184907
B6Z17,2017-11-30,1.3421,1.3556,1.3416,1.353,0.0098,+0.73%,239491,198278
B6Z17,2017-12-01,1.3525,1.3556,1.345,1.3473,-0.0057,-0.42%,163438,202144
B6Z17,2017-12-04,1.3479,1.3545,1.3419,1.3475,0.0002,+0.01%,229539,204608
B6Z17,2017-12-05,1.3484,1.3484,1.3375,1.3446,-0.0029,-0.22%,148296,202693
B6Z17,2017-12-06,1.3429,1.3442,1.3362,1.3379,-0.0067,-0.50%,144356,198053
B6Z17,2017-12-07,1.3382,1.349,1.3323,1.3471,0.0092,+0.69%,215590,202152
B6Z17,2017-12-08,1.3484,1.3524,1.3358,1.3401,-0.007,-0.52%,242932,193668
B6Z17,2017-12-11,1.3394,1.3434,1.3333,1.3343,-0.0058,-0.43%,180188,204480
B6Z17,2017-12-12,1.3346,1.3383,1.3304,1.3318,-0.0025,-0.19%,234577,208102
B6Z17,2017-12-13,1.332,1.3434,1.3314,1.3417,0.0099,+0.74%,370615,225982
B6H18,2017-12-14,1.3468,1.3521,1.3449,1.3501,0.0084,+0.63%,264853,236404
B6H18,2017-12-15,1.3483,1.3504,1.3364,1.3383,-0.0118,-0.87%,218347,249655
B6H18,2017-12-18,1.3383,1.3479,1.3373,1.3441,0.0058,+0.43%,95516,186296
B6H18,2017-12-19,1.344,1.3456,1.3384,1.3435,-0.0006,-0.04%,83399,183783
B6H18,2017-12-20,1.3439,1.347,1.3418,1.3441,0.0006,+0.04%,83925,190351
B6H18,2017-12-21,1.3422,1.344,1.3382,1.3435,-0.0006,-0.04%,81291,186792
B6H18,2017-12-22,1.3437,1.3451,1.3398,1.3432,-0.0003,-0.02%,71877,190532
B6H18,2017-12-26,1.3429,1.3444,1.3399,1.3431,-0.0001,-0.01%,25514,190393
B6H18,2017-12-27,1.3427,1.3479,1.3422,1.344,0.0009,+0.07%,72309,196056
B6H18,2017-12-28,1.3448,1.3491,1.3433,1.3479,0.0039,+0.29%,57595,202496
B6H18,2017-12-29,1.3466,1.3579,1.3457,1.3557,0.0078,+0.58%,92221,210306
B6H18,2018-01-02,1.3543,1.3634,1.3536,1.3628,0.0071,+0.52%,103501,211627
B6H18,2018-01-03,1.3624,1.3646,1.3525,1.3547,-0.0081,-0.59%,106184,206751
B6H18,2018-01-04,1.3545,1.3591,1.3536,1.3586,0.0039,+0.29%,72216,207333
B6H18,2018-01-05,1.3582,1.3615,1.3555,1.3597,0.0011,+0.08%,78067,204262
B6H18,2018-01-08,1.3601,1.3616,1.3553,1.3595,-0.0002,-0.01%,75928,206248
B6H18,2018-01-09,1.3601,1.3613,1.3532,1.3562,-0.0033,-0.24%,82858,203484
B6H18,2018-01-10,1.3572,1.3592,1.3511,1.3539,-0.0023,-0.17%,115368,200603
B6H18,2018-01-11,1.3538,1.3584,1.3486,1.3566,0.0027,+0.20%,128433,196931
B6H18,2018-01-12,1.357,1.3773,1.3565,1.3764,0.0198,+1.46%,201425,211143
B6H18,2018-01-16,1.3777,1.3848,1.3756,1.3821,0.0057,+0.41%,189022,218209
B6H18,2018-01-17,1.3818,1.3972,1.3785,1.3907,0.0086,+0.62%,165205,227992
B6H18,2018-01-18,1.3838,1.394,1.3831,1.392,0.0013,+0.09%,115594,229478
B6H18,2018-01-19,1.3923,1.3971,1.3865,1.39,-0.002,-0.14%,115466,229244
B6H18,2018-01-22,1.3926,1.4017,1.3883,1.4007,0.0107,+0.77%,120847,232296
B6H18,2018-01-23,1.4007,1.4057,1.3942,1.4026,0.0019,+0.14%,127825,236432
B6H18,2018-01-24,1.4028,1.4291,1.4023,1.4242,0.0216,+1.54%,205573,238815
B6H18,2018-01-25,1.4261,1.437,1.4107,1.4145,-0.0097,-0.68%,275877,231416
B6H18,2018-01-26,1.414,1.4312,1.4139,1.4184,0.0039,+0.28%,180651,235331
B6H18,2018-01-29,1.4171,1.4182,1.405,1.4104,-0.008,-0.56%,140300,238195
B6H18,2018-01-30,1.4098,1.4191,1.4004,1.4177,0.0073,+0.52%,148599,235080
B6H18,2018-01-31,1.4174,1.4257,1.4145,1.42,0.0023,+0.16%,180353,227517
B6H18,2018-02-01,1.4216,1.4302,1.4181,1.4287,0.0087,+0.61%,144531,227214
B6H18,2018-02-02,1.429,1.43,1.4123,1.4152,-0.0135,-0.94%,133952,226080
B6H18,2018-02-05,1.4111,1.4173,1.3975,1.4023,-0.0129,-0.91%,145005,228212
B6H18,2018-02-06,1.3991,1.4021,1.3857,1.3979,-0.0044,-0.31%,186011,216402
B6H18,2018-02-07,1.3975,1.4014,1.3868,1.3899,-0.008,-0.57%,133752,214637
B6H18,2018-02-08,1.3888,1.4087,1.3864,1.394,0.0041,+0.29%,255083,209855
B6H18,2018-02-09,1.3943,1.4006,1.378,1.3825,-0.0115,-0.82%,210581,202823
B6H18,2018-02-12,1.384,1.3895,1.3814,1.3843,0.0018,+0.13%,106942,198137
B6H18,2018-02-13,1.3858,1.3942,1.385,1.3893,0.005,+0.36%,102529,193326
B6H18,2018-02-14,1.3905,1.4034,1.3816,1.4003,0.011,+0.79%,152019,190152
B6H18,2018-02-15,1.4017,1.4119,1.401,1.4106,0.0103,+0.74%,118792,188807
B6H18,2018-02-16,1.4107,1.416,1.4011,1.4037,-0.0069,-0.49%,98757,187614
B6H18,2018-02-20,1.4045,1.4063,1.3945,1.4,-0.0037,-0.26%,147250,188118
B6H18,2018-02-21,1.4011,1.4023,1.3916,1.3948,-0.0052,-0.37%,144326,187994
B6H18,2018-02-22,1.3923,1.4001,1.3868,1.3969,0.0021,+0.15%,118708,190132
B6H18,2018-02-23,1.3965,1.4017,1.3915,1.3982,0.0013,+0.09%,101542,193102
B6H18,2018-02-26,1.3982,1.4082,1.3938,1.3974,-0.0008,-0.06%,109415,195344
B6H18,2018-02-27,1.3975,1.4006,1.3865,1.3926,-0.0048,-0.34%,151024,196913
B6H18,2018-02-28,1.3919,1.3926,1.3765,1.3778,-0.0148,-1.06%,178761,203324
B6H18,2018-03-01,1.376,1.3793,1.3719,1.3776,-0.0002,-0.01%,153181,202386
B6H18,2018-03-02,1.3781,1.3824,1.3762,1.3795,0.0019,+0.14%,126407,200472
B6H18,2018-03-05,1.3815,1.3884,1.3772,1.3836,0.0041,+0.30%,138564,196035
B6H18,2018-03-06,1.385,1.3936,1.3821,1.3893,0.0057,+0.41%,122405,197439
B6H18,2018-03-07,1.3901,1.3919,1.385,1.3902,0.0009,+0.06%,123534,194807
B6H18,2018-03-08,1.3901,1.3914,1.3784,1.3801,-0.0101,-0.73%,139984,198581
B6H18,2018-03-09,1.3815,1.3893,1.3791,1.3852,0.0051,+0.37%,142932,199222
B6H18,2018-03-12,1.3857,1.392,1.3843,1.391,0.0058,+0.42%,145640,199965
B6H18,2018-03-13,1.3906,1.3997,1.3877,1.3978,0.0068,+0.49%,163169,206151
B6H18,2018-03-14,1.397,1.3999,1.3928,1.3976,-0.0002,-0.01%,212368,205021
B6H18,2018-03-15,1.3967,1.399,1.3923,1.3933,-0.0043,-0.31%,211057,218334
B6M18,2018-03-16,1.3999,1.404,1.3945,1.3996,0.0063,+0.45%,163751,222892
B6M18,2018-03-19,1.4002,1.4146,1.397,1.4107,0.0111,+0.79%,178585,162166
B6M18,2018-03-20,1.4082,1.4123,1.4039,1.4056,-0.0051,-0.36%,99103,159183
B6M18,2018-03-21,1.4057,1.4204,1.4053,1.4184,0.0128,+0.91%,156177,168973
B6M18,2018-03-22,1.4189,1.4272,1.4126,1.4161,-0.0023,-0.16%,148093,176225
B6M18,2018-03-23,1.4156,1.4223,1.4136,1.4196,0.0035,+0.25%,106819,179918
B6M18,2018-03-26,1.4202,1.4294,1.4196,1.4276,0.008,+0.56%,103920,184006
B6M18,2018-03-27,1.4279,1.4293,1.4113,1.4201,-0.0075,-0.53%,141714,176947
B6M18,2018-03-28,1.4209,1.4244,1.4113,1.4127,-0.0074,-0.52%,114884,177208
B6M18,2018-03-29,1.4125,1.4138,1.4054,1.4058,-0.0069,-0.49%,125031,175670
B6M18,2018-04-02,1.4064,1.4122,1.4062,1.4085,0.0027,+0.19%,47591,173400
B6M18,2018-04-03,1.4093,1.4131,1.4064,1.4099,0.0014,+0.10%,92375,172017
B6M18,2018-04-04,1.4103,1.4139,1.406,1.4119,0.002,+0.14%,100963,174157
B6M18,2018-04-05,1.4129,1.414,1.4007,1.4044,-0.0075,-0.53%,110545,171186
B6M18,2018-04-06,1.4041,1.4146,1.4024,1.4126,0.0082,+0.58%,108960,173842
B6M18,2018-04-09,1.4125,1.4204,1.4118,1.4173,0.0047,+0.33%,84833,178825
B6M18,2018-04-10,1.4171,1.4227,1.4159,1.4223,0.005,+0.35%,85677,182784
B6M18,2018-04-11,1.4217,1.4263,1.4199,1.4211,-0.0012,-0.08%,88101,185513
B6M18,2018-04-12,1.4217,1.4286,1.4183,1.4265,0.0054,+0.38%,111584,194854
B6M18,2018-04-13,1.4269,1.4335,1.4259,1.4275,0.001,+0.07%,96211,196915
B6M18,2018-04-16,1.4284,1.4382,1.4271,1.4369,0.0094,+0.66%,100503,202283
B6M18,2018-04-17,1.4375,1.4413,1.4318,1.4322,-0.0047,-0.33%,123961,205523
B6M18,2018-04-18,1.4327,1.4349,1.4207,1.4239,-0.0083,-0.58%,132503,201570
B6M18,2018-04-19,1.424,1.4279,1.41,1.411,-0.0129,-0.91%,155564,199246
B6M18,2018-04-20,1.4117,1.4121,1.4029,1.4055,-0.0055,-0.39%,137190,187299
B6M18,2018-04-23,1.4032,1.4064,1.3959,1.397,-0.0085,-0.60%,99128,182818
B6M18,2018-04-24,1.3969,1.4019,1.3951,1.4003,0.0033,+0.24%,100101,183826
B6M18,2018-04-25,1.401,1.4028,1.3955,1.3972,-0.0031,-0.22%,76628,185392
B6M18,2018-04-26,1.3962,1.4028,1.3925,1.3955,-0.0017,-0.12%,118241,184545
B6M18,2018-04-27,1.3943,1.3963,1.3777,1.3818,-0.0137,-0.98%,164952,192474
B6M18,2018-04-30,1.3809,1.3822,1.3742,1.3776,-0.0042,-0.30%,120923,193955
B6M18,2018-05-01,1.3797,1.3803,1.3618,1.3646,-0.013,-0.94%,134039,194859
B6M18,2018-05-02,1.3639,1.3694,1.3582,1.3631,-0.0015,-0.11%,140738,191559
B6M18,2018-05-03,1.3599,1.3654,1.3562,1.3595,-0.0036,-0.26%,136938,192497
B6M18,2018-05-04,1.3598,1.361,1.3511,1.3567,-0.0028,-0.21%,118509,190286
B6M18,2018-05-07,1.3555,1.36,1.354,1.3585,0.0018,+0.13%,62602,187971
B6M18,2018-05-08,1.3581,1.3616,1.3506,1.3559,-0.0026,-0.19%,131988,188802
B6M18,2018-05-09,1.3567,1.3629,1.3521,1.3578,0.0019,+0.14%,107866,186938
B6M18,2018-05-10,1.3572,1.3638,1.348,1.3541,-0.0037,-0.27%,223524,192216
B6M18,2018-05-11,1.3539,1.3617,1.3522,1.3567,0.0026,+0.19%,104819,187821
B6M18,2018-05-14,1.3566,1.3628,1.356,1.3585,0.0018,+0.13%,77879,188293
B6M18,2018-05-15,1.3578,1.3591,1.347,1.3527,-0.0058,-0.43%,114049,190648
B6M18,2018-05-16,1.3527,1.354,1.3475,1.3504,-0.0023,-0.17%,111831,183523
B6M18,2018-05-17,1.3527,1.3587,1.3491,1.3524,0.002,+0.15%,119633,184367
B6M18,2018-05-18,1.3533,1.3545,1.3471,1.3499,-0.0025,-0.18%,91452,184547
B6M18,2018-05-21,1.349,1.35,1.3407,1.343,-0.0069,-0.51%,107662,187693
B6M18,2018-05-22,1.3446,1.3507,1.3428,1.3444,0.0014,+0.10%,110937,186517
B6M18,2018-05-23,1.3447,1.3457,1.3319,1.3361,-0.0083,-0.62%,166672,194336
B6M18,2018-05-24,1.3365,1.3434,1.3362,1.3397,0.0036,+0.27%,147167,194456
B6M18,2018-05-25,1.3393,1.34,1.3306,1.3328,-0.0069,-0.52%,110776,199674
B6M18,2018-05-29,1.332,1.3353,1.3215,1.3258,-0.007,-0.53%,215689,205778
B6M18,2018-05-30,1.3267,1.3318,1.3253,1.329,0.0032,+0.24%,152679,221416
B6M18,2018-05-31,1.3293,1.3357,1.3286,1.3299,0.0009,+0.07%,151329,226465
B6M18,2018-06-01,1.3302,1.337,1.3261,1.3354,0.0055,+0.41%,128665,224288
B6M18,2018-06-04,1.3362,1.3406,1.3302,1.3322,-0.0032,-0.24%,111952,225963
B6M18,2018-06-05,1.3322,1.3416,1.331,1.3399,0.0077,+0.58%,139460,239409
B6M18,2018-06-06,1.3405,1.345,1.3403,1.3416,0.0017,+0.13%,124753,249614
B6M18,2018-06-07,1.3422,1.3477,1.3375,1.3431,0.0015,+0.11%,158685,251920
B6M18,2018-06-08,1.3426,1.3444,1.3359,1.3417,-0.0014,-0.10%,123515,243491
B6M18,2018-06-11,1.3416,1.3446,1.3348,1.3384,-0.0033,-0.25%,157635,252860
B6M18,2018-06-12,1.3382,1.3429,1.3345,1.3379,-0.0005,-0.04%,205908,269609
B6M18,2018-06-13,1.3377,1.3392,1.3311,1.336,-0.0019,-0.14%,254103,235908
B6M18,2018-06-14,1.3378,1.3448,1.3255,1.3283,-0.0077,-0.58%,307212,241363
B6U18,2018-06-15,1.3319,1.3354,1.3266,1.3337,0.0054,+0.41%,144446,240369
B6U18,2018-06-18,1.3328,1.3331,1.3281,1.3296,-0.0041,-0.31%,71485,164160
B6U18,2018-06-19,1.3298,1.3329,1.3204,1.3221,-0.0075,-0.56%,110278,172592
B6U18,2018-06-20,1.3224,1.3269,1.3199,1.3239,0.0018,+0.14%,109942,173440
B6U18,2018-06-21,1.3228,1.332,1.3152,1.3306,0.0067,+0.51%,158131,173878
B6U18,2018-06-22,1.3291,1.3366,1.3288,1.3312,0.0006,+0.05%,111687,170674
B6U18,2018-06-25,1.3321,1.3341,1.3271,1.3329,0.0017,+0.13%,79880,169897
B6U18,2018-06-26,1.3332,1.3342,1.3241,1.3282,-0.0047,-0.35%,103397,169623
B6U18,2018-06-27,1.3271,1.3282,1.3154,1.3175,-0.0107,-0.81%,132914,176964
B6U18,2018-06-28,1.3165,1.3167,1.3095,1.3113,-0.0062,-0.47%,134936,184826
B6U18,2018-06-29,1.3119,1.3259,1.3114,1.3236,0.0123,+0.94%,151568,183631
B6U18,2018-07-02,1.3255,1.3255,1.3138,1.3167,-0.0069,-0.52%,100732,186130
B6U18,2018-07-03,1.318,1.325,1.3158,1.3208,0.0041,+0.31%,103965,184402
B6U18,2018-07-05,1.3234,1.3315,1.3214,1.3252,0.0044,+0.33%,166799,182733
B6U18,2018-07-06,1.3262,1.3332,1.3243,1.3307,0.0055,+0.42%,97441,178643
B6U18,2018-07-09,1.3358,1.3403,1.3229,1.3295,-0.0012,-0.09%,224996,181283
B6U18,2018-07-10,1.3292,1.3341,1.3262,1.3305,0.001,+0.08%,128072,178633
B6U18,2018-07-11,1.3314,1.3324,1.323,1.3249,-0.0056,-0.42%,102066,180054
B6U18,2018-07-12,1.3241,1.328,1.3216,1.3245,-0.0004,-0.03%,88347,178255
B6U18,2018-07-13,1.324,1.3275,1.3137,1.3263,0.0018,+0.14%,134595,178871
B6U18,2018-07-16,1.3262,1.3328,1.3252,1.3266,0.0003,+0.02%,86056,175485
B6U18,2018-07-17,1.3271,1.3304,1.3101,1.3156,-0.011,-0.83%,176900,187151
B6U18,2018-07-18,1.3147,1.315,1.3043,1.3095,-0.0061,-0.46%,141509,196891
B6U18,2018-07-19,1.3107,1.3114,1.2988,1.3047,-0.0048,-0.37%,151841,201709
B6U18,2018-07-20,1.3046,1.3171,1.3025,1.3164,0.0117,+0.90%,142283,197979
B6U18,2018-07-23,1.3163,1.3189,1.3112,1.313,-0.0034,-0.26%,95553,193878
B6U18,2018-07-24,1.3128,1.319,1.3101,1.317,0.004,+0.30%,102149,191590
B6U18,2018-07-25,1.3171,1.323,1.3161,1.3202,0.0032,+0.24%,98475,190021
B6U18,2018-07-26,1.3213,1.324,1.3132,1.3138,-0.0064,-0.48%,109937,188701
B6U18,2018-07-27,1.3136,1.3157,1.3109,1.3139,0.0001,+0.01%,79943,189445
B6U18,2018-07-30,1.3131,1.3179,1.3123,1.3161,0.0022,+0.17%,68267,189888
B6U18,2018-07-31,1.3157,1.32,1.3115,1.315,-0.0011,-0.08%,101455,190296
B6U18,2018-08-01,1.3143,1.3169,1.312,1.3153,0.0003,+0.02%,86019,193745
B6U18,2018-08-02,1.3146,1.3177,1.3036,1.3046,-0.0107,-0.81%,155849,206152
B6U18,2018-08-03,1.3039,1.3064,1.2997,1.3028,-0.0018,-0.14%,97724,204404
B6U18,2018-08-06,1.3026,1.3027,1.294,1.2964,-0.0064,-0.49%,78998,212691
B6U18,2018-08-07,1.2964,1.2993,1.2944,1.2955,-0.0009,-0.07%,85359,219746
B6U18,2018-08-08,1.2957,1.298,1.2872,1.2913,-0.0042,-0.32%,110137,229201
B6U18,2018-08-09,1.2904,1.2929,1.2833,1.2865,-0.0048,-0.37%,107950,235291
B6U18,2018-08-10,1.2845,1.2854,1.274,1.2779,-0.0086,-0.67%,144360,241473
B6U18,2018-08-13,1.2771,1.2808,1.2747,1.277,-0.0009,-0.07%,89845,237973
B6U18,2018-08-14,1.2776,1.2844,1.2721,1.2728,-0.0042,-0.33%,106559,245490
B6U18,2018-08-15,1.2737,1.2751,1.2678,1.2709,-0.0019,-0.15%,102271,246740
B6U18,2018-08-16,1.2708,1.2768,1.27,1.2723,0.0014,+0.11%,100599,253217
B6U18,2018-08-17,1.2725,1.2768,1.2711,1.2761,0.0038,+0.30%,82143,258117
B6U18,2018-08-20,1.2757,1.2813,1.2742,1.2797,0.0036,+0.28%,75992,265146
B6U18,2018-08-21,1.2808,1.2938,1.2806,1.2915,0.0118,+0.92%,114433,267219
B6U18,2018-08-22,1.2917,1.2949,1.288,1.2925,0.001,+0.08%,84192,264669
B6U18,2018-08-23,1.2923,1.2928,1.2815,1.2825,-0.01,-0.77%,100668,262591
B6U18,2018-08-24,1.2822,1.2892,1.2809,1.2857,0.0032,+0.25%,87380,257866
B6U18,2018-08-27,1.2854,1.2911,1.2839,1.2902,0.0045,+0.35%,52241,258163
B6U18,2018-08-28,1.2906,1.2943,1.2872,1.2877,-0.0025,-0.19%,81264,260228
B6U18,2018-08-29,1.2878,1.3043,1.2855,1.303,0.0153,+1.19%,163586,261034
B6U18,2018-08-30,1.304,1.305,1.2992,1.3021,-0.0009,-0.07%,97959,259003
B6U18,2018-08-31,1.3016,1.3036,1.2951,1.2964,-0.0057,-0.44%,113031,257057
B6U18,2018-09-04,1.2925,1.2941,1.2817,1.2862,-0.0102,-0.79%,187837,261700
B6U18,2018-09-05,1.2858,1.2989,1.2791,1.2903,0.0041,+0.32%,200830,260715
B6U18,2018-09-06,1.2915,1.2967,1.2901,1.2938,0.0035,+0.27%,106576,258691
B6U18,2018-09-07,1.2934,1.3032,1.2911,1.2928,-0.001,-0.08%,162043,254569
B6U18,2018-09-10,1.2917,1.3055,1.29,1.3032,0.0104,+0.80%,220830,251853
B6U18,2018-09-11,1.3034,1.3091,1.2966,1.301,-0.0022,-0.17%,220761,279503
B6U18,2018-09-12,1.3018,1.3086,1.2982,1.3058,0.0048,+0.37%,225688,297191
B6Z18,2018-09-13,1.31,1.3177,1.3079,1.3164,0.0106,+0.81%,396377,344836
B6Z18,2018-09-14,1.3158,1.3206,1.3108,1.3118,-0.0046,-0.35%,152786,314579
B6Z18,2018-09-17,1.3124,1.3216,1.3121,1.3213,0.0095,+0.72%,85088,238080
B6Z18,2018-09-18,1.321,1.3227,1.317,1.319,-0.0023,-0.17%,84883,229637
B6Z18,2018-09-19,1.32,1.3268,1.3149,1.3197,0.0007,+0.05%,126954,232960
B6Z18,2018-09-20,1.3196,1.335,1.3186,1.3318,0.0121,+0.92%,145602,232140
B6Z18,2018-09-21,1.3323,1.3327,1.3103,1.3127,-0.0191,-1.43%,177002,227806
B6Z18,2018-09-24,1.3133,1.3217,1.3112,1.3167,0.004,+0.30%,91745,227148
B6Z18,2018-09-25,1.3165,1.3243,1.3143,1.3235,0.0068,+0.52%,91543,225082
B6Z18,2018-09-26,1.323,1.3266,1.3186,1.3231,-0.0004,-0.03%,93610,222151
B6Z18,2018-09-27,1.3214,1.3225,1.3121,1.3134,-0.0097,-0.73%,95916,220862
B6Z18,2018-09-28,1.3126,1.3136,1.3046,1.3086,-0.0048,-0.37%,107200,216786
B6Z18,2018-10-01,1.3077,1.3162,1.3056,1.3082,-0.0004,-0.03%,96439,215913
B6Z18,2018-10-02,1.3082,1.3093,1.2984,1.3022,-0.006,-0.46%,88611,210495
B6Z18,2018-10-03,1.3023,1.3067,1.2967,1.3019,-0.0003,-0.02%,82662,209634
B6Z18,2018-10-04,1.299,1.3083,1.2963,1.3066,0.0047,+0.36%,103732,210152
B6Z18,2018-10-05,1.3063,1.3165,1.3045,1.3152,0.0086,+0.66%,130892,213817
B6Z18,2018-10-08,1.3168,1.3174,1.3069,1.3133,-0.0019,-0.14%,75612,208980
B6Z18,2018-10-09,1.3135,1.3192,1.3073,1.3186,0.0053,+0.40%,118692,210549
B6Z18,2018-10-10,1.3181,1.3256,1.3177,1.3238,0.0052,+0.39%,113079,212426
B6Z18,2018-10-11,1.3235,1.3297,1.3221,1.3272,0.0034,+0.26%,119163,211617
B6Z18,2018-10-12,1.3268,1.3296,1.3183,1.32,-0.0072,-0.54%,110904,208466
B6Z18,2018-10-15,1.3139,1.3219,1.3131,1.3192,-0.0008,-0.06%,89142,208323
B6Z18,2018-10-16,1.319,1.3274,1.3178,1.3227,0.0035,+0.27%,94576,210108
B6Z18,2018-10-17,1.3219,1.3228,1.3135,1.3157,-0.007,-0.53%,100288,210179
B6Z18,2018-10-18,1.3144,1.3166,1.305,1.3066,-0.0091,-0.69%,119783,215233
B6Z18,2018-10-19,1.3055,1.3138,1.3044,1.3099,0.0033,+0.25%,105198,216471
B6Z18,2018-10-22,1.3095,1.3123,1.2988,1.3004,-0.0095,-0.73%,99479,221391
B6Z18,2018-10-23,1.3002,1.3076,1.2968,1.3016,0.0012,+0.09%,107030,221303
B6Z18,2018-10-24,1.3011,1.3021,1.2897,1.2912,-0.0104,-0.80%,96534,224134
B6Z18,2018-10-25,1.2915,1.2949,1.2825,1.2854,-0.0058,-0.45%,108221,226814
B6Z18,2018-10-26,1.2843,1.287,1.2805,1.2859,0.0005,+0.04%,94305,228176
B6Z18,2018-10-29,1.2856,1.2881,1.2819,1.2833,-0.0026,-0.20%,85197,227152
B6Z18,2018-10-30,1.2825,1.2839,1.2722,1.2728,-0.0105,-0.82%,99934,233339
B6Z18,2018-10-31,1.2735,1.2857,1.2726,1.2796,0.0068,+0.53%,168105,228730
B6Z18,2018-11-01,1.2798,1.3062,1.2789,1.3041,0.0245,+1.91%,224099,236267
B6Z18,2018-11-02,1.3023,1.3065,1.2975,1.2985,-0.0056,-0.43%,123343,230306
B6Z18,2018-11-05,1.3029,1.308,1.2987,1.3076,0.0091,+0.70%,112470,227401
B6Z18,2018-11-06,1.3081,1.3131,1.3044,1.3115,0.0039,+0.30%,113344,227514
B6Z18,2018-11-07,1.3115,1.3198,1.3097,1.317,0.0055,+0.42%,121983,223399
B6Z18,2018-11-08,1.3149,1.3171,1.3066,1.3071,-0.0099,-0.75%,115965,223080
B6Z18,2018-11-09,1.3087,1.3089,1.2979,1.2996,-0.0075,-0.57%,116545,222515
B6Z18,2018-11-12,1.2947,1.2966,1.2846,1.2874,-0.0122,-0.94%,147371,226704
B6Z18,2018-11-13,1.2872,1.3067,1.2869,1.2973,0.0099,+0.77%,212639,229052
B6Z18,2018-11-14,1.3051,1.3092,1.2898,1.3052,0.0079,+0.61%,274941,227874
B6Z18,2018-11-15,1.3007,1.3047,1.2739,1.2812,-0.024,-1.84%,279955,230425
B6Z18,2018-11-16,1.2781,1.2895,1.2777,1.2847,0.0035,+0.27%,150678,228571
B6Z18,2018-11-19,1.2847,1.29,1.281,1.2871,0.0024,+0.19%,102187,228010
B6Z18,2018-11-20,1.2874,1.2898,1.2791,1.28,-0.0071,-0.55%,97894,227556
B6Z18,2018-11-21,1.2799,1.2835,1.2778,1.2795,-0.0005,-0.04%,82598,226932
B6Z18,2018-11-23,1.2789,1.2941,1.2783,1.2821,0.0026,+0.20%,149959,226971
B6Z18,2018-11-26,1.283,1.2876,1.2808,1.2822,0.0001,+0.01%,60225,226976
B6Z18,2018-11-27,1.2823,1.283,1.2735,1.2745,-0.0077,-0.60%,92831,227895
B6Z18,2018-11-28,1.2752,1.2858,1.2743,1.2846,0.0101,+0.79%,98646,228970
B6Z18,2018-11-29,1.2836,1.2859,1.2764,1.2792,-0.0054,-0.42%,92659,230170
B6Z18,2018-11-30,1.2791,1.2818,1.2742,1.2751,-0.0041,-0.32%,102619,230101
B6Z18,2018-12-03,1.2748,1.2833,1.2706,1.2733,-0.0018,-0.14%,115071,236144
B6Z18,2018-12-04,1.2736,1.2848,1.2665,1.2723,-0.001,-0.08%,163851,235704
B6Z18,2018-12-05,1.2719,1.2805,1.2679,1.2742,0.0019,+0.15%,83903,235336
B6Z18,2018-12-06,1.2737,1.2817,1.2704,1.278,0.0038,+0.30%,145999,237614
B6Z18,2018-12-07,1.2782,1.2794,1.2714,1.2756,-0.0024,-0.19%,104652,236723
B6Z18,2018-12-10,1.2722,1.2763,1.2511,1.256,-0.0196,-1.54%,318484,257611
B6Z18,2018-12-11,1.2567,1.2642,1.2481,1.2531,-0.0029,-0.23%,242808,255703
B6Z18,2018-12-12,1.2491,1.2677,1.2479,1.2638,0.0107,+0.85%,294276,249141
B6H19,2018-12-13,1.27,1.2747,1.2671,1.272,0.0082,+0.65%,212467,267952
B6H19,2018-12-14,1.2717,1.2723,1.2589,1.264,-0.008,-0.63%,144663,273315
B6H19,2018-12-17,1.2647,1.2706,1.2635,1.2689,0.0049,+0.39%,87364,204350
B6H19,2018-12-18,1.2672,1.2763,1.2669,1.2696,0.0007,+0.06%,83299,204948
B6H19,2018-12-19,1.2701,1.2737,1.2665,1.2683,-0.0013,-0.10%,87297,207895
B6H19,2018-12-20,1.2679,1.2766,1.2671,1.2729,0.0046,+0.36%,95797,211177
B6H19,2018-12-21,1.2714,1.2752,1.267,1.2688,-0.0041,-0.32%,83181,211776
B6H19,2018-12-24,1.2701,1.2791,1.2687,1.2771,0.0083,+0.65%,44302,212023
B6H19,2018-12-26,1.2736,1.2773,1.2683,1.2699,-0.0072,-0.56%,32567,211855
B6H19,2018-12-27,1.2695,1.2727,1.2666,1.2696,-0.0003,-0.02%,72938,210493
B6H19,2018-12-28,1.269,1.2756,1.2683,1.274,0.0044,+0.35%,58054,211978
B6H19,2018-12-31,1.2751,1.2862,1.2727,1.279,0.005,+0.39%,68799,212470
B6H19,2019-01-02,1.2799,1.282,1.2627,1.2656,-0.0134,-1.05%,104539,218410
B6H19,2019-01-03,1.2628,1.2692,1.2512,1.2676,0.002,+0.16%,99968,214437
B6H19,2019-01-04,1.2679,1.279,1.2659,1.2784,0.0108,+0.85%,98337,210111
B6H19,2019-01-07,1.278,1.2832,1.2764,1.2815,0.0031,+0.24%,70617,212424
B6H19,2019-01-08,1.2829,1.2841,1.275,1.2761,-0.0054,-0.42%,73769,210800
B6H19,2019-01-09,1.276,1.2848,1.2757,1.2839,0.0078,+0.61%,104175,209788
B6H19,2019-01-10,1.2842,1.2843,1.2769,1.2786,-0.0053,-0.41%,86361,209422
B6H19,2019-01-11,1.2786,1.2907,1.2749,1.2887,0.0101,+0.79%,136705,213020
B6H19,2019-01-14,1.2903,1.2971,1.2858,1.2907,0.002,+0.16%,110029,211631
B6H19,2019-01-15,1.2905,1.2956,1.2707,1.2872,-0.0035,-0.27%,173033,219326
B6H19,2019-01-16,1.29,1.2938,1.2865,1.2911,0.0039,+0.30%,128447,216613
B6H19,2019-01-17,1.2917,1.3039,1.2869,1.3026,0.0115,+0.89%,112271,214787
B6H19,2019-01-18,1.3025,1.3031,1.2893,1.2909,-0.0117,-0.90%,100197,214174
B6H19,2019-01-22,1.2911,1.3012,1.2866,1.2994,0.0085,+0.66%,151037,210645
B6H19,2019-01-23,1.2994,1.3117,1.2976,1.3101,0.0107,+0.82%,116964,208517
B6H19,2019-01-24,1.311,1.3128,1.3046,1.3087,-0.0014,-0.11%,98728,205540
B6H19,2019-01-25,1.31,1.3252,1.3093,1.3231,0.0144,+1.10%,141098,207984
B6H19,2019-01-28,1.3241,1.3244,1.317,1.3192,-0.0039,-0.29%,100072,209156
B6H19,2019-01-29,1.3184,1.3233,1.3088,1.313,-0.0062,-0.47%,186818,206696
B6H19,2019-01-30,1.3112,1.3178,1.3085,1.3148,0.0018,+0.14%,98468,202157
B6H19,2019-01-31,1.3145,1.319,1.3127,1.3141,-0.0007,-0.05%,95626,197655
B6H19,2019-02-01,1.3135,1.3143,1.3071,1.3112,-0.0029,-0.22%,80750,198981
B6H19,2019-02-04,1.3113,1.3132,1.3057,1.3072,-0.004,-0.31%,70364,201122
B6H19,2019-02-05,1.3063,1.3083,1.2952,1.2983,-0.0089,-0.68%,84664,196616
B6H19,2019-02-06,1.2982,1.3006,1.2951,1.2964,-0.0019,-0.15%,67760,197020
B6H19,2019-02-07,1.2956,1.3021,1.2877,1.2979,0.0015,+0.12%,112824,196320
B6H19,2019-02-08,1.2972,1.3,1.2944,1.2956,-0.0023,-0.18%,64201,193921
B6H19,2019-02-11,1.2955,1.2962,1.2867,1.2883,-0.0073,-0.56%,100633,192376
B6H19,2019-02-12,1.288,1.2931,1.2855,1.292,0.0037,+0.29%,86252,194998
B6H19,2019-02-13,1.2912,1.2981,1.2865,1.2872,-0.0048,-0.37%,122454,194033
B6H19,2019-02-14,1.2867,1.2896,1.2791,1.2819,-0.0053,-0.41%,105846,197795
B6H19,2019-02-15,1.2815,1.2916,1.2803,1.2905,0.0086,+0.67%,112884,195381
B6H19,2019-02-19,1.2921,1.3091,1.2909,1.3084,0.0179,+1.39%,196341,201904
B6H19,2019-02-20,1.3081,1.3127,1.3029,1.3078,-0.0006,-0.05%,149864,197448
B6H19,2019-02-21,1.3064,1.3111,1.3041,1.3054,-0.0024,-0.18%,122303,194637
B6H19,2019-02-22,1.3048,1.3095,1.2983,1.3076,0.0022,+0.17%,95366,195345
B6H19,2019-02-25,1.3071,1.3129,1.3064,1.3116,0.004,+0.31%,97333,194160
B6H19,2019-02-26,1.3133,1.3302,1.313,1.3287,0.0171,+1.30%,205061,202065
B6H19,2019-02-27,1.3272,1.3364,1.3246,1.3322,0.0035,+0.26%,141186,206610
B6H19,2019-02-28,1.3321,1.3331,1.3264,1.3278,-0.0044,-0.33%,137122,202184
B6H19,2019-03-01,1.327,1.3297,1.3182,1.3201,-0.0077,-0.58%,125928,199061
B6H19,2019-03-04,1.3243,1.3264,1.3176,1.318,-0.0021,-0.16%,84063,195979
B6H19,2019-03-05,1.3185,1.3207,1.3105,1.3178,-0.0002,-0.02%,145856,193497
B6H19,2019-03-06,1.3155,1.319,1.3132,1.318,0.0002,+0.02%,97119,192572
B6H19,2019-03-07,1.318,1.3191,1.3074,1.3081,-0.0099,-0.75%,126457,192050
B6H19,2019-03-08,1.3088,1.3113,1.2995,1.3019,-0.0062,-0.47%,192862,190620
B6H19,2019-03-11,1.2992,1.3175,1.2965,1.3156,0.0137,+1.05%,278449,191426
B6H19,2019-03-12,1.3197,1.3296,1.3009,1.3085,-0.0071,-0.54%,354609,191938
B6H19,2019-03-13,1.3076,1.3385,1.3065,1.3223,0.0138,+1.05%,255395,198032
B6H19,2019-03-14,1.332,1.3333,1.3208,1.3237,0.0014,+0.11%,249881,195945
B6M19,2019-03-15,1.3323,1.3361,1.3263,1.3344,0.0107,+0.81%,117009,192806
B6M19,2019-03-18,1.3359,1.336,1.3243,1.3313,-0.0031,-0.23%,110620,139812
B6M19,2019-03-19,1.3308,1.3371,1.33,1.3328,0.0015,+0.11%,87541,140283
B6M19,2019-03-20,1.3326,1.3331,1.3203,1.3304,-0.0024,-0.18%,139215,142242
B6M19,2019-03-21,1.3251,1.3284,1.306,1.313,-0.0174,-1.31%,178269,146569
B6M19,2019-03-22,1.3173,1.3279,1.3137,1.3263,0.0133,+1.01%,131250,146827
B6M19,2019-03-25,1.3271,1.3303,1.3215,1.3237,-0.0026,-0.20%,109928,144846
B6M19,2019-03-26,1.3249,1.3317,1.3213,1.3275,0.0038,+0.29%,106422,142957
B6M19,2019-03-27,1.3262,1.3323,1.322,1.3318,0.0043,+0.32%,147711,143396
B6M19,2019-03-28,1.3206,1.3249,1.3085,1.3109,-0.0209,-1.57%,138530,148739
B6M19,2019-03-29,1.3101,1.3187,1.3027,1.3056,-0.0053,-0.40%,189869,148969
B6M19,2019-04-01,1.3085,1.32,1.3059,1.3177,0.0121,+0.93%,113886,146930
B6M19,2019-04-02,1.3107,1.32,1.3063,1.3163,-0.0014,-0.11%,133417,147431
B6M19,2019-04-03,1.3182,1.3245,1.3169,1.3206,0.0043,+0.33%,115692,146129
B6M19,2019-04-04,1.3209,1.3238,1.3106,1.3109,-0.0097,-0.73%,84891,144889
B6M19,2019-04-05,1.312,1.3168,1.3033,1.3075,-0.0034,-0.26%,96286,145030
B6M19,2019-04-08,1.3073,1.3121,1.3073,1.3112,0.0037,+0.28%,69349,141781
B6M19,2019-04-09,1.3111,1.3167,1.3076,1.3087,-0.0025,-0.19%,110582,142525
B6M19,2019-04-10,1.3097,1.3165,1.3093,1.3128,0.0041,+0.31%,75360,141864
B6M19,2019-04-11,1.3127,1.3151,1.3091,1.3099,-0.0029,-0.22%,80857,144587
B6M19,2019-04-12,1.3096,1.3175,1.3092,1.3119,0.002,+0.15%,88670,147629
B6M19,2019-04-15,1.3119,1.3162,1.3117,1.3139,0.002,+0.15%,59171,150635
B6M19,2019-04-16,1.3139,1.3143,1.3083,1.3093,-0.0046,-0.35%,91932,148202
B6M19,2019-04-17,1.3085,1.3105,1.3066,1.3076,-0.0017,-0.13%,80924,150609
B6M19,2019-04-18,1.3073,1.3089,1.3016,1.3017,-0.0059,-0.45%,89426,151038
B6M19,2019-04-22,1.3022,1.3035,1.3012,1.3019,0.0002,+0.02%,28409,151528
B6M19,2019-04-23,1.3015,1.3056,1.2965,1.2976,-0.0043,-0.33%,102283,157851
B6M19,2019-04-24,1.2966,1.3,1.2923,1.2941,-0.0035,-0.27%,98342,157887
B6M19,2019-04-25,1.2934,1.295,1.2899,1.2926,-0.0015,-0.12%,93859,161820
B6M19,2019-04-26,1.2926,1.2978,1.2909,1.2959,0.0033,+0.26%,96014,164514
B6M19,2019-04-29,1.2952,1.2981,1.2938,1.2968,0.0009,+0.07%,63501,165241
B6M19,2019-04-30,1.2964,1.3082,1.2959,1.3069,0.0101,+0.78%,138676,161764
B6M19,2019-05-01,1.3073,1.3136,1.3062,1.3079,0.001,+0.08%,84066,159323
B6M19,2019-05-02,1.3082,1.3113,1.3047,1.3056,-0.0023,-0.18%,101669,156843
B6M19,2019-05-03,1.3062,1.3208,1.3015,1.3193,0.0137,+1.05%,137748,161731
B6M19,2019-05-06,1.3193,1.32,1.311,1.3128,-0.0065,-0.49%,73102,156518
B6M19,2019-05-07,1.3128,1.316,1.3066,1.3091,-0.0037,-0.28%,107290,154991
B6M19,2019-05-08,1.3101,1.3106,1.3013,1.303,-0.0061,-0.47%,106086,155024
B6M19,2019-05-09,1.3033,1.306,1.2992,1.3048,0.0018,+0.14%,94694,154574
B6M19,2019-05-10,1.3035,1.3071,1.3014,1.3032,-0.0016,-0.12%,82566,153763
B6M19,2019-05-13,1.3028,1.3064,1.2964,1.2988,-0.0044,-0.34%,82768,154360
B6M19,2019-05-14,1.2982,1.2993,1.2924,1.2927,-0.0061,-0.47%,85256,156893
B6M19,2019-05-15,1.2931,1.2944,1.2847,1.2864,-0.0063,-0.49%,100292,164694
B6M19,2019-05-16,1.2864,1.2944,1.2807,1.2811,-0.0053,-0.41%,79362,171188
B6M19,2019-05-17,1.2813,1.2816,1.2733,1.2744,-0.0067,-0.52%,97409,178530
B6M19,2019-05-20,1.2751,1.2775,1.2733,1.2744,0,0.00%,82078,185530
B6M19,2019-05-21,1.2742,1.2832,1.2702,1.2721,-0.0023,-0.18%,189606,190191
B6M19,2019-05-22,1.2723,1.2736,1.264,1.2685,-0.0036,-0.28%,146360,197251
B6M19,2019-05-23,1.2674,1.2698,1.2618,1.2669,-0.0016,-0.13%,117196,204399
B6M19,2019-05-24,1.2674,1.2747,1.2661,1.2727,0.0058,+0.46%,127936,207195
B6M19,2019-05-28,1.2733,1.2761,1.2662,1.2668,-0.0059,-0.46%,118897,213930
B6M19,2019-05-29,1.2666,1.2683,1.2623,1.2635,-0.0033,-0.26%,110178,218063
B6M19,2019-05-30,1.2638,1.265,1.259,1.2619,-0.0016,-0.13%,84042,226668
B6M19,2019-05-31,1.2613,1.2654,1.2568,1.2643,0.0024,+0.19%,132143,226240
B6M19,2019-06-03,1.2639,1.2683,1.2618,1.2676,0.0033,+0.26%,145991,225285
B6M19,2019-06-04,1.2672,1.2723,1.2649,1.2713,0.0037,+0.29%,125682,220728
B6M19,2019-06-05,1.2707,1.2751,1.2687,1.27,-0.0013,-0.10%,114642,219078
B6M19,2019-06-06,1.2696,1.2748,1.2674,1.2695,-0.0005,-0.04%,103920,216349
B6M19,2019-06-07,1.2699,1.2768,1.2694,1.2745,0.005,+0.39%,125393,217575
B6M19,2019-06-10,1.2737,1.2741,1.2657,1.2694,-0.0051,-0.40%,193180,221770
B6M19,2019-06-11,1.269,1.2736,1.2674,1.2725,0.0031,+0.24%,160357,221181
B6M19,2019-06-12,1.2728,1.2763,1.2685,1.2691,-0.0034,-0.27%,241276,223385
B6U19,2019-06-13,1.2744,1.276,1.2714,1.2735,0.0044,+0.35%,240630,234972
B6U19,2019-06-14,1.2729,1.2735,1.2632,1.2636,-0.0099,-0.78%,111251,241535
B6U19,2019-06-17,1.2646,1.2658,1.2583,1.2591,-0.0045,-0.36%,66139,210349
B6U19,2019-06-18,1.2586,1.2616,1.2556,1.2611,0.002,+0.16%,89399,210421
B6U19,2019-06-19,1.2608,1.2725,1.2594,1.2719,0.0108,+0.86%,105494,207522
B6U19,2019-06-20,1.2696,1.2776,1.2693,1.2748,0.0029,+0.23%,105100,207022
B6U19,2019-06-21,1.2752,1.2795,1.2689,1.2785,0.0037,+0.29%,86052,209021
B6U19,2019-06-24,1.2787,1.2814,1.2756,1.2789,0.0004,+0.03%,66630,209010
B6U19,2019-06-25,1.2785,1.283,1.2719,1.2741,-0.0048,-0.38%,92832,207543
B6U19,2019-06-26,1.2738,1.2755,1.2709,1.2735,-0.0006,-0.05%,67741,209359
B6U19,2019-06-27,1.2737,1.2769,1.2705,1.2706,-0.0029,-0.23%,68946,211911
B6U19,2019-06-28,1.2713,1.2778,1.2708,1.2749,0.0043,+0.34%,86426,213684
B6U19,2019-07-01,1.2747,1.275,1.2676,1.268,-0.0069,-0.54%,93279,222752
B6U19,2019-07-02,1.2686,1.269,1.2627,1.2646,-0.0034,-0.27%,92214,224591
B6U19,2019-07-03,1.2638,1.2644,1.2598,1.2618,-0.0028,-0.22%,72557,231076
B6U19,2019-07-05,1.2617,1.2632,1.2523,1.2566,-0.0052,-0.41%,119565,241153
B6U19,2019-07-08,1.2572,1.2581,1.2542,1.2555,-0.0011,-0.09%,61277,242229
B6U19,2019-07-09,1.2555,1.256,1.248,1.2507,-0.0048,-0.38%,81213,247048
B6U19,2019-07-10,1.2502,1.2561,1.2484,1.2544,0.0037,+0.30%,93035,248026
B6U19,2019-07-11,1.2546,1.2609,1.2542,1.2564,0.002,+0.16%,86188,245249
B6U19,2019-07-12,1.2563,1.2617,1.2558,1.2608,0.0044,+0.35%,58191,245082
B6U19,2019-07-15,1.2611,1.2615,1.2546,1.2557,-0.0051,-0.40%,48208,243038
B6U19,2019-07-16,1.2554,1.2557,1.2432,1.2443,-0.0114,-0.91%,103808,253464
B6U19,2019-07-17,1.2441,1.2492,1.2417,1.2473,0.003,+0.24%,84144,257967
B6U19,2019-07-18,1.2471,1.2592,1.2462,1.2576,0.0103,+0.83%,130951,252163
B6U19,2019-07-19,1.258,1.2589,1.2509,1.2532,-0.0044,-0.35%,90674,247293
B6U19,2019-07-22,1.2538,1.2547,1.2488,1.2515,-0.0017,-0.14%,67040,246028
B6U19,2019-07-23,1.2506,1.2514,1.2448,1.2473,-0.0042,-0.34%,91527,248063
B6U19,2019-07-24,1.247,1.2553,1.2456,1.251,0.0037,+0.30%,78410,248612
B6U19,2019-07-25,1.2514,1.2548,1.2466,1.2481,-0.0029,-0.23%,98406,252663
B6U19,2019-07-26,1.248,1.2489,1.2405,1.2414,-0.0067,-0.54%,78394,259771
B6U19,2019-07-29,1.2411,1.2412,1.224,1.2252,-0.0162,-1.30%,136263,272694
B6U19,2019-07-30,1.2248,1.2254,1.2147,1.219,-0.0062,-0.51%,147465,275984
B6U19,2019-07-31,1.2178,1.2277,1.2161,1.2188,-0.0002,-0.02%,169026,289893
B6U19,2019-08-01,1.2178,1.2197,1.2104,1.2174,-0.0014,-0.11%,152730,291254
B6U19,2019-08-02,1.2145,1.2194,1.2115,1.2183,0.0009,+0.07%,94696,295614
B6U19,2019-08-05,1.2176,1.2212,1.2126,1.2167,-0.0016,-0.13%,123016,288317
B6U19,2019-08-06,1.2163,1.2232,1.2158,1.2174,0.0007,+0.06%,119110,296904
B6U19,2019-08-07,1.2188,1.2213,1.2142,1.2166,-0.0008,-0.07%,107800,291704
B6U19,2019-08-08,1.2162,1.2202,1.2115,1.2153,-0.0013,-0.11%,93258,288418
B6U19,2019-08-09,1.2159,1.2167,1.2044,1.2073,-0.008,-0.66%,101553,278697
B6U19,2019-08-12,1.206,1.2126,1.2033,1.2097,0.0024,+0.20%,87792,272764
B6U19,2019-08-13,1.2099,1.2116,1.206,1.2073,-0.0024,-0.20%,88584,273931
B6U19,2019-08-14,1.2076,1.2119,1.2062,1.2077,0.0004,+0.03%,83249,271088
B6U19,2019-08-15,1.2076,1.2168,1.2067,1.2126,0.0049,+0.41%,112099,276248
B6U19,2019-08-16,1.2094,1.2191,1.2094,1.2169,0.0043,+0.35%,88496,274218
B6U19,2019-08-19,1.216,1.2189,1.2119,1.2148,-0.0021,-0.17%,66919,273838
B6U19,2019-08-20,1.2139,1.2196,1.2078,1.218,0.0032,+0.26%,121783,273481
B6U19,2019-08-21,1.2179,1.2189,1.2126,1.2137,-0.0043,-0.35%,81287,273073
B6U19,2019-08-22,1.2147,1.2285,1.212,1.2269,0.0132,+1.09%,158025,275522
B6U19,2019-08-23,1.2267,1.2307,1.2206,1.2298,0.0029,+0.24%,129076,272266
B6U19,2019-08-26,1.2283,1.2298,1.2219,1.2229,-0.0069,-0.56%,70684,274628
B6U19,2019-08-27,1.2232,1.232,1.2219,1.2305,0.0076,+0.62%,112496,273650
B6U19,2019-08-28,1.2301,1.2301,1.2165,1.2229,-0.0076,-0.62%,145702,271140
B6U19,2019-08-29,1.2226,1.224,1.218,1.2185,-0.0044,-0.36%,96657,267367
B6U19,2019-08-30,1.2189,1.2236,1.2148,1.2161,-0.0024,-0.20%,106321,266660
B6U19,2019-09-03,1.2152,1.2182,1.1965,1.209,-0.0071,-0.58%,248567,272396
B6U19,2019-09-04,1.2089,1.2268,1.2089,1.222,0.013,+1.08%,159954,272690
B6U19,2019-09-05,1.2262,1.2359,1.2216,1.2326,0.0106,+0.87%,170208,273717
B6U19,2019-09-06,1.2338,1.2348,1.2284,1.2298,-0.0028,-0.23%,143587,277010
B6U19,2019-09-09,1.2284,1.2391,1.2237,1.2349,0.0051,+0.41%,236435,272142
B6U19,2019-09-10,1.2353,1.2383,1.231,1.2358,0.0009,+0.07%,214799,283161
B6U19,2019-09-11,1.2361,1.2374,1.2315,1.2328,-0.003,-0.24%,314846,299923
B6Z19,2019-09-12,1.2367,1.2411,1.2327,1.239,0.0062,+0.50%,308379,301639
B6Z19,2019-09-13,1.2382,1.2549,1.237,1.252,0.013,+1.05%,168846,296355
B6Z19,2019-09-16,1.2543,1.2544,1.2443,1.2468,-0.0052,-0.42%,103293,232679
B6Z19,2019-09-17,1.2467,1.257,1.2437,1.2546,0.0078,+0.63%,99626,230609
B6Z19,2019-09-18,1.2545,1.2554,1.2481,1.2506,-0.004,-0.32%,98531,232507
B6Z19,2019-09-19,1.2514,1.2602,1.2478,1.2577,0.0071,+0.57%,118107,233976
B6Z19,2019-09-20,1.2572,1.2624,1.2499,1.2514,-0.0063,-0.50%,130768,233843
B6Z19,2019-09-23,1.2508,1.2528,1.2451,1.2474,-0.004,-0.32%,92582,234734
B6Z19,2019-09-24,1.247,1.2543,1.2453,1.2535,0.0061,+0.49%,126491,236081
B6Z19,2019-09-25,1.2534,1.2534,1.2387,1.239,-0.0145,-1.16%,129861,236483
B6Z19,2019-09-26,1.2396,1.2419,1.2341,1.2365,-0.0025,-0.20%,105000,236334
B6Z19,2019-09-27,1.2362,1.2372,1.2306,1.2325,-0.004,-0.32%,100377,237140
B6Z19,2019-09-30,1.2331,1.2382,1.231,1.2332,0.0007,+0.06%,101699,239429
B6Z19,2019-10-01,1.2329,1.2375,1.2241,1.2335,0.0003,+0.02%,175556,238392
B6Z19,2019-10-02,1.2322,1.2359,1.226,1.2339,0.0004,+0.03%,128153,239306
B6Z19,2019-10-03,1.233,1.2445,1.2298,1.2383,0.0044,+0.36%,159996,246117
B6Z19,2019-10-04,1.2372,1.2387,1.2307,1.2363,-0.002,-0.16%,102865,242922
B6Z19,2019-10-07,1.235,1.2367,1.2315,1.2329,-0.0034,-0.28%,60073,243836
B6Z19,2019-10-08,1.2318,1.2331,1.2224,1.2246,-0.0083,-0.67%,107963,246896
B6Z19,2019-10-09,1.2246,1.2321,1.2226,1.2238,-0.0008,-0.07%,94338,245757
B6Z19,2019-10-10,1.2237,1.2497,1.2235,1.2472,0.0234,+1.91%,206399,244355
B6Z19,2019-10-11,1.2471,1.2735,1.2435,1.2687,0.0215,+1.72%,273199,240284
B6Z19,2019-10-14,1.267,1.2677,1.2542,1.2602,-0.0085,-0.67%,132746,238179
B6Z19,2019-10-15,1.2655,1.2832,1.262,1.2808,0.0206,+1.63%,290947,243309
B6Z19,2019-10-16,1.2788,1.2904,1.2682,1.2865,0.0057,+0.45%,299232,244369
B6Z19,2019-10-17,1.2845,1.3015,1.2773,1.2901,0.0036,+0.28%,258942,243678
B6Z19,2019-10-18,1.2916,1.302,1.2862,1.297,0.0069,+0.53%,136021,240275
B6Z19,2019-10-21,1.2942,1.3037,1.2897,1.2993,0.0023,+0.18%,136345,234077
B6Z19,2019-10-22,1.2985,1.3024,1.2886,1.2906,-0.0087,-0.67%,176201,230224
B6Z19,2019-10-23,1.2895,1.2945,1.2864,1.2929,0.0023,+0.18%,105016,234725
B6Z19,2019-10-24,1.2935,1.297,1.281,1.2887,-0.0042,-0.32%,112689,235020
B6Z19,2019-10-25,1.2866,1.2884,1.2825,1.285,-0.0037,-0.29%,79294,223964
B6Z19,2019-10-28,1.2845,1.2897,1.2832,1.2876,0.0026,+0.20%,73856,218137
B6Z19,2019-10-29,1.288,1.2924,1.2826,1.2879,0.0003,+0.02%,97726,214406
B6Z19,2019-10-30,1.2881,1.2926,1.2863,1.2908,0.0029,+0.23%,88882,209006
B6Z19,2019-10-31,1.2918,1.2994,1.2917,1.2957,0.0049,+0.38%,110259,207549
B6Z19,2019-11-01,1.2949,1.299,1.2943,1.2952,-0.0005,-0.04%,81495,206788
B6Z19,2019-11-04,1.2954,1.296,1.2892,1.2896,-0.0056,-0.43%,66117,206981
B6Z19,2019-11-05,1.2899,1.2933,1.2875,1.2899,0.0003,+0.02%,74590,206317
B6Z19,2019-11-06,1.2897,1.2913,1.2859,1.2868,-0.0031,-0.24%,60327,205331
B6Z19,2019-11-07,1.287,1.2892,1.2804,1.2835,-0.0033,-0.26%,102105,205031
B6Z19,2019-11-08,1.2827,1.2836,1.2782,1.2797,-0.0038,-0.30%,66457,203252
B6Z19,2019-11-11,1.28,1.2912,1.2798,1.2867,0.007,+0.55%,90996,207393
B6Z19,2019-11-12,1.2869,1.2887,1.2827,1.287,0.0003,+0.02%,84395,209312
B6Z19,2019-11-13,1.2862,1.2871,1.2833,1.2851,-0.0019,-0.15%,70758,209637
B6Z19,2019-11-14,1.2863,1.29,1.2836,1.2887,0.0036,+0.28%,74888,213027
B6Z19,2019-11-15,1.2891,1.293,1.2878,1.2914,0.0027,+0.21%,81173,216220
B6Z19,2019-11-18,1.2925,1.2997,1.2919,1.2965,0.0051,+0.39%,88895,218500
B6Z19,2019-11-19,1.296,1.298,1.292,1.2921,-0.0044,-0.34%,79106,218042
B6Z19,2019-11-20,1.2937,1.294,1.2897,1.2931,0.001,+0.08%,80588,220046
B6Z19,2019-11-21,1.2935,1.2979,1.2901,1.2911,-0.002,-0.15%,92103,222450
B6Z19,2019-11-22,1.2918,1.2937,1.283,1.2839,-0.0072,-0.56%,115074,222065
B6Z19,2019-11-25,1.2856,1.292,1.2849,1.2912,0.0073,+0.57%,94534,225687
B6Z19,2019-11-26,1.2906,1.2911,1.2841,1.2877,-0.0035,-0.27%,91637,223181
B6Z19,2019-11-27,1.287,1.2932,1.2833,1.2922,0.0045,+0.35%,107566,224885
B6Z19,2019-11-29,1.295,1.2957,1.2884,1.2937,0.0015,+0.12%,128224,226931
B6Z19,2019-12-02,1.2919,1.2954,1.2901,1.2949,0.0012,+0.09%,96805,224929
B6Z19,2019-12-03,1.2949,1.3017,1.2935,1.2997,0.0048,+0.37%,123089,236714
B6Z19,2019-12-04,1.3002,1.3126,1.2987,1.3103,0.0106,+0.82%,189959,244928
B6Z19,2019-12-05,1.311,1.317,1.3108,1.3165,0.0062,+0.47%,123982,251730
B6Z19,2019-12-06,1.3164,1.317,1.3104,1.3141,-0.0024,-0.18%,157457,249399
B6Z19,2019-12-09,1.3136,1.3184,1.3135,1.3151,0.001,+0.08%,172265,245760
B6Z19,2019-12-10,1.3148,1.3218,1.3135,1.3207,0.0056,+0.43%,207696,256553
B6Z19,2019-12-11,1.3127,1.3216,1.3114,1.3208,0.0001,+0.01%,380456,269472
B6Z19,2019-12-12,1.3199,1.3231,1.3051,1.3139,-0.0069,-0.52%,364885,274700
B6H20,2019-12-13,1.3484,1.3548,1.3345,1.3378,0.0239,+1.82%,315828,276240
B6H20,2019-12-16,1.3386,1.3461,1.336,1.3389,0.0011,+0.08%,119406,195727
B6H20,2019-12-17,1.333,1.334,1.3138,1.3158,-0.0231,-1.73%,203623,201586
B6H20,2019-12-18,1.3172,1.3173,1.3098,1.3124,-0.0034,-0.26%,118207,203444
B6H20,2019-12-19,1.3119,1.3171,1.3026,1.305,-0.0074,-0.56%,141901,206867
B6H20,2019-12-20,1.3045,1.3116,1.3015,1.3052,0.0002,+0.02%,90670,207306
B6H20,2019-12-23,1.3029,1.3068,1.294,1.2975,-0.0077,-0.59%,88027,207172
B6H20,2019-12-24,1.2977,1.3008,1.2958,1.3003,0.0028,+0.22%,36161,206283
B6H20,2019-12-26,1.3008,1.3053,1.2996,1.3042,0.0039,+0.30%,35578,207193
B6H20,2019-12-27,1.3041,1.3149,1.3003,1.3125,0.0083,+0.64%,91976,210129
B6H20,2019-12-30,1.3114,1.3179,1.3103,1.3143,0.0018,+0.14%,91717,213129
B6H20,2019-12-31,1.3146,1.3312,1.3132,1.3292,0.0149,+1.13%,91865,206784
B6H20,2020-01-02,1.3273,1.3293,1.3142,1.3156,-0.0136,-1.02%,104945,203121
B6H20,2020-01-03,1.3169,1.3185,1.3079,1.3104,-0.0052,-0.40%,84477,203314
B6H20,2020-01-06,1.3089,1.3201,1.3088,1.3188,0.0084,+0.64%,74429,203353
B6H20,2020-01-07,1.3198,1.3238,1.312,1.3146,-0.0042,-0.32%,90456,197490
B6H20,2020-01-08,1.3142,1.3194,1.3105,1.3125,-0.0021,-0.16%,93805,201785
B6H20,2020-01-09,1.3121,1.3147,1.3037,1.3081,-0.0044,-0.34%,97079,200270
B6H20,2020-01-10,1.309,1.3121,1.3066,1.3085,0.0004,+0.03%,82200,199651
B6H20,2020-01-13,1.3057,1.3069,1.2985,1.3025,-0.006,-0.46%,94837,196225
B6H20,2020-01-14,1.3013,1.3057,1.2978,1.3051,0.0026,+0.20%,79668,196536
B6H20,2020-01-15,1.3045,1.3066,1.3007,1.305,-0.0001,-0.01%,76058,197544
B6H20,2020-01-16,1.3071,1.3106,1.3049,1.309,0.004,+0.31%,72543,197409
B6H20,2020-01-17,1.3097,1.3141,1.3026,1.304,-0.005,-0.38%,85551,197705
B6H20,2020-01-21,1.3024,1.3105,1.2984,1.3072,0.0032,+0.25%,127015,194625
B6H20,2020-01-22,1.3065,1.3175,1.3056,1.3156,0.0084,+0.64%,115967,198017
B6H20,2020-01-23,1.3158,1.3171,1.3116,1.3138,-0.0018,-0.14%,76445,198375
B6H20,2020-01-24,1.3142,1.3198,1.3076,1.31,-0.0038,-0.29%,114789,197728
B6H20,2020-01-27,1.3097,1.3126,1.3059,1.3068,-0.0032,-0.24%,77214,201318
B6H20,2020-01-28,1.3075,1.3085,1.2994,1.3025,-0.0043,-0.33%,89465,203169
B6H20,2020-01-29,1.3046,1.3046,1.3007,1.3042,0.0017,+0.13%,64270,199930
B6H20,2020-01-30,1.3032,1.3125,1.2995,1.3098,0.0056,+0.43%,158948,206388
B6H20,2020-01-31,1.3105,1.3225,1.31,1.3217,0.0119,+0.91%,119316,210070
B6H20,2020-02-03,1.3195,1.32,1.2998,1.3013,-0.0204,-1.54%,163602,212083
B6H20,2020-02-04,1.3011,1.3062,1.2955,1.3052,0.0039,+0.30%,113632,208165
B6H20,2020-02-05,1.3042,1.3085,1.297,1.3002,-0.005,-0.38%,125477,207108
B6H20,2020-02-06,1.3013,1.3013,1.2932,1.2936,-0.0066,-0.51%,91258,208117
B6H20,2020-02-07,1.2939,1.2972,1.2894,1.2899,-0.0037,-0.29%,96893,210620
B6H20,2020-02-10,1.29,1.2958,1.2885,1.2928,0.0029,+0.22%,96466,210821
B6H20,2020-02-11,1.2926,1.298,1.2905,1.2975,0.0047,+0.36%,93667,212228
B6H20,2020-02-12,1.2965,1.3003,1.2964,1.297,-0.0005,-0.04%,91429,213697
B6H20,2020-02-13,1.2966,1.308,1.2954,1.3064,0.0094,+0.72%,156250,221642
B6H20,2020-02-14,1.3053,1.3074,1.3011,1.3043,-0.0021,-0.16%,91510,215835
B6H20,2020-02-18,1.3052,1.3065,1.298,1.301,-0.0033,-0.25%,144162,216933
B6H20,2020-02-19,1.3009,1.3033,1.2916,1.2929,-0.0081,-0.62%,116446,216307
B6H20,2020-02-20,1.2929,1.2937,1.2857,1.2889,-0.004,-0.31%,111011,216416
B6H20,2020-02-21,1.2885,1.2989,1.2885,1.2981,0.0092,+0.71%,118493,213594
B6H20,2020-02-24,1.2958,1.2962,1.2894,1.2921,-0.006,-0.46%,100912,213085
B6H20,2020-02-25,1.2935,1.3025,1.2922,1.3007,0.0086,+0.67%,113769,211321
B6H20,2020-02-26,1.3009,1.3015,1.2903,1.2917,-0.009,-0.69%,119767,211405
B6H20,2020-02-27,1.291,1.2953,1.2865,1.2898,-0.0019,-0.15%,132585,215900
B6H20,2020-02-28,1.2895,1.2926,1.2732,1.2798,-0.01,-0.78%,190651,221360
B6H20,2020-03-02,1.2797,1.2856,1.2745,1.2781,-0.0017,-0.13%,196485,217504
B6H20,2020-03-03,1.2766,1.2847,1.2761,1.2815,0.0034,+0.27%,169540,214672
B6H20,2020-03-04,1.2819,1.2876,1.2774,1.287,0.0055,+0.43%,156446,213141
B6H20,2020-03-05,1.2874,1.297,1.2864,1.2948,0.0078,+0.61%,143852,215365
B6H20,2020-03-06,1.2961,1.3055,1.2951,1.3018,0.007,+0.54%,184738,203841
B6H20,2020-03-09,1.308,1.3203,1.3036,1.3114,0.0096,+0.74%,248629,206652
B6H20,2020-03-10,1.3117,1.3118,1.2884,1.2916,-0.0198,-1.51%,216311,214185
B6H20,2020-03-11,1.2894,1.2979,1.2806,1.2842,-0.0074,-0.57%,277509,225262
B6H20,2020-03-12,1.2823,1.2849,1.249,1.2582,-0.026,-2.02%,326420,227372
B6M20,2020-03-13,1.2588,1.2644,1.2277,1.233,-0.0252,-2.00%,217623,234899
B6M20,2020-03-16,1.2422,1.245,1.2225,1.2259,-0.0071,-0.58%,149218,178349
B6M20,2020-03-17,1.2291,1.2301,1.2026,1.2122,-0.0137,-1.12%,122218,182109
B6M20,2020-03-18,1.2087,1.2153,1.1475,1.1604,-0.0518,-4.27%,163868,181431
B6M20,2020-03-19,1.1617,1.1823,1.1497,1.1562,-0.0042,-0.36%,170338,178405
B6M20,2020-03-20,1.15,1.1952,1.1438,1.1587,0.0025,+0.22%,146339,180747
B6M20,2020-03-23,1.1684,1.1732,1.1466,1.1542,-0.0045,-0.39%,93521,179308
B6M20,2020-03-24,1.1573,1.1821,1.1495,1.177,0.0228,+1.98%,89439,179552
B6M20,2020-03-25,1.1784,1.1991,1.1656,1.1891,0.0121,+1.03%,107463,179141
B6M20,2020-03-26,1.19,1.2248,1.1794,1.2168,0.0277,+2.33%,100610,174040
B6M20,2020-03-27,1.218,1.2506,1.215,1.25,0.0332,+2.73%,113972,171563
B6M20,2020-03-30,1.2467,1.2497,1.2336,1.2404,-0.0096,-0.77%,79197,166841
B6M20,2020-03-31,1.2397,1.2492,1.226,1.2456,0.0052,+0.42%,101744,165226
B6M20,2020-04-01,1.2439,1.2454,1.2345,1.2384,-0.0072,-0.58%,64833,165034
B6M20,2020-04-02,1.2396,1.2485,1.2356,1.2404,0.002,+0.16%,65339,165608
B6M20,2020-04-03,1.2408,1.2412,1.2213,1.2282,-0.0122,-0.98%,71979,156370
B6M20,2020-04-06,1.2233,1.2336,1.2219,1.2311,0.0029,+0.24%,66134,153391
B6M20,2020-04-07,1.2237,1.2395,1.2174,1.2348,0.0037,+0.30%,76818,150318
B6M20,2020-04-08,1.2346,1.2429,1.2297,1.24,0.0052,+0.42%,50539,150149
B6M20,2020-04-09,1.2399,1.2491,1.2367,1.2455,0.0055,+0.44%,62637,151190
B6M20,2020-04-13,1.2462,1.2545,1.2461,1.2537,0.0082,+0.66%,33364,151900
B6M20,2020-04-14,1.2524,1.2653,1.2511,1.2633,0.0096,+0.77%,64794,153088
B6M20,2020-04-15,1.2633,1.2636,1.2441,1.2556,-0.0077,-0.61%,71179,155857
B6M20,2020-04-16,1.2532,1.2535,1.2414,1.2462,-0.0094,-0.75%,57893,156100
B6M20,2020-04-17,1.2494,1.2528,1.2411,1.2493,0.0031,+0.25%,59825,156128
B6M20,2020-04-20,1.2506,1.2509,1.2421,1.2448,-0.0045,-0.36%,46709,155870
B6M20,2020-04-21,1.2442,1.2448,1.2252,1.2284,-0.0164,-1.32%,82515,158788
B6M20,2020-04-22,1.2306,1.2391,1.2279,1.2322,0.0038,+0.31%,63876,160886
B6M20,2020-04-23,1.2337,1.2419,1.2311,1.2358,0.0036,+0.29%,72089,163652
B6M20,2020-04-24,1.235,1.238,1.2299,1.2355,-0.0003,-0.02%,47906,162398
B6M20,2020-04-27,1.2369,1.2459,1.2363,1.2425,0.007,+0.57%,46298,161395
B6M20,2020-04-28,1.2431,1.2523,1.2407,1.2436,0.0011,+0.09%,59690,162868
B6M20,2020-04-29,1.2427,1.2488,1.2391,1.2454,0.0018,+0.14%,50586,160674
B6M20,2020-04-30,1.2477,1.2647,1.2432,1.2602,0.0148,+1.19%,113962,159893
B6M20,2020-05-01,1.26,1.2602,1.2484,1.2488,-0.0114,-0.90%,56437,158642
B6M20,2020-05-04,1.2486,1.2489,1.2407,1.2442,-0.0046,-0.37%,61992,160674
B6M20,2020-05-05,1.2443,1.2486,1.2422,1.2455,0.0013,+0.10%,65525,161083
B6M20,2020-05-06,1.2443,1.2453,1.2336,1.2347,-0.0108,-0.87%,62498,165974
B6M20,2020-05-07,1.2343,1.2421,1.2267,1.2359,0.0012,+0.10%,94681,165474
B6M20,2020-05-08,1.2363,1.247,1.2359,1.2412,0.0053,+0.43%,49438,161839
B6M20,2020-05-11,1.2407,1.2439,1.2283,1.2332,-0.008,-0.64%,73773,165562
B6M20,2020-05-12,1.2337,1.2379,1.2256,1.2282,-0.005,-0.41%,76154,166568
B6M20,2020-05-13,1.227,1.2342,1.2211,1.2221,-0.0061,-0.50%,94474,173139
B6M20,2020-05-14,1.2234,1.2243,1.2166,1.2196,-0.0025,-0.20%,77264,175437
B6M20,2020-05-15,1.2232,1.2241,1.2101,1.2118,-0.0078,-0.64%,88471,177837
B6M20,2020-05-18,1.2085,1.2229,1.2079,1.2193,0.0075,+0.62%,94981,179813
B6M20,2020-05-19,1.22,1.2297,1.2185,1.2282,0.0089,+0.73%,86212,179734
B6M20,2020-05-20,1.2244,1.229,1.2223,1.2231,-0.0051,-0.42%,64984,180104
B6M20,2020-05-21,1.2235,1.225,1.2186,1.2236,0.0005,+0.04%,70615,184424
B6M20,2020-05-22,1.2223,1.2234,1.2161,1.217,-0.0066,-0.54%,67151,187430
B6M20,2020-05-26,1.217,1.2364,1.2165,1.2343,0.0173,+1.42%,130223,188650
B6M20,2020-05-27,1.2337,1.2355,1.2203,1.2256,-0.0087,-0.70%,118184,187998
B6M20,2020-05-28,1.2262,1.2346,1.2234,1.2344,0.0088,+0.72%,82231,189112
B6M20,2020-05-29,1.2326,1.2394,1.229,1.2326,-0.0018,-0.15%,120294,193648
B6M20,2020-06-01,1.2339,1.2508,1.2327,1.2496,0.017,+1.38%,101645,195193
B6M20,2020-06-02,1.2492,1.2577,1.2479,1.2542,0.0046,+0.37%,113821,190138
B6M20,2020-06-03,1.2549,1.2616,1.2547,1.2589,0.0047,+0.37%,98080,189190
B6M20,2020-06-04,1.2574,1.2634,1.2501,1.2614,0.0025,+0.20%,109060,187073
B6M20,2020-06-05,1.2592,1.2732,1.2583,1.2669,0.0055,+0.44%,139083,180022
B6M20,2020-06-08,1.2681,1.2736,1.2628,1.2726,0.0057,+0.45%,128120,182539
B6M20,2020-06-09,1.2722,1.2756,1.2619,1.2741,0.0015,+0.12%,163349,185606
B6M20,2020-06-10,1.273,1.2813,1.2707,1.2769,0.0028,+0.22%,253582,196325
B6U20,2020-06-11,1.2753,1.276,1.2592,1.2601,-0.0168,-1.32%,222334,204030
B6U20,2020-06-12,1.2605,1.266,1.248,1.2496,-0.0105,-0.83%,163592,213107
B6U20,2020-06-15,1.2525,1.2613,1.2461,1.2592,0.0096,+0.77%,101715,166588
B6U20,2020-06-16,1.262,1.2694,1.2558,1.2583,-0.0009,-0.07%,109070,166808
B6U20,2020-06-17,1.2573,1.2595,1.2517,1.2546,-0.0037,-0.29%,77051,169002
B6U20,2020-06-18,1.2559,1.2573,1.2407,1.2426,-0.012,-0.96%,128442,173436
B6U20,2020-06-19,1.2425,1.2462,1.235,1.2361,-0.0065,-0.52%,96054,171748
B6U20,2020-06-22,1.236,1.2483,1.234,1.2478,0.0117,+0.95%,69944,171807
B6U20,2020-06-23,1.2476,1.2538,1.2439,1.2528,0.005,+0.40%,88886,170455
B6U20,2020-06-24,1.2519,1.2548,1.2419,1.2428,-0.01,-0.80%,93850,173652
B6U20,2020-06-25,1.2429,1.247,1.2394,1.2414,-0.0014,-0.11%,78875,180919
B6U20,2020-06-26,1.2421,1.2442,1.232,1.2348,-0.0066,-0.53%,75502,185143
B6U20,2020-06-29,1.2343,1.2394,1.2256,1.229,-0.0058,-0.47%,79560,187399
B6U20,2020-06-30,1.2305,1.2407,1.2263,1.2397,0.0107,+0.87%,100163,186144
B6U20,2020-07-01,1.2405,1.2495,1.2365,1.2476,0.0079,+0.64%,85064,185911
B6U20,2020-07-02,1.2484,1.2536,1.2461,1.2466,-0.001,-0.08%,83362,179867
B6U20,2020-07-06,1.2475,1.2526,1.2442,1.2503,0.0037,+0.30%,93267,178695
B6U20,2020-07-07,1.2493,1.2598,1.2467,1.2559,0.0056,+0.45%,87840,180696
B6U20,2020-07-08,1.2552,1.2628,1.2514,1.2627,0.0068,+0.54%,81103,179914
B6U20,2020-07-09,1.2616,1.2674,1.2604,1.2625,-0.0002,-0.02%,99128,179412
B6U20,2020-07-10,1.2607,1.2669,1.2571,1.2633,0.0008,+0.06%,84136,181175
B6U20,2020-07-13,1.2627,1.2671,1.2555,1.2578,-0.0055,-0.44%,82488,178856
B6U20,2020-07-14,1.2563,1.2569,1.2484,1.2561,-0.0017,-0.14%,86843,179340
B6U20,2020-07-15,1.2563,1.2654,1.2563,1.2586,0.0025,+0.20%,86443,176897
B6U20,2020-07-16,1.2591,1.2628,1.2523,1.2549,-0.0037,-0.29%,79486,174912
B6U20,2020-07-17,1.2559,1.2578,1.2516,1.2573,0.0024,+0.19%,51181,173012
B6U20,2020-07-20,1.2569,1.267,1.2522,1.2669,0.0096,+0.76%,87563,179585
B6U20,2020-07-21,1.2659,1.2773,1.2654,1.2762,0.0093,+0.73%,96059,180337
B6U20,2020-07-22,1.2732,1.2747,1.2647,1.2741,-0.0021,-0.16%,103322,172336
B6U20,2020-07-23,1.2736,1.2764,1.2677,1.2746,0.0005,+0.04%,97450,172806
B6U20,2020-07-24,1.274,1.2807,1.272,1.2794,0.0048,+0.38%,83161,173306
B6U20,2020-07-27,1.2802,1.2906,1.2788,1.2876,0.0082,+0.64%,95456,178623
B6U20,2020-07-28,1.2893,1.2956,1.2843,1.295,0.0074,+0.57%,108570,178912
B6U20,2020-07-29,1.2936,1.3017,1.2916,1.2967,0.0017,+0.13%,111600,176821
B6U20,2020-07-30,1.3004,1.3106,1.2948,1.3091,0.0124,+0.96%,119836,178183
B6U20,2020-07-31,1.3098,1.3174,1.3073,1.3108,0.0017,+0.13%,148721,175736
B6U20,2020-08-03,1.309,1.3117,1.3007,1.3078,-0.003,-0.23%,95858,176805
B6U20,2020-08-04,1.3081,1.3111,1.2984,1.3059,-0.0019,-0.15%,97743,176728
B6U20,2020-08-05,1.3069,1.3164,1.306,1.3119,0.006,+0.46%,95440,178792
B6U20,2020-08-06,1.3122,1.3189,1.3117,1.3153,0.0034,+0.26%,112548,183461
B6U20,2020-08-07,1.315,1.315,1.3012,1.3055,-0.0098,-0.75%,94140,178377
B6U20,2020-08-10,1.306,1.3106,1.3021,1.3071,0.0016,+0.12%,74272,179507
B6U20,2020-08-11,1.3075,1.3134,1.3044,1.3066,-0.0005,-0.04%,94754,179071
B6U20,2020-08-12,1.3059,1.307,1.3008,1.3029,-0.0037,-0.28%,90470,180683
B6U20,2020-08-13,1.3033,1.3127,1.3033,1.3054,0.0025,+0.19%,81021,181557
B6U20,2020-08-14,1.3068,1.3145,1.3049,1.3093,0.0039,+0.30%,69873,182953
B6U20,2020-08-17,1.3099,1.3123,1.3076,1.3103,0.001,+0.08%,51394,181950
B6U20,2020-08-18,1.3109,1.3252,1.3104,1.3246,0.0143,+1.09%,93462,187043
B6U20,2020-08-19,1.3245,1.3269,1.3095,1.3116,-0.013,-0.98%,98420,179785
B6U20,2020-08-20,1.3109,1.3227,1.3066,1.3214,0.0098,+0.75%,122506,177832
B6U20,2020-08-21,1.3217,1.3256,1.3061,1.3095,-0.0119,-0.90%,114439,174940
B6U20,2020-08-24,1.3088,1.3151,1.3056,1.306,-0.0035,-0.27%,75837,174424
B6U20,2020-08-25,1.3065,1.3173,1.306,1.3148,0.0088,+0.67%,83754,175363
B6U20,2020-08-26,1.3147,1.3221,1.3119,1.3193,0.0045,+0.34%,84989,181130
B6U20,2020-08-27,1.3213,1.3286,1.3162,1.3206,0.0013,+0.10%,132350,183136
B6U20,2020-08-28,1.3204,1.3357,1.3187,1.3344,0.0138,+1.04%,115279,186261
B6U20,2020-08-31,1.3353,1.3397,1.3303,1.3379,0.0035,+0.26%,85366,181025
B6U20,2020-09-01,1.3367,1.3483,1.3358,1.3385,0.0006,+0.04%,129078,186588
B6U20,2020-09-02,1.3391,1.3403,1.3284,1.3323,-0.0062,-0.46%,127738,189556
B6U20,2020-09-03,1.3353,1.3359,1.3242,1.3272,-0.0051,-0.38%,104452,188714
B6U20,2020-09-04,1.3278,1.332,1.3176,1.3291,0.0019,+0.14%,123795,188658
B6U20,2020-09-08,1.325,1.3263,1.298,1.2989,-0.0302,-2.27%,291026,197524
B6U20,2020-09-09,1.2978,1.3023,1.2885,1.2991,0.0002,+0.02%,303799,193483
B6Z20,2020-09-10,1.3009,1.3042,1.2777,1.2808,-0.0183,-1.41%,296673,206341
B6Z20,2020-09-11,1.2806,1.2872,1.2768,1.2796,-0.0012,-0.09%,154500,203972
B6Z20,2020-09-14,1.2798,1.2926,1.2796,1.2862,0.0066,+0.52%,82758,150759
B6Z20,2020-09-15,1.2852,1.2932,1.2821,1.2904,0.0042,+0.33%,81399,149989
B6Z20,2020-09-16,1.2895,1.3013,1.2882,1.2957,0.0053,+0.41%,104691,148679
B6Z20,2020-09-17,1.2973,1.3006,1.287,1.2967,0.001,+0.08%,145408,149518
B6Z20,2020-09-18,1.2973,1.3005,1.292,1.2933,-0.0034,-0.26%,78175,149619
B6Z20,2020-09-21,1.293,1.2972,1.2781,1.28,-0.0133,-1.03%,108522,154570
B6Z20,2020-09-22,1.2817,1.2872,1.2716,1.2739,-0.0061,-0.48%,148007,152613
B6Z20,2020-09-23,1.2742,1.2782,1.2679,1.272,-0.0019,-0.15%,107620,155194
B6Z20,2020-09-24,1.2728,1.2787,1.2695,1.2746,0.0026,+0.20%,114800,157856
B6Z20,2020-09-25,1.2752,1.2811,1.269,1.2735,-0.0011,-0.09%,103847,161055
B6Z20,2020-09-28,1.2763,1.2934,1.2756,1.2839,0.0104,+0.82%,110781,160585
B6Z20,2020-09-29,1.2838,1.2908,1.2827,1.2866,0.0027,+0.21%,103016,159049
B6Z20,2020-09-30,1.2864,1.2948,1.281,1.2904,0.0038,+0.30%,134478,159335
B6Z20,2020-10-01,1.2923,1.2984,1.2823,1.2897,-0.0007,-0.05%,194612,162366
B6Z20,2020-10-02,1.289,1.2958,1.2839,1.2939,0.0042,+0.33%,149406,160941
B6Z20,2020-10-05,1.2928,1.2997,1.2904,1.2976,0.0037,+0.29%,71155,156932
B6Z20,2020-10-06,1.2985,1.3012,1.287,1.2905,-0.0071,-0.55%,115290,156467
B6Z20,2020-10-07,1.2881,1.2933,1.2848,1.2915,0.001,+0.08%,106404,154080
B6Z20,2020-10-08,1.2921,1.2974,1.2895,1.2935,0.002,+0.15%,73097,154704
B6Z20,2020-10-09,1.294,1.3054,1.2924,1.3041,0.0106,+0.82%,99199,154297
B6Z20,2020-10-12,1.3036,1.3086,1.3009,1.3066,0.0025,+0.19%,77498,151557
B6Z20,2020-10-13,1.3069,1.3072,1.2926,1.2942,-0.0124,-0.95%,116709,148279
B6Z20,2020-10-14,1.294,1.3069,1.2867,1.3028,0.0086,+0.66%,136283,146710
B6Z20,2020-10-15,1.3017,1.3033,1.2893,1.2904,-0.0124,-0.95%,121351,149541
B6Z20,2020-10-16,1.2908,1.2965,1.2856,1.2935,0.0031,+0.24%,132478,146986
B6Z20,2020-10-19,1.2905,1.3028,1.2901,1.2948,0.0013,+0.10%,116055,145971
B6Z20,2020-10-20,1.2944,1.2984,1.2911,1.2946,-0.0002,-0.02%,82104,146356
B6Z20,2020-10-21,1.2944,1.3182,1.2944,1.3163,0.0217,+1.68%,142739,149788
B6Z20,2020-10-22,1.3144,1.3156,1.3073,1.3081,-0.0082,-0.62%,80323,147146
B6Z20,2020-10-23,1.3089,1.3126,1.3021,1.3039,-0.0042,-0.32%,89652,144338
B6Z20,2020-10-26,1.306,1.3078,1.2996,1.3022,-0.0017,-0.13%,81128,145816
B6Z20,2020-10-27,1.3026,1.3084,1.3004,1.3061,0.0039,+0.30%,72554,139984
B6Z20,2020-10-28,1.3044,1.3067,1.292,1.2997,-0.0064,-0.49%,126332,144184
B6Z20,2020-10-29,1.2991,1.3029,1.2884,1.2929,-0.0068,-0.52%,120472,151827
B6Z20,2020-10-30,1.2926,1.2992,1.2901,1.2961,0.0032,+0.25%,105536,147689
B6Z20,2020-11-02,1.2937,1.2947,1.2855,1.2904,-0.0057,-0.44%,82859,145673
B6Z20,2020-11-03,1.2918,1.3084,1.2918,1.3029,0.0125,+0.97%,96719,140437
B6Z20,2020-11-04,1.3074,1.3145,1.2917,1.2998,-0.0031,-0.24%,121995,139051
B6Z20,2020-11-05,1.2946,1.3158,1.2936,1.3147,0.0149,+1.15%,97967,142183
B6Z20,2020-11-06,1.3145,1.318,1.3095,1.3163,0.0016,+0.12%,90928,138208
B6Z20,2020-11-09,1.3165,1.3212,1.3121,1.3172,0.0009,+0.07%,116655,141353
B6Z20,2020-11-10,1.3164,1.3282,1.316,1.3257,0.0085,+0.65%,109526,141346
B6Z20,2020-11-11,1.3272,1.3326,1.3194,1.3215,-0.0042,-0.32%,95087,139852
B6Z20,2020-11-12,1.3227,1.3231,1.3108,1.312,-0.0095,-0.72%,89330,136732
B6Z20,2020-11-13,1.3121,1.3204,1.3112,1.3179,0.0059,+0.45%,68633,138749
B6Z20,2020-11-16,1.3197,1.3244,1.3167,1.3192,0.0013,+0.10%,73817,140116
B6Z20,2020-11-17,1.3201,1.3275,1.3196,1.3262,0.007,+0.53%,83111,139010
B6Z20,2020-11-18,1.3265,1.3315,1.3246,1.3284,0.0022,+0.17%,61184,138497
B6Z20,2020-11-19,1.3268,1.3281,1.3197,1.3257,-0.0027,-0.20%,92858,136718
B6Z20,2020-11-20,1.3255,1.3306,1.3248,1.328,0.0023,+0.17%,71373,137299
B6Z20,2020-11-23,1.3298,1.34,1.3266,1.3327,0.0047,+0.35%,116393,141123
B6Z20,2020-11-24,1.3323,1.3383,1.3294,1.3353,0.0026,+0.20%,80120,142958
B6Z20,2020-11-25,1.3362,1.3395,1.3306,1.3384,0.0031,+0.23%,92529,144851
B6Z20,2020-11-27,1.3387,1.3401,1.3295,1.3318,-0.0066,-0.49%,117577,147839
B6Z20,2020-11-30,1.3328,1.3392,1.3305,1.3344,0.0026,+0.20%,135113,143758
B6Z20,2020-12-01,1.3333,1.3446,1.3316,1.3417,0.0073,+0.55%,152706,146966
B6Z20,2020-12-02,1.3426,1.3443,1.3287,1.3359,-0.0058,-0.43%,144758,152487
B6Z20,2020-12-03,1.3374,1.3502,1.3353,1.345,0.0091,+0.68%,149721,157414
B6Z20,2020-12-04,1.3454,1.354,1.3409,1.3444,-0.0006,-0.04%,176500,154717
B6Z20,2020-12-07,1.3421,1.3439,1.3223,1.3401,-0.0043,-0.32%,305682,162789
B6Z20,2020-12-08,1.3374,1.3396,1.329,1.3354,-0.0047,-0.35%,245238,164184
B6Z20,2020-12-09,1.3359,1.3478,1.3356,1.3397,0.0043,+0.32%,237390,165941
B6H21,2020-12-10,1.3377,1.3401,1.3257,1.3302,-0.0095,-0.71%,278097,161337
B6H21,2020-12-11,1.3311,1.3337,1.3146,1.3238,-0.0064,-0.48%,191135,170403
B6H21,2020-12-14,1.3341,1.3458,1.3303,1.3334,0.0096,+0.73%,141521,139616
B6H21,2020-12-15,1.3341,1.3481,1.329,1.3444,0.011,+0.82%,129167,142242
B6H21,2020-12-16,1.3465,1.3568,1.3446,1.3494,0.005,+0.37%,111132,147322
B6H21,2020-12-17,1.3511,1.3643,1.3509,1.3588,0.0094,+0.70%,107130,149484
B6H21,2020-12-18,1.3596,1.36,1.3483,1.3517,-0.0071,-0.52%,94596,147102
B6H21,2020-12-21,1.3448,1.3517,1.32,1.3475,-0.0042,-0.31%,178738,144606
B6H21,2020-12-22,1.3469,1.3485,1.3319,1.337,-0.0105,-0.78%,124996,145994
B6H21,2020-12-23,1.338,1.3587,1.3378,1.3496,0.0126,+0.94%,171728,145648
B6H21,2020-12-24,1.3518,1.3634,1.3512,1.3552,0.0056,+0.41%,65934,144011
B6H21,2020-12-28,1.3569,1.359,1.3439,1.3458,-0.0094,-0.69%,73973,141259
B6H21,2020-12-29,1.3459,1.3532,1.3459,1.3508,0.005,+0.37%,77223,139870
B6H21,2020-12-30,1.3512,1.3633,1.3499,1.3618,0.011,+0.81%,86423,141823
B6H21,2020-12-31,1.3618,1.3693,1.361,1.3659,0.0041,+0.30%,80635,141841
B6H21,2021-01-04,1.3667,1.371,1.3547,1.3572,-0.0087,-0.64%,112951,143832
B6H21,2021-01-05,1.3576,1.3648,1.3559,1.3633,0.0061,+0.45%,69010,143209
B6H21,2021-01-06,1.3631,1.3677,1.3538,1.3606,-0.0027,-0.20%,97151,142868
B6H21,2021-01-07,1.3616,1.3638,1.3537,1.3576,-0.003,-0.22%,81536,144265
B6H21,2021-01-08,1.3572,1.3642,1.3544,1.3568,-0.0008,-0.06%,89032,145004
B6H21,2021-01-11,1.3562,1.3574,1.3456,1.3532,-0.0036,-0.27%,70547,145717
B6H21,2021-01-12,1.3519,1.3675,1.351,1.3669,0.0137,+1.01%,94094,152924
B6H21,2021-01-13,1.3667,1.3707,1.3616,1.3635,-0.0034,-0.25%,81638,153970
B6H21,2021-01-14,1.364,1.3716,1.362,1.3687,0.0052,+0.38%,74558,152662
B6H21,2021-01-15,1.3694,1.3702,1.3576,1.3585,-0.0102,-0.75%,77042,148515
B6H21,2021-01-19,1.3591,1.3641,1.3523,1.3636,0.0051,+0.38%,94959,147096
B6H21,2021-01-20,1.364,1.3723,1.3627,1.3649,0.0013,+0.10%,84560,148976
B6H21,2021-01-21,1.3661,1.375,1.3657,1.3727,0.0078,+0.57%,75254,153203
B6H21,2021-01-22,1.3738,1.374,1.3638,1.3686,-0.0041,-0.30%,77499,150490
B6H21,2021-01-25,1.3685,1.3728,1.3652,1.3667,-0.0019,-0.14%,74401,151289
B6H21,2021-01-26,1.3675,1.3749,1.3612,1.3735,0.0068,+0.50%,88088,154558
B6H21,2021-01-27,1.374,1.3762,1.3662,1.369,-0.0045,-0.33%,106056,154740
B6H21,2021-01-28,1.37,1.375,1.3633,1.3745,0.0055,+0.40%,110352,155860
B6H21,2021-01-29,1.3729,1.3755,1.366,1.3705,-0.004,-0.29%,127588,159027
B6H21,2021-02-01,1.3705,1.3761,1.3658,1.3674,-0.0031,-0.23%,98442,163626
B6H21,2021-02-02,1.3669,1.3713,1.3614,1.3657,-0.0017,-0.12%,88812,161100
B6H21,2021-02-03,1.367,1.3686,1.3621,1.3644,-0.0013,-0.10%,77269,159769
B6H21,2021-02-04,1.3651,1.3701,1.3568,1.3676,0.0032,+0.23%,138827,164246
B6H21,2021-02-05,1.367,1.3743,1.3668,1.373,0.0054,+0.39%,81435,166426
B6H21,2021-02-08,1.3738,1.3751,1.3681,1.3746,0.0016,+0.12%,67388,165800
B6H21,2021-02-09,1.3744,1.3822,1.374,1.3814,0.0068,+0.49%,75913,170161
B6H21,2021-02-10,1.3819,1.3868,1.3804,1.3843,0.0029,+0.21%,70260,172670
B6H21,2021-02-11,1.3833,1.3861,1.38,1.3806,-0.0037,-0.27%,61921,172796
B6H21,2021-02-12,1.3816,1.3864,1.3776,1.385,0.0044,+0.32%,73718,172711
B6H21,2021-02-16,1.3858,1.3953,1.3858,1.3913,0.0063,+0.45%,142850,171218
B6H21,2021-02-17,1.3907,1.3908,1.3831,1.3862,-0.0051,-0.37%,83857,169951
B6H21,2021-02-18,1.386,1.3987,1.384,1.3976,0.0114,+0.82%,107168,173423
B6H21,2021-02-19,1.398,1.4039,1.3953,1.4015,0.0039,+0.28%,85402,176511
B6H21,2021-02-22,1.4011,1.4089,1.3981,1.4078,0.0063,+0.45%,80446,175305
B6H21,2021-02-23,1.4068,1.4119,1.4055,1.4109,0.0031,+0.22%,68793,176721
B6H21,2021-02-24,1.4114,1.4245,1.4083,1.4125,0.0016,+0.11%,98606,177991
B6H21,2021-02-25,1.4142,1.4183,1.4002,1.4035,-0.009,-0.64%,117389,182624
B6H21,2021-02-26,1.4012,1.4028,1.3888,1.3946,-0.0089,-0.63%,164436,171440
B6H21,2021-03-01,1.3934,1.3999,1.3905,1.3923,-0.0023,-0.16%,80149,169944
B6H21,2021-03-02,1.393,1.3977,1.3859,1.3965,0.0042,+0.30%,75596,169363
B6H21,2021-03-03,1.3955,1.4006,1.3921,1.3957,-0.0008,-0.06%,78800,168549
B6H21,2021-03-04,1.3954,1.4018,1.388,1.389,-0.0067,-0.48%,106062,168610
B6H21,2021-03-05,1.3891,1.3906,1.3779,1.3843,-0.0047,-0.34%,110113,165938
B6H21,2021-03-08,1.3841,1.3866,1.3801,1.3838,-0.0005,-0.04%,104714,165280
B6H21,2021-03-09,1.3819,1.3926,1.3801,1.3897,0.0059,+0.43%,167860,181373
B6H21,2021-03-10,1.3893,1.3939,1.3845,1.3932,0.0035,+0.25%,257930,175335
B6M21,2021-03-11,1.3943,1.4001,1.3924,1.3992,0.006,+0.43%,194062,190016
B6M21,2021-03-12,1.3996,1.4009,1.3867,1.3927,-0.0065,-0.46%,105965,179677
B6M21,2021-03-15,1.3929,1.3955,1.3856,1.3893,-0.0034,-0.24%,67684,147365
B6M21,2021-03-16,1.3908,1.3912,1.3813,1.39,0.0007,+0.05%,67175,148035
B6M21,2021-03-17,1.3896,1.3975,1.3855,1.3949,0.0049,+0.35%,78797,147909
B6M21,2021-03-18,1.3963,1.4006,1.39,1.3933,-0.0016,-0.11%,101589,146153
B6M21,2021-03-19,1.3933,1.3963,1.3834,1.3875,-0.0058,-0.42%,100642,145535
B6M21,2021-03-22,1.3843,1.3882,1.3822,1.3868,-0.0007,-0.05%,63276,144085
B6M21,2021-03-23,1.3863,1.3869,1.3744,1.3762,-0.0106,-0.76%,93708,146112
B6M21,2021-03-24,1.3753,1.3761,1.3678,1.3697,-0.0065,-0.47%,80150,144474
B6M21,2021-03-25,1.369,1.3749,1.3674,1.3743,0.0046,+0.34%,84727,142527
B6M21,2021-03-26,1.3737,1.3816,1.3737,1.3789,0.0046,+0.33%,75297,137441
B6M21,2021-03-29,1.3797,1.3851,1.3759,1.3764,-0.0025,-0.18%,83148,139925
B6M21,2021-03-30,1.3768,1.3787,1.3709,1.3725,-0.0039,-0.28%,64663,139779
B6M21,2021-03-31,1.3739,1.3815,1.3719,1.3781,0.0056,+0.41%,82038,140539
B6M21,2021-04-01,1.3786,1.384,1.3749,1.3834,0.0053,+0.38%,69824,140696
B6M21,2021-04-05,1.3822,1.3917,1.3816,1.3907,0.0073,+0.53%,42097,144597
B6M21,2021-04-06,1.3909,1.3922,1.3804,1.3825,-0.0082,-0.59%,88193,140556
B6M21,2021-04-07,1.3825,1.3843,1.3727,1.3737,-0.0088,-0.64%,100520,144960
B6M21,2021-04-08,1.3734,1.3785,1.3721,1.3739,0.0002,+0.01%,74823,144797
B6M21,2021-04-09,1.3734,1.3752,1.3671,1.3718,-0.0021,-0.15%,76850,146136
B6M21,2021-04-12,1.3708,1.378,1.3672,1.3747,0.0029,+0.21%,63840,146064
B6M21,2021-04-13,1.3747,1.3772,1.3696,1.3754,0.0007,+0.05%,68265,148785
B6M21,2021-04-14,1.3755,1.3812,1.3752,1.3782,0.0028,+0.20%,66063,153497
B6M21,2021-04-15,1.3779,1.3812,1.3763,1.3791,0.0009,+0.07%,57556,152472
B6M21,2021-04-16,1.3788,1.3852,1.3718,1.3837,0.0046,+0.33%,81675,156432
B6M21,2021-04-19,1.3836,1.3996,1.3812,1.3993,0.0156,+1.13%,112711,162076
B6M21,2021-04-20,1.399,1.4012,1.3928,1.3931,-0.0062,-0.44%,79522,164246
B6M21,2021-04-21,1.3936,1.3951,1.3887,1.3928,-0.0003,-0.02%,66932,159283
B6M21,2021-04-22,1.3934,1.3952,1.3825,1.384,-0.0088,-0.63%,93254,158557
B6M21,2021-04-23,1.384,1.3898,1.3836,1.3878,0.0038,+0.27%,69829,156207
B6M21,2021-04-26,1.3878,1.3932,1.3867,1.3908,0.003,+0.22%,63038,157563
B6M21,2021-04-27,1.3896,1.3926,1.386,1.3904,-0.0004,-0.03%,60704,161251
B6M21,2021-04-28,1.3907,1.3952,1.3862,1.3947,0.0043,+0.31%,72575,162758
B6M21,2021-04-29,1.3939,1.3979,1.3933,1.395,0.0003,+0.02%,73076,167712
B6M21,2021-04-30,1.3941,1.3959,1.3803,1.3811,-0.0139,-1.00%,135771,158998
B6M21,2021-05-03,1.3816,1.3934,1.3801,1.3915,0.0104,+0.75%,72750,155735
B6M21,2021-05-04,1.391,1.3914,1.3839,1.3893,-0.0022,-0.16%,93165,152741
B6M21,2021-05-05,1.3887,1.3928,1.3877,1.391,0.0017,+0.12%,69447,155916
B6M21,2021-05-06,1.3909,1.3942,1.3858,1.3887,-0.0023,-0.17%,118865,159651
B6M21,2021-05-07,1.3891,1.4007,1.3889,1.3997,0.011,+0.79%,124488,167538
B6M21,2021-05-10,1.3999,1.4159,1.3999,1.4135,0.0138,+0.99%,129063,173214
B6M21,2021-05-11,1.412,1.4167,1.4104,1.4158,0.0023,+0.16%,93929,173960
B6M21,2021-05-12,1.4148,1.4154,1.405,1.4061,-0.0097,-0.69%,110580,174862
B6M21,2021-05-13,1.4057,1.4078,1.4006,1.4044,-0.0017,-0.12%,90607,168851
B6M21,2021-05-14,1.4052,1.4111,1.4036,1.4101,0.0057,+0.41%,71784,168658
B6M21,2021-05-17,1.4099,1.4148,1.4077,1.4145,0.0044,+0.31%,67712,167654
B6M21,2021-05-18,1.4136,1.4222,1.4136,1.4192,0.0047,+0.33%,85727,173146
B6M21,2021-05-19,1.4184,1.4202,1.4097,1.4106,-0.0086,-0.61%,99185,169188
B6M21,2021-05-20,1.4118,1.4193,1.4101,1.4187,0.0081,+0.57%,71956,171061
B6M21,2021-05-21,1.4188,1.4235,1.414,1.4156,-0.0031,-0.22%,87137,171888
B6M21,2021-05-24,1.415,1.4172,1.4112,1.4158,0.0002,+0.01%,58363,171808
B6M21,2021-05-25,1.4155,1.4212,1.4115,1.4149,-0.0009,-0.06%,74414,169372
B6M21,2021-05-26,1.4148,1.4176,1.4113,1.4125,-0.0024,-0.17%,77420,167621
B6M21,2021-05-27,1.4121,1.4221,1.4091,1.4212,0.0087,+0.62%,101317,173850
B6M21,2021-05-28,1.4203,1.4208,1.4136,1.4196,-0.0016,-0.11%,89159,167556
B6M21,2021-06-01,1.4194,1.4256,1.4146,1.4159,-0.0037,-0.26%,150439,174502
B6M21,2021-06-02,1.4152,1.4183,1.4111,1.4168,0.0009,+0.06%,86129,173592
B6M21,2021-06-03,1.417,1.4203,1.4085,1.4096,-0.0072,-0.51%,98728,171456
B6M21,2021-06-04,1.4106,1.4202,1.4081,1.4162,0.0066,+0.47%,95860,170112
B6M21,2021-06-07,1.416,1.4192,1.4112,1.4184,0.0022,+0.16%,90793,176919
B6M21,2021-06-08,1.4182,1.4185,1.412,1.4163,-0.0021,-0.15%,150847,171602
B6M21,2021-06-09,1.415,1.4189,1.411,1.4116,-0.0047,-0.33%,229132,179420
B6U21,2021-06-10,1.4117,1.418,1.4073,1.4171,0.0055,+0.39%,286820,203629
B6U21,2021-06-11,1.4175,1.4187,1.4096,1.4108,-0.0063,-0.44%,128115,189683
B6U21,2021-06-14,1.4112,1.4126,1.4071,1.4112,0.0004,+0.03%,63267,154681
B6U21,2021-06-15,1.4113,1.413,1.4036,1.4083,-0.0029,-0.21%,94244,156059
B6U21,2021-06-16,1.4083,1.4135,1.3984,1.4003,-0.008,-0.57%,105298,159157
B6U21,2021-06-17,1.3986,1.4012,1.3897,1.3925,-0.0078,-0.56%,147416,165422
B6U21,2021-06-18,1.3925,1.3946,1.3792,1.382,-0.0105,-0.75%,134749,171921
B6U21,2021-06-21,1.3798,1.3939,1.3788,1.3932,0.0112,+0.81%,119422,174038
B6U21,2021-06-22,1.3937,1.3966,1.3863,1.3943,0.0011,+0.08%,87135,171280
B6U21,2021-06-23,1.3949,1.4004,1.3926,1.3965,0.0022,+0.16%,82441,168961
B6U21,2021-06-24,1.3965,1.3988,1.3891,1.393,-0.0035,-0.25%,92828,169443
B6U21,2021-06-25,1.3923,1.3938,1.3874,1.3878,-0.0052,-0.37%,65084,167337
B6U21,2021-06-28,1.389,1.3943,1.3872,1.3881,0.0003,+0.02%,74339,168240
B6U21,2021-06-29,1.3884,1.3884,1.3816,1.3853,-0.0028,-0.20%,73001,169230
B6U21,2021-06-30,1.3842,1.3875,1.3799,1.3805,-0.0048,-0.35%,89032,169692
B6U21,2021-07-01,1.3827,1.3836,1.3754,1.3756,-0.0049,-0.35%,98365,172894
B6U21,2021-07-02,1.3764,1.3847,1.3733,1.3807,0.0051,+0.37%,89725,172564
B6U21,2021-07-06,1.3841,1.3902,1.3775,1.3801,-0.0006,-0.04%,147779,178783
B6U21,2021-07-07,1.38,1.3844,1.3755,1.3802,0.0001,+0.01%,94145,181501
B6U21,2021-07-08,1.3801,1.3807,1.3743,1.3777,-0.0025,-0.18%,99182,182878
B6U21,2021-07-09,1.3785,1.3912,1.3757,1.3892,0.0115,+0.83%,111292,175110
B6U21,2021-07-12,1.39,1.3913,1.384,1.3875,-0.0017,-0.12%,73501,169840
B6U21,2021-07-13,1.3892,1.3907,1.3801,1.3822,-0.0053,-0.38%,81191,172345
B6U21,2021-07-14,1.3816,1.3894,1.3803,1.3853,0.0031,+0.22%,87508,170025
B6U21,2021-07-15,1.3864,1.3901,1.3806,1.3812,-0.0041,-0.30%,112383,171344
B6U21,2021-07-16,1.3826,1.3864,1.3762,1.377,-0.0042,-0.30%,97502,174369
B6U21,2021-07-19,1.3769,1.3773,1.3655,1.366,-0.011,-0.80%,147347,183225
B6U21,2021-07-20,1.3672,1.369,1.3573,1.3627,-0.0033,-0.24%,133105,188787
B6U21,2021-07-21,1.363,1.3725,1.3593,1.3717,0.009,+0.66%,95239,184555
B6U21,2021-07-22,1.3717,1.3789,1.3692,1.3776,0.0059,+0.43%,105001,182693
B6U21,2021-07-23,1.3763,1.3782,1.3721,1.3755,-0.0021,-0.15%,67082,184344
B6U21,2021-07-26,1.3751,1.3836,1.3739,1.3816,0.0061,+0.44%,81831,184232
B6U21,2021-07-27,1.3823,1.3897,1.3768,1.3889,0.0073,+0.53%,105715,185373
B6U21,2021-07-28,1.3884,1.3915,1.3844,1.3908,0.0019,+0.14%,92598,182943
B6U21,2021-07-29,1.3906,1.3984,1.3899,1.3972,0.0064,+0.46%,79483,187092
B6U21,2021-07-30,1.3962,1.3985,1.3889,1.3893,-0.0079,-0.57%,98402,184205
B6U21,2021-08-02,1.3896,1.3933,1.3877,1.3893,0,0.00%,68603,181721
B6U21,2021-08-03,1.3887,1.394,1.3884,1.3917,0.0024,+0.17%,58760,180873
B6U21,2021-08-04,1.3916,1.3959,1.3885,1.389,-0.0027,-0.19%,66155,182714
B6U21,2021-08-05,1.3887,1.395,1.3873,1.3934,0.0044,+0.32%,91235,182336
B6U21,2021-08-06,1.393,1.3934,1.3862,1.3875,-0.0059,-0.42%,60532,179962
B6U21,2021-08-09,1.3874,1.3895,1.3842,1.3855,-0.002,-0.14%,57296,178469
B6U21,2021-08-10,1.385,1.3875,1.3828,1.3842,-0.0013,-0.09%,56836,178875
B6U21,2021-08-11,1.3841,1.3889,1.3803,1.3866,0.0024,+0.17%,73213,179187
B6U21,2021-08-12,1.3866,1.3879,1.3794,1.3801,-0.0065,-0.47%,62009,174809
B6U21,2021-08-13,1.3815,1.3877,1.3791,1.3869,0.0068,+0.49%,59141,174962
B6U21,2021-08-16,1.3867,1.388,1.3828,1.3838,-0.0031,-0.22%,65563,172689
B6U21,2021-08-17,1.3843,1.3845,1.3727,1.3737,-0.0101,-0.73%,89545,178385
B6U21,2021-08-18,1.3745,1.3787,1.3732,1.3763,0.0026,+0.19%,79233,180349
B6U21,2021-08-19,1.3747,1.3759,1.3633,1.3639,-0.0124,-0.90%,103470,193697
B6U21,2021-08-20,1.364,1.3642,1.3602,1.3623,-0.0016,-0.12%,81315,201157
B6U21,2021-08-23,1.3622,1.3733,1.3614,1.3731,0.0108,+0.79%,89472,197080
B6U21,2021-08-24,1.3722,1.3749,1.3694,1.3731,0,0.00%,74005,196366
B6U21,2021-08-25,1.3733,1.3768,1.3697,1.3762,0.0031,+0.23%,64416,195509
B6U21,2021-08-26,1.3761,1.3769,1.3689,1.3695,-0.0067,-0.49%,61755,193225
B6U21,2021-08-27,1.3698,1.3783,1.368,1.3769,0.0074,+0.54%,89507,195455
B6U21,2021-08-30,1.3753,1.3776,1.3734,1.3768,-0.0001,-0.01%,42600,193639
B6U21,2021-08-31,1.3759,1.3808,1.3744,1.3758,-0.001,-0.07%,94653,194010
B6U21,2021-09-01,1.3755,1.3799,1.3731,1.3779,0.0021,+0.15%,68388,196930
B6U21,2021-09-02,1.3771,1.3841,1.3768,1.3839,0.006,+0.44%,69038,198686
B6U21,2021-09-03,1.3836,1.3893,1.3818,1.388,0.0041,+0.30%,79640,196866
B6U21,2021-09-07,1.3859,1.3869,1.3768,1.3787,-0.0093,-0.67%,169471,201389
B6U21,2021-09-08,1.3789,1.3791,1.3726,1.378,-0.0007,-0.05%,245427,208061
B6Z21,2021-09-09,1.3776,1.3864,1.3755,1.384,0.006,+0.44%,214821,202110
B6Z21,2021-09-10,1.3842,1.389,1.3828,1.3847,0.0007,+0.05%,124296,194757
B6Z21,2021-09-13,1.3843,1.389,1.3798,1.3834,-0.0013,-0.09%,68893,138556
B6Z21,2021-09-14,1.3841,1.3917,1.3805,1.3816,-0.0018,-0.13%,109424,142607
B6Z21,2021-09-15,1.3812,1.3856,1.3794,1.3834,0.0018,+0.13%,63028,144956
B6Z21,2021-09-16,1.3845,1.3855,1.3766,1.3792,-0.0042,-0.30%,83997,143167
B6Z21,2021-09-17,1.3795,1.3814,1.3719,1.3739,-0.0053,-0.38%,73523,144989
B6Z21,2021-09-20,1.3731,1.3737,1.3642,1.3647,-0.0092,-0.67%,120285,153926
B6Z21,2021-09-21,1.3662,1.3694,1.3643,1.3665,0.0018,+0.13%,90758,159908
B6Z21,2021-09-22,1.3659,1.3692,1.361,1.3616,-0.0049,-0.36%,100973,162767
B6Z21,2021-09-23,1.3618,1.3753,1.3614,1.3734,0.0118,+0.87%,130227,160323
B6Z21,2021-09-24,1.3725,1.3738,1.3659,1.3661,-0.0073,-0.53%,82211,159312
B6Z21,2021-09-27,1.3668,1.373,1.3659,1.371,0.0049,+0.36%,89157,156053
B6Z21,2021-09-28,1.3706,1.3719,1.3522,1.3534,-0.0176,-1.28%,161934,171773
B6Z21,2021-09-29,1.3538,1.3555,1.3412,1.3435,-0.0099,-0.73%,130188,178333
B6Z21,2021-09-30,1.3428,1.3517,1.3416,1.3475,0.004,+0.30%,132106,186375
B6Z21,2021-10-01,1.3471,1.3576,1.3434,1.3554,0.0079,+0.59%,123792,188174
B6Z21,2021-10-04,1.3547,1.3641,1.3533,1.3615,0.0061,+0.45%,112738,182388
B6Z21,2021-10-05,1.3606,1.3648,1.3585,1.363,0.0015,+0.11%,78166,182338
B6Z21,2021-10-06,1.3623,1.3631,1.3544,1.3581,-0.0049,-0.36%,98159,178296
B6Z21,2021-10-07,1.3584,1.364,1.3571,1.3621,0.004,+0.29%,79763,176614
B6Z21,2021-10-08,1.3615,1.3668,1.3584,1.3621,0,0.00%,76134,172511
B6Z21,2021-10-11,1.3625,1.3675,1.3585,1.3609,-0.0012,-0.09%,70421,175422
B6Z21,2021-10-12,1.36,1.3639,1.3568,1.3595,-0.0014,-0.10%,77305,172829
B6Z21,2021-10-13,1.359,1.3666,1.3576,1.3643,0.0048,+0.35%,84080,171363
B6Z21,2021-10-14,1.3662,1.3735,1.3659,1.3686,0.0043,+0.32%,95114,169865
B6Z21,2021-10-15,1.3672,1.3774,1.3668,1.375,0.0064,+0.47%,89036,165694
B6Z21,2021-10-18,1.3753,1.3766,1.3706,1.3729,-0.0021,-0.15%,92112,158740
B6Z21,2021-10-19,1.373,1.3833,1.3727,1.3798,0.0069,+0.50%,92439,158961
B6Z21,2021-10-20,1.3795,1.3833,1.3741,1.3831,0.0033,+0.24%,77522,156170
B6Z21,2021-10-21,1.3821,1.3832,1.3775,1.3783,-0.0048,-0.35%,72962,153126
B6Z21,2021-10-22,1.3795,1.3816,1.3735,1.3758,-0.0025,-0.18%,91424,153478
B6Z21,2021-10-25,1.3752,1.3791,1.3741,1.3771,0.0013,+0.09%,62009,154455
B6Z21,2021-10-26,1.3769,1.3831,1.3757,1.3766,-0.0005,-0.04%,76092,156495
B6Z21,2021-10-27,1.3764,1.3781,1.3709,1.3746,-0.002,-0.15%,103602,156048
B6Z21,2021-10-28,1.3741,1.3815,1.3721,1.3789,0.0043,+0.31%,91106,159649
B6Z21,2021-10-29,1.3794,1.3803,1.3669,1.3689,-0.01,-0.73%,112392,161368
B6Z21,2021-11-01,1.3688,1.3693,1.3642,1.3658,-0.0031,-0.23%,80936,163548
B6Z21,2021-11-02,1.3666,1.3667,1.3605,1.3618,-0.004,-0.29%,79280,166780
B6Z21,2021-11-03,1.3614,1.3691,1.3607,1.3679,0.0061,+0.45%,82782,161513
B6Z21,2021-11-04,1.3686,1.3699,1.3471,1.3495,-0.0184,-1.35%,173615,190295
B6Z21,2021-11-05,1.35,1.3509,1.3424,1.3482,-0.0013,-0.10%,120085,190249
B6Z21,2021-11-08,1.3489,1.358,1.3451,1.3557,0.0075,+0.56%,93610,185799
B6Z21,2021-11-09,1.3562,1.3609,1.3524,1.3563,0.0006,+0.04%,77055,186898
B6Z21,2021-11-10,1.3563,1.3566,1.3401,1.3415,-0.0148,-1.09%,108011,188871
B6Z21,2021-11-11,1.3407,1.3434,1.3359,1.3365,-0.005,-0.37%,89581,201167
B6Z21,2021-11-12,1.3367,1.3427,1.3353,1.3416,0.0051,+0.38%,103363,209541
B6Z21,2021-11-15,1.3418,1.345,1.3403,1.3429,0.0013,+0.10%,69731,210895
B6Z21,2021-11-16,1.3408,1.3473,1.3405,1.3429,0,0.00%,93060,207099
B6Z21,2021-11-17,1.3424,1.3497,1.3397,1.3486,0.0057,+0.42%,84635,203272
B6Z21,2021-11-18,1.3494,1.3514,1.3465,1.3498,0.0012,+0.09%,66238,205356
B6Z21,2021-11-19,1.35,1.351,1.3407,1.3448,-0.005,-0.37%,106566,208870
B6Z21,2021-11-22,1.3448,1.3451,1.3384,1.3386,-0.0062,-0.46%,78026,211569
B6Z21,2021-11-23,1.3399,1.341,1.3342,1.3382,-0.0004,-0.03%,76916,213313
B6Z21,2021-11-24,1.3378,1.339,1.3316,1.3322,-0.006,-0.45%,80698,217132
B6Z21,2021-11-26,1.3327,1.3354,1.3277,1.3333,0.0011,+0.08%,134254,226053
B6Z21,2021-11-29,1.3331,1.3363,1.3287,1.3292,-0.0041,-0.31%,87588,232152
B6Z21,2021-11-30,1.331,1.3372,1.3194,1.3282,-0.001,-0.08%,164580,230423
B6Z21,2021-12-01,1.3298,1.3354,1.3262,1.3279,-0.0003,-0.02%,117058,226593
B6Z21,2021-12-02,1.3277,1.3334,1.3272,1.3298,0.0019,+0.14%,77270,228036
B6Z21,2021-12-03,1.3299,1.3312,1.3209,1.323,-0.0068,-0.51%,115141,234101
B6Z21,2021-12-06,1.324,1.3286,1.3222,1.3258,0.0028,+0.21%,146880,226670
B6Z21,2021-12-07,1.3259,1.329,1.3209,1.3238,-0.002,-0.15%,150923,238310
B6Z21,2021-12-08,1.324,1.3262,1.316,1.3235,-0.0003,-0.02%,317952,253228
B6H22,2021-12-09,1.3206,1.3227,1.3174,1.3213,-0.0022,-0.17%,318311,292071
B6H22,2021-12-10,1.3225,1.3282,1.3192,1.3262,0.0049,+0.37%,144483,283457
B6H22,2021-12-13,1.3265,1.3275,1.3213,1.3224,-0.0038,-0.29%,77228,212451
B6H22,2021-12-14,1.3223,1.3262,1.3196,1.3225,0.0001,+0.01%,78309,213210
B6H22,2021-12-15,1.3236,1.3288,1.3176,1.3242,0.0017,+0.13%,95100,214701
B6H22,2021-12-16,1.3265,1.3378,1.3247,1.3311,0.0069,+0.52%,146508,206380
B6H22,2021-12-17,1.3328,1.3341,1.3232,1.3252,-0.0059,-0.44%,87144,209838
B6H22,2021-12-20,1.3243,1.3244,1.3172,1.3201,-0.0051,-0.38%,82289,212389
B6H22,2021-12-21,1.3206,1.3269,1.3194,1.3262,0.0061,+0.46%,66938,207747
B6H22,2021-12-22,1.3266,1.3362,1.3238,1.3357,0.0095,+0.72%,73778,205086
B6H22,2021-12-23,1.3353,1.3436,1.3342,1.3416,0.0059,+0.44%,80339,207596
B6H22,2021-12-27,1.3405,1.3445,1.339,1.3441,0.0025,+0.19%,48742,208372
B6H22,2021-12-28,1.3442,1.346,1.3414,1.3423,-0.0018,-0.13%,41320,205378
B6H22,2021-12-29,1.3432,1.3498,1.3407,1.3486,0.0063,+0.47%,76161,206122
B6H22,2021-12-30,1.3486,1.352,1.345,1.3505,0.0019,+0.14%,68665,207495
B6H22,2021-12-31,1.3496,1.3547,1.3462,1.3531,0.0026,+0.19%,68423,202002
B6H22,2022-01-03,1.3524,1.3536,1.3426,1.3481,-0.005,-0.37%,68635,198353
B6H22,2022-01-04,1.3475,1.3553,1.3456,1.3531,0.005,+0.37%,84076,200007
B6H22,2022-01-05,1.3525,1.3594,1.3518,1.3557,0.0026,+0.19%,78366,198901
B6H22,2022-01-06,1.355,1.3555,1.3486,1.3521,-0.0036,-0.27%,74224,197718
B6H22,2022-01-07,1.3531,1.3599,1.3523,1.3593,0.0072,+0.53%,62417,197783
B6H22,2022-01-10,1.3586,1.3601,1.3528,1.3566,-0.0027,-0.20%,69167,196539
B6H22,2022-01-11,1.3574,1.3634,1.3558,1.3625,0.0059,+0.43%,86686,200493
B6H22,2022-01-12,1.3632,1.3712,1.3618,1.3708,0.0083,+0.61%,113460,194514
B6H22,2022-01-13,1.37,1.3745,1.3696,1.3716,0.0008,+0.06%,92070,190759
B6H22,2022-01-14,1.3706,1.374,1.365,1.3673,-0.0043,-0.31%,89569,184479
B6H22,2022-01-18,1.3666,1.3686,1.3568,1.3593,-0.008,-0.59%,146652,183234
B6H22,2022-01-19,1.3593,1.3645,1.3584,1.3622,0.0029,+0.21%,94986,185726
B6H22,2022-01-20,1.3607,1.3659,1.3582,1.3609,-0.0013,-0.10%,81586,183413
B6H22,2022-01-21,1.3594,1.3599,1.3541,1.3551,-0.0058,-0.43%,114843,182348
B6H22,2022-01-24,1.355,1.3561,1.3436,1.3478,-0.0073,-0.54%,126489,184461
B6H22,2022-01-25,1.3487,1.3515,1.3433,1.3514,0.0036,+0.27%,102440,182040
B6H22,2022-01-26,1.35,1.3522,1.3441,1.3461,-0.0053,-0.39%,93696,178664
B6H22,2022-01-27,1.346,1.3464,1.3354,1.3369,-0.0092,-0.68%,137909,183004
B6H22,2022-01-28,1.3375,1.3429,1.336,1.3381,0.0012,+0.09%,113514,183687
B6H22,2022-01-31,1.3391,1.3456,1.3383,1.3455,0.0074,+0.55%,110521,182046
B6H22,2022-02-01,1.3439,1.3525,1.343,1.3514,0.0059,+0.44%,95783,184007
B6H22,2022-02-02,1.352,1.3584,1.3513,1.358,0.0066,+0.49%,94737,188158
B6H22,2022-02-03,1.3572,1.3627,1.3535,1.3585,0.0005,+0.04%,161128,196683
B6H22,2022-02-04,1.3595,1.3611,1.3501,1.3525,-0.006,-0.44%,119144,192937
B6H22,2022-02-07,1.3527,1.3548,1.3487,1.3535,0.001,+0.07%,77527,194189
B6H22,2022-02-08,1.3528,1.3561,1.3505,1.3539,0.0004,+0.03%,80941,197948
B6H22,2022-02-09,1.3543,1.3586,1.3524,1.3532,-0.0007,-0.05%,94877,199111
B6H22,2022-02-10,1.3531,1.3641,1.352,1.3572,0.004,+0.30%,142116,202807
B6H22,2022-02-11,1.356,1.3607,1.3512,1.3547,-0.0025,-0.18%,122272,197668
B6H22,2022-02-14,1.3558,1.3569,1.3492,1.3518,-0.0029,-0.21%,103881,194946
B6H22,2022-02-15,1.3529,1.3565,1.3483,1.3532,0.0014,+0.10%,87482,195302
B6H22,2022-02-16,1.3539,1.3599,1.3536,1.3597,0.0065,+0.48%,77832,196259
B6H22,2022-02-17,1.3579,1.3636,1.3554,1.362,0.0023,+0.17%,98725,196774
B6H22,2022-02-18,1.3613,1.364,1.3571,1.3601,-0.0019,-0.14%,79411,195883
B6H22,2022-02-22,1.3591,1.3637,1.3536,1.359,-0.0011,-0.08%,171486,188443
B6H22,2022-02-23,1.3582,1.362,1.3534,1.3537,-0.0053,-0.39%,80258,189065
B6H22,2022-02-24,1.3545,1.3548,1.3272,1.3383,-0.0154,-1.14%,197867,195386
B6H22,2022-02-25,1.3375,1.3438,1.3365,1.341,0.0027,+0.20%,118675,188303
B6H22,2022-02-28,1.3347,1.3434,1.3329,1.3415,0.0005,+0.04%,135715,194974
B6H22,2022-03-01,1.342,1.3439,1.3302,1.3312,-0.0103,-0.77%,137052,211869
B6H22,2022-03-02,1.3324,1.3408,1.3271,1.3372,0.006,+0.45%,126663,217969
B6H22,2022-03-03,1.3404,1.3416,1.3316,1.3333,-0.0039,-0.29%,96880,217919
B6H22,2022-03-04,1.3344,1.335,1.3201,1.3217,-0.0116,-0.87%,134041,224941
B6H22,2022-03-07,1.3228,1.3236,1.3101,1.3104,-0.0113,-0.85%,150138,230914
B6H22,2022-03-08,1.3105,1.3144,1.3081,1.3105,0.0001,+0.01%,208748,246312
B6H22,2022-03-09,1.3098,1.3189,1.3087,1.3181,0.0076,+0.58%,295517,260080
B6M22,2022-03-10,1.3176,1.3189,1.3072,1.309,-0.0091,-0.69%,286069,259303
B6M22,2022-03-11,1.3081,1.3119,1.3021,1.3032,-0.0058,-0.44%,121741,257064
B6M22,2022-03-14,1.303,1.3073,1.2994,1.3011,-0.0021,-0.16%,79922,188112
B6M22,2022-03-15,1.2995,1.3083,1.2994,1.3026,0.0015,+0.12%,80491,188323
B6M22,2022-03-16,1.3034,1.3149,1.3029,1.3109,0.0083,+0.64%,101535,193031
B6M22,2022-03-17,1.3138,1.3202,1.3082,1.3148,0.0039,+0.30%,124489,196061
B6M22,2022-03-18,1.3143,1.3191,1.3106,1.3182,0.0034,+0.26%,73504,194753
B6M22,2022-03-21,1.3168,1.3204,1.3122,1.3155,-0.0027,-0.20%,75873,195013
B6M22,2022-03-22,1.3163,1.3268,1.3115,1.3249,0.0094,+0.71%,104762,195712
B6M22,2022-03-23,1.3252,1.3294,1.317,1.32,-0.0049,-0.37%,99342,202038
B6M22,2022-03-24,1.3203,1.3211,1.3153,1.3179,-0.0021,-0.16%,90411,198913
B6M22,2022-03-25,1.3183,1.3222,1.3156,1.318,0.0001,+0.01%,109673,224735
B6M22,2022-03-28,1.3181,1.3185,1.3063,1.3095,-0.0085,-0.64%,103991,227662
B6M22,2022-03-29,1.3093,1.3156,1.3047,1.3092,-0.0003,-0.02%,127783,224365
B6M22,2022-03-30,1.3092,1.3179,1.3085,1.3133,0.0041,+0.31%,104486,222488
B6M22,2022-03-31,1.3132,1.3171,1.3101,1.3131,-0.0002,-0.02%,118084,231363
B6M22,2022-04-01,1.3136,1.3147,1.3083,1.3103,-0.0028,-0.21%,80603,235045
B6M22,2022-04-04,1.3108,1.3134,1.309,1.3112,0.0009,+0.07%,73811,236900
B6M22,2022-04-05,1.3111,1.3164,1.3063,1.3077,-0.0035,-0.27%,86763,238266
B6M22,2022-04-06,1.307,1.3105,1.3042,1.3067,-0.001,-0.08%,85799,241295
B6M22,2022-04-07,1.3066,1.3104,1.3049,1.3071,0.0004,+0.03%,77874,245071
B6M22,2022-04-08,1.3072,1.3075,1.2979,1.3036,-0.0035,-0.27%,97430,249165
B6M22,2022-04-11,1.3032,1.3054,1.2987,1.303,-0.0006,-0.05%,79463,245333
B6M22,2022-04-12,1.303,1.3052,1.2992,1.3002,-0.0028,-0.21%,81801,246152
B6M22,2022-04-13,1.3,1.3117,1.2969,1.3108,0.0106,+0.82%,110998,251689
B6M22,2022-04-14,1.3116,1.3145,1.3032,1.3074,-0.0034,-0.26%,107006,246584
B6M22,2022-04-18,1.3061,1.3063,1.3002,1.3007,-0.0067,-0.51%,36196,245835
B6M22,2022-04-19,1.3006,1.3038,1.2978,1.2997,-0.001,-0.08%,86300,249529
B6M22,2022-04-20,1.2997,1.3069,1.2994,1.3054,0.0057,+0.44%,88547,248419
B6M22,2022-04-21,1.3061,1.3088,1.302,1.3025,-0.0029,-0.22%,114742,248566
B6M22,2022-04-22,1.3029,1.3032,1.282,1.2822,-0.0203,-1.56%,162404,270587
B6M22,2022-04-25,1.2833,1.284,1.2696,1.2732,-0.009,-0.70%,134581,269916
B6M22,2022-04-26,1.2742,1.2771,1.257,1.2587,-0.0145,-1.14%,112930,272792
B6M22,2022-04-27,1.2573,1.2601,1.2502,1.254,-0.0047,-0.37%,119672,271087
B6M22,2022-04-28,1.2543,1.2569,1.2411,1.2462,-0.0078,-0.62%,131129,269723
B6M22,2022-04-29,1.2456,1.2614,1.2454,1.2599,0.0137,+1.10%,126917,271193
B6M22,2022-05-02,1.2577,1.2598,1.2472,1.2474,-0.0125,-0.99%,65457,271800
B6M22,2022-05-03,1.2491,1.2568,1.247,1.249,0.0016,+0.13%,86850,268496
B6M22,2022-05-04,1.2498,1.2638,1.2451,1.2577,0.0087,+0.70%,112083,271842
B6M22,2022-05-05,1.2631,1.2635,1.2325,1.235,-0.0227,-1.80%,173678,276751
B6M22,2022-05-06,1.2355,1.238,1.2276,1.2331,-0.0019,-0.15%,124497,264182
B6M22,2022-05-09,1.2344,1.2406,1.2261,1.2343,0.0012,+0.10%,107262,264004
B6M22,2022-05-10,1.2327,1.2375,1.2291,1.2313,-0.003,-0.24%,100245,264594
B6M22,2022-05-11,1.2314,1.24,1.2236,1.2269,-0.0044,-0.36%,143304,264347
B6M22,2022-05-12,1.2249,1.2252,1.2164,1.2174,-0.0095,-0.77%,119101,260232
B6M22,2022-05-13,1.2199,1.2264,1.2156,1.2242,0.0068,+0.56%,91105,255102
B6M22,2022-05-16,1.2251,1.233,1.2217,1.2319,0.0077,+0.63%,73685,252343
B6M22,2022-05-17,1.2323,1.2499,1.2318,1.2481,0.0162,+1.32%,121597,253811
B6M22,2022-05-18,1.2493,1.2503,1.2329,1.2345,-0.0136,-1.09%,94253,253311
B6M22,2022-05-19,1.2341,1.2524,1.2337,1.2499,0.0154,+1.25%,105935,252733
B6M22,2022-05-20,1.2475,1.2501,1.2437,1.2471,-0.0028,-0.22%,79005,253936
B6M22,2022-05-23,1.2487,1.2601,1.2487,1.2579,0.0108,+0.87%,80258,254188
B6M22,2022-05-24,1.259,1.2598,1.2472,1.2511,-0.0068,-0.54%,108839,253864
B6M22,2022-05-25,1.2534,1.2591,1.248,1.2585,0.0074,+0.59%,87890,253211
B6M22,2022-05-26,1.2582,1.2621,1.2552,1.2595,0.001,+0.08%,74960,254267
B6M22,2022-05-27,1.2604,1.2667,1.2586,1.2626,0.0031,+0.25%,80087,251773
B6M22,2022-05-31,1.2631,1.266,1.2561,1.2605,-0.0021,-0.17%,160853,252881
B6M22,2022-06-01,1.2599,1.2617,1.2458,1.2493,-0.0112,-0.89%,107629,255929
B6M22,2022-06-02,1.2484,1.2586,1.247,1.2567,0.0074,+0.59%,66190,258112
B6M22,2022-06-03,1.2575,1.259,1.2484,1.25,-0.0067,-0.53%,66911,254529
B6M22,2022-06-06,1.2486,1.2577,1.2476,1.2535,0.0035,+0.28%,152027,258298
B6M22,2022-06-07,1.253,1.26,1.2431,1.2587,0.0052,+0.41%,236076,258623
B6U22,2022-06-08,1.2602,1.2607,1.2523,1.2548,-0.0039,-0.31%,335263,286153
B6U22,2022-06-09,1.2548,1.2567,1.2496,1.2515,-0.0033,-0.26%,259533,269983
B6U22,2022-06-10,1.2502,1.2526,1.2308,1.2324,-0.0191,-1.53%,141840,273474
B6U22,2022-06-13,1.232,1.2328,1.2121,1.2151,-0.0173,-1.40%,145456,230562
B6U22,2022-06-14,1.2148,1.2225,1.1952,1.1991,-0.016,-1.32%,164741,238322
B6U22,2022-06-15,1.2016,1.2223,1.2008,1.2142,0.0151,+1.26%,184834,238977
B6U22,2022-06-16,1.2193,1.2426,1.2061,1.2375,0.0233,+1.92%,209794,236184
B6U22,2022-06-17,1.2374,1.2379,1.2192,1.223,-0.0145,-1.17%,117255,230420
B6U22,2022-06-21,1.2241,1.2345,1.2219,1.2295,0.0065,+0.53%,120060,228266
B6U22,2022-06-22,1.23,1.2334,1.218,1.2282,-0.0013,-0.11%,94497,225992
B6U22,2022-06-23,1.2285,1.2315,1.2188,1.2272,-0.001,-0.08%,96532,227821
B6U22,2022-06-24,1.2277,1.2341,1.2261,1.2289,0.0017,+0.14%,83639,226850
B6U22,2022-06-27,1.2291,1.2353,1.2257,1.2296,0.0007,+0.06%,73024,226646
B6U22,2022-06-28,1.2288,1.2312,1.2197,1.2201,-0.0095,-0.77%,82154,228736
B6U22,2022-06-29,1.2202,1.2231,1.2123,1.2136,-0.0065,-0.53%,94315,230165
B6U22,2022-06-30,1.2141,1.2206,1.2109,1.2199,0.0063,+0.52%,117364,232208
B6U22,2022-07-01,1.2189,1.2194,1.1992,1.2113,-0.0086,-0.70%,128331,238637
B6U22,2022-07-05,1.2112,1.2182,1.1915,1.1965,-0.0148,-1.22%,172276,240926
B6U22,2022-07-06,1.1968,1.2006,1.1892,1.1941,-0.0024,-0.20%,123085,245155
B6U22,2022-07-07,1.1933,1.2046,1.1926,1.203,0.0089,+0.75%,95283,247180
B6U22,2022-07-08,1.2039,1.2071,1.1936,1.2043,0.0013,+0.11%,110368,234360
B6U22,2022-07-11,1.2052,1.2054,1.1882,1.1912,-0.0131,-1.09%,93800,231582
B6U22,2022-07-12,1.1907,1.1932,1.1823,1.1915,0.0003,+0.03%,91966,231945
B6U22,2022-07-13,1.1901,1.1984,1.1844,1.1924,0.0009,+0.08%,132794,230793
B6U22,2022-07-14,1.191,1.1911,1.1778,1.1848,-0.0076,-0.64%,139008,232163
B6U22,2022-07-15,1.1842,1.189,1.1821,1.1872,0.0024,+0.20%,90472,230055
B6U22,2022-07-18,1.1884,1.205,1.1878,1.1969,0.0097,+0.82%,95731,229546
B6U22,2022-07-19,1.1969,1.2063,1.194,1.2013,0.0044,+0.37%,109253,228051
B6U22,2022-07-20,1.2014,1.2053,1.1969,1.1982,-0.0031,-0.26%,90640,226654
B6U22,2022-07-21,1.1995,1.2021,1.1905,1.1979,-0.0003,-0.03%,123882,226232
B6U22,2022-07-22,1.2016,1.2081,1.1931,1.1994,0.0015,+0.13%,126550,227291
B6U22,2022-07-25,1.202,1.2102,1.1975,1.2063,0.0069,+0.58%,86253,226646
B6U22,2022-07-26,1.206,1.2106,1.1979,1.2043,-0.002,-0.17%,99983,225889
B6U22,2022-07-27,1.2047,1.2201,1.2035,1.2178,0.0135,+1.12%,104539,223049
B6U22,2022-07-28,1.2171,1.2205,1.2116,1.2163,-0.0015,-0.12%,116655,223796
B6U22,2022-07-29,1.2187,1.2259,1.2076,1.2188,0.0025,+0.21%,148918,227256
B6U22,2022-08-01,1.2188,1.2306,1.2168,1.2266,0.0078,+0.64%,93689,223990
B6U22,2022-08-02,1.2265,1.2291,1.217,1.218,-0.0086,-0.70%,94865,226987
B6U22,2022-08-03,1.2175,1.222,1.2111,1.2156,-0.0024,-0.20%,96145,224568
B6U22,2022-08-04,1.2159,1.2231,1.2069,1.2185,0.0029,+0.24%,118310,226285
B6U22,2022-08-05,1.2166,1.2178,1.2012,1.2073,-0.0112,-0.92%,97779,226845
B6U22,2022-08-08,1.2077,1.2147,1.2057,1.2081,0.0008,+0.07%,82630,225370
B6U22,2022-08-09,1.2088,1.2139,1.2072,1.2078,-0.0003,-0.02%,75627,224581
B6U22,2022-08-10,1.2084,1.2286,1.2074,1.2235,0.0157,+1.30%,126948,228917
B6U22,2022-08-11,1.2225,1.2258,1.219,1.2208,-0.0027,-0.22%,95878,225752
B6U22,2022-08-12,1.2207,1.2227,1.2107,1.2148,-0.006,-0.49%,96744,222561
B6U22,2022-08-15,1.2141,1.2156,1.2057,1.2061,-0.0087,-0.72%,83702,225504
B6U22,2022-08-16,1.2063,1.2125,1.2014,1.2096,0.0035,+0.29%,101572,227752
B6U22,2022-08-17,1.2102,1.2151,1.2035,1.207,-0.0026,-0.21%,98084,230336
B6U22,2022-08-18,1.2057,1.2086,1.1928,1.1937,-0.0133,-1.10%,113814,235998
B6U22,2022-08-19,1.1935,1.1941,1.1797,1.1817,-0.012,-1.01%,121960,239530
B6U22,2022-08-22,1.183,1.1842,1.1747,1.1757,-0.006,-0.51%,101152,243761
B6U22,2022-08-23,1.177,1.1883,1.1722,1.1822,0.0065,+0.55%,135760,248007
B6U22,2022-08-24,1.1837,1.1843,1.176,1.1792,-0.003,-0.25%,98188,246743
B6U22,2022-08-25,1.1801,1.1868,1.1788,1.1831,0.0039,+0.33%,94553,249793
B6U22,2022-08-26,1.184,1.1905,1.1737,1.1747,-0.0084,-0.71%,145162,254875
B6U22,2022-08-29,1.1732,1.1747,1.1651,1.1705,-0.0042,-0.36%,102525,256713
B6U22,2022-08-30,1.1708,1.1765,1.1624,1.1661,-0.0044,-0.38%,119969,262004
B6U22,2022-08-31,1.1657,1.1696,1.1601,1.1618,-0.0043,-0.37%,132008,267118
B6U22,2022-09-01,1.1619,1.1621,1.1501,1.154,-0.0078,-0.67%,131751,277235
B6U22,2022-09-02,1.1545,1.1594,1.1497,1.1515,-0.0025,-0.22%,143294,274687
B6U22,2022-09-06,1.1491,1.1611,1.1445,1.1526,0.0011,+0.10%,217013,280937
B6U22,2022-09-07,1.1521,1.1542,1.1407,1.1503,-0.0023,-0.20%,145177,279472
B6U22,2022-09-08,1.1539,1.1562,1.146,1.1499,-0.0004,-0.03%,173039,280220
B6U22,2022-09-09,1.1502,1.1649,1.1501,1.1591,0.0092,+0.80%,191939,274819
B6U22,2022-09-12,1.1631,1.1712,1.1602,1.1681,0.009,+0.78%,219654,279380
B6U22,2022-09-13,1.1683,1.174,1.1493,1.1504,-0.0177,-1.52%,378858,303965
B6Z22,2022-09-14,1.1518,1.1615,1.1505,1.1565,0.0061,+0.53%,329284,293825
B6Z22,2022-09-15,1.1567,1.1572,1.1478,1.149,-0.0075,-0.65%,209286,286784
B6Z22,2022-09-16,1.1492,1.1504,1.1374,1.1436,-0.0054,-0.47%,163473,287072
B6Z22,2022-09-19,1.1445,1.1466,1.138,1.1443,0.0007,+0.06%,50472,263049
B6Z22,2022-09-20,1.1456,1.1485,1.138,1.1392,-0.0051,-0.45%,107759,266295
B6Z22,2022-09-21,1.1405,1.1407,1.1258,1.137,-0.0022,-0.19%,155070,272665
B6Z22,2022-09-22,1.1292,1.1386,1.1233,1.1274,-0.0096,-0.84%,190636,280699
B6Z22,2022-09-23,1.1279,1.1298,1.084,1.0861,-0.0413,-3.66%,277049,279751
B6Z22,2022-09-26,1.084,1.093,1.0392,1.0693,-0.0168,-1.55%,386393,280007
B6Z22,2022-09-27,1.0674,1.0848,1.0648,1.0738,0.0045,+0.42%,218469,281805
B6Z22,2022-09-28,1.0732,1.0919,1.0539,1.0906,0.0168,+1.56%,286613,275983
B6Z22,2022-09-29,1.0892,1.1131,1.0765,1.1064,0.0158,+1.45%,237802,274212
B6Z22,2022-09-30,1.1125,1.1243,1.1034,1.1181,0.0117,+1.06%,237477,265250
B6Z22,2022-10-03,1.1192,1.1347,1.1093,1.1323,0.0142,+1.27%,165145,259303
B6Z22,2022-10-04,1.1332,1.1507,1.1293,1.1494,0.0171,+1.51%,162904,256906
B6Z22,2022-10-05,1.1487,1.1511,1.1242,1.1359,-0.0135,-1.17%,131091,253521
B6Z22,2022-10-06,1.1332,1.1398,1.1125,1.1162,-0.0197,-1.73%,138318,245415
B6Z22,2022-10-07,1.1178,1.1238,1.1069,1.109,-0.0072,-0.65%,134226,243598
B6Z22,2022-10-10,1.11,1.1124,1.1032,1.1071,-0.0019,-0.17%,87896,246029
B6Z22,2022-10-11,1.1072,1.1194,1.0966,1.1036,-0.0035,-0.32%,175195,255649
B6Z22,2022-10-12,1.0982,1.1148,1.0937,1.1107,0.0071,+0.64%,181960,255169
B6Z22,2022-10-13,1.1115,1.1395,1.107,1.1334,0.0227,+2.04%,227569,254785
B6Z22,2022-10-14,1.1346,1.1381,1.1166,1.1187,-0.0147,-1.30%,225798,261901
B6Z22,2022-10-17,1.1243,1.1455,1.1224,1.1379,0.0192,+1.72%,140002,262684
B6Z22,2022-10-18,1.1379,1.1425,1.1269,1.1332,-0.0047,-0.41%,115174,258826
B6Z22,2022-10-19,1.1338,1.1373,1.1199,1.1219,-0.0113,-1.00%,106904,259838
B6Z22,2022-10-20,1.1236,1.1351,1.1187,1.1233,0.0014,+0.12%,132426,257234
B6Z22,2022-10-21,1.1251,1.133,1.1074,1.1287,0.0054,+0.48%,193427,256543
B6Z22,2022-10-24,1.1403,1.1425,1.1273,1.1296,0.0009,+0.08%,145640,258739
B6Z22,2022-10-25,1.1294,1.1517,1.1287,1.1489,0.0193,+1.71%,136019,258969
B6Z22,2022-10-26,1.149,1.1654,1.1446,1.1641,0.0152,+1.32%,156218,253414
B6Z22,2022-10-27,1.1641,1.1661,1.1565,1.1576,-0.0065,-0.56%,130281,250939
B6Z22,2022-10-28,1.1579,1.1639,1.1518,1.1627,0.0051,+0.44%,119012,248991
B6Z22,2022-10-31,1.1619,1.1629,1.1475,1.1486,-0.0141,-1.21%,103846,248614
B6Z22,2022-11-01,1.1483,1.1581,1.1452,1.1499,0.0013,+0.11%,109853,243549
B6Z22,2022-11-02,1.1501,1.1583,1.1402,1.1489,-0.001,-0.09%,106828,244529
B6Z22,2022-11-03,1.1402,1.1436,1.1165,1.1178,-0.0311,-2.71%,177229,249678
B6Z22,2022-11-04,1.1171,1.1396,1.1156,1.1381,0.0203,+1.82%,163374,249713
B6Z22,2022-11-07,1.1341,1.1555,1.1304,1.1546,0.0165,+1.45%,139279,243999
B6Z22,2022-11-08,1.1525,1.1612,1.1442,1.1549,0.0003,+0.03%,107412,237334
B6Z22,2022-11-09,1.1557,1.1578,1.1344,1.1355,-0.0194,-1.68%,112890,237620
B6Z22,2022-11-10,1.1367,1.1743,1.1364,1.1708,0.0353,+3.11%,179358,237332
B6Z22,2022-11-11,1.1715,1.1867,1.1659,1.1865,0.0157,+1.34%,127208,232776
B6Z22,2022-11-14,1.1795,1.184,1.172,1.1791,-0.0074,-0.62%,105144,230145
B6Z22,2022-11-15,1.1764,1.2041,1.1752,1.1885,0.0094,+0.80%,154010,230102
B6Z22,2022-11-16,1.1872,1.1952,1.1841,1.1922,0.0037,+0.31%,113032,226965
B6Z22,2022-11-17,1.1927,1.1967,1.1772,1.186,-0.0062,-0.52%,100918,224612
B6Z22,2022-11-18,1.1876,1.196,1.1866,1.19,0.004,+0.34%,78536,222700
B6Z22,2022-11-21,1.1894,1.1904,1.1787,1.1824,-0.0076,-0.64%,63075,221934
B6Z22,2022-11-22,1.1829,1.1911,1.1826,1.1892,0.0068,+0.58%,58984,222317
B6Z22,2022-11-23,1.1892,1.2089,1.1881,1.2074,0.0182,+1.53%,97863,223727
B6Z22,2022-11-25,1.2062,1.2161,1.2061,1.2102,0.0028,+0.23%,99265,224369
B6Z22,2022-11-28,1.2078,1.2125,1.1947,1.1959,-0.0143,-1.18%,90439,221222
B6Z22,2022-11-29,1.1965,1.2071,1.1951,1.1958,-0.0001,-0.01%,85671,225480
B6Z22,2022-11-30,1.1956,1.2093,1.1905,1.2064,0.0106,+0.89%,118105,226793
B6Z22,2022-12-01,1.2066,1.2321,1.2066,1.2264,0.02,+1.66%,128230,228841
B6Z22,2022-12-02,1.2262,1.2306,1.2139,1.2292,0.0028,+0.23%,109824,227064
B6Z22,2022-12-05,1.2295,1.235,1.2167,1.2179,-0.0113,-0.92%,85738,227800
B6Z22,2022-12-06,1.22,1.2274,1.2131,1.2149,-0.003,-0.25%,98253,230311
B6Z22,2022-12-07,1.2136,1.2239,1.2111,1.2218,0.0069,+0.57%,85429,232703
B6Z22,2022-12-08,1.2215,1.2251,1.2158,1.2247,0.0029,+0.24%,75002,231985
B6Z22,2022-12-09,1.2237,1.2325,1.2202,1.2275,0.0028,+0.23%,94602,231655
B6Z22,2022-12-12,1.2263,1.2302,1.2209,1.2261,-0.0014,-0.11%,187450,237363
B6Z22,2022-12-13,1.2265,1.2448,1.225,1.2377,0.0116,+0.95%,265690,240264
B6H23,2022-12-14,1.2403,1.2479,1.2376,1.2435,0.0058,+0.47%,310368,230307
B6H23,2022-12-15,1.2467,1.2467,1.2186,1.222,-0.0215,-1.73%,233479,228706
B6H23,2022-12-16,1.2214,1.2252,1.215,1.2197,-0.0023,-0.19%,126274,225870
B6H23,2022-12-19,1.2186,1.2272,1.2148,1.2171,-0.0026,-0.21%,64109,186564
B6H23,2022-12-20,1.2175,1.2252,1.2113,1.2197,0.0026,+0.21%,88911,187766
B6H23,2022-12-21,1.2212,1.2219,1.2081,1.2108,-0.0089,-0.73%,75859,190115
B6H23,2022-12-22,1.2107,1.2171,1.2017,1.2054,-0.0054,-0.45%,73290,190106
B6H23,2022-12-23,1.2063,1.2115,1.2042,1.2064,0.001,+0.08%,60638,193323
B6H23,2022-12-27,1.2076,1.2137,1.2025,1.2054,-0.001,-0.08%,43032,195440
B6H23,2022-12-28,1.2055,1.215,1.2026,1.2049,-0.0005,-0.04%,72226,196436
B6H23,2022-12-29,1.204,1.21,1.2035,1.2095,0.0046,+0.38%,52961,196017
B6H23,2022-12-30,1.2083,1.2128,1.203,1.2084,-0.0011,-0.09%,79002,201908
B6H23,2023-01-03,1.2076,1.2105,1.1919,1.2004,-0.008,-0.66%,118627,205722
B6H23,2023-01-04,1.1989,1.2108,1.1977,1.2079,0.0075,+0.62%,94153,203028
B6H23,2023-01-05,1.2079,1.2098,1.1892,1.1937,-0.0142,-1.18%,98364,209737
B6H23,2023-01-06,1.1931,1.212,1.1861,1.2117,0.018,+1.51%,105982,203002
B6H23,2023-01-09,1.2109,1.2229,1.2109,1.2222,0.0105,+0.87%,87829,203295
B6H23,2023-01-10,1.2203,1.2216,1.2129,1.2182,-0.004,-0.33%,72837,202713
B6H23,2023-01-11,1.2167,1.2196,1.2119,1.2173,-0.0009,-0.07%,55365,203988
B6H23,2023-01-12,1.217,1.2264,1.2083,1.224,0.0067,+0.55%,136853,198537
B6H23,2023-01-13,1.2234,1.2268,1.2167,1.2245,0.0005,+0.04%,64109,200881
B6H23,2023-01-17,1.2241,1.2317,1.2185,1.229,0.0045,+0.37%,151217,201956
B6H23,2023-01-18,1.2303,1.2452,1.227,1.2356,0.0066,+0.54%,112184,199562
B6H23,2023-01-19,1.236,1.2411,1.2326,1.2407,0.0051,+0.41%,77373,198420
B6H23,2023-01-20,1.2405,1.242,1.2349,1.241,0.0003,+0.02%,60745,195671
B6H23,2023-01-23,1.2416,1.2462,1.2337,1.2378,-0.0032,-0.26%,67199,194549
B6H23,2023-01-24,1.2392,1.2427,1.2277,1.235,-0.0028,-0.23%,81107,194051
B6H23,2023-01-25,1.2348,1.2417,1.2297,1.2412,0.0062,+0.50%,70706,194147
B6H23,2023-01-26,1.2412,1.2442,1.2356,1.242,0.0008,+0.06%,67705,193920
B6H23,2023-01-27,1.2422,1.2432,1.2356,1.2405,-0.0015,-0.12%,55536,193450
B6H23,2023-01-30,1.2401,1.2429,1.2348,1.2358,-0.0047,-0.38%,61325,195138
B6H23,2023-01-31,1.2365,1.2382,1.2295,1.2333,-0.0025,-0.20%,80615,196113
B6H23,2023-02-01,1.2328,1.2408,1.2278,1.238,0.0047,+0.38%,90458,195104
B6H23,2023-02-02,1.2388,1.2414,1.2231,1.224,-0.014,-1.13%,154213,198987
B6H23,2023-02-03,1.2239,1.2273,1.2055,1.2063,-0.0177,-1.45%,125440,198991
B6H23,2023-02-06,1.2028,1.2085,1.2013,1.2031,-0.0032,-0.27%,88264,200341
B6H23,2023-02-07,1.2028,1.2103,1.1968,1.2041,0.001,+0.08%,101740,203720
B6H23,2023-02-08,1.2061,1.2117,1.2045,1.2079,0.0038,+0.32%,65337,208759
B6H23,2023-02-09,1.2079,1.2201,1.2064,1.2126,0.0047,+0.39%,85010,208492
B6H23,2023-02-10,1.2125,1.2146,1.2053,1.2056,-0.007,-0.58%,75309,209374
B6H23,2023-02-13,1.2059,1.2158,1.2037,1.2138,0.0082,+0.68%,57556,205820
B6H23,2023-02-14,1.2145,1.2277,1.2124,1.2181,0.0043,+0.35%,113178,205316
B6H23,2023-02-15,1.2181,1.2187,1.1994,1.2026,-0.0155,-1.27%,112308,216885
B6H23,2023-02-16,1.2038,1.2079,1.1971,1.2017,-0.0009,-0.07%,82897,215533
B6H23,2023-02-17,1.1991,1.2054,1.192,1.2051,0.0034,+0.28%,88396,213220
B6H23,2023-02-21,1.2044,1.2152,1.199,1.2112,0.0061,+0.51%,139806,213502
B6H23,2023-02-22,1.2116,1.2139,1.2038,1.2041,-0.0071,-0.59%,71556,211349
B6H23,2023-02-23,1.2048,1.2078,1.1995,1.202,-0.0021,-0.17%,70775,213364
B6H23,2023-02-24,1.202,1.2045,1.1927,1.1947,-0.0073,-0.61%,95579,219263
B6H23,2023-02-27,1.195,1.2069,1.1925,1.2061,0.0114,+0.95%,93080,214892
B6H23,2023-02-28,1.2063,1.2148,1.202,1.2057,-0.0004,-0.03%,115590,212064
B6H23,2023-03-01,1.2025,1.2092,1.1967,1.202,-0.0037,-0.31%,131914,208279
B6H23,2023-03-02,1.203,1.2038,1.1922,1.1945,-0.0075,-0.62%,108832,215541
B6H23,2023-03-03,1.195,1.2051,1.195,1.2047,0.0102,+0.85%,114272,211998
B6H23,2023-03-06,1.2043,1.2052,1.1994,1.2017,-0.003,-0.25%,154981,214252
B6H23,2023-03-07,1.2027,1.2067,1.1822,1.183,-0.0187,-1.56%,264979,222558
B6H23,2023-03-08,1.183,1.1859,1.1803,1.1843,0.0013,+0.11%,350083,232860
B6M23,2023-03-09,1.1871,1.1968,1.1861,1.1939,0.0096,+0.81%,309394,249997
B6M23,2023-03-10,1.1955,1.2145,1.1937,1.2061,0.0122,+1.02%,225366,237815
B6M23,2023-03-13,1.211,1.2227,1.2068,1.2224,0.0163,+1.35%,150562,195396
B6M23,2023-03-14,1.2216,1.225,1.2157,1.2199,-0.0025,-0.20%,127353,193377
B6M23,2023-03-15,1.2182,1.2208,1.2036,1.2103,-0.0096,-0.79%,146694,192237
B6M23,2023-03-16,1.2091,1.2154,1.2052,1.2148,0.0045,+0.37%,112119,186634
B6M23,2023-03-17,1.2135,1.2226,1.2128,1.2223,0.0075,+0.62%,87102,187996
B6M23,2023-03-20,1.2226,1.2313,1.2191,1.2307,0.0084,+0.69%,97165,190771
B6M23,2023-03-21,1.2306,1.2308,1.2204,1.2241,-0.0066,-0.54%,82830,190796
B6M23,2023-03-22,1.2246,1.2358,1.2233,1.2325,0.0084,+0.69%,108912,190820
B6M23,2023-03-23,1.2295,1.2366,1.2282,1.2298,-0.0027,-0.22%,96714,194843
B6M23,2023-03-24,1.2307,1.2312,1.2211,1.2248,-0.005,-0.41%,82056,194860
B6M23,2023-03-27,1.226,1.2317,1.2241,1.231,0.0062,+0.51%,62580,197108
B6M23,2023-03-28,1.2309,1.237,1.2302,1.2358,0.0048,+0.39%,64105,199868
B6M23,2023-03-29,1.236,1.2382,1.2323,1.2335,-0.0023,-0.19%,77752,205744
B6M23,2023-03-30,1.2335,1.2414,1.2314,1.2413,0.0078,+0.63%,77981,211868
B6M23,2023-03-31,1.2412,1.2442,1.2344,1.2355,-0.0058,-0.47%,96281,211755
B6M23,2023-04-03,1.2351,1.2444,1.2293,1.243,0.0075,+0.61%,92083,217123
B6M23,2023-04-04,1.2439,1.2545,1.2415,1.2519,0.0089,+0.72%,112240,224690
B6M23,2023-04-05,1.2522,1.2532,1.2451,1.2483,-0.0036,-0.29%,90236,227655
B6M23,2023-04-06,1.2481,1.2505,1.2431,1.2473,-0.001,-0.08%,67876,226385
B6M23,2023-04-07,1.2456,1.2475,1.2408,1.2442,-0.0031,-0.25%,16338,225792
B6M23,2023-04-10,1.2434,1.2463,1.2364,1.24,-0.0042,-0.34%,43818,224673
B6M23,2023-04-11,1.2402,1.2476,1.2402,1.244,0.004,+0.32%,66291,225292
B6M23,2023-04-12,1.2448,1.2515,1.2418,1.2507,0.0067,+0.54%,87272,228758
B6M23,2023-04-13,1.2506,1.2556,1.2492,1.2544,0.0037,+0.30%,76361,233924
B6M23,2023-04-14,1.2547,1.2564,1.2417,1.2433,-0.0111,-0.88%,90349,229053
B6M23,2023-04-17,1.2441,1.2456,1.237,1.2391,-0.0042,-0.34%,77119,223068
B6M23,2023-04-18,1.2396,1.2467,1.2385,1.2446,0.0055,+0.44%,75031,224536
B6M23,2023-04-19,1.2443,1.2491,1.2408,1.2454,0.0008,+0.06%,88429,227393
B6M23,2023-04-20,1.2454,1.2483,1.2419,1.2455,0.0001,+0.01%,67644,231262
B6M23,2023-04-21,1.2453,1.2463,1.2381,1.2445,-0.001,-0.08%,86640,230911
B6M23,2023-04-24,1.2452,1.2502,1.2425,1.2498,0.0053,+0.43%,72672,233491
B6M23,2023-04-25,1.2501,1.2522,1.2401,1.2421,-0.0077,-0.62%,99588,231666
B6M23,2023-04-26,1.2421,1.2531,1.2417,1.247,0.0049,+0.39%,109739,233669
B6M23,2023-04-27,1.2484,1.2515,1.245,1.2508,0.0038,+0.30%,80436,234706
B6M23,2023-04-28,1.2512,1.2599,1.246,1.2579,0.0071,+0.57%,124601,241606
B6M23,2023-05-01,1.2585,1.2597,1.2493,1.25,-0.0079,-0.63%,71959,234853
B6M23,2023-05-02,1.2506,1.2526,1.2448,1.2481,-0.0019,-0.15%,103736,231602
B6M23,2023-05-03,1.248,1.2605,1.248,1.2578,0.0097,+0.78%,79389,231934
B6M23,2023-05-04,1.2579,1.2617,1.2561,1.2592,0.0014,+0.11%,82606,236066
B6M23,2023-05-05,1.2584,1.2665,1.2534,1.2654,0.0062,+0.49%,95105,235299
B6M23,2023-05-08,1.2641,1.2682,1.2626,1.2631,-0.0023,-0.18%,54498,239642
B6M23,2023-05-09,1.2622,1.2651,1.259,1.2635,0.0004,+0.03%,76560,242576
B6M23,2023-05-10,1.2632,1.2692,1.2615,1.2634,-0.0001,-0.01%,107603,248859
B6M23,2023-05-11,1.2638,1.2652,1.2506,1.2522,-0.0112,-0.89%,118646,246528
B6M23,2023-05-12,1.2521,1.255,1.2454,1.2457,-0.0065,-0.52%,91309,245924
B6M23,2023-05-15,1.2455,1.2545,1.2454,1.2539,0.0082,+0.66%,69637,245858
B6M23,2023-05-16,1.2535,1.2556,1.2475,1.2495,-0.0044,-0.35%,112328,247165
B6M23,2023-05-17,1.2494,1.2519,1.243,1.2492,-0.0003,-0.02%,86994,245277
B6M23,2023-05-18,1.2499,1.2501,1.24,1.2411,-0.0081,-0.65%,82231,240251
B6M23,2023-05-19,1.2412,1.2492,1.2401,1.2457,0.0046,+0.37%,87149,240132
B6M23,2023-05-22,1.2455,1.2479,1.2421,1.245,-0.0007,-0.06%,66590,240321
B6M23,2023-05-23,1.2445,1.2454,1.238,1.2425,-0.0025,-0.20%,93014,237614
B6M23,2023-05-24,1.2426,1.2478,1.2364,1.2367,-0.0058,-0.47%,125939,237444
B6M23,2023-05-25,1.2377,1.2394,1.2314,1.2323,-0.0044,-0.36%,97533,236842
B6M23,2023-05-26,1.2328,1.2401,1.2317,1.2357,0.0034,+0.28%,89425,236015
B6M23,2023-05-30,1.236,1.2453,1.2333,1.2398,0.0041,+0.33%,119078,240301
B6M23,2023-05-31,1.2418,1.2451,1.2354,1.2428,0.003,+0.24%,141816,237248
B6M23,2023-06-01,1.2447,1.2545,1.2404,1.2531,0.0103,+0.83%,121096,239370
B6M23,2023-06-02,1.253,1.2549,1.2446,1.2456,-0.0075,-0.60%,98651,238194
B6M23,2023-06-05,1.2451,1.2455,1.2372,1.2439,-0.0017,-0.14%,111733,235531
B6M23,2023-06-06,1.2436,1.2462,1.2395,1.2434,-0.0005,-0.04%,81980,242117
B6M23,2023-06-07,1.2425,1.2505,1.2398,1.2443,0.0009,+0.07%,110383,241935
B6M23,2023-06-08,1.2446,1.2564,1.2439,1.2559,0.0116,+0.93%,101982,249618
B6M23,2023-06-09,1.2562,1.2593,1.2537,1.2578,0.0019,+0.15%,149324,249491
B6M23,2023-06-12,1.2588,1.2601,1.2489,1.2507,-0.0071,-0.56%,184299,254073
B6M23,2023-06-13,1.2515,1.2628,1.2511,1.2604,0.0097,+0.78%,401260,290350
B6U23,2023-06-14,1.2628,1.2716,1.2618,1.2686,0.0082,+0.65%,248251,286862
B6U23,2023-06-15,1.2682,1.28,1.2646,1.2796,0.011,+0.87%,152151,295603
B6U23,2023-06-16,1.2798,1.2863,1.2784,1.2847,0.0051,+0.40%,107167,219864
B6U23,2023-06-20,1.284,1.285,1.2726,1.2772,-0.0075,-0.58%,135986,226505
B6U23,2023-06-21,1.2779,1.2816,1.2703,1.2785,0.0013,+0.10%,120645,230074
B6U23,2023-06-22,1.2779,1.2874,1.273,1.275,-0.0035,-0.27%,115357,229605
B6U23,2023-06-23,1.2748,1.2754,1.2688,1.2714,-0.0036,-0.28%,88376,227822
B6U23,2023-06-26,1.272,1.2753,1.2692,1.2724,0.001,+0.08%,69827,229191
B6U23,2023-06-27,1.2716,1.2764,1.2708,1.2755,0.0031,+0.24%,85369,229970
B6U23,2023-06-28,1.2753,1.2757,1.261,1.2652,-0.0103,-0.81%,128996,222927
B6U23,2023-06-29,1.2639,1.2671,1.2594,1.2617,-0.0035,-0.28%,106146,221263
B6U23,2023-06-30,1.2614,1.2731,1.2603,1.2699,0.0082,+0.65%,107703,219979
B6U23,2023-07-03,1.2702,1.2727,1.2662,1.2694,-0.0005,-0.04%,81519,221021
B6U23,2023-07-05,1.2694,1.2742,1.2686,1.2698,0.0004,+0.03%,114880,222494
B6U23,2023-07-06,1.2706,1.2784,1.2676,1.2743,0.0045,+0.35%,136698,225300
B6U23,2023-07-07,1.274,1.2853,1.2729,1.2843,0.01,+0.78%,111258,224173
B6U23,2023-07-10,1.284,1.2872,1.2753,1.2861,0.0018,+0.14%,104618,227789
B6U23,2023-07-11,1.2863,1.2939,1.2861,1.2932,0.0071,+0.55%,115968,239125
B6U23,2023-07-12,1.2931,1.3005,1.2908,1.2997,0.0065,+0.50%,126877,246412
B6U23,2023-07-13,1.2993,1.3145,1.2986,1.3135,0.0138,+1.06%,114824,250678
B6U23,2023-07-14,1.3136,1.3146,1.3093,1.3106,-0.0029,-0.22%,92246,255554
B6U23,2023-07-17,1.3098,1.3112,1.3054,1.3085,-0.0021,-0.16%,72325,261789
B6U23,2023-07-18,1.3077,1.3129,1.3032,1.3049,-0.0036,-0.28%,96458,265766
B6U23,2023-07-19,1.3041,1.3046,1.2871,1.2932,-0.0117,-0.90%,136059,256885
B6U23,2023-07-20,1.294,1.2968,1.2843,1.2861,-0.0071,-0.55%,91861,250127
B6U23,2023-07-21,1.2873,1.2907,1.2819,1.2862,0.0001,+0.01%,106142,243833
B6U23,2023-07-24,1.2863,1.2887,1.2801,1.2828,-0.0034,-0.26%,81542,242091
B6U23,2023-07-25,1.2828,1.2909,1.2813,1.2897,0.0069,+0.54%,72120,237340
B6U23,2023-07-26,1.2906,1.2964,1.2879,1.296,0.0063,+0.49%,77790,236718
B6U23,2023-07-27,1.2947,1.2999,1.2786,1.2804,-0.0156,-1.20%,131234,233293
B6U23,2023-07-28,1.2802,1.2892,1.2765,1.286,0.0056,+0.44%,108759,228586
B6U23,2023-07-31,1.2854,1.2876,1.2832,1.2841,-0.0019,-0.15%,64071,224773
B6U23,2023-08-01,1.284,1.2844,1.2744,1.2775,-0.0066,-0.51%,98313,220906
B6U23,2023-08-02,1.2785,1.2808,1.2683,1.2722,-0.0053,-0.41%,100627,219464
B6U23,2023-08-03,1.2713,1.2731,1.2623,1.2703,-0.0019,-0.15%,123815,212794
B6U23,2023-08-04,1.2713,1.2796,1.2655,1.2757,0.0054,+0.43%,94332,208765
B6U23,2023-08-07,1.2756,1.2793,1.2717,1.2787,0.003,+0.24%,58575,207893
B6U23,2023-08-08,1.2783,1.279,1.2687,1.2749,-0.0038,-0.30%,71039,206954
B6U23,2023-08-09,1.2755,1.2786,1.2715,1.2727,-0.0022,-0.17%,60971,205867
B6U23,2023-08-10,1.2721,1.2822,1.2672,1.2695,-0.0032,-0.25%,94930,209605
B6U23,2023-08-11,1.2679,1.2741,1.2669,1.2701,0.0006,+0.05%,74195,208871
B6U23,2023-08-14,1.27,1.2718,1.2619,1.2678,-0.0023,-0.18%,90695,211455
B6U23,2023-08-15,1.2693,1.2755,1.2678,1.2708,0.003,+0.24%,99091,215340
B6U23,2023-08-16,1.2707,1.277,1.269,1.2727,0.0019,+0.15%,80365,220595
B6U23,2023-08-17,1.2733,1.2791,1.2705,1.273,0.0003,+0.02%,89895,226678
B6U23,2023-08-18,1.2749,1.2768,1.2692,1.2745,0.0015,+0.12%,85075,226612
B6U23,2023-08-21,1.2734,1.277,1.2713,1.2766,0.0021,+0.16%,73380,227326
B6U23,2023-08-22,1.2759,1.2804,1.2721,1.2741,-0.0025,-0.20%,76395,228179
B6U23,2023-08-23,1.2733,1.2767,1.2615,1.2718,-0.0023,-0.18%,160619,232224
B6U23,2023-08-24,1.2722,1.2731,1.2592,1.2609,-0.0109,-0.86%,103979,233431
B6U23,2023-08-25,1.2604,1.2656,1.255,1.2597,-0.0012,-0.10%,125156,232091
B6U23,2023-08-28,1.2583,1.2613,1.2568,1.2604,0.0007,+0.06%,46008,232065
B6U23,2023-08-29,1.2606,1.2656,1.2564,1.2634,0.003,+0.24%,106879,228616
B6U23,2023-08-30,1.2645,1.2748,1.262,1.2718,0.0084,+0.66%,93628,231437
B6U23,2023-08-31,1.272,1.2737,1.2654,1.2665,-0.0053,-0.42%,92069,224647
B6U23,2023-09-01,1.2674,1.2715,1.2578,1.2594,-0.0071,-0.56%,100652,222168
B6U23,2023-09-05,1.259,1.2643,1.2528,1.2567,-0.0027,-0.21%,147861,225404
B6U23,2023-09-06,1.2565,1.2589,1.2483,1.2507,-0.006,-0.48%,110557,229093
B6U23,2023-09-07,1.2505,1.2508,1.2446,1.2471,-0.0036,-0.29%,97767,231519
B6U23,2023-09-08,1.2473,1.2515,1.2451,1.2451,-0.002,-0.16%,74386,231158
B6U23,2023-09-11,1.247,1.2548,1.247,1.251,0.0059,+0.47%,160114,237971
B6U23,2023-09-12,1.2513,1.2531,1.246,1.2486,-0.0024,-0.19%,169919,227437
B6Z23,2023-09-13,1.2493,1.2513,1.2437,1.2488,0.0002,+0.02%,380869,243353
B6Z23,2023-09-14,1.2491,1.2507,1.2398,1.2403,-0.0085,-0.68%,246537,227053
B6Z23,2023-09-15,1.2408,1.2446,1.2379,1.2382,-0.0021,-0.17%,129997,216374
B6Z23,2023-09-18,1.2383,1.241,1.237,1.2374,-0.0008,-0.06%,62741,190735
B6Z23,2023-09-19,1.2385,1.2425,1.2369,1.239,0.0016,+0.13%,64886,191117
B6Z23,2023-09-20,1.2391,1.2424,1.2332,1.2362,-0.0028,-0.23%,157519,201974
B6Z23,2023-09-21,1.2343,1.2347,1.2233,1.2293,-0.0069,-0.56%,169748,215586
B6Z23,2023-09-22,1.2298,1.2299,1.2235,1.2246,-0.0047,-0.38%,115176,222403
B6Z23,2023-09-25,1.2245,1.2255,1.2198,1.2212,-0.0034,-0.28%,74206,225393
B6Z23,2023-09-26,1.2218,1.2221,1.2156,1.2161,-0.0051,-0.42%,81373,227843
B6Z23,2023-09-27,1.2162,1.2169,1.2115,1.2143,-0.0018,-0.15%,151198,235664
B6Z23,2023-09-28,1.2143,1.2229,1.2124,1.2199,0.0056,+0.46%,132386,245358
B6Z23,2023-09-29,1.221,1.2277,1.2185,1.221,0.0011,+0.09%,134666,240464
B6Z23,2023-10-02,1.2199,1.2225,1.2091,1.2111,-0.0099,-0.81%,106737,239085
B6Z23,2023-10-03,1.2093,1.2106,1.2058,1.2091,-0.002,-0.17%,112891,241045
B6Z23,2023-10-04,1.208,1.2182,1.2043,1.2143,0.0052,+0.43%,136285,238999
B6Z23,2023-10-05,1.2143,1.22,1.2112,1.2199,0.0056,+0.46%,105520,236826
B6Z23,2023-10-06,1.2197,1.2266,1.211,1.2251,0.0052,+0.43%,130310,234818
B6Z23,2023-10-09,1.2202,1.225,1.2169,1.2239,-0.0012,-0.10%,88093,231306
B6Z23,2023-10-10,1.2246,1.2297,1.2217,1.2284,0.0045,+0.37%,99810,231510
B6Z23,2023-10-11,1.2292,1.2342,1.2271,1.2309,0.0025,+0.20%,98094,231913
B6Z23,2023-10-12,1.2316,1.2335,1.2176,1.2178,-0.0131,-1.06%,104183,229225
B6Z23,2023-10-13,1.218,1.2229,1.2127,1.2139,-0.0039,-0.32%,101562,224264
B6Z23,2023-10-16,1.2152,1.2223,1.2146,1.2216,0.0077,+0.63%,71795,224667
B6Z23,2023-10-17,1.2219,1.2221,1.2137,1.2179,-0.0037,-0.30%,98831,222945
B6Z23,2023-10-18,1.2188,1.2215,1.2141,1.2148,-0.0031,-0.25%,87315,225190
B6Z23,2023-10-19,1.2143,1.2195,1.2094,1.2146,-0.0002,-0.02%,115692,228832
B6Z23,2023-10-20,1.2145,1.2173,1.2097,1.216,0.0014,+0.12%,81551,232063
B6Z23,2023-10-23,1.2168,1.2262,1.2146,1.2259,0.0099,+0.81%,96813,233429
B6Z23,2023-10-24,1.2252,1.2292,1.2157,1.2165,-0.0094,-0.77%,99484,233259
B6Z23,2023-10-25,1.2163,1.2179,1.211,1.2119,-0.0046,-0.38%,94416,232259
B6Z23,2023-10-26,1.2114,1.2143,1.2072,1.2139,0.002,+0.17%,93498,232193
B6Z23,2023-10-27,1.2129,1.2167,1.2109,1.2117,-0.0022,-0.18%,83588,233533
B6Z23,2023-10-30,1.213,1.2179,1.2094,1.2166,0.0049,+0.40%,77538,230748
B6Z23,2023-10-31,1.2171,1.2205,1.2123,1.2154,-0.0012,-0.10%,91258,229991
B6Z23,2023-11-01,1.2155,1.2168,1.2098,1.2133,-0.0021,-0.17%,114186,230682
B6Z23,2023-11-02,1.2157,1.2231,1.2155,1.2209,0.0076,+0.63%,132895,223433
B6Z23,2023-11-03,1.2205,1.2393,1.2187,1.2384,0.0175,+1.43%,145107,218420
B6Z23,2023-11-06,1.2378,1.2432,1.2341,1.2355,-0.0029,-0.23%,106452,216268
B6Z23,2023-11-07,1.235,1.235,1.2265,1.2298,-0.0057,-0.46%,106540,212730
B6Z23,2023-11-08,1.2304,1.2305,1.2245,1.2286,-0.0012,-0.10%,77198,210158
B6Z23,2023-11-09,1.2288,1.2311,1.2215,1.2223,-0.0063,-0.51%,89255,212176
B6Z23,2023-11-10,1.2228,1.224,1.2183,1.2221,-0.0002,-0.02%,94254,215519
B6Z23,2023-11-13,1.2234,1.2283,1.2225,1.2281,0.006,+0.49%,65157,215222
B6Z23,2023-11-14,1.228,1.2509,1.2267,1.2503,0.0222,+1.81%,148659,216411
B6Z23,2023-11-15,1.2498,1.2523,1.2406,1.2421,-0.0082,-0.66%,151378,213771
B6Z23,2023-11-16,1.242,1.2459,1.2379,1.242,-0.0001,-0.01%,102037,209855
B6Z23,2023-11-17,1.2416,1.2468,1.2376,1.2451,0.0031,+0.25%,94508,209965
B6Z23,2023-11-20,1.2463,1.252,1.2448,1.2513,0.0062,+0.50%,82221,212557
B6Z23,2023-11-21,1.2504,1.2561,1.2504,1.2543,0.003,+0.24%,84101,208657
B6Z23,2023-11-22,1.254,1.2552,1.2451,1.2493,-0.005,-0.40%,99672,207958
B6Z23,2023-11-24,1.25,1.2617,1.2491,1.261,0.0117,+0.94%,125298,215040
B6Z23,2023-11-27,1.2607,1.2646,1.2592,1.2635,0.0025,+0.20%,92039,214366
B6Z23,2023-11-28,1.2632,1.2718,1.2609,1.2701,0.0066,+0.52%,116266,217372
B6Z23,2023-11-29,1.2702,1.2735,1.2667,1.2709,0.0008,+0.06%,100517,217623
B6Z23,2023-11-30,1.2696,1.2712,1.2605,1.2625,-0.0084,-0.66%,148159,215947
B6Z23,2023-12-01,1.2629,1.2718,1.2615,1.2701,0.0076,+0.60%,100594,217430
B6Z23,2023-12-04,1.2711,1.2726,1.2605,1.2624,-0.0077,-0.61%,108424,218937
B6Z23,2023-12-05,1.2632,1.2653,1.2578,1.2584,-0.004,-0.32%,83214,218873
B6Z23,2023-12-06,1.2595,1.2614,1.2553,1.2563,-0.0021,-0.17%,68558,216939
B6Z23,2023-12-07,1.2562,1.2613,1.2544,1.2593,0.003,+0.24%,91981,214533
B6Z23,2023-12-08,1.2594,1.2603,1.2502,1.2551,-0.0042,-0.33%,112967,213406
B6Z23,2023-12-11,1.2545,1.2592,1.2535,1.2556,0.0005,+0.04%,132078,223358
B6Z23,2023-12-12,1.2555,1.2616,1.2514,1.2564,0.0008,+0.06%,251458,243677
B6Z23,2023-12-13,1.2566,1.2635,1.2501,1.2627,0.0063,+0.50%,326977,246575
B6H24,2023-12-14,1.2628,1.2802,1.2621,1.2764,0.0137,+1.08%,254193,237933
B6H24,2023-12-15,1.277,1.2798,1.2675,1.2697,-0.0067,-0.52%,150580,236362
B6H24,2023-12-18,1.2684,1.2711,1.2636,1.2647,-0.005,-0.39%,58843,179414
B6H24,2023-12-19,1.2655,1.2769,1.2651,1.2729,0.0082,+0.65%,80958,177998
B6H24,2023-12-20,1.2737,1.2739,1.2631,1.2648,-0.0081,-0.64%,93860,178078
B6H24,2023-12-21,1.2646,1.2702,1.2618,1.2691,0.0043,+0.34%,83977,173272
B6H24,2023-12-22,1.2691,1.2751,1.2686,1.2709,0.0018,+0.14%,59325,173916
B6H24,2023-12-26,1.2701,1.2736,1.2691,1.273,0.0021,+0.17%,20935,175138
B6H24,2023-12-27,1.273,1.2808,1.2705,1.28,0.007,+0.55%,61011,176506
B6H24,2023-12-28,1.2808,1.2833,1.2717,1.2732,-0.0068,-0.53%,79086,176068
B6H24,2023-12-29,1.274,1.2778,1.2705,1.2751,0.0019,+0.15%,67937,177617
B6H24,2024-01-02,1.2739,1.2765,1.2616,1.2626,-0.0125,-0.98%,96877,177770
B6H24,2024-01-03,1.2625,1.2682,1.2621,1.267,0.0044,+0.35%,96495,172327
B6H24,2024-01-04,1.2676,1.2735,1.2663,1.2689,0.0019,+0.15%,85062,172971
B6H24,2024-01-05,1.2689,1.2777,1.2617,1.2728,0.0039,+0.31%,99313,173024
B6H24,2024-01-08,1.2727,1.2773,1.2678,1.2765,0.0037,+0.29%,74803,172619
B6H24,2024-01-09,1.2755,1.277,1.2695,1.2704,-0.0061,-0.48%,64988,172631
B6H24,2024-01-10,1.2715,1.2749,1.2691,1.2748,0.0044,+0.35%,70817,172771
B6H24,2024-01-11,1.2748,1.28,1.2694,1.2768,0.002,+0.16%,113828,175040
B6H24,2024-01-12,1.2767,1.2791,1.2724,1.2753,-0.0015,-0.12%,93834,178115
B6H24,2024-01-16,1.2757,1.2771,1.2624,1.2637,-0.0116,-0.91%,174393,179758
B6H24,2024-01-17,1.2642,1.2701,1.2601,1.2683,0.0046,+0.36%,112181,179831
B6H24,2024-01-18,1.2682,1.2712,1.2653,1.2691,0.0008,+0.06%,85282,179259
B6H24,2024-01-19,1.271,1.2719,1.2665,1.2702,0.0011,+0.09%,83433,180879
B6H24,2024-01-22,1.2706,1.2738,1.2691,1.2709,0.0007,+0.06%,67924,183663
B6H24,2024-01-23,1.2714,1.2752,1.2653,1.2684,-0.0025,-0.20%,87818,185680
B6H24,2024-01-24,1.2691,1.2779,1.269,1.2729,0.0045,+0.35%,119406,192086
B6H24,2024-01-25,1.273,1.2747,1.2685,1.2704,-0.0025,-0.20%,90868,190765
B6H24,2024-01-26,1.2713,1.2763,1.2679,1.2708,0.0004,+0.03%,81382,191684
B6H24,2024-01-29,1.2704,1.2723,1.2666,1.2696,-0.0012,-0.09%,72388,192569
B6H24,2024-01-30,1.2712,1.2726,1.2644,1.27,0.0004,+0.03%,95856,192229
B6H24,2024-01-31,1.2703,1.2755,1.2662,1.2715,0.0015,+0.12%,162364,191080
B6H24,2024-02-01,1.2691,1.276,1.2629,1.2751,0.0036,+0.28%,159304,192187
B6H24,2024-02-02,1.2748,1.2776,1.2617,1.2642,-0.0109,-0.85%,151454,202582
B6H24,2024-02-05,1.2636,1.264,1.2521,1.2537,-0.0105,-0.83%,126362,204278
B6H24,2024-02-06,1.2538,1.2607,1.2535,1.2597,0.006,+0.48%,103346,199246
B6H24,2024-02-07,1.2599,1.2645,1.2599,1.2632,0.0035,+0.28%,81796,195017
B6H24,2024-02-08,1.263,1.2642,1.2575,1.2619,-0.0013,-0.10%,68565,193216
B6H24,2024-02-09,1.262,1.2647,1.2601,1.2631,0.0012,+0.10%,70506,193384
B6H24,2024-02-12,1.2626,1.2657,1.2609,1.2627,-0.0004,-0.03%,51417,194864
B6H24,2024-02-13,1.2632,1.27,1.2575,1.2576,-0.0051,-0.40%,133164,199070
B6H24,2024-02-14,1.2593,1.2613,1.2537,1.2563,-0.0013,-0.10%,96106,196168
B6H24,2024-02-15,1.2567,1.2605,1.2542,1.2598,0.0035,+0.28%,78481,193701
B6H24,2024-02-16,1.2603,1.2627,1.2552,1.2609,0.0011,+0.09%,82596,192006
B6H24,2024-02-20,1.2606,1.267,1.2581,1.2621,0.0012,+0.10%,143267,199275
B6H24,2024-02-21,1.2623,1.2644,1.2604,1.2633,0.0012,+0.10%,64382,198214
B6H24,2024-02-22,1.264,1.2714,1.2613,1.2662,0.0029,+0.23%,150060,202320
B6H24,2024-02-23,1.2663,1.2704,1.2651,1.2677,0.0015,+0.12%,75539,207646
B6H24,2024-02-26,1.2674,1.2702,1.2658,1.268,0.0003,+0.02%,56044,209972
B6H24,2024-02-27,1.2686,1.2699,1.2662,1.2682,0.0002,+0.02%,63918,210828
B6H24,2024-02-28,1.2687,1.2687,1.2623,1.2655,-0.0027,-0.21%,85456,209354
B6H24,2024-02-29,1.266,1.2683,1.2613,1.2614,-0.0041,-0.32%,117015,209765
B6H24,2024-03-01,1.2624,1.2665,1.26,1.2664,0.005,+0.40%,97725,212097
B6H24,2024-03-04,1.2655,1.2709,1.2655,1.2692,0.0028,+0.22%,82590,219789
B6H24,2024-03-05,1.2692,1.2737,1.2672,1.2703,0.0011,+0.09%,86301,221726
B6H24,2024-03-06,1.271,1.2763,1.2691,1.2742,0.0039,+0.31%,89985,227246
B6H24,2024-03-07,1.2732,1.2812,1.2724,1.2807,0.0065,+0.51%,110680,239392
B6H24,2024-03-08,1.2811,1.2894,1.2802,1.2858,0.0051,+0.40%,155430,254982
B6H24,2024-03-11,1.2862,1.2863,1.2796,1.2807,-0.0051,-0.40%,191317,260806
B6H24,2024-03-12,1.2812,1.2824,1.2743,1.2792,-0.0015,-0.12%,278343,277702
B6M24,2024-03-13,1.2795,1.2818,1.2782,1.2802,0.001,+0.08%,325134,259293
B6M24,2024-03-14,1.2806,1.283,1.2737,1.2757,-0.0045,-0.35%,249820,248494
B6M24,2024-03-15,1.276,1.2766,1.2731,1.2745,-0.0012,-0.09%,117492,241377
B6M24,2024-03-18,1.2742,1.2754,1.2723,1.2736,-0.0009,-0.07%,58283,199560
B6M24,2024-03-19,1.2737,1.2739,1.2673,1.2729,-0.0007,-0.05%,92723,197398
B6M24,2024-03-20,1.2726,1.2792,1.269,1.2786,0.0057,+0.45%,96579,197079
B6M24,2024-03-21,1.2795,1.281,1.2656,1.2663,-0.0123,-0.96%,155522,204769
B6M24,2024-03-22,1.2662,1.2681,1.2581,1.2596,-0.0067,-0.53%,151949,205993
B6M24,2024-03-25,1.2601,1.2657,1.2597,1.2643,0.0047,+0.37%,106088,204452
B6M24,2024-03-26,1.2642,1.2673,1.2628,1.2632,-0.0011,-0.09%,77024,203109
B6M24,2024-03-27,1.2633,1.2646,1.261,1.2637,0.0005,+0.04%,77125,207848
B6M24,2024-03-28,1.2644,1.266,1.259,1.2627,-0.001,-0.08%,104027,210294
B6M24,2024-04-01,1.2636,1.2648,1.2543,1.2546,-0.0081,-0.64%,85070,217775
B6M24,2024-04-02,1.2556,1.2584,1.2543,1.2574,0.0028,+0.22%,100264,219176
B6M24,2024-04-03,1.2583,1.2662,1.2568,1.2659,0.0085,+0.68%,89727,215647
B6M24,2024-04-04,1.2658,1.2688,1.264,1.2655,-0.0004,-0.03%,85087,214225
B6M24,2024-04-05,1.2648,1.2654,1.2579,1.2639,-0.0016,-0.13%,106285,210079
B6M24,2024-04-08,1.2641,1.2669,1.2618,1.2663,0.0024,+0.19%,74057,213423
B6M24,2024-04-09,1.266,1.2715,1.2654,1.2676,0.0013,+0.10%,85908,211286
B6M24,2024-04-10,1.2684,1.2714,1.2524,1.2531,-0.0145,-1.14%,178252,230454
B6M24,2024-04-11,1.2545,1.2583,1.2515,1.2557,0.0026,+0.21%,125685,225722
B6M24,2024-04-12,1.2558,1.2563,1.2432,1.2449,-0.0108,-0.86%,131722,226406
B6M24,2024-04-15,1.2446,1.2503,1.244,1.2447,-0.0002,-0.02%,127956,226172
B6M24,2024-04-16,1.2449,1.2476,1.241,1.2443,-0.0004,-0.03%,113690,229420
B6M24,2024-04-17,1.243,1.2486,1.2421,1.2456,0.0013,+0.10%,112363,229875
B6M24,2024-04-18,1.246,1.2488,1.2437,1.2439,-0.0017,-0.14%,78394,233029
B6M24,2024-04-19,1.244,1.2472,1.237,1.2372,-0.0067,-0.54%,126717,238246
B6M24,2024-04-22,1.2375,1.2396,1.2303,1.2363,-0.0009,-0.07%,128060,243084
B6M24,2024-04-23,1.2354,1.2462,1.2335,1.2453,0.009,+0.73%,182617,242821
B6M24,2024-04-24,1.2455,1.2473,1.2426,1.2457,0.0004,+0.03%,86677,243224
B6M24,2024-04-25,1.2469,1.2536,1.2458,1.2513,0.0056,+0.45%,132302,243379
B6M24,2024-04-26,1.2517,1.2545,1.2452,1.2505,-0.0008,-0.06%,108692,239399
B6M24,2024-04-29,1.25,1.2572,1.2495,1.2567,0.0062,+0.50%,108895,238473
B6M24,2024-04-30,1.2567,1.2568,1.2494,1.2507,-0.006,-0.48%,126040,235610
B6M24,2024-05-01,1.2496,1.2554,1.2469,1.2549,0.0042,+0.34%,117212,233146
B6M24,2024-05-02,1.2528,1.2547,1.2475,1.2542,-0.0007,-0.06%,108564,226856
B6M24,2024-05-03,1.2537,1.2638,1.2532,1.2554,0.0012,+0.10%,161935,224884
B6M24,2024-05-06,1.2554,1.2598,1.2541,1.2572,0.0018,+0.14%,55828,226872
B6M24,2024-05-07,1.2569,1.2573,1.2504,1.251,-0.0062,-0.49%,84704,223730
B6M24,2024-05-08,1.2513,1.2513,1.2471,1.2498,-0.0012,-0.10%,92356,220677
B6M24,2024-05-09,1.2495,1.253,1.2449,1.2526,0.0028,+0.22%,139863,217385
B6M24,2024-05-10,1.2525,1.2544,1.2504,1.2529,0.0003,+0.02%,73340,217410
B6M24,2024-05-13,1.2521,1.2571,1.2519,1.2559,0.003,+0.24%,65407,218690
B6M24,2024-05-14,1.2561,1.2595,1.2511,1.2592,0.0033,+0.26%,113633,223242
B6M24,2024-05-15,1.2594,1.2689,1.2586,1.2683,0.0091,+0.72%,132822,219102
B6M24,2024-05-16,1.2687,1.2703,1.2646,1.2678,-0.0005,-0.04%,115508,223361
B6M24,2024-05-17,1.2671,1.2713,1.2647,1.2711,0.0033,+0.26%,81884,225151
B6M24,2024-05-20,1.2705,1.2728,1.2691,1.2714,0.0003,+0.02%,92849,221854
B6M24,2024-05-21,1.2709,1.2729,1.2689,1.2714,0,0.00%,93758,223976
B6M24,2024-05-22,1.2712,1.2764,1.2701,1.2716,0.0002,+0.02%,124180,228372
B6M24,2024-05-23,1.2721,1.2748,1.2686,1.2688,-0.0028,-0.22%,127611,241570
B6M24,2024-05-24,1.2699,1.2753,1.2677,1.2739,0.0051,+0.40%,84990,246920
B6M24,2024-05-28,1.2743,1.2802,1.2735,1.276,0.0021,+0.16%,183861,268749
B6M24,2024-05-29,1.2765,1.2774,1.27,1.2705,-0.0055,-0.43%,131561,270659
B6M24,2024-05-30,1.2704,1.2749,1.2682,1.2739,0.0034,+0.27%,101310,264379
B6M24,2024-05-31,1.2735,1.2768,1.2701,1.2732,-0.0007,-0.05%,130124,262734
B6M24,2024-06-03,1.2742,1.2811,1.2694,1.2798,0.0066,+0.52%,145758,268520
B6M24,2024-06-04,1.2808,1.2819,1.2743,1.2783,-0.0015,-0.12%,123279,267750
B6M24,2024-06-05,1.277,1.281,1.2756,1.2794,0.0011,+0.09%,88317,267122
B6M24,2024-06-06,1.2789,1.281,1.2764,1.2796,0.0002,+0.02%,107225,275043
B6M24,2024-06-07,1.2792,1.2843,1.2717,1.2725,-0.0071,-0.55%,141203,272929
B6M24,2024-06-10,1.2714,1.2738,1.2689,1.2734,0.0009,+0.07%,141881,276148
B6M24,2024-06-11,1.2728,1.2752,1.2706,1.2747,0.0013,+0.10%,229917,275487
B6M24,2024-06-12,1.2744,1.2862,1.2734,1.2814,0.0067,+0.53%,406702,301356
B6U24,2024-06-13,1.281,1.2815,1.2746,1.2772,-0.0042,-0.33%,288652,302537
B6U24,2024-06-14,1.2768,1.2771,1.2664,1.2689,-0.0083,-0.65%,183002,312076
B6U24,2024-06-17,1.2687,1.2717,1.2666,1.2713,0.0024,+0.19%,99810,207860
B6U24,2024-06-18,1.2707,1.2728,1.2676,1.2717,0.0004,+0.03%,85755,207303
B6U24,2024-06-20,1.2717,1.2746,1.2662,1.2678,-0.0039,-0.31%,144061,207072
B6U24,2024-06-21,1.2666,1.2683,1.2626,1.2655,-0.0023,-0.18%,111216,209729
B6U24,2024-06-24,1.2647,1.2706,1.264,1.2699,0.0044,+0.35%,76224,206349
B6U24,2024-06-25,1.2693,1.271,1.2678,1.2701,0.0002,+0.02%,74384,207697
B6U24,2024-06-26,1.2696,1.2701,1.2622,1.2628,-0.0073,-0.57%,110333,210146
B6U24,2024-06-27,1.2629,1.2678,1.262,1.2652,0.0024,+0.19%,84340,206178
B6U24,2024-06-28,1.2649,1.2707,1.2627,1.2649,-0.0003,-0.02%,104451,203588
B6U24,2024-07-01,1.2655,1.2727,1.2641,1.2648,-0.0001,-0.01%,120021,201568
B6U24,2024-07-02,1.2658,1.2704,1.2622,1.2691,0.0043,+0.34%,92551,198119
B6U24,2024-07-03,1.2694,1.2785,1.2685,1.2743,0.0052,+0.41%,104593,198766
B6U24,2024-07-05,1.2753,1.2825,1.2748,1.2824,0.0081,+0.64%,129589,205721
B6U24,2024-07-08,1.282,1.2853,1.2808,1.282,-0.0004,-0.03%,104906,222338
B6U24,2024-07-09,1.2814,1.2832,1.2785,1.2794,-0.0026,-0.20%,85304,224179
B6U24,2024-07-10,1.2795,1.2856,1.2791,1.2853,0.0059,+0.46%,90626,227602
B6U24,2024-07-11,1.2856,1.2956,1.2855,1.292,0.0067,+0.52%,151473,237185
B6U24,2024-07-12,1.2921,1.2997,1.2909,1.2996,0.0076,+0.59%,118766,249656
B6U24,2024-07-15,1.299,1.3001,1.2968,1.2979,-0.0017,-0.13%,117861,268947
B6U24,2024-07-16,1.2973,1.2986,1.2944,1.2975,-0.0004,-0.03%,99908,280623
B6U24,2024-07-17,1.2979,1.305,1.2973,1.3012,0.0037,+0.29%,117234,278586
B6U24,2024-07-18,1.3015,1.3018,1.2946,1.2954,-0.0058,-0.45%,80370,285628
B6U24,2024-07-19,1.2952,1.2957,1.2907,1.2915,-0.0039,-0.30%,76345,286309
B6U24,2024-07-22,1.2918,1.2947,1.2911,1.2931,0.0016,+0.12%,79943,290246
B6U24,2024-07-23,1.2938,1.2941,1.2893,1.2909,-0.0022,-0.17%,69751,289241
B6U24,2024-07-24,1.2914,1.2943,1.2883,1.2909,0,0.00%,86737,288362
B6U24,2024-07-25,1.2913,1.2919,1.2853,1.2865,-0.0044,-0.34%,108408,284375
B6U24,2024-07-26,1.2856,1.2884,1.2855,1.2878,0.0013,+0.10%,73431,280028
B6U24,2024-07-29,1.2868,1.2894,1.2812,1.287,-0.0008,-0.06%,121776,272851
B6U24,2024-07-30,1.2867,1.2872,1.2825,1.2838,-0.0032,-0.25%,70064,268554
B6U24,2024-07-31,1.2839,1.2871,1.2826,1.2861,0.0023,+0.18%,115137,267928
B6U24,2024-08-01,1.2861,1.2869,1.2733,1.2734,-0.0127,-0.99%,207484,253082
B6U24,2024-08-02,1.2743,1.2847,1.2714,1.2812,0.0078,+0.61%,168781,243659
B6U24,2024-08-05,1.2811,1.2823,1.2716,1.2764,-0.0048,-0.37%,170897,230741
B6U24,2024-08-06,1.2785,1.2809,1.2678,1.2703,-0.0061,-0.48%,148699,224042
B6U24,2024-08-07,1.2695,1.2742,1.2687,1.269,-0.0013,-0.10%,92301,213476
B6U24,2024-08-08,1.2698,1.2758,1.267,1.2756,0.0066,+0.52%,102952,206818
B6U24,2024-08-09,1.2749,1.2779,1.2732,1.2763,0.0007,+0.05%,66160,204556
B6U24,2024-08-12,1.2765,1.28,1.2753,1.2775,0.0012,+0.09%,60605,201855
B6U24,2024-08-13,1.2767,1.2879,1.2767,1.2874,0.0099,+0.77%,86859,205569
B6U24,2024-08-14,1.2869,1.2874,1.282,1.2835,-0.0039,-0.30%,82983,206344
B6U24,2024-08-15,1.2833,1.2876,1.2804,1.2867,0.0032,+0.25%,89004,210425
B6U24,2024-08-16,1.2863,1.2951,1.2856,1.2948,0.0081,+0.63%,87737,214241
B6U24,2024-08-19,1.2948,1.3002,1.2944,1.2996,0.0048,+0.37%,101351,221089
B6U24,2024-08-20,1.2997,1.3057,1.2978,1.3035,0.0039,+0.30%,118325,231383
B6U24,2024-08-21,1.3038,1.3125,1.3015,1.311,0.0075,+0.58%,130978,246541
B6U24,2024-08-22,1.3094,1.3134,1.308,1.3096,-0.0014,-0.11%,115405,259943
B6U24,2024-08-23,1.3094,1.3233,1.3091,1.3206,0.011,+0.84%,192002,266727
B6U24,2024-08-26,1.3216,1.3226,1.3184,1.3194,-0.0012,-0.09%,76722,269354
B6U24,2024-08-27,1.3191,1.327,1.3184,1.3263,0.0069,+0.52%,96551,274215
B6U24,2024-08-28,1.3263,1.3266,1.3171,1.3189,-0.0074,-0.56%,119967,280323
B6U24,2024-08-29,1.3195,1.323,1.3148,1.3173,-0.0016,-0.12%,112004,290578
B6U24,2024-08-30,1.3168,1.3203,1.3112,1.3125,-0.0048,-0.36%,115913,286859
B6U24,2024-09-03,1.3129,1.3158,1.3089,1.3102,-0.0023,-0.18%,152874,285461
B6U24,2024-09-04,1.3112,1.3177,1.3103,1.3143,0.0041,+0.31%,130478,282905
B6U24,2024-09-05,1.3148,1.3187,1.3138,1.3173,0.003,+0.23%,89429,275894
B6U24,2024-09-06,1.318,1.324,1.3111,1.3136,-0.0037,-0.28%,206970,271477
B6U24,2024-09-09,1.3128,1.3145,1.3069,1.3079,-0.0057,-0.43%,120884,272300
B6U24,2024-09-10,1.3073,1.3109,1.305,1.3082,0.0003,+0.02%,224693,272336
B6Z24,2024-09-11,1.3081,1.3115,1.3008,1.305,-0.0032,-0.24%,434918,269135
B6Z24,2024-09-12,1.305,1.3132,1.3039,1.3107,0.0057,+0.44%,282239,288576
B6Z24,2024-09-13,1.3129,1.3161,1.3119,1.3124,0.0017,+0.13%,170125,262531
B6Z24,2024-09-16,1.3131,1.3221,1.3129,1.321,0.0086,+0.66%,78760,212912
B6Z24,2024-09-17,1.322,1.3232,1.3149,1.3169,-0.0041,-0.31%,86682,212595
B6Z24,2024-09-18,1.3161,1.3298,1.3158,1.3249,0.008,+0.61%,121144,219696
B6Z24,2024-09-19,1.3216,1.3313,1.3153,1.3281,0.0032,+0.24%,142375,224703
B6Z24,2024-09-20,1.3284,1.3338,1.3266,1.3316,0.0035,+0.26%,126552,231962
B6Z24,2024-09-23,1.3324,1.3357,1.3246,1.3344,0.0028,+0.21%,117628,243056
B6Z24,2024-09-24,1.3342,1.3413,1.3329,1.3398,0.0054,+0.40%,86876,251641
B6Z24,2024-09-25,1.3409,1.3426,1.3309,1.3317,-0.0081,-0.60%,114013,255706
B6Z24,2024-09-26,1.332,1.3431,1.331,1.3416,0.0099,+0.74%,116607,262391
B6Z24,2024-09-27,1.3409,1.3425,1.3357,1.3383,-0.0033,-0.25%,97089,266932
B6Z24,2024-09-30,1.337,1.3421,1.3348,1.3374,-0.0009,-0.07%,139444,260343
B6Z24,2024-10-01,1.3371,1.3388,1.3235,1.3283,-0.0091,-0.68%,132248,257312
B6Z24,2024-10-02,1.3278,1.3304,1.3244,1.326,-0.0023,-0.17%,80853,262167
B6Z24,2024-10-03,1.3265,1.3269,1.309,1.3112,-0.0148,-1.12%,192581,252470
B6Z24,2024-10-04,1.3122,1.3173,1.3069,1.3121,0.0009,+0.07%,161135,249568
B6Z24,2024-10-07,1.3121,1.3134,1.3058,1.3071,-0.005,-0.38%,80660,255037
B6Z24,2024-10-08,1.3083,1.3114,1.3064,1.3091,0.002,+0.15%,64420,255908
B6Z24,2024-10-09,1.31,1.3105,1.3055,1.3064,-0.0027,-0.21%,60741,254644
B6Z24,2024-10-10,1.3074,1.3093,1.301,1.3046,-0.0018,-0.14%,96940,253681
B6Z24,2024-10-11,1.3065,1.3083,1.3042,1.3071,0.0025,+0.19%,55233,254474
B6Z24,2024-10-14,1.3071,1.3071,1.3029,1.305,-0.0021,-0.16%,61192,254848
B6Z24,2024-10-15,1.306,1.3102,1.3035,1.3067,0.0017,+0.13%,88041,250150
B6Z24,2024-10-16,1.3071,1.3077,1.2977,1.2983,-0.0084,-0.64%,120652,239395
B6Z24,2024-10-17,1.2988,1.3023,1.2974,1.3008,0.0025,+0.19%,90330,237204
B6Z24,2024-10-18,1.3009,1.307,1.3008,1.3045,0.0037,+0.28%,77866,232568
B6Z24,2024-10-21,1.305,1.3057,1.2976,1.2978,-0.0067,-0.51%,59374,230488
B6Z24,2024-10-22,1.2986,1.3015,1.2943,1.2978,0,0.00%,72288,230130
B6Z24,2024-10-23,1.2985,1.2995,1.2906,1.2921,-0.0057,-0.44%,71544,226203
B6Z24,2024-10-24,1.2918,1.2987,1.2909,1.2972,0.0051,+0.39%,75513,224178
B6Z24,2024-10-25,1.2974,1.2998,1.2955,1.2967,-0.0005,-0.04%,51661,220640
B6Z24,2024-10-28,1.2961,1.3001,1.2938,1.2968,0.0001,+0.01%,55576,222245
B6Z24,2024-10-29,1.297,1.3016,1.2957,1.3004,0.0036,+0.28%,81652,221535
B6Z24,2024-10-30,1.301,1.3043,1.2936,1.2983,-0.0021,-0.16%,155188,223913
B6Z24,2024-10-31,1.2965,1.2999,1.2843,1.2881,-0.0102,-0.79%,165485,223330
B6Z24,2024-11-01,1.2895,1.298,1.2885,1.2925,0.0044,+0.34%,123467,214114
B6Z24,2024-11-04,1.2958,1.2998,1.2934,1.2952,0.0027,+0.21%,106848,217948
B6Z24,2024-11-05,1.2959,1.3042,1.2947,1.302,0.0068,+0.53%,63859,219857
B6Z24,2024-11-06,1.304,1.3048,1.2833,1.2888,-0.0132,-1.01%,170392,210006
B6Z24,2024-11-07,1.2883,1.3009,1.2873,1.2965,0.0077,+0.60%,120942,212841
B6Z24,2024-11-08,1.2984,1.2989,1.2883,1.2912,-0.0053,-0.41%,89769,210706
B6Z24,2024-11-11,1.2912,1.2925,1.2855,1.2861,-0.0051,-0.39%,69951,208879
B6Z24,2024-11-12,1.287,1.2873,1.2718,1.2736,-0.0125,-0.97%,130773,212345
B6Z24,2024-11-13,1.2748,1.2769,1.2686,1.2704,-0.0032,-0.25%,127506,219480
B6Z24,2024-11-14,1.271,1.2719,1.2629,1.2687,-0.0017,-0.13%,140801,219264
B6Z24,2024-11-15,1.2667,1.2696,1.2597,1.2611,-0.0076,-0.60%,123517,223522
B6Z24,2024-11-18,1.2618,1.2686,1.2609,1.2669,0.0058,+0.46%,80808,223052
B6Z24,2024-11-19,1.2681,1.2689,1.2612,1.2676,0.0007,+0.06%,101451,220896
B6Z24,2024-11-20,1.2682,1.2723,1.263,1.2646,-0.003,-0.24%,76687,221723
B6Z24,2024-11-21,1.2652,1.266,1.2576,1.26,-0.0046,-0.36%,81834,220791
B6Z24,2024-11-22,1.259,1.2594,1.2487,1.2525,-0.0075,-0.60%,126058,228086
B6Z24,2024-11-25,1.2555,1.2613,1.2541,1.2573,0.0048,+0.38%,109248,231777
B6Z24,2024-11-26,1.2567,1.2615,1.2506,1.2546,-0.0027,-0.21%,121022,239062
B6Z24,2024-11-27,1.2568,1.2695,1.2566,1.2672,0.0126,+1.00%,113453,240739
B6Z24,2024-11-29,1.2681,1.275,1.2645,1.2724,0.0052,+0.41%,131490,241342
B6Z24,2024-12-02,1.2734,1.2734,1.2617,1.265,-0.0074,-0.58%,118287,243605
B6Z24,2024-12-03,1.2654,1.27,1.2637,1.2667,0.0017,+0.13%,93847,243504
B6Z24,2024-12-04,1.2672,1.2721,1.263,1.27,0.0033,+0.26%,117652,243239
B6Z24,2024-12-05,1.2703,1.2771,1.2693,1.2757,0.0057,+0.45%,92295,241455
B6Z24,2024-12-06,1.276,1.2811,1.2721,1.2736,-0.0021,-0.16%,162915,258665
B6Z24,2024-12-09,1.2749,1.28,1.2717,1.2752,0.0016,+0.13%,206314,298324
B6Z24,2024-12-10,1.2745,1.2779,1.2724,1.2774,0.0022,+0.17%,284699,311725
B6Z24,2024-12-11,1.2773,1.2782,1.2713,1.2745,-0.0029,-0.23%,244846,308047
B6H25,2024-12-12,1.2743,1.2782,1.266,1.2664,-0.0081,-0.64%,281988,281966
B6H25,2024-12-13,1.2665,1.2672,1.2603,1.261,-0.0054,-0.43%,131409,278457
B6H25,2024-12-16,1.2608,1.2693,1.2608,1.2677,0.0067,+0.53%,87907,185833
B6H25,2024-12-17,1.2676,1.2722,1.266,1.2703,0.0026,+0.21%,81988,187135
B6H25,2024-12-18,1.2702,1.2735,1.2555,1.2586,-0.0117,-0.92%,114920,192153
B6H25,2024-12-19,1.2568,1.2659,1.2488,1.2497,-0.0089,-0.71%,133982,186541
B6H25,2024-12-20,1.2496,1.2606,1.2467,1.259,0.0093,+0.74%,117629,185350
B6H25,2024-12-23,1.2559,1.258,1.2503,1.2527,-0.0063,-0.50%,59004,187498
B6H25,2024-12-24,1.2533,1.2567,1.2511,1.2513,-0.0014,-0.11%,31946,188844
B6H25,2024-12-26,1.2546,1.2546,1.2494,1.2519,0.0006,+0.05%,25896,190401
B6H25,2024-12-27,1.252,1.2586,1.2498,1.2574,0.0055,+0.44%,58107,191817
B6H25,2024-12-30,1.2576,1.26,1.25,1.2537,-0.0037,-0.29%,71686,190056
B6H25,2024-12-31,1.2546,1.2562,1.2498,1.2503,-0.0034,-0.27%,65311,188879
B6H25,2025-01-02,1.2504,1.2534,1.2346,1.2361,-0.0142,-1.14%,137535,192954
B6H25,2025-01-03,1.2372,1.2428,1.2369,1.2421,0.006,+0.49%,76519,190092
B6H25,2025-01-06,1.2413,1.2545,1.2411,1.2506,0.0085,+0.68%,149656,188103
B6H25,2025-01-07,1.2515,1.257,1.247,1.2485,-0.0021,-0.17%,85416,188770
B6H25,2025-01-08,1.2471,1.2488,1.2315,1.2351,-0.0134,-1.07%,174835,194233
B6H25,2025-01-09,1.2356,1.236,1.2234,1.2304,-0.0047,-0.38%,143653,192572
B6H25,2025-01-10,1.2303,1.2316,1.2187,1.2205,-0.0099,-0.80%,155317,198598
B6H25,2025-01-13,1.2205,1.2206,1.2095,1.2162,-0.0043,-0.35%,153356,199312
B6H25,2025-01-14,1.2229,1.2246,1.2133,1.2193,0.0031,+0.25%,144980,200826
B6H25,2025-01-15,1.221,1.2303,1.2156,1.2226,0.0033,+0.27%,163767,203519
B6H25,2025-01-16,1.2236,1.2257,1.2171,1.2232,0.0006,+0.05%,105520,205585
B6H25,2025-01-17,1.2233,1.224,1.2157,1.2164,-0.0068,-0.56%,115401,210228
B6H25,2025-01-21,1.2167,1.2358,1.2156,1.2324,0.016,+1.32%,243615,212688
B6H25,2025-01-22,1.2353,1.2372,1.2304,1.2322,-0.0002,-0.02%,94770,211391
B6H25,2025-01-23,1.2315,1.2373,1.229,1.2357,0.0035,+0.28%,101307,207359
B6H25,2025-01-24,1.2352,1.2499,1.2345,1.248,0.0123,+1.00%,128871,211888
B6H25,2025-01-27,1.247,1.2522,1.2424,1.2488,0.0008,+0.06%,114697,211464
B6H25,2025-01-28,1.2497,1.2498,1.2412,1.2442,-0.0046,-0.37%,90008,206821
B6H25,2025-01-29,1.2437,1.2461,1.2391,1.2442,0,0.00%,103693,201946
B6H25,2025-01-30,1.2447,1.2475,1.2406,1.2458,0.0016,+0.13%,89420,202354
B6H25,2025-01-31,1.2416,1.247,1.2385,1.2399,-0.0059,-0.47%,142773,201368
B6H25,2025-02-03,1.232,1.2455,1.2247,1.2393,-0.0006,-0.05%,203553,203572
B6H25,2025-02-04,1.2444,1.2492,1.2378,1.2481,0.0088,+0.71%,100139,204644
B6H25,2025-02-05,1.2481,1.2548,1.2463,1.2505,0.0024,+0.19%,90398,204967
B6H25,2025-02-06,1.2505,1.2509,1.2359,1.2436,-0.0069,-0.55%,141856,202338
B6H25,2025-02-07,1.2434,1.2494,1.2375,1.2412,-0.0024,-0.19%,118053,202359
B6H25,2025-02-10,1.2389,1.2421,1.2361,1.2365,-0.0047,-0.38%,55355,204174
B6H25,2025-02-11,1.2366,1.2454,1.2332,1.2438,0.0073,+0.59%,84748,208138
B6H25,2025-02-12,1.2445,1.2482,1.2376,1.2445,0.0007,+0.06%,119348,209733
B6H25,2025-02-13,1.2441,1.2567,1.2441,1.2537,0.0092,+0.74%,145949,206563
B6H25,2025-02-14,1.2562,1.263,1.2549,1.2595,0.0058,+0.46%,92310,202875
B6H25,2025-02-18,1.2588,1.2634,1.2577,1.2596,0.0001,+0.01%,127064,203370
B6H25,2025-02-19,1.2629,1.2638,1.2563,1.2583,-0.0013,-0.10%,71464,201878
B6H25,2025-02-20,1.2585,1.2671,1.2578,1.2669,0.0086,+0.68%,83174,204387
B6H25,2025-02-21,1.2666,1.2678,1.2624,1.2631,-0.0038,-0.30%,89625,203565
B6H25,2025-02-24,1.264,1.2691,1.2611,1.2632,0.0001,+0.01%,82534,201992
B6H25,2025-02-25,1.2629,1.2678,1.2606,1.2669,0.0037,+0.29%,77590,200468
B6H25,2025-02-26,1.2666,1.2715,1.2634,1.2684,0.0015,+0.12%,99441,202424
B6H25,2025-02-27,1.2675,1.2689,1.2597,1.2608,-0.0076,-0.60%,107901,200144
B6H25,2025-02-28,1.2594,1.2622,1.2559,1.2572,-0.0036,-0.29%,127821,198393
B6H25,2025-03-03,1.2582,1.2725,1.2582,1.269,0.0118,+0.94%,149092,204413
B6H25,2025-03-04,1.2707,1.28,1.2678,1.2788,0.0098,+0.77%,160576,200634
B6H25,2025-03-05,1.279,1.2901,1.2768,1.2897,0.0109,+0.85%,188851,212819
B6H25,2025-03-06,1.2895,1.2924,1.2866,1.2895,-0.0002,-0.02%,216596,233749
B6H25,2025-03-07,1.2882,1.2944,1.2877,1.292,0.0025,+0.19%,122972,226202
B6H25,2025-03-10,1.2923,1.2946,1.2861,1.2869,-0.0051,-0.39%,160512,231530
B6H25,2025-03-11,1.2874,1.2966,1.2872,1.2961,0.0092,+0.71%,220506,248457
B6H25,2025-03-12,1.295,1.3,1.2914,1.2967,0.0006,+0.05%,263588,257563
B6M25,2025-03-13,1.2965,1.2972,1.292,1.2949,-0.0018,-0.14%,228790,250734
B6M25,2025-03-14,1.2944,1.2958,1.2909,1.2931,-0.0018,-0.14%,137132,246446
B6M25,2025-03-17,1.2923,1.2997,1.2923,1.2997,0.0066,+0.51%,56890,175660
B6M25,2025-03-18,1.2993,1.3009,1.295,1.3003,0.0006,+0.05%,79444,180841
B6M25,2025-03-19,1.3003,1.301,1.2954,1.3007,0.0004,+0.03%,81459,184606
B6M25,2025-03-20,1.3,1.3013,1.2934,1.2959,-0.0048,-0.37%,79956,185784
B6M25,2025-03-21,1.2963,1.2968,1.2886,1.2925,-0.0034,-0.26%,91848,188783
B6M25,2025-03-24,1.2902,1.2973,1.2895,1.2925,0,0.00%,90701,191594
B6M25,2025-03-25,1.2922,1.2966,1.29,1.2945,0.002,+0.15%,70038,191212
B6M25,2025-03-26,1.2945,1.2947,1.2874,1.2884,-0.0061,-0.47%,99184,192209
B6M25,2025-03-27,1.2879,1.2992,1.2871,1.2948,0.0064,+0.50%,101750,195571
B6M25,2025-03-28,1.2954,1.2968,1.292,1.2939,-0.0009,-0.07%,81086,195065
B6M25,2025-03-31,1.2937,1.2972,1.2885,1.2911,-0.0028,-0.22%,111289,192339
B6M25,2025-04-01,1.2916,1.294,1.2879,1.2909,-0.0002,-0.02%,82045,187160
B6M25,2025-04-02,1.292,1.3025,1.29,1.298,0.0071,+0.55%,90401,192962
B6M25,2025-04-03,1.3008,1.3208,1.2973,1.3094,0.0114,+0.88%,201192,202621
B6M25,2025-04-04,1.3102,1.3113,1.2852,1.288,-0.0214,-1.63%,262260,206093
B6M25,2025-04-07,1.2848,1.2934,1.2709,1.2749,-0.0131,-1.02%,200211,189643
B6M25,2025-04-08,1.2718,1.2813,1.2718,1.2789,0.004,+0.31%,131054,176910
B6M25,2025-04-09,1.2775,1.2865,1.2745,1.2807,0.0018,+0.14%,177003,173766
B6M25,2025-04-10,1.2827,1.2997,1.2812,1.2982,0.0175,+1.37%,138833,172499
B6M25,2025-04-11,1.2975,1.3146,1.2966,1.306,0.0078,+0.60%,172576,170944
B6M25,2025-04-14,1.3091,1.3203,1.3064,1.3198,0.0138,+1.06%,98245,174701
B6M25,2025-04-15,1.3185,1.3253,1.3166,1.3219,0.0021,+0.16%,80219,177006
B6M25,2025-04-16,1.3232,1.3303,1.3214,1.3233,0.0014,+0.11%,84921,177432
B6M25,2025-04-17,1.3243,1.3275,1.3205,1.3271,0.0038,+0.29%,74107,178362
B6M25,2025-04-21,1.3276,1.3425,1.3275,1.3382,0.0111,+0.84%,66743,181832
B6M25,2025-04-22,1.3385,1.3425,1.3328,1.3338,-0.0044,-0.33%,107421,179555
B6M25,2025-04-23,1.3304,1.3341,1.3236,1.3268,-0.007,-0.52%,114820,177568
B6M25,2025-04-24,1.3253,1.3351,1.3252,1.3329,0.0061,+0.46%,72239,176565
B6M25,2025-04-25,1.3344,1.3344,1.3277,1.3332,0.0003,+0.02%,64074,176667
B6M25,2025-04-28,1.3315,1.3448,1.3282,1.3429,0.0097,+0.73%,95124,182549
B6M25,2025-04-29,1.3443,1.3447,1.3382,1.3404,-0.0025,-0.19%,87125,192312
B6M25,2025-04-30,1.3412,1.3417,1.3312,1.3342,-0.0062,-0.46%,95013,190290
B6M25,2025-05-01,1.333,1.3348,1.3263,1.328,-0.0062,-0.46%,69382,188903
B6M25,2025-05-02,1.3281,1.3334,1.3256,1.3277,-0.0003,-0.02%,88211,196089
B6M25,2025-05-05,1.3273,1.334,1.3261,1.3292,0.0015,+0.11%,54344,198038
B6M25,2025-05-06,1.33,1.3406,1.3264,1.3379,0.0087,+0.65%,103299,200214
B6M25,2025-05-07,1.3379,1.338,1.3283,1.3326,-0.0053,-0.40%,83838,195620
B6M25,2025-05-08,1.3295,1.3358,1.3238,1.3254,-0.0072,-0.54%,118690,196955
B6M25,2025-05-09,1.3247,1.3325,1.3214,1.3317,0.0063,+0.48%,60413,192064
B6M25,2025-05-12,1.3279,1.3302,1.3142,1.3182,-0.0135,-1.01%,118326,194477
B6M25,2025-05-13,1.3175,1.3319,1.3172,1.3302,0.012,+0.91%,84620,194861
B6M25,2025-05-14,1.3308,1.3363,1.3256,1.3267,-0.0035,-0.26%,81612,193582
B6M25,2025-05-15,1.3267,1.3321,1.3262,1.33,0.0033,+0.25%,63256,193528
B6M25,2025-05-16,1.3307,1.3335,1.3252,1.328,-0.002,-0.15%,57969,194071
B6M25,2025-05-19,1.3286,1.3405,1.328,1.3358,0.0078,+0.59%,76462,195362
B6M25,2025-05-20,1.3365,1.3397,1.3336,1.3381,0.0023,+0.17%,69783,195326
B6M25,2025-05-21,1.3392,1.347,1.3388,1.3431,0.005,+0.37%,112302,200817
B6M25,2025-05-22,1.3421,1.3443,1.3392,1.3425,-0.0006,-0.04%,84204,199358
B6M25,2025-05-23,1.3425,1.3542,1.342,1.3533,0.0108,+0.80%,99663,201406
B6M25,2025-05-27,1.3533,1.3594,1.3501,1.3514,-0.0019,-0.14%,118835,202990
B6M25,2025-05-28,1.3508,1.3523,1.3451,1.3471,-0.0043,-0.32%,72585,199993
B6M25,2025-05-29,1.3476,1.3509,1.3417,1.3499,0.0028,+0.21%,80596,199905
B6M25,2025-05-30,1.3495,1.3512,1.3449,1.347,-0.0029,-0.21%,76822,201847
B6M25,2025-06-02,1.3455,1.3561,1.3451,1.3542,0.0072,+0.53%,146361,229377
B6M25,2025-06-03,1.3547,1.356,1.3493,1.3526,-0.0016,-0.12%,80916,233601
B6M25,2025-06-04,1.3519,1.3582,1.3503,1.356,0.0034,+0.25%,76013,238409
B6M25,2025-06-05,1.3555,1.3618,1.3541,1.3582,0.0022,+0.16%,93711,243026
B6M25,2025-06-06,1.3575,1.3585,1.3508,1.353,-0.0052,-0.38%,100520,238019
B6M25,2025-06-09,1.3526,1.3582,1.3526,1.3564,0.0034,+0.25%,113831,228037
B6M25,2025-06-10,1.3548,1.3565,1.3456,1.3495,-0.0069,-0.51%,232486,213940
B6M25,2025-06-11,1.3495,1.3567,1.3465,1.3549,0.0054,+0.40%,247568,220562
B6U25,2025-06-12,1.356,1.3631,1.3532,1.3604,0.0055,+0.41%,246836,233828
B6U25,2025-06-13,1.3625,1.3641,1.3523,1.357,-0.0034,-0.25%,147977,229405
B6U25,2025-06-16,1.3565,1.363,1.3542,1.3605,0.0035,+0.26%,61244,177325
B6U25,2025-06-17,1.3581,1.3588,1.3421,1.3436,-0.0169,-1.24%,98300,177026
B6U25,2025-06-18,1.342,1.3485,1.3407,1.3423,-0.0013,-0.10%,95037,177426
B6U25,2025-06-20,1.3427,1.3519,1.339,1.3472,0.0049,+0.37%,122000,176854
B6U25,2025-06-23,1.3406,1.3538,1.3378,1.3528,0.0056,+0.42%,91031,175947
B6U25,2025-06-24,1.3528,1.3656,1.3525,1.3638,0.011,+0.81%,96338,179898
B6U25,2025-06-25,1.3622,1.3678,1.3598,1.367,0.0032,+0.23%,65803,181137
B6U25,2025-06-26,1.3671,1.3777,1.3667,1.3755,0.0085,+0.62%,110631,184704
B6U25,2025-06-27,1.3734,1.3759,1.3689,1.3703,-0.0052,-0.38%,90708,187964
B6U25,2025-06-30,1.3731,1.3747,1.3682,1.3725,0.0022,+0.16%,68986,191151
B6U25,2025-07-01,1.3739,1.3796,1.371,1.3745,0.002,+0.15%,80084,188689
B6U25,2025-07-02,1.3752,1.376,1.3569,1.3642,-0.0103,-0.75%,153688,192664
B6U25,2025-07-03,1.365,1.3683,1.3593,1.3648,0.0006,+0.04%,91148,188955
B6U25,2025-07-07,1.3663,1.3666,1.3582,1.3619,-0.0029,-0.21%,102247,191348
B6U25,2025-07-08,1.3614,1.3654,1.3533,1.3601,-0.0018,-0.13%,71212,191557
B6U25,2025-07-09,1.3598,1.3628,1.3572,1.3594,-0.0007,-0.05%,55703,189297
B6U25,2025-07-10,1.3593,1.3627,1.3539,1.3581,-0.0013,-0.10%,53747,189428
B6U25,2025-07-11,1.3585,1.3593,1.3488,1.3517,-0.0064,-0.47%,71150,188820
B6U25,2025-07-14,1.3488,1.3511,1.3431,1.3436,-0.0081,-0.60%,71284,188545
B6U25,2025-07-15,1.3433,1.3475,1.3386,1.3397,-0.0039,-0.29%,80194,187275
B6U25,2025-07-16,1.339,1.3492,1.3371,1.3415,0.0018,+0.13%,135461,188288
B6U25,2025-07-17,1.3427,1.3428,1.338,1.3416,0.0001,+0.01%,69680,184019
B6U25,2025-07-18,1.3426,1.3482,1.3412,1.3424,0.0008,+0.06%,60806,188008
B6U25,2025-07-21,1.3424,1.3518,1.3409,1.3497,0.0073,+0.54%,59191,191111
B6U25,2025-07-22,1.35,1.3541,1.3469,1.3534,0.0037,+0.27%,61407,195467
B6U25,2025-07-23,1.3539,1.3591,1.3522,1.3585,0.0051,+0.38%,64952,200897
B6U25,2025-07-24,1.3587,1.3595,1.3508,1.3523,-0.0062,-0.46%,63708,205405
B6U25,2025-07-25,1.3518,1.3519,1.3422,1.3442,-0.0081,-0.60%,74172,207744
B6U25,2025-07-28,1.3442,1.3459,1.3357,1.3358,-0.0084,-0.62%,69202,208439
B6U25,2025-07-29,1.336,1.3369,1.3313,1.3361,0.0003,+0.02%,85617,207879
B6U25,2025-07-30,1.3356,1.3392,1.3234,1.3245,-0.0116,-0.87%,95767,210944
B6U25,2025-07-31,1.3237,1.3288,1.3191,1.3224,-0.0021,-0.16%,103384,210631
B6U25,2025-08-01,1.3206,1.3316,1.3147,1.3232,0.0008,+0.06%,155327,209641
B6U25,2025-08-04,1.3286,1.3336,1.3259,1.3282,0.005,+0.38%,75761,207381
B6U25,2025-08-05,1.3292,1.3322,1.3265,1.3301,0.0019,+0.14%,55279,206254
B6U25,2025-08-06,1.3311,1.3374,1.3287,1.3369,0.0068,+0.51%,49623,207378
B6U25,2025-08-07,1.3369,1.3454,1.3352,1.3416,0.0047,+0.35%,83363,211006
B6U25,2025-08-08,1.345,1.3464,1.3424,1.3458,0.0042,+0.31%,52408,212384
B6U25,2025-08-11,1.3453,1.3483,1.3405,1.3441,-0.0017,-0.13%,47340,213766
B6U25,2025-08-12,1.3438,1.3529,1.3426,1.3501,0.006,+0.45%,77025,216082
B6U25,2025-08-13,1.3506,1.359,1.3498,1.3573,0.0072,+0.53%,50224,217060
B6U25,2025-08-14,1.3576,1.3599,1.3525,1.3537,-0.0036,-0.27%,67645,218016
B6U25,2025-08-15,1.3533,1.358,1.353,1.3559,0.0022,+0.16%,40733,219832
B6U25,2025-08-18,1.3569,1.357,1.3505,1.351,-0.0049,-0.36%,52294,221333
B6U25,2025-08-19,1.3505,1.3535,1.3481,1.3489,-0.0021,-0.16%,50264,219831
B6U25,2025-08-20,1.3489,1.3514,1.345,1.3455,-0.0034,-0.25%,66057,216943
B6U25,2025-08-21,1.3458,1.3486,1.3409,1.3422,-0.0033,-0.25%,58963,217436
B6U25,2025-08-22,1.3417,1.3548,1.3393,1.3528,0.0106,+0.79%,83157,219757
B6U25,2025-08-25,1.3529,1.353,1.3449,1.3462,-0.0066,-0.49%,43126,220295
B6U25,2025-08-26,1.3461,1.3496,1.3437,1.3483,0.0021,+0.16%,57193,219906
B6U25,2025-08-27,1.3479,1.3505,1.342,1.35,0.0017,+0.13%,50164,218884
B6U25,2025-08-28,1.3503,1.3533,1.3486,1.3518,0.0018,+0.13%,55414,220172
B6U25,2025-08-29,1.3515,1.352,1.3449,1.3513,-0.0005,-0.04%,78658,221249
B6U25,2025-09-02,1.3513,1.3553,1.3342,1.3381,-0.0132,-0.98%,195069,226437
B6U25,2025-09-03,1.3393,1.346,1.3335,1.3443,0.0062,+0.46%,143623,241999
B6U25,2025-09-04,1.3444,1.3461,1.3417,1.3428,-0.0015,-0.11%,56653,244690
B6U25,2025-09-05,1.3434,1.3556,1.3434,1.3507,0.0079,+0.59%,207118,289468
B6U25,2025-09-08,1.3515,1.3557,1.3484,1.3554,0.0047,+0.35%,142547,293232
B6U25,2025-09-09,1.3552,1.3591,1.3519,1.3523,-0.0031,-0.23%,242400,322879
B6Z25,2025-09-10,1.3538,1.3578,1.3516,1.354,0.0017,+0.13%,317961,350139
B6Z25,2025-09-11,1.3535,1.3585,1.3495,1.3582,0.0042,+0.31%,258647,354987
B6Z25,2025-09-12,1.3575,1.3584,1.3526,1.3573,-0.0009,-0.07%,120800,333953
B6Z25,2025-09-15,1.3566,1.3624,1.3552,1.3609,0.0036,+0.27%,57125,231984
B6Z25,2025-09-16,1.3608,1.3675,1.3602,1.3662,0.0053,+0.39%,73621,234531
B6Z25,2025-09-17,1.3648,1.3729,1.3622,1.3641,-0.0021,-0.15%,79760,237148
B6Z25,2025-09-18,1.3627,1.3663,1.3537,1.3556,-0.0085,-0.62%,85390,235552
B6Z25,2025-09-19,1.3553,1.3561,1.3464,1.3472,-0.0084,-0.62%,77320,233942
B6Z25,2025-09-22,1.3472,1.3523,1.3455,1.352,0.0048,+0.36%,64364,233817
B6Z25,2025-09-23,1.3514,1.3538,1.3489,1.3519,-0.0001,-0.01%,64730,233166
B6Z25,2025-09-24,1.3528,1.3531,1.3428,1.3451,-0.0068,-0.50%,65119,232238
B6Z25,2025-09-25,1.3448,1.347,1.3325,1.3335,-0.0116,-0.86%,94711,230715
B6Z25,2025-09-26,1.3345,1.3415,1.3332,1.3411,0.0076,+0.57%,69813,226931
B6Z25,2025-09-29,1.3405,1.3459,1.3401,1.3439,0.0028,+0.21%,51582,224629
B6Z25,2025-09-30,1.3434,1.347,1.3416,1.3451,0.0012,+0.09%,69053,226426
B6Z25,2025-10-01,1.3448,1.3529,1.3436,1.3487,0.0036,+0.27%,102123,231842
B6Z25,2025-10-02,1.3478,1.3511,1.3403,1.3449,-0.0038,-0.28%,71820,235587
B6Z25,2025-10-03,1.3437,1.3488,1.343,1.3482,0.0033,+0.25%,59116,240717
B6Z25,2025-10-06,1.3457,1.3492,1.3418,1.3484,0.0002,+0.01%,73701,245678
B6Z25,2025-10-07,1.3481,1.3489,1.3394,1.3432,-0.0052,-0.39%,77997,247550
B6Z25,2025-10-08,1.3427,1.344,1.3372,1.3391,-0.0041,-0.31%,68087,247113
B6Z25,2025-10-09,1.34,1.342,1.3279,1.3281,-0.011,-0.82%,109285,246899
B6Z25,2025-10-10,1.3306,1.3371,1.3262,1.3347,0.0066,+0.50%,115583,240091
B6Z25,2025-10-13,1.3346,1.3366,1.3315,1.3334,-0.0013,-0.10%,64727,238492
B6Z25,2025-10-14,1.3337,1.3353,1.3249,1.3328,-0.0006,-0.04%,101351,237520
B6Z25,2025-10-15,1.3319,1.3408,1.3318,1.3383,0.0055,+0.41%,79713,235137
B6Z25,2025-10-16,1.3401,1.3455,1.3396,1.3436,0.0053,+0.40%,77297,232883
B6Z25,2025-10-17,1.3439,1.3473,1.3391,1.3435,-0.0001,-0.01%,76130,232217
B6Z25,2025-10-20,1.3428,1.3444,1.3401,1.341,-0.0025,-0.19%,49212,234904
B6Z25,2025-10-21,1.3411,1.3417,1.3361,1.3373,-0.0037,-0.28%,61136,233484
B6Z25,2025-10-22,1.3372,1.3395,1.3306,1.3357,-0.0016,-0.12%,118861,237796
B6Z25,2025-10-23,1.3359,1.3361,1.3309,1.3323,-0.0034,-0.25%,57071,242306
B6Z25,2025-10-24,1.3329,1.3382,1.3286,1.3304,-0.0019,-0.14%,77124,242479
B6Z25,2025-10-27,1.3318,1.3353,1.331,1.3338,0.0034,+0.26%,59379,241428
B6Z25,2025-10-28,1.3341,1.337,1.3247,1.3279,-0.0059,-0.44%,104859,248118
B6Z25,2025-10-29,1.3275,1.3281,1.314,1.316,-0.0119,-0.90%,128062,254237
B6Z25,2025-10-30,1.3196,1.3219,1.3115,1.3146,-0.0014,-0.11%,100601,255611
B6Z25,2025-10-31,1.3157,1.3166,1.3098,1.314,-0.0006,-0.05%,93008,263425
B6Z25,2025-11-03,1.3147,1.3163,1.3109,1.3138,-0.0002,-0.02%,71786,265305
B6Z25,2025-11-04,1.3139,1.3141,1.3011,1.3014,-0.0124,-0.94%,95884,270917
B6Z25,2025-11-05,1.3026,1.3055,1.3011,1.3045,0.0031,+0.24%,76559,277464
B6Z25,2025-11-06,1.3051,1.3142,1.3047,1.3131,0.0086,+0.66%,107393,278858
B6Z25,2025-11-07,1.3134,1.3174,1.3095,1.3157,0.0026,+0.20%,71321,275427
B6Z25,2025-11-10,1.3151,1.3191,1.3137,1.3179,0.0022,+0.17%,62460,272612
B6Z25,2025-11-11,1.3173,1.3184,1.3116,1.3166,-0.0013,-0.10%,78300,273683
B6Z25,2025-11-12,1.3153,1.3155,1.3083,1.313,-0.0036,-0.27%,70087,276034
B6Z25,2025-11-13,1.3131,1.3216,1.3098,1.319,0.006,+0.46%,80002,275069
B6Z25,2025-11-14,1.3167,1.3201,1.3108,1.3164,-0.0026,-0.20%,130717,274623
B6Z25,2025-11-17,1.3162,1.3193,1.3135,1.3145,-0.0019,-0.14%,66388,277548
B6Z25,2025-11-18,1.3152,1.3176,1.3133,1.3154,0.0009,+0.07%,68479,279341
B6Z25,2025-11-19,1.3145,1.3156,1.3043,1.3045,-0.0109,-0.83%,93636,284095
B6Z25,2025-11-20,1.3059,1.3123,1.3037,1.3086,0.0041,+0.31%,86848,285223
B6Z25,2025-11-21,1.3072,1.3109,1.3038,1.3102,0.0016,+0.12%,99543,295180
B6Z25,2025-11-24,1.3099,1.3118,1.3079,1.3108,0.0006,+0.05%,53814,295072
B6Z25,2025-11-25,1.3104,1.3215,1.3095,1.3211,0.0103,+0.79%,109508,315550
B6Z25,2025-11-26,1.3164,1.3244,1.3124,1.3234,0.0023,+0.17%,162468,310580
B6Z25,2025-11-28,1.3241,1.327,1.3102,1.3235,0.0001,+0.01%,65282,301817
B6Z25,2025-12-01,1.3236,1.3276,1.3205,1.3212,-0.0023,-0.17%,74487,297606
B6Z25,2025-12-02,1.3214,1.3222,1.3179,1.321,-0.0002,-0.02%,70725,299768
B6Z25,2025-12-03,1.3212,1.3354,1.3211,1.335,0.014,+1.06%,149425,283013
B6Z25,2025-12-04,1.3351,1.3385,1.3321,1.334,-0.001,-0.07%,163366,293057
B6Z25,2025-12-05,1.3326,1.3362,1.3316,1.3334,-0.0006,-0.04%,113930,291247
B6Z25,2025-12-08,1.3335,1.3346,1.3306,1.3326,-0.0008,-0.06%,128449,302625
B6Z25,2025-12-09,1.3319,1.3355,1.3287,1.3302,-0.0024,-0.18%,199004,332405
B6H26,2025-12-10,1.3297,1.3386,1.3294,1.3363,0.0061,+0.46%,295969,300994
B6H26,2025-12-11,1.3384,1.3436,1.3353,1.3387,0.0024,+0.18%,329812,298365
B6H26,2025-12-12,1.3386,1.3401,1.3339,1.3363,-0.0024,-0.18%,122753,286302
B6H26,2025-12-15,1.336,1.3399,1.3352,1.337,0.0007,+0.05%,51756,198202
B6H26,2025-12-16,1.3375,1.3452,1.3352,1.3422,0.0052,+0.39%,78616,198753
B6H26,2025-12-17,1.3419,1.3422,1.3309,1.3376,-0.0046,-0.34%,115190,203603
B6H26,2025-12-18,1.3372,1.3444,1.3338,1.3384,0.0008,+0.06%,89608,198742
B6H26,2025-12-19,1.338,1.3392,1.3354,1.3389,0.0005,+0.04%,55217,195825
B6H26,2025-12-22,1.3375,1.3475,1.3372,1.3456,0.0067,+0.50%,60048,198360
B6H26,2025-12-23,1.3462,1.3523,1.3461,1.3495,0.0039,+0.29%,61986,198132
B6H26,2025-12-24,1.3515,1.3532,1.3491,1.3497,0.0002,+0.01%,27553,199879
B6H26,2025-12-26,1.3504,1.3527,1.3476,1.3499,0.0002,+0.01%,27714,201363
B6H26,2025-12-29,1.3496,1.3514,1.3468,1.3505,0.0006,+0.04%,57280,197096
B6H26,2025-12-30,1.3503,1.3529,1.3448,1.3463,-0.0042,-0.31%,51328,196003
"Downloaded from Barchart.com as of 08-28-2026 12:41am CDT"
