Symbol,Time,Open,High,Low,Latest,Change,%Change,Volume,"Open Int"
D6Z10,2010-12-01,0.9746,0.9858,0.9733,0.9842,0.0096,+0.99%,102532,100641
D6Z10,2010-12-02,0.9818,0.9971,0.9811,0.9962,0.012,+1.22%,109613,107654
D6Z10,2010-12-03,0.9966,0.9997,0.9918,0.9954,-0.0008,-0.08%,109651,111595
D6Z10,2010-12-06,0.9963,0.9977,0.9916,0.9955,0.0001,+0.01%,69489,116358
D6Z10,2010-12-07,0.9943,0.9987,0.9871,0.9905,-0.005,-0.50%,124337,114999
D6Z10,2010-12-08,0.9882,0.9936,0.986,0.9896,-0.0009,-0.09%,126656,119393
D6Z10,2010-12-09,0.9891,0.9933,0.9874,0.9892,-0.0004,-0.04%,133004,131393
D6H11,2010-12-10,0.9875,0.9897,0.9865,0.9893,0.0001,+0.01%,71077,139689
D6H11,2010-12-13,0.9882,0.9953,0.9873,0.9906,0.0013,+0.13%,76839,142220
D6H11,2010-12-14,0.9902,0.9952,0.9871,0.9929,0.0023,+0.23%,69754,98638
D6H11,2010-12-15,0.9926,0.9981,0.9886,0.9942,0.0013,+0.13%,99751,106074
D6H11,2010-12-16,0.9938,0.995,0.9907,0.9925,-0.0017,-0.17%,56916,106926
D6H11,2010-12-17,0.9921,0.9944,0.9834,0.9877,-0.0048,-0.48%,88025,95644
D6H11,2010-12-20,0.9859,0.988,0.9777,0.9807,-0.007,-0.71%,65636,95159
D6H11,2010-12-21,0.981,0.9833,0.9766,0.9799,-0.0008,-0.08%,50308,91294
D6H11,2010-12-22,0.9814,0.9872,0.9799,0.9848,0.0049,+0.50%,45247,93158
D6H11,2010-12-23,0.9847,0.9915,0.9821,0.99,0.0052,+0.53%,46759,96692
D6H11,2010-12-27,0.99,0.9926,0.9875,0.9912,0.0012,+0.12%,18412,98944
D6H11,2010-12-28,0.9915,1.001,0.9914,0.9986,0.0074,+0.75%,61269,113223
D6H11,2010-12-29,0.9962,1.001,0.993,0.9981,-0.0005,-0.05%,41945,117440
D6H11,2010-12-30,0.9978,0.9995,0.9964,0.9988,0.0007,+0.07%,33636,118848
D6H11,2010-12-31,0.9986,1.0061,0.9977,1.0044,0.0056,+0.56%,33539,121607
D6H11,2011-01-03,1.005,1.0097,1.0036,1.0067,0.0023,+0.23%,50669,126605
D6H11,2011-01-04,1.0051,1.0068,0.995,0.9989,-0.0078,-0.77%,78194,120758
D6H11,2011-01-05,1.0001,1.0053,0.9962,1.0024,0.0035,+0.35%,72839,124853
D6H11,2011-01-06,1.0021,1.0061,0.9991,1.0024,0,0.00%,72320,125114
D6H11,2011-01-07,1.0018,1.0088,0.9982,1.0063,0.0039,+0.39%,89745,123410
D6H11,2011-01-10,1.0059,1.0075,1.0002,1.0052,-0.0011,-0.11%,62777,125960
D6H11,2011-01-11,1.0055,1.0095,1.0036,1.0081,0.0029,+0.29%,62657,129480
D6H11,2011-01-12,1.0087,1.014,1.0081,1.011,0.0029,+0.29%,70414,130323
D6H11,2011-01-13,1.0121,1.0134,1.0078,1.0096,-0.0014,-0.14%,62071,130852
D6H11,2011-01-14,1.0097,1.0103,1.0011,1.0094,-0.0002,-0.02%,83474,129276
D6H11,2011-01-18,1.0109,1.0153,1.0054,1.0065,-0.0029,-0.29%,93759,128185
D6H11,2011-01-19,1.0074,1.0101,1.0022,1.0027,-0.0038,-0.38%,70740,125263
D6H11,2011-01-20,1.0033,1.0037,0.9957,1.0017,-0.001,-0.10%,99192,121117
D6H11,2011-01-21,1.0017,1.0082,1.0002,1.0042,0.0025,+0.25%,68324,122788
D6H11,2011-01-24,1.0058,1.0072,1.0007,1.004,-0.0002,-0.02%,47860,121053
D6H11,2011-01-25,1.0053,1.0078,0.9975,0.9994,-0.0046,-0.46%,77934,117077
D6H11,2011-01-26,1.0025,1.0054,0.9994,1.0037,0.0043,+0.43%,63458,118507
D6H11,2011-01-27,1.0041,1.0065,1.0003,1.0051,0.0014,+0.14%,77229,120415
D6H11,2011-01-28,1.0045,1.0054,0.9973,0.9989,-0.0062,-0.62%,85929,118845
D6H11,2011-01-31,0.9998,1.0029,0.9932,0.9978,-0.0011,-0.11%,87934,118355
D6H11,2011-02-01,0.999,1.0093,0.9983,1.007,0.0092,+0.92%,93611,119488
D6H11,2011-02-02,1.0084,1.0134,1.007,1.011,0.004,+0.40%,69405,127100
D6H11,2011-02-03,1.011,1.0127,1.007,1.0093,-0.0017,-0.17%,68226,134266
D6H11,2011-02-04,1.0085,1.0163,1.0035,1.0115,0.0022,+0.22%,107722,146275
D6H11,2011-02-07,1.0125,1.0137,1.0081,1.0092,-0.0023,-0.23%,55592,146866
D6H11,2011-02-08,1.0086,1.0125,1.0014,1.0033,-0.0059,-0.58%,84015,141604
D6H11,2011-02-09,1.0045,1.0079,1.0033,1.0044,0.0011,+0.11%,64388,137839
D6H11,2011-02-10,1.0055,1.0057,1.0006,1.0037,-0.0007,-0.07%,66733,134368
D6H11,2011-02-11,1.0038,1.0135,1.0008,1.0121,0.0084,+0.84%,88453,138066
D6H11,2011-02-14,1.0114,1.015,1.0093,1.0101,-0.002,-0.20%,56919,140564
D6H11,2011-02-15,1.0102,1.0145,1.0091,1.0106,0.0005,+0.05%,55398,140822
D6H11,2011-02-16,1.0099,1.0151,1.0096,1.0142,0.0036,+0.36%,61350,144571
D6H11,2011-02-17,1.0139,1.0182,1.0138,1.0151,0.0009,+0.09%,59925,147786
D6H11,2011-02-18,1.0148,1.0181,1.0122,1.013,-0.0021,-0.21%,73083,144849
D6H11,2011-02-22,1.0143,1.0177,1.0075,1.0092,-0.0038,-0.38%,134345,140610
D6H11,2011-02-23,1.0094,1.0139,1.0036,1.0096,0.0004,+0.04%,109171,135447
D6H11,2011-02-24,1.0105,1.0196,1.0094,1.0164,0.0068,+0.67%,110701,139065
D6H11,2011-02-25,1.0173,1.0229,1.017,1.0221,0.0057,+0.56%,64479,141893
D6H11,2011-02-28,1.0221,1.0296,1.0213,1.0294,0.0073,+0.71%,81448,145758
D6H11,2011-03-01,1.0294,1.0324,1.0248,1.0256,-0.0038,-0.37%,91533,148414
D6H11,2011-03-02,1.0257,1.0298,1.0226,1.0285,0.0029,+0.28%,70782,150843
D6H11,2011-03-03,1.0276,1.0292,1.0251,1.0287,0.0002,+0.02%,72762,156045
D6H11,2011-03-04,1.028,1.0309,1.0262,1.0282,-0.0005,-0.05%,111497,157727
D6H11,2011-03-07,1.0281,1.0308,1.0261,1.0278,-0.0004,-0.04%,104935,163642
D6H11,2011-03-08,1.0277,1.03,1.0256,1.0295,0.0017,+0.17%,133153,174715
D6H11,2011-03-09,1.0293,1.0342,1.0291,1.0324,0.0029,+0.28%,134923,187368
D6M11,2011-03-10,1.029,1.0305,1.0216,1.0235,-0.0089,-0.86%,192120,208839
D6M11,2011-03-11,1.0238,1.0283,1.0181,1.0261,0.0026,+0.25%,113174,210857
D6M11,2011-03-14,1.0253,1.0278,1.0221,1.024,-0.0021,-0.20%,58640,139379
D6M11,2011-03-15,1.025,1.0251,1.0004,1.0163,-0.0077,-0.75%,171227,125788
D6M11,2011-03-16,1.0128,1.0177,1.0013,1.0062,-0.0101,-0.99%,126857,123303
D6M11,2011-03-17,1.0069,1.0149,1.0042,1.0111,0.0049,+0.49%,86877,120605
D6M11,2011-03-18,1.013,1.0181,1.0111,1.0123,0.0012,+0.12%,73461,119711
D6M11,2011-03-21,1.013,1.0237,1.0128,1.0202,0.0079,+0.78%,65712,119492
D6M11,2011-03-22,1.02,1.024,1.0166,1.0193,-0.0009,-0.09%,67459,118442
D6M11,2011-03-23,1.0182,1.0194,1.0141,1.018,-0.0013,-0.13%,66632,117055
D6M11,2011-03-24,1.0174,1.0259,1.0161,1.0223,0.0043,+0.42%,90659,119122
D6M11,2011-03-25,1.0224,1.0246,1.0158,1.0174,-0.0049,-0.48%,68510,116294
D6M11,2011-03-28,1.0173,1.0249,1.0161,1.0229,0.0055,+0.54%,57321,117565
D6M11,2011-03-29,1.0202,1.0252,1.0202,1.0237,0.0008,+0.08%,46169,119130
D6M11,2011-03-30,1.0247,1.0306,1.0236,1.0279,0.0042,+0.41%,66750,126305
D6M11,2011-03-31,1.0276,1.031,1.0261,1.0306,0.0027,+0.26%,60708,124214
D6M11,2011-04-01,1.0297,1.0372,1.0288,1.0349,0.0043,+0.42%,88363,135176
D6M11,2011-04-04,1.0346,1.0383,1.0306,1.032,-0.0029,-0.28%,56499,134743
D6M11,2011-04-05,1.0327,1.0372,1.03,1.0366,0.0046,+0.45%,51885,138257
D6M11,2011-04-06,1.036,1.0434,1.0356,1.0409,0.0043,+0.41%,59842,142294
D6M11,2011-04-07,1.0394,1.0434,1.0376,1.0412,0.0003,+0.03%,63939,142716
D6M11,2011-04-08,1.0415,1.0481,1.0407,1.0428,0.0016,+0.15%,70913,147837
D6M11,2011-04-11,1.0449,1.0463,1.0425,1.0435,0.0007,+0.07%,55678,144148
D6M11,2011-04-12,1.0443,1.0448,1.0338,1.0389,-0.0046,-0.44%,104281,142022
D6M11,2011-04-13,1.0376,1.0418,1.0341,1.0373,-0.0016,-0.15%,78451,142487
D6M11,2011-04-14,1.0372,1.0407,1.0327,1.0396,0.0023,+0.22%,76983,144068
D6M11,2011-04-15,1.0392,1.0415,1.0348,1.0396,0,0.00%,62778,143151
D6M11,2011-04-18,1.0409,1.0414,1.0272,1.0355,-0.0041,-0.39%,97657,141097
D6M11,2011-04-19,1.0355,1.0459,1.0332,1.0437,0.0082,+0.79%,83340,141961
D6M11,2011-04-20,1.0445,1.0517,1.0437,1.0464,0.0027,+0.26%,73268,145087
D6M11,2011-04-21,1.0486,1.0563,1.0464,1.0491,0.0027,+0.26%,62201,146766
D6M11,2011-04-25,1.0478,1.051,1.0446,1.0467,-0.0024,-0.23%,37973,142755
D6M11,2011-04-26,1.0462,1.0518,1.0443,1.048,0.0013,+0.12%,62942,138939
D6M11,2011-04-27,1.0499,1.0528,1.0429,1.0491,0.0011,+0.10%,75819,138047
D6M11,2011-04-28,1.051,1.0553,1.0492,1.0503,0.0012,+0.11%,65127,140176
D6M11,2011-04-29,1.0504,1.0578,1.046,1.0562,0.0059,+0.56%,75338,139207
D6M11,2011-05-02,1.0574,1.0576,1.0492,1.0521,-0.0041,-0.39%,66898,140023
D6M11,2011-05-03,1.0507,1.0561,1.0469,1.0474,-0.0047,-0.45%,84614,140128
D6M11,2011-05-04,1.0483,1.0512,1.0402,1.0433,-0.0041,-0.39%,106621,140587
D6M11,2011-05-05,1.0417,1.0442,1.0285,1.0305,-0.0128,-1.23%,139922,128516
D6M11,2011-05-06,1.0335,1.0437,1.0297,1.0308,0.0003,+0.03%,155712,128714
D6M11,2011-05-09,1.0337,1.0402,1.0304,1.036,0.0052,+0.50%,80838,120332
D6M11,2011-05-10,1.0373,1.0442,1.035,1.0421,0.0061,+0.59%,73190,121478
D6M11,2011-05-11,1.0437,1.0503,1.0365,1.0389,-0.0032,-0.31%,101966,122006
D6M11,2011-05-12,1.0399,1.0408,1.0306,1.0374,-0.0015,-0.14%,112706,120886
D6M11,2011-05-13,1.038,1.0404,1.0254,1.0321,-0.0053,-0.51%,120004,121930
D6M11,2011-05-16,1.0308,1.032,1.0228,1.0271,-0.005,-0.48%,92252,122653
D6M11,2011-05-17,1.0251,1.0284,1.0204,1.0273,0.0002,+0.02%,85644,123386
D6M11,2011-05-18,1.0283,1.0306,1.0239,1.0275,0.0002,+0.02%,70773,121211
D6M11,2011-05-19,1.0304,1.0354,1.0275,1.0312,0.0037,+0.36%,77829,120376
D6M11,2011-05-20,1.0325,1.0366,1.0228,1.0282,-0.003,-0.29%,107131,120366
D6M11,2011-05-23,1.026,1.0264,1.0188,1.0233,-0.0049,-0.48%,73394,120415
D6M11,2011-05-24,1.0225,1.0246,1.0206,1.0228,-0.0005,-0.05%,65142,120245
D6M11,2011-05-25,1.0233,1.0258,1.0182,1.0229,0.0001,+0.01%,69465,120355
D6M11,2011-05-26,1.0222,1.0245,1.0182,1.0216,-0.0013,-0.13%,86670,122406
D6M11,2011-05-27,1.0218,1.0249,1.0202,1.0235,0.0019,+0.19%,61695,122493
D6M11,2011-05-31,1.0227,1.0355,1.0213,1.0318,0.0083,+0.81%,111398,125654
D6M11,2011-06-01,1.0318,1.034,1.023,1.0256,-0.0062,-0.60%,103929,127250
D6M11,2011-06-02,1.0231,1.0259,1.019,1.0243,-0.0013,-0.13%,106746,127369
D6M11,2011-06-03,1.0248,1.0259,1.0147,1.023,-0.0013,-0.13%,126741,129453
D6M11,2011-06-06,1.0225,1.0237,1.0184,1.0193,-0.0037,-0.36%,94898,128869
D6M11,2011-06-07,1.0197,1.0274,1.0192,1.0268,0.0075,+0.74%,117632,129110
D6M11,2011-06-08,1.0261,1.0268,1.0181,1.0209,-0.0059,-0.57%,128063,131119
D6M11,2011-06-09,1.0209,1.0283,1.0189,1.0269,0.006,+0.59%,134171,130236
D6U11,2011-06-10,1.0245,1.0271,1.0181,1.0212,-0.0057,-0.56%,129389,134675
D6U11,2011-06-13,1.0187,1.023,1.0176,1.0216,0.0004,+0.04%,65593,132999
D6U11,2011-06-14,1.0221,1.0313,1.0209,1.0308,0.0092,+0.90%,88406,99148
D6U11,2011-06-15,1.0298,1.0316,1.015,1.0168,-0.014,-1.36%,136780,93907
D6U11,2011-06-16,1.019,1.0209,1.0081,1.0112,-0.0056,-0.55%,114661,94026
D6U11,2011-06-17,1.0165,1.0206,1.0111,1.0177,0.0065,+0.64%,85417,93060
D6U11,2011-06-20,1.0176,1.0201,1.013,1.0187,0.001,+0.10%,54249,92175
D6U11,2011-06-21,1.0184,1.0276,1.0176,1.0274,0.0087,+0.85%,85733,87905
D6U11,2011-06-22,1.0264,1.0293,1.0231,1.0267,-0.0007,-0.07%,73779,90559
D6U11,2011-06-23,1.025,1.0273,1.0158,1.0185,-0.0082,-0.80%,111764,88787
D6U11,2011-06-24,1.0204,1.0215,1.0094,1.0097,-0.0088,-0.86%,93854,94116
D6U11,2011-06-27,1.0098,1.0124,1.0067,1.0111,0.0014,+0.14%,72216,93209
D6U11,2011-06-28,1.012,1.017,1.0096,1.0158,0.0047,+0.46%,73425,92360
D6U11,2011-06-29,1.0172,1.03,1.0157,1.0281,0.0123,+1.21%,124782,92259
D6U11,2011-06-30,1.0286,1.037,1.0281,1.0358,0.0077,+0.75%,89881,95337
D6U11,2011-07-01,1.0356,1.0419,1.0342,1.0411,0.0053,+0.51%,56715,101608
D6U11,2011-07-05,1.0408,1.0418,1.0352,1.037,-0.0041,-0.39%,71760,105967
D6U11,2011-07-06,1.0365,1.0384,1.0297,1.0335,-0.0035,-0.34%,68885,106721
D6U11,2011-07-07,1.0344,1.0431,1.0326,1.0407,0.0072,+0.70%,75330,108448
D6U11,2011-07-08,1.0408,1.0437,1.0327,1.0383,-0.0024,-0.23%,90619,106771
D6U11,2011-07-11,1.0382,1.0384,1.0294,1.0311,-0.0072,-0.69%,77880,108611
D6U11,2011-07-12,1.0307,1.0371,1.0208,1.0358,0.0047,+0.46%,103029,111624
D6U11,2011-07-13,1.0339,1.0424,1.0326,1.0413,0.0055,+0.53%,87785,110975
D6U11,2011-07-14,1.0425,1.0456,1.0381,1.0399,-0.0014,-0.13%,82487,112209
D6U11,2011-07-15,1.04,1.0489,1.0374,1.0445,0.0046,+0.44%,72999,115702
D6U11,2011-07-18,1.0464,1.047,1.0361,1.0405,-0.004,-0.38%,63263,116315
D6U11,2011-07-19,1.0406,1.053,1.0399,1.0507,0.0102,+0.98%,89848,124719
D6U11,2011-07-20,1.0509,1.0558,1.0496,1.054,0.0033,+0.31%,71789,121990
D6U11,2011-07-21,1.0538,1.0598,1.0518,1.0576,0.0036,+0.34%,85163,125002
D6U11,2011-07-22,1.0582,1.0592,1.0479,1.0523,-0.0053,-0.50%,79157,128308
D6U11,2011-07-25,1.0529,1.0585,1.0484,1.0565,0.0042,+0.40%,56515,131874
D6U11,2011-07-26,1.0546,1.0617,1.054,1.0591,0.0026,+0.25%,66152,128807
D6U11,2011-07-27,1.0583,1.0613,1.0505,1.0518,-0.0073,-0.69%,85677,131862
D6U11,2011-07-28,1.0523,1.056,1.0487,1.0509,-0.0009,-0.09%,64237,135236
D6U11,2011-07-29,1.0524,1.0529,1.0415,1.0456,-0.0053,-0.50%,108032,131792
D6U11,2011-08-01,1.046,1.0523,1.0399,1.0444,-0.0012,-0.11%,86017,131805
D6U11,2011-08-02,1.0445,1.0462,1.0386,1.0418,-0.0026,-0.25%,91248,133150
D6U11,2011-08-03,1.0395,1.0442,1.0356,1.0377,-0.0041,-0.39%,122137,132076
D6U11,2011-08-04,1.0391,1.0402,1.0177,1.0204,-0.0173,-1.67%,170968,127458
D6U11,2011-08-05,1.0183,1.0255,1.0139,1.0198,-0.0006,-0.06%,229139,127681
D6U11,2011-08-08,1.0162,1.0213,1.0045,1.0064,-0.0134,-1.31%,168630,119426
D6U11,2011-08-09,1.006,1.0225,0.998,1.005,-0.0014,-0.14%,200187,118973
D6U11,2011-08-10,1.0223,1.0224,1.0035,1.0096,0.0046,+0.46%,176765,108639
D6U11,2011-08-11,1.0041,1.015,1.0022,1.0127,0.0031,+0.31%,142933,107736
D6U11,2011-08-12,1.0145,1.0159,1.0072,1.0089,-0.0038,-0.38%,100535,107658
D6U11,2011-08-15,1.0107,1.0201,1.0086,1.0184,0.0095,+0.94%,78615,104341
D6U11,2011-08-16,1.0196,1.0196,1.0121,1.0165,-0.0019,-0.19%,78303,103509
D6U11,2011-08-17,1.0171,1.0224,1.0148,1.0191,0.0026,+0.26%,64834,102874
D6U11,2011-08-18,1.0191,1.0196,1.0053,1.0091,-0.01,-0.98%,101642,104328
D6U11,2011-08-19,1.0088,1.0171,1.0067,1.0098,0.0007,+0.07%,98099,103089
D6U11,2011-08-22,1.0084,1.0168,1.0072,1.0102,0.0004,+0.04%,71568,104352
D6U11,2011-08-23,1.0088,1.0146,1.0084,1.0106,0.0004,+0.04%,80320,104672
D6U11,2011-08-24,1.0118,1.0157,1.0088,1.0111,0.0005,+0.05%,73735,104815
D6U11,2011-08-25,1.0118,1.0207,1.0107,1.0116,0.0005,+0.05%,95277,104241
D6U11,2011-08-26,1.0114,1.0189,1.007,1.0146,0.003,+0.30%,101403,103719
D6U11,2011-08-29,1.0172,1.0262,1.0146,1.0213,0.0067,+0.66%,67304,105966
D6U11,2011-08-30,1.0231,1.0242,1.018,1.0217,0.0004,+0.04%,63824,107237
D6U11,2011-08-31,1.0213,1.0278,1.0197,1.0208,-0.0009,-0.09%,82297,106029
D6U11,2011-09-01,1.0221,1.0267,1.0203,1.0248,0.004,+0.39%,77005,102909
D6U11,2011-09-02,1.0239,1.0248,1.0151,1.0154,-0.0094,-0.92%,82261,104085
D6U11,2011-09-06,1.0138,1.0154,1.003,1.0097,-0.0057,-0.56%,153504,109190
D6U11,2011-09-07,1.0095,1.0168,1.0083,1.0141,0.0044,+0.44%,84415,110161
D6U11,2011-09-08,1.0161,1.017,1.0101,1.0108,-0.0033,-0.33%,82689,112447
D6U11,2011-09-09,1.0108,1.013,1.0019,1.0025,-0.0083,-0.82%,115547,115846
D6U11,2011-09-12,1.0028,1.0083,0.9967,1.0027,0.0002,+0.02%,140362,114525
D6U11,2011-09-13,1.007,1.015,1.0021,1.0134,0.0107,+1.07%,137310,117403
D6U11,2011-09-14,1.0137,1.0155,1.0058,1.0101,-0.0033,-0.33%,148226,120920
D6Z11,2011-09-15,1.0081,1.0151,1.0031,1.0143,0.0042,+0.42%,131175,118840
D6Z11,2011-09-16,1.0148,1.0204,1.0121,1.0188,0.0045,+0.44%,92812,121301
D6Z11,2011-09-19,1.0173,1.0183,1.0057,1.0071,-0.0117,-1.15%,90578,119991
D6Z11,2011-09-20,1.0082,1.01,1.0031,1.0068,-0.0003,-0.03%,82500,82709
D6Z11,2011-09-21,1.0054,1.0065,0.9889,0.9949,-0.0119,-1.18%,124111,85547
D6Z11,2011-09-22,0.9917,0.9929,0.9631,0.9686,-0.0263,-2.64%,186384,86250
D6Z11,2011-09-23,0.9699,0.9764,0.9645,0.9669,-0.0017,-0.18%,149875,87393
D6Z11,2011-09-26,0.9702,0.9736,0.9609,0.9665,-0.0004,-0.04%,132172,85143
D6Z11,2011-09-27,0.9741,0.9839,0.9665,0.9814,0.0149,+1.54%,116551,86146
D6Z11,2011-09-28,0.979,0.9814,0.9656,0.9702,-0.0112,-1.14%,105871,87252
D6Z11,2011-09-29,0.9654,0.9732,0.9595,0.9609,-0.0093,-0.96%,118586,89389
D6Z11,2011-09-30,0.9627,0.9641,0.9504,0.9561,-0.0048,-0.50%,127062,88461
D6Z11,2011-10-03,0.9528,0.957,0.9465,0.9507,-0.0054,-0.56%,119577,92054
D6Z11,2011-10-04,0.9477,0.9498,0.9367,0.9376,-0.0131,-1.38%,146530,103733
D6Z11,2011-10-05,0.9483,0.9603,0.9442,0.9574,0.0198,+2.11%,131959,108078
D6Z11,2011-10-06,0.9594,0.9628,0.9523,0.9609,0.0035,+0.37%,115962,114512
D6Z11,2011-10-07,0.9621,0.9754,0.9583,0.9611,0.0002,+0.02%,122194,120176
D6Z11,2011-10-10,0.9618,0.9739,0.9611,0.9723,0.0112,+1.17%,53560,124769
D6Z11,2011-10-11,0.972,0.9734,0.9656,0.9693,-0.003,-0.31%,75870,122945
D6Z11,2011-10-12,0.9706,0.9853,0.9666,0.9836,0.0143,+1.48%,101647,122866
D6Z11,2011-10-13,0.9802,0.9823,0.9719,0.9802,-0.0034,-0.35%,83350,123272
D6Z11,2011-10-14,0.9782,0.9887,0.9756,0.9871,0.0069,+0.70%,78410,125780
D6Z11,2011-10-17,0.9878,0.9941,0.9752,0.9789,-0.0082,-0.83%,80268,124294
D6Z11,2011-10-18,0.976,0.9875,0.9727,0.9817,0.0028,+0.29%,105100,123295
D6Z11,2011-10-19,0.9838,0.9901,0.9773,0.9796,-0.0021,-0.21%,83942,121660
D6Z11,2011-10-20,0.9795,0.9856,0.9745,0.9848,0.0052,+0.53%,108866,120160
D6Z11,2011-10-21,0.9829,0.992,0.9802,0.9893,0.0045,+0.46%,76055,116690
D6Z11,2011-10-24,0.9893,0.9965,0.9887,0.9937,0.0044,+0.44%,68130,116690
D6Z11,2011-10-25,0.9949,0.9996,0.9778,0.9848,-0.0089,-0.90%,117468,120187
D6Z11,2011-10-26,0.9831,0.9951,0.9814,0.9924,0.0076,+0.77%,97208,120225
D6Z11,2011-10-27,0.9938,1.0097,0.9924,1.0081,0.0157,+1.58%,97288,119477
D6Z11,2011-10-28,1.0068,1.0094,1.0017,1.0053,-0.0028,-0.28%,60884,119313
D6Z11,2011-10-31,1.007,1.0076,0.996,1.005,-0.0003,-0.03%,76552,118475
D6Z11,2011-11-01,0.9992,1.0014,0.9785,0.982,-0.023,-2.29%,121879,119841
D6Z11,2011-11-02,0.98,0.9883,0.9771,0.985,0.003,+0.31%,70231,118543
D6Z11,2011-11-03,0.9863,0.9935,0.9777,0.9911,0.0061,+0.62%,93545,117643
D6Z11,2011-11-04,0.9908,0.992,0.9766,0.9821,-0.009,-0.91%,81180,124947
D6Z11,2011-11-07,0.983,0.9868,0.979,0.986,0.0039,+0.40%,57143,121167
D6Z11,2011-11-08,0.9859,0.9914,0.9812,0.9895,0.0035,+0.35%,63749,122069
D6Z11,2011-11-09,0.9898,0.9912,0.9752,0.977,-0.0125,-1.26%,96128,121847
D6Z11,2011-11-10,0.9758,0.9831,0.9733,0.9803,0.0033,+0.34%,88422,122721
D6Z11,2011-11-11,0.9828,0.9895,0.9766,0.9869,0.0066,+0.67%,51671,122867
D6Z11,2011-11-14,0.9881,0.9903,0.9802,0.9818,-0.0051,-0.52%,46824,122725
D6Z11,2011-11-15,0.9829,0.9836,0.9735,0.9796,-0.0022,-0.22%,64373,123967
D6Z11,2011-11-16,0.9787,0.9823,0.9711,0.98,0.0004,+0.04%,77363,124498
D6Z11,2011-11-17,0.9759,0.98,0.9706,0.9719,-0.0081,-0.83%,82246,126737
D6Z11,2011-11-18,0.9716,0.9798,0.9699,0.9733,0.0014,+0.14%,66774,127237
D6Z11,2011-11-21,0.9724,0.9726,0.9592,0.9625,-0.0108,-1.11%,73041,129145
D6Z11,2011-11-22,0.9618,0.9659,0.9597,0.9635,0.001,+0.10%,68267,129151
D6Z11,2011-11-23,0.9627,0.9633,0.952,0.9535,-0.01,-1.04%,82151,134922
D6Z11,2011-11-25,0.9539,0.9574,0.9497,0.9523,-0.0012,-0.13%,65719,136376
D6Z11,2011-11-28,0.9566,0.9699,0.9523,0.9643,0.012,+1.26%,67911,136940
D6Z11,2011-11-29,0.9657,0.9742,0.9644,0.9702,0.0059,+0.61%,84226,143231
D6Z11,2011-11-30,0.97,0.9874,0.9645,0.9801,0.0099,+1.02%,122063,142060
D6Z11,2011-12-01,0.9811,0.9861,0.9778,0.9852,0.0051,+0.52%,100293,143995
D6Z11,2011-12-02,0.9858,0.9917,0.9802,0.982,-0.0032,-0.32%,81757,143686
D6Z11,2011-12-05,0.9814,0.9877,0.9806,0.9829,0.0009,+0.09%,60524,147745
D6Z11,2011-12-06,0.9831,0.9914,0.9793,0.9909,0.008,+0.81%,82966,150326
D6Z11,2011-12-07,0.9899,0.9936,0.9865,0.989,-0.0019,-0.19%,82265,151868
D6Z11,2011-12-08,0.9906,0.9945,0.9768,0.9797,-0.0093,-0.94%,106027,155268
D6Z11,2011-12-09,0.9768,0.9831,0.9742,0.9818,0.0021,+0.21%,89833,158101
D6Z11,2011-12-12,0.9802,0.9818,0.9721,0.9741,-0.0077,-0.78%,99816,161615
D6Z11,2011-12-13,0.9733,0.9773,0.966,0.9687,-0.0054,-0.55%,138857,173429
D6Z11,2011-12-14,0.9674,0.9687,0.9592,0.961,-0.0077,-0.79%,126619,171760
D6H12,2011-12-15,0.9605,0.967,0.9591,0.9635,0.0025,+0.26%,98959,172562
D6H12,2011-12-16,0.9648,0.9692,0.9589,0.9612,-0.0023,-0.24%,73305,174004
D6H12,2011-12-19,0.9604,0.9657,0.9582,0.963,0.0018,+0.19%,47071,172109
D6H12,2011-12-20,0.9613,0.9725,0.9608,0.9681,0.0051,+0.53%,60583,117042
D6H12,2011-12-21,0.9687,0.9776,0.9681,0.9711,0.003,+0.31%,67343,115778
D6H12,2011-12-22,0.9718,0.9783,0.9708,0.9773,0.0062,+0.64%,45294,117943
D6H12,2011-12-23,0.9778,0.9805,0.9771,0.9802,0.0029,+0.30%,27835,118765
D6H12,2011-12-27,0.978,0.9807,0.9758,0.9805,0.0003,+0.03%,15470,118735
D6H12,2011-12-28,0.9799,0.9858,0.9738,0.975,-0.0055,-0.56%,47757,118103
D6H12,2011-12-29,0.9742,0.9785,0.9721,0.9772,0.0022,+0.23%,34668,118608
D6H12,2011-12-30,0.978,0.9828,0.9768,0.9821,0.0049,+0.50%,34910,118756
D6H12,2012-01-03,0.9848,0.9908,0.9848,0.9883,0.0062,+0.63%,49184,119890
D6H12,2012-01-04,0.9868,0.9875,0.9824,0.9854,-0.0029,-0.29%,58844,117357
D6H12,2012-01-05,0.9855,0.9863,0.9762,0.9794,-0.006,-0.61%,74688,117086
D6H12,2012-01-06,0.9789,0.9816,0.9706,0.9724,-0.007,-0.71%,68745,118221
D6H12,2012-01-09,0.9697,0.9766,0.9675,0.9747,0.0023,+0.24%,63306,118387
D6H12,2012-01-10,0.9748,0.9834,0.9747,0.983,0.0083,+0.85%,60832,120997
D6H12,2012-01-11,0.9821,0.9847,0.9778,0.9792,-0.0038,-0.39%,57697,121160
D6H12,2012-01-12,0.9798,0.9847,0.9777,0.9801,0.0009,+0.09%,64404,121520
D6H12,2012-01-13,0.9802,0.9826,0.9711,0.9755,-0.0046,-0.47%,77211,121945
D6H12,2012-01-17,0.9753,0.9875,0.9738,0.983,0.0075,+0.77%,89727,123101
D6H12,2012-01-18,0.9832,0.9878,0.9811,0.9864,0.0034,+0.35%,65226,123122
D6H12,2012-01-19,0.9867,0.9917,0.986,0.9871,0.0007,+0.07%,78275,121174
D6H12,2012-01-20,0.9875,0.9877,0.9827,0.985,-0.0021,-0.21%,58737,120443
D6H12,2012-01-23,0.984,0.9936,0.9833,0.9908,0.0058,+0.59%,80022,123663
D6H12,2012-01-24,0.9905,0.9917,0.9848,0.9889,-0.0019,-0.19%,71451,117164
D6H12,2012-01-25,0.9896,0.996,0.9842,0.9936,0.0047,+0.48%,94839,117663
D6H12,2012-01-26,0.9942,1.0007,0.9939,0.9974,0.0038,+0.38%,99270,117509
D6H12,2012-01-27,0.9967,1.0001,0.9947,0.9976,0.0002,+0.02%,81818,118958
D6H12,2012-01-30,0.9973,0.9976,0.9919,0.996,-0.0016,-0.16%,64476,120292
D6H12,2012-01-31,0.997,1.0024,0.9935,0.9963,0.0003,+0.03%,82560,119270
D6H12,2012-02-01,0.9962,1.0026,0.9941,1.0004,0.0041,+0.41%,76935,119867
D6H12,2012-02-02,1.0012,1.0021,0.9979,0.9997,-0.0007,-0.07%,63782,122661
D6H12,2012-02-03,0.9997,1.0063,0.9957,1.0057,0.006,+0.60%,103508,123402
D6H12,2012-02-06,1.0055,1.0062,0.9996,1.0028,-0.0029,-0.29%,76811,119017
D6H12,2012-02-07,1.0031,1.005,0.9994,1.0036,0.0008,+0.08%,75565,122955
D6H12,2012-02-08,1.0049,1.0056,1.0001,1.0031,-0.0005,-0.05%,69030,121296
D6H12,2012-02-09,1.0029,1.0066,1.0009,1.0045,0.0014,+0.14%,73846,121964
D6H12,2012-02-10,1.0041,1.0043,0.9953,0.9969,-0.0076,-0.76%,89359,120817
D6H12,2012-02-13,0.9992,1.0021,0.9969,1.0004,0.0035,+0.35%,67163,124029
D6H12,2012-02-14,0.9987,1.0013,0.9966,0.9976,-0.0028,-0.28%,83156,122896
D6H12,2012-02-15,1.0005,1.0055,0.9976,1,0.0024,+0.24%,92771,124080
D6H12,2012-02-16,0.9987,1.004,0.9941,1.0034,0.0034,+0.34%,101672,124894
D6H12,2012-02-17,1.003,1.0054,1.0009,1.0034,0,0.00%,74668,126054
D6H12,2012-02-21,1.0059,1.009,1.0018,1.0031,-0.0003,-0.03%,105068,129249
D6H12,2012-02-22,1.0019,1.004,0.9974,1,-0.0031,-0.31%,100082,133551
D6H12,2012-02-23,0.9997,1.0041,0.9983,1.0005,0.0005,+0.05%,93658,135429
D6H12,2012-02-24,1.0022,1.0029,0.999,0.9992,-0.0013,-0.13%,76390,133837
D6H12,2012-02-27,0.9998,1.0021,0.9945,1.0008,0.0016,+0.16%,109149,132586
D6H12,2012-02-28,1.0008,1.0054,1.0006,1.0034,0.0026,+0.26%,96834,136553
D6H12,2012-02-29,1.0042,1.0154,1.0042,1.0111,0.0077,+0.77%,160871,141316
D6H12,2012-03-01,1.0102,1.0157,1.0096,1.0142,0.0031,+0.31%,99208,146012
D6H12,2012-03-02,1.0144,1.015,1.01,1.0116,-0.0026,-0.26%,79016,146325
D6H12,2012-03-05,1.0095,1.0116,1.0037,1.0059,-0.0057,-0.56%,85899,147612
D6H12,2012-03-06,1.0052,1.0061,0.9968,0.9972,-0.0087,-0.86%,131802,146771
D6H12,2012-03-07,0.9983,1.0024,0.9972,1.0009,0.0037,+0.37%,99306,144677
D6H12,2012-03-08,1.002,1.0106,1.0006,1.0102,0.0093,+0.93%,131894,151222
D6H12,2012-03-09,1.0095,1.0127,1.0058,1.0098,-0.0004,-0.04%,137269,162543
D6H12,2012-03-12,1.0088,1.01,1.0051,1.0065,-0.0033,-0.33%,91838,163256
D6H12,2012-03-13,1.0072,1.0115,1.0065,1.0086,0.0021,+0.21%,130325,172856
D6H12,2012-03-14,1.0111,1.0119,1.0054,1.0066,-0.002,-0.20%,160930,179426
D6M12,2012-03-15,1.004,1.0075,1.003,1.0067,0.0001,+0.01%,159650,185940
D6M12,2012-03-16,1.0061,1.008,1.004,1.0066,-0.0001,-0.01%,79822,188925
D6M12,2012-03-19,1.0068,1.0122,1.005,1.0115,0.0049,+0.49%,76235,192321
D6M12,2012-03-20,1.0112,1.0113,1.0011,1.0065,-0.005,-0.49%,90872,127225
D6M12,2012-03-21,1.0067,1.0107,1.0045,1.0055,-0.001,-0.10%,65352,127379
D6M12,2012-03-22,1.006,1.0069,0.9972,0.9977,-0.0078,-0.78%,99101,127961
D6M12,2012-03-23,0.9985,1.001,0.9946,0.9997,0.002,+0.20%,93432,125350
D6M12,2012-03-26,0.9995,1.0075,0.9982,1.0058,0.0061,+0.61%,81788,124361
D6M12,2012-03-27,1.0072,1.0083,1.0026,1.004,-0.0018,-0.18%,62013,122621
D6M12,2012-03-28,1.0027,1.004,0.9982,0.9992,-0.0048,-0.48%,80098,120300
D6M12,2012-03-29,0.9997,1.0019,0.9963,0.9999,0.0007,+0.07%,90842,119775
D6M12,2012-03-30,1.0017,1.0031,0.9984,1.001,0.0011,+0.11%,76188,118493
D6M12,2012-04-02,1.002,1.0096,0.9993,1.0095,0.0085,+0.85%,86356,123238
D6M12,2012-04-03,1.0075,1.0097,1.0055,1.0063,-0.0032,-0.32%,87514,126333
D6M12,2012-04-04,1.0076,1.0077,1.0011,1.002,-0.0043,-0.43%,90191,122100
D6M12,2012-04-05,1.0024,1.0079,0.9986,1.0047,0.0027,+0.27%,102248,122223
D6M12,2012-04-06,1.0052,1.007,0.9998,1.0008,-0.0039,-0.39%,18954,122657
D6M12,2012-04-09,1.001,1.0041,0.9982,1.0024,0.0016,+0.16%,47937,119557
D6M12,2012-04-10,1.0014,1.0035,0.9935,0.9947,-0.0077,-0.77%,103280,113833
D6M12,2012-04-11,0.9946,0.9977,0.9933,0.9945,-0.0002,-0.02%,81500,114022
D6M12,2012-04-12,0.9946,1.0046,0.9945,1.0042,0.0097,+0.98%,101736,114551
D6M12,2012-04-13,1.0043,1.006,0.9986,1.0003,-0.0039,-0.39%,85708,113196
D6M12,2012-04-16,0.999,1.0013,0.9954,0.9992,-0.0011,-0.11%,87809,113716
D6M12,2012-04-17,0.9989,1.0125,0.9976,1.0092,0.01,+1.00%,140891,128841
D6M12,2012-04-18,1.0084,1.0105,1.0062,1.0081,-0.0011,-0.11%,91489,127238
D6M12,2012-04-19,1.0077,1.0108,1.0023,1.003,-0.0051,-0.51%,101301,127863
D6M12,2012-04-20,1.0034,1.0093,1.0029,1.0057,0.0027,+0.27%,73652,131076
D6M12,2012-04-23,1.006,1.0083,1.0009,1.0068,0.0011,+0.11%,76011,132050
D6M12,2012-04-24,1.0081,1.012,1.0059,1.0102,0.0034,+0.34%,81618,134899
D6M12,2012-04-25,1.0114,1.0168,1.0102,1.0161,0.0059,+0.58%,101624,145992
D6M12,2012-04-26,1.0156,1.0186,1.0143,1.0157,-0.0004,-0.04%,88079,153936
D6M12,2012-04-27,1.0135,1.0192,1.012,1.0184,0.0027,+0.27%,83200,159073
D6M12,2012-04-30,1.0187,1.019,1.0095,1.0117,-0.0067,-0.66%,81541,159872
D6M12,2012-05-01,1.0119,1.016,1.0092,1.014,0.0023,+0.23%,60441,163036
D6M12,2012-05-02,1.0134,1.0142,1.0085,1.0126,-0.0014,-0.14%,67330,162345
D6M12,2012-05-03,1.0126,1.0165,1.0098,1.0105,-0.0021,-0.21%,79255,162962
D6M12,2012-05-04,1.0105,1.0131,1.0027,1.0038,-0.0067,-0.66%,104483,157574
D6M12,2012-05-07,1.0045,1.0065,1.0002,1.0057,0.0019,+0.19%,77788,149830
D6M12,2012-05-08,1.0063,1.0068,0.9968,1.0006,-0.0051,-0.51%,101243,148415
D6M12,2012-05-09,1.0005,1.0007,0.9928,0.9978,-0.0028,-0.28%,119209,146090
D6M12,2012-05-10,0.9967,1.0014,0.996,0.9979,0.0001,+0.01%,82121,144246
D6M12,2012-05-11,0.9963,1.0038,0.991,0.999,0.0011,+0.11%,105541,143532
D6M12,2012-05-14,0.9977,0.9999,0.9939,0.9963,-0.0027,-0.27%,75453,142017
D6M12,2012-05-15,0.996,1.0002,0.9918,0.9947,-0.0016,-0.16%,96605,140173
D6M12,2012-05-16,0.9923,0.9947,0.9862,0.9881,-0.0066,-0.66%,126040,138867
D6M12,2012-05-17,0.987,0.989,0.98,0.9822,-0.0059,-0.60%,124622,137799
D6M12,2012-05-18,0.9801,0.9856,0.9771,0.9784,-0.0038,-0.39%,120481,133592
D6M12,2012-05-21,0.9784,0.9832,0.9752,0.9804,0.002,+0.20%,92859,131444
D6M12,2012-05-22,0.9821,0.9843,0.9764,0.9795,-0.0009,-0.09%,93133,130992
D6M12,2012-05-23,0.9787,0.9795,0.9705,0.9748,-0.0047,-0.48%,137020,128338
D6M12,2012-05-24,0.9752,0.9772,0.9706,0.9719,-0.0029,-0.30%,121341,126739
D6M12,2012-05-25,0.9733,0.9754,0.9697,0.9709,-0.001,-0.10%,80466,127483
D6M12,2012-05-29,0.973,0.9792,0.9726,0.976,0.0051,+0.53%,131975,126626
D6M12,2012-05-30,0.9769,0.9777,0.9693,0.9707,-0.0053,-0.54%,121362,130126
D6M12,2012-05-31,0.9704,0.974,0.9642,0.9677,-0.003,-0.31%,141686,131826
D6M12,2012-06-01,0.9679,0.9683,0.9572,0.9613,-0.0064,-0.66%,172392,131711
D6M12,2012-06-04,0.9616,0.9641,0.9568,0.9614,0.0001,+0.01%,112020,130716
D6M12,2012-06-05,0.9617,0.9648,0.9588,0.9625,0.0011,+0.11%,116765,137391
D6M12,2012-06-06,0.9631,0.9733,0.9625,0.9715,0.009,+0.94%,147233,140711
D6M12,2012-06-07,0.9729,0.9791,0.971,0.9756,0.0041,+0.42%,134793,141938
D6M12,2012-06-08,0.9727,0.9756,0.9654,0.9715,-0.0041,-0.42%,122102,140775
D6M12,2012-06-11,0.9773,0.9801,0.9691,0.9701,-0.0014,-0.14%,121392,139327
D6M12,2012-06-12,0.9691,0.9748,0.968,0.9742,0.0041,+0.42%,126433,135037
D6M12,2012-06-13,0.9742,0.9763,0.9704,0.9722,-0.002,-0.21%,175570,147534
D6M12,2012-06-14,0.971,0.9778,0.971,0.9743,0.0021,+0.22%,161224,142340
D6U12,2012-06-15,0.9756,0.9771,0.9725,0.9754,0.0011,+0.11%,91836,134790
D6U12,2012-06-18,0.9776,0.9795,0.971,0.9741,-0.0013,-0.13%,106968,135444
D6U12,2012-06-19,0.975,0.9818,0.9741,0.9805,0.0064,+0.66%,99856,96308
D6U12,2012-06-20,0.9803,0.9824,0.9753,0.9788,-0.0017,-0.17%,104071,96808
D6U12,2012-06-21,0.9796,0.9808,0.9694,0.9709,-0.0079,-0.81%,128340,99472
D6U12,2012-06-22,0.9703,0.9747,0.969,0.9739,0.003,+0.31%,86514,95330
D6U12,2012-06-25,0.973,0.9739,0.9674,0.9696,-0.0043,-0.44%,80623,97411
D6U12,2012-06-26,0.97,0.9755,0.9694,0.9747,0.0051,+0.53%,100057,95821
D6U12,2012-06-27,0.9745,0.9752,0.9721,0.973,-0.0017,-0.17%,75232,95124
D6U12,2012-06-28,0.9735,0.9756,0.9632,0.9641,-0.0089,-0.91%,126950,104540
D6U12,2012-06-29,0.966,0.9821,0.9641,0.9816,0.0175,+1.82%,156003,92914
D6U12,2012-07-02,0.9819,0.9829,0.9786,0.9819,0.0003,+0.03%,68954,93065
D6U12,2012-07-03,0.9819,0.9865,0.9813,0.9856,0.0037,+0.38%,63993,93127
D6U12,2012-07-05,0.9851,0.9885,0.9829,0.9851,-0.0005,-0.05%,109362,96441
D6U12,2012-07-06,0.9842,0.9847,0.9781,0.9786,-0.0065,-0.66%,90087,98070
D6U12,2012-07-09,0.9787,0.9806,0.9767,0.9791,0.0005,+0.05%,65123,98922
D6U12,2012-07-10,0.9795,0.9821,0.9761,0.9762,-0.0029,-0.30%,74249,100606
D6U12,2012-07-11,0.9761,0.9815,0.976,0.9773,0.0011,+0.11%,83668,103764
D6U12,2012-07-12,0.9794,0.9812,0.974,0.9804,0.0031,+0.32%,100186,107949
D6U12,2012-07-13,0.9797,0.9858,0.9787,0.9845,0.0041,+0.42%,95496,103183
D6U12,2012-07-16,0.9845,0.9855,0.9816,0.9842,-0.0003,-0.03%,72017,104297
D6U12,2012-07-17,0.9839,0.9868,0.9819,0.9862,0.002,+0.20%,90591,103963
D6U12,2012-07-18,0.9864,0.9888,0.984,0.9876,0.0014,+0.14%,77210,104077
D6U12,2012-07-19,0.9885,0.9921,0.9876,0.9915,0.0039,+0.39%,99979,101208
D6U12,2012-07-20,0.9907,0.9918,0.9858,0.9866,-0.0049,-0.49%,87341,99099
D6U12,2012-07-23,0.9852,0.9866,0.9787,0.9816,-0.005,-0.51%,113645,105040
D6U12,2012-07-24,0.9805,0.9833,0.9766,0.9772,-0.0044,-0.45%,110632,111062
D6U12,2012-07-25,0.9774,0.9852,0.9761,0.9846,0.0074,+0.76%,122756,107066
D6U12,2012-07-26,0.9834,0.9928,0.9825,0.9892,0.0046,+0.47%,135449,99513
D6U12,2012-07-27,0.9888,0.996,0.9885,0.9948,0.0056,+0.57%,107718,102462
D6U12,2012-07-30,0.9945,0.9976,0.9936,0.9971,0.0023,+0.23%,85962,98256
D6U12,2012-07-31,0.997,0.9987,0.9947,0.9962,-0.0009,-0.09%,92646,101082
D6U12,2012-08-01,0.9955,0.9986,0.9934,0.9947,-0.0015,-0.15%,80395,102181
D6U12,2012-08-02,0.9937,0.9989,0.9906,0.9912,-0.0035,-0.35%,147256,100351
D6U12,2012-08-03,0.9917,1.0011,0.9912,0.9995,0.0083,+0.84%,114249,107251
D6U12,2012-08-06,0.9977,1.0007,0.997,0.9998,0.0003,+0.03%,58445,106137
D6U12,2012-08-07,0.9987,1.0029,0.9979,1.0026,0.0028,+0.28%,68196,109258
D6U12,2012-08-08,1.0022,1.0056,1.0003,1.0041,0.0015,+0.15%,78808,114037
D6U12,2012-08-09,1.0045,1.0083,1.0041,1.0074,0.0033,+0.33%,85931,117970
D6U12,2012-08-10,1.0078,1.0087,1.001,1.0073,-0.0001,-0.01%,85731,119387
D6U12,2012-08-13,1.0083,1.0088,1.0052,1.0069,-0.0004,-0.04%,68410,119644
D6U12,2012-08-14,1.0068,1.0087,1.0053,1.0081,0.0012,+0.12%,74197,123658
D6U12,2012-08-15,1.0074,1.0108,1.0057,1.0107,0.0026,+0.26%,75023,131184
D6U12,2012-08-16,1.0101,1.0135,1.0094,1.0134,0.0027,+0.27%,73449,136621
D6U12,2012-08-17,1.013,1.0134,1.0092,1.0108,-0.0026,-0.26%,71904,140975
D6U12,2012-08-20,1.0109,1.012,1.0093,1.0113,0.0005,+0.05%,53755,144764
D6U12,2012-08-21,1.0106,1.0155,1.0095,1.0105,-0.0008,-0.08%,92633,150410
D6U12,2012-08-22,1.0103,1.0108,1.0047,1.0088,-0.0017,-0.17%,105164,151568
D6U12,2012-08-23,1.0088,1.0111,1.0046,1.0061,-0.0027,-0.27%,83850,156252
D6U12,2012-08-24,1.0057,1.0092,1.0048,1.0084,0.0023,+0.23%,69947,161251
D6U12,2012-08-27,1.0079,1.0107,1.0071,1.0091,0.0007,+0.07%,48215,160270
D6U12,2012-08-28,1.009,1.0156,1.0079,1.0116,0.0025,+0.25%,84087,163842
D6U12,2012-08-29,1.0112,1.0132,1.0096,1.0112,-0.0004,-0.04%,63472,160546
D6U12,2012-08-30,1.0106,1.0112,1.0064,1.0071,-0.0041,-0.41%,75273,155298
D6U12,2012-08-31,1.0074,1.0148,1.0066,1.0144,0.0073,+0.72%,113371,163588
D6U12,2012-09-04,1.0132,1.0157,1.012,1.0145,0.0001,+0.01%,113560,171278
D6U12,2012-09-05,1.0139,1.0145,1.0079,1.0092,-0.0053,-0.52%,118988,173490
D6U12,2012-09-06,1.0094,1.0193,1.0083,1.0179,0.0087,+0.86%,133064,196275
D6U12,2012-09-07,1.0171,1.0239,1.0166,1.0221,0.0042,+0.41%,136041,208189
D6U12,2012-09-10,1.0227,1.025,1.0213,1.0229,0.0008,+0.08%,141564,228164
D6U12,2012-09-11,1.0227,1.0293,1.0226,1.0272,0.0043,+0.42%,167517,254598
D6U12,2012-09-12,1.0272,1.0292,1.0235,1.0239,-0.0033,-0.32%,212815,280965
D6Z12,2012-09-13,1.0223,1.0325,1.0209,1.0292,0.0053,+0.52%,242361,300528
D6Z12,2012-09-14,1.03,1.0359,1.026,1.0285,-0.0007,-0.07%,176307,310463
D6Z12,2012-09-17,1.0281,1.0294,1.0224,1.0228,-0.0057,-0.55%,102817,298446
D6Z12,2012-09-18,1.0238,1.0256,1.0218,1.0234,0.0006,+0.06%,66305,207565
D6Z12,2012-09-19,1.0241,1.0262,1.0222,1.0243,0.0009,+0.09%,68703,206940
D6Z12,2012-09-20,1.0238,1.0243,1.0167,1.022,-0.0023,-0.22%,79504,205566
D6Z12,2012-09-21,1.022,1.0257,1.0205,1.0216,-0.0004,-0.04%,67018,208082
D6Z12,2012-09-24,1.0223,1.0223,1.0166,1.0201,-0.0015,-0.15%,52194,207101
D6Z12,2012-09-25,1.0202,1.0231,1.0174,1.0187,-0.0014,-0.14%,74894,210066
D6Z12,2012-09-26,1.0182,1.0187,1.0123,1.0137,-0.005,-0.49%,84383,205927
D6Z12,2012-09-27,1.0136,1.0194,1.013,1.0178,0.0041,+0.40%,81368,206056
D6Z12,2012-09-28,1.0182,1.0205,1.0132,1.0149,-0.0029,-0.28%,93505,199817
D6Z12,2012-10-01,1.0147,1.0189,1.0128,1.0163,0.0014,+0.14%,78735,198836
D6Z12,2012-10-02,1.0164,1.0173,1.0139,1.0143,-0.002,-0.20%,70256,196895
D6Z12,2012-10-03,1.0143,1.0147,1.0099,1.0103,-0.004,-0.39%,87274,193465
D6Z12,2012-10-04,1.011,1.0187,1.0103,1.0178,0.0075,+0.74%,88241,190755
D6Z12,2012-10-05,1.0181,1.0256,1.0174,1.0198,0.002,+0.20%,88895,191515
D6Z12,2012-10-08,1.0202,1.0239,1.0187,1.0234,0.0036,+0.35%,48517,193945
D6Z12,2012-10-09,1.022,1.0246,1.018,1.0215,-0.0019,-0.19%,74897,192593
D6Z12,2012-10-10,1.0211,1.0221,1.017,1.0177,-0.0038,-0.37%,67865,190281
D6Z12,2012-10-11,1.017,1.0226,1.0153,1.0199,0.0022,+0.22%,66997,188051
D6Z12,2012-10-12,1.0203,1.0224,1.018,1.0193,-0.0006,-0.06%,62734,189618
D6Z12,2012-10-15,1.0204,1.0222,1.0177,1.0203,0.001,+0.10%,75909,191439
D6Z12,2012-10-16,1.0182,1.0203,1.0105,1.0117,-0.0086,-0.84%,110252,189466
D6Z12,2012-10-17,1.0126,1.0219,1.0117,1.0214,0.0097,+0.96%,94519,192731
D6Z12,2012-10-18,1.0214,1.0231,1.0128,1.0135,-0.0079,-0.77%,88280,191122
D6Z12,2012-10-19,1.0131,1.0144,1.0034,1.0052,-0.0083,-0.82%,91137,186485
D6Z12,2012-10-22,1.0044,1.0071,1.0023,1.0049,-0.0003,-0.03%,66832,183636
D6Z12,2012-10-23,1.0064,1.0088,1.0012,1.0059,0.001,+0.10%,96863,178102
D6Z12,2012-10-24,1.0064,1.01,1.0029,1.0048,-0.0011,-0.11%,74842,174228
D6Z12,2012-10-25,1.0051,1.0086,1.0033,1.0048,0,0.00%,65803,171992
D6Z12,2012-10-26,1.0043,1.0048,0.9994,0.9999,-0.0049,-0.49%,71647,171567
D6Z12,2012-10-29,1.0008,1.0012,0.9976,0.998,-0.0019,-0.19%,40143,169249
D6Z12,2012-10-30,0.9978,1.0006,0.997,0.9997,0.0017,+0.17%,29573,167010
D6Z12,2012-10-31,0.9998,1.0029,0.9976,0.9988,-0.0009,-0.09%,73615,166763
D6Z12,2012-11-01,0.9991,1.003,0.9976,1.0026,0.0038,+0.38%,59971,165734
D6Z12,2012-11-02,1.0024,1.0069,0.9998,1.0033,0.0007,+0.07%,99980,169508
D6Z12,2012-11-05,1.0036,1.005,1.0013,1.0022,-0.0011,-0.11%,50032,167902
D6Z12,2012-11-06,1.0028,1.0082,1.0022,1.0074,0.0052,+0.52%,60033,166422
D6Z12,2012-11-07,1.0068,1.0118,1.0007,1.0024,-0.005,-0.50%,106614,169202
D6Z12,2012-11-08,1.0027,1.0044,0.9987,0.9995,-0.0029,-0.29%,78215,170160
D6Z12,2012-11-09,0.9989,1.001,0.9959,0.9989,-0.0006,-0.06%,92957,171501
D6Z12,2012-11-12,0.9987,1.0008,0.9986,0.9996,0.0007,+0.07%,40018,167660
D6Z12,2012-11-13,0.9995,1.0002,0.9957,0.9979,-0.0017,-0.17%,65671,168339
D6Z12,2012-11-14,0.9971,0.9995,0.9951,0.9962,-0.0017,-0.17%,59676,171038
D6Z12,2012-11-15,0.996,0.9988,0.9952,0.9976,0.0014,+0.14%,67486,169105
D6Z12,2012-11-16,0.9991,0.9997,0.9936,0.9976,0,0.00%,81344,169067
D6Z12,2012-11-19,0.9984,1.004,0.9976,1.003,0.0054,+0.54%,65420,166676
D6Z12,2012-11-20,1.0025,1.0039,1.0003,1.0013,-0.0017,-0.17%,59822,169517
D6Z12,2012-11-21,1.0024,1.0037,1.0001,1.003,0.0017,+0.17%,50886,168709
D6Z12,2012-11-23,1.0033,1.0082,1.0012,1.0079,0.0049,+0.49%,69172,169576
D6Z12,2012-11-26,1.0072,1.0079,1.0035,1.0059,-0.002,-0.20%,68426,168957
D6Z12,2012-11-27,1.0068,1.0091,1.0047,1.0053,-0.0006,-0.06%,70485,170497
D6Z12,2012-11-28,1.0049,1.0079,1.0035,1.0071,0.0018,+0.18%,77961,168751
D6Z12,2012-11-29,1.0076,1.0085,1.0058,1.0074,0.0003,+0.03%,81101,168472
D6Z12,2012-11-30,1.0068,1.0076,1.0044,1.0066,-0.0008,-0.08%,62517,168948
D6Z12,2012-12-03,1.0061,1.0083,1.0044,1.0049,-0.0017,-0.17%,83633,165717
D6Z12,2012-12-04,1.0047,1.0083,1.0043,1.0069,0.002,+0.20%,81731,167343
D6Z12,2012-12-05,1.0065,1.009,1.0056,1.0085,0.0016,+0.16%,81648,168929
D6Z12,2012-12-06,1.0079,1.0107,1.0071,1.0081,-0.0004,-0.04%,84748,170390
D6Z12,2012-12-07,1.0084,1.0124,1.0064,1.0101,0.002,+0.20%,98834,173540
D6Z12,2012-12-10,1.0131,1.0138,1.0101,1.0128,0.0027,+0.27%,103246,177820
D6Z12,2012-12-11,1.0136,1.0142,1.0119,1.0136,0.0008,+0.08%,120343,178087
D6Z12,2012-12-12,1.0139,1.0175,1.0134,1.0162,0.0026,+0.26%,126537,187869
D6H13,2012-12-13,1.0138,1.0158,1.0125,1.013,-0.0032,-0.31%,151097,209942
D6H13,2012-12-14,1.0134,1.015,1.0115,1.0117,-0.0013,-0.13%,116740,225781
D6H13,2012-12-17,1.0123,1.0151,1.0099,1.0139,0.0022,+0.22%,70020,228620
D6H13,2012-12-18,1.0145,1.015,1.0123,1.0129,-0.001,-0.10%,52320,150614
D6H13,2012-12-19,1.0123,1.0133,1.0093,1.0106,-0.0023,-0.23%,59959,146750
D6H13,2012-12-20,1.0092,1.0113,1.0085,1.011,0.0004,+0.04%,63568,149870
D6H13,2012-12-21,1.0105,1.0108,1.0028,1.0039,-0.0071,-0.70%,74603,144101
D6H13,2012-12-24,1.0052,1.0078,1.0037,1.0073,0.0034,+0.34%,22040,140965
D6H13,2012-12-26,1.0055,1.0073,1.0032,1.0039,-0.0034,-0.34%,17110,142444
D6H13,2012-12-27,1.0043,1.0075,1.0022,1.0033,-0.0006,-0.06%,37599,143203
D6H13,2012-12-28,1.0036,1.0045,1.0011,1.002,-0.0013,-0.13%,36120,139752
D6H13,2012-12-31,1.0026,1.0083,1.0012,1.0037,0.0017,+0.17%,39961,137247
D6H13,2013-01-02,1.0124,1.0149,1.0113,1.0126,0.0089,+0.89%,63284,138587
D6H13,2013-01-03,1.0132,1.0143,1.0101,1.0113,-0.0013,-0.13%,53953,138349
D6H13,2013-01-04,1.0102,1.0138,1.0062,1.0117,0.0004,+0.04%,83651,136846
D6H13,2013-01-07,1.0122,1.0133,1.01,1.0124,0.0007,+0.07%,47696,136792
D6H13,2013-01-08,1.0127,1.0144,1.0103,1.0116,-0.0008,-0.08%,54882,137314
D6H13,2013-01-09,1.0122,1.0132,1.0106,1.0111,-0.0005,-0.05%,47848,137704
D6H13,2013-01-10,1.011,1.0171,1.0106,1.0147,0.0036,+0.36%,66775,139732
D6H13,2013-01-11,1.0154,1.0175,1.0133,1.015,0.0003,+0.03%,68420,143456
D6H13,2013-01-14,1.014,1.0158,1.0122,1.0151,0.0001,+0.01%,49058,143204
D6H13,2013-01-15,1.0148,1.0156,1.0121,1.0145,-0.0006,-0.06%,54892,144716
D6H13,2013-01-16,1.0146,1.015,1.011,1.0128,-0.0017,-0.17%,54449,145383
D6H13,2013-01-17,1.0127,1.0146,1.0101,1.0138,0.001,+0.10%,59697,146301
D6H13,2013-01-18,1.0134,1.0135,1.004,1.0063,-0.0075,-0.74%,96463,147080
D6H13,2013-01-22,1.0064,1.0079,1.0042,1.0062,-0.0001,-0.01%,87959,141710
D6H13,2013-01-23,1.0067,1.0085,0.9983,0.9994,-0.0068,-0.68%,104806,143433
D6H13,2013-01-24,0.9992,0.9997,0.9952,0.9958,-0.0036,-0.36%,96713,140136
D6H13,2013-01-25,0.9965,0.9967,0.9889,0.9911,-0.0047,-0.47%,99838,144872
D6H13,2013-01-28,0.9919,0.9931,0.9889,0.9925,0.0014,+0.14%,71152,144807
D6H13,2013-01-29,0.9928,0.9981,0.9923,0.9966,0.0041,+0.41%,65308,144927
D6H13,2013-01-30,0.9975,0.9981,0.9936,0.9973,0.0007,+0.07%,66760,148014
D6H13,2013-01-31,0.9973,1.0032,0.9955,1.0015,0.0042,+0.42%,78586,146160
D6H13,2013-02-01,1.0019,1.0026,0.9985,1.002,0.0005,+0.05%,77282,146657
D6H13,2013-02-04,1.0021,1.0042,0.9998,1.001,-0.001,-0.10%,59730,148164
D6H13,2013-02-05,1.0001,1.0038,0.9995,1.0034,0.0024,+0.24%,53895,141807
D6H13,2013-02-06,1.0035,1.0038,1.0001,1.003,-0.0004,-0.04%,58250,140329
D6H13,2013-02-07,1.0035,1.0059,0.9996,1.0011,-0.0019,-0.19%,63531,139615
D6H13,2013-02-08,1.0016,1.0021,0.9954,0.9964,-0.0047,-0.47%,73067,138016
D6H13,2013-02-11,0.9962,0.9965,0.9909,0.9938,-0.0026,-0.26%,61725,139029
D6H13,2013-02-12,0.9942,0.9972,0.9906,0.9962,0.0024,+0.24%,62241,140109
D6H13,2013-02-13,0.9973,0.998,0.9949,0.9974,0.0012,+0.12%,50187,141296
D6H13,2013-02-14,0.9978,0.9993,0.9968,0.9978,0.0004,+0.04%,51526,142660
D6H13,2013-02-15,0.9983,0.9992,0.9911,0.9921,-0.0057,-0.57%,68426,148146
D6H13,2013-02-19,0.9918,0.9936,0.9858,0.9875,-0.0046,-0.46%,94506,156182
D6H13,2013-02-20,0.988,0.9885,0.9812,0.9815,-0.006,-0.61%,108014,173000
D6H13,2013-02-21,0.9831,0.9835,0.9791,0.9803,-0.0012,-0.12%,84981,178323
D6H13,2013-02-22,0.9817,0.9838,0.9745,0.9769,-0.0034,-0.35%,116427,184585
D6H13,2013-02-25,0.9776,0.9787,0.9725,0.9738,-0.0031,-0.32%,98505,194031
D6H13,2013-02-26,0.9738,0.976,0.9701,0.9741,0.0003,+0.03%,85715,195893
D6H13,2013-02-27,0.9741,0.9773,0.9725,0.9767,0.0026,+0.27%,73887,202068
D6H13,2013-02-28,0.9767,0.9783,0.9691,0.9703,-0.0064,-0.66%,97580,209794
D6H13,2013-03-01,0.97,0.9741,0.9665,0.9718,0.0015,+0.15%,103340,209518
D6H13,2013-03-04,0.9731,0.9734,0.9696,0.9724,0.0006,+0.06%,82540,215581
D6H13,2013-03-05,0.9731,0.9747,0.971,0.9726,0.0002,+0.02%,73792,221062
D6H13,2013-03-06,0.973,0.9749,0.9671,0.9694,-0.0032,-0.33%,109036,226006
D6H13,2013-03-07,0.9685,0.972,0.9678,0.9717,0.0023,+0.24%,71822,228525
D6H13,2013-03-08,0.9712,0.977,0.9692,0.9718,0.0001,+0.01%,144595,235610
D6H13,2013-03-11,0.972,0.9749,0.9712,0.9743,0.0025,+0.26%,86739,244531
D6H13,2013-03-12,0.9744,0.9755,0.9722,0.9743,0,0.00%,114398,249150
D6H13,2013-03-13,0.9746,0.9758,0.9712,0.9732,-0.0011,-0.11%,172297,279470
D6H13,2013-03-14,0.9727,0.9791,0.9723,0.9781,0.0049,+0.50%,157034,289892
D6M13,2013-03-15,0.9759,0.9802,0.9752,0.9788,0.0007,+0.07%,125541,307357
D6M13,2013-03-18,0.9761,0.978,0.9735,0.9768,-0.002,-0.20%,67439,308230
D6M13,2013-03-19,0.9771,0.9771,0.9704,0.9713,-0.0055,-0.56%,63472,174182
D6M13,2013-03-20,0.9716,0.9748,0.9712,0.9739,0.0026,+0.27%,67326,166240
D6M13,2013-03-21,0.9729,0.9787,0.9725,0.9746,0.0007,+0.07%,59825,163651
D6M13,2013-03-22,0.9739,0.9766,0.9723,0.9759,0.0013,+0.13%,47026,162115
D6M13,2013-03-25,0.9749,0.9797,0.9749,0.977,0.0011,+0.11%,69979,160181
D6M13,2013-03-26,0.9768,0.9829,0.9768,0.9821,0.0051,+0.52%,65500,160847
D6M13,2013-03-27,0.982,0.9834,0.979,0.9821,0,0.00%,71700,162988
D6M13,2013-03-28,0.982,0.9849,0.9812,0.9821,0,0.00%,61833,163214
D6M13,2013-04-01,0.9818,0.9825,0.9802,0.982,-0.0001,-0.01%,33606,165977
D6M13,2013-04-02,0.9819,0.986,0.9818,0.9838,0.0018,+0.18%,60702,163150
D6M13,2013-04-03,0.984,0.986,0.983,0.9841,0.0003,+0.03%,64487,173228
D6M13,2013-04-04,0.984,0.9883,0.9818,0.9867,0.0026,+0.26%,85528,169222
D6M13,2013-04-05,0.9862,0.9867,0.9754,0.9811,-0.0056,-0.57%,96069,166174
D6M13,2013-04-08,0.9817,0.983,0.9774,0.9811,0,0.00%,59175,162427
D6M13,2013-04-09,0.9819,0.9853,0.9811,0.9835,0.0024,+0.24%,53103,161861
D6M13,2013-04-10,0.9821,0.9847,0.982,0.9839,0.0004,+0.04%,52770,165117
D6M13,2013-04-11,0.9843,0.9902,0.983,0.9879,0.004,+0.41%,64232,164424
D6M13,2013-04-12,0.988,0.9891,0.9841,0.9849,-0.003,-0.30%,56563,161883
D6M13,2013-04-15,0.9847,0.9854,0.9732,0.9746,-0.0103,-1.05%,116253,173506
D6M13,2013-04-16,0.9746,0.9786,0.9734,0.9777,0.0031,+0.32%,81070,171111
D6M13,2013-04-17,0.978,0.978,0.969,0.9722,-0.0055,-0.56%,100316,166067
D6M13,2013-04-18,0.9729,0.9762,0.9717,0.9724,0.0002,+0.02%,60768,166979
D6M13,2013-04-19,0.9734,0.976,0.9724,0.9729,0.0005,+0.05%,52633,167787
D6M13,2013-04-22,0.9735,0.9746,0.9709,0.9733,0.0004,+0.04%,55092,171030
D6M13,2013-04-23,0.9736,0.9744,0.9711,0.973,-0.0003,-0.03%,63908,171804
D6M13,2013-04-24,0.9735,0.9747,0.9716,0.9739,0.0009,+0.09%,53135,172309
D6M13,2013-04-25,0.9736,0.9807,0.9734,0.979,0.0051,+0.52%,73185,171263
D6M13,2013-04-26,0.979,0.9833,0.9778,0.9822,0.0032,+0.33%,68345,170652
D6M13,2013-04-29,0.982,0.9883,0.982,0.9882,0.006,+0.61%,67734,163706
D6M13,2013-04-30,0.9875,0.9936,0.9867,0.9914,0.0032,+0.32%,83359,161473
D6M13,2013-05-01,0.9917,0.9938,0.989,0.9925,0.0011,+0.11%,63854,159331
D6M13,2013-05-02,0.991,0.9931,0.9881,0.9914,-0.0011,-0.11%,70067,156322
D6M13,2013-05-03,0.9885,0.9915,0.986,0.9911,-0.0003,-0.03%,65203,153427
D6M13,2013-05-06,0.9912,0.9927,0.9895,0.9923,0.0012,+0.12%,42433,152368
D6M13,2013-05-07,0.9922,0.9955,0.9909,0.9946,0.0023,+0.23%,63038,149014
D6M13,2013-05-08,0.9946,0.9973,0.9933,0.9963,0.0017,+0.17%,52578,150232
D6M13,2013-05-09,0.9962,0.9977,0.9901,0.9906,-0.0057,-0.57%,76082,148810
D6M13,2013-05-10,0.9923,0.9929,0.9842,0.988,-0.0026,-0.26%,101395,144673
D6M13,2013-05-13,0.9883,0.991,0.986,0.9886,0.0006,+0.06%,64164,143141
D6M13,2013-05-14,0.9888,0.9903,0.9812,0.9817,-0.0069,-0.70%,79322,142482
D6M13,2013-05-15,0.9811,0.9838,0.9776,0.982,0.0003,+0.03%,80949,140407
D6M13,2013-05-16,0.9832,0.9846,0.9789,0.9827,0.0007,+0.07%,76556,140888
D6M13,2013-05-17,0.981,0.9827,0.9673,0.9716,-0.0111,-1.13%,114959,143434
D6M13,2013-05-20,0.9721,0.9782,0.9706,0.9772,0.0056,+0.58%,76472,140625
D6M13,2013-05-21,0.9758,0.9772,0.9682,0.973,-0.0042,-0.43%,84226,141531
D6M13,2013-05-22,0.9732,0.9744,0.9617,0.9628,-0.0102,-1.05%,127889,145758
D6M13,2013-05-23,0.9633,0.9715,0.9615,0.9698,0.007,+0.73%,110990,139718
D6M13,2013-05-24,0.9701,0.9704,0.9651,0.9671,-0.0027,-0.28%,68062,141930
D6M13,2013-05-28,0.9691,0.9692,0.9602,0.9626,-0.0045,-0.47%,86397,144725
D6M13,2013-05-29,0.961,0.9666,0.9591,0.9649,0.0023,+0.24%,89996,139856
D6M13,2013-05-30,0.9656,0.9708,0.9622,0.9705,0.0056,+0.58%,78369,139158
D6M13,2013-05-31,0.9704,0.9709,0.9628,0.9642,-0.0063,-0.65%,97891,143780
D6M13,2013-06-03,0.9647,0.9742,0.9635,0.9727,0.0085,+0.88%,88145,140263
D6M13,2013-06-04,0.9725,0.9727,0.9648,0.9661,-0.0066,-0.68%,73306,141838
D6M13,2013-06-05,0.9667,0.9681,0.9631,0.966,-0.0001,-0.01%,70806,144965
D6M13,2013-06-06,0.9664,0.9799,0.9643,0.9741,0.0081,+0.84%,117169,142330
D6M13,2013-06-07,0.9735,0.9834,0.9717,0.979,0.0049,+0.50%,111908,137654
D6M13,2013-06-10,0.9786,0.9832,0.9783,0.981,0.002,+0.20%,109057,139196
D6M13,2013-06-11,0.9809,0.9826,0.9753,0.9813,0.0003,+0.03%,123510,145729
D6M13,2013-06-12,0.9811,0.9846,0.9786,0.9791,-0.0022,-0.22%,139050,153204
D6U13,2013-06-13,0.9773,0.9834,0.9757,0.9798,0.0007,+0.07%,120565,150221
D6U13,2013-06-14,0.9823,0.9846,0.9794,0.981,0.0012,+0.12%,82012,146878
D6U13,2013-06-17,0.9809,0.9831,0.9776,0.9782,-0.0028,-0.29%,56304,146949
D6U13,2013-06-18,0.9795,0.9804,0.9766,0.978,-0.0002,-0.02%,45067,96350
D6U13,2013-06-19,0.9771,0.9808,0.97,0.9702,-0.0078,-0.80%,70556,97158
D6U13,2013-06-20,0.9716,0.9719,0.9599,0.9601,-0.0101,-1.04%,106519,101895
D6U13,2013-06-21,0.9613,0.9629,0.9514,0.9542,-0.0059,-0.61%,113170,108603
D6U13,2013-06-24,0.9526,0.9542,0.9453,0.9511,-0.0031,-0.32%,116087,109284
D6U13,2013-06-25,0.9504,0.9543,0.9461,0.9489,-0.0022,-0.23%,91274,109819
D6U13,2013-06-26,0.9493,0.9543,0.9478,0.9518,0.0029,+0.31%,82873,112926
D6U13,2013-06-27,0.9525,0.9574,0.95,0.9523,0.0005,+0.05%,75737,118391
D6U13,2013-06-28,0.9523,0.9547,0.9455,0.9504,-0.0019,-0.20%,87873,122539
D6U13,2013-07-01,0.9487,0.9518,0.9475,0.9504,0,0.00%,49962,122932
D6U13,2013-07-02,0.9509,0.9511,0.9436,0.947,-0.0034,-0.36%,68534,126754
D6U13,2013-07-03,0.9466,0.9504,0.9448,0.949,0.002,+0.21%,56624,127835
D6U13,2013-07-05,0.9496,0.9532,0.9409,0.9435,-0.0055,-0.58%,110513,139075
D6U13,2013-07-08,0.9437,0.9465,0.9431,0.9456,0.0021,+0.22%,57055,139850
D6U13,2013-07-09,0.9453,0.9495,0.944,0.9482,0.0026,+0.27%,65089,140106
D6U13,2013-07-10,0.9482,0.9556,0.9471,0.9502,0.002,+0.21%,66961,141378
D6U13,2013-07-11,0.9564,0.9669,0.9555,0.9622,0.012,+1.26%,100736,138493
D6U13,2013-07-12,0.9626,0.9637,0.9595,0.9606,-0.0016,-0.17%,62148,135130
D6U13,2013-07-15,0.9607,0.9619,0.957,0.9582,-0.0024,-0.25%,49807,134445
D6U13,2013-07-16,0.9572,0.9634,0.9562,0.9628,0.0046,+0.48%,66924,133870
D6U13,2013-07-17,0.9621,0.9642,0.9552,0.9586,-0.0042,-0.44%,78206,132416
D6U13,2013-07-18,0.9597,0.9624,0.9565,0.9617,0.0031,+0.32%,48708,130771
D6U13,2013-07-19,0.9623,0.9644,0.9607,0.9631,0.0014,+0.15%,48219,126770
D6U13,2013-07-22,0.963,0.9675,0.963,0.9657,0.0026,+0.27%,50978,122808
D6U13,2013-07-23,0.9659,0.9717,0.9649,0.9714,0.0057,+0.59%,68853,119597
D6U13,2013-07-24,0.9706,0.9732,0.9673,0.968,-0.0034,-0.35%,71093,116158
D6U13,2013-07-25,0.9683,0.9739,0.9678,0.971,0.003,+0.31%,59645,115953
D6U13,2013-07-26,0.9711,0.9733,0.9694,0.9713,0.0003,+0.03%,52002,114051
D6U13,2013-07-29,0.9713,0.9742,0.9713,0.9739,0.0026,+0.27%,43276,112263
D6U13,2013-07-30,0.973,0.9739,0.9687,0.9688,-0.0051,-0.52%,62236,111005
D6U13,2013-07-31,0.9693,0.9749,0.9664,0.9745,0.0057,+0.59%,96770,111347
D6U13,2013-08-01,0.9718,0.9745,0.965,0.9655,-0.009,-0.92%,69544,111127
D6U13,2013-08-02,0.9654,0.9662,0.9603,0.9616,-0.0039,-0.40%,81796,109850
D6U13,2013-08-05,0.9616,0.9644,0.9602,0.9635,0.0019,+0.20%,44041,109125
D6U13,2013-08-06,0.9642,0.9653,0.9614,0.9636,0.0001,+0.01%,50047,106787
D6U13,2013-08-07,0.963,0.9636,0.9564,0.9585,-0.0051,-0.53%,67687,111143
D6U13,2013-08-08,0.9587,0.9696,0.9578,0.9684,0.0099,+1.03%,83712,107266
D6U13,2013-08-09,0.9673,0.9724,0.965,0.9723,0.0039,+0.40%,81567,107026
D6U13,2013-08-12,0.9706,0.9719,0.9684,0.9705,-0.0018,-0.19%,41756,106361
D6U13,2013-08-13,0.9696,0.9705,0.9656,0.966,-0.0045,-0.46%,48765,105303
D6U13,2013-08-14,0.9663,0.9683,0.9635,0.9671,0.0011,+0.11%,44057,105102
D6U13,2013-08-15,0.9665,0.9704,0.964,0.9701,0.003,+0.31%,67404,104783
D6U13,2013-08-16,0.9695,0.9708,0.9645,0.968,-0.0021,-0.22%,54680,105665
D6U13,2013-08-19,0.9673,0.9687,0.9656,0.9661,-0.0019,-0.20%,35286,105984
D6U13,2013-08-20,0.9661,0.9663,0.9607,0.962,-0.0041,-0.42%,65617,108282
D6U13,2013-08-21,0.9616,0.962,0.9533,0.9555,-0.0065,-0.68%,81395,115917
D6U13,2013-08-22,0.954,0.9544,0.949,0.9495,-0.006,-0.63%,79981,122680
D6U13,2013-08-23,0.9502,0.9522,0.9455,0.9508,0.0013,+0.14%,77188,131890
D6U13,2013-08-26,0.9508,0.9521,0.9488,0.9516,0.0008,+0.08%,40407,131151
D6U13,2013-08-27,0.9518,0.9544,0.9482,0.953,0.0014,+0.15%,50658,133392
D6U13,2013-08-28,0.9541,0.9542,0.9509,0.9535,0.0005,+0.05%,52242,133640
D6U13,2013-08-29,0.953,0.9537,0.9481,0.9492,-0.0043,-0.45%,52869,136655
D6U13,2013-08-30,0.949,0.9512,0.9467,0.9492,0,0.00%,56882,136222
D6U13,2013-09-03,0.9492,0.9513,0.9461,0.9488,-0.0004,-0.04%,80844,143241
D6U13,2013-09-04,0.9489,0.9543,0.9482,0.9526,0.0038,+0.40%,51183,142171
D6U13,2013-09-05,0.9521,0.9543,0.9506,0.9519,-0.0007,-0.07%,60652,144040
D6U13,2013-09-06,0.9517,0.9632,0.9516,0.9614,0.0095,+1.00%,82736,138188
D6U13,2013-09-09,0.9607,0.9651,0.9597,0.9644,0.003,+0.31%,69387,134770
D6U13,2013-09-10,0.964,0.9679,0.9631,0.9662,0.0018,+0.19%,94017,137986
D6U13,2013-09-11,0.9658,0.9695,0.9646,0.9691,0.0029,+0.30%,118763,136259
D6Z13,2013-09-12,0.9672,0.9681,0.9653,0.9664,-0.0027,-0.28%,92791,145436
D6Z13,2013-09-13,0.9664,0.9666,0.9634,0.9651,-0.0013,-0.13%,55697,143917
D6Z13,2013-09-16,0.9667,0.9704,0.9651,0.9667,0.0016,+0.17%,57892,143691
D6Z13,2013-09-17,0.9663,0.9711,0.9655,0.9694,0.0027,+0.28%,51376,98035
D6Z13,2013-09-18,0.969,0.9781,0.967,0.977,0.0076,+0.78%,69940,102039
D6Z13,2013-09-19,0.9754,0.9799,0.9719,0.9725,-0.0045,-0.46%,78318,108907
D6Z13,2013-09-20,0.9722,0.9725,0.9679,0.9695,-0.003,-0.31%,50461,109702
D6Z13,2013-09-23,0.9685,0.9712,0.9682,0.9711,0.0016,+0.17%,45346,118269
D6Z13,2013-09-24,0.9707,0.9723,0.9678,0.969,-0.0021,-0.22%,37277,119624
D6Z13,2013-09-25,0.9686,0.9703,0.9671,0.9678,-0.0012,-0.12%,42661,120099
D6Z13,2013-09-26,0.9676,0.9687,0.9651,0.9679,0.0001,+0.01%,38401,122019
D6Z13,2013-09-27,0.968,0.9692,0.966,0.9689,0.001,+0.10%,31506,123441
D6Z13,2013-09-30,0.9676,0.9725,0.9673,0.9687,-0.0002,-0.02%,46574,123249
D6Z13,2013-10-01,0.9678,0.9702,0.9656,0.9665,-0.0022,-0.23%,50104,122732
D6Z13,2013-10-02,0.9661,0.9668,0.9637,0.9661,-0.0004,-0.04%,49614,119331
D6Z13,2013-10-03,0.9661,0.9679,0.9654,0.967,0.0009,+0.09%,41951,120726
D6Z13,2013-10-04,0.9661,0.9701,0.9653,0.9693,0.0023,+0.24%,39718,121784
D6Z13,2013-10-07,0.9692,0.9695,0.9659,0.9683,-0.001,-0.10%,37792,117845
D6Z13,2013-10-08,0.9679,0.9685,0.9622,0.9623,-0.006,-0.62%,48637,118332
D6Z13,2013-10-09,0.9628,0.9642,0.9592,0.9605,-0.0018,-0.19%,56937,116708
D6Z13,2013-10-10,0.9604,0.9625,0.9581,0.9603,-0.0002,-0.02%,44710,116337
D6Z13,2013-10-11,0.9601,0.9657,0.9588,0.9654,0.0051,+0.53%,51431,112060
D6Z13,2013-10-14,0.9635,0.9654,0.9628,0.9645,-0.0009,-0.09%,26008,110565
D6Z13,2013-10-15,0.9646,0.9664,0.9609,0.962,-0.0025,-0.26%,35729,112544
D6Z13,2013-10-16,0.9621,0.967,0.9614,0.9668,0.0048,+0.50%,42903,111387
D6Z13,2013-10-17,0.9669,0.9713,0.9664,0.9706,0.0038,+0.39%,57126,108942
D6Z13,2013-10-18,0.97,0.9718,0.969,0.97,-0.0006,-0.06%,32195,108677
D6Z13,2013-10-21,0.9703,0.9705,0.969,0.9697,-0.0003,-0.03%,23000,107578
D6Z13,2013-10-22,0.9691,0.9728,0.9686,0.9707,0.001,+0.10%,47942,109316
D6Z13,2013-10-23,0.9706,0.9712,0.9605,0.9609,-0.0098,-1.01%,91922,106345
D6Z13,2013-10-24,0.9616,0.9634,0.9566,0.958,-0.0029,-0.30%,57357,110533
D6Z13,2013-10-25,0.9582,0.9593,0.9546,0.9555,-0.0025,-0.26%,45716,112590
D6Z13,2013-10-28,0.9556,0.9577,0.9555,0.9565,0.001,+0.10%,30977,114300
D6Z13,2013-10-29,0.9561,0.9579,0.9538,0.9548,-0.0017,-0.18%,46466,116157
D6Z13,2013-10-30,0.9541,0.9565,0.9514,0.9532,-0.0016,-0.17%,51749,117954
D6Z13,2013-10-31,0.9533,0.9592,0.9521,0.9585,0.0053,+0.56%,67065,116863
D6Z13,2013-11-01,0.9574,0.9594,0.9554,0.9578,-0.0007,-0.07%,57256,118904
D6Z13,2013-11-04,0.9585,0.9607,0.9578,0.9585,0.0007,+0.07%,31267,117756
D6Z13,2013-11-05,0.9583,0.9589,0.9546,0.9548,-0.0037,-0.39%,39435,117253
D6Z13,2013-11-06,0.9556,0.9594,0.955,0.9587,0.0039,+0.41%,38139,113878
D6Z13,2013-11-07,0.9584,0.96,0.9547,0.9564,-0.0023,-0.24%,49309,114583
D6Z13,2013-11-08,0.9555,0.9564,0.951,0.9525,-0.0039,-0.41%,57365,115800
D6Z13,2013-11-11,0.953,0.9547,0.9527,0.9534,0.0009,+0.09%,26947,116112
D6Z13,2013-11-12,0.9542,0.9548,0.9508,0.9524,-0.001,-0.10%,45392,118952
D6Z13,2013-11-13,0.9523,0.956,0.9519,0.9547,0.0023,+0.24%,38340,117272
D6Z13,2013-11-14,0.9557,0.957,0.9491,0.9531,-0.0016,-0.17%,63687,119796
D6Z13,2013-11-15,0.955,0.9575,0.953,0.9564,0.0033,+0.35%,39428,118940
D6Z13,2013-11-18,0.9576,0.9596,0.9564,0.9581,0.0017,+0.18%,42341,121943
D6Z13,2013-11-19,0.958,0.9594,0.953,0.9539,-0.0042,-0.44%,45080,121813
D6Z13,2013-11-20,0.9548,0.9577,0.9539,0.9558,0.0019,+0.20%,52916,120426
D6Z13,2013-11-21,0.9561,0.9562,0.9493,0.9494,-0.0064,-0.67%,68616,122778
D6Z13,2013-11-22,0.9501,0.9504,0.9452,0.9491,-0.0003,-0.03%,63437,124461
D6Z13,2013-11-25,0.9497,0.9497,0.9443,0.9468,-0.0023,-0.24%,50574,125635
D6Z13,2013-11-26,0.9486,0.9501,0.9465,0.9478,0.001,+0.11%,50524,129471
D6Z13,2013-11-27,0.948,0.949,0.9427,0.9432,-0.0046,-0.49%,59890,136692
D6Z13,2013-11-29,0.9443,0.9467,0.9404,0.9407,-0.0025,-0.27%,66091,142881
D6Z13,2013-12-02,0.9411,0.9418,0.9382,0.94,-0.0007,-0.07%,62225,140845
D6Z13,2013-12-03,0.9393,0.9403,0.9366,0.9386,-0.0014,-0.15%,56826,145767
D6Z13,2013-12-04,0.9388,0.9397,0.9336,0.9357,-0.0029,-0.31%,88481,153771
D6Z13,2013-12-05,0.9362,0.9409,0.9343,0.9389,0.0032,+0.34%,84444,158386
D6Z13,2013-12-06,0.9383,0.9413,0.9336,0.9377,-0.0012,-0.13%,102077,158769
D6Z13,2013-12-09,0.939,0.9408,0.9371,0.9397,0.002,+0.21%,76573,159075
D6Z13,2013-12-10,0.9402,0.9432,0.9391,0.9422,0.0025,+0.27%,73569,160759
D6Z13,2013-12-11,0.9428,0.9455,0.9415,0.9438,0.0016,+0.17%,136857,166302
D6H14,2013-12-12,0.942,0.9446,0.9361,0.9376,-0.0062,-0.66%,181993,187272
D6H14,2013-12-13,0.9371,0.943,0.9351,0.9418,0.0042,+0.45%,119116,188462
D6H14,2013-12-16,0.9419,0.9437,0.9416,0.9425,0.0007,+0.07%,47899,184462
D6H14,2013-12-17,0.9418,0.9434,0.9397,0.94,-0.0025,-0.27%,45865,149833
D6H14,2013-12-18,0.9408,0.9412,0.9321,0.9364,-0.0036,-0.38%,79800,153267
D6H14,2013-12-19,0.9312,0.9364,0.93,0.9358,-0.0006,-0.06%,52780,149862
D6H14,2013-12-20,0.9355,0.9389,0.9293,0.936,0.0002,+0.02%,62085,153913
D6H14,2013-12-23,0.9376,0.9431,0.936,0.9409,0.0049,+0.52%,43038,150053
D6H14,2013-12-24,0.9402,0.941,0.9385,0.9403,-0.0006,-0.06%,18352,149359
D6H14,2013-12-26,0.9384,0.9403,0.937,0.9378,-0.0025,-0.27%,9646,149303
D6H14,2013-12-27,0.9373,0.94,0.9311,0.9318,-0.006,-0.64%,42267,157128
D6H14,2013-12-30,0.9324,0.9384,0.9304,0.9381,0.0063,+0.68%,41746,152486
D6H14,2013-12-31,0.9371,0.9407,0.9366,0.9392,0.0011,+0.12%,28475,149037
D6H14,2014-01-02,0.9385,0.9428,0.9348,0.9362,-0.003,-0.32%,57475,145271
D6H14,2014-01-03,0.9357,0.9416,0.9354,0.9402,0.004,+0.43%,56238,143504
D6H14,2014-01-06,0.9386,0.941,0.9346,0.9369,-0.0033,-0.35%,60376,143903
D6H14,2014-01-07,0.9366,0.9369,0.9259,0.9273,-0.0096,-1.02%,93427,156950
D6H14,2014-01-08,0.927,0.9273,0.9218,0.9238,-0.0035,-0.38%,86865,156254
D6H14,2014-01-09,0.922,0.9229,0.918,0.9188,-0.005,-0.54%,64391,158504
D6H14,2014-01-10,0.9209,0.9212,0.912,0.9166,-0.0022,-0.24%,102224,160695
D6H14,2014-01-13,0.9156,0.9208,0.9136,0.9195,0.0029,+0.32%,61305,166041
D6H14,2014-01-14,0.9185,0.9187,0.9111,0.9122,-0.0073,-0.79%,72965,171370
D6H14,2014-01-15,0.9117,0.9144,0.9084,0.9115,-0.0007,-0.08%,69203,169577
D6H14,2014-01-16,0.9125,0.9157,0.9108,0.9145,0.003,+0.33%,51250,170462
D6H14,2014-01-17,0.9135,0.9139,0.9091,0.9102,-0.0043,-0.47%,50888,168007
D6H14,2014-01-21,0.9103,0.9137,0.9063,0.9094,-0.0008,-0.09%,67817,169456
D6H14,2014-01-22,0.9106,0.9118,0.9003,0.9011,-0.0083,-0.91%,91165,173487
D6H14,2014-01-23,0.9005,0.9005,0.8937,0.8986,-0.0025,-0.28%,121585,157620
D6H14,2014-01-24,0.8994,0.9037,0.8968,0.9025,0.0039,+0.43%,86104,155515
D6H14,2014-01-27,0.9024,0.9054,0.8983,0.9,-0.0025,-0.28%,53762,160483
D6H14,2014-01-28,0.8986,0.9016,0.8937,0.8958,-0.0042,-0.47%,57445,157214
D6H14,2014-01-29,0.8954,0.8997,0.8929,0.895,-0.0008,-0.09%,59434,157987
D6H14,2014-01-30,0.8943,0.8958,0.8917,0.8938,-0.0012,-0.13%,48191,156704
D6H14,2014-01-31,0.8947,0.901,0.8899,0.8978,0.004,+0.45%,83347,157121
D6H14,2014-02-03,0.8983,0.9048,0.8973,0.9002,0.0024,+0.27%,70626,160798
D6H14,2014-02-04,0.8991,0.9042,0.8981,0.9021,0.0019,+0.21%,53095,160625
D6H14,2014-02-05,0.9019,0.9051,0.8983,0.9019,-0.0002,-0.02%,64894,160237
D6H14,2014-02-06,0.9015,0.9042,0.8982,0.9028,0.0009,+0.10%,52999,159694
D6H14,2014-02-07,0.9026,0.911,0.9017,0.9056,0.0028,+0.31%,72377,159232
D6H14,2014-02-10,0.9049,0.9068,0.9032,0.9045,-0.0011,-0.12%,35382,157850
D6H14,2014-02-11,0.9038,0.9081,0.901,0.9073,0.0028,+0.31%,53150,157495
D6H14,2014-02-12,0.9075,0.9104,0.9064,0.9087,0.0014,+0.15%,45928,157464
D6H14,2014-02-13,0.9085,0.9122,0.9062,0.9105,0.0018,+0.20%,48722,158525
D6H14,2014-02-14,0.9099,0.9134,0.9094,0.91,-0.0005,-0.05%,55922,156651
D6H14,2014-02-18,0.9103,0.9135,0.9099,0.9132,0.0032,+0.35%,52167,154862
D6H14,2014-02-19,0.9124,0.916,0.9014,0.9021,-0.0111,-1.22%,76233,151694
D6H14,2014-02-20,0.9022,0.9036,0.8993,0.8998,-0.0023,-0.25%,64910,147809
D6H14,2014-02-21,0.9005,0.9007,0.8927,0.8982,-0.0016,-0.18%,72844,147718
D6H14,2014-02-24,0.9,0.9043,0.897,0.9037,0.0055,+0.61%,42338,142633
D6H14,2014-02-25,0.9035,0.9042,0.9007,0.902,-0.0017,-0.19%,37036,141519
D6H14,2014-02-26,0.9018,0.9026,0.8968,0.8979,-0.0041,-0.45%,45521,142357
D6H14,2014-02-27,0.8981,0.8991,0.8956,0.8969,-0.001,-0.11%,48017,143970
D6H14,2014-02-28,0.8985,0.9054,0.8966,0.9034,0.0065,+0.72%,72465,142843
D6H14,2014-03-03,0.9023,0.9056,0.8998,0.9019,-0.0015,-0.17%,57760,145114
D6H14,2014-03-04,0.9022,0.9037,0.8991,0.8998,-0.0021,-0.23%,50309,147033
D6H14,2014-03-05,0.9009,0.9069,0.8998,0.9058,0.006,+0.67%,61500,145609
D6H14,2014-03-06,0.9061,0.9126,0.905,0.9102,0.0044,+0.49%,89317,144790
D6H14,2014-03-07,0.9099,0.9105,0.9006,0.9008,-0.0094,-1.03%,86097,147929
D6H14,2014-03-10,0.9013,0.9018,0.8982,0.9002,-0.0006,-0.07%,55761,148993
D6H14,2014-03-11,0.9002,0.9031,0.8982,0.9004,0.0002,+0.02%,80151,153698
D6H14,2014-03-12,0.9003,0.9016,0.8964,0.8992,-0.0012,-0.13%,119331,161095
D6H14,2014-03-13,0.8993,0.9055,0.899,0.9037,0.0045,+0.50%,138685,167331
D6M14,2014-03-14,0.9015,0.9015,0.898,0.899,-0.0047,-0.52%,124408,191866
D6M14,2014-03-17,0.8991,0.9035,0.8982,0.9029,0.0039,+0.43%,60042,182334
D6M14,2014-03-18,0.9023,0.9069,0.8952,0.8955,-0.0074,-0.82%,74527,127163
D6M14,2014-03-19,0.8958,0.8972,0.8853,0.8881,-0.0074,-0.83%,99174,133301
D6M14,2014-03-20,0.8875,0.8883,0.8845,0.8877,-0.0004,-0.05%,53952,133288
D6M14,2014-03-21,0.8877,0.8932,0.8862,0.8904,0.0027,+0.30%,80643,137745
D6M14,2014-03-24,0.8892,0.8924,0.8875,0.8916,0.0012,+0.13%,44023,135693
D6M14,2014-03-25,0.8917,0.8947,0.8903,0.8938,0.0022,+0.25%,43543,133246
D6M14,2014-03-26,0.8937,0.9008,0.8936,0.8982,0.0044,+0.49%,59854,129222
D6M14,2014-03-27,0.8989,0.9062,0.8982,0.9047,0.0065,+0.72%,74874,124196
D6M14,2014-03-28,0.9046,0.9074,0.901,0.9029,-0.0018,-0.20%,56527,120877
D6M14,2014-03-31,0.9026,0.9072,0.9019,0.9037,0.0008,+0.09%,60664,119041
D6M14,2014-04-01,0.9031,0.9064,0.9017,0.9046,0.0009,+0.10%,39165,117966
D6M14,2014-04-02,0.9052,0.9071,0.9035,0.9053,0.0007,+0.08%,38758,119703
D6M14,2014-04-03,0.9047,0.907,0.9037,0.9045,-0.0008,-0.09%,36692,118487
D6M14,2014-04-04,0.9044,0.9111,0.904,0.909,0.0045,+0.50%,67535,118203
D6M14,2014-04-07,0.909,0.9109,0.9067,0.9101,0.0011,+0.12%,46472,117872
D6M14,2014-04-08,0.9101,0.9151,0.9094,0.9138,0.0037,+0.41%,59051,120336
D6M14,2014-04-09,0.9139,0.9195,0.9124,0.9194,0.0056,+0.61%,51683,121116
D6M14,2014-04-10,0.9176,0.9194,0.913,0.9142,-0.0052,-0.57%,50420,119981
D6M14,2014-04-11,0.9133,0.9144,0.9088,0.9107,-0.0035,-0.38%,46085,119019
D6M14,2014-04-14,0.91,0.9124,0.9084,0.9108,0.0001,+0.01%,34955,120533
D6M14,2014-04-15,0.9107,0.911,0.9066,0.9094,-0.0014,-0.15%,39624,119525
D6M14,2014-04-16,0.9092,0.9113,0.9049,0.9067,-0.0027,-0.30%,60339,119689
D6M14,2014-04-17,0.9066,0.9092,0.9063,0.9074,0.0007,+0.08%,31822,118978
D6M14,2014-04-21,0.9059,0.9074,0.9052,0.9065,-0.0009,-0.10%,17511,117799
D6M14,2014-04-22,0.907,0.9078,0.9043,0.9056,-0.0009,-0.10%,38825,118707
D6M14,2014-04-23,0.9055,0.9064,0.9035,0.9053,-0.0003,-0.03%,44880,118429
D6M14,2014-04-24,0.9052,0.9067,0.9048,0.9058,0.0005,+0.06%,30283,118567
D6M14,2014-04-25,0.9058,0.9069,0.9041,0.9048,-0.001,-0.11%,31062,118925
D6M14,2014-04-28,0.9053,0.9067,0.9047,0.9058,0.001,+0.11%,29321,118773
D6M14,2014-04-29,0.9057,0.9129,0.9057,0.9117,0.0059,+0.65%,62825,123565
D6M14,2014-04-30,0.9124,0.9128,0.9097,0.9126,0.0009,+0.10%,46523,119138
D6M14,2014-05-01,0.9114,0.9126,0.9084,0.9107,-0.0019,-0.21%,35383,118366
D6M14,2014-05-02,0.9111,0.9133,0.9068,0.9101,-0.0006,-0.07%,60705,119407
D6M14,2014-05-05,0.9102,0.9124,0.909,0.9122,0.0021,+0.23%,30580,118805
D6M14,2014-05-06,0.9119,0.9188,0.9114,0.9181,0.0059,+0.65%,58565,122306
D6M14,2014-05-07,0.9172,0.9186,0.9159,0.917,-0.0011,-0.12%,40406,123369
D6M14,2014-05-08,0.9169,0.924,0.9162,0.9234,0.0064,+0.70%,57027,126622
D6M14,2014-05-09,0.9226,0.9237,0.9153,0.9165,-0.0069,-0.75%,72396,124023
D6M14,2014-05-12,0.9166,0.9188,0.9163,0.9174,0.0009,+0.10%,31187,124145
D6M14,2014-05-13,0.917,0.9177,0.9144,0.9156,-0.0018,-0.20%,39920,121632
D6M14,2014-05-14,0.9161,0.9192,0.9149,0.9186,0.003,+0.33%,37650,120880
D6M14,2014-05-15,0.9176,0.9208,0.9174,0.9187,0.0001,+0.01%,44132,121535
D6M14,2014-05-16,0.9182,0.9205,0.9177,0.9196,0.0009,+0.10%,30552,120851
D6M14,2014-05-19,0.9197,0.921,0.9188,0.9193,-0.0003,-0.03%,24827,122104
D6M14,2014-05-20,0.9192,0.9193,0.9154,0.9173,-0.002,-0.22%,41680,121268
D6M14,2014-05-21,0.9163,0.9174,0.9133,0.9155,-0.0018,-0.20%,46301,123319
D6M14,2014-05-22,0.9156,0.9181,0.9142,0.9172,0.0017,+0.19%,41373,123802
D6M14,2014-05-23,0.9174,0.9201,0.9162,0.9196,0.0024,+0.26%,39144,125404
D6M14,2014-05-27,0.9195,0.9224,0.9191,0.9205,0.0009,+0.10%,45094,129989
D6M14,2014-05-28,0.9203,0.9218,0.9181,0.9185,-0.002,-0.22%,35176,128647
D6M14,2014-05-29,0.9191,0.9234,0.9185,0.9221,0.0036,+0.39%,48857,133772
D6M14,2014-05-30,0.9223,0.9237,0.9181,0.9219,-0.0002,-0.02%,56283,131646
D6M14,2014-06-02,0.9218,0.9221,0.9161,0.917,-0.0049,-0.53%,53230,131680
D6M14,2014-06-03,0.9172,0.9179,0.9152,0.9162,-0.0008,-0.09%,37668,130275
D6M14,2014-06-04,0.9164,0.9164,0.9125,0.9141,-0.0021,-0.23%,65048,134795
D6M14,2014-06-05,0.9137,0.9158,0.912,0.915,0.0009,+0.10%,72355,133439
D6M14,2014-06-06,0.9151,0.9167,0.9132,0.9147,-0.0003,-0.03%,49018,132608
D6M14,2014-06-09,0.9147,0.9171,0.9138,0.9162,0.0015,+0.16%,69022,124743
D6M14,2014-06-10,0.9169,0.9184,0.9155,0.9165,0.0003,+0.03%,78586,125832
D6M14,2014-06-11,0.9168,0.9206,0.9165,0.9199,0.0034,+0.37%,101746,133774
D6U14,2014-06-12,0.9182,0.9203,0.9178,0.9192,-0.0007,-0.08%,116333,132497
D6U14,2014-06-13,0.9191,0.9197,0.9179,0.9192,0,0.00%,63530,132645
D6U14,2014-06-16,0.9191,0.9209,0.9169,0.9195,0.0003,+0.03%,46847,132547
D6U14,2014-06-17,0.9201,0.9203,0.9175,0.9182,-0.0013,-0.14%,31773,95128
D6U14,2014-06-18,0.9187,0.921,0.9109,0.918,-0.0002,-0.02%,50974,95656
D6U14,2014-06-19,0.9207,0.9231,0.918,0.9219,0.0039,+0.42%,55550,96882
D6U14,2014-06-20,0.9222,0.9282,0.9218,0.9281,0.0062,+0.67%,71952,101461
D6U14,2014-06-23,0.9279,0.9312,0.9276,0.9304,0.0023,+0.25%,52155,103182
D6U14,2014-06-24,0.9302,0.9313,0.9287,0.9291,-0.0013,-0.14%,43776,103193
D6U14,2014-06-25,0.9287,0.9314,0.9282,0.9305,0.0014,+0.15%,43407,106410
D6U14,2014-06-26,0.931,0.9343,0.9305,0.934,0.0035,+0.38%,45399,107787
D6U14,2014-06-27,0.9335,0.9364,0.9331,0.9363,0.0023,+0.25%,49097,110886
D6U14,2014-06-30,0.936,0.9375,0.9331,0.9359,-0.0004,-0.04%,55742,110865
D6U14,2014-07-01,0.9356,0.9392,0.9348,0.9385,0.0026,+0.28%,36368,111438
D6U14,2014-07-02,0.9387,0.9393,0.9354,0.9357,-0.0028,-0.30%,38891,114477
D6U14,2014-07-03,0.9358,0.9399,0.9347,0.9397,0.004,+0.43%,53738,119224
D6U14,2014-07-07,0.9373,0.939,0.9343,0.9352,-0.0045,-0.48%,54005,122195
D6U14,2014-07-08,0.9347,0.9364,0.9335,0.9352,0,0.00%,40564,128555
D6U14,2014-07-09,0.935,0.9382,0.9344,0.9378,0.0026,+0.28%,42747,129140
D6U14,2014-07-10,0.9371,0.9379,0.9351,0.9373,-0.0005,-0.05%,41326,126012
D6U14,2014-07-11,0.9372,0.9392,0.9298,0.9301,-0.0072,-0.77%,76598,122943
D6U14,2014-07-14,0.9303,0.9324,0.929,0.9319,0.0018,+0.19%,44133,128778
D6U14,2014-07-15,0.9322,0.9323,0.9271,0.9278,-0.0041,-0.44%,54388,129787
D6U14,2014-07-16,0.9282,0.9312,0.925,0.9293,0.0015,+0.16%,69809,133657
D6U14,2014-07-17,0.9294,0.9308,0.9277,0.9292,-0.0001,-0.01%,46487,131231
D6U14,2014-07-18,0.9281,0.9326,0.9275,0.9305,0.0013,+0.14%,42533,131505
D6U14,2014-07-21,0.9303,0.931,0.9288,0.9302,-0.0003,-0.03%,29498,128152
D6U14,2014-07-22,0.9301,0.9307,0.9282,0.9304,0.0002,+0.02%,35738,129188
D6U14,2014-07-23,0.9302,0.9325,0.9293,0.9306,0.0002,+0.02%,41193,127735
D6U14,2014-07-24,0.931,0.9318,0.9288,0.9293,-0.0013,-0.14%,34447,127633
D6U14,2014-07-25,0.9296,0.9301,0.9229,0.9235,-0.0058,-0.62%,64965,128016
D6U14,2014-07-28,0.9234,0.9251,0.9232,0.9245,0.001,+0.11%,36915,124279
D6U14,2014-07-29,0.9249,0.925,0.9193,0.9202,-0.0043,-0.47%,52487,122619
D6U14,2014-07-30,0.9204,0.9207,0.9148,0.9163,-0.0039,-0.42%,66076,119957
D6U14,2014-07-31,0.916,0.9184,0.914,0.9164,0.0001,+0.01%,61686,118539
D6U14,2014-08-01,0.9161,0.9178,0.9128,0.9149,-0.0015,-0.16%,64669,116084
D6U14,2014-08-04,0.915,0.9161,0.9137,0.9157,0.0008,+0.09%,30490,112753
D6U14,2014-08-05,0.9159,0.9162,0.9101,0.9109,-0.0048,-0.52%,60910,115261
D6U14,2014-08-06,0.9115,0.9155,0.9094,0.9149,0.004,+0.44%,61599,111949
D6U14,2014-08-07,0.9153,0.9163,0.9134,0.9144,-0.0005,-0.05%,50184,111758
D6U14,2014-08-08,0.9144,0.9158,0.9096,0.9106,-0.0038,-0.42%,64046,111357
D6U14,2014-08-11,0.9106,0.9151,0.9101,0.9143,0.0037,+0.41%,48525,108829
D6U14,2014-08-12,0.9146,0.9156,0.9122,0.9154,0.0011,+0.12%,37705,108979
D6U14,2014-08-13,0.9145,0.9161,0.9133,0.9152,-0.0002,-0.02%,47279,111487
D6U14,2014-08-14,0.9155,0.9179,0.9149,0.9162,0.001,+0.11%,33516,111995
D6U14,2014-08-15,0.9163,0.9202,0.9153,0.9174,0.0012,+0.13%,61529,111393
D6U14,2014-08-18,0.9176,0.9189,0.9168,0.9178,0.0004,+0.04%,27219,111197
D6U14,2014-08-19,0.9178,0.9179,0.9126,0.9132,-0.0046,-0.50%,38764,113301
D6U14,2014-08-20,0.9134,0.9142,0.9106,0.9113,-0.0019,-0.21%,51157,109719
D6U14,2014-08-21,0.911,0.9135,0.9096,0.913,0.0017,+0.19%,35298,109377
D6U14,2014-08-22,0.9134,0.9146,0.91,0.9131,0.0001,+0.01%,53072,107979
D6U14,2014-08-25,0.9119,0.9134,0.9097,0.9101,-0.003,-0.33%,32013,108547
D6U14,2014-08-26,0.91,0.9136,0.9088,0.9126,0.0025,+0.27%,43627,108441
D6U14,2014-08-27,0.9125,0.9231,0.9123,0.9221,0.0095,+1.04%,103979,114452
D6U14,2014-08-28,0.9205,0.9224,0.9196,0.9211,-0.001,-0.11%,57852,110977
D6U14,2014-08-29,0.9204,0.9247,0.9192,0.9195,-0.0016,-0.17%,54541,110608
D6U14,2014-09-02,0.9193,0.9208,0.9141,0.9151,-0.0044,-0.48%,74102,105984
D6U14,2014-09-03,0.9147,0.9196,0.9135,0.9184,0.0033,+0.36%,65974,105106
D6U14,2014-09-04,0.9182,0.9238,0.9163,0.9189,0.0005,+0.05%,70363,104349
D6U14,2014-09-05,0.9192,0.9205,0.917,0.9186,-0.0003,-0.03%,51881,101181
D6U14,2014-09-08,0.9186,0.9187,0.9103,0.9119,-0.0067,-0.73%,80389,102882
D6U14,2014-09-09,0.9108,0.9118,0.9062,0.9087,-0.0032,-0.35%,104254,102951
D6U14,2014-09-10,0.9103,0.9145,0.9077,0.9133,0.0046,+0.51%,110402,103352
D6U14,2014-09-11,0.9136,0.914,0.9041,0.9044,-0.0089,-0.97%,130842,105425
D6Z14,2014-09-12,0.9043,0.9045,0.899,0.8995,-0.0049,-0.54%,92549,107805
D6Z14,2014-09-15,0.9,0.9042,0.899,0.9029,0.0034,+0.38%,66153,109621
D6Z14,2014-09-16,0.9026,0.9099,0.9012,0.909,0.0061,+0.68%,75375,76399
D6Z14,2014-09-17,0.9095,0.9132,0.9056,0.9094,0.0004,+0.04%,85918,75563
D6Z14,2014-09-18,0.906,0.9131,0.9051,0.9109,0.0015,+0.16%,54473,75267
D6Z14,2014-09-19,0.9122,0.9167,0.9088,0.9106,-0.0003,-0.03%,72108,73781
D6Z14,2014-09-22,0.9103,0.9133,0.9037,0.9046,-0.006,-0.66%,53067,74635
D6Z14,2014-09-23,0.9039,0.9083,0.9003,0.9013,-0.0033,-0.36%,72146,76530
D6Z14,2014-09-24,0.9009,0.903,0.8974,0.9018,0.0005,+0.06%,73291,80314
D6Z14,2014-09-25,0.9022,0.9023,0.8968,0.8992,-0.0026,-0.29%,75894,82913
D6Z14,2014-09-26,0.898,0.8998,0.8936,0.8947,-0.0045,-0.50%,62409,87584
D6Z14,2014-09-29,0.8947,0.8967,0.8929,0.8953,0.0006,+0.07%,63094,88386
D6Z14,2014-09-30,0.8942,0.8964,0.8897,0.8908,-0.0045,-0.50%,77197,89376
D6Z14,2014-10-01,0.8914,0.8944,0.8893,0.8932,0.0024,+0.27%,74058,94070
D6Z14,2014-10-02,0.894,0.9016,0.893,0.8946,0.0014,+0.16%,81447,94625
D6Z14,2014-10-03,0.8945,0.8949,0.8857,0.8867,-0.0079,-0.88%,70008,98663
D6Z14,2014-10-06,0.8871,0.8984,0.886,0.8955,0.0088,+0.99%,68756,98545
D6Z14,2014-10-07,0.8965,0.8967,0.8915,0.8935,-0.002,-0.22%,73348,100900
D6Z14,2014-10-08,0.8942,0.8999,0.8905,0.8988,0.0053,+0.59%,80237,100896
D6Z14,2014-10-09,0.8985,0.9009,0.8922,0.894,-0.0048,-0.53%,75609,103704
D6Z14,2014-10-10,0.8927,0.8947,0.8891,0.8904,-0.0036,-0.40%,86101,102494
D6Z14,2014-10-13,0.891,0.8928,0.8897,0.8909,0.0005,+0.06%,37677,101370
D6Z14,2014-10-14,0.8919,0.8922,0.8825,0.8842,-0.0067,-0.75%,64937,104115
D6Z14,2014-10-15,0.884,0.8893,0.8769,0.8847,0.0005,+0.06%,146847,102363
D6Z14,2014-10-16,0.8863,0.8892,0.8787,0.8873,0.0026,+0.29%,88855,101403
D6Z14,2014-10-17,0.8865,0.8906,0.8847,0.8859,-0.0014,-0.16%,55822,100418
D6Z14,2014-10-20,0.8847,0.8874,0.8841,0.8849,-0.001,-0.11%,34207,101481
D6Z14,2014-10-21,0.8843,0.8914,0.884,0.8895,0.0046,+0.52%,52585,102170
D6Z14,2014-10-22,0.8897,0.8929,0.8832,0.8888,-0.0007,-0.08%,88267,101372
D6Z14,2014-10-23,0.8883,0.8911,0.8866,0.8888,0,0.00%,43869,102180
D6Z14,2014-10-24,0.8889,0.8921,0.8882,0.8893,0.0005,+0.06%,40680,100612
D6Z14,2014-10-27,0.8886,0.8906,0.8873,0.8888,-0.0005,-0.06%,34270,100970
D6Z14,2014-10-28,0.8877,0.8946,0.8875,0.8927,0.0039,+0.44%,55936,99309
D6Z14,2014-10-29,0.8943,0.898,0.8901,0.8922,-0.0005,-0.06%,64840,96928
D6Z14,2014-10-30,0.8929,0.8946,0.8899,0.8924,0.0002,+0.02%,50707,98386
D6Z14,2014-10-31,0.8928,0.893,0.8813,0.886,-0.0064,-0.72%,100657,103659
D6Z14,2014-11-03,0.8858,0.8868,0.878,0.8789,-0.0071,-0.80%,64117,105968
D6Z14,2014-11-04,0.8798,0.8809,0.8741,0.8769,-0.002,-0.23%,63541,104720
D6Z14,2014-11-05,0.8762,0.8785,0.8712,0.8763,-0.0006,-0.07%,73426,109208
D6Z14,2014-11-06,0.8766,0.8779,0.873,0.8745,-0.0018,-0.21%,54671,112659
D6Z14,2014-11-07,0.8742,0.8832,0.8727,0.8818,0.0073,+0.83%,88861,111459
D6Z14,2014-11-10,0.8823,0.8842,0.8776,0.878,-0.0038,-0.43%,51513,108769
D6Z14,2014-11-11,0.8782,0.8828,0.8764,0.8812,0.0032,+0.36%,45734,108445
D6Z14,2014-11-12,0.8812,0.886,0.8797,0.8838,0.0026,+0.30%,63447,107117
D6Z14,2014-11-13,0.8826,0.8843,0.8771,0.8793,-0.0045,-0.51%,50016,108936
D6Z14,2014-11-14,0.8787,0.8872,0.8771,0.8857,0.0064,+0.73%,86838,109099
D6Z14,2014-11-17,0.8851,0.8869,0.8821,0.8837,-0.002,-0.23%,47322,108003
D6Z14,2014-11-18,0.8842,0.8875,0.8825,0.8847,0.001,+0.11%,43699,106914
D6Z14,2014-11-19,0.8841,0.8843,0.8796,0.8814,-0.0033,-0.37%,59182,106033
D6Z14,2014-11-20,0.881,0.885,0.879,0.8842,0.0028,+0.32%,52439,104542
D6Z14,2014-11-21,0.8839,0.8931,0.8824,0.8892,0.005,+0.57%,84110,103767
D6Z14,2014-11-24,0.8893,0.8904,0.8835,0.8846,-0.0046,-0.52%,48776,100609
D6Z14,2014-11-25,0.8859,0.8898,0.8831,0.888,0.0034,+0.38%,60601,102393
D6Z14,2014-11-26,0.888,0.8903,0.8848,0.8902,0.0022,+0.25%,45046,103672
D6Z14,2014-11-28,0.8878,0.8897,0.8734,0.874,-0.0162,-1.82%,108311,107215
D6Z14,2014-12-01,0.8748,0.8836,0.8723,0.8833,0.0093,+1.06%,87722,103576
D6Z14,2014-12-02,0.8829,0.8832,0.8751,0.8764,-0.0069,-0.78%,71711,101752
D6Z14,2014-12-03,0.8765,0.8811,0.8755,0.8796,0.0032,+0.37%,62587,101210
D6Z14,2014-12-04,0.8793,0.8816,0.8772,0.878,-0.0016,-0.18%,60493,100864
D6Z14,2014-12-05,0.878,0.8785,0.8712,0.8744,-0.0036,-0.41%,79792,107993
D6Z14,2014-12-08,0.874,0.8749,0.8705,0.8714,-0.003,-0.34%,72314,109739
D6Z14,2014-12-09,0.871,0.8772,0.8694,0.874,0.0026,+0.30%,104834,109650
D6Z14,2014-12-10,0.8737,0.8744,0.8693,0.8703,-0.0037,-0.42%,123940,117228
D6H15,2014-12-11,0.8694,0.8715,0.8638,0.8644,-0.0059,-0.68%,142512,132111
D6H15,2014-12-12,0.8662,0.8665,0.8608,0.8625,-0.0019,-0.22%,99372,132233
D6H15,2014-12-15,0.8624,0.864,0.8547,0.8568,-0.0057,-0.66%,65438,129998
D6H15,2014-12-16,0.8557,0.8596,0.8555,0.8575,0.0007,+0.08%,66042,98432
D6H15,2014-12-17,0.8582,0.8631,0.855,0.8554,-0.0021,-0.24%,99361,100858
D6H15,2014-12-18,0.8571,0.8625,0.8567,0.8605,0.0051,+0.60%,52840,99850
D6H15,2014-12-19,0.8617,0.8628,0.8576,0.8602,-0.0003,-0.03%,38915,100167
D6H15,2014-12-22,0.8597,0.8621,0.8571,0.8573,-0.0029,-0.34%,30476,100384
D6H15,2014-12-23,0.858,0.8607,0.8556,0.8593,0.002,+0.23%,35259,98477
D6H15,2014-12-24,0.8588,0.8613,0.8575,0.8589,-0.0004,-0.05%,15717,98330
D6H15,2014-12-26,0.8595,0.8603,0.8582,0.8588,-0.0001,-0.01%,6808,98147
D6H15,2014-12-29,0.8586,0.8602,0.8569,0.8581,-0.0007,-0.08%,22762,98391
D6H15,2014-12-30,0.8574,0.8609,0.8568,0.8604,0.0023,+0.27%,25205,97308
D6H15,2014-12-31,0.8598,0.8633,0.8585,0.8597,-0.0007,-0.08%,28367,96257
D6H15,2015-01-02,0.8603,0.8603,0.8469,0.8497,-0.01,-1.16%,50626,102582
D6H15,2015-01-05,0.8459,0.8502,0.8451,0.849,-0.0007,-0.08%,54910,98591
D6H15,2015-01-06,0.8488,0.8511,0.8433,0.8449,-0.0041,-0.48%,59245,103775
D6H15,2015-01-07,0.8434,0.8452,0.8409,0.8447,-0.0002,-0.02%,67793,102180
D6H15,2015-01-08,0.8448,0.8463,0.843,0.8432,-0.0015,-0.18%,44161,103308
D6H15,2015-01-09,0.8435,0.846,0.8398,0.842,-0.0012,-0.14%,65568,107653
D6H15,2015-01-12,0.8425,0.8437,0.8339,0.835,-0.007,-0.83%,51254,104707
D6H15,2015-01-13,0.834,0.8372,0.8325,0.8345,-0.0005,-0.06%,67865,105003
D6H15,2015-01-14,0.8354,0.8371,0.831,0.835,0.0005,+0.06%,68698,107756
D6H15,2015-01-15,0.8351,0.846,0.8323,0.8344,-0.0006,-0.07%,122931,107328
D6H15,2015-01-16,0.8343,0.8353,0.829,0.8348,0.0004,+0.05%,66856,108689
D6H15,2015-01-20,0.8337,0.8359,0.8244,0.8256,-0.0092,-1.10%,79931,111683
D6H15,2015-01-21,0.825,0.8279,0.8063,0.8089,-0.0167,-2.02%,110202,112704
D6H15,2015-01-22,0.8103,0.8115,0.8045,0.808,-0.0009,-0.11%,68220,112742
D6H15,2015-01-23,0.8063,0.8084,0.802,0.8041,-0.0039,-0.48%,58239,113739
D6H15,2015-01-26,0.8031,0.8055,0.8,0.8025,-0.0016,-0.20%,45538,113357
D6H15,2015-01-27,0.801,0.8071,0.7993,0.8061,0.0036,+0.45%,60311,112718
D6H15,2015-01-28,0.8061,0.8062,0.797,0.7995,-0.0066,-0.82%,62421,112047
D6H15,2015-01-29,0.7973,0.7987,0.7883,0.792,-0.0075,-0.94%,70414,112796
D6H15,2015-01-30,0.7919,0.7926,0.7808,0.7881,-0.0039,-0.49%,96514,111177
D6H15,2015-02-02,0.7875,0.7959,0.7825,0.7941,0.006,+0.76%,86210,111839
D6H15,2015-02-03,0.7948,0.809,0.7903,0.8052,0.0111,+1.40%,117346,113662
D6H15,2015-02-04,0.8043,0.8065,0.7936,0.7954,-0.0098,-1.22%,89973,119351
D6H15,2015-02-05,0.7949,0.8064,0.794,0.8033,0.0079,+0.99%,68875,113609
D6H15,2015-02-06,0.804,0.807,0.7965,0.7976,-0.0057,-0.71%,68625,113226
D6H15,2015-02-09,0.7977,0.8042,0.7977,0.8027,0.0051,+0.64%,35150,110325
D6H15,2015-02-10,0.8015,0.8027,0.7916,0.7934,-0.0093,-1.16%,57833,115744
D6H15,2015-02-11,0.7941,0.795,0.7871,0.7902,-0.0032,-0.40%,60804,114438
D6H15,2015-02-12,0.7922,0.8035,0.7904,0.8008,0.0106,+1.34%,76782,116771
D6H15,2015-02-13,0.7991,0.8047,0.7972,0.8015,0.0007,+0.09%,44596,114825
D6H15,2015-02-17,0.8026,0.8087,0.8007,0.8072,0.0057,+0.71%,63919,111614
D6H15,2015-02-18,0.8067,0.8073,0.8018,0.8045,-0.0027,-0.33%,54271,110791
D6H15,2015-02-19,0.8027,0.8038,0.7961,0.8001,-0.0044,-0.55%,63394,113874
D6H15,2015-02-20,0.7999,0.8047,0.7956,0.7976,-0.0025,-0.31%,70561,114889
D6H15,2015-02-23,0.7976,0.7977,0.7919,0.7948,-0.0028,-0.35%,63780,115906
D6H15,2015-02-24,0.7953,0.8011,0.7895,0.7994,0.0046,+0.58%,92174,118014
D6H15,2015-02-25,0.8001,0.8061,0.7999,0.8044,0.005,+0.63%,59029,118259
D6H15,2015-02-26,0.8038,0.807,0.7975,0.7978,-0.0066,-0.82%,70609,119520
D6H15,2015-02-27,0.7986,0.8032,0.7979,0.7988,0.001,+0.13%,54887,119823
D6H15,2015-03-02,0.7993,0.8014,0.7956,0.7971,-0.0017,-0.21%,48585,121015
D6H15,2015-03-03,0.7973,0.8042,0.7971,0.8008,0.0037,+0.46%,66773,121344
D6H15,2015-03-04,0.8003,0.8058,0.7962,0.8054,0.0046,+0.57%,101377,129219
D6H15,2015-03-05,0.8046,0.8059,0.7986,0.7993,-0.0061,-0.76%,60426,125043
D6H15,2015-03-06,0.8007,0.8027,0.7918,0.7928,-0.0065,-0.81%,96444,124939
D6H15,2015-03-09,0.7922,0.7953,0.7918,0.7942,0.0014,+0.18%,92700,135801
D6H15,2015-03-10,0.7932,0.7937,0.7884,0.789,-0.0052,-0.65%,118611,146639
D6H15,2015-03-11,0.7881,0.7895,0.7812,0.7834,-0.0056,-0.71%,186668,159403
D6H15,2015-03-12,0.7847,0.7927,0.7831,0.7865,0.0031,+0.40%,132359,159836
D6M15,2015-03-13,0.787,0.7875,0.7787,0.7802,-0.0063,-0.80%,118968,160234
D6M15,2015-03-16,0.7805,0.7842,0.779,0.7816,0.0014,+0.18%,79143,159150
D6M15,2015-03-17,0.7815,0.7834,0.7804,0.7818,0.0002,+0.03%,54530,110325
D6M15,2015-03-18,0.781,0.8024,0.7781,0.788,0.0062,+0.79%,113839,111227
D6M15,2015-03-19,0.7937,0.7986,0.7829,0.7841,-0.0039,-0.49%,75107,110716
D6M15,2015-03-20,0.7855,0.7962,0.785,0.7941,0.01,+1.28%,86790,110033
D6M15,2015-03-23,0.7964,0.7994,0.7918,0.7987,0.0046,+0.58%,54751,106911
D6M15,2015-03-24,0.798,0.8037,0.7961,0.7992,0.0005,+0.06%,65618,106731
D6M15,2015-03-25,0.7993,0.8008,0.7965,0.798,-0.0012,-0.15%,59431,107461
D6M15,2015-03-26,0.7981,0.8049,0.7971,0.8006,0.0026,+0.33%,79375,108109
D6M15,2015-03-27,0.8,0.8012,0.7916,0.793,-0.0076,-0.95%,63671,108732
D6M15,2015-03-30,0.7926,0.793,0.7862,0.7875,-0.0055,-0.69%,46917,108973
D6M15,2015-03-31,0.7877,0.7896,0.7814,0.7892,0.0017,+0.22%,79458,110447
D6M15,2015-04-01,0.7879,0.7944,0.786,0.7916,0.0024,+0.30%,59858,114044
D6M15,2015-04-02,0.7914,0.7955,0.7894,0.7951,0.0035,+0.44%,52001,112770
D6M15,2015-04-03,0.7954,0.8038,0.7945,0.8023,0.0072,+0.91%,17594,112848
D6M15,2015-04-06,0.802,0.8033,0.7988,0.8013,-0.001,-0.12%,36722,114158
D6M15,2015-04-07,0.8007,0.8021,0.7978,0.7996,-0.0017,-0.21%,49804,114881
D6M15,2015-04-08,0.7985,0.8065,0.7955,0.7967,-0.0029,-0.36%,80129,114494
D6M15,2015-04-09,0.7965,0.7987,0.7921,0.793,-0.0037,-0.46%,51782,115213
D6M15,2015-04-10,0.794,0.7949,0.7888,0.7938,0.0008,+0.10%,57604,115880
D6M15,2015-04-13,0.7941,0.7953,0.79,0.7931,-0.0007,-0.09%,49860,118102
D6M15,2015-04-14,0.7932,0.8029,0.7928,0.8,0.0069,+0.87%,60812,118686
D6M15,2015-04-15,0.8,0.8136,0.7948,0.8121,0.0121,+1.51%,126351,121556
D6M15,2015-04-16,0.8129,0.8229,0.8105,0.8209,0.0088,+1.08%,113710,122164
D6M15,2015-04-17,0.8197,0.8267,0.8142,0.8163,-0.0046,-0.56%,97931,122090
D6M15,2015-04-20,0.8175,0.8203,0.815,0.817,0.0007,+0.09%,49737,123623
D6M15,2015-04-21,0.8173,0.8181,0.812,0.8131,-0.0039,-0.48%,61244,126801
D6M15,2015-04-22,0.8138,0.8188,0.8132,0.8168,0.0037,+0.46%,46991,124859
D6M15,2015-04-23,0.8162,0.8244,0.8144,0.8231,0.0063,+0.77%,62800,126287
D6M15,2015-04-24,0.8227,0.8256,0.82,0.8211,-0.002,-0.24%,54512,125873
D6M15,2015-04-27,0.8203,0.8272,0.8194,0.8266,0.0055,+0.67%,51503,126437
D6M15,2015-04-28,0.8267,0.8318,0.8247,0.8306,0.004,+0.48%,59115,128938
D6M15,2015-04-29,0.8311,0.8366,0.8277,0.8318,0.0012,+0.14%,79833,127282
D6M15,2015-04-30,0.8318,0.833,0.8237,0.8268,-0.005,-0.60%,74858,123504
D6M15,2015-05-01,0.8281,0.8281,0.8188,0.8211,-0.0057,-0.69%,55402,121650
D6M15,2015-05-04,0.8215,0.8268,0.8205,0.826,0.0049,+0.60%,44212,122271
D6M15,2015-05-05,0.8266,0.8327,0.8238,0.8281,0.0021,+0.25%,54009,122108
D6M15,2015-05-06,0.8282,0.837,0.8269,0.8296,0.0015,+0.18%,65081,123085
D6M15,2015-05-07,0.83,0.8305,0.8217,0.8235,-0.0061,-0.74%,56351,120564
D6M15,2015-05-08,0.8249,0.8298,0.823,0.8263,0.0028,+0.34%,70136,119088
D6M15,2015-05-11,0.8269,0.8284,0.823,0.8264,0.0001,+0.01%,42793,120929
D6M15,2015-05-12,0.8261,0.8344,0.8255,0.8331,0.0067,+0.81%,49588,123908
D6M15,2015-05-13,0.8326,0.8379,0.8309,0.8349,0.0018,+0.22%,63889,125051
D6M15,2015-05-14,0.8359,0.8386,0.8324,0.8333,-0.0016,-0.19%,57820,122390
D6M15,2015-05-15,0.8338,0.8343,0.8283,0.8324,-0.0009,-0.11%,55433,121706
D6M15,2015-05-18,0.8319,0.8321,0.8212,0.8217,-0.0107,-1.29%,47617,120143
D6M15,2015-05-19,0.8224,0.8241,0.8159,0.8179,-0.0038,-0.46%,63335,117811
D6M15,2015-05-20,0.8172,0.8213,0.8156,0.82,0.0021,+0.26%,57503,115460
D6M15,2015-05-21,0.8187,0.8213,0.8164,0.819,-0.001,-0.12%,36086,116190
D6M15,2015-05-22,0.8192,0.8211,0.8112,0.8126,-0.0064,-0.78%,52582,119650
D6M15,2015-05-26,0.8124,0.8143,0.803,0.8041,-0.0085,-1.05%,74144,121908
D6M15,2015-05-27,0.8039,0.8064,0.8002,0.8016,-0.0025,-0.31%,67301,121106
D6M15,2015-05-28,0.8023,0.8047,0.7972,0.8044,0.0028,+0.35%,74264,121970
D6M15,2015-05-29,0.8044,0.8054,0.7979,0.8033,-0.0011,-0.14%,82549,121771
D6M15,2015-06-01,0.8033,0.8033,0.7957,0.7981,-0.0052,-0.65%,52590,122524
D6M15,2015-06-02,0.798,0.8083,0.7975,0.8061,0.008,+1.00%,82761,123127
D6M15,2015-06-03,0.806,0.8072,0.7992,0.8024,-0.0037,-0.46%,64744,121606
D6M15,2015-06-04,0.8027,0.8038,0.7995,0.8001,-0.0023,-0.29%,62945,122489
D6M15,2015-06-05,0.7994,0.8045,0.7959,0.8035,0.0034,+0.42%,90992,121055
D6M15,2015-06-08,0.8035,0.8074,0.8017,0.8058,0.0023,+0.29%,75156,123461
D6M15,2015-06-09,0.8056,0.8125,0.8037,0.8106,0.0048,+0.60%,92019,118799
D6M15,2015-06-10,0.8105,0.8195,0.8095,0.8154,0.0048,+0.59%,127263,115567
D6M15,2015-06-11,0.8149,0.8154,0.8092,0.8142,-0.0012,-0.15%,130591,114274
D6U15,2015-06-12,0.8119,0.8132,0.8086,0.8102,-0.004,-0.49%,76621,116476
D6U15,2015-06-15,0.8106,0.8119,0.8077,0.8104,0.0002,+0.02%,54103,116333
D6U15,2015-06-16,0.8103,0.8129,0.8087,0.8108,0.0004,+0.05%,41353,80132
D6U15,2015-06-17,0.8122,0.8171,0.8079,0.8166,0.0058,+0.72%,68085,82653
D6U15,2015-06-18,0.8166,0.8235,0.8152,0.8164,-0.0002,-0.02%,74201,80293
D6U15,2015-06-19,0.8168,0.8176,0.8122,0.8145,-0.0019,-0.23%,52312,79373
D6U15,2015-06-22,0.8142,0.8173,0.81,0.8108,-0.0037,-0.45%,50883,80974
D6U15,2015-06-23,0.8109,0.8113,0.8065,0.8095,-0.0013,-0.16%,62652,81380
D6U15,2015-06-24,0.8098,0.8136,0.8039,0.806,-0.0035,-0.43%,66796,84815
D6U15,2015-06-25,0.8062,0.8113,0.8054,0.8108,0.0048,+0.60%,45298,85233
D6U15,2015-06-26,0.8101,0.8112,0.8056,0.8107,-0.0001,-0.01%,51244,86023
D6U15,2015-06-29,0.8087,0.8118,0.8047,0.8075,-0.0032,-0.39%,75007,85935
D6U15,2015-06-30,0.8056,0.808,0.7991,0.7998,-0.0077,-0.95%,97191,91797
D6U15,2015-07-01,0.7996,0.8001,0.7929,0.7934,-0.0064,-0.80%,70904,101018
D6U15,2015-07-02,0.7937,0.7967,0.7905,0.7953,0.0019,+0.24%,80001,109515
D6U15,2015-07-06,0.7924,0.7966,0.7888,0.7894,-0.0059,-0.74%,88626,115238
D6U15,2015-07-07,0.7897,0.7899,0.7817,0.7851,-0.0043,-0.54%,77385,120095
D6U15,2015-07-08,0.7858,0.7873,0.7825,0.7841,-0.001,-0.13%,78398,125280
D6U15,2015-07-09,0.784,0.7888,0.7839,0.7855,0.0014,+0.18%,64318,128539
D6U15,2015-07-10,0.7863,0.7896,0.7834,0.7872,0.0017,+0.22%,68499,131193
D6U15,2015-07-13,0.787,0.7881,0.7812,0.7834,-0.0038,-0.48%,63117,135628
D6U15,2015-07-14,0.7842,0.7858,0.7802,0.7839,0.0005,+0.06%,58220,138431
D6U15,2015-07-15,0.7846,0.7853,0.7711,0.7729,-0.011,-1.40%,100377,143045
D6U15,2015-07-16,0.7738,0.7745,0.7705,0.7707,-0.0022,-0.28%,53676,141895
D6U15,2015-07-17,0.7711,0.7718,0.7684,0.7695,-0.0012,-0.16%,46891,143155
D6U15,2015-07-20,0.7698,0.7716,0.7674,0.7686,-0.0009,-0.12%,46241,148642
D6U15,2015-07-21,0.7687,0.7738,0.7681,0.7712,0.0026,+0.34%,55528,153762
D6U15,2015-07-22,0.7719,0.7726,0.7657,0.7672,-0.004,-0.52%,57602,161207
D6U15,2015-07-23,0.767,0.7725,0.7661,0.7667,-0.0005,-0.07%,59896,161877
D6U15,2015-07-24,0.7665,0.7678,0.7629,0.765,-0.0017,-0.22%,56354,162130
D6U15,2015-07-27,0.7664,0.7701,0.7662,0.7669,0.0019,+0.25%,55764,165563
D6U15,2015-07-28,0.7668,0.7743,0.7664,0.773,0.0061,+0.80%,61300,162118
D6U15,2015-07-29,0.7735,0.7773,0.7709,0.7728,-0.0002,-0.03%,63703,162773
D6U15,2015-07-30,0.7719,0.7724,0.7661,0.7687,-0.0041,-0.53%,54585,168138
D6U15,2015-07-31,0.7689,0.7726,0.763,0.7636,-0.0051,-0.66%,85688,169215
D6U15,2015-08-03,0.7641,0.7643,0.7587,0.7603,-0.0033,-0.43%,50094,168027
D6U15,2015-08-04,0.7599,0.7628,0.7572,0.7582,-0.0021,-0.28%,59141,170087
D6U15,2015-08-05,0.7581,0.7625,0.7566,0.758,-0.0002,-0.03%,62921,172812
D6U15,2015-08-06,0.7586,0.7636,0.7576,0.762,0.004,+0.53%,47340,170837
D6U15,2015-08-07,0.7626,0.7667,0.7583,0.7614,-0.0006,-0.08%,84739,172824
D6U15,2015-08-10,0.7614,0.7696,0.7585,0.7691,0.0077,+1.01%,58841,171245
D6U15,2015-08-11,0.7688,0.7694,0.7602,0.7616,-0.0075,-0.98%,71245,172252
D6U15,2015-08-12,0.7625,0.772,0.7599,0.7695,0.0079,+1.04%,88823,167286
D6U15,2015-08-13,0.7705,0.7714,0.7637,0.7649,-0.0046,-0.60%,55743,165416
D6U15,2015-08-14,0.7655,0.7682,0.7633,0.7643,-0.0006,-0.08%,50195,163088
D6U15,2015-08-17,0.7636,0.7655,0.7602,0.7639,-0.0004,-0.05%,46659,163833
D6U15,2015-08-18,0.7639,0.7667,0.7617,0.765,0.0011,+0.14%,44319,161743
D6U15,2015-08-19,0.7655,0.7677,0.7587,0.7636,-0.0014,-0.18%,93902,165305
D6U15,2015-08-20,0.762,0.7656,0.7588,0.7636,0,0.00%,68051,162836
D6U15,2015-08-21,0.7641,0.7658,0.7578,0.7591,-0.0045,-0.59%,81222,166394
D6U15,2015-08-24,0.7588,0.764,0.7523,0.7547,-0.0044,-0.58%,119541,170384
D6U15,2015-08-25,0.7528,0.7608,0.7488,0.7507,-0.004,-0.53%,89971,168819
D6U15,2015-08-26,0.7503,0.7546,0.7491,0.7496,-0.0011,-0.15%,73774,169744
D6U15,2015-08-27,0.7519,0.7589,0.7516,0.756,0.0064,+0.85%,80817,166795
D6U15,2015-08-28,0.7576,0.7595,0.7518,0.7567,0.0007,+0.09%,76249,164249
D6U15,2015-08-31,0.7568,0.7623,0.7503,0.7588,0.0021,+0.28%,73489,162413
D6U15,2015-09-01,0.7614,0.7627,0.7541,0.7573,-0.0015,-0.20%,87529,161893
D6U15,2015-09-02,0.7545,0.7575,0.7505,0.753,-0.0043,-0.57%,76684,160353
D6U15,2015-09-03,0.7537,0.7615,0.7524,0.7578,0.0048,+0.64%,90209,157936
D6U15,2015-09-04,0.7586,0.76,0.7524,0.7545,-0.0033,-0.44%,81341,157603
D6U15,2015-09-08,0.7542,0.7584,0.7512,0.7567,0.0022,+0.29%,146092,159492
D6U15,2015-09-09,0.7571,0.7603,0.7531,0.7552,-0.0015,-0.20%,150369,155031
D6U15,2015-09-10,0.7541,0.759,0.7526,0.757,0.0018,+0.24%,177277,171597
D6Z15,2015-09-11,0.7549,0.7565,0.751,0.7539,-0.0031,-0.41%,119151,194185
D6Z15,2015-09-14,0.7537,0.7559,0.7527,0.7538,-0.0001,-0.01%,56309,189095
D6Z15,2015-09-15,0.7539,0.756,0.7532,0.7547,0.0009,+0.12%,40604,131461
D6Z15,2015-09-16,0.7543,0.7598,0.7543,0.759,0.0043,+0.57%,63220,127768
D6Z15,2015-09-17,0.7591,0.7648,0.7571,0.7644,0.0054,+0.71%,77790,124628
D6Z15,2015-09-18,0.7584,0.7683,0.7557,0.7589,-0.0055,-0.72%,85226,126001
D6Z15,2015-09-21,0.7561,0.7589,0.7536,0.7557,-0.0032,-0.42%,56144,133118
D6Z15,2015-09-22,0.7544,0.7562,0.7516,0.7537,-0.002,-0.26%,45448,136213
D6Z15,2015-09-23,0.753,0.7554,0.7482,0.7496,-0.0041,-0.54%,75530,142025
D6Z15,2015-09-24,0.7501,0.7521,0.745,0.7504,0.0008,+0.11%,63898,139174
D6Z15,2015-09-25,0.7499,0.7517,0.7484,0.75,-0.0004,-0.05%,50346,138276
D6Z15,2015-09-28,0.7497,0.7505,0.746,0.7467,-0.0033,-0.44%,42701,140948
D6Z15,2015-09-29,0.7461,0.7475,0.7428,0.7446,-0.0021,-0.28%,59749,139431
D6Z15,2015-09-30,0.7446,0.7512,0.7443,0.7488,0.0042,+0.56%,63703,136601
D6Z15,2015-10-01,0.7501,0.7564,0.75,0.7541,0.0053,+0.71%,73777,128954
D6Z15,2015-10-02,0.7539,0.7604,0.7539,0.758,0.0039,+0.52%,55515,126178
D6Z15,2015-10-05,0.7602,0.7652,0.7587,0.7644,0.0064,+0.84%,51583,125378
D6Z15,2015-10-06,0.764,0.7674,0.7612,0.7663,0.0019,+0.25%,51508,121676
D6Z15,2015-10-07,0.7672,0.7706,0.7647,0.7654,-0.0009,-0.12%,65736,122206
D6Z15,2015-10-08,0.7653,0.7702,0.7646,0.7686,0.0032,+0.42%,52951,122088
D6Z15,2015-10-09,0.7682,0.7758,0.7681,0.7722,0.0036,+0.47%,58995,120293
D6Z15,2015-10-12,0.7718,0.7748,0.7683,0.771,-0.0012,-0.16%,38610,118057
D6Z15,2015-10-13,0.7689,0.7716,0.7643,0.7687,-0.0023,-0.30%,63668,116800
D6Z15,2015-10-14,0.7672,0.7743,0.7671,0.773,0.0043,+0.56%,50021,117339
D6Z15,2015-10-15,0.7734,0.7791,0.7721,0.7783,0.0053,+0.69%,68433,117950
D6Z15,2015-10-16,0.7774,0.7779,0.7725,0.7743,-0.004,-0.51%,46380,119964
D6Z15,2015-10-19,0.7743,0.7747,0.7672,0.7675,-0.0068,-0.88%,46426,120502
D6Z15,2015-10-20,0.7682,0.7728,0.7661,0.7698,0.0023,+0.30%,58660,121148
D6Z15,2015-10-21,0.77,0.7708,0.7606,0.762,-0.0078,-1.01%,71695,120841
D6Z15,2015-10-22,0.7611,0.764,0.7596,0.7631,0.0011,+0.14%,57030,121049
D6Z15,2015-10-23,0.7635,0.7666,0.7573,0.7583,-0.0048,-0.63%,75823,120292
D6Z15,2015-10-26,0.759,0.7619,0.7582,0.7596,0.0013,+0.17%,37039,118168
D6Z15,2015-10-27,0.7596,0.7598,0.7531,0.7534,-0.0062,-0.82%,58817,122885
D6Z15,2015-10-28,0.7536,0.7637,0.7527,0.7565,0.0031,+0.41%,73024,123115
D6Z15,2015-10-29,0.7577,0.7612,0.7551,0.7598,0.0033,+0.44%,58959,124186
D6Z15,2015-10-30,0.759,0.7657,0.7577,0.7645,0.0047,+0.62%,69063,120678
D6Z15,2015-11-02,0.7648,0.7652,0.7622,0.7633,-0.0012,-0.16%,36256,118697
D6Z15,2015-11-03,0.7632,0.7668,0.7593,0.7665,0.0032,+0.42%,55178,119629
D6Z15,2015-11-04,0.7653,0.7663,0.7577,0.7593,-0.0072,-0.94%,52432,122210
D6Z15,2015-11-05,0.7603,0.7607,0.7581,0.7594,0.0001,+0.01%,40030,123724
D6Z15,2015-11-06,0.7592,0.7598,0.7505,0.7517,-0.0077,-1.01%,71941,130051
D6Z15,2015-11-09,0.7516,0.7547,0.7511,0.7528,0.0011,+0.15%,43851,132604
D6Z15,2015-11-10,0.7525,0.7548,0.7517,0.7531,0.0003,+0.04%,43055,134360
D6Z15,2015-11-11,0.7529,0.7555,0.7525,0.7528,-0.0003,-0.04%,33744,135448
D6Z15,2015-11-12,0.7539,0.7559,0.7493,0.7524,-0.0004,-0.05%,65481,138164
D6Z15,2015-11-13,0.7521,0.7535,0.7489,0.7513,-0.0011,-0.15%,53594,138898
D6Z15,2015-11-16,0.7507,0.7522,0.7476,0.7498,-0.0015,-0.20%,54203,140639
D6Z15,2015-11-17,0.7497,0.7519,0.7492,0.7508,0.001,+0.13%,51289,141785
D6Z15,2015-11-18,0.7506,0.7518,0.7477,0.7497,-0.0011,-0.15%,55417,146626
D6Z15,2015-11-19,0.7511,0.7547,0.751,0.7522,0.0025,+0.33%,56783,145242
D6Z15,2015-11-20,0.7521,0.7535,0.7485,0.7494,-0.0028,-0.37%,72858,146641
D6Z15,2015-11-23,0.7491,0.7497,0.7441,0.7477,-0.0017,-0.23%,70644,148131
D6Z15,2015-11-24,0.7481,0.7527,0.7475,0.7523,0.0046,+0.62%,60288,143740
D6Z15,2015-11-25,0.7517,0.7529,0.7496,0.7521,-0.0002,-0.03%,43060,144119
D6Z15,2015-11-27,0.7521,0.7527,0.7475,0.7485,-0.0036,-0.48%,38720,146294
D6Z15,2015-11-30,0.7481,0.7512,0.7466,0.7487,0.0002,+0.03%,41590,146381
D6Z15,2015-12-01,0.7493,0.7514,0.7462,0.7476,-0.0011,-0.15%,63136,145547
D6Z15,2015-12-02,0.7484,0.7513,0.7458,0.7482,0.0006,+0.08%,77950,147665
D6Z15,2015-12-03,0.7488,0.7522,0.7462,0.7496,0.0014,+0.19%,86763,149088
D6Z15,2015-12-04,0.7492,0.7508,0.7453,0.7475,-0.0021,-0.28%,84006,148613
D6Z15,2015-12-07,0.7477,0.7479,0.7393,0.7399,-0.0076,-1.02%,111216,157789
D6Z15,2015-12-08,0.7404,0.7405,0.7341,0.7358,-0.0041,-0.55%,151362,162857
D6Z15,2015-12-09,0.7363,0.7398,0.7342,0.7355,-0.0003,-0.04%,170515,164400
D6H16,2015-12-10,0.7368,0.739,0.733,0.7344,-0.0011,-0.15%,153818,181981
D6H16,2015-12-11,0.7333,0.7336,0.7269,0.728,-0.0064,-0.87%,119760,190619
D6H16,2015-12-14,0.7281,0.7312,0.7256,0.7279,-0.0001,-0.01%,83801,187990
D6H16,2015-12-15,0.7284,0.7314,0.7264,0.7284,0.0005,+0.07%,48199,156966
D6H16,2015-12-16,0.7281,0.7284,0.7217,0.7265,-0.0019,-0.26%,67922,160887
D6H16,2015-12-17,0.7257,0.7258,0.715,0.7165,-0.01,-1.38%,70920,159546
D6H16,2015-12-18,0.7179,0.7219,0.7143,0.7181,0.0016,+0.22%,70366,157546
D6H16,2015-12-21,0.7177,0.7188,0.7146,0.7165,-0.0016,-0.22%,40392,161987
D6H16,2015-12-22,0.7161,0.7187,0.7161,0.7175,0.001,+0.14%,32085,163581
D6H16,2015-12-23,0.7186,0.7228,0.7175,0.7217,0.0042,+0.59%,46859,165555
D6H16,2015-12-24,0.7222,0.7238,0.7209,0.7221,0.0004,+0.06%,18063,166921
D6H16,2015-12-28,0.7229,0.7234,0.7187,0.7198,-0.0023,-0.32%,23708,171596
D6H16,2015-12-29,0.7195,0.724,0.7174,0.7238,0.004,+0.56%,36449,172137
D6H16,2015-12-30,0.7229,0.7232,0.7182,0.7198,-0.004,-0.55%,36863,168696
D6H16,2015-12-31,0.7208,0.7236,0.7194,0.7233,0.0035,+0.49%,35294,167853
D6H16,2016-01-04,0.7216,0.7225,0.7152,0.7167,-0.0066,-0.91%,73640,170090
D6H16,2016-01-05,0.718,0.7195,0.7133,0.7147,-0.002,-0.28%,63125,166610
D6H16,2016-01-06,0.7152,0.7158,0.7084,0.709,-0.0057,-0.80%,71299,167076
D6H16,2016-01-07,0.7106,0.7118,0.7057,0.71,0.001,+0.14%,87934,168281
D6H16,2016-01-08,0.7083,0.7113,0.7052,0.7074,-0.0026,-0.37%,67217,164717
D6H16,2016-01-11,0.7054,0.7109,0.702,0.7031,-0.0043,-0.61%,74690,166891
D6H16,2016-01-12,0.7035,0.7054,0.6986,0.7009,-0.0022,-0.31%,78427,166273
D6H16,2016-01-13,0.7007,0.7049,0.6954,0.6964,-0.0045,-0.64%,96782,166060
D6H16,2016-01-14,0.6974,0.6977,0.6946,0.6967,0.0003,+0.04%,94813,164615
D6H16,2016-01-15,0.6967,0.6972,0.6871,0.6878,-0.0089,-1.28%,116133,165700
D6H16,2016-01-19,0.6869,0.693,0.6855,0.6864,-0.0014,-0.20%,120944,165344
D6H16,2016-01-20,0.6863,0.6908,0.6809,0.6896,0.0032,+0.47%,144142,167597
D6H16,2016-01-21,0.6894,0.7028,0.6877,0.7003,0.0107,+1.55%,124040,166620
D6H16,2016-01-22,0.7009,0.7085,0.6992,0.7066,0.0063,+0.90%,100516,168701
D6H16,2016-01-25,0.7072,0.7079,0.6996,0.7027,-0.0039,-0.55%,73982,164556
D6H16,2016-01-26,0.6999,0.712,0.6981,0.7101,0.0074,+1.05%,99886,165240
D6H16,2016-01-27,0.7084,0.7129,0.7064,0.7082,-0.0019,-0.27%,98353,162157
D6H16,2016-01-28,0.7095,0.717,0.7081,0.7118,0.0036,+0.51%,113171,161584
D6H16,2016-01-29,0.7127,0.7159,0.7088,0.7137,0.0019,+0.27%,95681,159795
D6H16,2016-02-01,0.7149,0.719,0.7111,0.7177,0.004,+0.56%,86124,158367
D6H16,2016-02-02,0.7167,0.7173,0.7102,0.713,-0.0047,-0.65%,72242,157362
D6H16,2016-02-03,0.7118,0.7269,0.709,0.7252,0.0122,+1.71%,124204,156537
D6H16,2016-02-04,0.7254,0.7331,0.7247,0.7285,0.0033,+0.46%,92990,155883
D6H16,2016-02-05,0.7271,0.7294,0.7184,0.7199,-0.0086,-1.18%,86459,154581
D6H16,2016-02-08,0.7196,0.7225,0.7154,0.7176,-0.0023,-0.32%,59528,155703
D6H16,2016-02-09,0.7177,0.7253,0.7163,0.7198,0.0022,+0.31%,70490,157148
D6H16,2016-02-10,0.7209,0.7235,0.7143,0.7188,-0.001,-0.14%,89771,157094
D6H16,2016-02-11,0.718,0.7203,0.7134,0.7178,-0.001,-0.14%,96793,159558
D6H16,2016-02-12,0.7187,0.724,0.7161,0.7223,0.0045,+0.63%,73702,160515
D6H16,2016-02-16,0.7215,0.7297,0.7188,0.7206,-0.0017,-0.24%,85334,158606
D6H16,2016-02-17,0.721,0.7316,0.7195,0.7287,0.0081,+1.12%,74901,158609
D6H16,2016-02-18,0.7308,0.7324,0.7272,0.7278,-0.0009,-0.12%,57874,157606
D6H16,2016-02-19,0.7285,0.7286,0.7222,0.7262,-0.0016,-0.22%,46508,156663
D6H16,2016-02-22,0.7257,0.732,0.7251,0.7295,0.0033,+0.45%,42918,157995
D6H16,2016-02-23,0.7294,0.7302,0.7235,0.7269,-0.0026,-0.36%,52007,157919
D6H16,2016-02-24,0.7251,0.7311,0.7215,0.7293,0.0024,+0.33%,68711,158457
D6H16,2016-02-25,0.7298,0.7399,0.7281,0.739,0.0097,+1.33%,72836,160944
D6H16,2016-02-26,0.7389,0.7405,0.7372,0.7393,0.0003,+0.04%,69205,156768
D6H16,2016-02-29,0.7393,0.7418,0.736,0.7402,0.0009,+0.12%,64571,159027
D6H16,2016-03-01,0.7388,0.7471,0.7379,0.7467,0.0065,+0.88%,85571,159105
D6H16,2016-03-02,0.7453,0.7456,0.7408,0.7444,-0.0023,-0.31%,59702,158000
D6H16,2016-03-03,0.7446,0.7478,0.7422,0.746,0.0016,+0.21%,53964,159525
D6H16,2016-03-04,0.7457,0.7512,0.7422,0.7504,0.0044,+0.59%,73585,160266
D6H16,2016-03-07,0.7507,0.754,0.7475,0.7531,0.0027,+0.36%,73269,165909
D6H16,2016-03-08,0.7525,0.7526,0.7449,0.7464,-0.0067,-0.89%,133733,174346
D6H16,2016-03-09,0.7454,0.756,0.7437,0.7548,0.0084,+1.13%,167298,182287
D6H16,2016-03-10,0.7547,0.7557,0.7464,0.7494,-0.0054,-0.72%,168884,172313
D6M16,2016-03-11,0.7497,0.7596,0.7494,0.7564,0.007,+0.93%,127475,174381
D6M16,2016-03-14,0.756,0.757,0.7515,0.754,-0.0024,-0.32%,60933,169398
D6M16,2016-03-15,0.754,0.7541,0.7462,0.7491,-0.0049,-0.65%,56120,88688
D6M16,2016-03-16,0.7491,0.7638,0.7461,0.7601,0.011,+1.47%,79009,91201
D6M16,2016-03-17,0.7626,0.7726,0.7614,0.7697,0.0096,+1.26%,78005,91976
D6M16,2016-03-18,0.7704,0.7738,0.7668,0.7675,-0.0022,-0.29%,58698,95724
D6M16,2016-03-21,0.768,0.7681,0.7633,0.7655,-0.002,-0.26%,46781,98297
D6M16,2016-03-22,0.7636,0.7676,0.7612,0.7667,0.0012,+0.16%,45508,98996
D6M16,2016-03-23,0.7668,0.7671,0.7565,0.7571,-0.0096,-1.25%,67953,98257
D6M16,2016-03-24,0.7574,0.7575,0.7521,0.7545,-0.0026,-0.34%,51982,100873
D6M16,2016-03-28,0.7535,0.7595,0.7528,0.7587,0.0042,+0.56%,29958,100269
D6M16,2016-03-29,0.7585,0.7664,0.7567,0.7656,0.0069,+0.91%,69051,101098
D6M16,2016-03-30,0.7656,0.7746,0.7646,0.7714,0.0058,+0.76%,72601,104571
D6M16,2016-03-31,0.7714,0.7798,0.7686,0.7707,-0.0007,-0.09%,87001,105909
D6M16,2016-04-01,0.7703,0.7711,0.7606,0.7677,-0.003,-0.39%,83368,105059
D6M16,2016-04-04,0.7678,0.7692,0.7641,0.7657,-0.002,-0.26%,41436,105910
D6M16,2016-04-05,0.7645,0.7652,0.7565,0.7603,-0.0054,-0.71%,66520,105334
D6M16,2016-04-06,0.7612,0.7656,0.7584,0.7631,0.0028,+0.37%,65135,104753
D6M16,2016-04-07,0.7636,0.7681,0.7587,0.7603,-0.0028,-0.37%,62809,104060
D6M16,2016-04-08,0.7604,0.7721,0.7601,0.7699,0.0096,+1.26%,79791,104933
D6M16,2016-04-11,0.7698,0.7761,0.7684,0.7759,0.006,+0.78%,60452,105905
D6M16,2016-04-12,0.7752,0.7844,0.7739,0.7843,0.0084,+1.08%,83313,107754
D6M16,2016-04-13,0.7833,0.7848,0.7795,0.7806,-0.0037,-0.47%,84657,107539
D6M16,2016-04-14,0.7802,0.7824,0.7754,0.7781,-0.0025,-0.32%,62674,108787
D6M16,2016-04-15,0.7783,0.7815,0.775,0.7789,0.0008,+0.10%,56741,109545
D6M16,2016-04-18,0.7723,0.7829,0.7698,0.7808,0.0019,+0.24%,81055,111224
D6M16,2016-04-19,0.7818,0.7917,0.7816,0.7911,0.0103,+1.32%,83909,114197
D6M16,2016-04-20,0.7895,0.7941,0.7855,0.7918,0.0007,+0.09%,79854,114766
D6M16,2016-04-21,0.7903,0.7919,0.7843,0.7858,-0.006,-0.76%,71587,114856
D6M16,2016-04-22,0.7854,0.7923,0.7838,0.7884,0.0026,+0.33%,82758,117919
D6M16,2016-04-25,0.7902,0.7903,0.7863,0.7884,0,0.00%,54489,119437
D6M16,2016-04-26,0.7889,0.794,0.7883,0.7923,0.0039,+0.49%,53402,121079
D6M16,2016-04-27,0.7934,0.7955,0.7876,0.7924,0.0001,+0.01%,78613,120393
D6M16,2016-04-28,0.794,0.7991,0.7932,0.7985,0.0061,+0.77%,63286,123494
D6M16,2016-04-29,0.7969,0.8004,0.7944,0.7974,-0.0011,-0.14%,85954,123542
D6M16,2016-05-02,0.7972,0.7992,0.796,0.7969,-0.0005,-0.06%,55482,123991
D6M16,2016-05-03,0.7978,0.8025,0.7854,0.7859,-0.011,-1.38%,97304,123863
D6M16,2016-05-04,0.786,0.7876,0.776,0.7774,-0.0085,-1.08%,109662,121693
D6M16,2016-05-05,0.7771,0.7822,0.7767,0.7775,0.0001,+0.01%,75960,123432
D6M16,2016-05-06,0.7775,0.7795,0.7721,0.7731,-0.0044,-0.57%,86684,125630
D6M16,2016-05-09,0.7735,0.7748,0.7682,0.7713,-0.0018,-0.23%,67556,126122
D6M16,2016-05-10,0.7716,0.7747,0.7704,0.7736,0.0023,+0.30%,58990,124765
D6M16,2016-05-11,0.7745,0.7794,0.7727,0.7788,0.0052,+0.67%,64522,124378
D6M16,2016-05-12,0.778,0.783,0.7764,0.7799,0.0011,+0.14%,67272,123739
D6M16,2016-05-13,0.7786,0.779,0.7717,0.773,-0.0069,-0.88%,57724,124228
D6M16,2016-05-16,0.7724,0.7768,0.7714,0.7753,0.0023,+0.30%,39009,125202
D6M16,2016-05-17,0.7755,0.779,0.7719,0.7743,-0.001,-0.13%,59532,124370
D6M16,2016-05-18,0.775,0.7755,0.767,0.7702,-0.0041,-0.53%,80261,126741
D6M16,2016-05-19,0.7675,0.7686,0.7602,0.7636,-0.0066,-0.86%,83708,124777
D6M16,2016-05-20,0.7634,0.7652,0.7597,0.7612,-0.0024,-0.31%,57866,124886
D6M16,2016-05-23,0.7625,0.7633,0.7591,0.7613,0.0001,+0.01%,45441,123882
D6M16,2016-05-24,0.7606,0.7642,0.7582,0.7609,-0.0004,-0.05%,65680,123789
D6M16,2016-05-25,0.7615,0.7683,0.7614,0.7673,0.0064,+0.84%,81433,125405
D6M16,2016-05-26,0.7679,0.7745,0.767,0.7699,0.0026,+0.34%,75860,125954
D6M16,2016-05-27,0.7706,0.7711,0.7651,0.7688,-0.0011,-0.14%,52462,124695
D6M16,2016-05-31,0.7675,0.7682,0.7613,0.7615,-0.0073,-0.95%,94034,126518
D6M16,2016-06-01,0.7636,0.7666,0.762,0.7648,0.0033,+0.43%,67259,123267
D6M16,2016-06-02,0.7646,0.7659,0.7607,0.7626,-0.0022,-0.29%,60650,122329
D6M16,2016-06-03,0.7634,0.7743,0.7629,0.7737,0.0111,+1.46%,88301,124817
D6M16,2016-06-06,0.7726,0.781,0.7703,0.7805,0.0068,+0.88%,80721,128281
D6M16,2016-06-07,0.7797,0.7853,0.7789,0.7834,0.0029,+0.37%,92540,135330
D6M16,2016-06-08,0.7842,0.7902,0.7836,0.7874,0.004,+0.51%,116240,143840
D6M16,2016-06-09,0.788,0.7892,0.7833,0.7868,-0.0006,-0.08%,157117,166380
D6U16,2016-06-10,0.7861,0.7899,0.7825,0.7836,-0.0032,-0.41%,121782,175676
D6U16,2016-06-13,0.7826,0.7844,0.7789,0.7813,-0.0023,-0.29%,69371,176725
D6U16,2016-06-14,0.7796,0.7804,0.7768,0.7781,-0.0032,-0.41%,55563,117752
D6U16,2016-06-15,0.7771,0.7798,0.7726,0.7742,-0.0039,-0.50%,64502,117251
D6U16,2016-06-16,0.7744,0.7755,0.7643,0.772,-0.0022,-0.28%,82394,115600
D6U16,2016-06-17,0.7714,0.7796,0.7713,0.7769,0.0049,+0.63%,56248,113963
D6U16,2016-06-20,0.7782,0.783,0.7774,0.7814,0.0045,+0.58%,50981,116352
D6U16,2016-06-21,0.781,0.7837,0.7798,0.7814,0,0.00%,43905,118157
D6U16,2016-06-22,0.7807,0.7849,0.7781,0.7797,-0.0017,-0.22%,55137,119976
D6U16,2016-06-23,0.7802,0.7889,0.7801,0.7814,0.0017,+0.22%,63922,121932
D6U16,2016-06-24,0.7848,0.7848,0.7635,0.7711,-0.0103,-1.32%,98688,117390
D6U16,2016-06-27,0.7664,0.7697,0.7621,0.7636,-0.0075,-0.97%,62202,115309
D6U16,2016-06-28,0.7645,0.7713,0.763,0.7663,0.0027,+0.35%,54269,114425
D6U16,2016-06-29,0.7678,0.7734,0.7668,0.7704,0.0041,+0.54%,51641,113905
D6U16,2016-06-30,0.7729,0.7745,0.7683,0.7712,0.0008,+0.10%,70465,114176
D6U16,2016-07-01,0.7727,0.7774,0.7708,0.7744,0.0032,+0.41%,40133,115727
D6U16,2016-07-05,0.7746,0.7795,0.7682,0.7701,-0.0043,-0.56%,71560,116494
D6U16,2016-07-06,0.7702,0.7724,0.7659,0.7719,0.0018,+0.23%,63319,115250
D6U16,2016-07-07,0.7716,0.7766,0.7679,0.768,-0.0039,-0.51%,63135,114365
D6U16,2016-07-08,0.7692,0.7699,0.7639,0.7666,-0.0014,-0.18%,64402,114455
D6U16,2016-07-11,0.7665,0.76745,0.76105,0.76155,-0.00505,-0.66%,71289,115871
D6U16,2016-07-12,0.76245,0.77055,0.76145,0.76805,0.0065,+0.85%,73066,114230
D6U16,2016-07-13,0.767,0.77315,0.7643,0.7715,0.00345,+0.45%,93463,116059
D6U16,2016-07-14,0.77045,0.7775,0.77005,0.77605,0.00455,+0.59%,60698,118904
D6U16,2016-07-15,0.77545,0.77755,0.77,0.77275,-0.0033,-0.43%,57720,118970
D6U16,2016-07-18,0.77245,0.7736,0.76795,0.7724,-0.00035,-0.05%,47114,118994
D6U16,2016-07-19,0.7724,0.7731,0.7661,0.76795,-0.00445,-0.58%,50172,117603
D6U16,2016-07-20,0.768,0.7685,0.76365,0.76575,-0.0022,-0.29%,50905,116816
D6U16,2016-07-21,0.7651,0.768,0.7634,0.76395,-0.0018,-0.24%,45111,117534
D6U16,2016-07-22,0.7642,0.766,0.75845,0.7607,-0.00325,-0.43%,76365,120497
D6U16,2016-07-25,0.7611,0.76205,0.75525,0.75655,-0.00415,-0.55%,48561,120197
D6U16,2016-07-26,0.7566,0.75925,0.75515,0.75805,0.0015,+0.20%,60004,118079
D6U16,2016-07-27,0.75845,0.7632,0.7546,0.75725,-0.0008,-0.11%,65904,119578
D6U16,2016-07-28,0.75885,0.7635,0.7582,0.7599,0.00265,+0.35%,56342,117885
D6U16,2016-07-29,0.7602,0.7694,0.75855,0.76685,0.00695,+0.91%,81191,115270
D6U16,2016-08-01,0.767,0.7678,0.7619,0.7636,-0.00325,-0.42%,40084,115758
D6U16,2016-08-02,0.762,0.7691,0.76105,0.7642,0.0006,+0.08%,80370,115825
D6U16,2016-08-03,0.76335,0.7657,0.76075,0.7648,0.0006,+0.08%,59580,116687
D6U16,2016-08-04,0.76505,0.7697,0.76415,0.7687,0.0039,+0.51%,61456,115670
D6U16,2016-08-05,0.7681,0.7689,0.7577,0.76,-0.0087,-1.13%,86975,119082
D6U16,2016-08-08,0.7585,0.76145,0.75815,0.7596,-0.0004,-0.05%,50431,117498
D6U16,2016-08-09,0.7599,0.763,0.75825,0.7614,0.0018,+0.24%,61570,115796
D6U16,2016-08-10,0.7624,0.7701,0.76225,0.76605,0.00465,+0.61%,86116,112296
D6U16,2016-08-11,0.7667,0.77195,0.76475,0.7712,0.00515,+0.67%,64223,116744
D6U16,2016-08-12,0.76995,0.7739,0.76985,0.77215,0.00095,+0.12%,61001,116373
D6U16,2016-08-15,0.7723,0.77515,0.7707,0.77445,0.0023,+0.30%,41193,118808
D6U16,2016-08-16,0.77375,0.7814,0.7732,0.77875,0.0043,+0.56%,76393,124610
D6U16,2016-08-17,0.7777,0.77945,0.7742,0.77845,-0.0003,-0.04%,65152,124620
D6U16,2016-08-18,0.7784,0.7836,0.77795,0.7832,0.00475,+0.61%,58563,130070
D6U16,2016-08-19,0.78295,0.783,0.77555,0.7777,-0.0055,-0.70%,58642,131061
D6U16,2016-08-22,0.777,0.7771,0.7713,0.7722,-0.0055,-0.71%,58222,130440
D6U16,2016-08-23,0.77285,0.77775,0.7725,0.7747,0.0025,+0.32%,50157,131618
D6U16,2016-08-24,0.7744,0.77515,0.7718,0.77315,-0.00155,-0.20%,48555,131669
D6U16,2016-08-25,0.7735,0.77535,0.7729,0.77355,0.0004,+0.05%,37403,131898
D6U16,2016-08-26,0.77405,0.7795,0.76855,0.76875,-0.0048,-0.62%,83013,131589
D6U16,2016-08-29,0.7691,0.76945,0.76645,0.76815,-0.0006,-0.08%,45994,129146
D6U16,2016-08-30,0.7683,0.7687,0.7632,0.76445,-0.0037,-0.48%,59652,125716
D6U16,2016-08-31,0.7635,0.7646,0.7608,0.7624,-0.00205,-0.27%,73577,123177
D6U16,2016-09-01,0.763,0.76445,0.7606,0.7635,0.0011,+0.14%,75859,122463
D6U16,2016-09-02,0.7636,0.77035,0.7625,0.76955,0.00605,+0.79%,82570,118876
D6U16,2016-09-06,0.77,0.7797,0.76955,0.77905,0.0095,+1.23%,108567,122747
D6U16,2016-09-07,0.7782,0.7799,0.77435,0.77545,-0.0036,-0.46%,71415,122473
D6U16,2016-09-08,0.7761,0.77815,0.7728,0.7741,-0.00135,-0.17%,76418,124702
D6U16,2016-09-09,0.77335,0.7753,0.76605,0.7676,-0.0065,-0.84%,87725,125964
D6U16,2016-09-12,0.76665,0.7672,0.762,0.76665,-0.00095,-0.12%,107883,120048
D6U16,2016-09-13,0.76675,0.76745,0.7581,0.75895,-0.0077,-1.00%,121030,124676
D6U16,2016-09-14,0.7596,0.7617,0.75705,0.7575,-0.00145,-0.19%,153276,129469
D6U16,2016-09-15,0.7578,0.7616,0.75555,0.7601,0.0026,+0.34%,145347,132987
D6Z16,2016-09-16,0.7607,0.7613,0.7552,0.7572,-0.0029,-0.38%,114952,137421
D6Z16,2016-09-19,0.75695,0.76175,0.7568,0.7579,0.0007,+0.09%,63205,133965
D6Z16,2016-09-20,0.7579,0.7589,0.7555,0.75715,-0.00075,-0.10%,55027,95777
D6Z16,2016-09-21,0.7585,0.7638,0.75565,0.7607,0.00355,+0.47%,71194,98882
D6Z16,2016-09-22,0.7639,0.7696,0.76365,0.76585,0.00515,+0.68%,58738,96026
D6Z16,2016-09-23,0.7667,0.76775,0.75895,0.75965,-0.0062,-0.81%,83590,99145
D6Z16,2016-09-26,0.75935,0.76155,0.75535,0.75615,-0.0035,-0.46%,60401,100840
D6Z16,2016-09-27,0.7564,0.75995,0.75325,0.75705,0.0009,+0.12%,78569,105130
D6Z16,2016-09-28,0.758,0.7651,0.75395,0.76435,0.0073,+0.96%,85534,104341
D6Z16,2016-09-29,0.7644,0.7668,0.75885,0.7611,-0.00325,-0.43%,86773,105579
D6Z16,2016-09-30,0.761,0.7646,0.7582,0.76285,0.00175,+0.23%,71627,103733
D6Z16,2016-10-03,0.7626,0.76565,0.76115,0.763,0.00015,+0.02%,54109,103831
D6Z16,2016-10-04,0.7629,0.7631,0.75705,0.75795,-0.00505,-0.66%,58034,104219
D6Z16,2016-10-05,0.7586,0.7602,0.75605,0.7597,0.00175,+0.23%,61327,102864
D6Z16,2016-10-06,0.7589,0.75925,0.75505,0.75615,-0.00355,-0.47%,63223,104152
D6Z16,2016-10-07,0.7569,0.7587,0.75105,0.75335,-0.0028,-0.37%,106330,106397
D6Z16,2016-10-10,0.7541,0.76135,0.75335,0.75935,0.006,+0.80%,62312,104722
D6Z16,2016-10-11,0.7597,0.7599,0.75365,0.75535,-0.004,-0.53%,68750,104002
D6Z16,2016-10-12,0.75455,0.7573,0.75285,0.7549,-0.00045,-0.06%,65010,102616
D6Z16,2016-10-13,0.7538,0.7587,0.75175,0.75845,0.00355,+0.47%,71170,100944
D6Z16,2016-10-14,0.75825,0.7636,0.7567,0.7622,0.00375,+0.49%,80291,101095
D6Z16,2016-10-17,0.7615,0.7625,0.7588,0.7619,-0.0003,-0.04%,52229,96846
D6Z16,2016-10-18,0.76185,0.77035,0.76135,0.76285,0.00095,+0.12%,65623,95793
D6Z16,2016-10-19,0.7632,0.7692,0.7612,0.76195,-0.0009,-0.12%,102390,93858
D6Z16,2016-10-20,0.7625,0.76255,0.75595,0.7565,-0.00545,-0.72%,72336,91800
D6Z16,2016-10-21,0.7561,0.75645,0.74905,0.74995,-0.00655,-0.87%,99854,106865
D6Z16,2016-10-24,0.74985,0.75295,0.74665,0.7479,-0.00205,-0.27%,73765,113040
D6Z16,2016-10-25,0.74965,0.75175,0.74815,0.74945,0.00155,+0.21%,65515,113501
D6Z16,2016-10-26,0.7491,0.75135,0.74735,0.7482,-0.00125,-0.17%,69505,113466
D6Z16,2016-10-27,0.74795,0.7492,0.7461,0.7464,-0.0018,-0.24%,71197,116956
D6Z16,2016-10-28,0.747,0.7492,0.7447,0.74705,0.00065,+0.09%,86806,118031
D6Z16,2016-10-31,0.7461,0.7479,0.74515,0.74525,-0.0018,-0.24%,57282,120145
D6Z16,2016-11-01,0.7457,0.7491,0.74505,0.7473,0.00205,+0.28%,78846,121156
D6Z16,2016-11-02,0.7472,0.74875,0.74515,0.74655,-0.00075,-0.10%,71774,125741
D6Z16,2016-11-03,0.7473,0.74855,0.74625,0.74735,0.0008,+0.11%,51811,127268
D6Z16,2016-11-04,0.7466,0.7472,0.74275,0.746,-0.00135,-0.18%,89118,126416
D6Z16,2016-11-07,0.7481,0.75,0.7455,0.74835,0.00235,+0.32%,56622,122966
D6Z16,2016-11-08,0.74795,0.7529,0.74695,0.75105,0.0027,+0.36%,53643,120993
D6Z16,2016-11-09,0.7525,0.75415,0.73935,0.746,-0.00505,-0.67%,147220,122958
D6Z16,2016-11-10,0.7455,0.74715,0.7404,0.74265,-0.00335,-0.45%,88632,124095
D6Z16,2016-11-11,0.7427,0.74335,0.7382,0.7383,-0.00435,-0.59%,88437,127462
D6Z16,2016-11-14,0.7398,0.73995,0.73605,0.7377,-0.0006,-0.08%,77713,127847
D6Z16,2016-11-15,0.7382,0.74405,0.738,0.74285,0.00515,+0.70%,74890,125532
D6Z16,2016-11-16,0.7436,0.7462,0.74055,0.7443,0.00145,+0.20%,70780,124076
D6Z16,2016-11-17,0.7445,0.74645,0.73945,0.741,-0.0033,-0.44%,66616,124235
D6Z16,2016-11-18,0.7398,0.7413,0.73735,0.74055,-0.00045,-0.06%,69452,121111
D6Z16,2016-11-21,0.74075,0.7472,0.74015,0.74495,0.0044,+0.59%,71078,120718
D6Z16,2016-11-22,0.745,0.7476,0.7427,0.7442,-0.00075,-0.10%,71196,118667
D6Z16,2016-11-23,0.7444,0.745,0.73985,0.74135,-0.00285,-0.38%,61999,117846
D6Z16,2016-11-25,0.7412,0.7434,0.73895,0.7398,-0.00155,-0.21%,61380,117668
D6Z16,2016-11-28,0.74,0.74665,0.7388,0.7454,0.0056,+0.76%,78880,118118
D6Z16,2016-11-29,0.74625,0.74635,0.7419,0.74555,0.00015,+0.02%,75096,114416
D6Z16,2016-11-30,0.7447,0.7511,0.74285,0.74505,-0.0005,-0.07%,109057,112756
D6Z16,2016-12-01,0.74485,0.75195,0.7443,0.7507,0.00565,+0.76%,91022,113688
D6Z16,2016-12-02,0.7509,0.75455,0.7509,0.75205,0.00135,+0.18%,65639,111569
D6Z16,2016-12-05,0.7501,0.75565,0.7488,0.7539,0.00185,+0.25%,64735,109042
D6Z16,2016-12-06,0.7538,0.75465,0.75125,0.7524,-0.0015,-0.20%,50186,107289
D6Z16,2016-12-07,0.75315,0.75635,0.7521,0.7553,0.0029,+0.39%,53123,107340
D6Z16,2016-12-08,0.7559,0.7586,0.7548,0.7582,0.0029,+0.38%,71007,110461
D6Z16,2016-12-09,0.75775,0.76045,0.75695,0.75965,0.00145,+0.19%,50586,108175
D6Z16,2016-12-12,0.761,0.76295,0.7604,0.7612,0.00155,+0.20%,76363,111622
D6Z16,2016-12-13,0.7616,0.76335,0.7611,0.76225,0.00105,+0.14%,88862,114265
D6Z16,2016-12-14,0.7615,0.7646,0.75225,0.75455,-0.0077,-1.01%,165401,112040
D6H17,2016-12-15,0.75395,0.75435,0.7463,0.75055,-0.004,-0.53%,159966,107403
D6H17,2016-12-16,0.7508,0.75175,0.7476,0.74975,-0.0008,-0.11%,86250,106663
D6H17,2016-12-19,0.7507,0.7518,0.7459,0.7463,-0.00345,-0.46%,45581,104178
D6H17,2016-12-20,0.74665,0.74935,0.74525,0.7487,0.0024,+0.32%,43065,81901
D6H17,2016-12-21,0.74895,0.74945,0.7455,0.7467,-0.002,-0.27%,42058,83390
D6H17,2016-12-22,0.74505,0.7461,0.7404,0.742,-0.0047,-0.63%,54584,87202
D6H17,2016-12-23,0.7421,0.74265,0.73725,0.7394,-0.0026,-0.35%,44250,92178
D6H17,2016-12-27,0.74045,0.7406,0.73705,0.7376,-0.0018,-0.24%,26610,93212
D6H17,2016-12-28,0.7374,0.73935,0.73605,0.73845,0.00085,+0.12%,44028,96212
D6H17,2016-12-29,0.73845,0.74255,0.7382,0.74175,0.0033,+0.45%,42285,98001
D6H17,2016-12-30,0.74115,0.74685,0.7409,0.74415,0.0024,+0.32%,47014,96785
D6H17,2017-01-03,0.7442,0.74695,0.7435,0.74525,0.0011,+0.15%,49484,98751
D6H17,2017-01-04,0.7453,0.75355,0.7436,0.75165,0.0064,+0.86%,70265,94793
D6H17,2017-01-05,0.75215,0.7587,0.7517,0.75585,0.0042,+0.56%,72881,91048
D6H17,2017-01-06,0.7565,0.7594,0.7542,0.75585,0,0.00%,67983,90044
D6H17,2017-01-09,0.75555,0.75825,0.75365,0.75645,0.0006,+0.08%,44635,90694
D6H17,2017-01-10,0.7569,0.7585,0.75475,0.75635,-0.0001,-0.01%,44831,90632
D6H17,2017-01-11,0.7562,0.7627,0.75265,0.75975,0.0034,+0.45%,101177,93091
D6H17,2017-01-12,0.7593,0.768,0.7591,0.7622,0.00245,+0.32%,78561,94368
D6H17,2017-01-13,0.7611,0.7635,0.75985,0.7626,0.0004,+0.05%,58106,94338
D6H17,2017-01-17,0.76215,0.76855,0.7586,0.7666,0.004,+0.52%,90358,100307
D6H17,2017-01-18,0.7671,0.76735,0.7538,0.75595,-0.01065,-1.39%,120981,99675
D6H17,2017-01-19,0.75425,0.75495,0.74925,0.7512,-0.00475,-0.63%,75736,98645
D6H17,2017-01-20,0.751,0.75315,0.7473,0.7517,0.0005,+0.07%,77806,98028
D6H17,2017-01-23,0.75065,0.7568,0.7503,0.7552,0.0035,+0.47%,72537,96490
D6H17,2017-01-24,0.75635,0.76335,0.7523,0.76075,0.00555,+0.73%,82404,99574
D6H17,2017-01-25,0.7602,0.766,0.76005,0.7649,0.00415,+0.55%,71449,102364
D6H17,2017-01-26,0.7653,0.76645,0.76195,0.76425,-0.00065,-0.08%,51550,104579
D6H17,2017-01-27,0.764,0.7645,0.7606,0.76185,-0.0024,-0.31%,48024,106440
D6H17,2017-01-30,0.7616,0.7651,0.7597,0.763,0.00115,+0.15%,45780,108572
D6H17,2017-01-31,0.76285,0.77145,0.76235,0.76825,0.00525,+0.69%,81205,114274
D6H17,2017-02-01,0.7671,0.76765,0.7635,0.76685,-0.0014,-0.18%,59144,114125
D6H17,2017-02-02,0.7668,0.7707,0.7665,0.76775,0.0009,+0.12%,54528,117761
D6H17,2017-02-03,0.76785,0.76995,0.7646,0.76815,0.0004,+0.05%,49070,118838
D6H17,2017-02-06,0.76805,0.769,0.7615,0.76415,-0.004,-0.52%,58689,119024
D6H17,2017-02-07,0.7647,0.76515,0.757,0.76,-0.00415,-0.54%,53263,118424
D6H17,2017-02-08,0.7585,0.76155,0.7578,0.76035,0.00035,+0.05%,41493,119457
D6H17,2017-02-09,0.76095,0.7639,0.75955,0.7614,0.00105,+0.14%,51221,120452
D6H17,2017-02-10,0.7612,0.76575,0.76015,0.76415,0.00275,+0.36%,58822,125995
D6H17,2017-02-13,0.7643,0.76615,0.7623,0.7654,0.00125,+0.16%,39766,125450
D6H17,2017-02-14,0.7653,0.76795,0.76305,0.765,-0.0004,-0.05%,55541,125056
D6H17,2017-02-15,0.76495,0.76555,0.76235,0.76435,-0.00065,-0.08%,49859,126675
D6H17,2017-02-16,0.76475,0.7688,0.7646,0.7653,0.00095,+0.12%,59722,133573
D6H17,2017-02-17,0.76525,0.76575,0.7619,0.76325,-0.00205,-0.27%,42219,129913
D6H17,2017-02-21,0.7641,0.7649,0.75965,0.76115,-0.0021,-0.28%,58952,131522
D6H17,2017-02-22,0.7607,0.76285,0.756,0.75995,-0.0012,-0.16%,62064,131008
D6H17,2017-02-23,0.76,0.7645,0.75935,0.7627,0.00275,+0.36%,60643,131244
D6H17,2017-02-24,0.76345,0.7668,0.76235,0.76355,0.00085,+0.11%,67363,135664
D6H17,2017-02-27,0.7635,0.76435,0.7587,0.76045,-0.0031,-0.41%,59341,131323
D6H17,2017-02-28,0.7584,0.7597,0.75115,0.7525,-0.00795,-1.05%,112155,135442
D6H17,2017-03-01,0.75115,0.75285,0.74865,0.7489,-0.0036,-0.48%,87669,136522
D6H17,2017-03-02,0.7504,0.7504,0.74615,0.7468,-0.0021,-0.28%,75572,139619
D6H17,2017-03-03,0.74695,0.74785,0.7442,0.7462,-0.0006,-0.08%,81519,139103
D6H17,2017-03-06,0.74755,0.7478,0.7449,0.74555,-0.00065,-0.09%,61457,140591
D6H17,2017-03-07,0.7457,0.7472,0.7443,0.74515,-0.0004,-0.05%,83415,147601
D6H17,2017-03-08,0.7454,0.7464,0.7406,0.7411,-0.00405,-0.54%,152845,147748
D6H17,2017-03-09,0.7408,0.74165,0.7388,0.7399,-0.0012,-0.16%,152863,147301
D6M17,2017-03-10,0.74105,0.74615,0.74095,0.7436,0.0037,+0.50%,128901,168858
D6M17,2017-03-13,0.7441,0.7456,0.74305,0.74495,0.00135,+0.18%,64282,175635
D6M17,2017-03-14,0.74465,0.74505,0.742,0.74245,-0.0025,-0.34%,59482,121688
D6M17,2017-03-15,0.7426,0.7531,0.74255,0.75115,0.0087,+1.17%,95754,121444
D6M17,2017-03-16,0.7528,0.7542,0.74985,0.7509,-0.00025,-0.03%,72753,120177
D6M17,2017-03-17,0.7518,0.7526,0.74845,0.7506,-0.0003,-0.04%,55327,120418
D6M17,2017-03-20,0.7502,0.75265,0.74875,0.74935,-0.00125,-0.17%,44384,122514
D6M17,2017-03-21,0.7498,0.75485,0.74905,0.7503,0.00095,+0.13%,72201,119123
D6M17,2017-03-22,0.7496,0.75165,0.7466,0.7504,0.0001,+0.01%,62025,119189
D6M17,2017-03-23,0.751,0.75195,0.74955,0.7505,0.0001,+0.01%,44275,118176
D6M17,2017-03-24,0.74965,0.75015,0.7479,0.7483,-0.0022,-0.29%,44816,119696
D6M17,2017-03-27,0.7494,0.75155,0.74685,0.7486,0.0003,+0.04%,52753,121543
D6M17,2017-03-28,0.74805,0.74975,0.7463,0.7483,-0.0003,-0.04%,49271,121699
D6M17,2017-03-29,0.748,0.7515,0.74705,0.75105,0.00275,+0.37%,55501,122762
D6M17,2017-03-30,0.75105,0.75405,0.7498,0.7519,0.00085,+0.11%,63067,121989
D6M17,2017-03-31,0.7505,0.75355,0.74885,0.7533,0.0014,+0.19%,65006,122348
D6M17,2017-04-03,0.75205,0.75215,0.747,0.7478,-0.0055,-0.73%,67120,129347
D6M17,2017-04-04,0.74835,0.74845,0.74385,0.74635,-0.00145,-0.19%,57324,133688
D6M17,2017-04-05,0.74675,0.74825,0.74475,0.74645,0.0001,+0.01%,59214,134952
D6M17,2017-04-06,0.74485,0.74705,0.74415,0.7464,-0.00005,-0.01%,42407,136611
D6M17,2017-04-07,0.7459,0.7502,0.7452,0.74615,-0.00025,-0.03%,72981,131809
D6M17,2017-04-10,0.74645,0.7515,0.7454,0.75085,0.0047,+0.63%,49189,129294
D6M17,2017-04-11,0.75105,0.752,0.74935,0.7508,-0.00005,-0.01%,50290,126412
D6M17,2017-04-12,0.75125,0.75625,0.7504,0.75135,0.00055,+0.07%,106649,128796
D6M17,2017-04-13,0.7553,0.75685,0.75025,0.7532,0.00185,+0.25%,61327,126754
D6M17,2017-04-17,0.7512,0.7546,0.7512,0.7521,-0.0011,-0.15%,27837,127814
D6M17,2017-04-18,0.7515,0.75165,0.74685,0.748,-0.0041,-0.55%,72089,136042
D6M17,2017-04-19,0.748,0.74825,0.7418,0.74195,-0.00605,-0.81%,69655,147453
D6M17,2017-04-20,0.7424,0.7437,0.74135,0.7428,0.00085,+0.11%,60461,152192
D6M17,2017-04-21,0.7426,0.7436,0.7399,0.7407,-0.0021,-0.28%,62288,156384
D6M17,2017-04-24,0.7422,0.74635,0.7401,0.7406,-0.0001,-0.01%,63367,159452
D6M17,2017-04-25,0.74065,0.74105,0.7344,0.73705,-0.00355,-0.48%,85541,165504
D6M17,2017-04-26,0.7371,0.73895,0.73455,0.73495,-0.0021,-0.28%,99421,173342
D6M17,2017-04-27,0.7346,0.7396,0.73195,0.7348,-0.00015,-0.02%,95250,181336
D6M17,2017-04-28,0.73385,0.7344,0.73055,0.732,-0.0028,-0.38%,74861,183367
D6M17,2017-05-01,0.7328,0.73375,0.7311,0.7322,0.0002,+0.03%,39716,185267
D6M17,2017-05-02,0.7315,0.733,0.72725,0.7293,-0.0029,-0.40%,78376,192692
D6M17,2017-05-03,0.7298,0.732,0.7282,0.7299,0.0006,+0.08%,76713,199389
D6M17,2017-05-04,0.72885,0.7303,0.72625,0.72695,-0.00295,-0.40%,79867,204048
D6M17,2017-05-05,0.72785,0.7334,0.72535,0.73115,0.0042,+0.58%,94438,206747
D6M17,2017-05-08,0.73255,0.73335,0.7285,0.7307,-0.00045,-0.06%,72195,211192
D6M17,2017-05-09,0.7305,0.73185,0.72745,0.7293,-0.0014,-0.19%,78558,214946
D6M17,2017-05-10,0.7294,0.7331,0.72855,0.7317,0.0024,+0.33%,71250,219757
D6M17,2017-05-11,0.73205,0.73205,0.7266,0.73055,-0.00115,-0.16%,78248,218558
D6M17,2017-05-12,0.7304,0.73215,0.72805,0.72955,-0.001,-0.14%,56070,220352
D6M17,2017-05-15,0.72985,0.73555,0.72905,0.7332,0.00365,+0.50%,71911,220295
D6M17,2017-05-16,0.73395,0.73705,0.7325,0.7367,0.0035,+0.48%,73524,218822
D6M17,2017-05-17,0.73535,0.7372,0.7334,0.73425,-0.00245,-0.33%,79823,219872
D6M17,2017-05-18,0.7363,0.7366,0.73185,0.73455,0.0003,+0.04%,82740,217305
D6M17,2017-05-19,0.7354,0.7406,0.73505,0.7403,0.00575,+0.78%,78370,215472
D6M17,2017-05-22,0.7405,0.74185,0.73885,0.7406,0.0003,+0.04%,46652,210822
D6M17,2017-05-23,0.74095,0.74345,0.73955,0.7399,-0.0007,-0.09%,58616,208304
D6M17,2017-05-24,0.7403,0.74635,0.7388,0.7447,0.0048,+0.65%,79890,203728
D6M17,2017-05-25,0.74625,0.7472,0.74135,0.7416,-0.0031,-0.42%,76241,200985
D6M17,2017-05-26,0.74155,0.74465,0.74115,0.7429,0.0013,+0.18%,52151,201287
D6M17,2017-05-30,0.7435,0.74495,0.7406,0.74285,-0.00005,-0.01%,52707,200273
D6M17,2017-05-31,0.7427,0.7448,0.7397,0.74065,-0.0022,-0.30%,81111,208587
D6M17,2017-06-01,0.7411,0.74265,0.73945,0.74015,-0.0005,-0.07%,66245,206956
D6M17,2017-06-02,0.7399,0.7424,0.7383,0.74125,0.0011,+0.15%,67556,206103
D6M17,2017-06-05,0.7416,0.7432,0.7408,0.74235,0.0011,+0.15%,43293,205421
D6M17,2017-06-06,0.74245,0.74435,0.74165,0.74325,0.0009,+0.12%,78054,210933
D6M17,2017-06-07,0.7434,0.74495,0.73945,0.73975,-0.0035,-0.47%,69681,211360
D6M17,2017-06-08,0.7406,0.74175,0.7397,0.74075,0.001,+0.14%,62355,211102
D6M17,2017-06-09,0.74,0.7452,0.73925,0.74245,0.0017,+0.23%,110165,209732
D6M17,2017-06-12,0.74295,0.7509,0.74245,0.75055,0.0081,+1.09%,130856,209886
D6M17,2017-06-13,0.75095,0.75705,0.7507,0.7559,0.00535,+0.71%,160766,204115
D6M17,2017-06-14,0.7554,0.7597,0.7536,0.75485,-0.00105,-0.14%,249301,207708
D6U17,2017-06-15,0.7563,0.75745,0.7526,0.75455,-0.0003,-0.04%,223996,235221
D6U17,2017-06-16,0.75465,0.7582,0.7545,0.75765,0.0031,+0.41%,105998,227991
D6U17,2017-06-19,0.7578,0.75925,0.7555,0.7569,-0.00075,-0.10%,74191,218921
D6U17,2017-06-20,0.75765,0.75855,0.7539,0.75555,-0.00135,-0.18%,62670,144802
D6U17,2017-06-21,0.755,0.755,0.7504,0.7526,-0.00295,-0.39%,74240,147465
D6U17,2017-06-22,0.7515,0.7583,0.7509,0.75625,0.00365,+0.48%,67329,146050
D6U17,2017-06-23,0.7569,0.75815,0.7526,0.7554,-0.00085,-0.11%,61086,144147
D6U17,2017-06-26,0.755,0.7581,0.7548,0.75605,0.00065,+0.09%,44382,143248
D6U17,2017-06-27,0.756,0.7618,0.75525,0.7614,0.00535,+0.71%,79636,143798
D6U17,2017-06-28,0.7593,0.76955,0.75875,0.76865,0.00725,+0.95%,124568,139472
D6U17,2017-06-29,0.7682,0.7712,0.76775,0.76985,0.0012,+0.16%,99454,137824
D6U17,2017-06-30,0.7703,0.7734,0.77,0.7724,0.00255,+0.33%,80244,141651
D6U17,2017-07-03,0.772,0.7723,0.7695,0.7702,-0.0022,-0.28%,51490,145079
D6U17,2017-07-05,0.7695,0.7754,0.7693,0.77175,0.00155,+0.20%,106727,151117
D6U17,2017-07-06,0.7725,0.7747,0.7711,0.77245,0.0007,+0.09%,72444,153494
D6U17,2017-07-07,0.77145,0.7785,0.77045,0.77725,0.0048,+0.62%,87196,159011
D6U17,2017-07-10,0.777,0.7778,0.77405,0.77725,0,0.00%,64970,161354
D6U17,2017-07-11,0.77665,0.77695,0.7735,0.7753,-0.00195,-0.25%,69819,161065
D6U17,2017-07-12,0.7749,0.7894,0.7737,0.7869,0.0116,+1.50%,141694,166475
D6U17,2017-07-13,0.78555,0.78685,0.78375,0.7866,-0.0003,-0.04%,74585,164824
D6U17,2017-07-14,0.78645,0.79165,0.78525,0.79115,0.00455,+0.58%,83824,165240
D6U17,2017-07-17,0.7916,0.7927,0.7882,0.7888,-0.00235,-0.30%,64014,168773
D6U17,2017-07-18,0.7884,0.79555,0.78805,0.79315,0.00435,+0.55%,86169,169256
D6U17,2017-07-19,0.7927,0.79575,0.7911,0.7949,0.00175,+0.22%,53919,171672
D6U17,2017-07-20,0.79435,0.79815,0.7918,0.7953,0.0004,+0.05%,81202,174030
D6U17,2017-07-21,0.7951,0.79925,0.79375,0.79855,0.00325,+0.41%,83117,173295
D6U17,2017-07-24,0.79815,0.8017,0.79735,0.8007,0.00215,+0.27%,65156,174147
D6U17,2017-07-25,0.80005,0.8018,0.79855,0.8,-0.0007,-0.09%,66822,177330
D6U17,2017-07-26,0.80015,0.8062,0.79785,0.80185,0.00185,+0.23%,97795,185851
D6U17,2017-07-27,0.8048,0.80615,0.79575,0.797,-0.00485,-0.60%,100749,188755
D6U17,2017-07-28,0.7968,0.8058,0.7963,0.80495,0.00795,+1.00%,99592,190981
D6U17,2017-07-31,0.8045,0.80495,0.7987,0.8036,-0.00135,-0.17%,90644,189819
D6U17,2017-08-01,0.8014,0.8038,0.79715,0.79905,-0.00455,-0.57%,87385,190622
D6U17,2017-08-02,0.7982,0.7985,0.7947,0.79685,-0.0022,-0.28%,77476,196109
D6U17,2017-08-03,0.7963,0.7972,0.79305,0.7951,-0.00175,-0.22%,66388,200427
D6U17,2017-08-04,0.7954,0.7979,0.78995,0.79095,-0.00415,-0.52%,84535,195820
D6U17,2017-08-07,0.79195,0.79235,0.787,0.78915,-0.0018,-0.23%,48773,198075
D6U17,2017-08-08,0.7891,0.791,0.78755,0.79,0.00085,+0.11%,60652,205963
D6U17,2017-08-09,0.79005,0.7901,0.78655,0.78765,-0.00235,-0.30%,61990,196761
D6U17,2017-08-10,0.7882,0.78955,0.785,0.78675,-0.0009,-0.11%,69702,196359
D6U17,2017-08-11,0.7852,0.7907,0.78445,0.78885,0.0021,+0.27%,73741,192813
D6U17,2017-08-14,0.7894,0.78945,0.7858,0.78675,-0.0021,-0.27%,44841,191335
D6U17,2017-08-15,0.7862,0.7866,0.7829,0.7841,-0.00265,-0.34%,62628,191105
D6U17,2017-08-16,0.78445,0.79315,0.7834,0.78985,0.00575,+0.73%,79595,189847
D6U17,2017-08-17,0.7929,0.7947,0.7887,0.7906,0.00075,+0.09%,61995,186139
D6U17,2017-08-18,0.789,0.7967,0.78825,0.7954,0.0048,+0.61%,72326,187732
D6U17,2017-08-21,0.79545,0.79685,0.79345,0.796,0.0006,+0.08%,45322,186882
D6U17,2017-08-22,0.7964,0.7987,0.79305,0.79625,0.00025,+0.03%,61814,186960
D6U17,2017-08-23,0.7964,0.79765,0.794,0.7973,0.00105,+0.13%,50758,188146
D6U17,2017-08-24,0.79705,0.79935,0.79635,0.7986,0.0013,+0.16%,42911,189381
D6U17,2017-08-25,0.7994,0.80245,0.7973,0.80125,0.00265,+0.33%,62358,191721
D6U17,2017-08-28,0.80195,0.80385,0.79955,0.80065,-0.0006,-0.07%,46448,191109
D6U17,2017-08-29,0.7985,0.8042,0.79695,0.79835,-0.0023,-0.29%,69012,191798
D6U17,2017-08-30,0.7992,0.80015,0.7915,0.79275,-0.0056,-0.70%,72272,192073
D6U17,2017-08-31,0.7927,0.8017,0.78985,0.80035,0.0076,+0.96%,114995,196331
D6U17,2017-09-01,0.80105,0.8105,0.80065,0.80725,0.0069,+0.86%,116246,201885
D6U17,2017-09-05,0.80645,0.8108,0.80485,0.8081,0.00085,+0.11%,90339,203353
D6U17,2017-09-06,0.80825,0.82455,0.8056,0.8177,0.0096,+1.19%,149879,210948
D6U17,2017-09-07,0.81745,0.8258,0.817,0.8233,0.0056,+0.68%,113988,207824
D6U17,2017-09-08,0.82435,0.8291,0.82205,0.8235,0.0002,+0.02%,120167,212308
D6U17,2017-09-11,0.8231,0.82665,0.82165,0.8257,0.0022,+0.27%,81293,216596
D6U17,2017-09-12,0.82565,0.8277,0.8204,0.8212,-0.0045,-0.54%,119717,227931
D6U17,2017-09-13,0.82105,0.8244,0.81835,0.81985,-0.00135,-0.16%,172735,243648
D6U17,2017-09-14,0.8215,0.8226,0.81705,0.8204,0.00055,+0.07%,231784,275979
D6Z17,2017-09-15,0.8218,0.8255,0.8186,0.82135,0.00095,+0.12%,171627,298117
D6Z17,2017-09-18,0.8208,0.8219,0.8108,0.8129,-0.00845,-1.03%,101983,295333
D6Z17,2017-09-19,0.8137,0.81635,0.8128,0.8153,0.0024,+0.30%,61589,181078
D6Z17,2017-09-20,0.8142,0.8202,0.80745,0.80985,-0.00545,-0.67%,98210,179671
D6Z17,2017-09-21,0.8117,0.81205,0.8089,0.8105,0.00065,+0.08%,54117,181957
D6Z17,2017-09-22,0.8118,0.81645,0.81005,0.81105,0.00055,+0.07%,79340,180176
D6Z17,2017-09-25,0.811,0.8125,0.80785,0.8098,-0.00125,-0.15%,48735,181879
D6Z17,2017-09-26,0.80875,0.8115,0.806,0.8103,0.0005,+0.06%,68541,181913
D6Z17,2017-09-27,0.8105,0.81105,0.8015,0.80275,-0.00755,-0.93%,108845,182069
D6Z17,2017-09-28,0.8019,0.8058,0.79915,0.80525,0.0025,+0.31%,76048,177695
D6Z17,2017-09-29,0.80465,0.8057,0.7983,0.80255,-0.0027,-0.34%,76432,178229
D6Z17,2017-10-02,0.8018,0.8024,0.79875,0.8002,-0.00235,-0.29%,57183,177588
D6Z17,2017-10-03,0.7995,0.8016,0.79785,0.80095,0.00075,+0.09%,46939,177263
D6Z17,2017-10-04,0.8009,0.8036,0.8004,0.8019,0.00095,+0.12%,50628,175706
D6Z17,2017-10-05,0.80175,0.8028,0.79495,0.79575,-0.00615,-0.77%,72686,177535
D6Z17,2017-10-06,0.79605,0.7987,0.79395,0.7984,0.00265,+0.33%,70700,176496
D6Z17,2017-10-09,0.79815,0.7987,0.7966,0.7973,-0.0011,-0.14%,26484,175293
D6Z17,2017-10-10,0.7972,0.8014,0.7968,0.7997,0.0024,+0.30%,53767,175817
D6Z17,2017-10-11,0.79935,0.8034,0.79835,0.80185,0.00215,+0.27%,55346,177286
D6Z17,2017-10-12,0.8031,0.80465,0.8009,0.8029,0.00105,+0.13%,64956,174669
D6Z17,2017-10-13,0.8016,0.80345,0.799,0.80165,-0.00125,-0.16%,66601,173464
D6Z17,2017-10-16,0.8017,0.80225,0.79655,0.7989,-0.00275,-0.34%,68093,171920
D6Z17,2017-10-17,0.7992,0.79945,0.7945,0.79765,-0.00125,-0.16%,66545,174093
D6Z17,2017-10-18,0.7989,0.803,0.79815,0.80265,0.005,+0.63%,72713,176287
D6Z17,2017-10-19,0.8027,0.8035,0.80065,0.8011,-0.00155,-0.19%,60267,174183
D6Z17,2017-10-20,0.8011,0.8018,0.792,0.79225,-0.00885,-1.10%,113079,178756
D6Z17,2017-10-23,0.7921,0.79305,0.7901,0.7913,-0.00095,-0.12%,66915,175017
D6Z17,2017-10-24,0.79115,0.79255,0.7881,0.7893,-0.002,-0.25%,74267,172673
D6Z17,2017-10-25,0.78895,0.7918,0.7805,0.78085,-0.00845,-1.07%,139985,174486
D6Z17,2017-10-26,0.78215,0.78275,0.778,0.77845,-0.0024,-0.31%,91796,168759
D6Z17,2017-10-27,0.7786,0.7811,0.7745,0.77855,0.0001,+0.01%,95590,162780
D6Z17,2017-10-30,0.7802,0.7808,0.7778,0.7794,0.00085,+0.11%,61850,159639
D6Z17,2017-10-31,0.77985,0.78015,0.77455,0.77575,-0.00365,-0.47%,82745,157542
D6Z17,2017-11-01,0.7761,0.7782,0.77485,0.77665,0.0009,+0.12%,67683,158649
D6Z17,2017-11-02,0.7776,0.78155,0.7769,0.7809,0.00425,+0.55%,70311,158053
D6Z17,2017-11-03,0.7807,0.7867,0.7793,0.78385,0.00295,+0.38%,88285,152303
D6Z17,2017-11-06,0.7838,0.7875,0.7825,0.78645,0.0026,+0.33%,50457,150598
D6Z17,2017-11-07,0.78715,0.78715,0.78025,0.78245,-0.004,-0.51%,61571,147706
D6Z17,2017-11-08,0.78325,0.7867,0.783,0.78605,0.0036,+0.46%,53817,149115
D6Z17,2017-11-09,0.7857,0.78965,0.78515,0.78935,0.0033,+0.42%,65248,149800
D6Z17,2017-11-10,0.7886,0.78975,0.7879,0.7889,-0.00045,-0.06%,55106,150397
D6Z17,2017-11-13,0.7883,0.78905,0.78505,0.78595,-0.00295,-0.37%,44918,147673
D6Z17,2017-11-14,0.7854,0.78765,0.7832,0.7858,-0.00015,-0.02%,77620,142594
D6Z17,2017-11-15,0.7854,0.78685,0.78215,0.78345,-0.00235,-0.30%,74495,143318
D6Z17,2017-11-16,0.7833,0.7859,0.78255,0.78445,0.001,+0.13%,56796,141339
D6Z17,2017-11-17,0.7844,0.7868,0.78,0.78375,-0.0007,-0.09%,86898,141832
D6Z17,2017-11-20,0.7833,0.78425,0.7801,0.7809,-0.00285,-0.36%,56102,142846
D6Z17,2017-11-21,0.7808,0.78455,0.77925,0.78295,0.00205,+0.26%,73983,143596
D6Z17,2017-11-22,0.78275,0.78795,0.78245,0.78735,0.0044,+0.56%,67051,143956
D6Z17,2017-11-24,0.7872,0.7893,0.7846,0.7868,-0.00055,-0.07%,64959,144284
D6Z17,2017-11-27,0.7869,0.7888,0.78315,0.7838,-0.003,-0.38%,66267,142763
D6Z17,2017-11-28,0.7836,0.7842,0.7799,0.78035,-0.00345,-0.44%,70134,145257
D6Z17,2017-11-29,0.78075,0.7811,0.77685,0.7784,-0.00195,-0.25%,81453,146189
D6Z17,2017-11-30,0.7774,0.77835,0.7748,0.7752,-0.0032,-0.41%,87232,147617
D6Z17,2017-12-01,0.77545,0.7887,0.7754,0.7878,0.0126,+1.63%,162842,148304
D6Z17,2017-12-04,0.78715,0.79025,0.78585,0.78765,-0.00015,-0.02%,76222,147375
D6Z17,2017-12-05,0.7886,0.79225,0.78725,0.7876,-0.00005,-0.01%,66075,147099
D6Z17,2017-12-06,0.788,0.7904,0.7809,0.78135,-0.00625,-0.79%,90592,150235
D6Z17,2017-12-07,0.78175,0.7822,0.7772,0.77755,-0.0038,-0.49%,76877,146955
D6Z17,2017-12-08,0.778,0.781,0.7764,0.7773,-0.00025,-0.03%,80932,147240
D6Z17,2017-12-11,0.77795,0.7794,0.77715,0.7782,0.0009,+0.12%,81569,151460
D6Z17,2017-12-12,0.7779,0.7805,0.7756,0.77695,-0.00125,-0.16%,110343,149275
D6Z17,2017-12-13,0.777,0.7818,0.77645,0.78125,0.0043,+0.55%,146241,143213
D6Z17,2017-12-14,0.7801,0.7866,0.7773,0.7845,0.00325,+0.42%,193030,146561
D6H18,2017-12-15,0.7826,0.78635,0.77715,0.77795,-0.00655,-0.83%,122145,153053
D6H18,2017-12-18,0.77845,0.78025,0.77785,0.7785,0.00055,+0.07%,57452,153512
D6H18,2017-12-19,0.7789,0.77965,0.77525,0.7779,-0.0006,-0.08%,58053,114873
D6H18,2017-12-20,0.7777,0.78135,0.77765,0.78075,0.00285,+0.37%,47906,112768
D6H18,2017-12-21,0.7805,0.7889,0.78015,0.78685,0.0061,+0.78%,95042,118370
D6H18,2017-12-22,0.7864,0.78885,0.78275,0.7866,-0.00025,-0.03%,62784,115956
D6H18,2017-12-26,0.78695,0.7898,0.7865,0.7894,0.0028,+0.36%,19656,116559
D6H18,2017-12-27,0.78965,0.79325,0.78905,0.79225,0.00285,+0.36%,53471,116214
D6H18,2017-12-28,0.79135,0.797,0.79105,0.7967,0.00445,+0.56%,61423,119456
D6H18,2017-12-29,0.79655,0.79985,0.7951,0.799,0.0023,+0.29%,76881,122098
D6H18,2018-01-02,0.7971,0.8008,0.79685,0.8003,0.0013,+0.16%,61606,126829
D6H18,2018-01-03,0.8,0.80095,0.7974,0.79835,-0.00195,-0.24%,57821,126946
D6H18,2018-01-04,0.7983,0.80185,0.79725,0.80105,0.0027,+0.34%,65450,132844
D6H18,2018-01-05,0.8015,0.81005,0.79985,0.80665,0.0056,+0.70%,104723,141389
D6H18,2018-01-08,0.80645,0.80845,0.8038,0.80565,-0.001,-0.12%,61810,143724
D6H18,2018-01-09,0.8059,0.80715,0.802,0.8032,-0.00245,-0.30%,62738,147839
D6H18,2018-01-10,0.8031,0.80525,0.79525,0.79575,-0.00745,-0.93%,114505,150225
D6H18,2018-01-11,0.79755,0.7996,0.79485,0.79905,0.0033,+0.41%,92214,152493
D6H18,2018-01-12,0.7993,0.8033,0.79635,0.80145,0.0024,+0.30%,90336,153725
D6H18,2018-01-16,0.8039,0.80715,0.80235,0.8052,0.00375,+0.47%,101038,159675
D6H18,2018-01-17,0.8047,0.80955,0.79785,0.8066,0.0014,+0.17%,139445,163751
D6H18,2018-01-18,0.8037,0.80605,0.8012,0.80505,-0.00155,-0.19%,74321,164809
D6H18,2018-01-19,0.8061,0.807,0.79995,0.80175,-0.0033,-0.41%,55942,166537
D6H18,2018-01-22,0.80165,0.8047,0.80065,0.8035,0.00175,+0.22%,36660,166591
D6H18,2018-01-23,0.80395,0.8057,0.80105,0.8047,0.0012,+0.15%,64906,168849
D6H18,2018-01-24,0.8054,0.81235,0.80505,0.81195,0.00725,+0.90%,106064,175906
D6H18,2018-01-25,0.8106,0.8146,0.80745,0.8092,-0.00275,-0.34%,116251,176603
D6H18,2018-01-26,0.80785,0.8139,0.8074,0.81215,0.00295,+0.36%,82956,175387
D6H18,2018-01-29,0.81165,0.81265,0.8094,0.81195,-0.0002,-0.02%,66015,177355
D6H18,2018-01-30,0.8109,0.8128,0.8082,0.8119,-0.00005,-0.01%,62544,176871
D6H18,2018-01-31,0.811,0.8168,0.81025,0.81325,0.00135,+0.17%,104092,178506
D6H18,2018-02-01,0.81275,0.81625,0.81135,0.8153,0.00205,+0.25%,70607,181718
D6H18,2018-02-02,0.8155,0.8163,0.80435,0.80765,-0.00765,-0.94%,123407,181796
D6H18,2018-02-05,0.8038,0.807,0.7975,0.79985,-0.0078,-0.97%,101026,175469
D6H18,2018-02-06,0.79815,0.80075,0.79595,0.799,-0.00085,-0.11%,126992,167890
D6H18,2018-02-07,0.8005,0.8006,0.7953,0.79575,-0.00325,-0.41%,78065,166326
D6H18,2018-02-08,0.7956,0.79735,0.793,0.79465,-0.0011,-0.14%,107704,164036
D6H18,2018-02-09,0.7942,0.79645,0.78805,0.7931,-0.00155,-0.20%,131852,160143
D6H18,2018-02-12,0.79475,0.79675,0.79245,0.79305,-0.00005,-0.01%,59287,159655
D6H18,2018-02-13,0.7951,0.796,0.7923,0.79445,0.0014,+0.18%,63527,155262
D6H18,2018-02-14,0.7945,0.8009,0.7908,0.79895,0.0045,+0.57%,88368,151898
D6H18,2018-02-15,0.80065,0.8025,0.79795,0.8009,0.00195,+0.24%,66105,149020
D6H18,2018-02-16,0.8014,0.80345,0.79595,0.797,-0.0039,-0.49%,67439,147996
D6H18,2018-02-20,0.7967,0.79845,0.79085,0.7913,-0.0057,-0.72%,80835,144322
D6H18,2018-02-21,0.791,0.79235,0.7875,0.78865,-0.00265,-0.33%,78745,147092
D6H18,2018-02-22,0.7879,0.78945,0.7839,0.78665,-0.002,-0.25%,91747,144585
D6H18,2018-02-23,0.7872,0.79285,0.786,0.78995,0.0033,+0.42%,74481,144295
D6H18,2018-02-26,0.79105,0.7929,0.7868,0.78885,-0.0011,-0.14%,59061,144111
D6H18,2018-02-27,0.7888,0.78955,0.7828,0.78425,-0.0046,-0.58%,74695,145351
D6H18,2018-02-28,0.7829,0.7837,0.77885,0.7796,-0.00465,-0.59%,78338,144401
D6H18,2018-03-01,0.7792,0.78085,0.7756,0.7797,0.0001,+0.01%,125868,142326
D6H18,2018-03-02,0.7793,0.78015,0.77435,0.7755,-0.0042,-0.54%,93138,139705
D6H18,2018-03-05,0.7765,0.77675,0.76925,0.76955,-0.00595,-0.77%,84409,142562
D6H18,2018-03-06,0.7706,0.7776,0.76955,0.77525,0.0057,+0.74%,93838,139318
D6H18,2018-03-07,0.7743,0.7759,0.7693,0.77375,-0.0015,-0.19%,111074,140051
D6H18,2018-03-08,0.7745,0.7772,0.77165,0.77455,0.0008,+0.10%,97528,145640
D6H18,2018-03-09,0.77585,0.78075,0.7747,0.7793,0.00475,+0.61%,103039,148481
D6H18,2018-03-12,0.7805,0.7811,0.77855,0.7794,0.0001,+0.01%,87792,151816
D6H18,2018-03-13,0.7788,0.77945,0.77015,0.7728,-0.0066,-0.85%,133656,154478
D6H18,2018-03-14,0.7718,0.774,0.77065,0.77265,-0.00015,-0.02%,127623,157826
D6H18,2018-03-15,0.77175,0.77245,0.76525,0.76585,-0.0068,-0.88%,162680,162506
D6M18,2018-03-16,0.76775,0.768,0.7645,0.765,-0.00085,-0.11%,128831,169311
D6M18,2018-03-19,0.76495,0.76785,0.7633,0.7673,0.0023,+0.30%,89516,176290
D6M18,2018-03-20,0.76585,0.7674,0.7645,0.7658,-0.0015,-0.20%,56426,120658
D6M18,2018-03-21,0.7661,0.7771,0.766,0.7752,0.0094,+1.23%,124325,124735
D6M18,2018-03-22,0.77625,0.78065,0.77355,0.7754,0.0002,+0.03%,107412,129963
D6M18,2018-03-23,0.7744,0.781,0.77415,0.77865,0.00325,+0.42%,89541,128772
D6M18,2018-03-26,0.77665,0.78005,0.77505,0.77835,-0.0003,-0.04%,68034,128751
D6M18,2018-03-27,0.7795,0.7815,0.7761,0.77775,-0.0006,-0.08%,76213,127568
D6M18,2018-03-28,0.7774,0.77855,0.7743,0.77555,-0.0022,-0.28%,81560,126074
D6M18,2018-03-29,0.77505,0.7786,0.7738,0.77625,0.0007,+0.09%,67339,125247
D6M18,2018-04-02,0.7769,0.7785,0.7735,0.77405,-0.0022,-0.28%,44559,124822
D6M18,2018-04-03,0.7752,0.78355,0.7748,0.7818,0.00775,+1.00%,91521,127509
D6M18,2018-04-04,0.7819,0.78495,0.77945,0.7829,0.0011,+0.14%,81771,125046
D6M18,2018-04-05,0.7842,0.7857,0.78195,0.785,0.0021,+0.27%,70866,126911
D6M18,2018-04-06,0.7853,0.7867,0.78255,0.78355,-0.00145,-0.18%,73257,123870
D6M18,2018-04-09,0.7836,0.78925,0.78105,0.78835,0.0048,+0.61%,69171,123502
D6M18,2018-04-10,0.7884,0.7954,0.7879,0.7951,0.00675,+0.86%,88074,124621
D6M18,2018-04-11,0.7947,0.7983,0.79325,0.79595,0.00085,+0.11%,82003,126671
D6M18,2018-04-12,0.79625,0.79715,0.7933,0.79575,-0.0002,-0.03%,85573,130555
D6M18,2018-04-13,0.79555,0.79765,0.7936,0.7939,-0.00185,-0.23%,61552,131129
D6M18,2018-04-16,0.7952,0.79695,0.79315,0.79675,0.00285,+0.36%,50293,132080
D6M18,2018-04-17,0.79665,0.7992,0.79585,0.7974,0.00065,+0.08%,65470,128020
D6M18,2018-04-18,0.7978,0.7978,0.7908,0.79245,-0.00495,-0.62%,118795,130443
D6M18,2018-04-19,0.79295,0.79545,0.7897,0.7901,-0.00235,-0.30%,77717,128676
D6M18,2018-04-20,0.7903,0.7924,0.78385,0.78515,-0.00495,-0.63%,79019,125358
D6M18,2018-04-23,0.78475,0.7851,0.77845,0.77905,-0.0061,-0.78%,73566,122010
D6M18,2018-04-24,0.77915,0.7813,0.7783,0.78005,0.001,+0.13%,64343,120406
D6M18,2018-04-25,0.78035,0.78075,0.77615,0.7792,-0.00085,-0.11%,64467,121191
D6M18,2018-04-26,0.77955,0.78075,0.7769,0.7777,-0.0015,-0.19%,66737,121219
D6M18,2018-04-27,0.7777,0.7805,0.77595,0.78,0.0023,+0.30%,57778,122267
D6M18,2018-04-30,0.7799,0.78165,0.7775,0.7794,-0.0006,-0.08%,64144,121980
D6M18,2018-05-01,0.7797,0.7807,0.77505,0.779,-0.0004,-0.05%,86811,121676
D6M18,2018-05-02,0.7792,0.7818,0.7766,0.7787,-0.0003,-0.04%,91796,122338
D6M18,2018-05-03,0.77725,0.78085,0.7752,0.77885,0.00015,+0.02%,72100,122723
D6M18,2018-05-04,0.7789,0.77965,0.77475,0.77845,-0.0004,-0.05%,73391,123139
D6M18,2018-05-07,0.77895,0.7795,0.7758,0.7774,-0.00105,-0.13%,49036,122054
D6M18,2018-05-08,0.77685,0.7772,0.7699,0.7724,-0.005,-0.64%,104139,128877
D6M18,2018-05-09,0.77245,0.78025,0.7712,0.77925,0.00685,+0.89%,95318,128558
D6M18,2018-05-10,0.7783,0.78535,0.7782,0.78435,0.0051,+0.65%,102054,128680
D6M18,2018-05-11,0.78365,0.78615,0.7817,0.78245,-0.0019,-0.24%,74519,127887
D6M18,2018-05-14,0.7825,0.7848,0.7808,0.78175,-0.0007,-0.09%,46547,126792
D6M18,2018-05-15,0.78175,0.78215,0.7741,0.77765,-0.0041,-0.52%,92486,128621
D6M18,2018-05-16,0.7771,0.78315,0.777,0.7825,0.00485,+0.62%,80568,126181
D6M18,2018-05-17,0.78235,0.7849,0.78035,0.7817,-0.0008,-0.10%,71925,124486
D6M18,2018-05-18,0.7815,0.7822,0.7749,0.7769,-0.0048,-0.61%,82123,124126
D6M18,2018-05-21,0.7772,0.78275,0.77615,0.7812,0.0043,+0.55%,55010,123434
D6M18,2018-05-22,0.7826,0.78525,0.7803,0.78095,-0.00025,-0.03%,87401,136118
D6M18,2018-05-23,0.7806,0.7809,0.77465,0.77915,-0.0018,-0.23%,129318,147035
D6M18,2018-05-24,0.77915,0.77985,0.77435,0.77635,-0.0028,-0.36%,80207,148260
D6M18,2018-05-25,0.77675,0.77695,0.77025,0.7709,-0.00545,-0.70%,86566,147617
D6M18,2018-05-29,0.7712,0.77145,0.76675,0.7682,-0.0027,-0.35%,121700,147495
D6M18,2018-05-30,0.7684,0.77935,0.76715,0.77675,0.00855,+1.11%,142211,152264
D6M18,2018-05-31,0.77685,0.78035,0.7701,0.77215,-0.0046,-0.59%,139083,155469
D6M18,2018-06-01,0.7721,0.77355,0.76895,0.7712,-0.00095,-0.12%,73045,157370
D6M18,2018-06-04,0.7721,0.7754,0.77155,0.77365,0.00245,+0.32%,55854,158487
D6M18,2018-06-05,0.7735,0.7745,0.76545,0.77105,-0.0026,-0.34%,104438,158317
D6M18,2018-06-06,0.771,0.77795,0.771,0.77255,0.0015,+0.19%,112089,159932
D6M18,2018-06-07,0.77265,0.7732,0.7693,0.77065,-0.0019,-0.25%,79801,158658
D6M18,2018-06-08,0.7708,0.77395,0.76685,0.7732,0.00255,+0.33%,96353,156167
D6M18,2018-06-11,0.7705,0.77195,0.7677,0.7701,-0.0031,-0.40%,91293,151760
D6M18,2018-06-12,0.77015,0.77055,0.7675,0.76825,-0.00185,-0.24%,128091,156985
D6M18,2018-06-13,0.76845,0.772,0.76625,0.7693,0.00105,+0.14%,146230,154971
D6M18,2018-06-14,0.77045,0.7723,0.76275,0.76335,-0.00595,-0.77%,215025,177740
D6U18,2018-06-15,0.7643,0.7646,0.7583,0.75995,-0.0034,-0.45%,151735,178945
D6U18,2018-06-18,0.7589,0.7611,0.7567,0.75785,-0.0021,-0.28%,83986,187633
D6U18,2018-06-19,0.7587,0.7589,0.7536,0.75415,-0.0037,-0.49%,75894,143098
D6U18,2018-06-20,0.7541,0.75475,0.75165,0.75225,-0.0019,-0.25%,76432,148394
D6U18,2018-06-21,0.7522,0.75385,0.75085,0.75285,0.0006,+0.08%,80596,152345
D6U18,2018-06-22,0.75195,0.75525,0.74825,0.75415,0.0013,+0.17%,110051,158828
D6U18,2018-06-25,0.7549,0.7549,0.75165,0.75255,-0.0016,-0.21%,68056,160788
D6U18,2018-06-26,0.75345,0.75405,0.75135,0.75315,0.0006,+0.08%,72653,159233
D6U18,2018-06-27,0.7529,0.75425,0.74805,0.7523,-0.00085,-0.11%,104762,162605
D6U18,2018-06-28,0.75115,0.75625,0.75005,0.75455,0.00225,+0.30%,92003,162866
D6U18,2018-06-29,0.7551,0.76255,0.7546,0.7616,0.00705,+0.93%,114574,160429
D6U18,2018-07-02,0.76125,0.76205,0.757,0.75835,-0.00325,-0.43%,55690,159638
D6U18,2018-07-03,0.759,0.7624,0.75805,0.7605,0.00215,+0.28%,56418,158341
D6U18,2018-07-05,0.76175,0.7636,0.76075,0.76165,0.00115,+0.15%,74684,161897
D6U18,2018-07-06,0.7621,0.7656,0.76135,0.7641,0.00245,+0.32%,61334,160556
D6U18,2018-07-09,0.7643,0.76625,0.76295,0.7637,-0.0004,-0.05%,44927,161888
D6U18,2018-07-10,0.7634,0.76425,0.7616,0.7631,-0.0006,-0.08%,46114,159504
D6U18,2018-07-11,0.7627,0.7669,0.7575,0.75855,-0.00455,-0.60%,108722,162369
D6U18,2018-07-12,0.7576,0.76125,0.7574,0.76005,0.0015,+0.20%,56096,159490
D6U18,2018-07-13,0.76065,0.76115,0.75785,0.7606,0.00055,+0.07%,51260,157569
D6U18,2018-07-16,0.7606,0.7635,0.7605,0.76155,0.00095,+0.12%,51149,156329
D6U18,2018-07-17,0.76165,0.76345,0.75725,0.75885,-0.0027,-0.35%,55282,157883
D6U18,2018-07-18,0.75865,0.7605,0.75495,0.7597,0.00085,+0.11%,65259,157151
D6U18,2018-07-19,0.76,0.7606,0.75315,0.7553,-0.0044,-0.58%,85930,157554
D6U18,2018-07-20,0.7543,0.7632,0.7531,0.7622,0.0069,+0.91%,94405,153767
D6U18,2018-07-23,0.7619,0.76325,0.7594,0.7597,-0.0025,-0.33%,52570,151305
D6U18,2018-07-24,0.75995,0.76195,0.7587,0.76065,0.00095,+0.13%,53241,151441
D6U18,2018-07-25,0.7605,0.76845,0.76015,0.76665,0.006,+0.79%,101352,151369
D6U18,2018-07-26,0.76735,0.76845,0.7644,0.7658,-0.00085,-0.11%,79120,146358
D6U18,2018-07-27,0.7652,0.76745,0.7652,0.7659,0.0001,+0.01%,52675,145412
D6U18,2018-07-30,0.76635,0.7702,0.7652,0.76855,0.00265,+0.35%,58645,144781
D6U18,2018-07-31,0.76805,0.771,0.76415,0.76995,0.0014,+0.18%,105423,140253
D6U18,2018-08-01,0.76915,0.7713,0.7679,0.77025,0.0003,+0.04%,71148,140553
D6U18,2018-08-02,0.76955,0.77015,0.7675,0.7684,-0.00185,-0.24%,55366,141465
D6U18,2018-08-03,0.76815,0.7719,0.7674,0.771,0.0026,+0.34%,79924,144598
D6U18,2018-08-06,0.77035,0.7705,0.7673,0.7695,-0.0015,-0.19%,41664,144215
D6U18,2018-08-07,0.76945,0.77195,0.7653,0.76585,-0.00365,-0.47%,69865,144934
D6U18,2018-08-08,0.7662,0.76935,0.76265,0.76895,0.0031,+0.40%,92258,141570
D6U18,2018-08-09,0.76865,0.7697,0.76585,0.76745,-0.0015,-0.20%,49471,142192
D6U18,2018-08-10,0.767,0.7676,0.76065,0.7616,-0.00585,-0.76%,90764,147111
D6U18,2018-08-13,0.7609,0.76355,0.75965,0.7612,-0.0004,-0.05%,61936,144647
D6U18,2018-08-14,0.7619,0.7663,0.76165,0.7647,0.0035,+0.46%,61828,144433
D6U18,2018-08-15,0.7661,0.76665,0.75935,0.7615,-0.0032,-0.42%,62118,146128
D6U18,2018-08-16,0.7612,0.76295,0.75945,0.76035,-0.00115,-0.15%,66798,146462
D6U18,2018-08-17,0.7603,0.76655,0.7597,0.76645,0.0061,+0.80%,71974,149023
D6U18,2018-08-20,0.76645,0.7674,0.76415,0.7665,0.00005,+0.01%,51583,147559
D6U18,2018-08-21,0.76735,0.7688,0.7662,0.76685,0.00035,+0.05%,71890,145677
D6U18,2018-08-22,0.7673,0.7703,0.767,0.76915,0.0023,+0.30%,75545,146109
D6U18,2018-08-23,0.76975,0.76995,0.76365,0.76415,-0.005,-0.65%,61549,144771
D6U18,2018-08-24,0.76485,0.7689,0.7634,0.76785,0.0037,+0.48%,68005,149256
D6U18,2018-08-27,0.7684,0.77235,0.76555,0.7716,0.00375,+0.49%,80477,149099
D6U18,2018-08-28,0.7719,0.7763,0.7706,0.7736,0.002,+0.26%,74190,147679
D6U18,2018-08-29,0.77345,0.7753,0.7716,0.7745,0.0009,+0.12%,78415,147370
D6U18,2018-08-30,0.7748,0.77525,0.76945,0.7701,-0.0044,-0.57%,82006,145905
D6U18,2018-08-31,0.7709,0.7709,0.76415,0.76645,-0.00365,-0.47%,120533,144538
D6U18,2018-09-04,0.7655,0.76675,0.7572,0.759,-0.00745,-0.97%,109859,151238
D6U18,2018-09-05,0.7588,0.76015,0.75735,0.75835,-0.00065,-0.09%,81261,152830
D6U18,2018-09-06,0.75925,0.7619,0.7562,0.7615,0.00315,+0.42%,84041,153028
D6U18,2018-09-07,0.7609,0.7629,0.75825,0.75935,-0.00215,-0.28%,105750,159643
D6U18,2018-09-10,0.75905,0.7605,0.7578,0.7601,0.00075,+0.10%,61649,158666
D6U18,2018-09-11,0.75975,0.7668,0.75905,0.76165,0.00155,+0.20%,118099,158974
D6U18,2018-09-12,0.7654,0.77045,0.7647,0.7701,0.00845,+1.11%,194276,161204
D6U18,2018-09-13,0.7696,0.7707,0.7678,0.7699,-0.0002,-0.03%,152524,151684
D6Z18,2018-09-14,0.7706,0.77155,0.76735,0.7687,-0.0012,-0.16%,121645,151395
D6Z18,2018-09-17,0.76815,0.7704,0.7677,0.76895,0.00025,+0.03%,47474,149212
D6Z18,2018-09-18,0.76835,0.77225,0.7667,0.7716,0.00265,+0.34%,52339,114342
D6Z18,2018-09-19,0.7717,0.7766,0.76955,0.7755,0.0039,+0.51%,71803,115750
D6Z18,2018-09-20,0.77505,0.7775,0.77485,0.77585,0.00035,+0.05%,73072,118627
D6Z18,2018-09-21,0.7763,0.77735,0.77385,0.7751,-0.00075,-0.10%,73771,118707
D6Z18,2018-09-24,0.7752,0.77585,0.77305,0.774,-0.0011,-0.14%,49916,115684
D6Z18,2018-09-25,0.7735,0.7743,0.772,0.77335,-0.00065,-0.08%,53078,115727
D6Z18,2018-09-26,0.77335,0.7737,0.76895,0.7703,-0.00305,-0.39%,72040,113987
D6Z18,2018-09-27,0.76835,0.76945,0.7656,0.76805,-0.00225,-0.29%,80882,111544
D6Z18,2018-09-28,0.76825,0.7762,0.76805,0.77505,0.007,+0.91%,84692,113538
D6Z18,2018-10-01,0.7794,0.78355,0.7768,0.78325,0.0082,+1.06%,109437,125521
D6Z18,2018-10-02,0.78155,0.78245,0.7799,0.78145,-0.0018,-0.23%,70146,127333
D6Z18,2018-10-03,0.78085,0.782,0.7773,0.77985,-0.0016,-0.20%,63502,128395
D6Z18,2018-10-04,0.77825,0.7789,0.774,0.77475,-0.0051,-0.65%,63495,123915
D6Z18,2018-10-05,0.77485,0.77695,0.77285,0.77385,-0.0009,-0.12%,62674,122176
D6Z18,2018-10-08,0.7737,0.7737,0.7696,0.77255,-0.0013,-0.17%,43652,122525
D6Z18,2018-10-09,0.773,0.77405,0.76995,0.77355,0.001,+0.13%,57018,121489
D6Z18,2018-10-10,0.77355,0.77455,0.7661,0.76825,-0.0053,-0.69%,71055,117469
D6Z18,2018-10-11,0.767,0.76935,0.76595,0.7674,-0.00085,-0.11%,94905,115222
D6Z18,2018-10-12,0.76835,0.77,0.76705,0.7673,-0.0001,-0.01%,54671,114408
D6Z18,2018-10-15,0.76885,0.77275,0.7671,0.77095,0.00365,+0.48%,72283,114104
D6Z18,2018-10-16,0.77105,0.77505,0.77015,0.7737,0.00275,+0.36%,55674,115204
D6Z18,2018-10-17,0.774,0.7741,0.76855,0.76935,-0.00435,-0.56%,64146,115695
D6Z18,2018-10-18,0.7688,0.76895,0.7648,0.76545,-0.0039,-0.51%,68215,117264
D6Z18,2018-10-19,0.76525,0.76835,0.76225,0.76315,-0.0023,-0.30%,89186,117268
D6Z18,2018-10-22,0.7636,0.7653,0.7626,0.76395,0.0008,+0.10%,55363,117655
D6Z18,2018-10-23,0.76405,0.7655,0.76275,0.7649,0.00095,+0.12%,64848,118053
D6Z18,2018-10-24,0.765,0.7718,0.76395,0.769,0.0041,+0.54%,132884,116582
D6Z18,2018-10-25,0.76725,0.769,0.7641,0.7654,-0.0036,-0.47%,84796,117571
D6Z18,2018-10-26,0.7655,0.76585,0.7604,0.76455,-0.00085,-0.11%,95481,117833
D6Z18,2018-10-29,0.76415,0.765,0.7611,0.76245,-0.0021,-0.27%,53549,117325
D6Z18,2018-10-30,0.7621,0.7639,0.7612,0.76215,-0.0003,-0.04%,57095,118508
D6Z18,2018-10-31,0.76325,0.76355,0.75985,0.75995,-0.0022,-0.29%,83400,119905
D6Z18,2018-11-01,0.7605,0.7658,0.75995,0.7647,0.00475,+0.63%,82664,118068
D6Z18,2018-11-02,0.76485,0.7669,0.76275,0.7631,-0.0016,-0.21%,83898,117399
D6Z18,2018-11-05,0.76385,0.7656,0.763,0.76345,0.00035,+0.05%,46944,116731
D6Z18,2018-11-06,0.7634,0.7635,0.7613,0.76155,-0.0019,-0.25%,44669,116284
D6Z18,2018-11-07,0.7623,0.76645,0.76045,0.7639,0.00235,+0.31%,70483,116794
D6Z18,2018-11-08,0.76295,0.76455,0.75895,0.75915,-0.00475,-0.62%,68206,120819
D6Z18,2018-11-09,0.76055,0.7614,0.7561,0.75745,-0.0017,-0.22%,74806,121813
D6Z18,2018-11-12,0.7576,0.759,0.7552,0.75635,-0.0011,-0.15%,49518,122039
D6Z18,2018-11-13,0.75545,0.75715,0.75435,0.75495,-0.0014,-0.19%,70965,121999
D6Z18,2018-11-14,0.75595,0.75755,0.7543,0.7565,0.00155,+0.21%,85154,124968
D6Z18,2018-11-15,0.75525,0.7605,0.75515,0.7598,0.0033,+0.44%,74753,126211
D6Z18,2018-11-16,0.7593,0.7622,0.7587,0.76,0.0002,+0.03%,89219,132197
D6Z18,2018-11-19,0.7607,0.7613,0.75775,0.7591,-0.0009,-0.12%,54480,134432
D6Z18,2018-11-20,0.7595,0.7605,0.75115,0.75135,-0.00775,-1.02%,91278,140473
D6Z18,2018-11-21,0.7518,0.75625,0.75115,0.7549,0.00355,+0.47%,73827,140448
D6Z18,2018-11-23,0.75595,0.7589,0.7545,0.75775,0.00285,+0.38%,83867,141460
D6Z18,2018-11-26,0.75655,0.7586,0.75435,0.75555,-0.0022,-0.29%,50001,140292
D6Z18,2018-11-27,0.7548,0.7558,0.7505,0.7522,-0.00335,-0.44%,65274,145122
D6Z18,2018-11-28,0.75225,0.75545,0.74875,0.7537,0.0015,+0.20%,104051,142122
D6Z18,2018-11-29,0.7535,0.75475,0.7514,0.75355,-0.00015,-0.02%,90234,142639
D6Z18,2018-11-30,0.7531,0.7536,0.7496,0.75265,-0.0009,-0.12%,90447,150617
D6Z18,2018-12-03,0.7544,0.7601,0.7539,0.7571,0.00445,+0.59%,110194,151687
D6Z18,2018-12-04,0.75795,0.75985,0.75395,0.75505,-0.00205,-0.27%,95724,156750
D6Z18,2018-12-05,0.75425,0.7547,0.74645,0.74725,-0.0078,-1.03%,110459,163036
D6Z18,2018-12-06,0.74895,0.74895,0.7439,0.74675,-0.0005,-0.07%,122827,161953
D6Z18,2018-12-07,0.747,0.75465,0.74635,0.75295,0.0062,+0.83%,122121,154455
D6Z18,2018-12-10,0.7505,0.7524,0.7454,0.7457,-0.00725,-0.96%,156808,163651
D6Z18,2018-12-11,0.74665,0.74755,0.745,0.74665,0.00095,+0.13%,98373,161530
D6Z18,2018-12-12,0.74685,0.7507,0.74675,0.7491,0.00245,+0.33%,182955,165376
D6H19,2018-12-13,0.7503,0.7513,0.7487,0.7503,0.0012,+0.16%,179083,176813
D6H19,2018-12-14,0.75065,0.75075,0.7477,0.7493,-0.001,-0.13%,112902,188344
D6H19,2018-12-17,0.7489,0.74935,0.74665,0.7474,-0.0019,-0.25%,70168,187543
D6H19,2018-12-18,0.74725,0.74835,0.7425,0.7427,-0.0047,-0.63%,87125,149102
D6H19,2018-12-19,0.7442,0.74715,0.74205,0.7428,0.0001,+0.01%,85002,151494
D6H19,2018-12-20,0.7433,0.74545,0.74075,0.7427,-0.0001,-0.01%,96482,152450
D6H19,2018-12-21,0.74225,0.7427,0.7365,0.73735,-0.00535,-0.72%,99500,157145
D6H19,2018-12-24,0.73695,0.7386,0.736,0.73665,-0.0007,-0.09%,44260,159195
D6H19,2018-12-26,0.7365,0.7385,0.7357,0.73775,0.0011,+0.15%,30383,160254
D6H19,2018-12-27,0.7383,0.73855,0.7335,0.7345,-0.00325,-0.44%,74329,160313
D6H19,2018-12-28,0.73545,0.7369,0.7333,0.7344,-0.0001,-0.01%,68854,169573
D6H19,2018-12-31,0.73455,0.736,0.733,0.7351,0.0007,+0.10%,38462,170168
D6H19,2019-01-02,0.7346,0.7382,0.7332,0.73725,0.00215,+0.29%,88989,175768
D6H19,2019-01-03,0.7348,0.74375,0.73355,0.7432,0.00595,+0.81%,114497,178206
D6H19,2019-01-04,0.74315,0.749,0.74245,0.74785,0.00465,+0.63%,96052,171324
D6H19,2019-01-07,0.7484,0.75435,0.74835,0.7533,0.00545,+0.73%,71739,169880
D6H19,2019-01-08,0.7535,0.75495,0.75175,0.75405,0.00075,+0.10%,70361,167005
D6H19,2019-01-09,0.7546,0.75995,0.75455,0.7576,0.00355,+0.47%,101474,162884
D6H19,2019-01-10,0.7585,0.7585,0.75535,0.75715,-0.00045,-0.06%,69302,159729
D6H19,2019-01-11,0.7565,0.75965,0.7542,0.7547,-0.00245,-0.32%,64681,158479
D6H19,2019-01-14,0.7551,0.75565,0.75315,0.75485,0.00015,+0.02%,50055,157183
D6H19,2019-01-15,0.75405,0.7572,0.75335,0.75405,-0.0008,-0.11%,57285,155159
D6H19,2019-01-16,0.7547,0.75665,0.75385,0.75585,0.0018,+0.24%,49042,154332
D6H19,2019-01-17,0.7556,0.7559,0.75185,0.7547,-0.00115,-0.15%,74378,152785
D6H19,2019-01-18,0.7542,0.757,0.7531,0.75455,-0.00015,-0.02%,60512,151500
D6H19,2019-01-22,0.75505,0.7556,0.74955,0.75005,-0.0045,-0.60%,78921,151010
D6H19,2019-01-23,0.7499,0.7526,0.74875,0.7501,0.00005,+0.01%,58591,151653
D6H19,2019-01-24,0.7503,0.75115,0.74855,0.74985,-0.00025,-0.03%,54947,152898
D6H19,2019-01-25,0.7496,0.75765,0.74945,0.75685,0.007,+0.93%,71450,152028
D6H19,2019-01-28,0.75745,0.7583,0.75355,0.75525,-0.0016,-0.21%,54674,151634
D6H19,2019-01-29,0.75495,0.7561,0.7536,0.75365,-0.0016,-0.21%,49566,151146
D6H19,2019-01-30,0.7544,0.7632,0.7538,0.76255,0.0089,+1.18%,90267,152250
D6H19,2019-01-31,0.7613,0.763,0.7604,0.76245,-0.0001,-0.01%,99585,148474
D6H19,2019-02-01,0.7626,0.76595,0.76085,0.7648,0.00235,+0.31%,92923,148733
D6H19,2019-02-04,0.76495,0.76495,0.7614,0.7628,-0.002,-0.26%,61479,143510
D6H19,2019-02-05,0.76305,0.764,0.761,0.76155,-0.00125,-0.16%,50775,141538
D6H19,2019-02-06,0.76255,0.7626,0.75735,0.7581,-0.00345,-0.45%,66671,141973
D6H19,2019-02-07,0.7577,0.7577,0.75155,0.75245,-0.00565,-0.75%,74838,140680
D6H19,2019-02-08,0.7519,0.75635,0.7508,0.75425,0.0018,+0.24%,82510,140664
D6H19,2019-02-11,0.7541,0.75465,0.7514,0.7526,-0.00165,-0.22%,49339,141586
D6H19,2019-02-12,0.75215,0.7563,0.7517,0.7558,0.0032,+0.43%,49530,141172
D6H19,2019-02-13,0.7562,0.7584,0.75475,0.75535,-0.00045,-0.06%,63239,140569
D6H19,2019-02-14,0.7547,0.7565,0.7501,0.7534,-0.00195,-0.26%,72059,141465
D6H19,2019-02-15,0.75265,0.75565,0.75165,0.75515,0.00175,+0.23%,46774,142160
D6H19,2019-02-19,0.75515,0.75775,0.7534,0.75735,0.0022,+0.29%,68838,142210
D6H19,2019-02-20,0.75725,0.761,0.75715,0.7607,0.00335,+0.44%,84210,152631
D6H19,2019-02-21,0.75945,0.7602,0.75605,0.75665,-0.00405,-0.53%,73234,153018
D6H19,2019-02-22,0.75615,0.76185,0.75555,0.76155,0.0049,+0.65%,65366,151004
D6H19,2019-02-25,0.76175,0.763,0.75815,0.7583,-0.00325,-0.43%,68467,149014
D6H19,2019-02-26,0.7586,0.7605,0.75585,0.7598,0.0015,+0.20%,52831,147621
D6H19,2019-02-27,0.75955,0.7627,0.7593,0.7608,0.001,+0.13%,59938,150967
D6H19,2019-02-28,0.7607,0.7614,0.75745,0.7613,0.0005,+0.07%,72494,149961
D6H19,2019-03-01,0.75945,0.76195,0.7517,0.75215,-0.00915,-1.20%,120035,149333
D6H19,2019-03-04,0.7531,0.7535,0.74995,0.7513,-0.00085,-0.11%,67661,146512
D6H19,2019-03-05,0.7515,0.7515,0.7487,0.74955,-0.00175,-0.23%,59963,146552
D6H19,2019-03-06,0.74885,0.74905,0.7433,0.7453,-0.00425,-0.57%,102282,148488
D6H19,2019-03-07,0.74415,0.7457,0.7427,0.74325,-0.00205,-0.28%,93339,153666
D6H19,2019-03-08,0.7435,0.7469,0.74275,0.7457,0.00245,+0.33%,96906,153177
D6H19,2019-03-11,0.7453,0.7468,0.74405,0.74585,0.00015,+0.02%,69775,153306
D6H19,2019-03-12,0.74665,0.74905,0.74545,0.74835,0.0025,+0.34%,114242,159939
D6H19,2019-03-13,0.74895,0.7525,0.748,0.75175,0.0034,+0.45%,175119,154018
D6M19,2019-03-14,0.75345,0.7543,0.75085,0.75225,0.0005,+0.07%,130844,169209
D6M19,2019-03-15,0.7518,0.7541,0.74945,0.7509,-0.00135,-0.18%,115785,169265
D6M19,2019-03-18,0.75135,0.7534,0.7498,0.7507,-0.0002,-0.03%,55884,170021
D6M19,2019-03-19,0.7513,0.7564,0.751,0.7531,0.0024,+0.32%,73619,136674
D6M19,2019-03-20,0.75215,0.756,0.7509,0.75515,0.00205,+0.27%,70502,137857
D6M19,2019-03-21,0.7534,0.7549,0.7479,0.74915,-0.006,-0.79%,78581,138902
D6M19,2019-03-22,0.7499,0.7506,0.746,0.74705,-0.0021,-0.28%,75277,141569
D6M19,2019-03-25,0.74645,0.74795,0.74535,0.7472,0.00015,+0.02%,60991,145537
D6M19,2019-03-26,0.74745,0.74945,0.7472,0.7489,0.0017,+0.23%,58931,144311
D6M19,2019-03-27,0.7487,0.7491,0.7456,0.74765,-0.00125,-0.17%,77188,147893
D6M19,2019-03-28,0.747,0.748,0.74495,0.74555,-0.0021,-0.28%,78257,152287
D6M19,2019-03-29,0.746,0.751,0.7453,0.7503,0.00475,+0.64%,91212,150620
D6M19,2019-04-01,0.75045,0.75345,0.7492,0.75285,0.00255,+0.34%,82548,149439
D6M19,2019-04-02,0.75285,0.7529,0.7491,0.75065,-0.0022,-0.29%,58784,151140
D6M19,2019-04-03,0.75125,0.7535,0.7503,0.7511,0.00045,+0.06%,66802,149580
D6M19,2019-04-04,0.7509,0.75105,0.7491,0.75005,-0.00105,-0.14%,53893,149145
D6M19,2019-04-05,0.7499,0.7504,0.74715,0.7481,-0.00195,-0.26%,64030,151436
D6M19,2019-04-08,0.74825,0.75285,0.7482,0.7525,0.0044,+0.59%,62853,147080
D6M19,2019-04-09,0.7525,0.754,0.7513,0.75185,-0.00065,-0.09%,55149,149544
D6M19,2019-04-10,0.75135,0.75275,0.7497,0.75175,-0.0001,-0.01%,61729,146034
D6M19,2019-04-11,0.7521,0.75215,0.7476,0.74855,-0.0032,-0.43%,71196,154052
D6M19,2019-04-12,0.74865,0.75235,0.7482,0.7511,0.00255,+0.34%,70428,146727
D6M19,2019-04-15,0.75135,0.75315,0.74785,0.7486,-0.0025,-0.33%,84391,147162
D6M19,2019-04-16,0.7488,0.75035,0.74715,0.74995,0.00135,+0.18%,77845,144416
D6M19,2019-04-17,0.74995,0.75445,0.7489,0.75055,0.0006,+0.08%,104896,144577
D6M19,2019-04-18,0.75015,0.75055,0.74725,0.748,-0.00255,-0.34%,75305,144535
D6M19,2019-04-22,0.74805,0.7509,0.748,0.75045,0.00245,+0.33%,40193,143183
D6M19,2019-04-23,0.75015,0.75045,0.74485,0.745,-0.00545,-0.73%,82986,152998
D6M19,2019-04-24,0.74545,0.7458,0.7404,0.7421,-0.0029,-0.39%,126894,159085
D6M19,2019-04-25,0.74185,0.74265,0.74075,0.7424,0.0003,+0.04%,64969,157952
D6M19,2019-04-26,0.7425,0.7443,0.7417,0.74375,0.00135,+0.18%,85476,157399
D6M19,2019-04-29,0.74365,0.74495,0.74275,0.7445,0.00075,+0.10%,48011,157475
D6M19,2019-04-30,0.7439,0.74825,0.7427,0.74755,0.00305,+0.41%,99944,154565
D6M19,2019-05-01,0.7474,0.7484,0.7437,0.7443,-0.00325,-0.43%,74409,153446
D6M19,2019-05-02,0.7449,0.74535,0.74285,0.7432,-0.0011,-0.15%,67833,152861
D6M19,2019-05-03,0.7429,0.74675,0.74195,0.7455,0.0023,+0.31%,72649,152654
D6M19,2019-05-06,0.7446,0.74525,0.74175,0.74495,-0.00055,-0.07%,67369,151448
D6M19,2019-05-07,0.744,0.7465,0.74205,0.7426,-0.00235,-0.32%,71509,151258
D6M19,2019-05-08,0.743,0.7445,0.7422,0.74275,0.00015,+0.02%,73592,147955
D6M19,2019-05-09,0.74265,0.74365,0.74115,0.74345,0.0007,+0.09%,79932,149241
D6M19,2019-05-10,0.7428,0.748,0.74245,0.74575,0.0023,+0.31%,121405,146812
D6M19,2019-05-13,0.746,0.746,0.7422,0.74305,-0.0027,-0.36%,75318,148138
D6M19,2019-05-14,0.7425,0.74375,0.742,0.74315,0.0001,+0.01%,57814,147913
D6M19,2019-05-15,0.7433,0.74535,0.74165,0.74475,0.0016,+0.22%,75881,147433
D6M19,2019-05-16,0.7447,0.7468,0.74295,0.7434,-0.00135,-0.18%,72460,142878
D6M19,2019-05-17,0.74355,0.74485,0.7404,0.74435,0.00095,+0.13%,98562,144992
D6M19,2019-05-20,0.744,0.7459,0.7436,0.74495,0.0006,+0.08%,53356,141409
D6M19,2019-05-21,0.7451,0.74705,0.74485,0.7466,0.00165,+0.22%,67604,140682
D6M19,2019-05-22,0.7464,0.74925,0.74455,0.74515,-0.00145,-0.19%,89189,137558
D6M19,2019-05-23,0.7448,0.74495,0.741,0.74195,-0.0032,-0.43%,84983,141710
D6M19,2019-05-24,0.7426,0.745,0.7421,0.74435,0.0024,+0.32%,63190,140757
D6M19,2019-05-28,0.7444,0.745,0.7411,0.74175,-0.0026,-0.35%,81281,140449
D6M19,2019-05-29,0.74145,0.74215,0.7385,0.7399,-0.00185,-0.25%,90934,145257
D6M19,2019-05-30,0.74035,0.7419,0.7399,0.74055,0.00065,+0.09%,65355,147724
D6M19,2019-05-31,0.7411,0.7414,0.73745,0.73985,-0.0007,-0.09%,130415,148141
D6M19,2019-06-03,0.74,0.74465,0.7395,0.7445,0.00465,+0.63%,105795,150899
D6M19,2019-06-04,0.7443,0.74755,0.74375,0.74675,0.00225,+0.30%,90480,151970
D6M19,2019-06-05,0.74685,0.74855,0.7449,0.74515,-0.0016,-0.21%,97434,153563
D6M19,2019-06-06,0.7454,0.74875,0.74475,0.74815,0.003,+0.40%,73986,154086
D6M19,2019-06-07,0.74855,0.755,0.7483,0.75365,0.0055,+0.74%,115014,159127
D6M19,2019-06-10,0.7544,0.7548,0.75315,0.75375,0.0001,+0.01%,101964,160898
D6M19,2019-06-11,0.7537,0.7548,0.75155,0.75275,-0.001,-0.13%,127548,159212
D6M19,2019-06-12,0.75295,0.7535,0.7494,0.7502,-0.00255,-0.34%,132840,161516
D6U19,2019-06-13,0.75125,0.7533,0.7511,0.7518,0.0016,+0.21%,142398,166131
D6U19,2019-06-14,0.7517,0.75185,0.7463,0.74665,-0.00515,-0.69%,118206,162779
D6U19,2019-06-17,0.74695,0.74795,0.74645,0.7468,0.00015,+0.02%,55691,160590
D6U19,2019-06-18,0.7469,0.749,0.74575,0.74865,0.00185,+0.25%,77120,124374
D6U19,2019-06-19,0.7489,0.7544,0.74855,0.75375,0.0051,+0.68%,94172,124211
D6U19,2019-06-20,0.7544,0.7617,0.75425,0.75925,0.0055,+0.73%,127646,128672
D6U19,2019-06-21,0.75945,0.76095,0.75715,0.7583,-0.00095,-0.13%,88610,133853
D6U19,2019-06-24,0.7579,0.76005,0.75785,0.7595,0.0012,+0.16%,56007,132806
D6U19,2019-06-25,0.7599,0.7616,0.75835,0.75985,0.00035,+0.05%,84075,137543
D6U19,2019-06-26,0.7603,0.76425,0.75905,0.76385,0.004,+0.53%,78752,142472
D6U19,2019-06-27,0.76325,0.76515,0.7624,0.765,0.00115,+0.15%,78723,151538
D6U19,2019-06-28,0.76465,0.76685,0.7644,0.76555,0.00055,+0.07%,92559,154785
D6U19,2019-07-01,0.76515,0.76575,0.7618,0.76205,-0.0035,-0.46%,67946,154719
D6U19,2019-07-02,0.7623,0.76465,0.7622,0.76385,0.0018,+0.24%,58064,157998
D6U19,2019-07-03,0.7639,0.7669,0.7633,0.76615,0.0023,+0.30%,52271,159743
D6U19,2019-07-05,0.76695,0.7681,0.7623,0.7653,-0.00085,-0.11%,92783,160519
D6U19,2019-07-08,0.76605,0.76735,0.7642,0.76465,-0.00065,-0.08%,50315,162671
D6U19,2019-07-09,0.7645,0.7646,0.76195,0.7629,-0.00175,-0.23%,52946,164842
D6U19,2019-07-10,0.7628,0.76655,0.76165,0.7661,0.0032,+0.42%,91044,166553
D6U19,2019-07-11,0.7658,0.7677,0.76475,0.766,-0.0001,-0.01%,63897,166848
D6U19,2019-07-12,0.76615,0.76915,0.76605,0.76825,0.00225,+0.29%,56603,172897
D6U19,2019-07-15,0.7683,0.76895,0.767,0.7675,-0.00075,-0.10%,55390,180152
D6U19,2019-07-16,0.7674,0.76875,0.7647,0.76605,-0.00145,-0.19%,56448,182674
D6U19,2019-07-17,0.7649,0.7681,0.76455,0.76765,0.0016,+0.21%,50228,183905
D6U19,2019-07-18,0.76715,0.76855,0.7644,0.76745,-0.0002,-0.03%,71010,187109
D6U19,2019-07-19,0.7683,0.76905,0.7635,0.7664,-0.00105,-0.14%,75280,187483
D6U19,2019-07-22,0.7668,0.76765,0.76295,0.76345,-0.00295,-0.38%,57086,189194
D6U19,2019-07-23,0.76305,0.7631,0.76035,0.7621,-0.00135,-0.18%,63612,187397
D6U19,2019-07-24,0.7624,0.76305,0.7612,0.76155,-0.00055,-0.07%,48040,186062
D6U19,2019-07-25,0.7621,0.7632,0.76025,0.76045,-0.0011,-0.14%,61930,183643
D6U19,2019-07-26,0.76035,0.76075,0.7583,0.7599,-0.00055,-0.07%,59792,182371
D6U19,2019-07-29,0.7599,0.76125,0.75925,0.76045,0.00055,+0.07%,48890,182097
D6U19,2019-07-30,0.7605,0.76155,0.75875,0.76105,0.0006,+0.08%,48732,182478
D6U19,2019-07-31,0.76105,0.7637,0.75735,0.75855,-0.0025,-0.33%,109265,181082
D6U19,2019-08-01,0.7587,0.7592,0.7555,0.7563,-0.00225,-0.30%,97704,179588
D6U19,2019-08-02,0.7574,0.75845,0.75345,0.75755,0.00125,+0.17%,80146,172482
D6U19,2019-08-05,0.7576,0.75955,0.75545,0.7571,-0.00045,-0.06%,71856,172893
D6U19,2019-08-06,0.7573,0.7589,0.7529,0.75355,-0.00355,-0.47%,82730,172657
D6U19,2019-08-07,0.75355,0.75415,0.74985,0.75155,-0.002,-0.27%,101179,168684
D6U19,2019-08-08,0.75195,0.75685,0.7516,0.75595,0.0044,+0.59%,74732,163966
D6U19,2019-08-09,0.7562,0.75825,0.75375,0.7576,0.00165,+0.22%,76581,161867
D6U19,2019-08-12,0.7575,0.7579,0.75515,0.7556,-0.002,-0.26%,47318,162746
D6U19,2019-08-13,0.75585,0.75895,0.7527,0.7568,0.0012,+0.16%,77987,160861
D6U19,2019-08-14,0.75675,0.75735,0.75085,0.75105,-0.00575,-0.76%,89909,161970
D6U19,2019-08-15,0.7511,0.7531,0.75015,0.75095,-0.0001,-0.01%,85059,160725
D6U19,2019-08-16,0.75135,0.7544,0.7509,0.754,0.00305,+0.41%,60169,157408
D6U19,2019-08-19,0.75365,0.755,0.7501,0.75055,-0.00345,-0.46%,53228,156437
D6U19,2019-08-20,0.75075,0.7517,0.74965,0.75125,0.0007,+0.09%,61360,155377
D6U19,2019-08-21,0.7513,0.75485,0.751,0.7524,0.00115,+0.15%,62578,152879
D6U19,2019-08-22,0.7531,0.7536,0.7513,0.7522,-0.0002,-0.03%,58620,154775
D6U19,2019-08-23,0.7522,0.7535,0.74995,0.7525,0.0003,+0.04%,102416,157147
D6U19,2019-08-26,0.75265,0.7552,0.75105,0.75425,0.00175,+0.23%,72764,158807
D6U19,2019-08-27,0.7549,0.75645,0.75205,0.7528,-0.00145,-0.19%,73078,158921
D6U19,2019-08-28,0.75285,0.75315,0.7511,0.75165,-0.00115,-0.15%,61041,161743
D6U19,2019-08-29,0.7516,0.75365,0.751,0.752,0.00035,+0.05%,68004,161999
D6U19,2019-08-30,0.7527,0.7551,0.7501,0.75085,-0.00115,-0.15%,93121,163487
D6U19,2019-09-03,0.7505,0.75135,0.74735,0.75055,-0.0003,-0.04%,116289,167396
D6U19,2019-09-04,0.74975,0.75665,0.7495,0.75655,0.006,+0.80%,131581,169532
D6U19,2019-09-05,0.7566,0.7582,0.7551,0.7557,-0.00085,-0.11%,102305,163662
D6U19,2019-09-06,0.7561,0.7601,0.7542,0.75915,0.00345,+0.46%,107770,168467
D6U19,2019-09-09,0.75925,0.7612,0.759,0.7598,0.00065,+0.09%,86074,169253
D6U19,2019-09-10,0.7595,0.76155,0.7582,0.7605,0.0007,+0.09%,155022,183058
D6U19,2019-09-11,0.76075,0.76115,0.75675,0.758,-0.0025,-0.33%,170065,187260
D6Z19,2019-09-12,0.7587,0.75975,0.7573,0.75785,-0.00015,-0.02%,178901,198218
D6Z19,2019-09-13,0.7581,0.75815,0.75335,0.75375,-0.0041,-0.54%,110510,188943
D6Z19,2019-09-16,0.75615,0.75785,0.75445,0.75625,0.0025,+0.33%,89398,190824
D6Z19,2019-09-17,0.75655,0.7566,0.7529,0.7556,-0.00065,-0.09%,81498,133281
D6Z19,2019-09-18,0.75565,0.75705,0.7522,0.7531,-0.0025,-0.33%,70967,128351
D6Z19,2019-09-19,0.75345,0.7562,0.7524,0.75545,0.00235,+0.31%,77712,127551
D6Z19,2019-09-20,0.75495,0.7554,0.75285,0.75395,-0.0015,-0.20%,66598,123631
D6Z19,2019-09-23,0.7545,0.7553,0.7524,0.755,0.00105,+0.14%,58335,123152
D6Z19,2019-09-24,0.755,0.75665,0.7542,0.7564,0.0014,+0.19%,65214,123017
D6Z19,2019-09-25,0.7565,0.7565,0.75345,0.7552,-0.0012,-0.16%,68143,124743
D6Z19,2019-09-26,0.7547,0.75675,0.75405,0.75495,-0.00025,-0.03%,58795,125188
D6Z19,2019-09-27,0.7546,0.75765,0.7539,0.7558,0.00085,+0.11%,72106,130518
D6Z19,2019-09-30,0.7564,0.757,0.75495,0.7563,0.0005,+0.07%,63903,130964
D6Z19,2019-10-01,0.75605,0.7578,0.7532,0.75755,0.00125,+0.17%,111178,130937
D6Z19,2019-10-02,0.75695,0.758,0.7509,0.7516,-0.00595,-0.79%,113470,132500
D6Z19,2019-10-03,0.751,0.7519,0.7498,0.75085,-0.00075,-0.10%,91563,132863
D6Z19,2019-10-04,0.75045,0.7525,0.7502,0.751,0.00015,+0.02%,75330,132503
D6Z19,2019-10-07,0.7511,0.75285,0.7506,0.75175,0.00075,+0.10%,54298,134611
D6Z19,2019-10-08,0.7517,0.753,0.7502,0.75125,-0.0005,-0.07%,77015,136105
D6Z19,2019-10-09,0.751,0.75255,0.7501,0.75055,-0.0007,-0.09%,58072,138133
D6Z19,2019-10-10,0.75025,0.75405,0.74965,0.75245,0.0019,+0.25%,92311,137208
D6Z19,2019-10-11,0.75275,0.7596,0.7522,0.75885,0.0064,+0.85%,138355,150565
D6Z19,2019-10-14,0.7581,0.75835,0.7556,0.75615,-0.0027,-0.36%,54405,149656
D6Z19,2019-10-15,0.7562,0.7581,0.7556,0.75765,0.0015,+0.20%,67571,148447
D6Z19,2019-10-16,0.75775,0.7588,0.7547,0.7583,0.00065,+0.09%,82305,145900
D6Z19,2019-10-17,0.75775,0.76195,0.75725,0.76155,0.00325,+0.43%,96396,153731
D6Z19,2019-10-18,0.76165,0.76255,0.761,0.7624,0.00085,+0.11%,62322,157541
D6Z19,2019-10-21,0.76195,0.76475,0.7614,0.7645,0.0021,+0.28%,70878,161782
D6Z19,2019-10-22,0.76425,0.7654,0.76235,0.7638,-0.0007,-0.09%,90512,170305
D6Z19,2019-10-23,0.76405,0.7655,0.7631,0.765,0.0012,+0.16%,56130,175777
D6Z19,2019-10-24,0.7654,0.76635,0.76405,0.7653,0.0003,+0.04%,68644,180664
D6Z19,2019-10-25,0.76535,0.7662,0.76495,0.7659,0.0006,+0.08%,53940,184163
D6Z19,2019-10-28,0.76605,0.76655,0.76485,0.7662,0.0003,+0.04%,58100,189899
D6Z19,2019-10-29,0.7663,0.76695,0.76355,0.7642,-0.002,-0.26%,72321,189971
D6Z19,2019-10-30,0.76425,0.76505,0.7572,0.75885,-0.00535,-0.70%,148341,189320
D6Z19,2019-10-31,0.7598,0.76135,0.75895,0.75975,0.0009,+0.12%,92641,188266
D6Z19,2019-11-01,0.75975,0.7611,0.7578,0.7607,0.00095,+0.13%,76963,190597
D6Z19,2019-11-04,0.76095,0.7616,0.7599,0.76055,-0.00015,-0.02%,50524,193054
D6Z19,2019-11-05,0.76015,0.76245,0.75885,0.76005,-0.0005,-0.07%,63029,192882
D6Z19,2019-11-06,0.7604,0.7606,0.758,0.75855,-0.0015,-0.20%,56363,192206
D6Z19,2019-11-07,0.75845,0.75995,0.75775,0.75865,0.0001,+0.01%,71825,189601
D6Z19,2019-11-08,0.75915,0.7592,0.75545,0.756,-0.00265,-0.35%,82907,187600
D6Z19,2019-11-11,0.75595,0.7569,0.7556,0.7563,0.0003,+0.04%,41950,185324
D6Z19,2019-11-12,0.7557,0.7567,0.75435,0.7561,-0.0002,-0.03%,60623,182793
D6Z19,2019-11-13,0.7555,0.7558,0.7537,0.75455,-0.00155,-0.20%,66080,182339
D6Z19,2019-11-14,0.75445,0.75505,0.75355,0.75435,-0.0002,-0.03%,71264,176168
D6Z19,2019-11-15,0.7548,0.75665,0.7546,0.75595,0.0016,+0.21%,67351,172903
D6Z19,2019-11-18,0.7563,0.75755,0.75555,0.75705,0.0011,+0.15%,61393,172030
D6Z19,2019-11-19,0.7571,0.75815,0.7534,0.75365,-0.0034,-0.45%,78766,172313
D6Z19,2019-11-20,0.7539,0.754,0.75035,0.75125,-0.0024,-0.32%,96361,173921
D6Z19,2019-11-21,0.75145,0.75365,0.75045,0.75315,0.0019,+0.25%,90713,168217
D6Z19,2019-11-22,0.7528,0.7545,0.75165,0.75225,-0.0009,-0.12%,62568,169461
D6Z19,2019-11-25,0.7521,0.75275,0.7508,0.7514,-0.00085,-0.11%,46414,170724
D6Z19,2019-11-26,0.752,0.75365,0.75095,0.75325,0.00185,+0.25%,57596,167350
D6Z19,2019-11-27,0.7534,0.75415,0.7525,0.7529,-0.00035,-0.05%,68484,181150
D6Z19,2019-11-29,0.7528,0.7531,0.75105,0.7529,0,0.00%,76301,185592
D6Z19,2019-12-02,0.7528,0.7533,0.75135,0.75205,-0.00085,-0.11%,73209,185970
D6Z19,2019-12-03,0.7514,0.7529,0.75065,0.7518,-0.00025,-0.03%,92767,184060
D6Z19,2019-12-04,0.7521,0.75805,0.75195,0.75795,0.00615,+0.82%,139847,177395
D6Z19,2019-12-05,0.7577,0.76,0.7576,0.7591,0.00115,+0.15%,89215,179070
D6Z19,2019-12-06,0.75885,0.75925,0.75355,0.75395,-0.00515,-0.68%,121880,172797
D6Z19,2019-12-09,0.75415,0.7563,0.75385,0.7559,0.00195,+0.26%,88197,173199
D6Z19,2019-12-10,0.7553,0.75615,0.75475,0.7558,-0.0001,-0.01%,82077,169219
D6Z19,2019-12-11,0.7558,0.75975,0.7553,0.7595,0.0037,+0.49%,196682,176922
D6H20,2019-12-12,0.75945,0.7602,0.75835,0.759,-0.0005,-0.07%,220886,184250
D6H20,2019-12-13,0.7597,0.7608,0.75765,0.75875,-0.00025,-0.03%,142780,186611
D6H20,2019-12-16,0.7592,0.7629,0.7587,0.76055,0.0018,+0.24%,81541,190266
D6H20,2019-12-17,0.76035,0.76115,0.75885,0.76,-0.00055,-0.07%,69721,146487
D6H20,2019-12-18,0.7604,0.7636,0.7594,0.76295,0.00295,+0.39%,80585,154483
D6H20,2019-12-19,0.76285,0.7633,0.7615,0.7626,-0.00035,-0.05%,58399,156644
D6H20,2019-12-20,0.7623,0.7624,0.75905,0.76045,-0.00215,-0.28%,71817,158373
D6H20,2019-12-23,0.76085,0.7615,0.75945,0.7609,0.00045,+0.06%,53870,157496
D6H20,2019-12-24,0.7612,0.76125,0.75995,0.7606,-0.0003,-0.04%,26064,158666
D6H20,2019-12-26,0.76055,0.76385,0.76045,0.76365,0.00305,+0.40%,39358,164075
D6H20,2019-12-27,0.76285,0.76595,0.7627,0.7657,0.00205,+0.27%,64488,167693
D6H20,2019-12-30,0.76555,0.76665,0.76475,0.76635,0.00065,+0.08%,60606,172205
D6H20,2019-12-31,0.76595,0.7723,0.7656,0.77085,0.0045,+0.59%,80767,175666
D6H20,2020-01-02,0.7707,0.77135,0.76895,0.76995,-0.0009,-0.12%,85094,181240
D6H20,2020-01-03,0.77035,0.77165,0.76885,0.7698,-0.00015,-0.02%,78103,182546
D6H20,2020-01-06,0.77,0.77175,0.76985,0.77145,0.00165,+0.21%,56543,189836
D6H20,2020-01-07,0.7714,0.77185,0.76755,0.769,-0.00245,-0.32%,71573,189996
D6H20,2020-01-08,0.769,0.7707,0.76665,0.76765,-0.00135,-0.18%,81253,199533
D6H20,2020-01-09,0.76725,0.76775,0.7631,0.76465,-0.003,-0.39%,81526,206106
D6H20,2020-01-10,0.7658,0.76755,0.76485,0.76575,0.0011,+0.14%,73430,199189
D6H20,2020-01-13,0.766,0.76735,0.7653,0.7665,0.00075,+0.10%,52343,186117
D6H20,2020-01-14,0.76595,0.7665,0.7645,0.7659,-0.0006,-0.08%,50999,189654
D6H20,2020-01-15,0.7657,0.7671,0.76465,0.7668,0.0009,+0.12%,50955,188809
D6H20,2020-01-16,0.76675,0.76725,0.7659,0.7664,-0.0004,-0.05%,41727,187595
D6H20,2020-01-17,0.7668,0.7673,0.76475,0.76545,-0.00095,-0.12%,53992,187299
D6H20,2020-01-21,0.76535,0.7666,0.76445,0.76505,-0.0004,-0.05%,74056,188596
D6H20,2020-01-22,0.76505,0.7671,0.76025,0.76085,-0.0042,-0.55%,143603,190842
D6H20,2020-01-23,0.76115,0.7619,0.75915,0.7617,0.00085,+0.11%,79612,190220
D6H20,2020-01-24,0.76185,0.76245,0.76025,0.76095,-0.00075,-0.10%,69008,190144
D6H20,2020-01-27,0.7604,0.76055,0.75755,0.75855,-0.0024,-0.32%,78762,189329
D6H20,2020-01-28,0.75795,0.7601,0.7572,0.7592,0.00065,+0.09%,68677,185499
D6H20,2020-01-29,0.75995,0.75995,0.757,0.75795,-0.00125,-0.16%,57225,185502
D6H20,2020-01-30,0.75765,0.75805,0.75605,0.7565,-0.00145,-0.19%,78996,183745
D6H20,2020-01-31,0.757,0.7578,0.7545,0.75575,-0.00075,-0.10%,91278,183047
D6H20,2020-02-03,0.75505,0.7557,0.75165,0.7521,-0.00365,-0.48%,92329,180515
D6H20,2020-02-04,0.75215,0.7539,0.75175,0.75265,0.00055,+0.07%,87078,174000
D6H20,2020-02-05,0.753,0.75395,0.7517,0.7522,-0.00045,-0.06%,84806,175614
D6H20,2020-02-06,0.7529,0.75345,0.75125,0.7523,0.0001,+0.01%,73211,172602
D6H20,2020-02-07,0.7525,0.75305,0.75055,0.7518,-0.0005,-0.07%,84160,168085
D6H20,2020-02-10,0.7514,0.75245,0.75015,0.7509,-0.0009,-0.12%,56792,165921
D6H20,2020-02-11,0.7508,0.7532,0.7507,0.7523,0.0014,+0.19%,69452,166914
D6H20,2020-02-12,0.7527,0.75545,0.7521,0.754,0.0017,+0.23%,93471,166807
D6H20,2020-02-13,0.7546,0.7552,0.75345,0.75415,0.00015,+0.02%,63710,165320
D6H20,2020-02-14,0.7538,0.7555,0.7536,0.75455,0.0004,+0.05%,55741,164005
D6H20,2020-02-18,0.75465,0.7561,0.75305,0.75455,0,0.00%,94076,163320
D6H20,2020-02-19,0.7545,0.7571,0.75435,0.756,0.00145,+0.19%,83547,165730
D6H20,2020-02-20,0.7563,0.7569,0.7536,0.75395,-0.00205,-0.27%,83184,169365
D6H20,2020-02-21,0.7542,0.7575,0.75365,0.75705,0.0031,+0.41%,93457,165582
D6H20,2020-02-24,0.7545,0.755,0.7515,0.7524,-0.00465,-0.61%,128423,167790
D6H20,2020-02-25,0.75225,0.7537,0.75155,0.7534,0.001,+0.13%,87950,168819
D6H20,2020-02-26,0.75265,0.7535,0.74985,0.75085,-0.00255,-0.34%,100928,170751
D6H20,2020-02-27,0.7498,0.7509,0.74655,0.74815,-0.0027,-0.36%,128140,171260
D6H20,2020-02-28,0.74695,0.74745,0.7427,0.74615,-0.002,-0.27%,207530,175399
D6H20,2020-03-02,0.7438,0.75105,0.7438,0.7488,0.00265,+0.36%,174396,162514
D6H20,2020-03-03,0.75005,0.7509,0.74675,0.74765,-0.00115,-0.15%,148118,160511
D6H20,2020-03-04,0.7472,0.7503,0.74455,0.7462,-0.00145,-0.19%,128301,159015
D6H20,2020-03-05,0.7469,0.74725,0.74415,0.7449,-0.0013,-0.17%,117288,169673
D6H20,2020-03-06,0.7457,0.74745,0.7441,0.7448,-0.0001,-0.01%,112013,175025
D6H20,2020-03-09,0.7366,0.73975,0.72675,0.73375,-0.01105,-1.48%,232777,173584
D6H20,2020-03-10,0.7299,0.73475,0.7248,0.72775,-0.006,-0.82%,204121,175226
D6H20,2020-03-11,0.7287,0.73085,0.72485,0.72615,-0.0016,-0.22%,177467,177173
D6H20,2020-03-12,0.72555,0.7294,0.7161,0.72215,-0.004,-0.55%,240333,193574
D6M20,2020-03-13,0.7185,0.72545,0.71455,0.718,-0.00415,-0.57%,180388,190963
D6M20,2020-03-16,0.72575,0.7285,0.71385,0.71545,-0.00255,-0.36%,107940,185664
D6M20,2020-03-17,0.71385,0.7167,0.701,0.70375,-0.0117,-1.64%,86966,125055
D6M20,2020-03-18,0.70475,0.7064,0.6829,0.68685,-0.0169,-2.40%,101658,126634
D6M20,2020-03-19,0.68985,0.69405,0.682,0.6897,0.00285,+0.41%,81604,123864
D6M20,2020-03-20,0.68995,0.7071,0.6883,0.69325,0.00355,+0.51%,85042,124568
D6M20,2020-03-23,0.69705,0.6978,0.687,0.68885,-0.0044,-0.63%,85541,125036
D6M20,2020-03-24,0.6898,0.6962,0.6886,0.6903,0.00145,+0.21%,61439,124226
D6M20,2020-03-25,0.69145,0.7057,0.6909,0.70475,0.01445,+2.09%,80378,123528
D6M20,2020-03-26,0.70535,0.71415,0.7008,0.7133,0.00855,+1.21%,86672,121733
D6M20,2020-03-27,0.71265,0.71885,0.70685,0.71765,0.00435,+0.61%,82546,123776
D6M20,2020-03-30,0.7126,0.7142,0.70555,0.70685,-0.0108,-1.50%,56588,124168
D6M20,2020-03-31,0.7068,0.71425,0.69735,0.71045,0.0036,+0.51%,91697,122891
D6M20,2020-04-01,0.7113,0.7115,0.701,0.7037,-0.00675,-0.95%,71974,120713
D6M20,2020-04-02,0.70495,0.7107,0.6998,0.70535,0.00165,+0.23%,82569,117579
D6M20,2020-04-03,0.7082,0.7101,0.70365,0.70705,0.0017,+0.24%,60147,117756
D6M20,2020-04-06,0.7021,0.71095,0.7017,0.70885,0.0018,+0.25%,47583,116491
D6M20,2020-04-07,0.7091,0.71765,0.70765,0.71535,0.0065,+0.92%,63282,117523
D6M20,2020-04-08,0.7147,0.71545,0.7108,0.71295,-0.0024,-0.34%,51057,116687
D6M20,2020-04-09,0.7138,0.7186,0.71105,0.71655,0.0036,+0.50%,73267,116488
D6M20,2020-04-13,0.7179,0.72245,0.7148,0.7215,0.00495,+0.69%,38465,118253
D6M20,2020-04-14,0.7198,0.72205,0.7188,0.7196,-0.0019,-0.26%,44649,118605
D6M20,2020-04-15,0.7206,0.72125,0.70805,0.7105,-0.0091,-1.26%,71704,121434
D6M20,2020-04-16,0.7093,0.7115,0.70545,0.7088,-0.0017,-0.24%,58403,120366
D6M20,2020-04-17,0.71345,0.7146,0.70865,0.7134,0.0046,+0.65%,56247,117716
D6M20,2020-04-20,0.7138,0.7138,0.70695,0.7078,-0.0056,-0.78%,55123,119316
D6M20,2020-04-21,0.70785,0.7088,0.7012,0.7044,-0.0034,-0.48%,77312,121213
D6M20,2020-04-22,0.70455,0.7087,0.7026,0.70515,0.00075,+0.11%,54520,120535
D6M20,2020-04-23,0.70605,0.7146,0.7044,0.71215,0.007,+0.99%,57031,119220
D6M20,2020-04-24,0.71045,0.7132,0.70835,0.7092,-0.00295,-0.41%,41184,119508
D6M20,2020-04-27,0.70915,0.71295,0.7085,0.7124,0.0032,+0.45%,39705,120223
D6M20,2020-04-28,0.7131,0.7177,0.7107,0.7151,0.0027,+0.38%,57877,117660
D6M20,2020-04-29,0.71445,0.72075,0.71425,0.7196,0.0045,+0.63%,51492,117527
D6M20,2020-04-30,0.72065,0.72205,0.71645,0.71825,-0.00135,-0.19%,76797,118053
D6M20,2020-05-01,0.71745,0.71745,0.70875,0.71045,-0.0078,-1.09%,56514,122043
D6M20,2020-05-04,0.7104,0.7117,0.70655,0.71035,-0.0001,-0.01%,45513,121401
D6M20,2020-05-05,0.70975,0.71385,0.70945,0.71305,0.0027,+0.38%,47581,119300
D6M20,2020-05-06,0.71205,0.7131,0.70635,0.70815,-0.0049,-0.69%,42680,121586
D6M20,2020-05-07,0.70675,0.71675,0.70555,0.7147,0.00655,+0.92%,59494,118922
D6M20,2020-05-08,0.7151,0.71895,0.715,0.71775,0.00305,+0.43%,37339,119122
D6M20,2020-05-11,0.71765,0.7194,0.7121,0.71315,-0.0046,-0.64%,44751,119112
D6M20,2020-05-12,0.7133,0.7157,0.7103,0.7123,-0.00085,-0.12%,41652,120453
D6M20,2020-05-13,0.71055,0.71395,0.70845,0.7089,-0.0034,-0.48%,55858,122878
D6M20,2020-05-14,0.7093,0.7127,0.7072,0.71055,0.00165,+0.23%,57280,127071
D6M20,2020-05-15,0.71205,0.71335,0.7084,0.70885,-0.0017,-0.24%,47556,127042
D6M20,2020-05-18,0.70865,0.71745,0.7086,0.71615,0.0073,+1.03%,48526,127753
D6M20,2020-05-19,0.7173,0.7212,0.71585,0.72005,0.0039,+0.54%,57412,129337
D6M20,2020-05-20,0.7168,0.7211,0.71635,0.7199,-0.00015,-0.02%,51546,128848
D6M20,2020-05-21,0.7193,0.71985,0.71575,0.717,-0.0029,-0.40%,54589,128748
D6M20,2020-05-22,0.7165,0.7173,0.71175,0.71355,-0.00345,-0.48%,43974,131353
D6M20,2020-05-26,0.71465,0.72695,0.7139,0.72685,0.0133,+1.86%,96988,129849
D6M20,2020-05-27,0.7255,0.7284,0.72345,0.72575,-0.0011,-0.15%,83037,128820
D6M20,2020-05-28,0.7268,0.7281,0.72515,0.72665,0.0009,+0.12%,60295,127895
D6M20,2020-05-29,0.7262,0.72915,0.7229,0.7256,-0.00105,-0.14%,86126,125875
D6M20,2020-06-01,0.72615,0.73755,0.7245,0.7365,0.0109,+1.50%,77885,126370
D6M20,2020-06-02,0.7368,0.74165,0.7361,0.73985,0.00335,+0.45%,79475,128476
D6M20,2020-06-03,0.73955,0.74195,0.7368,0.74155,0.0017,+0.23%,85504,127196
D6M20,2020-06-04,0.741,0.74255,0.7385,0.74045,-0.0011,-0.15%,71077,125816
D6M20,2020-06-05,0.74065,0.74675,0.74005,0.74435,0.0039,+0.53%,84787,123221
D6M20,2020-06-08,0.74545,0.7487,0.7442,0.7483,0.00395,+0.53%,81882,122683
D6M20,2020-06-09,0.74705,0.7485,0.7414,0.74665,-0.00165,-0.22%,88474,120459
D6M20,2020-06-10,0.7452,0.75105,0.74415,0.7474,0.00075,+0.10%,176251,125745
D6U20,2020-06-11,0.7459,0.7463,0.73365,0.735,-0.0124,-1.66%,181414,125733
D6U20,2020-06-12,0.7342,0.73935,0.73175,0.7345,-0.0005,-0.07%,129506,125319
D6U20,2020-06-15,0.7355,0.73835,0.7308,0.73755,0.00305,+0.42%,87026,125488
D6U20,2020-06-16,0.7374,0.7406,0.7342,0.73725,-0.0003,-0.04%,76212,101421
D6U20,2020-06-17,0.73835,0.74025,0.73575,0.7374,0.00015,+0.02%,48123,100138
D6U20,2020-06-18,0.73745,0.7397,0.73455,0.7353,-0.0021,-0.28%,46688,100921
D6U20,2020-06-19,0.73525,0.73835,0.7345,0.7352,-0.0001,-0.01%,54929,102750
D6U20,2020-06-22,0.7348,0.73985,0.73375,0.7395,0.0043,+0.58%,39618,103485
D6U20,2020-06-23,0.7398,0.74165,0.73705,0.73865,-0.00085,-0.11%,58484,105412
D6U20,2020-06-24,0.73815,0.73935,0.7332,0.73475,-0.0039,-0.53%,59999,107479
D6U20,2020-06-25,0.7335,0.73495,0.7316,0.73275,-0.002,-0.27%,57521,108251
D6U20,2020-06-26,0.73345,0.7339,0.7292,0.73235,-0.0004,-0.05%,54937,110320
D6U20,2020-06-29,0.7308,0.73295,0.72975,0.7307,-0.00165,-0.23%,56735,114252
D6U20,2020-06-30,0.7321,0.73705,0.7301,0.7362,0.0055,+0.75%,72952,118197
D6U20,2020-07-01,0.73665,0.73835,0.73535,0.73615,-0.00005,-0.01%,53253,118792
D6U20,2020-07-02,0.7364,0.73755,0.7341,0.7358,-0.00035,-0.05%,59290,118514
D6U20,2020-07-06,0.7374,0.7398,0.73645,0.7386,0.0028,+0.38%,53449,119750
D6U20,2020-07-07,0.73875,0.73955,0.7348,0.73575,-0.00285,-0.39%,52263,121226
D6U20,2020-07-08,0.7352,0.7413,0.73415,0.7409,0.00515,+0.70%,62846,120025
D6U20,2020-07-09,0.7399,0.7413,0.7357,0.7365,-0.0044,-0.59%,96175,145246
D6U20,2020-07-10,0.7365,0.7368,0.73365,0.736,-0.0005,-0.07%,63670,148440
D6U20,2020-07-13,0.7357,0.73895,0.73485,0.7361,0.0001,+0.01%,55455,146683
D6U20,2020-07-14,0.7352,0.7356,0.733,0.73425,-0.00185,-0.25%,71165,134118
D6U20,2020-07-15,0.73475,0.74065,0.73475,0.74045,0.0062,+0.84%,69436,134988
D6U20,2020-07-16,0.74035,0.7408,0.73635,0.7368,-0.00365,-0.49%,55400,134882
D6U20,2020-07-17,0.73685,0.73735,0.73595,0.7367,-0.0001,-0.01%,37397,135720
D6U20,2020-07-20,0.73605,0.7395,0.73535,0.739,0.0023,+0.31%,44658,137883
D6U20,2020-07-21,0.7388,0.745,0.73875,0.7443,0.0053,+0.72%,76295,143606
D6U20,2020-07-22,0.7433,0.7464,0.74175,0.74545,0.00115,+0.15%,64828,141197
D6U20,2020-07-23,0.7455,0.7491,0.74485,0.74695,0.0015,+0.20%,63853,142331
D6U20,2020-07-24,0.746,0.7476,0.74385,0.74505,-0.0019,-0.25%,52042,141590
D6U20,2020-07-27,0.7456,0.74895,0.7447,0.74855,0.0035,+0.47%,55487,138438
D6U20,2020-07-28,0.74855,0.7502,0.746,0.7485,-0.00005,-0.01%,62998,139397
D6U20,2020-07-29,0.74755,0.7501,0.7471,0.74835,-0.00015,-0.02%,48093,138757
D6U20,2020-07-30,0.7502,0.7502,0.74305,0.74405,-0.0043,-0.57%,78706,141067
D6U20,2020-07-31,0.7449,0.7479,0.7443,0.7472,0.00315,+0.42%,87649,138417
D6U20,2020-08-03,0.746,0.7474,0.7435,0.747,-0.0002,-0.03%,52293,137920
D6U20,2020-08-04,0.7465,0.7509,0.74515,0.7494,0.0024,+0.32%,54822,137101
D6U20,2020-08-05,0.75025,0.75575,0.75025,0.75295,0.00355,+0.47%,80010,140524
D6U20,2020-08-06,0.75375,0.75505,0.75055,0.7526,-0.00035,-0.05%,66456,138565
D6U20,2020-08-07,0.7516,0.7517,0.74635,0.74715,-0.00545,-0.72%,62497,137015
D6U20,2020-08-10,0.7474,0.75,0.7466,0.74905,0.0019,+0.25%,38910,136073
D6U20,2020-08-11,0.74905,0.75355,0.7485,0.7528,0.00375,+0.50%,56890,136885
D6U20,2020-08-12,0.75185,0.75595,0.74925,0.75455,0.00175,+0.23%,61489,139360
D6U20,2020-08-13,0.75475,0.75805,0.75455,0.75625,0.0017,+0.23%,59728,140083
D6U20,2020-08-14,0.756,0.75725,0.7535,0.7544,-0.00185,-0.24%,49580,138900
D6U20,2020-08-17,0.75445,0.7581,0.754,0.7578,0.0034,+0.45%,41032,139508
D6U20,2020-08-18,0.7565,0.7604,0.75585,0.7602,0.0024,+0.32%,59446,127760
D6U20,2020-08-19,0.7598,0.76145,0.75605,0.7581,-0.0021,-0.28%,55390,128920
D6U20,2020-08-20,0.7571,0.75945,0.75505,0.75875,0.00065,+0.09%,60496,127097
D6U20,2020-08-21,0.7588,0.75995,0.7556,0.7582,-0.00055,-0.07%,49407,129401
D6U20,2020-08-24,0.75875,0.7614,0.7553,0.7557,-0.0025,-0.33%,58834,129368
D6U20,2020-08-25,0.7565,0.7595,0.75535,0.7585,0.0028,+0.37%,60292,129557
D6U20,2020-08-26,0.75915,0.76155,0.7573,0.7601,0.0016,+0.21%,54056,132683
D6U20,2020-08-27,0.7608,0.7633,0.75955,0.76185,0.00175,+0.23%,78664,132539
D6U20,2020-08-28,0.76185,0.76645,0.7615,0.76375,0.0019,+0.25%,90902,141734
D6U20,2020-08-31,0.76435,0.76805,0.76315,0.7677,0.00395,+0.52%,86645,138701
D6U20,2020-09-01,0.7667,0.7696,0.76415,0.76485,-0.00285,-0.37%,81838,140520
D6U20,2020-09-02,0.7656,0.76705,0.7636,0.7651,0.00025,+0.03%,70754,139959
D6U20,2020-09-03,0.76635,0.76685,0.75975,0.7614,-0.0037,-0.48%,90476,137933
D6U20,2020-09-04,0.7616,0.76665,0.761,0.7666,0.0052,+0.68%,90820,138619
D6U20,2020-09-08,0.7653,0.7655,0.75535,0.7563,-0.0103,-1.34%,155430,137618
D6U20,2020-09-09,0.75535,0.7607,0.7542,0.75965,0.00335,+0.44%,206369,136701
D6Z20,2020-09-10,0.7609,0.76245,0.7576,0.7588,-0.00085,-0.11%,173495,140455
D6Z20,2020-09-11,0.7584,0.76065,0.7573,0.75825,-0.00055,-0.07%,88626,142436
D6Z20,2020-09-14,0.7583,0.7605,0.75795,0.75905,0.0008,+0.11%,56290,145866
D6Z20,2020-09-15,0.75895,0.7615,0.75765,0.75885,-0.0002,-0.03%,55314,117901
D6Z20,2020-09-16,0.75865,0.7619,0.7577,0.7594,0.00055,+0.07%,64607,120241
D6Z20,2020-09-17,0.75905,0.7606,0.75505,0.75905,-0.00035,-0.05%,77927,123768
D6Z20,2020-09-18,0.76015,0.76135,0.7572,0.758,-0.00105,-0.14%,64946,123012
D6Z20,2020-09-21,0.75795,0.7594,0.75085,0.751,-0.007,-0.92%,105404,123704
D6Z20,2020-09-22,0.7515,0.753,0.74945,0.75155,0.00055,+0.07%,78994,117564
D6Z20,2020-09-23,0.75185,0.7524,0.74725,0.7476,-0.00395,-0.53%,77439,115693
D6Z20,2020-09-24,0.7475,0.7506,0.74545,0.7491,0.0015,+0.20%,84636,111238
D6Z20,2020-09-25,0.74865,0.74985,0.74545,0.74665,-0.00245,-0.33%,62266,111718
D6Z20,2020-09-28,0.74775,0.74905,0.74625,0.74805,0.0014,+0.19%,50245,112931
D6Z20,2020-09-29,0.74785,0.74915,0.7454,0.74725,-0.0008,-0.11%,62228,113862
D6Z20,2020-09-30,0.74695,0.75195,0.7453,0.7513,0.00405,+0.54%,94825,111781
D6Z20,2020-10-01,0.751,0.7539,0.7508,0.75355,0.00225,+0.30%,68604,112353
D6Z20,2020-10-02,0.7529,0.75305,0.75025,0.75175,-0.0018,-0.24%,66561,112698
D6Z20,2020-10-05,0.7523,0.7545,0.7518,0.7535,0.00175,+0.23%,52290,112678
D6Z20,2020-10-06,0.7542,0.75525,0.751,0.752,-0.0015,-0.20%,70705,113818
D6Z20,2020-10-07,0.7512,0.7545,0.74965,0.7538,0.0018,+0.24%,54513,113090
D6Z20,2020-10-08,0.7542,0.758,0.7539,0.7575,0.0037,+0.49%,57754,113067
D6Z20,2020-10-09,0.7579,0.76285,0.75785,0.76155,0.00405,+0.53%,79547,118992
D6Z20,2020-10-12,0.7618,0.7634,0.76095,0.76255,0.001,+0.13%,39039,120942
D6Z20,2020-10-13,0.76275,0.76345,0.7607,0.7611,-0.00145,-0.19%,76704,121956
D6Z20,2020-10-14,0.7612,0.76245,0.7597,0.76085,-0.00025,-0.03%,54547,121812
D6Z20,2020-10-15,0.76075,0.76085,0.7542,0.75625,-0.0046,-0.60%,108439,121853
D6Z20,2020-10-16,0.7564,0.759,0.7555,0.75865,0.0024,+0.32%,66738,118983
D6Z20,2020-10-19,0.75815,0.7605,0.75805,0.7587,0.00005,+0.01%,53418,118703
D6Z20,2020-10-20,0.7584,0.7632,0.7574,0.76225,0.00355,+0.47%,68567,123091
D6Z20,2020-10-21,0.76175,0.76455,0.7604,0.76165,-0.0006,-0.08%,67606,124136
D6Z20,2020-10-22,0.7612,0.76205,0.759,0.761,-0.00065,-0.09%,65238,123556
D6Z20,2020-10-23,0.7615,0.76295,0.76,0.7609,-0.0001,-0.01%,51465,125271
D6Z20,2020-10-26,0.76195,0.762,0.75625,0.7578,-0.0031,-0.41%,63479,124266
D6Z20,2020-10-27,0.75715,0.76105,0.757,0.7597,0.0019,+0.25%,55599,122403
D6Z20,2020-10-28,0.7584,0.75885,0.75005,0.75215,-0.00755,-0.99%,115588,121402
D6Z20,2020-10-29,0.7506,0.7532,0.74695,0.75055,-0.0016,-0.21%,96266,119737
D6Z20,2020-10-30,0.7505,0.7531,0.74905,0.75095,0.0004,+0.05%,94804,121141
D6Z20,2020-11-02,0.75115,0.7568,0.74805,0.75585,0.0049,+0.65%,78674,121677
D6Z20,2020-11-03,0.75625,0.7632,0.75575,0.7593,0.00345,+0.46%,77591,124892
D6Z20,2020-11-04,0.76135,0.7637,0.752,0.762,0.0027,+0.36%,111100,126718
D6Z20,2020-11-05,0.7613,0.7676,0.7589,0.76705,0.00505,+0.66%,79245,130381
D6Z20,2020-11-06,0.76605,0.76815,0.7636,0.76775,0.0007,+0.09%,68645,132429
D6Z20,2020-11-09,0.7667,0.7736,0.76665,0.7703,0.00255,+0.33%,99548,134229
D6Z20,2020-11-10,0.76915,0.7702,0.7663,0.76815,-0.00215,-0.28%,75223,136456
D6Z20,2020-11-11,0.7675,0.7688,0.76475,0.76525,-0.0029,-0.38%,48334,138696
D6Z20,2020-11-12,0.7655,0.76605,0.7605,0.7612,-0.00405,-0.53%,60883,137078
D6Z20,2020-11-13,0.7608,0.7625,0.7592,0.7613,0.0001,+0.01%,51628,136196
D6Z20,2020-11-16,0.7615,0.76545,0.7611,0.7637,0.0024,+0.32%,52047,135512
D6Z20,2020-11-17,0.76475,0.76555,0.7624,0.76435,0.00065,+0.09%,47738,136532
D6Z20,2020-11-18,0.76335,0.76725,0.7624,0.7664,0.00205,+0.27%,59864,138269
D6Z20,2020-11-19,0.76455,0.7662,0.76205,0.7655,-0.0009,-0.12%,55220,137547
D6Z20,2020-11-20,0.7651,0.767,0.76355,0.76365,-0.00185,-0.24%,51773,137668
D6Z20,2020-11-23,0.7637,0.76665,0.76265,0.7646,0.00095,+0.12%,55813,138952
D6Z20,2020-11-24,0.7643,0.7696,0.76395,0.7689,0.0043,+0.56%,86498,140823
D6Z20,2020-11-25,0.7694,0.7701,0.76755,0.76955,0.00065,+0.08%,63257,143177
D6Z20,2020-11-27,0.76925,0.77095,0.7678,0.77,0.00045,+0.06%,59647,144860
D6Z20,2020-11-30,0.77005,0.77385,0.76865,0.77155,0.00155,+0.20%,95612,143309
D6Z20,2020-12-01,0.7693,0.77355,0.76905,0.773,0.00145,+0.19%,81838,147803
D6Z20,2020-12-02,0.77305,0.7746,0.77165,0.77385,0.00085,+0.11%,63869,147874
D6Z20,2020-12-03,0.77415,0.7781,0.7727,0.7779,0.00405,+0.52%,69230,151271
D6Z20,2020-12-04,0.77715,0.78295,0.7768,0.78255,0.00465,+0.60%,85270,149895
D6Z20,2020-12-07,0.7821,0.78265,0.77925,0.78145,-0.0011,-0.14%,111687,157331
D6Z20,2020-12-08,0.7813,0.7832,0.77975,0.78015,-0.0013,-0.17%,130093,163589
D6Z20,2020-12-09,0.7801,0.7831,0.7792,0.7801,-0.00005,-0.01%,217687,165898
D6H21,2020-12-10,0.7805,0.7874,0.7799,0.78505,0.00495,+0.63%,211965,180027
D6H21,2020-12-11,0.7852,0.78665,0.7822,0.78345,-0.0016,-0.20%,121885,187268
D6H21,2020-12-14,0.78425,0.78665,0.7823,0.78415,0.0007,+0.09%,89030,198817
D6H21,2020-12-15,0.78425,0.7885,0.7834,0.78805,0.0039,+0.50%,71168,151884
D6H21,2020-12-16,0.7878,0.788,0.7824,0.7846,-0.00345,-0.44%,82478,156373
D6H21,2020-12-17,0.78525,0.78865,0.78475,0.7862,0.0016,+0.20%,58354,157449
D6H21,2020-12-18,0.7865,0.78655,0.78175,0.78235,-0.00385,-0.49%,61155,158374
D6H21,2020-12-21,0.78215,0.7825,0.77205,0.78015,-0.0022,-0.28%,91431,156597
D6H21,2020-12-22,0.7783,0.7792,0.77385,0.7758,-0.00435,-0.56%,65327,155197
D6H21,2020-12-23,0.77545,0.77965,0.775,0.77835,0.00255,+0.33%,57615,157070
D6H21,2020-12-24,0.7787,0.78085,0.7784,0.78075,0.0024,+0.31%,27923,157101
D6H21,2020-12-28,0.77885,0.7808,0.77695,0.77895,-0.0018,-0.23%,37730,157821
D6H21,2020-12-29,0.7784,0.7828,0.7784,0.7808,0.00185,+0.24%,54430,154464
D6H21,2020-12-30,0.7804,0.7846,0.7799,0.7836,0.0028,+0.36%,47363,154622
D6H21,2020-12-31,0.7843,0.78665,0.7831,0.7834,-0.0002,-0.03%,52375,152913
D6H21,2021-01-04,0.78545,0.7897,0.78145,0.783,-0.0004,-0.05%,71217,155177
D6H21,2021-01-05,0.7824,0.7903,0.78185,0.78965,0.00665,+0.85%,65620,156124
D6H21,2021-01-06,0.78925,0.7919,0.78605,0.7879,-0.00175,-0.22%,83314,157998
D6H21,2021-01-07,0.78885,0.7898,0.78545,0.7885,0.0006,+0.08%,61065,159870
D6H21,2021-01-08,0.78825,0.79015,0.78485,0.7868,-0.0017,-0.22%,73088,160507
D6H21,2021-01-11,0.7873,0.788,0.7792,0.78285,-0.00395,-0.50%,70576,156961
D6H21,2021-01-12,0.78245,0.78705,0.78195,0.7862,0.00335,+0.43%,47376,156675
D6H21,2021-01-13,0.78665,0.7888,0.78465,0.7877,0.0015,+0.19%,53747,157022
D6H21,2021-01-14,0.7877,0.7923,0.7871,0.79155,0.00385,+0.49%,66081,160798
D6H21,2021-01-15,0.7908,0.7916,0.7835,0.78585,-0.0057,-0.72%,90822,158868
D6H21,2021-01-19,0.78575,0.7866,0.78145,0.7856,-0.00025,-0.03%,85551,153667
D6H21,2021-01-20,0.78565,0.7935,0.78535,0.7911,0.0055,+0.70%,84130,163446
D6H21,2021-01-21,0.7915,0.7944,0.79075,0.79195,0.00085,+0.11%,65768,162792
D6H21,2021-01-22,0.7914,0.7916,0.785,0.7859,-0.00605,-0.76%,66140,162718
D6H21,2021-01-25,0.7854,0.78825,0.78265,0.78435,-0.00155,-0.20%,61916,167464
D6H21,2021-01-26,0.78495,0.78815,0.7824,0.78775,0.0034,+0.43%,56423,168896
D6H21,2021-01-27,0.788,0.78845,0.77995,0.7817,-0.00605,-0.77%,88777,165809
D6H21,2021-01-28,0.78125,0.7821,0.77635,0.78165,-0.00005,-0.01%,89498,168853
D6H21,2021-01-29,0.78005,0.7852,0.7768,0.7812,-0.00045,-0.06%,108510,162579
D6H21,2021-02-01,0.7822,0.78365,0.77745,0.77875,-0.00245,-0.31%,67176,161817
D6H21,2021-02-02,0.77815,0.7825,0.77705,0.781,0.00225,+0.29%,73896,158155
D6H21,2021-02-03,0.78235,0.7835,0.7806,0.78245,0.00145,+0.19%,57494,155209
D6H21,2021-02-04,0.7822,0.7827,0.7785,0.7794,-0.00305,-0.39%,62275,156639
D6H21,2021-02-05,0.77995,0.7839,0.77925,0.78325,0.00385,+0.49%,74089,157213
D6H21,2021-02-08,0.78375,0.78535,0.78235,0.7849,0.00165,+0.21%,56798,157821
D6H21,2021-02-09,0.78495,0.78805,0.78335,0.78775,0.00285,+0.36%,57110,158454
D6H21,2021-02-10,0.7877,0.78945,0.78675,0.7881,0.00035,+0.04%,56141,157181
D6H21,2021-02-11,0.7875,0.7899,0.7867,0.78745,-0.00065,-0.08%,46059,156657
D6H21,2021-02-12,0.7875,0.7889,0.7835,0.78715,-0.0003,-0.04%,55192,157211
D6H21,2021-02-16,0.7881,0.7931,0.78725,0.7888,0.00165,+0.21%,94269,158770
D6H21,2021-02-17,0.78785,0.7882,0.78455,0.7875,-0.0013,-0.16%,68618,159893
D6H21,2021-02-18,0.78725,0.78955,0.7855,0.78865,0.00115,+0.15%,70743,160506
D6H21,2021-02-19,0.7887,0.79405,0.7865,0.79235,0.0037,+0.47%,84855,161389
D6H21,2021-02-22,0.79295,0.7949,0.79025,0.7937,0.00135,+0.17%,79549,162406
D6H21,2021-02-23,0.7929,0.7951,0.79075,0.7941,0.0004,+0.05%,80424,166868
D6H21,2021-02-24,0.79425,0.79975,0.7938,0.79815,0.00405,+0.51%,91314,174899
D6H21,2021-02-25,0.7991,0.8021,0.79275,0.79515,-0.003,-0.38%,118323,175148
D6H21,2021-02-26,0.7938,0.79445,0.7842,0.78695,-0.0082,-1.03%,157514,170341
D6H21,2021-03-01,0.7854,0.7911,0.78485,0.79045,0.0035,+0.44%,79970,169441
D6H21,2021-03-02,0.79075,0.79365,0.78755,0.7926,0.00215,+0.27%,65024,168689
D6H21,2021-03-03,0.7911,0.7941,0.79,0.7914,-0.0012,-0.15%,67521,168817
D6H21,2021-03-04,0.79025,0.7952,0.78775,0.78985,-0.00155,-0.20%,97630,165485
D6H21,2021-03-05,0.78945,0.79075,0.78505,0.78955,-0.0003,-0.04%,113740,168353
D6H21,2021-03-08,0.7902,0.7922,0.78735,0.79015,0.0006,+0.08%,113293,167974
D6H21,2021-03-09,0.78935,0.7942,0.7883,0.79155,0.0014,+0.18%,137696,173078
D6H21,2021-03-10,0.7914,0.79305,0.7884,0.7921,0.00055,+0.07%,211078,173555
D6M21,2021-03-11,0.7925,0.7988,0.7922,0.79765,0.00555,+0.70%,215275,182081
D6M21,2021-03-12,0.7978,0.8026,0.79545,0.80225,0.0046,+0.58%,135840,188004
D6M21,2021-03-15,0.80165,0.8039,0.7992,0.80175,-0.0005,-0.06%,72391,185359
D6M21,2021-03-16,0.8015,0.8042,0.8001,0.80385,0.0021,+0.26%,55573,163731
D6M21,2021-03-17,0.80375,0.80655,0.8005,0.80545,0.0016,+0.20%,78020,165978
D6M21,2021-03-18,0.80605,0.8088,0.79835,0.79955,-0.0059,-0.73%,99702,164644
D6M21,2021-03-19,0.8007,0.8025,0.79705,0.8004,0.00085,+0.11%,74449,164316
D6M21,2021-03-22,0.7985,0.80185,0.79745,0.79955,-0.00085,-0.11%,52816,163893
D6M21,2021-03-23,0.7987,0.799,0.7941,0.79565,-0.0039,-0.49%,76861,162170
D6M21,2021-03-24,0.7947,0.79735,0.79315,0.796,0.00035,+0.04%,63597,163277
D6M21,2021-03-25,0.7951,0.7971,0.7918,0.7928,-0.0032,-0.40%,78877,161575
D6M21,2021-03-26,0.79315,0.7962,0.79305,0.79415,0.00135,+0.17%,53370,161987
D6M21,2021-03-29,0.79515,0.79535,0.79195,0.79395,-0.0002,-0.03%,50943,163847
D6M21,2021-03-30,0.79425,0.79495,0.7908,0.7917,-0.00225,-0.28%,61406,164199
D6M21,2021-03-31,0.7922,0.7975,0.7918,0.7957,0.004,+0.51%,78668,166739
D6M21,2021-04-01,0.79595,0.7973,0.7936,0.797,0.0013,+0.16%,64478,166240
D6M21,2021-04-05,0.7945,0.79995,0.79405,0.7985,0.0015,+0.19%,46527,167646
D6M21,2021-04-06,0.7985,0.799,0.79475,0.7951,-0.0034,-0.43%,54088,166118
D6M21,2021-04-07,0.79555,0.79585,0.79155,0.79215,-0.00295,-0.37%,69216,167011
D6M21,2021-04-08,0.793,0.7964,0.792,0.79585,0.0037,+0.47%,55277,165756
D6M21,2021-04-09,0.79605,0.79845,0.793,0.79835,0.0025,+0.31%,65904,166438
D6M21,2021-04-12,0.7981,0.7983,0.79535,0.7961,-0.00225,-0.28%,53215,165170
D6M21,2021-04-13,0.79605,0.7984,0.79105,0.7979,0.0018,+0.23%,72680,166186
D6M21,2021-04-14,0.79795,0.80015,0.7952,0.7985,0.0006,+0.08%,71817,169643
D6M21,2021-04-15,0.79885,0.8016,0.79635,0.79765,-0.00085,-0.11%,67360,169057
D6M21,2021-04-16,0.7973,0.8005,0.7963,0.8,0.00235,+0.29%,56788,171321
D6M21,2021-04-19,0.79955,0.80195,0.79715,0.79815,-0.00185,-0.23%,66155,169139
D6M21,2021-04-20,0.79825,0.8015,0.79215,0.79255,-0.0056,-0.70%,85463,173100
D6M21,2021-04-21,0.7931,0.8027,0.79035,0.80025,0.0077,+0.97%,125083,176315
D6M21,2021-04-22,0.8001,0.80175,0.7978,0.80035,0.0001,+0.01%,74816,173319
D6M21,2021-04-23,0.79975,0.80255,0.79945,0.8017,0.00135,+0.17%,61465,172053
D6M21,2021-04-26,0.8014,0.8076,0.8007,0.80655,0.00485,+0.60%,74597,176207
D6M21,2021-04-27,0.8068,0.80725,0.8053,0.8061,-0.00045,-0.06%,55356,180771
D6M21,2021-04-28,0.8063,0.8124,0.80535,0.812,0.0059,+0.73%,86946,188151
D6M21,2021-04-29,0.8117,0.8147,0.8116,0.81435,0.00235,+0.29%,82722,195070
D6M21,2021-04-30,0.8142,0.8153,0.81155,0.8144,0.00005,+0.01%,102404,194228
D6M21,2021-05-03,0.81405,0.8153,0.81185,0.81475,0.00035,+0.04%,65606,192127
D6M21,2021-05-04,0.8146,0.81465,0.80955,0.8126,-0.00215,-0.26%,88202,196817
D6M21,2021-05-05,0.8128,0.8163,0.8125,0.81435,0.00175,+0.22%,55370,198226
D6M21,2021-05-06,0.8152,0.82365,0.81375,0.82085,0.0065,+0.80%,77416,198678
D6M21,2021-05-07,0.8225,0.8248,0.8201,0.8237,0.00285,+0.35%,80816,201291
D6M21,2021-05-10,0.8244,0.82795,0.82435,0.8266,0.0029,+0.35%,69296,203099
D6M21,2021-05-11,0.8262,0.828,0.8247,0.82715,0.00055,+0.07%,77185,201955
D6M21,2021-05-12,0.8267,0.83015,0.82385,0.82605,-0.0011,-0.13%,89216,204390
D6M21,2021-05-13,0.82415,0.82625,0.8195,0.82185,-0.0042,-0.51%,99980,211481
D6M21,2021-05-14,0.82195,0.8278,0.8211,0.82555,0.0037,+0.45%,63436,209771
D6M21,2021-05-17,0.826,0.82915,0.82395,0.8291,0.00355,+0.43%,53365,209449
D6M21,2021-05-18,0.8285,0.83245,0.8277,0.8293,0.0002,+0.02%,65841,207380
D6M21,2021-05-19,0.829,0.8296,0.8235,0.8241,-0.0052,-0.63%,91150,210180
D6M21,2021-05-20,0.82445,0.8299,0.8234,0.8292,0.0051,+0.62%,68970,206253
D6M21,2021-05-21,0.82925,0.8314,0.8268,0.82895,-0.00025,-0.03%,71369,211473
D6M21,2021-05-24,0.829,0.8305,0.8274,0.83005,0.0011,+0.13%,46068,211858
D6M21,2021-05-25,0.8301,0.8313,0.82795,0.8292,-0.00085,-0.10%,59897,213176
D6M21,2021-05-26,0.82875,0.8303,0.82455,0.82545,-0.00375,-0.45%,69733,217791
D6M21,2021-05-27,0.82495,0.8294,0.8235,0.82875,0.0033,+0.40%,66370,221643
D6M21,2021-05-28,0.82855,0.82895,0.825,0.8274,-0.00135,-0.16%,68048,218923
D6M21,2021-06-01,0.8282,0.8328,0.82695,0.8293,0.0019,+0.23%,110974,228957
D6M21,2021-06-02,0.8284,0.8313,0.827,0.8308,0.0015,+0.18%,50484,227193
D6M21,2021-06-03,0.8307,0.83125,0.825,0.826,-0.0048,-0.58%,80169,222043
D6M21,2021-06-04,0.8257,0.82845,0.8242,0.82815,0.00215,+0.26%,80652,214343
D6M21,2021-06-07,0.82815,0.82935,0.826,0.8284,0.00025,+0.03%,60084,215700
D6M21,2021-06-08,0.8276,0.8284,0.82525,0.82605,-0.00235,-0.28%,140781,220053
D6M21,2021-06-09,0.8256,0.8293,0.8252,0.82605,0,0.00%,209323,221973
D6U21,2021-06-10,0.8255,0.8285,0.81,0.82725,0.0012,+0.15%,209033,245488
D6U21,2021-06-11,0.827,0.82775,0.82115,0.82185,-0.0054,-0.65%,150142,255159
D6U21,2021-06-14,0.82195,0.82455,0.8216,0.82335,0.0015,+0.18%,61366,253294
D6U21,2021-06-15,0.8235,0.82445,0.8194,0.82035,-0.003,-0.36%,61792,198676
D6U21,2021-06-16,0.82075,0.82255,0.8141,0.81525,-0.0051,-0.62%,88966,198863
D6U21,2021-06-17,0.8146,0.81545,0.80785,0.80955,-0.0057,-0.70%,95906,199167
D6U21,2021-06-18,0.80935,0.81045,0.80125,0.8048,-0.00475,-0.59%,102013,202332
D6U21,2021-06-21,0.80235,0.80955,0.8008,0.80915,0.00435,+0.54%,74852,202976
D6U21,2021-06-22,0.80895,0.81285,0.80625,0.81165,0.0025,+0.31%,68637,202787
D6U21,2021-06-23,0.8126,0.8162,0.8111,0.81265,0.001,+0.12%,72435,199562
D6U21,2021-06-24,0.81255,0.8141,0.8103,0.81155,-0.0011,-0.14%,49635,198536
D6U21,2021-06-25,0.81155,0.81485,0.811,0.8125,0.00095,+0.12%,43475,197543
D6U21,2021-06-28,0.8134,0.81385,0.80985,0.8102,-0.0023,-0.28%,55175,195501
D6U21,2021-06-29,0.8104,0.81095,0.8062,0.80695,-0.00325,-0.40%,52208,196928
D6U21,2021-06-30,0.80655,0.8093,0.80485,0.8062,-0.00075,-0.09%,72269,195933
D6U21,2021-07-01,0.8064,0.8087,0.80335,0.80355,-0.00265,-0.33%,50047,198168
D6U21,2021-07-02,0.8038,0.81235,0.8032,0.8101,0.00655,+0.82%,78518,200641
D6U21,2021-07-06,0.81115,0.8128,0.80025,0.8024,-0.0077,-0.95%,129224,202136
D6U21,2021-07-07,0.80265,0.80495,0.7987,0.8015,-0.0009,-0.11%,80213,203213
D6U21,2021-07-08,0.80105,0.80135,0.7942,0.7979,-0.0036,-0.45%,106827,202599
D6U21,2021-07-09,0.798,0.8036,0.7964,0.8029,0.005,+0.63%,75572,195491
D6U21,2021-07-12,0.8032,0.80345,0.7991,0.80215,-0.00075,-0.09%,50406,195097
D6U21,2021-07-13,0.80295,0.8037,0.7974,0.79885,-0.0033,-0.41%,68240,198714
D6U21,2021-07-14,0.7991,0.80475,0.7983,0.79935,0.0005,+0.06%,79436,198756
D6U21,2021-07-15,0.799,0.79985,0.79275,0.7931,-0.00625,-0.78%,97814,196226
D6U21,2021-07-16,0.79405,0.79605,0.7923,0.7932,0.0001,+0.01%,73731,195467
D6U21,2021-07-19,0.7927,0.79305,0.78075,0.7837,-0.0095,-1.20%,139725,200366
D6U21,2021-07-20,0.7844,0.7889,0.782,0.7877,0.004,+0.51%,106445,188714
D6U21,2021-07-21,0.78865,0.7983,0.7855,0.7961,0.0084,+1.07%,89435,182344
D6U21,2021-07-22,0.79605,0.7981,0.7939,0.79635,0.00025,+0.03%,71152,179446
D6U21,2021-07-23,0.796,0.79645,0.79315,0.79515,-0.0012,-0.15%,47284,177906
D6U21,2021-07-26,0.7958,0.7982,0.7942,0.79695,0.0018,+0.23%,52892,176851
D6U21,2021-07-27,0.7971,0.79755,0.79335,0.79415,-0.0028,-0.35%,61591,174701
D6U21,2021-07-28,0.79355,0.799,0.79335,0.79805,0.0039,+0.49%,78077,173445
D6U21,2021-07-29,0.7983,0.80435,0.798,0.80395,0.0059,+0.74%,69555,173058
D6U21,2021-07-30,0.80335,0.80495,0.8005,0.8013,-0.00265,-0.33%,80261,171630
D6U21,2021-08-02,0.8015,0.803,0.799,0.7994,-0.0019,-0.24%,51279,172554
D6U21,2021-08-03,0.7997,0.8006,0.7951,0.7976,-0.0018,-0.23%,68861,170609
D6U21,2021-08-04,0.7976,0.799,0.79595,0.79675,-0.00085,-0.11%,60581,169407
D6U21,2021-08-05,0.7971,0.8016,0.7969,0.8003,0.00355,+0.45%,51134,168710
D6U21,2021-08-06,0.8001,0.8003,0.79475,0.7962,-0.0041,-0.51%,56774,167277
D6U21,2021-08-09,0.7965,0.7979,0.79435,0.7953,-0.0009,-0.11%,57448,169149
D6U21,2021-08-10,0.79505,0.79875,0.79425,0.79825,0.00295,+0.37%,52911,171602
D6U21,2021-08-11,0.7987,0.80065,0.79685,0.7994,0.00115,+0.14%,52214,171860
D6U21,2021-08-12,0.7995,0.79985,0.7978,0.798,-0.0014,-0.18%,49661,174045
D6U21,2021-08-13,0.79845,0.7999,0.7979,0.79885,0.00085,+0.11%,42911,173820
D6U21,2021-08-16,0.799,0.79925,0.7946,0.79545,-0.0034,-0.43%,64743,177346
D6U21,2021-08-17,0.7953,0.79555,0.79055,0.79205,-0.0034,-0.43%,73432,176947
D6U21,2021-08-18,0.79195,0.7937,0.78955,0.7916,-0.00045,-0.06%,68400,174842
D6U21,2021-08-19,0.78995,0.79055,0.7793,0.77995,-0.01165,-1.47%,122576,180758
D6U21,2021-08-20,0.7795,0.78035,0.77225,0.7784,-0.00155,-0.20%,114693,180971
D6U21,2021-08-23,0.7793,0.79095,0.77865,0.79075,0.01235,+1.59%,88913,176363
D6U21,2021-08-24,0.7905,0.79495,0.78995,0.79395,0.0032,+0.40%,71805,171487
D6U21,2021-08-25,0.794,0.7945,0.79085,0.79365,-0.0003,-0.04%,63957,169053
D6U21,2021-08-26,0.79435,0.7945,0.7876,0.78825,-0.0054,-0.68%,60931,167592
D6U21,2021-08-27,0.78815,0.79325,0.78685,0.7924,0.00415,+0.53%,75376,167148
D6U21,2021-08-30,0.79225,0.7953,0.79145,0.7932,0.0008,+0.10%,57828,169099
D6U21,2021-08-31,0.79325,0.79555,0.79025,0.7932,0,0.00%,96916,170439
D6U21,2021-09-01,0.7928,0.79485,0.7913,0.79265,-0.00055,-0.07%,67307,169439
D6U21,2021-09-02,0.7923,0.79695,0.79125,0.79645,0.0038,+0.48%,67938,168597
D6U21,2021-09-03,0.79655,0.80035,0.7962,0.7991,0.00265,+0.33%,86141,169211
D6U21,2021-09-07,0.79815,0.7987,0.7901,0.79095,-0.00815,-1.02%,137338,170506
D6U21,2021-09-08,0.79085,0.79195,0.7835,0.789,-0.00195,-0.25%,202263,168732
D6U21,2021-09-09,0.78795,0.7922,0.7857,0.79055,0.00155,+0.20%,193817,169702
D6Z21,2021-09-10,0.7895,0.79465,0.7876,0.78985,-0.0007,-0.09%,138041,171041
D6Z21,2021-09-13,0.78825,0.79115,0.7876,0.7894,-0.00045,-0.06%,96533,177613
D6Z21,2021-09-14,0.79055,0.7935,0.78735,0.7882,-0.0012,-0.15%,66518,116348
D6Z21,2021-09-15,0.7879,0.792,0.78675,0.791,0.0028,+0.36%,66188,117831
D6Z21,2021-09-16,0.7919,0.7925,0.78735,0.7886,-0.0024,-0.30%,61336,114422
D6Z21,2021-09-17,0.7883,0.79125,0.78275,0.78445,-0.00415,-0.53%,79600,115983
D6Z21,2021-09-20,0.78345,0.78365,0.77535,0.77945,-0.005,-0.64%,99703,118458
D6Z21,2021-09-21,0.78,0.78465,0.77815,0.78045,0.001,+0.13%,82333,118528
D6Z21,2021-09-22,0.7801,0.7874,0.7795,0.7825,0.00205,+0.26%,94722,121398
D6Z21,2021-09-23,0.7827,0.79145,0.7814,0.79045,0.00795,+1.02%,89893,123877
D6Z21,2021-09-24,0.79,0.791,0.7854,0.7897,-0.00075,-0.09%,71675,121861
D6Z21,2021-09-27,0.78995,0.79295,0.78905,0.79225,0.00255,+0.32%,69630,118740
D6Z21,2021-09-28,0.79185,0.79395,0.7869,0.78865,-0.0036,-0.45%,93692,118066
D6Z21,2021-09-29,0.7883,0.7893,0.7827,0.7844,-0.00425,-0.54%,81884,120270
D6Z21,2021-09-30,0.7838,0.79165,0.78345,0.7899,0.0055,+0.70%,108711,120866
D6Z21,2021-10-01,0.78845,0.79185,0.7849,0.7913,0.0014,+0.18%,93678,119494
D6Z21,2021-10-04,0.79095,0.7963,0.79015,0.7948,0.0035,+0.44%,81102,120016
D6Z21,2021-10-05,0.7944,0.79705,0.79175,0.795,0.0002,+0.03%,69768,120168
D6Z21,2021-10-06,0.79475,0.79495,0.79055,0.79415,-0.00085,-0.11%,80480,119063
D6Z21,2021-10-07,0.7941,0.7974,0.79365,0.7965,0.00235,+0.30%,63656,126419
D6Z21,2021-10-08,0.7967,0.80305,0.796,0.8025,0.006,+0.75%,80650,127968
D6Z21,2021-10-11,0.80145,0.8034,0.80045,0.8013,-0.0012,-0.15%,45161,126504
D6Z21,2021-10-12,0.801,0.8042,0.8,0.8024,0.0011,+0.14%,63290,127827
D6Z21,2021-10-13,0.80225,0.8044,0.8013,0.80415,0.00175,+0.22%,60985,134509
D6Z21,2021-10-14,0.80355,0.8094,0.80345,0.8085,0.00435,+0.54%,70625,142485
D6Z21,2021-10-15,0.8083,0.81055,0.80655,0.80745,-0.00105,-0.13%,72788,144845
D6Z21,2021-10-18,0.8087,0.80975,0.80575,0.80795,0.0005,+0.06%,61293,147211
D6Z21,2021-10-19,0.8078,0.81225,0.8075,0.80905,0.0011,+0.14%,66971,153459
D6Z21,2021-10-20,0.80885,0.81245,0.8084,0.81195,0.0029,+0.36%,64273,158066
D6Z21,2021-10-21,0.81175,0.8137,0.8074,0.8077,-0.00425,-0.52%,60557,160923
D6Z21,2021-10-22,0.8083,0.8116,0.80705,0.8086,0.0009,+0.11%,63591,164541
D6Z21,2021-10-25,0.8087,0.8104,0.80635,0.8074,-0.0012,-0.15%,53092,161488
D6Z21,2021-10-26,0.8076,0.80965,0.80665,0.8073,-0.0001,-0.01%,54777,159475
D6Z21,2021-10-27,0.80705,0.813,0.8041,0.81005,0.00275,+0.34%,124873,157998
D6Z21,2021-10-28,0.80895,0.81105,0.80755,0.80985,-0.0002,-0.02%,72139,159300
D6Z21,2021-10-29,0.8101,0.81115,0.8059,0.80805,-0.0018,-0.22%,92013,154736
D6Z21,2021-11-01,0.8075,0.8096,0.80615,0.8084,0.00035,+0.04%,60442,156050
D6Z21,2021-11-02,0.80825,0.80845,0.8048,0.806,-0.0024,-0.30%,67157,156194
D6Z21,2021-11-03,0.80585,0.8077,0.8027,0.80695,0.00095,+0.12%,76186,153849
D6Z21,2021-11-04,0.8071,0.80785,0.80175,0.8025,-0.00445,-0.55%,63402,154620
D6Z21,2021-11-05,0.8025,0.8041,0.80125,0.80265,0.00015,+0.02%,68086,153202
D6Z21,2021-11-08,0.80275,0.8041,0.8022,0.8035,0.00085,+0.11%,47840,156127
D6Z21,2021-11-09,0.8035,0.8046,0.80075,0.80405,0.00055,+0.07%,64761,154720
D6Z21,2021-11-10,0.804,0.8073,0.7997,0.80015,-0.0039,-0.49%,94281,155095
D6Z21,2021-11-11,0.8004,0.8011,0.7938,0.79485,-0.0053,-0.66%,81557,153411
D6Z21,2021-11-12,0.79435,0.7973,0.7933,0.7966,0.00175,+0.22%,66276,150167
D6Z21,2021-11-15,0.79665,0.7999,0.7964,0.79925,0.00265,+0.33%,55179,147628
D6Z21,2021-11-16,0.7991,0.80045,0.7956,0.7962,-0.00305,-0.38%,57345,148699
D6Z21,2021-11-17,0.796,0.79735,0.79215,0.7927,-0.0035,-0.44%,70183,146088
D6Z21,2021-11-18,0.79295,0.7941,0.79065,0.79355,0.00085,+0.11%,65672,146931
D6Z21,2021-11-19,0.7934,0.79465,0.7897,0.78985,-0.0037,-0.47%,77213,150397
D6Z21,2021-11-22,0.7908,0.79185,0.787,0.7874,-0.00245,-0.31%,66823,151655
D6Z21,2021-11-23,0.78735,0.78985,0.78455,0.78845,0.00105,+0.13%,76139,150275
D6Z21,2021-11-24,0.78905,0.79045,0.7867,0.78915,0.0007,+0.09%,66762,151358
D6Z21,2021-11-26,0.78955,0.79105,0.78125,0.7827,-0.00645,-0.82%,116928,152688
D6Z21,2021-11-29,0.7829,0.7861,0.7816,0.783,0.0003,+0.04%,87342,155279
D6Z21,2021-11-30,0.78465,0.7855,0.77895,0.78215,-0.00085,-0.11%,136913,148375
D6Z21,2021-12-01,0.78245,0.7866,0.7794,0.78055,-0.0016,-0.20%,105140,149485
D6Z21,2021-12-02,0.7801,0.7825,0.77885,0.78045,-0.0001,-0.01%,86461,148546
D6Z21,2021-12-03,0.7808,0.78465,0.77785,0.77895,-0.0015,-0.19%,103199,149490
D6Z21,2021-12-06,0.77915,0.78405,0.7786,0.7831,0.00415,+0.53%,91258,152882
D6Z21,2021-12-07,0.7837,0.7914,0.7832,0.7906,0.0075,+0.96%,123831,155078
D6Z21,2021-12-08,0.79095,0.7934,0.7895,0.78995,-0.00065,-0.08%,209168,152619
D6H22,2021-12-09,0.7905,0.7906,0.78605,0.78635,-0.0036,-0.46%,208725,170901
D6H22,2021-12-10,0.7868,0.7888,0.7851,0.78575,-0.0006,-0.08%,124417,185339
D6H22,2021-12-13,0.78575,0.78725,0.78015,0.7817,-0.00405,-0.52%,80754,186539
D6H22,2021-12-14,0.7809,0.78155,0.7774,0.778,-0.0037,-0.47%,71403,139325
D6H22,2021-12-15,0.77755,0.77945,0.77305,0.77705,-0.00095,-0.12%,86528,144583
D6H22,2021-12-16,0.7793,0.7836,0.7778,0.78155,0.0045,+0.58%,86249,143268
D6H22,2021-12-17,0.78275,0.78285,0.7751,0.77655,-0.005,-0.64%,66985,141562
D6H22,2021-12-20,0.7758,0.776,0.7713,0.77225,-0.0043,-0.55%,71064,144177
D6H22,2021-12-21,0.77255,0.77445,0.77235,0.77365,0.0014,+0.18%,57665,145562
D6H22,2021-12-22,0.77425,0.77925,0.77365,0.7786,0.00495,+0.64%,59252,142813
D6H22,2021-12-23,0.7787,0.7813,0.778,0.7809,0.0023,+0.30%,44425,141543
D6H22,2021-12-27,0.7802,0.7825,0.77825,0.78135,0.00045,+0.06%,28735,139975
D6H22,2021-12-28,0.782,0.7823,0.7792,0.7802,-0.00115,-0.15%,26617,138692
D6H22,2021-12-29,0.78,0.78185,0.77905,0.7815,0.0013,+0.17%,42396,139171
D6H22,2021-12-30,0.78165,0.7852,0.7804,0.78465,0.00315,+0.40%,48102,140168
D6H22,2021-12-31,0.7847,0.79225,0.7841,0.7905,0.00585,+0.75%,73124,138737
D6H22,2022-01-03,0.7909,0.79155,0.78235,0.78435,-0.00615,-0.78%,51381,139437
D6H22,2022-01-04,0.78425,0.7893,0.7832,0.7869,0.00255,+0.33%,63335,135633
D6H22,2022-01-05,0.78695,0.7878,0.78315,0.78395,-0.00295,-0.37%,50789,138869
D6H22,2022-01-06,0.78375,0.78685,0.78025,0.7854,0.00145,+0.18%,75243,135781
D6H22,2022-01-07,0.78575,0.79155,0.78535,0.7914,0.006,+0.76%,62468,135309
D6H22,2022-01-10,0.7907,0.7929,0.7874,0.78855,-0.00285,-0.36%,58297,135080
D6H22,2022-01-11,0.78885,0.79565,0.7887,0.79465,0.0061,+0.77%,70212,138571
D6H22,2022-01-12,0.79545,0.80015,0.7948,0.79985,0.0052,+0.65%,81428,142642
D6H22,2022-01-13,0.7995,0.80285,0.79855,0.8006,0.00075,+0.09%,66055,148384
D6H22,2022-01-14,0.79905,0.8017,0.79535,0.7959,-0.0047,-0.59%,77117,146500
D6H22,2022-01-18,0.79675,0.8007,0.79575,0.79945,0.00355,+0.45%,108353,142559
D6H22,2022-01-19,0.7993,0.8032,0.7982,0.80055,0.0011,+0.14%,74425,143986
D6H22,2022-01-20,0.7991,0.80275,0.7987,0.8016,0.00105,+0.13%,60723,147936
D6H22,2022-01-21,0.7996,0.79985,0.7942,0.79515,-0.00645,-0.80%,86535,145208
D6H22,2022-01-24,0.79465,0.7963,0.78705,0.7905,-0.00465,-0.58%,102048,144337
D6H22,2022-01-25,0.7909,0.7936,0.7891,0.7935,0.003,+0.38%,81542,146448
D6H22,2022-01-26,0.79165,0.79655,0.788,0.79,-0.0035,-0.44%,122446,145353
D6H22,2022-01-27,0.7895,0.7904,0.78435,0.78455,-0.00545,-0.69%,93344,143348
D6H22,2022-01-28,0.78495,0.7865,0.7813,0.782,-0.00255,-0.33%,85976,141637
D6H22,2022-01-31,0.783,0.78845,0.78255,0.78745,0.00545,+0.70%,86328,144403
D6H22,2022-02-01,0.78685,0.7901,0.78565,0.7873,-0.00015,-0.02%,58377,145082
D6H22,2022-02-02,0.78815,0.79045,0.78695,0.7894,0.0021,+0.27%,47787,145634
D6H22,2022-02-03,0.789,0.79,0.78635,0.7887,-0.0007,-0.09%,58228,145599
D6H22,2022-02-04,0.7888,0.78965,0.7819,0.784,-0.0047,-0.60%,76551,147643
D6H22,2022-02-07,0.78415,0.78995,0.7838,0.78965,0.00565,+0.72%,57507,147104
D6H22,2022-02-08,0.7892,0.78955,0.786,0.78645,-0.0032,-0.41%,46599,145208
D6H22,2022-02-09,0.7871,0.78955,0.78635,0.78915,0.0027,+0.34%,47191,142646
D6H22,2022-02-10,0.78895,0.7913,0.78565,0.78635,-0.0028,-0.35%,94342,141749
D6H22,2022-02-11,0.7862,0.78925,0.784,0.7848,-0.00155,-0.20%,104474,139554
D6H22,2022-02-14,0.78525,0.7861,0.7821,0.7852,0.0004,+0.05%,83728,144730
D6H22,2022-02-15,0.7857,0.7873,0.78265,0.7853,0.0001,+0.01%,76186,144601
D6H22,2022-02-16,0.78605,0.7896,0.7857,0.78875,0.00345,+0.44%,66567,141795
D6H22,2022-02-17,0.78795,0.78885,0.7852,0.78745,-0.0013,-0.16%,68995,139852
D6H22,2022-02-18,0.78675,0.789,0.7834,0.78465,-0.0028,-0.36%,66544,140402
D6H22,2022-02-22,0.784,0.78615,0.78215,0.784,-0.00065,-0.08%,107880,140305
D6H22,2022-02-23,0.78295,0.7885,0.78295,0.7851,0.0011,+0.14%,76538,141647
D6H22,2022-02-24,0.78545,0.78555,0.77645,0.78025,-0.00485,-0.62%,147080,148024
D6H22,2022-02-25,0.7804,0.78765,0.7799,0.78655,0.0063,+0.81%,106599,144405
D6H22,2022-02-28,0.78405,0.79005,0.78065,0.78825,0.0017,+0.22%,110045,145494
D6H22,2022-03-01,0.7889,0.7903,0.7842,0.7848,-0.00345,-0.44%,91072,143507
D6H22,2022-03-02,0.78495,0.79185,0.7846,0.79035,0.00555,+0.71%,98140,143930
D6H22,2022-03-03,0.7915,0.79445,0.78785,0.7885,-0.00185,-0.23%,80142,145349
D6H22,2022-03-04,0.78875,0.78925,0.7817,0.7848,-0.0037,-0.47%,93182,144258
D6H22,2022-03-07,0.7852,0.78825,0.78,0.7809,-0.0039,-0.50%,102325,147311
D6H22,2022-03-08,0.7802,0.78145,0.77505,0.7757,-0.0052,-0.67%,125982,149425
D6H22,2022-03-09,0.77595,0.78105,0.77545,0.77945,0.00375,+0.48%,166851,151262
D6M22,2022-03-10,0.78065,0.78435,0.7787,0.7839,0.00445,+0.57%,188905,149918
D6M22,2022-03-11,0.7831,0.7879,0.7817,0.786,0.0021,+0.27%,123527,147897
D6M22,2022-03-14,0.7849,0.78575,0.77965,0.77975,-0.00625,-0.80%,69363,144499
D6M22,2022-03-15,0.7801,0.7837,0.77695,0.78245,0.0027,+0.35%,57504,110189
D6M22,2022-03-16,0.78325,0.7889,0.7826,0.78615,0.0037,+0.47%,76646,109358
D6M22,2022-03-17,0.78865,0.79285,0.7875,0.791,0.00485,+0.62%,81401,113128
D6M22,2022-03-18,0.7922,0.79435,0.7907,0.7936,0.0026,+0.33%,65193,116816
D6M22,2022-03-21,0.7931,0.7958,0.79225,0.79395,0.00035,+0.04%,62659,119025
D6M22,2022-03-22,0.7941,0.79565,0.79205,0.79465,0.0007,+0.09%,63396,124090
D6M22,2022-03-23,0.79545,0.79725,0.7932,0.7958,0.00115,+0.14%,59752,127540
D6M22,2022-03-24,0.79595,0.79925,0.7944,0.79705,0.00125,+0.16%,71804,131083
D6M22,2022-03-25,0.7982,0.8021,0.79655,0.80165,0.0046,+0.58%,83201,137302
D6M22,2022-03-28,0.8011,0.8015,0.79395,0.79845,-0.0032,-0.40%,86980,138678
D6M22,2022-03-29,0.7986,0.8017,0.79785,0.80015,0.0017,+0.21%,88648,147421
D6M22,2022-03-30,0.79955,0.80435,0.79925,0.80125,0.0011,+0.14%,86776,153694
D6M22,2022-03-31,0.80105,0.8021,0.7976,0.8009,-0.00035,-0.04%,85523,150852
D6M22,2022-04-01,0.79925,0.80105,0.79725,0.79905,-0.00185,-0.23%,60528,152528
D6M22,2022-04-04,0.79845,0.8018,0.79795,0.8007,0.00165,+0.21%,47498,152505
D6M22,2022-04-05,0.80045,0.80605,0.79985,0.80155,0.00085,+0.11%,84143,157562
D6M22,2022-04-06,0.8003,0.80105,0.79595,0.79825,-0.0033,-0.41%,67598,157138
D6M22,2022-04-07,0.7969,0.7973,0.79265,0.79485,-0.0034,-0.43%,66918,157832
D6M22,2022-04-08,0.79425,0.7956,0.7922,0.79535,0.0005,+0.06%,52300,155585
D6M22,2022-04-11,0.79535,0.79555,0.7908,0.79205,-0.0033,-0.41%,51514,156422
D6M22,2022-04-12,0.79145,0.7946,0.78955,0.79125,-0.0008,-0.10%,60927,155390
D6M22,2022-04-13,0.7909,0.79615,0.7886,0.79535,0.0041,+0.52%,82203,153686
D6M22,2022-04-14,0.79575,0.79835,0.79075,0.7928,-0.00255,-0.32%,77454,151409
D6M22,2022-04-18,0.79295,0.79315,0.79055,0.79235,-0.00045,-0.06%,34490,153422
D6M22,2022-04-19,0.7927,0.7954,0.79035,0.79175,-0.0006,-0.08%,52917,152855
D6M22,2022-04-20,0.7922,0.8015,0.79185,0.79935,0.0076,+0.96%,83481,159437
D6M22,2022-04-21,0.8,0.8024,0.7939,0.7947,-0.00465,-0.58%,80508,159102
D6M22,2022-04-22,0.79455,0.7954,0.78545,0.7858,-0.0089,-1.12%,101741,153438
D6M22,2022-04-25,0.78635,0.78675,0.78235,0.78535,-0.00045,-0.06%,104582,153943
D6M22,2022-04-26,0.78505,0.7881,0.77925,0.78105,-0.0043,-0.55%,80501,155362
D6M22,2022-04-27,0.77955,0.78235,0.7777,0.77905,-0.002,-0.26%,91363,157382
D6M22,2022-04-28,0.78,0.78155,0.77615,0.78065,0.0016,+0.21%,86522,159790
D6M22,2022-04-29,0.78055,0.7861,0.77715,0.77905,-0.0016,-0.20%,98304,154361
D6M22,2022-05-02,0.77775,0.77855,0.77415,0.7746,-0.00445,-0.57%,75081,155809
D6M22,2022-05-03,0.77645,0.77955,0.7754,0.7785,0.0039,+0.50%,77290,152779
D6M22,2022-05-04,0.7787,0.78545,0.77785,0.7842,0.0057,+0.73%,100145,146953
D6M22,2022-05-05,0.78485,0.78645,0.777,0.77765,-0.00655,-0.84%,90006,147003
D6M22,2022-05-06,0.779,0.7803,0.77425,0.7747,-0.00295,-0.38%,85878,144943
D6M22,2022-05-09,0.7747,0.7747,0.76815,0.7698,-0.0049,-0.63%,98360,150345
D6M22,2022-05-10,0.7683,0.7714,0.76595,0.7676,-0.0022,-0.29%,92323,151009
D6M22,2022-05-11,0.7675,0.77385,0.76675,0.77015,0.00255,+0.33%,98463,154236
D6M22,2022-05-12,0.76955,0.7704,0.76455,0.76465,-0.0055,-0.71%,92620,155175
D6M22,2022-05-13,0.76635,0.7749,0.7662,0.7732,0.00855,+1.12%,80059,157154
D6M22,2022-05-16,0.7739,0.7789,0.7701,0.7787,0.0055,+0.71%,71506,154810
D6M22,2022-05-17,0.7782,0.78075,0.77755,0.7794,0.0007,+0.09%,67626,151107
D6M22,2022-05-18,0.78065,0.78145,0.7753,0.7764,-0.003,-0.38%,76367,150133
D6M22,2022-05-19,0.7757,0.7822,0.7757,0.7813,0.0049,+0.63%,90478,143581
D6M22,2022-05-20,0.7798,0.78255,0.77695,0.7781,-0.0032,-0.41%,64528,142050
D6M22,2022-05-23,0.77895,0.7831,0.7789,0.78225,0.00415,+0.53%,58913,141586
D6M22,2022-05-24,0.783,0.783,0.7767,0.77895,-0.0033,-0.42%,83764,138508
D6M22,2022-05-25,0.7799,0.781,0.77595,0.7805,0.00155,+0.20%,69367,136782
D6M22,2022-05-26,0.7801,0.783,0.77815,0.78285,0.00235,+0.30%,64452,138722
D6M22,2022-05-27,0.7828,0.78615,0.78205,0.78575,0.0029,+0.37%,70072,137122
D6M22,2022-05-31,0.7858,0.79165,0.78545,0.79075,0.005,+0.64%,118543,135929
D6M22,2022-06-01,0.79035,0.79325,0.7887,0.7916,0.00085,+0.11%,102860,136572
D6M22,2022-06-02,0.7899,0.7958,0.78815,0.795,0.0034,+0.43%,91145,142943
D6M22,2022-06-03,0.7954,0.79665,0.7937,0.7945,-0.0005,-0.06%,86700,154458
D6M22,2022-06-06,0.7942,0.7977,0.79345,0.7952,0.0007,+0.09%,99847,161460
D6M22,2022-06-07,0.795,0.79845,0.79245,0.79815,0.00295,+0.37%,147104,167373
D6M22,2022-06-08,0.79795,0.7988,0.7958,0.7963,-0.00185,-0.23%,163067,176751
D6U22,2022-06-09,0.7961,0.7964,0.7866,0.7879,-0.0084,-1.05%,202806,177264
D6U22,2022-06-10,0.78715,0.7881,0.78,0.78345,-0.00445,-0.56%,170002,172210
D6U22,2022-06-13,0.7819,0.7819,0.7751,0.7762,-0.00725,-0.93%,146904,175491
D6U22,2022-06-14,0.7753,0.7772,0.77065,0.7715,-0.0047,-0.61%,110289,139120
D6U22,2022-06-15,0.772,0.77755,0.7696,0.7726,0.0011,+0.14%,139944,137891
D6U22,2022-06-16,0.77595,0.7776,0.7711,0.7735,0.0009,+0.12%,112999,141997
D6U22,2022-06-17,0.77245,0.773,0.7646,0.76775,-0.00575,-0.74%,109524,142381
D6U22,2022-06-21,0.76755,0.77495,0.76695,0.77385,0.0061,+0.79%,101731,140047
D6U22,2022-06-22,0.7741,0.77455,0.76955,0.77335,-0.0005,-0.06%,76656,139396
D6U22,2022-06-23,0.77235,0.7731,0.76835,0.7692,-0.00415,-0.54%,78051,137913
D6U22,2022-06-24,0.76955,0.77585,0.76935,0.774,0.0048,+0.62%,72977,139329
D6U22,2022-06-27,0.7757,0.77735,0.7742,0.7766,0.0026,+0.34%,69382,141577
D6U22,2022-06-28,0.7768,0.78015,0.77555,0.7771,0.0005,+0.06%,78478,142584
D6U22,2022-06-29,0.7768,0.77865,0.77515,0.7756,-0.0015,-0.19%,67117,142663
D6U22,2022-06-30,0.7756,0.77755,0.7732,0.777,0.0014,+0.18%,95800,138048
D6U22,2022-07-01,0.77685,0.7772,0.7712,0.77605,-0.00095,-0.12%,72343,138320
D6U22,2022-07-05,0.7763,0.779,0.7643,0.76645,-0.0096,-1.24%,157671,145372
D6U22,2022-07-06,0.7674,0.76855,0.76465,0.7668,0.00035,+0.05%,90905,140392
D6U22,2022-07-07,0.767,0.77145,0.76595,0.7704,0.0036,+0.47%,68527,137842
D6U22,2022-07-08,0.7709,0.77305,0.76715,0.77175,0.00135,+0.18%,85737,136009
D6U22,2022-07-11,0.77275,0.77275,0.76615,0.7699,-0.00185,-0.24%,65243,138395
D6U22,2022-07-12,0.7689,0.77015,0.7662,0.76875,-0.00115,-0.15%,79726,139297
D6U22,2022-07-13,0.76805,0.773,0.76565,0.7711,0.00235,+0.31%,133905,140212
D6U22,2022-07-14,0.77055,0.77075,0.75605,0.7628,-0.0083,-1.08%,162635,148645
D6U22,2022-07-15,0.76205,0.7682,0.76115,0.7671,0.0043,+0.56%,103257,144195
D6U22,2022-07-18,0.76755,0.77515,0.76755,0.77095,0.00385,+0.50%,94445,141498
D6U22,2022-07-19,0.7701,0.7769,0.7696,0.7762,0.00525,+0.68%,75023,142171
D6U22,2022-07-20,0.7766,0.77775,0.77455,0.77615,-0.00005,-0.01%,87923,138616
D6U22,2022-07-21,0.776,0.77745,0.7727,0.7753,-0.00085,-0.11%,95209,143047
D6U22,2022-07-22,0.77695,0.7797,0.7733,0.7737,-0.0016,-0.21%,93239,141891
D6U22,2022-07-25,0.77395,0.779,0.77225,0.7783,0.0046,+0.59%,71870,141756
D6U22,2022-07-26,0.77815,0.78015,0.77495,0.7753,-0.003,-0.39%,75005,144182
D6U22,2022-07-27,0.7761,0.7806,0.77435,0.77885,0.00355,+0.46%,90820,146001
D6U22,2022-07-28,0.7796,0.7814,0.77685,0.77965,0.0008,+0.10%,90831,145342
D6U22,2022-07-29,0.7807,0.78175,0.77755,0.7804,0.00075,+0.10%,89163,146218
D6U22,2022-08-01,0.7811,0.78305,0.77765,0.7783,-0.0021,-0.27%,66197,147185
D6U22,2022-08-02,0.7787,0.77895,0.77575,0.77755,-0.00075,-0.10%,79115,145914
D6U22,2022-08-03,0.7764,0.77905,0.77545,0.7784,0.00085,+0.11%,66823,144798
D6U22,2022-08-04,0.77845,0.77985,0.77635,0.7781,-0.0003,-0.04%,56792,145291
D6U22,2022-08-05,0.77715,0.77715,0.7699,0.7727,-0.0054,-0.69%,94096,143872
D6U22,2022-08-08,0.77255,0.77865,0.772,0.77715,0.00445,+0.58%,72132,145784
D6U22,2022-08-09,0.7774,0.77845,0.77495,0.77545,-0.0017,-0.22%,51830,143646
D6U22,2022-08-10,0.77595,0.78405,0.77525,0.7822,0.00675,+0.87%,100380,145309
D6U22,2022-08-11,0.7825,0.7855,0.7816,0.78355,0.00135,+0.17%,75089,145272
D6U22,2022-08-12,0.78345,0.78475,0.7809,0.7826,-0.00095,-0.12%,55287,144383
D6U22,2022-08-15,0.7825,0.78295,0.77295,0.7744,-0.0082,-1.05%,83837,145887
D6U22,2022-08-16,0.77495,0.77915,0.7733,0.7782,0.0038,+0.49%,76869,147453
D6U22,2022-08-17,0.77815,0.77935,0.77275,0.77505,-0.00315,-0.40%,73739,148664
D6U22,2022-08-18,0.77425,0.77615,0.77095,0.77245,-0.0026,-0.34%,73654,150469
D6U22,2022-08-19,0.77225,0.77225,0.7685,0.76935,-0.0031,-0.40%,71439,150421
D6U22,2022-08-22,0.76925,0.77065,0.7654,0.76585,-0.0035,-0.45%,70534,153240
D6U22,2022-08-23,0.766,0.77295,0.76525,0.7711,0.00525,+0.69%,94971,152685
D6U22,2022-08-24,0.7715,0.7718,0.7679,0.7705,-0.0006,-0.08%,69724,151882
D6U22,2022-08-25,0.7708,0.77525,0.7704,0.7727,0.0022,+0.29%,67095,151593
D6U22,2022-08-26,0.77335,0.7747,0.76645,0.7674,-0.0053,-0.69%,95808,153365
D6U22,2022-08-29,0.7668,0.76955,0.7645,0.76865,0.00125,+0.16%,73073,153861
D6U22,2022-08-30,0.76845,0.7707,0.7626,0.763,-0.00565,-0.74%,106624,158165
D6U22,2022-08-31,0.7636,0.76525,0.7608,0.7619,-0.0011,-0.14%,102785,156145
D6U22,2022-09-01,0.7613,0.7616,0.75685,0.7592,-0.0027,-0.35%,87775,162418
D6U22,2022-09-02,0.7598,0.76465,0.75905,0.7616,0.0024,+0.32%,94217,158276
D6U22,2022-09-06,0.76095,0.76335,0.75885,0.7602,-0.0014,-0.18%,108758,160567
D6U22,2022-09-07,0.76005,0.7625,0.75685,0.7607,0.0005,+0.07%,107371,159425
D6U22,2022-09-08,0.7621,0.7645,0.7597,0.76325,0.00255,+0.34%,93218,158469
D6U22,2022-09-09,0.76365,0.77015,0.76365,0.76725,0.004,+0.52%,102750,153018
D6U22,2022-09-12,0.76745,0.77125,0.76695,0.7698,0.00255,+0.33%,96275,145663
D6U22,2022-09-13,0.7698,0.77185,0.75885,0.7601,-0.0097,-1.26%,185674,149556
D6U22,2022-09-14,0.759,0.76095,0.7571,0.75885,-0.00125,-0.16%,210750,146978
D6Z22,2022-09-15,0.75965,0.7603,0.75525,0.75625,-0.0026,-0.34%,219680,147362
D6Z22,2022-09-16,0.75575,0.756,0.7515,0.7527,-0.00355,-0.47%,149817,154731
D6Z22,2022-09-19,0.7536,0.75505,0.74945,0.75345,0.00075,+0.10%,75972,157194
D6Z22,2022-09-20,0.7546,0.75615,0.74775,0.7482,-0.00525,-0.70%,98730,130990
D6Z22,2022-09-21,0.74845,0.7487,0.74255,0.74835,0.00015,+0.02%,112741,135682
D6Z22,2022-09-22,0.74305,0.7458,0.73825,0.74105,-0.0073,-0.98%,144146,140073
D6Z22,2022-09-23,0.7413,0.74245,0.73465,0.7348,-0.00625,-0.84%,135391,147411
D6Z22,2022-09-26,0.7357,0.73755,0.72425,0.7275,-0.0073,-0.99%,142789,143797
D6Z22,2022-09-27,0.7282,0.73315,0.726,0.72945,0.00195,+0.27%,115434,140889
D6Z22,2022-09-28,0.7287,0.7352,0.72295,0.7347,0.00525,+0.72%,159305,140669
D6Z22,2022-09-29,0.7351,0.7351,0.72705,0.7293,-0.0054,-0.73%,121304,140714
D6Z22,2022-09-30,0.73095,0.7322,0.7227,0.72395,-0.00535,-0.73%,124401,139832
D6Z22,2022-10-03,0.7235,0.7344,0.7232,0.7336,0.00965,+1.33%,108341,143958
D6Z22,2022-10-04,0.7343,0.74085,0.73205,0.7407,0.0071,+0.97%,106545,141799
D6Z22,2022-10-05,0.7402,0.74075,0.7303,0.73505,-0.00565,-0.76%,88210,138284
D6Z22,2022-10-06,0.7345,0.73735,0.72695,0.7272,-0.00785,-1.07%,98731,138655
D6Z22,2022-10-07,0.7275,0.7312,0.72665,0.7285,0.0013,+0.18%,87514,142231
D6Z22,2022-10-10,0.728,0.72975,0.72555,0.72655,-0.00195,-0.27%,56785,144059
D6Z22,2022-10-11,0.7257,0.72925,0.7217,0.7243,-0.00225,-0.31%,100778,144000
D6Z22,2022-10-12,0.72505,0.7268,0.72315,0.7235,-0.0008,-0.11%,89380,142916
D6Z22,2022-10-13,0.7238,0.72975,0.7156,0.7287,0.0052,+0.72%,153941,144070
D6Z22,2022-10-14,0.7273,0.72985,0.7196,0.72,-0.0087,-1.19%,103062,143355
D6Z22,2022-10-17,0.7204,0.73015,0.7204,0.72915,0.00915,+1.27%,81420,143127
D6Z22,2022-10-18,0.72925,0.7323,0.7242,0.7261,-0.00305,-0.42%,87847,146279
D6Z22,2022-10-19,0.7279,0.72905,0.7241,0.72575,-0.00035,-0.05%,83084,147307
D6Z22,2022-10-20,0.7267,0.73255,0.72425,0.726,0.00025,+0.03%,92465,146095
D6Z22,2022-10-21,0.7264,0.73375,0.72175,0.73195,0.00595,+0.82%,146200,143477
D6Z22,2022-10-24,0.73375,0.73495,0.72595,0.72905,-0.0029,-0.40%,96074,147777
D6Z22,2022-10-25,0.72955,0.73525,0.7274,0.7343,0.00525,+0.72%,73952,143417
D6Z22,2022-10-26,0.7348,0.74035,0.7315,0.7375,0.0032,+0.44%,129734,140697
D6Z22,2022-10-27,0.7379,0.74115,0.73405,0.7374,-0.0001,-0.01%,98898,139867
D6Z22,2022-10-28,0.73725,0.73955,0.7336,0.73515,-0.00225,-0.31%,83205,139453
D6Z22,2022-10-31,0.73505,0.73565,0.73095,0.73405,-0.0011,-0.15%,78241,143984
D6Z22,2022-11-01,0.73435,0.7393,0.73175,0.73445,0.0004,+0.05%,90692,147170
D6Z22,2022-11-02,0.73385,0.7384,0.72935,0.73345,-0.001,-0.14%,90689,150134
D6Z22,2022-11-03,0.7296,0.731,0.72435,0.7287,-0.00475,-0.65%,84653,150681
D6Z22,2022-11-04,0.72755,0.74265,0.7274,0.74235,0.01365,+1.87%,137437,146581
D6Z22,2022-11-07,0.7395,0.74285,0.738,0.74125,-0.0011,-0.15%,77390,148885
D6Z22,2022-11-08,0.74115,0.74715,0.7394,0.7441,0.00285,+0.38%,70782,147555
D6Z22,2022-11-09,0.74485,0.7458,0.73865,0.73895,-0.00515,-0.69%,80145,148711
D6Z22,2022-11-10,0.73945,0.75155,0.737,0.74925,0.0103,+1.39%,118914,145190
D6Z22,2022-11-11,0.7497,0.7557,0.74865,0.7551,0.00585,+0.78%,81929,143781
D6Z22,2022-11-14,0.7528,0.75545,0.7511,0.75255,-0.00255,-0.34%,75649,142430
D6Z22,2022-11-15,0.7514,0.75625,0.74995,0.753,0.00045,+0.06%,102515,139688
D6Z22,2022-11-16,0.75335,0.7561,0.74935,0.75035,-0.00265,-0.35%,75675,139023
D6Z22,2022-11-17,0.75035,0.7517,0.74635,0.75035,0,0.00%,75924,138549
D6Z22,2022-11-18,0.7505,0.75195,0.74575,0.7473,-0.00305,-0.41%,62114,138182
D6Z22,2022-11-21,0.7474,0.74765,0.7411,0.7437,-0.0036,-0.48%,59698,136183
D6Z22,2022-11-22,0.7435,0.74845,0.7434,0.74725,0.00355,+0.48%,52067,134901
D6Z22,2022-11-23,0.7479,0.74945,0.74415,0.7486,0.00135,+0.18%,64891,136749
D6Z22,2022-11-25,0.749,0.75105,0.74645,0.74745,-0.00115,-0.15%,63651,136488
D6Z22,2022-11-28,0.7467,0.7467,0.7405,0.7413,-0.00615,-0.82%,82324,136851
D6Z22,2022-11-29,0.7411,0.74585,0.7329,0.73615,-0.00515,-0.69%,125683,136654
D6Z22,2022-11-30,0.7361,0.74575,0.73565,0.74425,0.0081,+1.10%,118576,131732
D6Z22,2022-12-01,0.745,0.74655,0.7424,0.7448,0.00055,+0.07%,91239,130829
D6Z22,2022-12-02,0.7447,0.74515,0.73965,0.74295,-0.00185,-0.25%,76284,132442
D6Z22,2022-12-05,0.74275,0.74715,0.73505,0.73565,-0.0073,-0.98%,86309,139102
D6Z22,2022-12-06,0.7359,0.73685,0.73125,0.73185,-0.0038,-0.52%,80848,148891
D6Z22,2022-12-07,0.7326,0.73585,0.72995,0.7326,0.00075,+0.10%,105235,155403
D6Z22,2022-12-08,0.7325,0.7374,0.73045,0.7361,0.0035,+0.48%,70739,152976
D6Z22,2022-12-09,0.73565,0.73695,0.73035,0.7338,-0.0023,-0.31%,81435,151606
D6Z22,2022-12-12,0.7328,0.7343,0.7308,0.7331,-0.0007,-0.10%,103351,156364
D6Z22,2022-12-13,0.73345,0.7396,0.7329,0.73775,0.00465,+0.63%,192314,169433
D6Z22,2022-12-14,0.7381,0.73975,0.7346,0.73735,-0.0004,-0.05%,182872,174600
D6H23,2022-12-15,0.73915,0.7393,0.732,0.73295,-0.0044,-0.60%,164927,180164
D6H23,2022-12-16,0.73255,0.73505,0.73035,0.7311,-0.00185,-0.25%,118743,185029
D6H23,2022-12-19,0.7313,0.73465,0.7309,0.7324,0.0013,+0.18%,61723,184128
D6H23,2022-12-20,0.73305,0.7369,0.73035,0.7353,0.0029,+0.40%,72260,148468
D6H23,2022-12-21,0.73535,0.73645,0.7337,0.7352,-0.0001,-0.01%,58940,147924
D6H23,2022-12-22,0.73515,0.7373,0.73115,0.7331,-0.0021,-0.29%,63086,148785
D6H23,2022-12-23,0.7333,0.73775,0.7326,0.73575,0.00265,+0.36%,64898,141059
D6H23,2022-12-27,0.73645,0.74215,0.73645,0.7398,0.00405,+0.55%,53603,140544
D6H23,2022-12-28,0.7401,0.74205,0.73505,0.73595,-0.00385,-0.52%,60748,137328
D6H23,2022-12-29,0.73545,0.73915,0.73525,0.7391,0.00315,+0.43%,48460,138018
D6H23,2022-12-30,0.73865,0.74045,0.73675,0.7392,0.0001,+0.01%,61113,135584
D6H23,2023-01-03,0.7382,0.73995,0.731,0.73215,-0.00705,-0.95%,87177,138995
D6H23,2023-01-04,0.73195,0.74245,0.73125,0.74205,0.0099,+1.35%,86242,138073
D6H23,2023-01-05,0.7423,0.7428,0.7359,0.73745,-0.0046,-0.62%,73834,135094
D6H23,2023-01-06,0.73745,0.7448,0.732,0.74475,0.0073,+0.99%,98513,136467
D6H23,2023-01-09,0.7444,0.74905,0.74415,0.74845,0.0037,+0.50%,64440,133878
D6H23,2023-01-10,0.74715,0.74795,0.7441,0.74565,-0.0028,-0.37%,51177,133888
D6H23,2023-01-11,0.7452,0.74635,0.7441,0.74545,-0.0002,-0.03%,44717,133302
D6H23,2023-01-12,0.74525,0.74965,0.7432,0.74905,0.0036,+0.48%,80817,135446
D6H23,2023-01-13,0.74835,0.75095,0.7443,0.74715,-0.0019,-0.25%,58525,133158
D6H23,2023-01-17,0.74685,0.7492,0.7445,0.7474,0.00025,+0.03%,83048,132122
D6H23,2023-01-18,0.74725,0.74925,0.74095,0.74155,-0.00585,-0.78%,79383,136610
D6H23,2023-01-19,0.7413,0.74395,0.73985,0.74345,0.0019,+0.26%,67766,137008
D6H23,2023-01-20,0.74285,0.748,0.7411,0.74735,0.0039,+0.52%,54536,135247
D6H23,2023-01-23,0.7477,0.74975,0.74555,0.7471,-0.00025,-0.03%,52671,136429
D6H23,2023-01-24,0.7482,0.74955,0.74575,0.74865,0.00155,+0.21%,54099,137476
D6H23,2023-01-25,0.74835,0.74985,0.74485,0.74735,-0.0013,-0.17%,84138,137975
D6H23,2023-01-26,0.7471,0.7519,0.746,0.7501,0.00275,+0.37%,67749,139843
D6H23,2023-01-27,0.751,0.7521,0.7494,0.7518,0.0017,+0.23%,53605,139153
D6H23,2023-01-30,0.7515,0.7521,0.747,0.7474,-0.0044,-0.59%,55607,138622
D6H23,2023-01-31,0.7474,0.75215,0.7425,0.75175,0.00435,+0.58%,104388,140167
D6H23,2023-02-01,0.7516,0.7539,0.7475,0.752,0.00025,+0.03%,99959,138288
D6H23,2023-02-02,0.75245,0.75415,0.74935,0.75065,-0.00135,-0.18%,85079,137913
D6H23,2023-02-03,0.7512,0.7514,0.7449,0.7469,-0.00375,-0.50%,99287,144810
D6H23,2023-02-06,0.7458,0.7466,0.7421,0.7439,-0.003,-0.40%,75423,149382
D6H23,2023-02-07,0.7438,0.7475,0.74255,0.74575,0.00185,+0.25%,88556,149621
D6H23,2023-02-08,0.74655,0.74865,0.7436,0.74435,-0.0014,-0.19%,67004,153537
D6H23,2023-02-09,0.74385,0.7479,0.74285,0.74355,-0.0008,-0.11%,72364,153634
D6H23,2023-02-10,0.74345,0.74985,0.7424,0.74945,0.0059,+0.79%,90708,148156
D6H23,2023-02-13,0.74945,0.7506,0.74755,0.74985,0.0004,+0.05%,56410,151806
D6H23,2023-02-14,0.7501,0.7535,0.7469,0.74985,0,0.00%,93451,148983
D6H23,2023-02-15,0.7499,0.75005,0.74415,0.74635,-0.0035,-0.47%,72261,149264
D6H23,2023-02-16,0.7466,0.74875,0.7419,0.74485,-0.0015,-0.20%,82063,151559
D6H23,2023-02-17,0.74305,0.74305,0.73875,0.74245,-0.0024,-0.32%,84573,153197
D6H23,2023-02-21,0.7422,0.74405,0.7381,0.7389,-0.00355,-0.48%,101327,151896
D6H23,2023-02-22,0.73885,0.74,0.73705,0.73715,-0.00175,-0.24%,69311,152482
D6H23,2023-02-23,0.7378,0.73995,0.73635,0.7381,0.00095,+0.13%,68176,153716
D6H23,2023-02-24,0.73815,0.73925,0.7318,0.73485,-0.00325,-0.44%,88454,163828
D6H23,2023-02-27,0.7348,0.7389,0.734,0.7364,0.00155,+0.21%,62939,165394
D6H23,2023-02-28,0.73675,0.73745,0.7327,0.73385,-0.00255,-0.35%,75921,165097
D6H23,2023-03-01,0.7332,0.73615,0.7321,0.7348,0.00095,+0.13%,80877,169619
D6H23,2023-03-02,0.7356,0.73625,0.7331,0.73525,0.00045,+0.06%,65922,171242
D6H23,2023-03-03,0.7355,0.7377,0.73285,0.73575,0.0005,+0.07%,87703,178408
D6H23,2023-03-06,0.7352,0.73625,0.73375,0.73425,-0.0015,-0.20%,87213,176887
D6H23,2023-03-07,0.7346,0.7353,0.72655,0.72675,-0.0075,-1.02%,195081,203816
D6H23,2023-03-08,0.72695,0.72755,0.72385,0.72465,-0.0021,-0.29%,263750,205918
D6M23,2023-03-09,0.72605,0.7284,0.7239,0.72465,0,0.00%,258631,239526
D6M23,2023-03-10,0.7246,0.72785,0.72265,0.7242,-0.00045,-0.06%,203490,253077
D6M23,2023-03-13,0.72495,0.73225,0.7249,0.72975,0.00555,+0.77%,154817,250509
D6M23,2023-03-14,0.72935,0.73355,0.72815,0.73195,0.0022,+0.30%,107558,193739
D6M23,2023-03-15,0.73165,0.73315,0.725,0.72855,-0.0034,-0.46%,136524,194157
D6M23,2023-03-16,0.72755,0.73025,0.72635,0.7295,0.00095,+0.13%,117444,185920
D6M23,2023-03-17,0.72975,0.7321,0.7271,0.73015,0.00065,+0.09%,74673,183866
D6M23,2023-03-20,0.73015,0.7336,0.7285,0.733,0.00285,+0.39%,91428,180269
D6M23,2023-03-21,0.73265,0.7339,0.72895,0.73005,-0.00295,-0.40%,71504,178185
D6M23,2023-03-22,0.7302,0.7333,0.72855,0.73155,0.0015,+0.21%,85324,179002
D6M23,2023-03-23,0.72955,0.73475,0.72915,0.73,-0.00155,-0.21%,97821,179935
D6M23,2023-03-24,0.73035,0.7304,0.7254,0.7287,-0.0013,-0.18%,91177,181038
D6M23,2023-03-27,0.7286,0.73365,0.72855,0.7335,0.0048,+0.66%,62784,178188
D6M23,2023-03-28,0.7331,0.7367,0.73125,0.73605,0.00255,+0.35%,67191,176559
D6M23,2023-03-29,0.7363,0.73865,0.7354,0.73805,0.002,+0.27%,66802,175023
D6M23,2023-03-30,0.7385,0.74085,0.73725,0.74065,0.0026,+0.35%,62754,175266
D6M23,2023-03-31,0.7404,0.74125,0.73815,0.7399,-0.00075,-0.10%,71913,173983
D6M23,2023-04-03,0.7421,0.74655,0.7397,0.7462,0.0063,+0.85%,98622,171024
D6M23,2023-04-04,0.7456,0.7468,0.74335,0.744,-0.0022,-0.29%,75758,169138
D6M23,2023-04-05,0.74455,0.74585,0.7425,0.744,0,0.00%,63180,165904
D6M23,2023-04-06,0.7439,0.7445,0.7412,0.74315,-0.00085,-0.11%,59460,162573
D6M23,2023-04-07,0.74215,0.7424,0.7399,0.74135,-0.0018,-0.24%,11926,161844
D6M23,2023-04-10,0.74075,0.7424,0.73865,0.741,-0.00035,-0.05%,44426,163433
D6M23,2023-04-11,0.7411,0.7437,0.7407,0.74335,0.00235,+0.32%,54998,164875
D6M23,2023-04-12,0.7434,0.7456,0.74215,0.74535,0.002,+0.27%,65823,167066
D6M23,2023-04-13,0.74465,0.75085,0.7444,0.75075,0.0054,+0.72%,68441,162315
D6M23,2023-04-14,0.75055,0.7527,0.74735,0.74935,-0.0014,-0.19%,110342,156069
D6M23,2023-04-17,0.7491,0.7503,0.74595,0.7472,-0.00215,-0.29%,64257,152105
D6M23,2023-04-18,0.7474,0.74935,0.747,0.7475,0.0003,+0.04%,60022,148420
D6M23,2023-04-19,0.74775,0.74795,0.74335,0.7436,-0.0039,-0.52%,68935,143832
D6M23,2023-04-20,0.7438,0.7444,0.7421,0.7429,-0.0007,-0.09%,52654,141753
D6M23,2023-04-21,0.74285,0.74295,0.73805,0.7389,-0.004,-0.54%,64306,144749
D6M23,2023-04-24,0.73915,0.74025,0.7378,0.7393,0.0004,+0.05%,55211,145358
D6M23,2023-04-25,0.7392,0.74015,0.73345,0.73365,-0.00565,-0.76%,75130,151786
D6M23,2023-04-26,0.73455,0.73605,0.7333,0.73345,-0.0002,-0.03%,84479,156049
D6M23,2023-04-27,0.7341,0.7366,0.7336,0.73585,0.0024,+0.33%,78841,163716
D6M23,2023-04-28,0.73625,0.7395,0.7323,0.73945,0.0036,+0.49%,94717,165152
D6M23,2023-05-01,0.73915,0.73985,0.73695,0.7391,-0.00035,-0.05%,51459,166497
D6M23,2023-05-02,0.73895,0.7399,0.73395,0.7348,-0.0043,-0.58%,78843,171054
D6M23,2023-05-03,0.7346,0.737,0.7339,0.7364,0.0016,+0.22%,65776,170797
D6M23,2023-05-04,0.73525,0.7404,0.73425,0.73935,0.00295,+0.40%,69870,172056
D6M23,2023-05-05,0.73925,0.74855,0.7392,0.74845,0.0091,+1.23%,85447,168877
D6M23,2023-05-08,0.7483,0.75175,0.74765,0.7486,0.00015,+0.02%,94079,161085
D6M23,2023-05-09,0.74825,0.74885,0.74655,0.7482,-0.0004,-0.05%,61603,159364
D6M23,2023-05-10,0.7478,0.75055,0.7461,0.7479,-0.0003,-0.04%,83837,158801
D6M23,2023-05-11,0.74855,0.74895,0.74155,0.7421,-0.0058,-0.78%,83097,158403
D6M23,2023-05-12,0.742,0.7424,0.7377,0.738,-0.0041,-0.55%,77545,161138
D6M23,2023-05-15,0.73805,0.7435,0.7376,0.743,0.005,+0.68%,70599,160947
D6M23,2023-05-16,0.74315,0.74655,0.7416,0.74295,-0.00005,-0.01%,75578,160993
D6M23,2023-05-17,0.7425,0.7447,0.7393,0.7439,0.00095,+0.13%,68530,159976
D6M23,2023-05-18,0.7438,0.74385,0.7399,0.7406,-0.0033,-0.44%,59004,161422
D6M23,2023-05-19,0.74115,0.7429,0.7399,0.74075,0.00015,+0.02%,65129,159482
D6M23,2023-05-22,0.7412,0.742,0.74015,0.74075,0,0.00%,31784,158368
D6M23,2023-05-23,0.74095,0.74205,0.7385,0.7411,0.00035,+0.05%,61247,159199
D6M23,2023-05-24,0.74105,0.7414,0.7354,0.73575,-0.00535,-0.72%,97380,167481
D6M23,2023-05-25,0.7359,0.7364,0.73325,0.73355,-0.0022,-0.30%,70123,172765
D6M23,2023-05-26,0.73345,0.7356,0.73265,0.73475,0.0012,+0.16%,72931,176207
D6M23,2023-05-30,0.73495,0.73745,0.73485,0.73555,0.0008,+0.11%,77390,179871
D6M23,2023-05-31,0.73565,0.73725,0.7328,0.73695,0.0014,+0.19%,95275,182549
D6M23,2023-06-01,0.737,0.74455,0.7364,0.7439,0.00695,+0.94%,89128,177597
D6M23,2023-06-02,0.7439,0.7461,0.7437,0.74475,0.00085,+0.11%,70832,172067
D6M23,2023-06-05,0.74465,0.74555,0.7431,0.7444,-0.00035,-0.05%,59213,169701
D6M23,2023-06-06,0.7442,0.747,0.74355,0.7464,0.002,+0.27%,61062,168025
D6M23,2023-06-07,0.7464,0.7549,0.745,0.748,0.0016,+0.21%,117534,164457
D6M23,2023-06-08,0.7481,0.7501,0.7471,0.74875,0.00075,+0.10%,80967,164019
D6M23,2023-06-09,0.7487,0.75125,0.748,0.7491,0.00035,+0.05%,109296,164373
D6M23,2023-06-12,0.74975,0.75115,0.7473,0.74795,-0.00115,-0.15%,145158,162052
D6M23,2023-06-13,0.7482,0.75275,0.7476,0.7514,0.00345,+0.46%,141021,167232
D6M23,2023-06-14,0.7511,0.75355,0.749,0.7511,-0.0003,-0.04%,177392,165189
D6U23,2023-06-15,0.75175,0.7582,0.74985,0.75805,0.00695,+0.93%,182912,173444
D6U23,2023-06-16,0.7575,0.7599,0.7564,0.7598,0.00175,+0.23%,105364,175941
D6U23,2023-06-20,0.75885,0.75985,0.7546,0.7569,-0.0029,-0.38%,109693,138990
D6U23,2023-06-21,0.75675,0.76105,0.75605,0.76095,0.00405,+0.54%,70849,144050
D6U23,2023-06-22,0.76065,0.76215,0.7598,0.7617,0.00075,+0.10%,64805,152163
D6U23,2023-06-23,0.7614,0.7618,0.75705,0.7591,-0.0026,-0.34%,70086,156053
D6U23,2023-06-26,0.75965,0.7622,0.7596,0.76175,0.00265,+0.35%,69433,161257
D6U23,2023-06-27,0.7612,0.7634,0.75895,0.75975,-0.002,-0.26%,69750,167798
D6U23,2023-06-28,0.75905,0.75915,0.7542,0.7556,-0.00415,-0.55%,76110,166613
D6U23,2023-06-29,0.7555,0.7563,0.75365,0.7559,0.0003,+0.04%,63440,165810
D6U23,2023-06-30,0.7556,0.7581,0.7534,0.7563,0.0004,+0.05%,77364,160537
D6U23,2023-07-03,0.75595,0.75675,0.75425,0.75545,-0.00085,-0.11%,45625,156284
D6U23,2023-07-05,0.75555,0.7583,0.75305,0.7538,-0.00165,-0.22%,90799,155065
D6U23,2023-07-06,0.7538,0.75415,0.7486,0.7495,-0.0043,-0.57%,81506,151544
D6U23,2023-07-07,0.74895,0.75465,0.7478,0.75425,0.00475,+0.63%,75342,142266
D6U23,2023-07-10,0.75395,0.75445,0.7524,0.7538,-0.00045,-0.06%,51900,140869
D6U23,2023-07-11,0.7537,0.75655,0.7532,0.7558,0.002,+0.27%,46517,140395
D6U23,2023-07-12,0.7565,0.76145,0.75635,0.759,0.0032,+0.42%,88667,140490
D6U23,2023-07-13,0.7592,0.7638,0.75855,0.76355,0.00455,+0.60%,79339,145928
D6U23,2023-07-14,0.76345,0.7644,0.7566,0.7576,-0.00595,-0.78%,74115,146841
D6U23,2023-07-17,0.7568,0.7604,0.7563,0.75915,0.00155,+0.20%,56848,146569
D6U23,2023-07-18,0.75835,0.7601,0.7557,0.75965,0.0005,+0.07%,64696,145676
D6U23,2023-07-19,0.7599,0.76075,0.75855,0.76045,0.0008,+0.11%,48157,148065
D6U23,2023-07-20,0.76035,0.76285,0.75845,0.7595,-0.00095,-0.12%,48407,151047
D6U23,2023-07-21,0.7598,0.76085,0.7566,0.75785,-0.00165,-0.22%,63574,151531
D6U23,2023-07-24,0.75695,0.761,0.75655,0.76,0.00215,+0.28%,55372,156527
D6U23,2023-07-25,0.75995,0.76115,0.7576,0.7597,-0.0003,-0.04%,47495,156395
D6U23,2023-07-26,0.7596,0.75975,0.7559,0.75835,-0.00135,-0.18%,61470,156825
D6U23,2023-07-27,0.75785,0.7605,0.7556,0.7563,-0.00205,-0.27%,75507,156721
D6U23,2023-07-28,0.7567,0.75805,0.7547,0.75575,-0.00055,-0.07%,65875,158716
D6U23,2023-07-31,0.7552,0.7609,0.7545,0.75945,0.0037,+0.49%,67315,155634
D6U23,2023-08-01,0.75865,0.75885,0.7523,0.75285,-0.0066,-0.87%,104883,152606
D6U23,2023-08-02,0.7539,0.7544,0.74925,0.74975,-0.0031,-0.41%,72151,147157
D6U23,2023-08-03,0.74965,0.75065,0.7479,0.74925,-0.0005,-0.07%,69890,144743
D6U23,2023-08-04,0.74925,0.75115,0.747,0.7476,-0.00165,-0.22%,86690,142068
D6U23,2023-08-07,0.7476,0.74915,0.7467,0.7485,0.0009,+0.12%,43447,139454
D6U23,2023-08-08,0.74825,0.74845,0.741,0.7456,-0.0029,-0.39%,94181,140960
D6U23,2023-08-09,0.74575,0.74645,0.74365,0.7458,0.0002,+0.03%,70693,140368
D6U23,2023-08-10,0.7455,0.74815,0.74385,0.74565,-0.00015,-0.02%,66889,144230
D6U23,2023-08-11,0.744,0.7459,0.74295,0.744,-0.00165,-0.22%,66171,149670
D6U23,2023-08-14,0.7442,0.7445,0.74215,0.74265,-0.00135,-0.18%,59145,153621
D6U23,2023-08-15,0.7431,0.7444,0.74095,0.7414,-0.00125,-0.17%,72300,157440
D6U23,2023-08-16,0.7412,0.74235,0.73855,0.7391,-0.0023,-0.31%,68245,163542
D6U23,2023-08-17,0.7392,0.7412,0.7381,0.7382,-0.0009,-0.12%,63233,168045
D6U23,2023-08-18,0.7385,0.73965,0.73685,0.7385,0.0003,+0.04%,59804,169195
D6U23,2023-08-21,0.7382,0.7412,0.73695,0.7384,-0.0001,-0.01%,54794,167808
D6U23,2023-08-22,0.73855,0.7403,0.73745,0.7379,-0.0005,-0.07%,53679,166147
D6U23,2023-08-23,0.7382,0.7399,0.7353,0.7387,0.0008,+0.11%,70849,166508
D6U23,2023-08-24,0.7394,0.74045,0.7361,0.7369,-0.0018,-0.24%,61689,170375
D6U23,2023-08-25,0.73645,0.73715,0.73325,0.73575,-0.00115,-0.16%,79412,174122
D6U23,2023-08-28,0.73535,0.7371,0.73485,0.73525,-0.0005,-0.07%,49828,175732
D6U23,2023-08-29,0.73545,0.7382,0.73345,0.73735,0.0021,+0.29%,79019,177048
D6U23,2023-08-30,0.73795,0.7402,0.73675,0.7392,0.00185,+0.25%,76651,177687
D6U23,2023-08-31,0.73905,0.74065,0.73775,0.73985,0.00065,+0.09%,79915,181208
D6U23,2023-09-01,0.74025,0.7415,0.7347,0.73545,-0.0044,-0.59%,99432,184050
D6U23,2023-09-05,0.7357,0.73675,0.7316,0.73325,-0.0022,-0.30%,129835,189660
D6U23,2023-09-06,0.7333,0.73415,0.7313,0.73255,-0.0007,-0.10%,86392,198774
D6U23,2023-09-07,0.73345,0.7336,0.73035,0.73085,-0.0017,-0.23%,83345,203847
D6U23,2023-09-08,0.73075,0.73495,0.73055,0.733,0.00215,+0.29%,129995,205389
D6U23,2023-09-11,0.73325,0.73745,0.73325,0.73635,0.00335,+0.46%,114887,208589
D6U23,2023-09-12,0.7365,0.7384,0.7357,0.73775,0.0014,+0.19%,163002,217080
D6U23,2023-09-13,0.7378,0.73965,0.736,0.7372,-0.00055,-0.07%,196499,241804
D6Z23,2023-09-14,0.73895,0.74205,0.7388,0.74125,0.00405,+0.55%,220155,261558
D6Z23,2023-09-15,0.7412,0.742,0.739,0.7407,-0.00055,-0.07%,160656,255304
D6Z23,2023-09-18,0.74015,0.7432,0.74015,0.742,0.0013,+0.18%,80763,251355
D6Z23,2023-09-19,0.74245,0.7485,0.74225,0.74475,0.00275,+0.37%,115073,173986
D6Z23,2023-09-20,0.7445,0.7474,0.74285,0.74505,0.0003,+0.04%,91327,171937
D6Z23,2023-09-21,0.74385,0.7439,0.7394,0.74325,-0.0018,-0.24%,102440,169900
D6Z23,2023-09-22,0.74275,0.74585,0.74205,0.74285,-0.0004,-0.05%,94142,172645
D6Z23,2023-09-25,0.7431,0.74415,0.74205,0.7432,0.00035,+0.05%,67018,173736
D6Z23,2023-09-26,0.7441,0.7444,0.74005,0.7404,-0.0028,-0.38%,76106,175848
D6Z23,2023-09-27,0.7406,0.74185,0.7392,0.741,0.0006,+0.08%,85171,176234
D6Z23,2023-09-28,0.74175,0.7432,0.74065,0.74145,0.00045,+0.06%,81364,176267
D6Z23,2023-09-29,0.7421,0.74615,0.7369,0.73835,-0.0031,-0.42%,143968,179559
D6Z23,2023-10-02,0.7376,0.73815,0.73175,0.7322,-0.00615,-0.83%,109058,181988
D6Z23,2023-10-03,0.7321,0.73215,0.72875,0.7302,-0.002,-0.27%,120792,189443
D6Z23,2023-10-04,0.7301,0.73115,0.72645,0.72805,-0.00215,-0.29%,121677,190702
D6Z23,2023-10-05,0.7284,0.73045,0.72615,0.72985,0.0018,+0.25%,96001,191303
D6Z23,2023-10-06,0.7303,0.7336,0.72815,0.73295,0.0031,+0.42%,99719,186459
D6Z23,2023-10-09,0.73215,0.73705,0.7316,0.7367,0.00375,+0.51%,66402,183352
D6Z23,2023-10-10,0.7365,0.73765,0.7351,0.7366,-0.0001,-0.01%,93279,179357
D6Z23,2023-10-11,0.7369,0.73755,0.73475,0.7359,-0.0007,-0.10%,70147,182233
D6Z23,2023-10-12,0.7364,0.73715,0.73055,0.73105,-0.00485,-0.66%,83768,189778
D6Z23,2023-10-13,0.73105,0.734,0.73095,0.7327,0.00165,+0.23%,74379,188316
D6Z23,2023-10-16,0.7331,0.73555,0.7327,0.73505,0.00235,+0.32%,56772,187771
D6Z23,2023-10-17,0.73545,0.7355,0.73035,0.73335,-0.0017,-0.23%,101198,183813
D6Z23,2023-10-18,0.73335,0.735,0.7296,0.73005,-0.0033,-0.45%,77330,184261
D6Z23,2023-10-19,0.72975,0.7316,0.72835,0.72945,-0.0006,-0.08%,97991,185631
D6Z23,2023-10-20,0.7295,0.7321,0.72865,0.73035,0.0009,+0.12%,83172,188424
D6Z23,2023-10-23,0.73005,0.73225,0.7285,0.73155,0.0012,+0.16%,82385,185734
D6Z23,2023-10-24,0.7309,0.73255,0.7275,0.72885,-0.0027,-0.37%,84487,184747
D6Z23,2023-10-25,0.7283,0.72885,0.72465,0.7253,-0.00355,-0.49%,100170,186492
D6Z23,2023-10-26,0.72535,0.7257,0.72285,0.72435,-0.00095,-0.13%,94999,191666
D6Z23,2023-10-27,0.7235,0.72535,0.7209,0.721,-0.00335,-0.46%,80164,196123
D6Z23,2023-10-30,0.72145,0.7244,0.7213,0.72395,0.00295,+0.41%,72379,198063
D6Z23,2023-10-31,0.72375,0.7244,0.7203,0.72165,-0.0023,-0.32%,76222,198528
D6Z23,2023-11-01,0.7214,0.7229,0.71985,0.72085,-0.0008,-0.11%,96546,206448
D6Z23,2023-11-02,0.72225,0.7284,0.7222,0.72755,0.0067,+0.93%,91033,208409
D6Z23,2023-11-03,0.7282,0.7328,0.72715,0.7325,0.00495,+0.68%,112860,206660
D6Z23,2023-11-06,0.7324,0.7341,0.7302,0.73095,-0.00155,-0.21%,71195,200988
D6Z23,2023-11-07,0.73045,0.7306,0.72595,0.7271,-0.00385,-0.53%,72608,200364
D6Z23,2023-11-08,0.72695,0.7274,0.72425,0.72485,-0.00225,-0.31%,56608,204573
D6Z23,2023-11-09,0.72535,0.7278,0.72415,0.72435,-0.0005,-0.07%,75879,210633
D6Z23,2023-11-10,0.7247,0.7254,0.7221,0.72445,0.0001,+0.01%,52674,215072
D6Z23,2023-11-13,0.725,0.72615,0.7233,0.72505,0.0006,+0.08%,42720,213261
D6Z23,2023-11-14,0.7249,0.7311,0.7227,0.73045,0.0054,+0.74%,91569,205982
D6Z23,2023-11-15,0.73065,0.7327,0.7297,0.7312,0.00075,+0.10%,78199,204780
D6Z23,2023-11-16,0.7312,0.73145,0.72615,0.727,-0.0042,-0.57%,77152,205224
D6Z23,2023-11-17,0.72725,0.7298,0.72645,0.7292,0.0022,+0.30%,60748,206491
D6Z23,2023-11-20,0.7293,0.7307,0.72755,0.72895,-0.00025,-0.03%,54247,206395
D6Z23,2023-11-21,0.729,0.73125,0.7285,0.73015,0.0012,+0.16%,66227,203248
D6Z23,2023-11-22,0.73005,0.73095,0.7267,0.73005,-0.0001,-0.01%,68081,203251
D6Z23,2023-11-24,0.73085,0.73585,0.7295,0.73495,0.0049,+0.67%,116695,202390
D6Z23,2023-11-27,0.73385,0.73475,0.7322,0.7342,-0.00075,-0.10%,76209,200366
D6Z23,2023-11-28,0.7346,0.7377,0.7346,0.73735,0.00315,+0.43%,84769,200864
D6Z23,2023-11-29,0.73705,0.73865,0.73465,0.73635,-0.001,-0.14%,73938,198961
D6Z23,2023-11-30,0.73605,0.73805,0.73405,0.73725,0.0009,+0.12%,102417,201449
D6Z23,2023-12-01,0.7376,0.74155,0.7375,0.7412,0.00395,+0.54%,88193,200349
D6Z23,2023-12-04,0.74115,0.74195,0.73745,0.73855,-0.00265,-0.36%,71100,198324
D6Z23,2023-12-05,0.73885,0.73885,0.7357,0.73615,-0.0024,-0.32%,66673,197791
D6Z23,2023-12-06,0.73585,0.73815,0.7356,0.7361,-0.00005,-0.01%,67706,199796
D6Z23,2023-12-07,0.7357,0.7363,0.7343,0.7358,-0.0003,-0.04%,58894,201741
D6Z23,2023-12-08,0.7354,0.73805,0.7348,0.73625,0.00045,+0.06%,83473,202218
D6Z23,2023-12-11,0.7362,0.7381,0.7351,0.737,0.00075,+0.10%,86902,201056
D6Z23,2023-12-12,0.73665,0.73835,0.73435,0.7356,-0.0014,-0.19%,176288,213873
D6Z23,2023-12-13,0.7358,0.7411,0.73495,0.7407,0.0051,+0.69%,224764,214898
D6H24,2023-12-14,0.7411,0.7476,0.741,0.74675,0.00605,+0.82%,227684,214608
D6H24,2023-12-15,0.74685,0.75005,0.74645,0.74895,0.0022,+0.29%,172034,210427
D6H24,2023-12-18,0.74865,0.75015,0.7468,0.74775,-0.0012,-0.16%,82284,212155
D6H24,2023-12-19,0.74745,0.7511,0.7472,0.7509,0.00315,+0.42%,80599,161526
D6H24,2023-12-20,0.75095,0.75225,0.74895,0.7506,-0.0003,-0.04%,87234,165271
D6H24,2023-12-21,0.74935,0.7543,0.7492,0.75345,0.00285,+0.38%,82624,171316
D6H24,2023-12-22,0.7538,0.75755,0.75325,0.75515,0.0017,+0.23%,83927,174229
D6H24,2023-12-26,0.75495,0.7589,0.75495,0.75855,0.0034,+0.45%,49175,176452
D6H24,2023-12-27,0.75885,0.7599,0.75745,0.75785,-0.0007,-0.09%,90406,181793
D6H24,2023-12-28,0.7584,0.7595,0.7565,0.7568,-0.00105,-0.14%,78876,188179
D6H24,2023-12-29,0.7568,0.7597,0.7547,0.75625,-0.00055,-0.07%,87196,184811
D6H24,2024-01-02,0.75575,0.7568,0.75075,0.7511,-0.00515,-0.68%,80277,184476
D6H24,2024-01-03,0.75135,0.75165,0.74865,0.7496,-0.0015,-0.20%,63255,185565
D6H24,2024-01-04,0.7497,0.7517,0.74895,0.7495,-0.0001,-0.01%,62008,184011
D6H24,2024-01-05,0.7499,0.75335,0.747,0.7491,-0.0004,-0.05%,95818,178304
D6H24,2024-01-08,0.749,0.75005,0.7467,0.74975,0.00065,+0.09%,62987,174186
D6H24,2024-01-09,0.7499,0.7503,0.74615,0.74725,-0.0025,-0.33%,59440,171557
D6H24,2024-01-10,0.74745,0.7489,0.7473,0.7482,0.00095,+0.13%,49738,171038
D6H24,2024-01-11,0.74805,0.75,0.74455,0.74715,-0.00105,-0.14%,88552,170748
D6H24,2024-01-12,0.7471,0.7501,0.7463,0.74665,-0.0005,-0.07%,68256,170153
D6H24,2024-01-16,0.7463,0.7479,0.74125,0.74175,-0.0049,-0.66%,119894,165058
D6H24,2024-01-17,0.7417,0.74245,0.7391,0.7403,-0.00145,-0.20%,77779,162925
D6H24,2024-01-18,0.741,0.7424,0.7395,0.7411,0.0008,+0.11%,76503,162759
D6H24,2024-01-19,0.74205,0.7453,0.7412,0.7449,0.0038,+0.51%,62460,157650
D6H24,2024-01-22,0.7451,0.746,0.74225,0.74265,-0.00225,-0.30%,69988,156867
D6H24,2024-01-23,0.7424,0.74385,0.7417,0.743,0.00035,+0.05%,65849,155138
D6H24,2024-01-24,0.74345,0.7451,0.7397,0.74045,-0.00255,-0.34%,86057,157819
D6H24,2024-01-25,0.73985,0.743,0.7393,0.74235,0.0019,+0.26%,79564,156042
D6H24,2024-01-26,0.74265,0.74595,0.74215,0.74405,0.0017,+0.23%,64072,155189
D6H24,2024-01-29,0.7439,0.7462,0.7431,0.745,0.00095,+0.13%,56237,157793
D6H24,2024-01-30,0.746,0.747,0.74415,0.7468,0.0018,+0.24%,61706,159376
D6H24,2024-01-31,0.7468,0.74905,0.74415,0.74665,-0.00015,-0.02%,106854,158568
D6H24,2024-02-01,0.7446,0.7485,0.7431,0.7475,0.00085,+0.11%,82313,159942
D6H24,2024-02-02,0.74755,0.7486,0.74245,0.7433,-0.0042,-0.56%,95383,160007
D6H24,2024-02-05,0.743,0.74305,0.7387,0.7392,-0.0041,-0.55%,81221,161521
D6H24,2024-02-06,0.7388,0.74245,0.7387,0.74205,0.00285,+0.39%,76763,160118
D6H24,2024-02-07,0.74165,0.7436,0.74155,0.74295,0.0009,+0.12%,42542,157936
D6H24,2024-02-08,0.7432,0.744,0.7415,0.7435,0.00055,+0.07%,54611,157002
D6H24,2024-02-09,0.7434,0.7459,0.74205,0.74315,-0.00035,-0.05%,61007,157471
D6H24,2024-02-12,0.743,0.74495,0.74245,0.7435,0.00035,+0.05%,42201,157318
D6H24,2024-02-13,0.7438,0.7448,0.7363,0.7364,-0.0071,-0.95%,106004,161519
D6H24,2024-02-14,0.7376,0.73935,0.7371,0.73855,0.00215,+0.29%,72319,157700
D6H24,2024-02-15,0.7388,0.7431,0.73825,0.74265,0.0041,+0.56%,83428,156584
D6H24,2024-02-16,0.743,0.7432,0.74055,0.7415,-0.00115,-0.15%,63995,156699
D6H24,2024-02-20,0.74175,0.74275,0.73935,0.73975,-0.00175,-0.24%,94866,157629
D6H24,2024-02-21,0.73965,0.7413,0.73905,0.74085,0.0011,+0.15%,55944,159350
D6H24,2024-02-22,0.74075,0.7443,0.74,0.74165,0.0008,+0.11%,82458,160972
D6H24,2024-02-23,0.74195,0.7431,0.73995,0.74095,-0.0007,-0.09%,77625,160863
D6H24,2024-02-26,0.7407,0.74095,0.7394,0.7402,-0.00075,-0.10%,51303,163508
D6H24,2024-02-27,0.74065,0.7418,0.73875,0.73935,-0.00085,-0.11%,61899,166484
D6H24,2024-02-28,0.73945,0.7395,0.73515,0.7366,-0.00275,-0.37%,102576,172420
D6H24,2024-02-29,0.7367,0.73875,0.7356,0.7367,0.0001,+0.01%,97410,175303
D6H24,2024-03-01,0.73655,0.73845,0.7353,0.73765,0.00095,+0.13%,93087,178624
D6H24,2024-03-04,0.73785,0.7384,0.73635,0.7365,-0.00115,-0.16%,59989,182148
D6H24,2024-03-05,0.73675,0.7379,0.7351,0.73575,-0.00075,-0.10%,80001,183697
D6H24,2024-03-06,0.7357,0.74095,0.7354,0.73995,0.0042,+0.57%,101387,181273
D6H24,2024-03-07,0.74005,0.7434,0.73945,0.74325,0.0033,+0.45%,73314,178388
D6H24,2024-03-08,0.7432,0.74525,0.7409,0.7417,-0.00155,-0.21%,106820,181681
D6H24,2024-03-11,0.74165,0.7425,0.74025,0.7416,-0.0001,-0.01%,106743,187856
D6H24,2024-03-12,0.74175,0.74265,0.7394,0.74105,-0.00055,-0.07%,176791,193223
D6H24,2024-03-13,0.7412,0.74305,0.74085,0.7426,0.00155,+0.21%,215256,201821
D6M24,2024-03-14,0.74345,0.74395,0.73945,0.7399,-0.0027,-0.36%,282099,227429
D6M24,2024-03-15,0.73995,0.74115,0.7389,0.73955,-0.00035,-0.05%,209318,232300
D6M24,2024-03-18,0.7394,0.74055,0.73895,0.73995,0.0004,+0.05%,83707,222385
D6M24,2024-03-19,0.73995,0.74,0.7356,0.7381,-0.00185,-0.25%,137223,183649
D6M24,2024-03-20,0.73815,0.74275,0.736,0.74205,0.00395,+0.54%,105507,182389
D6M24,2024-03-21,0.74215,0.7442,0.7394,0.73985,-0.0022,-0.30%,110114,178631
D6M24,2024-03-22,0.74005,0.74055,0.7354,0.7356,-0.00425,-0.57%,91941,193886
D6M24,2024-03-25,0.7359,0.7378,0.73535,0.7371,0.0015,+0.20%,63946,194309
D6M24,2024-03-26,0.737,0.7388,0.73675,0.73735,0.00025,+0.03%,56943,190995
D6M24,2024-03-27,0.737,0.7381,0.73575,0.73745,0.0001,+0.01%,69081,193573
D6M24,2024-03-28,0.7379,0.7402,0.7354,0.7394,0.00195,+0.26%,94390,193376
D6M24,2024-04-01,0.7395,0.7408,0.7368,0.737,-0.0024,-0.32%,74797,198146
D6M24,2024-04-02,0.73755,0.7384,0.73695,0.73755,0.00055,+0.07%,56785,197171
D6M24,2024-04-03,0.738,0.74095,0.7367,0.7399,0.00235,+0.32%,81054,193789
D6M24,2024-04-04,0.7401,0.7428,0.73835,0.73935,-0.00055,-0.07%,96636,188740
D6M24,2024-04-05,0.73925,0.7394,0.7335,0.73665,-0.0027,-0.37%,158380,192109
D6M24,2024-04-08,0.7365,0.73775,0.73515,0.73735,0.0007,+0.10%,66431,192846
D6M24,2024-04-09,0.73755,0.739,0.73615,0.73705,-0.0003,-0.04%,71155,192964
D6M24,2024-04-10,0.7377,0.7385,0.7305,0.73105,-0.006,-0.81%,193310,211701
D6M24,2024-04-11,0.73155,0.73265,0.72925,0.73145,0.0004,+0.05%,122600,222192
D6M24,2024-04-12,0.7311,0.73155,0.72595,0.72615,-0.0053,-0.72%,99988,228591
D6M24,2024-04-15,0.7268,0.7293,0.72565,0.7258,-0.00035,-0.05%,98853,232060
D6M24,2024-04-16,0.72595,0.72665,0.7229,0.7248,-0.001,-0.14%,113302,237238
D6M24,2024-04-17,0.72385,0.72745,0.72335,0.7268,0.002,+0.28%,79194,237859
D6M24,2024-04-18,0.7269,0.72835,0.72625,0.7266,-0.0002,-0.03%,73122,236567
D6M24,2024-04-19,0.727,0.7293,0.725,0.72775,0.00115,+0.16%,94174,231885
D6M24,2024-04-22,0.7282,0.7313,0.72775,0.7309,0.00315,+0.43%,73183,230393
D6M24,2024-04-23,0.7307,0.73295,0.7298,0.7326,0.0017,+0.23%,101916,226747
D6M24,2024-04-24,0.7326,0.73305,0.72895,0.73025,-0.00235,-0.32%,76623,222512
D6M24,2024-04-25,0.73035,0.7332,0.72885,0.73255,0.0023,+0.31%,88383,218934
D6M24,2024-04-26,0.7328,0.7341,0.73075,0.7329,0.00035,+0.05%,92691,211625
D6M24,2024-04-29,0.73205,0.73415,0.73175,0.73265,-0.00025,-0.03%,70503,209749
D6M24,2024-04-30,0.73265,0.73275,0.726,0.72725,-0.0054,-0.74%,125734,211555
D6M24,2024-05-01,0.7264,0.73035,0.7261,0.7299,0.00265,+0.36%,113274,216583
D6M24,2024-05-02,0.72845,0.73215,0.72845,0.7321,0.0022,+0.30%,82163,213829
D6M24,2024-05-03,0.732,0.73535,0.73085,0.7314,-0.0007,-0.10%,123352,210452
D6M24,2024-05-06,0.7315,0.73325,0.7306,0.7326,0.0012,+0.16%,53751,210197
D6M24,2024-05-07,0.73225,0.7325,0.7282,0.72865,-0.00395,-0.54%,77101,216708
D6M24,2024-05-08,0.72895,0.7295,0.7271,0.7287,0.00005,+0.01%,68755,220839
D6M24,2024-05-09,0.72915,0.7318,0.72835,0.73165,0.00295,+0.40%,92330,220060
D6M24,2024-05-10,0.73155,0.73395,0.7309,0.73185,0.0002,+0.03%,95902,220242
D6M24,2024-05-13,0.73195,0.73245,0.7309,0.73195,0.0001,+0.01%,51020,223208
D6M24,2024-05-14,0.73205,0.73395,0.73075,0.7329,0.00095,+0.13%,81355,220627
D6M24,2024-05-15,0.73295,0.7363,0.7324,0.73555,0.00265,+0.36%,124418,219073
D6M24,2024-05-16,0.7355,0.73625,0.73345,0.73495,-0.0006,-0.08%,83105,228790
D6M24,2024-05-17,0.73475,0.7356,0.73325,0.73515,0.0002,+0.03%,75151,231651
D6M24,2024-05-20,0.73495,0.73585,0.73375,0.7345,-0.00065,-0.09%,64280,228896
D6M24,2024-05-21,0.7343,0.7348,0.7315,0.73275,-0.00175,-0.24%,123220,234491
D6M24,2024-05-22,0.73325,0.73435,0.73035,0.7305,-0.00225,-0.31%,107250,239005
D6M24,2024-05-23,0.73075,0.73255,0.7279,0.72795,-0.00255,-0.35%,159198,273696
D6M24,2024-05-24,0.7287,0.73305,0.72815,0.7322,0.00425,+0.58%,101037,269293
D6M24,2024-05-28,0.73185,0.7348,0.7318,0.733,0.0008,+0.11%,118618,264401
D6M24,2024-05-29,0.7331,0.7332,0.72915,0.72955,-0.00345,-0.47%,118384,264100
D6M24,2024-05-30,0.7293,0.73235,0.7283,0.7315,0.00195,+0.27%,105099,257372
D6M24,2024-05-31,0.73125,0.7345,0.73065,0.7339,0.0024,+0.33%,145278,262985
D6M24,2024-06-03,0.73405,0.7354,0.7318,0.73305,-0.00085,-0.12%,115163,261623
D6M24,2024-06-04,0.73385,0.73435,0.7302,0.7312,-0.00185,-0.25%,137804,265761
D6M24,2024-06-05,0.7313,0.73195,0.7279,0.7307,-0.0005,-0.07%,136882,275241
D6M24,2024-06-06,0.7305,0.732,0.72955,0.7319,0.0012,+0.16%,122059,278294
D6M24,2024-06-07,0.7318,0.732,0.7265,0.72765,-0.00425,-0.58%,151490,300079
D6M24,2024-06-10,0.7267,0.7272,0.7257,0.7268,-0.00085,-0.12%,116926,308306
D6M24,2024-06-11,0.72695,0.7275,0.72515,0.72725,0.00045,+0.06%,206659,307387
D6M24,2024-06-12,0.72695,0.7311,0.72685,0.72925,0.002,+0.28%,265829,295332
D6U24,2024-06-13,0.73045,0.73075,0.72815,0.7293,0.00005,+0.01%,339188,347415
D6U24,2024-06-14,0.72925,0.73005,0.7273,0.7294,0.0001,+0.01%,230153,373307
D6U24,2024-06-17,0.72995,0.7304,0.7281,0.73035,0.00095,+0.13%,122610,353511
D6U24,2024-06-18,0.73015,0.731,0.72845,0.73065,0.0003,+0.04%,94995,286193
D6U24,2024-06-20,0.73055,0.73245,0.7301,0.7321,0.00145,+0.20%,127286,284237
D6U24,2024-06-21,0.73195,0.7328,0.7301,0.7315,-0.0006,-0.08%,93034,281134
D6U24,2024-06-24,0.7317,0.7341,0.731,0.734,0.0025,+0.34%,89406,277538
D6U24,2024-06-25,0.7338,0.73595,0.7324,0.73375,-0.00025,-0.03%,114494,278437
D6U24,2024-06-26,0.73355,0.734,0.7309,0.73115,-0.0026,-0.35%,105889,276511
D6U24,2024-06-27,0.7312,0.73265,0.73065,0.7317,0.00055,+0.08%,87036,270916
D6U24,2024-06-28,0.73135,0.7337,0.7294,0.732,0.0003,+0.04%,138312,262921
D6U24,2024-07-01,0.73245,0.73325,0.72865,0.72885,-0.00315,-0.43%,98759,270757
D6U24,2024-07-02,0.72925,0.733,0.7283,0.7326,0.00375,+0.51%,111555,263465
D6U24,2024-07-03,0.7324,0.7357,0.73195,0.7346,0.002,+0.27%,102704,264027
D6U24,2024-07-05,0.7346,0.7364,0.7337,0.7351,0.0005,+0.07%,115013,257319
D6U24,2024-07-08,0.73435,0.73525,0.734,0.73445,-0.00065,-0.09%,50474,257465
D6U24,2024-07-09,0.7347,0.73505,0.73395,0.73495,0.0005,+0.07%,58962,257288
D6U24,2024-07-10,0.73455,0.73615,0.73425,0.7354,0.00045,+0.06%,59685,259583
D6U24,2024-07-11,0.7356,0.7392,0.73395,0.73485,-0.00055,-0.07%,115279,261034
D6U24,2024-07-12,0.73485,0.7359,0.73435,0.7349,0.00005,+0.01%,68989,264839
D6U24,2024-07-15,0.73475,0.73485,0.73165,0.73275,-0.00215,-0.29%,112744,275304
D6U24,2024-07-16,0.73215,0.7337,0.7307,0.73225,-0.0005,-0.07%,78387,280406
D6U24,2024-07-17,0.7325,0.7334,0.731,0.73165,-0.0006,-0.08%,68324,284309
D6U24,2024-07-18,0.7319,0.7327,0.73005,0.7305,-0.00115,-0.16%,82608,296114
D6U24,2024-07-19,0.7308,0.73095,0.7285,0.7294,-0.0011,-0.15%,75490,301734
D6U24,2024-07-22,0.7297,0.7308,0.72705,0.72825,-0.00115,-0.16%,84675,309737
D6U24,2024-07-23,0.72795,0.7282,0.7265,0.727,-0.00125,-0.17%,58726,315684
D6U24,2024-07-24,0.72655,0.72685,0.7249,0.72505,-0.00195,-0.27%,105984,328577
D6U24,2024-07-25,0.72525,0.7259,0.7231,0.72455,-0.0005,-0.07%,104927,333156
D6U24,2024-07-26,0.72435,0.7253,0.7231,0.72375,-0.0008,-0.11%,78752,342215
D6U24,2024-07-29,0.7237,0.72485,0.72225,0.72295,-0.0008,-0.11%,67970,345844
D6U24,2024-07-30,0.72285,0.72365,0.7223,0.723,0.00005,+0.01%,72077,351856
D6U24,2024-07-31,0.7231,0.72635,0.72255,0.7259,0.0029,+0.40%,112692,351631
D6U24,2024-08-01,0.7254,0.72645,0.72095,0.7212,-0.0047,-0.65%,109191,354934
D6U24,2024-08-02,0.72175,0.724,0.72095,0.722,0.0008,+0.11%,127147,349752
D6U24,2024-08-05,0.7218,0.7251,0.7179,0.72385,0.00185,+0.26%,151119,339138
D6U24,2024-08-06,0.72425,0.72785,0.72245,0.7272,0.00335,+0.46%,111958,335120
D6U24,2024-08-07,0.7266,0.7297,0.726,0.72835,0.00115,+0.16%,96648,329769
D6U24,2024-08-08,0.72765,0.7294,0.7273,0.7291,0.00075,+0.10%,81887,326295
D6U24,2024-08-09,0.72895,0.7298,0.72695,0.729,-0.0001,-0.01%,61773,328995
D6U24,2024-08-12,0.7291,0.72975,0.72815,0.72885,-0.00015,-0.02%,53264,325601
D6U24,2024-08-13,0.7284,0.73045,0.7282,0.73005,0.0012,+0.16%,60135,323167
D6U24,2024-08-14,0.7303,0.7313,0.72935,0.73005,0,0.00%,69746,321896
D6U24,2024-08-15,0.7298,0.73095,0.7286,0.72935,-0.0007,-0.10%,88674,324583
D6U24,2024-08-16,0.7291,0.7318,0.7286,0.7312,0.00185,+0.25%,66682,323717
D6U24,2024-08-19,0.7316,0.73435,0.7314,0.7341,0.0029,+0.40%,91175,321748
D6U24,2024-08-20,0.73405,0.73645,0.7337,0.73475,0.00065,+0.09%,93471,313973
D6U24,2024-08-21,0.7348,0.73725,0.73465,0.7368,0.00205,+0.28%,97032,307769
D6U24,2024-08-22,0.73625,0.7375,0.7349,0.7357,-0.0011,-0.15%,100155,302832
D6U24,2024-08-23,0.73505,0.7414,0.73505,0.74055,0.00485,+0.66%,121992,298217
D6U24,2024-08-26,0.74075,0.74335,0.74045,0.7427,0.00215,+0.29%,103530,299610
D6U24,2024-08-27,0.7422,0.74445,0.7419,0.74415,0.00145,+0.20%,108576,296041
D6U24,2024-08-28,0.74445,0.74455,0.7419,0.74265,-0.0015,-0.20%,143238,289737
D6U24,2024-08-29,0.7423,0.744,0.74175,0.74255,-0.0001,-0.01%,105517,274305
D6U24,2024-08-30,0.74205,0.74305,0.74065,0.74185,-0.0007,-0.09%,119781,261691
D6U24,2024-09-03,0.7417,0.74195,0.7377,0.73855,-0.0033,-0.44%,124408,255897
D6U24,2024-09-04,0.73855,0.74105,0.7375,0.74005,0.0015,+0.20%,102941,249755
D6U24,2024-09-05,0.7407,0.74095,0.73965,0.7406,0.00055,+0.07%,70327,246395
D6U24,2024-09-06,0.74065,0.74285,0.73645,0.73755,-0.00305,-0.41%,159718,245059
D6U24,2024-09-09,0.7375,0.7384,0.73675,0.73765,0.0001,+0.01%,81276,242144
D6U24,2024-09-10,0.7377,0.7379,0.73465,0.7352,-0.00245,-0.33%,162164,251209
D6U24,2024-09-11,0.7349,0.73725,0.7342,0.7367,0.0015,+0.20%,334828,243434
D6Z24,2024-09-12,0.7387,0.73925,0.73705,0.73785,0.00115,+0.16%,247747,258775
D6Z24,2024-09-13,0.73835,0.73905,0.7371,0.7374,-0.00045,-0.06%,160940,254913
D6Z24,2024-09-16,0.7376,0.7389,0.7367,0.7375,0.0001,+0.01%,81304,256880
D6Z24,2024-09-17,0.738,0.73815,0.73615,0.73745,-0.00005,-0.01%,78684,208206
D6Z24,2024-09-18,0.73715,0.74025,0.73565,0.73835,0.0009,+0.12%,104133,213494
D6Z24,2024-09-19,0.7365,0.7406,0.7343,0.7393,0.00095,+0.13%,128140,216744
D6Z24,2024-09-20,0.73915,0.74,0.73735,0.73905,-0.00025,-0.03%,85351,214695
D6Z24,2024-09-23,0.73855,0.74295,0.7377,0.74215,0.0031,+0.42%,97588,216657
D6Z24,2024-09-24,0.7402,0.74605,0.7401,0.7454,0.00325,+0.44%,81329,213164
D6Z24,2024-09-25,0.746,0.74665,0.74285,0.7433,-0.0021,-0.28%,102573,208719
D6Z24,2024-09-26,0.7432,0.7445,0.74275,0.74385,0.00055,+0.07%,96959,209787
D6Z24,2024-09-27,0.74395,0.74415,0.74065,0.74155,-0.0023,-0.31%,80928,211921
D6Z24,2024-09-30,0.7414,0.7427,0.74005,0.7409,-0.00065,-0.09%,85000,213872
D6Z24,2024-10-01,0.7408,0.7432,0.73995,0.74305,0.00215,+0.29%,97229,216044
D6Z24,2024-10-02,0.7427,0.7437,0.7416,0.7418,-0.00125,-0.17%,58911,215507
D6Z24,2024-10-03,0.7422,0.7422,0.7381,0.73945,-0.00235,-0.32%,92752,214413
D6Z24,2024-10-04,0.739,0.7396,0.7371,0.73795,-0.0015,-0.20%,85449,214868
D6Z24,2024-10-07,0.7381,0.7381,0.73445,0.73455,-0.0034,-0.46%,81614,218048
D6Z24,2024-10-08,0.7355,0.73595,0.73255,0.7336,-0.00095,-0.13%,80284,224645
D6Z24,2024-10-09,0.7339,0.73425,0.7303,0.7307,-0.0029,-0.40%,84853,230501
D6Z24,2024-10-10,0.73065,0.731,0.7273,0.72815,-0.00255,-0.35%,127412,251130
D6Z24,2024-10-11,0.72895,0.7298,0.7266,0.7279,-0.00025,-0.03%,114601,270040
D6Z24,2024-10-14,0.72795,0.72795,0.7256,0.72575,-0.00215,-0.30%,54678,276387
D6Z24,2024-10-15,0.7262,0.72745,0.72385,0.7263,0.00055,+0.08%,117909,296111
D6Z24,2024-10-16,0.72715,0.7286,0.72625,0.72805,0.00175,+0.24%,87294,306007
D6Z24,2024-10-17,0.7284,0.7287,0.72585,0.72595,-0.0021,-0.29%,68532,298400
D6Z24,2024-10-18,0.72625,0.72665,0.7251,0.7254,-0.00055,-0.08%,50883,300868
D6Z24,2024-10-21,0.72565,0.7259,0.72325,0.7237,-0.0017,-0.23%,55015,304265
D6Z24,2024-10-22,0.72415,0.72515,0.7239,0.7247,0.001,+0.14%,52570,308279
D6Z24,2024-10-23,0.72475,0.725,0.72265,0.7238,-0.0009,-0.12%,70758,309625
D6Z24,2024-10-24,0.72405,0.7252,0.72225,0.72295,-0.00085,-0.12%,76798,314587
D6Z24,2024-10-25,0.723,0.72385,0.7207,0.72135,-0.0016,-0.22%,63791,316288
D6Z24,2024-10-28,0.72085,0.72145,0.7201,0.7208,-0.00055,-0.08%,64096,320969
D6Z24,2024-10-29,0.7211,0.72175,0.71875,0.71935,-0.00145,-0.20%,72027,329945
D6Z24,2024-10-30,0.7198,0.72075,0.7184,0.72055,0.0012,+0.17%,91963,340130
D6Z24,2024-10-31,0.72035,0.72095,0.7181,0.72,-0.00055,-0.08%,90908,342929
D6Z24,2024-11-01,0.71885,0.72025,0.71735,0.7177,-0.0023,-0.32%,74721,344247
D6Z24,2024-11-04,0.7188,0.7217,0.7188,0.7205,0.0028,+0.39%,84995,337619
D6Z24,2024-11-05,0.72025,0.72435,0.72,0.7234,0.0029,+0.40%,73972,336467
D6Z24,2024-11-06,0.7242,0.7243,0.7169,0.7186,-0.0048,-0.66%,143918,341660
D6Z24,2024-11-07,0.71825,0.72325,0.7178,0.72225,0.00365,+0.51%,85842,338330
D6Z24,2024-11-08,0.72225,0.72225,0.71875,0.7195,-0.00275,-0.38%,77465,344453
D6Z24,2024-11-11,0.7197,0.71995,0.7176,0.71885,-0.00065,-0.09%,51146,340517
D6Z24,2024-11-12,0.7188,0.71925,0.71665,0.7178,-0.00105,-0.15%,77175,342557
D6Z24,2024-11-13,0.71795,0.7186,0.71485,0.71505,-0.00275,-0.38%,92957,347540
D6Z24,2024-11-14,0.71515,0.71555,0.7117,0.71315,-0.0019,-0.27%,114352,356556
D6Z24,2024-11-15,0.71185,0.71325,0.7096,0.71025,-0.0029,-0.41%,99353,358328
D6Z24,2024-11-18,0.71045,0.71475,0.7097,0.714,0.00375,+0.53%,75525,353700
D6Z24,2024-11-19,0.7141,0.71715,0.71305,0.7167,0.0027,+0.38%,97541,348185
D6Z24,2024-11-20,0.7171,0.7174,0.71415,0.71575,-0.00095,-0.13%,64904,346226
D6Z24,2024-11-21,0.7162,0.7184,0.716,0.7167,0.00095,+0.13%,77555,344941
D6Z24,2024-11-22,0.7163,0.71695,0.71375,0.7158,-0.0009,-0.13%,85572,341595
D6Z24,2024-11-25,0.71685,0.7185,0.7144,0.71595,0.00015,+0.02%,104756,328857
D6Z24,2024-11-26,0.71535,0.7157,0.7058,0.71165,-0.0043,-0.60%,169381,322420
D6Z24,2024-11-27,0.712,0.7142,0.71075,0.7131,0.00145,+0.20%,90801,323282
D6Z24,2024-11-29,0.71325,0.7156,0.7123,0.7147,0.0016,+0.22%,96919,322732
D6Z24,2024-12-02,0.71475,0.7148,0.7101,0.7123,-0.0024,-0.34%,96786,322601
D6Z24,2024-12-03,0.7125,0.7142,0.71075,0.71105,-0.00125,-0.18%,81994,324325
D6Z24,2024-12-04,0.71115,0.7119,0.7103,0.7113,0.00025,+0.04%,114037,337767
D6Z24,2024-12-05,0.7109,0.71405,0.71055,0.7132,0.0019,+0.27%,79762,338356
D6Z24,2024-12-06,0.71325,0.7135,0.7062,0.7065,-0.0067,-0.94%,196941,359555
D6Z24,2024-12-09,0.70625,0.7098,0.70565,0.70645,-0.00005,-0.01%,222308,377535
D6Z24,2024-12-10,0.70605,0.70665,0.70465,0.7062,-0.00025,-0.04%,277311,408181
D6Z24,2024-12-11,0.70545,0.7084,0.70265,0.70635,0.00015,+0.02%,347586,418841
D6H25,2024-12-12,0.70895,0.71025,0.70545,0.7064,0.00005,+0.01%,309201,465298
D6H25,2024-12-13,0.7059,0.70625,0.7045,0.70515,-0.00125,-0.18%,193909,488185
D6H25,2024-12-16,0.70505,0.70585,0.7031,0.7049,-0.00025,-0.04%,97889,485226
D6H25,2024-12-17,0.70465,0.7051,0.70055,0.70125,-0.00365,-0.52%,80672,342424
D6H25,2024-12-18,0.70115,0.70145,0.69435,0.69585,-0.0054,-0.77%,98452,349849
D6H25,2024-12-19,0.6945,0.69945,0.6935,0.69735,0.0015,+0.22%,127639,349060
D6H25,2024-12-20,0.69685,0.69985,0.695,0.699,0.00165,+0.24%,100701,344373
D6H25,2024-12-23,0.6979,0.69915,0.6951,0.69805,-0.00095,-0.14%,71396,344611
D6H25,2024-12-24,0.69795,0.6984,0.69565,0.69775,-0.0003,-0.04%,30505,345942
D6H25,2024-12-26,0.6982,0.6991,0.6956,0.6959,-0.00185,-0.27%,22171,347051
D6H25,2024-12-27,0.6962,0.69775,0.69415,0.69595,0.00005,+0.01%,57578,349203
D6H25,2024-12-30,0.69585,0.69915,0.6949,0.6985,0.00255,+0.37%,83646,351010
D6H25,2024-12-31,0.69865,0.6994,0.69595,0.69725,-0.00125,-0.18%,78069,353686
D6H25,2025-01-02,0.6973,0.6979,0.69435,0.69555,-0.0017,-0.24%,80985,355258
D6H25,2025-01-03,0.69605,0.6971,0.6932,0.69395,-0.0016,-0.23%,65741,359208
D6H25,2025-01-06,0.69405,0.7021,0.69385,0.6993,0.00535,+0.77%,171455,356097
D6H25,2025-01-07,0.6996,0.7012,0.69765,0.6988,-0.0005,-0.07%,108433,357210
D6H25,2025-01-08,0.69785,0.6991,0.69575,0.6968,-0.002,-0.29%,91206,354081
D6H25,2025-01-09,0.6974,0.69785,0.69595,0.69655,-0.00025,-0.04%,42464,353358
D6H25,2025-01-10,0.6964,0.6973,0.6941,0.6948,-0.00175,-0.25%,94208,353333
D6H25,2025-01-13,0.69515,0.69725,0.69385,0.6955,0.0007,+0.10%,76907,352640
D6H25,2025-01-14,0.69765,0.6988,0.69555,0.69775,0.00225,+0.32%,83132,350111
D6H25,2025-01-15,0.6985,0.7008,0.69765,0.69955,0.0018,+0.26%,98073,345336
D6H25,2025-01-16,0.699,0.6998,0.6959,0.6963,-0.00325,-0.46%,100992,339067
D6H25,2025-01-17,0.6961,0.6968,0.6918,0.69305,-0.00325,-0.47%,116560,341600
D6H25,2025-01-21,0.6922,0.70275,0.6903,0.69915,0.0061,+0.88%,301969,331635
D6H25,2025-01-22,0.69935,0.7008,0.69635,0.6974,-0.00175,-0.25%,73129,327568
D6H25,2025-01-23,0.697,0.6991,0.6953,0.6978,0.0004,+0.06%,98464,326696
D6H25,2025-01-24,0.69685,0.69995,0.69665,0.69865,0.00085,+0.12%,74538,327528
D6H25,2025-01-27,0.6973,0.69905,0.69575,0.69695,-0.0017,-0.24%,81886,328055
D6H25,2025-01-28,0.6975,0.6975,0.6948,0.69605,-0.0009,-0.13%,90675,331109
D6H25,2025-01-29,0.69575,0.6962,0.6923,0.69485,-0.0012,-0.17%,131275,333144
D6H25,2025-01-30,0.69485,0.69615,0.6864,0.6951,0.00025,+0.04%,147219,344249
D6H25,2025-01-31,0.6918,0.69715,0.688,0.69045,-0.00465,-0.67%,294363,352088
D6H25,2025-02-03,0.68095,0.69625,0.6772,0.6874,-0.00305,-0.44%,349049,368099
D6H25,2025-02-04,0.6953,0.7005,0.6907,0.70035,0.01295,+1.88%,183584,346984
D6H25,2025-02-05,0.6993,0.7021,0.6983,0.69975,-0.0006,-0.09%,114192,337175
D6H25,2025-02-06,0.7,0.7004,0.69725,0.6996,-0.00015,-0.02%,70458,332191
D6H25,2025-02-07,0.70015,0.7017,0.69815,0.70115,0.00155,+0.22%,117285,331294
D6H25,2025-02-10,0.69805,0.7001,0.6974,0.69995,-0.0012,-0.17%,67225,330454
D6H25,2025-02-11,0.6991,0.70135,0.69805,0.7006,0.00065,+0.09%,63740,326849
D6H25,2025-02-12,0.701,0.7025,0.6982,0.70105,0.00045,+0.06%,102056,333192
D6H25,2025-02-13,0.69995,0.706,0.69995,0.70365,0.0026,+0.37%,127883,330279
D6H25,2025-02-14,0.70565,0.7075,0.70505,0.7071,0.00345,+0.49%,87622,324345
D6H25,2025-02-18,0.70615,0.70705,0.70435,0.70565,-0.00145,-0.21%,93296,322958
D6H25,2025-02-19,0.7055,0.70625,0.70275,0.7035,-0.00215,-0.30%,71891,318522
D6H25,2025-02-20,0.70345,0.70665,0.7028,0.70625,0.00275,+0.39%,66012,321469
D6H25,2025-02-21,0.70605,0.7065,0.7031,0.70345,-0.0028,-0.40%,67701,319528
D6H25,2025-02-24,0.7036,0.7058,0.7015,0.70345,0,0.00%,94327,321108
D6H25,2025-02-25,0.70195,0.70285,0.699,0.6998,-0.00365,-0.52%,105385,319493
D6H25,2025-02-26,0.6993,0.7002,0.69655,0.69825,-0.00155,-0.22%,138721,318075
D6H25,2025-02-27,0.69775,0.69875,0.6926,0.693,-0.00525,-0.75%,136329,320292
D6H25,2025-02-28,0.6931,0.69495,0.6914,0.69205,-0.00095,-0.14%,126306,316344
D6H25,2025-03-03,0.6926,0.69635,0.6881,0.69005,-0.002,-0.29%,247881,336778
D6H25,2025-03-04,0.6907,0.69625,0.688,0.69065,0.0006,+0.09%,243551,340218
D6H25,2025-03-05,0.69515,0.6982,0.69245,0.698,0.00735,+1.06%,220909,342541
D6H25,2025-03-06,0.69775,0.7027,0.69595,0.6996,0.0016,+0.23%,150134,342939
D6H25,2025-03-07,0.6999,0.70055,0.6934,0.69635,-0.00325,-0.46%,172405,340271
D6H25,2025-03-10,0.69595,0.69695,0.69125,0.69165,-0.0047,-0.67%,150305,337617
D6H25,2025-03-11,0.6928,0.6957,0.68885,0.6946,0.00295,+0.43%,354985,339922
D6H25,2025-03-12,0.693,0.69685,0.6906,0.6964,0.0018,+0.26%,295792,333279
D6M25,2025-03-13,0.69935,0.6996,0.69515,0.69645,0.00005,+0.01%,312587,353234
D6M25,2025-03-14,0.69575,0.6997,0.6955,0.69875,0.0023,+0.33%,147650,357796
D6M25,2025-03-17,0.69915,0.7036,0.69845,0.7033,0.00455,+0.65%,69995,352089
D6M25,2025-03-18,0.70295,0.70555,0.7014,0.70225,-0.00105,-0.15%,67624,287842
D6M25,2025-03-19,0.7025,0.70255,0.6999,0.70185,-0.0004,-0.06%,57887,285306
D6M25,2025-03-20,0.7011,0.7017,0.69735,0.70095,-0.0009,-0.13%,59205,285320
D6M25,2025-03-21,0.70105,0.70155,0.69865,0.69995,-0.001,-0.14%,49068,283825
D6M25,2025-03-24,0.7002,0.70275,0.69975,0.7015,0.00155,+0.22%,56242,281105
D6M25,2025-03-25,0.70135,0.7036,0.70055,0.70225,0.00075,+0.11%,52824,281126
D6M25,2025-03-26,0.70325,0.7053,0.70225,0.70275,0.0005,+0.07%,61165,279409
D6M25,2025-03-27,0.70205,0.7041,0.7007,0.70115,-0.0016,-0.23%,81696,282599
D6M25,2025-03-28,0.7018,0.7032,0.7004,0.70125,0.0001,+0.01%,75892,277859
D6M25,2025-03-31,0.7012,0.70205,0.69725,0.6983,-0.00295,-0.42%,82179,277438
D6M25,2025-04-01,0.6977,0.70205,0.69635,0.7002,0.0019,+0.27%,95376,278330
D6M25,2025-04-02,0.7019,0.70565,0.6986,0.70075,0.00055,+0.08%,105390,280710
D6M25,2025-04-03,0.70475,0.71565,0.70095,0.71275,0.012,+1.71%,177974,278613
D6M25,2025-04-04,0.71225,0.7141,0.7038,0.70495,-0.0078,-1.09%,223217,266964
D6M25,2025-04-07,0.7044,0.7078,0.70195,0.70665,0.0017,+0.24%,151716,261254
D6M25,2025-04-08,0.7047,0.70955,0.70315,0.70485,-0.0018,-0.25%,106336,258263
D6M25,2025-04-09,0.70395,0.71305,0.703,0.71095,0.0061,+0.87%,155409,255179
D6M25,2025-04-10,0.7125,0.71925,0.71115,0.7175,0.00655,+0.92%,120913,257686
D6M25,2025-04-11,0.71765,0.725,0.7175,0.7224,0.0049,+0.68%,142381,255661
D6M25,2025-04-14,0.72355,0.7255,0.7213,0.72375,0.00135,+0.19%,80412,251865
D6M25,2025-04-15,0.723,0.72445,0.71785,0.7184,-0.00535,-0.74%,90478,248599
D6M25,2025-04-16,0.7187,0.724,0.71835,0.72285,0.00445,+0.62%,71041,247775
D6M25,2025-04-17,0.72355,0.7253,0.72125,0.7247,0.00185,+0.26%,62296,248572
D6M25,2025-04-21,0.7251,0.72775,0.72415,0.7248,0.0001,+0.01%,60017,250862
D6M25,2025-04-22,0.7248,0.7271,0.7235,0.72595,0.00115,+0.16%,65892,249643
D6M25,2025-04-23,0.7254,0.7268,0.7212,0.7221,-0.00385,-0.53%,74138,247963
D6M25,2025-04-24,0.7223,0.72455,0.72145,0.7234,0.0013,+0.18%,60205,249014
D6M25,2025-04-25,0.7239,0.7241,0.72165,0.72345,0.00005,+0.01%,48533,247880
D6M25,2025-04-28,0.7236,0.7256,0.7216,0.72415,0.0007,+0.10%,48622,250642
D6M25,2025-04-29,0.72455,0.726,0.7227,0.724,-0.00015,-0.02%,49052,249257
D6M25,2025-04-30,0.7247,0.72805,0.72345,0.72715,0.00315,+0.44%,70259,250554
D6M25,2025-05-01,0.7266,0.7272,0.7231,0.7239,-0.00325,-0.45%,68415,250178
D6M25,2025-05-02,0.72345,0.72835,0.72335,0.72555,0.00165,+0.23%,68694,251578
D6M25,2025-05-05,0.7252,0.72695,0.72465,0.72545,-0.0001,-0.01%,47345,252391
D6M25,2025-05-06,0.725,0.7288,0.7238,0.7276,0.00215,+0.30%,60380,255101
D6M25,2025-05-07,0.72755,0.72805,0.72405,0.7259,-0.0017,-0.23%,62310,255611
D6M25,2025-05-08,0.7242,0.72535,0.71915,0.7194,-0.0065,-0.90%,83623,261547
D6M25,2025-05-09,0.71975,0.7204,0.71845,0.71925,-0.00015,-0.02%,57071,260936
D6M25,2025-05-12,0.71925,0.71995,0.71475,0.71585,-0.0034,-0.47%,77700,262814
D6M25,2025-05-13,0.7166,0.7191,0.7147,0.7186,0.00275,+0.38%,78054,262803
D6M25,2025-05-14,0.71885,0.72055,0.7162,0.71675,-0.00185,-0.26%,65292,264072
D6M25,2025-05-15,0.7166,0.71775,0.71525,0.7172,0.00045,+0.06%,58282,264384
D6M25,2025-05-16,0.7174,0.71865,0.71555,0.7161,-0.0011,-0.15%,45887,268481
D6M25,2025-05-19,0.717,0.71955,0.71665,0.71745,0.00135,+0.19%,39992,266971
D6M25,2025-05-20,0.71785,0.72,0.71685,0.7189,0.00145,+0.20%,62874,266610
D6M25,2025-05-21,0.7197,0.72485,0.71965,0.7235,0.0046,+0.64%,73799,265630
D6M25,2025-05-22,0.72245,0.7231,0.7209,0.72205,-0.00145,-0.20%,60914,265464
D6M25,2025-05-23,0.7224,0.73025,0.72225,0.7296,0.00755,+1.05%,98195,266418
D6M25,2025-05-27,0.7296,0.73145,0.7235,0.7257,-0.0039,-0.53%,115856,263232
D6M25,2025-05-28,0.72505,0.72525,0.72305,0.7238,-0.0019,-0.26%,63918,262193
D6M25,2025-05-29,0.72375,0.72615,0.72205,0.7253,0.0015,+0.21%,53085,263156
D6M25,2025-05-30,0.7248,0.72975,0.7236,0.72955,0.00425,+0.59%,80821,263545
D6M25,2025-06-02,0.7284,0.73185,0.72815,0.72985,0.0003,+0.04%,85358,265549
D6M25,2025-06-03,0.72965,0.7304,0.72815,0.72965,-0.0002,-0.03%,73128,270041
D6M25,2025-06-04,0.7292,0.73295,0.7287,0.73225,0.0026,+0.36%,66361,271086
D6M25,2025-06-05,0.7318,0.7339,0.7312,0.73245,0.0002,+0.03%,81107,270597
D6M25,2025-06-06,0.73165,0.7324,0.73,0.7305,-0.00195,-0.27%,85296,273251
D6M25,2025-06-09,0.7305,0.7319,0.72985,0.7315,0.001,+0.14%,116866,288945
D6M25,2025-06-10,0.7302,0.73185,0.72865,0.73075,-0.00075,-0.10%,184108,288477
D6M25,2025-06-11,0.73155,0.73285,0.73065,0.73215,0.0014,+0.19%,182379,284345
D6U25,2025-06-12,0.73485,0.73875,0.7347,0.7386,0.00645,+0.88%,175278,292404
D6U25,2025-06-13,0.73835,0.7405,0.73565,0.73895,0.00035,+0.05%,153716,288682
D6U25,2025-06-16,0.7392,0.74195,0.73825,0.7409,0.00195,+0.26%,63852,289484
D6U25,2025-06-17,0.74005,0.74095,0.7336,0.73615,-0.00475,-0.64%,76557,203189
D6U25,2025-06-18,0.73425,0.73665,0.733,0.7335,-0.00265,-0.36%,67990,205342
D6U25,2025-06-20,0.7336,0.7337,0.73055,0.73155,-0.00195,-0.27%,72714,203668
D6U25,2025-06-23,0.7308,0.73165,0.7278,0.7309,-0.00065,-0.09%,74026,204113
D6U25,2025-06-24,0.7311,0.73405,0.73095,0.7317,0.0008,+0.11%,61258,201194
D6U25,2025-06-25,0.7316,0.73205,0.73005,0.73145,-0.00025,-0.03%,48490,202887
D6U25,2025-06-26,0.7316,0.7374,0.7316,0.7368,0.00535,+0.73%,64737,203310
D6U25,2025-06-27,0.73605,0.7367,0.72965,0.73205,-0.00475,-0.64%,87335,202925
D6U25,2025-06-30,0.73305,0.7381,0.73275,0.7368,0.00475,+0.65%,62103,202310
D6U25,2025-07-01,0.7378,0.7386,0.73455,0.73535,-0.00145,-0.20%,37823,203485
D6U25,2025-07-02,0.7356,0.739,0.7349,0.73835,0.003,+0.41%,52668,205363
D6U25,2025-07-03,0.73845,0.74035,0.73665,0.7399,0.00155,+0.21%,49790,206059
D6U25,2025-07-07,0.7378,0.73825,0.7333,0.73465,-0.00525,-0.71%,66595,203014
D6U25,2025-07-08,0.73365,0.73585,0.73285,0.7337,-0.00095,-0.13%,47923,201326
D6U25,2025-07-09,0.7346,0.73465,0.73195,0.73275,-0.00095,-0.13%,33721,200014
D6U25,2025-07-10,0.7332,0.7349,0.73195,0.7339,0.00115,+0.16%,37607,201343
D6U25,2025-07-11,0.7347,0.7349,0.7307,0.7336,-0.0003,-0.04%,72998,204125
D6U25,2025-07-14,0.7325,0.73395,0.7318,0.7323,-0.0013,-0.18%,40740,203377
D6U25,2025-07-15,0.7319,0.7337,0.7306,0.7313,-0.001,-0.14%,47123,202346
D6U25,2025-07-16,0.73115,0.73325,0.72925,0.73205,0.00075,+0.10%,69262,202218
D6U25,2025-07-17,0.733,0.73305,0.72815,0.7295,-0.00255,-0.35%,55608,204842
D6U25,2025-07-18,0.72925,0.73225,0.7292,0.7306,0.0011,+0.15%,44441,204220
D6U25,2025-07-21,0.7308,0.7332,0.73015,0.73285,0.00225,+0.31%,39977,201912
D6U25,2025-07-22,0.73275,0.73725,0.7322,0.73685,0.004,+0.55%,50778,200895
D6U25,2025-07-23,0.73705,0.7386,0.7357,0.7373,0.00045,+0.06%,55765,202201
D6U25,2025-07-24,0.73705,0.73745,0.73425,0.7351,-0.0022,-0.30%,47124,203515
D6U25,2025-07-25,0.73475,0.73505,0.7304,0.7312,-0.0039,-0.53%,61567,204628
D6U25,2025-07-28,0.73135,0.7323,0.7294,0.72995,-0.00125,-0.17%,48017,200014
D6U25,2025-07-29,0.72965,0.73005,0.727,0.7281,-0.00185,-0.25%,65365,201852
D6U25,2025-07-30,0.72785,0.72855,0.7239,0.7255,-0.0026,-0.36%,68325,205958
D6U25,2025-07-31,0.72455,0.7256,0.7232,0.72385,-0.00165,-0.23%,67188,212547
D6U25,2025-08-01,0.72355,0.7281,0.722,0.72525,0.0014,+0.19%,83898,210619
D6U25,2025-08-04,0.72675,0.72835,0.7264,0.72695,0.0017,+0.23%,32243,210361
D6U25,2025-08-05,0.72735,0.72805,0.72555,0.72695,0,0.00%,44995,214849
D6U25,2025-08-06,0.7276,0.72955,0.7272,0.72915,0.0022,+0.30%,35462,216209
D6U25,2025-08-07,0.72915,0.7302,0.7274,0.7278,-0.00135,-0.19%,50319,220637
D6U25,2025-08-08,0.7293,0.72985,0.7278,0.7285,0.0007,+0.10%,38129,221848
D6U25,2025-08-11,0.7281,0.72875,0.7261,0.727,-0.0015,-0.21%,33177,224454
D6U25,2025-08-12,0.72695,0.7283,0.7255,0.727,0,0.00%,55505,221109
D6U25,2025-08-13,0.7271,0.72835,0.72675,0.7274,0.0004,+0.06%,43380,216965
D6U25,2025-08-14,0.7279,0.7287,0.72475,0.7251,-0.0023,-0.32%,56540,218062
D6U25,2025-08-15,0.7249,0.72635,0.72465,0.72495,-0.00015,-0.02%,39216,216290
D6U25,2025-08-18,0.72485,0.72655,0.72395,0.725,0.00005,+0.01%,34137,214441
D6U25,2025-08-19,0.7255,0.7258,0.7219,0.7222,-0.0028,-0.39%,48740,220593
D6U25,2025-08-20,0.72215,0.72275,0.72115,0.7218,-0.0004,-0.06%,53267,220893
D6U25,2025-08-21,0.7218,0.7219,0.71965,0.72035,-0.00145,-0.20%,42728,226715
D6U25,2025-08-22,0.71975,0.72465,0.7189,0.7241,0.00375,+0.52%,78423,227891
D6U25,2025-08-25,0.7243,0.72455,0.7221,0.72265,-0.00145,-0.20%,50206,224694
D6U25,2025-08-26,0.72225,0.7242,0.7218,0.7235,0.00085,+0.12%,47923,227180
D6U25,2025-08-27,0.7235,0.72625,0.7223,0.72555,0.00205,+0.28%,56826,230339
D6U25,2025-08-28,0.7257,0.7284,0.7257,0.72815,0.0026,+0.36%,51461,227129
D6U25,2025-08-29,0.7278,0.72905,0.72625,0.729,0.00085,+0.12%,61347,222736
D6U25,2025-09-02,0.7286,0.7287,0.72435,0.7258,-0.0032,-0.44%,83741,225322
D6U25,2025-09-03,0.726,0.7261,0.72465,0.72525,-0.00055,-0.08%,43584,228202
D6U25,2025-09-04,0.72565,0.72565,0.72265,0.72355,-0.0017,-0.23%,48344,233408
D6U25,2025-09-05,0.72415,0.7272,0.7221,0.7224,-0.00115,-0.16%,102307,248517
D6U25,2025-09-08,0.72315,0.72555,0.72255,0.7242,0.0018,+0.25%,137216,261155
D6U25,2025-09-09,0.72455,0.72525,0.7217,0.7224,-0.0018,-0.25%,152925,249304
D6U25,2025-09-10,0.7227,0.7232,0.72115,0.7216,-0.0008,-0.11%,233371,292637
D6Z25,2025-09-11,0.72455,0.72635,0.7228,0.7259,0.0043,+0.60%,226352,266316
D6Z25,2025-09-12,0.72585,0.726,0.72435,0.72565,-0.00025,-0.03%,128821,269037
D6Z25,2025-09-15,0.7254,0.7294,0.7252,0.7289,0.00325,+0.45%,66001,266525
D6Z25,2025-09-16,0.7288,0.7312,0.72875,0.73035,0.00145,+0.20%,57050,203903
D6Z25,2025-09-17,0.7307,0.7316,0.7283,0.72915,-0.0012,-0.16%,76234,205782
D6Z25,2025-09-18,0.7291,0.72945,0.7271,0.72785,-0.0013,-0.18%,50958,207017
D6Z25,2025-09-19,0.72755,0.72915,0.72615,0.72875,0.0009,+0.12%,50878,209215
D6Z25,2025-09-22,0.7287,0.7287,0.7258,0.7264,-0.00235,-0.32%,46082,211897
D6Z25,2025-09-23,0.7265,0.72685,0.7248,0.7248,-0.0016,-0.22%,40258,212186
D6Z25,2025-09-24,0.7257,0.7257,0.72175,0.72195,-0.00285,-0.39%,65147,226731
D6Z25,2025-09-25,0.7223,0.7229,0.71955,0.7199,-0.00205,-0.28%,58439,234479
D6Z25,2025-09-26,0.72,0.72035,0.71905,0.72005,0.00015,+0.02%,56692,240401
D6Z25,2025-09-29,0.72,0.7218,0.71945,0.72125,0.0012,+0.17%,56202,242673
D6Z25,2025-09-30,0.72115,0.72215,0.7201,0.721,-0.00025,-0.03%,54489,240191
D6Z25,2025-10-01,0.7208,0.7216,0.71895,0.7198,-0.0012,-0.17%,64348,245662
D6Z25,2025-10-02,0.71995,0.72015,0.7174,0.71865,-0.00115,-0.16%,61462,248602
D6Z25,2025-10-03,0.71835,0.7197,0.7182,0.71905,0.0004,+0.06%,51380,253504
D6Z25,2025-10-06,0.719,0.71965,0.7182,0.7191,0.00005,+0.01%,53559,259248
D6Z25,2025-10-07,0.7197,0.7197,0.71845,0.71915,0.00005,+0.01%,55685,261636
D6Z25,2025-10-08,0.7192,0.7201,0.71805,0.7188,-0.00035,-0.05%,58729,269141
D6Z25,2025-10-09,0.719,0.71995,0.7148,0.7149,-0.0039,-0.54%,80297,279439
D6Z25,2025-10-10,0.71535,0.71765,0.71465,0.7164,0.0015,+0.21%,90709,275281
D6Z25,2025-10-13,0.7163,0.71725,0.71435,0.71445,-0.00195,-0.27%,47035,275300
D6Z25,2025-10-14,0.71455,0.71485,0.71225,0.7145,0.00005,+0.01%,73849,268840
D6Z25,2025-10-15,0.71435,0.715,0.71325,0.7137,-0.0008,-0.11%,57922,269183
D6Z25,2025-10-16,0.7141,0.7152,0.7132,0.71375,0.00005,+0.01%,58026,270346
D6Z25,2025-10-17,0.7136,0.7158,0.7128,0.7154,0.00165,+0.23%,64545,269731
D6Z25,2025-10-20,0.7151,0.71595,0.71365,0.7144,-0.001,-0.14%,42757,269553
D6Z25,2025-10-21,0.7145,0.71605,0.71285,0.71525,0.00085,+0.12%,58950,272419
D6Z25,2025-10-22,0.715,0.7174,0.71455,0.71675,0.0015,+0.21%,65900,274349
D6Z25,2025-10-23,0.71645,0.71715,0.7159,0.71675,0,0.00%,41924,274727
D6Z25,2025-10-24,0.7165,0.71745,0.714,0.716,-0.00075,-0.10%,69381,281160
D6Z25,2025-10-27,0.7155,0.71755,0.7155,0.7164,0.0004,+0.06%,44941,281866
D6Z25,2025-10-28,0.7167,0.71945,0.7157,0.719,0.0026,+0.36%,57269,278750
D6Z25,2025-10-29,0.7188,0.7218,0.71835,0.7194,0.0004,+0.06%,89104,281831
D6Z25,2025-10-30,0.7191,0.71975,0.71525,0.7168,-0.0026,-0.36%,64188,277296
D6Z25,2025-10-31,0.7167,0.7169,0.71405,0.71515,-0.00165,-0.23%,64776,279822
D6Z25,2025-11-03,0.7152,0.7154,0.71195,0.71315,-0.002,-0.28%,73456,292008
D6Z25,2025-11-04,0.713,0.71305,0.71035,0.71065,-0.0025,-0.35%,53845,292964
D6Z25,2025-11-05,0.7105,0.71065,0.70865,0.71005,-0.0006,-0.08%,57545,295835
D6Z25,2025-11-06,0.7102,0.71115,0.7086,0.70995,-0.0001,-0.01%,58571,297110
D6Z25,2025-11-07,0.70965,0.7142,0.7092,0.7136,0.00365,+0.51%,80380,289841
D6Z25,2025-11-10,0.71335,0.7155,0.7129,0.7146,0.001,+0.14%,48361,289605
D6Z25,2025-11-11,0.7144,0.71545,0.7134,0.715,0.0004,+0.06%,27540,290497
D6Z25,2025-11-12,0.71455,0.71605,0.71435,0.7156,0.0006,+0.08%,49768,291229
D6Z25,2025-11-13,0.7151,0.71625,0.7135,0.71375,-0.00185,-0.26%,52088,288452
D6Z25,2025-11-14,0.71365,0.71465,0.71305,0.7141,0.00035,+0.05%,54356,286593
D6Z25,2025-11-17,0.71445,0.71505,0.7124,0.7125,-0.0016,-0.22%,42531,284795
D6Z25,2025-11-18,0.71245,0.7168,0.7121,0.71635,0.00385,+0.54%,71857,277895
D6Z25,2025-11-19,0.71585,0.7161,0.7119,0.71235,-0.004,-0.56%,63347,278126
D6Z25,2025-11-20,0.7128,0.7132,0.70975,0.71055,-0.0018,-0.25%,58090,279972
D6Z25,2025-11-21,0.71015,0.71095,0.70845,0.71035,-0.0002,-0.03%,75723,281109
D6Z25,2025-11-24,0.71025,0.7104,0.70905,0.7096,-0.00075,-0.11%,46302,280396
D6Z25,2025-11-25,0.7097,0.7105,0.7087,0.7104,0.0008,+0.11%,58279,280112
D6Z25,2025-11-26,0.71005,0.7133,0.70965,0.713,0.0026,+0.37%,61361,275653
D6Z25,2025-11-28,0.71285,0.7181,0.7125,0.71625,0.00325,+0.46%,63324,274570
D6Z25,2025-12-01,0.71615,0.7172,0.7147,0.715,-0.00125,-0.17%,95270,276819
D6Z25,2025-12-02,0.71485,0.71645,0.714,0.71625,0.00125,+0.17%,53884,274997
D6Z25,2025-12-03,0.71635,0.7179,0.71595,0.71745,0.0012,+0.17%,66754,275077
D6Z25,2025-12-04,0.7173,0.71855,0.71585,0.7172,-0.00025,-0.03%,68856,275387
D6Z25,2025-12-05,0.7168,0.72425,0.7166,0.723,0.0058,+0.81%,143525,272511
D6Z25,2025-12-08,0.72365,0.72495,0.7218,0.72235,-0.00065,-0.09%,183842,258682
D6Z25,2025-12-09,0.722,0.7237,0.7217,0.7224,0.00005,+0.01%,188140,251868
D6Z25,2025-12-10,0.7225,0.7257,0.7211,0.7243,0.0019,+0.26%,240214,247048
D6H26,2025-12-11,0.72825,0.73005,0.7266,0.72885,0.00455,+0.63%,254637,250935
D6H26,2025-12-12,0.72885,0.73015,0.72795,0.7295,0.00065,+0.09%,143175,249121
D6H26,2025-12-15,0.7296,0.7304,0.72825,0.7291,-0.0004,-0.05%,64249,243886
D6H26,2025-12-16,0.72935,0.7314,0.7286,0.7305,0.0014,+0.19%,66859,193707
D6H26,2025-12-17,0.72995,0.7301,0.7277,0.7282,-0.0023,-0.31%,62497,187991
D6H26,2025-12-18,0.7283,0.72985,0.72775,0.72855,0.00035,+0.05%,58130,190343
D6H26,2025-12-19,0.7287,0.7298,0.7271,0.7282,-0.00035,-0.05%,61174,191904
D6H26,2025-12-22,0.72795,0.7308,0.72735,0.73025,0.00205,+0.28%,44531,196326
D6H26,2025-12-23,0.73005,0.7335,0.73005,0.733,0.00275,+0.38%,58811,197138
D6H26,2025-12-24,0.7333,0.73445,0.733,0.73405,0.00105,+0.14%,28273,200436
D6H26,2025-12-26,0.73395,0.73565,0.7333,0.73405,0,0.00%,24838,205435
D6H26,2025-12-29,0.7339,0.7348,0.7324,0.7334,-0.00065,-0.09%,54892,207155
D6H26,2025-12-30,0.73295,0.73355,0.73195,0.73265,-0.00075,-0.10%,46979,211171
"Downloaded from Barchart.com as of 08-28-2026 12:41am CDT"
