Symbol,Time,Open,High,Low,Latest,Change,%Change,Volume,"Open Int"
DXZ10,2010-12-01,81.335,81.435,80.54,80.762,-0.509,-0.63%,33318,33401
DXZ10,2010-12-02,80.81,81.06,80.1,80.336,-0.426,-0.53%,37535,35640
DXZ10,2010-12-03,80.31,80.36,79.06,79.407,-0.929,-1.16%,32416,34265
DXZ10,2010-12-06,79.25,80,79.17,79.599,0.192,+0.24%,26968,35083
DXZ10,2010-12-07,79.745,80.125,79.215,79.864,0.265,+0.33%,30051,35071
DXZ10,2010-12-08,79.985,80.425,79.91,80.008,0.144,+0.18%,53655,33607
DXH11,2010-12-09,80.345,80.82,80.055,80.48,0.472,+0.59%,47951,34526
DXH11,2010-12-10,80.485,80.71,80.21,80.454,-0.026,-0.03%,29147,32601
DXH11,2010-12-13,80.55,80.685,79.425,79.606,-0.848,-1.05%,20687,25952
DXH11,2010-12-14,79.74,79.86,79.145,79.69,0.084,+0.11%,21190,25202
DXH11,2010-12-15,79.86,80.62,79.775,80.582,0.892,+1.12%,21553,25062
DXH11,2010-12-16,80.51,80.76,80.185,80.549,-0.033,-0.04%,17545,24856
DXH11,2010-12-17,80.37,81.01,79.895,80.752,0.203,+0.25%,19993,26077
DXH11,2010-12-20,80.75,81.09,80.675,80.972,0.22,+0.27%,15662,26185
DXH11,2010-12-21,80.955,81.185,80.575,81.069,0.097,+0.12%,14459,27089
DXH11,2010-12-22,80.955,81.125,80.625,81.073,0.004,0.00%,11668,26701
DXH11,2010-12-23,80.975,81.185,80.7,80.832,-0.241,-0.30%,10159,26543
DXH11,2010-12-27,80.985,81.01,80.515,80.679,-0.153,-0.19%,5066,26158
DXH11,2010-12-28,80.275,80.76,79.89,80.67,-0.009,-0.01%,10952,26398
DXH11,2010-12-29,80.715,80.715,79.995,80.102,-0.568,-0.70%,9270,26080
DXH11,2010-12-30,79.98,80.025,79.705,79.798,-0.304,-0.38%,12822,25364
DXH11,2010-12-31,79.735,79.785,79.025,79.288,-0.51,-0.64%,11962,26118
DXH11,2011-01-03,79.31,79.73,79.23,79.384,0.096,+0.12%,18955,27398
DXH11,2011-01-04,79.5,79.775,79.115,79.699,0.315,+0.40%,15401,27677
DXH11,2011-01-05,79.71,80.635,79.71,80.538,0.839,+1.05%,30095,29773
DXH11,2011-01-06,80.57,81.22,80.46,81.093,0.555,+0.69%,32412,35216
DXH11,2011-01-07,81.14,81.455,80.985,81.321,0.228,+0.28%,29249,34535
DXH11,2011-01-10,81.49,81.635,81.115,81.163,-0.158,-0.19%,19134,35610
DXH11,2011-01-11,81.265,81.45,81.035,81.135,-0.028,-0.03%,15705,36538
DXH11,2011-01-12,81.075,81.145,80.2,80.25,-0.885,-1.09%,34134,29212
DXH11,2011-01-13,80.29,80.445,79.21,79.406,-0.844,-1.05%,33249,28760
DXH11,2011-01-14,79.415,79.605,78.97,79.366,-0.04,-0.05%,7663,32815
DXH11,2011-01-18,79.635,79.665,78.755,79.16,-0.206,-0.26%,33183,33014
DXH11,2011-01-19,79.12,79.12,78.47,78.811,-0.349,-0.44%,22393,34661
DXH11,2011-01-20,78.885,79.34,78.6,78.984,0.173,+0.22%,24576,37425
DXH11,2011-01-21,79.015,79.095,78.01,78.37,-0.614,-0.78%,20195,37782
DXH11,2011-01-24,78.3,78.63,77.94,78.193,-0.177,-0.23%,25086,39353
DXH11,2011-01-25,78.155,78.57,77.95,78.145,-0.048,-0.06%,21648,39190
DXH11,2011-01-26,78.135,78.235,77.81,78.035,-0.11,-0.14%,21022,38754
DXH11,2011-01-27,77.855,78.28,77.71,77.854,-0.181,-0.23%,22180,38798
DXH11,2011-01-28,77.845,78.425,77.705,78.28,0.426,+0.55%,25505,39540
DXH11,2011-01-31,78.455,78.47,77.665,77.865,-0.415,-0.53%,23319,40858
DXH11,2011-02-01,77.76,77.79,77.065,77.193,-0.672,-0.86%,23638,42472
DXH11,2011-02-02,77.14,77.43,77,77.278,0.085,+0.11%,16027,42224
DXH11,2011-02-03,77.225,77.995,77.135,77.867,0.589,+0.76%,25422,41051
DXH11,2011-02-04,77.94,78.325,77.565,78.157,0.29,+0.37%,26395,42614
DXH11,2011-02-07,78.17,78.44,77.94,78.122,-0.035,-0.04%,16463,42971
DXH11,2011-02-08,78.135,78.195,77.715,78.094,-0.028,-0.04%,19683,44039
DXH11,2011-02-09,78.055,78.185,77.58,77.721,-0.373,-0.48%,22446,45584
DXH11,2011-02-10,77.76,78.435,77.75,78.327,0.606,+0.78%,22484,43156
DXH11,2011-02-11,78.23,78.795,78.21,78.565,0.238,+0.30%,23275,41674
DXH11,2011-02-14,78.495,78.98,78.375,78.717,0.152,+0.19%,16057,40282
DXH11,2011-02-15,78.63,78.83,78.395,78.66,-0.057,-0.07%,14432,40052
DXH11,2011-02-16,78.59,78.87,78.22,78.277,-0.383,-0.49%,25657,39197
DXH11,2011-02-17,78.28,78.41,77.99,78.065,-0.212,-0.27%,23661,39662
DXH11,2011-02-18,78.035,78.295,77.57,77.72,-0.345,-0.44%,5280,40254
DXH11,2011-02-22,77.88,78.39,77.635,77.823,0.103,+0.13%,27322,40335
DXH11,2011-02-23,77.71,77.745,77.295,77.444,-0.379,-0.49%,24510,43345
DXH11,2011-02-24,77.28,77.52,77.03,77.096,-0.348,-0.45%,18751,44211
DXH11,2011-02-25,77.115,77.46,76.975,77.3,0.204,+0.26%,17435,47038
DXH11,2011-02-28,77.255,77.435,76.78,76.921,-0.379,-0.49%,19852,47362
DXH11,2011-03-01,76.855,77.13,76.765,77.083,0.162,+0.21%,20325,46405
DXH11,2011-03-02,77.08,77.21,76.54,76.689,-0.394,-0.51%,33420,56933
DXH11,2011-03-03,76.71,76.875,76.375,76.495,-0.194,-0.25%,31957,56598
DXH11,2011-03-04,76.51,76.64,76.285,76.416,-0.079,-0.10%,33792,51157
DXH11,2011-03-07,76.35,76.57,76.145,76.514,0.098,+0.13%,32567,51748
DXH11,2011-03-08,76.52,76.995,76.425,76.8,0.286,+0.37%,39867,52704
DXH11,2011-03-09,76.9,76.975,76.54,76.719,-0.081,-0.11%,55569,65332
DXM11,2011-03-10,76.965,77.64,76.91,77.557,0.838,+1.09%,64438,68000
DXM11,2011-03-11,77.46,77.675,76.925,77.055,-0.502,-0.65%,43982,69672
DXM11,2011-03-14,76.81,77.04,76.47,76.635,-0.42,-0.55%,22433,51554
DXM11,2011-03-15,76.655,77.39,76.585,76.656,0.021,+0.03%,29751,51147
DXM11,2011-03-16,76.74,77.135,76.635,76.986,0.33,+0.43%,38321,54000
DXM11,2011-03-17,76.91,76.98,76.15,76.34,-0.646,-0.84%,29149,53689
DXM11,2011-03-18,76.29,76.765,75.79,75.971,-0.369,-0.48%,25197,52672
DXM11,2011-03-21,75.87,76.005,75.59,75.655,-0.316,-0.42%,20856,53349
DXM11,2011-03-22,75.705,75.805,75.505,75.673,0.018,+0.02%,21661,52822
DXM11,2011-03-23,75.83,76.19,75.67,76.046,0.373,+0.49%,25041,53777
DXM11,2011-03-24,76.11,76.305,75.7,75.888,-0.158,-0.21%,32325,53788
DXM11,2011-03-25,75.94,76.56,75.84,76.485,0.597,+0.79%,28309,51646
DXM11,2011-03-28,76.52,76.695,76.295,76.376,-0.109,-0.14%,17377,52229
DXM11,2011-03-29,76.49,76.7,76.17,76.502,0.126,+0.16%,20769,52915
DXM11,2011-03-30,76.38,76.67,76.245,76.357,-0.145,-0.19%,22295,53113
DXM11,2011-03-31,76.37,76.415,75.885,76.072,-0.285,-0.37%,23115,54215
DXM11,2011-04-01,76.3,76.87,76.035,76.083,0.011,+0.01%,32661,51604
DXM11,2011-04-04,76.23,76.235,75.935,76.159,0.076,+0.10%,13615,50739
DXM11,2011-04-05,76.25,76.4,75.995,76.111,-0.048,-0.06%,23730,50309
DXM11,2011-04-06,76.095,76.125,75.69,75.757,-0.354,-0.47%,22035,50775
DXM11,2011-04-07,75.78,76.055,75.735,75.81,0.053,+0.07%,22301,50718
DXM11,2011-04-08,75.795,75.835,75.06,75.273,-0.537,-0.71%,21000,51133
DXM11,2011-04-11,75.165,75.305,75.1,75.282,0.009,+0.01%,17019,50960
DXM11,2011-04-12,75.255,75.455,74.93,75.065,-0.217,-0.29%,27192,49843
DXM11,2011-04-13,75.065,75.34,74.95,75.19,0.125,+0.17%,22272,50331
DXM11,2011-04-14,75.16,75.37,74.835,74.888,-0.302,-0.40%,24254,49475
DXM11,2011-04-15,74.88,75.22,74.825,75.028,0.14,+0.19%,19120,49148
DXM11,2011-04-18,75.085,76.055,75.055,75.73,0.702,+0.94%,39172,49917
DXM11,2011-04-19,75.685,75.845,75.205,75.249,-0.481,-0.64%,22253,50159
DXM11,2011-04-20,75.19,75.21,74.455,74.567,-0.682,-0.91%,28242,49166
DXM11,2011-04-21,74.195,74.535,73.935,74.18,-0.387,-0.52%,23925,50645
DXM11,2011-04-25,74.3,74.47,74.01,74.181,0.001,0.00%,15523,51089
DXM11,2011-04-26,74.28,74.52,73.935,74.025,-0.156,-0.21%,17336,51693
DXM11,2011-04-27,73.73,74.205,73.435,73.691,-0.334,-0.45%,31647,50856
DXM11,2011-04-28,73.5,73.5,73.05,73.311,-0.38,-0.52%,26291,50914
DXM11,2011-04-29,73.255,73.38,73.015,73.107,-0.204,-0.28%,18505,49367
DXM11,2011-05-02,73.185,73.48,72.895,73.139,0.032,+0.04%,23384,51715
DXM11,2011-05-03,73.31,73.49,73.01,73.315,0.176,+0.24%,24587,53901
DXM11,2011-05-04,73.26,73.48,72.86,73.213,-0.102,-0.14%,36689,56407
DXM11,2011-05-05,73.28,74.42,72.985,74.375,1.162,+1.59%,61018,57781
DXM11,2011-05-06,74.26,75.18,74.11,75.08,0.705,+0.95%,67267,56622
DXM11,2011-05-09,75.025,75.36,74.605,74.9,-0.18,-0.24%,51781,52526
DXM11,2011-05-10,74.775,75.175,74.685,74.782,-0.118,-0.16%,32500,52362
DXM11,2011-05-11,74.735,75.62,74.53,75.517,0.735,+0.98%,55564,56546
DXM11,2011-05-12,75.495,75.835,75.205,75.417,-0.1,-0.13%,39425,56184
DXM11,2011-05-13,75.415,76.14,74.945,75.938,0.521,+0.69%,46176,56059
DXM11,2011-05-16,76.08,76.19,75.41,75.651,-0.287,-0.38%,36566,57282
DXM11,2011-05-17,75.82,76.015,75.475,75.545,-0.106,-0.14%,40151,55791
DXM11,2011-05-18,75.415,75.735,75.23,75.632,0.087,+0.12%,31809,56608
DXM11,2011-05-19,75.485,75.71,75.185,75.277,-0.355,-0.47%,41424,57855
DXM11,2011-05-20,75.195,75.92,75.085,75.579,0.302,+0.40%,42184,60416
DXM11,2011-05-23,75.845,76.54,75.825,76.234,0.655,+0.87%,39267,61876
DXM11,2011-05-24,76.445,76.45,75.96,76.023,-0.211,-0.28%,27363,61833
DXM11,2011-05-25,76.115,76.395,75.835,76.03,0.007,+0.01%,31830,60501
DXM11,2011-05-26,76.095,76.095,75.415,75.632,-0.398,-0.52%,32070,57846
DXM11,2011-05-27,75.62,75.67,74.895,75.018,-0.614,-0.81%,3104,56856
DXM11,2011-05-31,74.83,74.84,74.495,74.696,-0.322,-0.43%,26293,55794
DXM11,2011-06-01,74.525,74.955,74.345,74.731,0.035,+0.05%,34274,58996
DXM11,2011-06-02,74.865,74.955,74.26,74.375,-0.356,-0.48%,32460,59680
DXM11,2011-06-03,74.365,74.505,73.725,73.807,-0.568,-0.76%,37409,60125
DXM11,2011-06-06,73.77,74.085,73.665,73.999,0.192,+0.26%,45798,62024
DXM11,2011-06-07,73.955,74.065,73.515,73.528,-0.471,-0.64%,44250,62825
DXM11,2011-06-08,73.585,73.995,73.56,73.939,0.411,+0.56%,58109,69817
DXU11,2011-06-09,74.27,74.675,74.05,74.599,0.66,+0.89%,70816,69791
DXU11,2011-06-10,74.55,75.34,74.44,75.186,0.587,+0.79%,55620,78278
DXU11,2011-06-13,75.25,75.37,74.815,74.874,-0.312,-0.41%,25439,53311
DXU11,2011-06-14,74.875,75.005,74.59,74.692,-0.182,-0.24%,19040,53773
DXU11,2011-06-15,74.82,76.135,74.82,76.072,1.38,+1.85%,41159,51078
DXU11,2011-06-16,75.975,76.505,75.855,76.224,0.152,+0.20%,35301,51083
DXU11,2011-06-17,75.92,76.25,75.355,75.461,-0.763,-1.00%,33753,47209
DXU11,2011-06-20,75.615,75.95,75.365,75.5,0.039,+0.05%,24668,46633
DXU11,2011-06-21,75.26,75.455,74.92,74.931,-0.569,-0.75%,27039,46279
DXU11,2011-06-22,75.095,75.31,74.865,75.188,0.257,+0.34%,26548,45130
DXU11,2011-06-23,75.35,76.25,75.35,75.904,0.716,+0.95%,35973,45208
DXU11,2011-06-24,75.705,76.28,75.475,76.21,0.306,+0.40%,38764,52657
DXU11,2011-06-27,76.19,76.59,75.71,75.828,-0.382,-0.50%,35355,52709
DXU11,2011-06-28,75.665,75.96,75.26,75.49,-0.338,-0.45%,26633,50419
DXU11,2011-06-29,75.48,75.54,74.995,75.074,-0.416,-0.55%,35850,48510
DXU11,2011-06-30,74.915,74.915,74.54,74.635,-0.439,-0.58%,32879,45008
DXU11,2011-07-01,74.82,75.055,74.505,74.674,0.039,+0.05%,3420,46642
DXU11,2011-07-05,74.535,75.05,74.535,74.985,0.311,+0.42%,17342,47393
DXU11,2011-07-06,74.925,75.535,74.77,75.44,0.455,+0.61%,19828,46609
DXU11,2011-07-07,75.265,75.745,75.15,75.257,-0.183,-0.24%,21506,45595
DXU11,2011-07-08,75.215,75.73,75.13,75.514,0.257,+0.34%,32110,46225
DXU11,2011-07-11,75.56,76.555,75.54,76.374,0.86,+1.14%,36238,47686
DXU11,2011-07-12,76.395,77.175,76.085,76.234,-0.14,-0.18%,49676,49877
DXU11,2011-07-13,76.395,76.455,75.37,75.547,-0.687,-0.90%,37317,48722
DXU11,2011-07-14,75.06,75.645,74.99,75.562,0.015,+0.02%,37726,47632
DXU11,2011-07-15,75.44,75.745,75.29,75.52,-0.042,-0.06%,24862,46182
DXU11,2011-07-18,75.52,76.115,75.48,75.793,0.273,+0.36%,30702,46470
DXU11,2011-07-19,75.63,75.82,75.18,75.513,-0.28,-0.37%,26092,46605
DXU11,2011-07-20,75.395,75.52,75.015,75.094,-0.419,-0.55%,26931,47491
DXU11,2011-07-21,74.97,75.37,74.125,74.231,-0.863,-1.15%,44625,51369
DXU11,2011-07-22,74.245,74.6,74.155,74.412,0.181,+0.24%,22201,53856
DXU11,2011-07-25,74.18,74.51,74.175,74.254,-0.158,-0.21%,17388,55046
DXU11,2011-07-26,74.31,74.395,73.605,73.629,-0.625,-0.84%,28470,60863
DXU11,2011-07-27,73.69,74.39,73.585,74.273,0.644,+0.87%,33070,58420
DXU11,2011-07-28,74.3,74.585,74.045,74.391,0.118,+0.16%,23418,60133
DXU11,2011-07-29,74.33,74.685,73.86,74.036,-0.355,-0.48%,28907,63046
DXU11,2011-08-01,74.13,74.745,73.755,74.456,0.42,+0.57%,31823,60491
DXU11,2011-08-02,74.49,74.915,74.345,74.666,0.21,+0.28%,30518,60529
DXU11,2011-08-03,74.72,74.855,74.085,74.199,-0.467,-0.63%,25736,61625
DXU11,2011-08-04,74.08,75.55,74.02,75.36,1.161,+1.56%,56791,58101
DXU11,2011-08-05,75.57,75.645,74.67,74.802,-0.558,-0.74%,39053,56573
DXU11,2011-08-08,74.39,75.215,74.15,74.938,0.136,+0.18%,38740,54899
DXU11,2011-08-09,75.015,75.1,73.99,74.724,-0.214,-0.29%,39518,57347
DXU11,2011-08-10,74.13,74.925,73.905,74.769,0.045,+0.06%,40371,56770
DXU11,2011-08-11,75.01,75.39,74.45,74.81,0.041,+0.05%,34258,53382
DXU11,2011-08-12,74.8,75.055,74.495,74.743,-0.067,-0.09%,17328,51955
DXU11,2011-08-15,74.625,74.745,73.84,73.929,-0.814,-1.09%,21722,53617
DXU11,2011-08-16,74,74.265,73.845,74.093,0.164,+0.22%,19047,54579
DXU11,2011-08-17,74.145,74.31,73.515,73.758,-0.335,-0.45%,21380,58364
DXU11,2011-08-18,73.875,74.545,73.81,74.315,0.557,+0.76%,26635,55480
DXU11,2011-08-19,74.475,74.57,73.685,74.106,-0.209,-0.28%,25889,55389
DXU11,2011-08-22,74.14,74.25,73.875,74.168,0.062,+0.08%,14029,55743
DXU11,2011-08-23,74.245,74.26,73.635,73.961,-0.207,-0.28%,21746,57901
DXU11,2011-08-24,73.9,74.175,73.715,74.087,0.126,+0.17%,20336,57595
DXU11,2011-08-25,74.115,74.505,73.89,74.362,0.275,+0.37%,22468,56131
DXU11,2011-08-26,74.285,74.55,73.765,73.869,-0.493,-0.66%,30152,57128
DXU11,2011-08-29,73.785,73.91,73.565,73.777,-0.092,-0.12%,13440,57277
DXU11,2011-08-30,73.75,74.25,73.68,73.996,0.219,+0.30%,26152,55670
DXU11,2011-08-31,74.055,74.245,73.89,74.173,0.177,+0.24%,18680,55677
DXU11,2011-09-01,74.235,74.865,74.2,74.557,0.384,+0.52%,26173,52492
DXU11,2011-09-02,74.59,74.86,74.345,74.839,0.282,+0.38%,10318,49446
DXU11,2011-09-06,75.37,76.115,74.67,76.057,1.218,+1.63%,52836,50566
DXU11,2011-09-07,75.94,75.965,75.32,75.566,-0.491,-0.65%,34102,48520
DXU11,2011-09-08,75.58,76.405,75.57,76.352,0.786,+1.04%,38161,49710
DXU11,2011-09-09,76.35,77.375,76.135,77.3,0.948,+1.24%,69715,50494
DXU11,2011-09-12,77.58,77.885,77.13,77.666,0.366,+0.47%,63776,57046
DXU11,2011-09-13,77.365,77.7,76.895,76.997,-0.669,-0.86%,71235,62802
DXZ11,2011-09-14,77.595,78.06,77.21,77.381,0.384,+0.50%,77899,69515
DXZ11,2011-09-15,77.405,77.6,76.585,76.777,-0.604,-0.78%,71402,70840
DXZ11,2011-09-16,76.82,77.305,76.815,77.092,0.315,+0.41%,44284,75935
DXZ11,2011-09-19,77.56,78.06,77.405,77.639,0.547,+0.71%,34946,63233
DXZ11,2011-09-20,77.83,77.96,77.325,77.528,-0.111,-0.14%,24677,62452
DXZ11,2011-09-21,77.45,78.455,77.235,77.859,0.331,+0.43%,44898,65375
DXZ11,2011-09-22,78.4,79.4,78.335,79.1,1.241,+1.59%,49776,66276
DXZ11,2011-09-23,78.9,79.32,78.59,79.228,0.128,+0.16%,36327,67283
DXZ11,2011-09-26,78.995,79.645,78.69,79.063,-0.165,-0.21%,27944,68311
DXZ11,2011-09-27,78.82,78.995,77.93,78.028,-1.035,-1.31%,31890,68631
DXZ11,2011-09-28,78.32,78.66,77.835,78.429,0.401,+0.51%,32959,71269
DXZ11,2011-09-29,78.735,78.745,78.025,78.603,0.174,+0.22%,26113,72604
DXZ11,2011-09-30,78.455,79.315,78.37,79.075,0.472,+0.60%,29978,71675
DXZ11,2011-10-03,79.44,80.22,79.305,79.937,0.862,+1.09%,33155,71684
DXZ11,2011-10-04,80.125,80.43,79.38,80.104,0.167,+0.21%,36824,72521
DXZ11,2011-10-05,79.64,79.87,79.28,79.385,-0.719,-0.90%,31504,72586
DXZ11,2011-10-06,79.46,79.98,78.935,79.088,-0.297,-0.37%,34510,71612
DXZ11,2011-10-07,79.05,79.25,78.45,79.149,0.061,+0.08%,35481,72929
DXZ11,2011-10-10,79.075,79.18,77.67,77.811,-1.338,-1.69%,25672,71251
DXZ11,2011-10-11,77.98,78.28,77.775,77.908,0.097,+0.12%,21268,69667
DXZ11,2011-10-12,78,78.24,77.115,77.274,-0.634,-0.81%,35065,69491
DXZ11,2011-10-13,77.31,77.74,77.095,77.284,0.01,+0.01%,22372,68984
DXZ11,2011-10-14,77.425,77.565,76.795,76.907,-0.377,-0.49%,21324,69705
DXZ11,2011-10-17,76.81,77.535,76.7,77.428,0.521,+0.68%,24554,70080
DXZ11,2011-10-18,77.46,77.855,77.045,77.412,-0.016,-0.02%,35319,68006
DXZ11,2011-10-19,77.45,77.49,76.815,77.416,0.004,+0.01%,30320,66922
DXZ11,2011-10-20,77.365,77.79,76.97,77.236,-0.18,-0.23%,36145,67139
DXZ11,2011-10-21,77.19,77.505,76.465,76.628,-0.608,-0.79%,33563,66737
DXZ11,2011-10-24,76.6,76.775,76.195,76.262,-0.366,-0.48%,31901,65142
DXZ11,2011-10-25,76.335,76.655,76.135,76.321,0.059,+0.08%,35749,63947
DXZ11,2011-10-26,76.48,76.87,76.065,76.473,0.152,+0.20%,32045,63474
DXZ11,2011-10-27,76.455,76.46,74.86,75.011,-1.462,-1.91%,45430,65200
DXZ11,2011-10-28,75.08,75.305,75.045,75.216,0.205,+0.27%,20160,64606
DXZ11,2011-10-31,75.215,76.72,75.11,76.306,1.09,+1.45%,33722,64606
DXZ11,2011-11-01,76.63,77.84,76.595,77.39,1.084,+1.42%,37576,63639
DXZ11,2011-11-02,77.62,77.645,76.85,77.181,-0.209,-0.27%,29195,62686
DXZ11,2011-11-03,77.505,77.68,76.75,76.856,-0.325,-0.42%,42795,62474
DXZ11,2011-11-04,76.89,77.505,76.775,77.162,0.306,+0.40%,33589,61011
DXZ11,2011-11-07,77.125,77.595,76.995,77.141,-0.021,-0.03%,20712,60322
DXZ11,2011-11-08,77.225,77.36,76.72,76.751,-0.39,-0.51%,19087,59861
DXZ11,2011-11-09,76.765,78.25,76.675,78.167,1.416,+1.84%,33810,58596
DXZ11,2011-11-10,78.215,78.42,77.625,77.973,-0.194,-0.25%,26289,58545
DXZ11,2011-11-11,77.885,77.96,76.92,77.131,-0.842,-1.08%,17072,58616
DXZ11,2011-11-14,76.975,77.84,76.925,77.753,0.622,+0.81%,19173,57606
DXZ11,2011-11-15,77.66,78.315,77.62,78.062,0.309,+0.40%,25225,57305
DXZ11,2011-11-16,78.175,78.605,78.04,78.206,0.144,+0.18%,26367,56233
DXZ11,2011-11-17,78.58,78.69,78.135,78.489,0.283,+0.36%,23056,55360
DXZ11,2011-11-18,78.54,78.56,77.74,78.255,-0.234,-0.30%,25840,54492
DXZ11,2011-11-21,78.23,78.71,78.145,78.463,0.208,+0.27%,21520,54999
DXZ11,2011-11-22,78.46,78.61,78.16,78.435,-0.028,-0.04%,22904,54442
DXZ11,2011-11-23,78.33,79.4,78.33,79.351,0.916,+1.17%,30478,57303
DXZ11,2011-11-24,79.185,79.375,78.925,79.351,0,0.00%,30478,57303
DXZ11,2011-11-25,79.39,79.875,79.33,79.831,0.48,+0.60%,14729,56579
DXZ11,2011-11-28,79.45,79.58,78.95,79.436,-0.395,-0.49%,24690,59430
DXZ11,2011-11-29,79.46,79.53,78.695,79.151,-0.285,-0.36%,21143,58641
DXZ11,2011-11-30,79.185,79.515,78.01,78.491,-0.66,-0.83%,31366,55363
DXZ11,2011-12-01,78.485,78.64,78.145,78.433,-0.058,-0.07%,21350,55108
DXZ11,2011-12-02,78.295,78.89,78.06,78.731,0.298,+0.38%,21239,55962
DXZ11,2011-12-05,78.735,78.78,78.265,78.671,-0.06,-0.08%,21307,58074
DXZ11,2011-12-06,78.69,78.975,78.52,78.571,-0.1,-0.13%,17688,57372
DXZ11,2011-12-07,78.575,78.81,78.355,78.552,-0.019,-0.02%,16062,56640
DXZ11,2011-12-08,78.49,79.09,78.15,78.912,0.36,+0.46%,26472,56328
DXZ11,2011-12-09,78.875,79.185,78.485,78.681,-0.231,-0.29%,18663,57058
DXZ11,2011-12-12,78.78,79.705,78.69,79.58,0.899,+1.14%,52024,62559
DXZ11,2011-12-13,79.635,80.455,79.35,80.289,0.709,+0.89%,61794,66540
DXH12,2011-12-14,80.98,81.415,80.78,81.289,1,+1.25%,66701,70997
DXH12,2011-12-15,81.225,81.315,80.77,80.992,-0.297,-0.37%,48836,73295
DXH12,2011-12-16,80.84,81.025,80.595,80.839,-0.153,-0.19%,48849,83073
DXH12,2011-12-19,80.83,81.07,80.68,80.807,-0.032,-0.04%,16591,68383
DXH12,2011-12-20,80.89,80.94,80.035,80.273,-0.534,-0.66%,22952,67062
DXH12,2011-12-21,80.105,80.445,79.55,80.35,0.077,+0.10%,24146,66061
DXH12,2011-12-22,80.36,80.505,79.955,80.306,-0.044,-0.05%,13239,66485
DXH12,2011-12-23,80.21,80.375,80.06,80.236,-0.07,-0.09%,7170,64252
DXH12,2011-12-27,80.15,80.235,80.04,80.135,-0.101,-0.13%,5656,64646
DXH12,2011-12-28,80.14,81.025,80.055,80.883,0.748,+0.93%,21111,67609
DXH12,2011-12-29,81.085,81.31,80.77,80.911,0.028,+0.03%,15454,69000
DXH12,2011-12-30,80.83,81.025,80.36,80.522,-0.389,-0.48%,12440,67562
DXH12,2012-01-03,80.155,80.225,79.83,79.912,-0.61,-0.76%,20046,66053
DXH12,2012-01-04,79.97,80.64,79.845,80.425,0.513,+0.64%,14086,65407
DXH12,2012-01-05,80.45,81.345,80.385,81.25,0.825,+1.03%,18602,65790
DXH12,2012-01-06,81.245,81.72,81.055,81.597,0.347,+0.43%,26723,67405
DXH12,2012-01-09,81.67,81.855,81.255,81.388,-0.209,-0.26%,16302,70601
DXH12,2012-01-10,81.27,81.4,81.015,81.101,-0.287,-0.35%,14069,69024
DXH12,2012-01-11,81.295,81.785,81.1,81.614,0.513,+0.63%,19407,69723
DXH12,2012-01-12,81.535,81.645,80.95,81.036,-0.578,-0.71%,21280,68147
DXH12,2012-01-13,81.06,82.045,80.735,81.791,0.755,+0.93%,5646,68499
DXH12,2012-01-17,81.67,81.68,81.01,81.429,-0.362,-0.44%,20235,68483
DXH12,2012-01-18,81.28,81.375,80.665,80.822,-0.607,-0.75%,22228,66934
DXH12,2012-01-19,80.715,80.805,80.23,80.405,-0.417,-0.52%,21620,66005
DXH12,2012-01-20,80.275,80.635,80.185,80.406,0.001,0.00%,14832,67041
DXH12,2012-01-23,80.535,80.585,79.755,79.934,-0.472,-0.59%,24822,64835
DXH12,2012-01-24,79.925,80.345,79.785,80.026,0.092,+0.12%,24896,64148
DXH12,2012-01-25,79.965,80.505,79.515,79.717,-0.309,-0.39%,30102,60150
DXH12,2012-01-26,79.64,79.65,79.19,79.513,-0.204,-0.26%,28893,60150
DXH12,2012-01-27,79.62,79.63,78.89,79.011,-0.502,-0.63%,28700,57268
DXH12,2012-01-30,78.96,79.57,78.96,79.302,0.291,+0.37%,22374,56075
DXH12,2012-01-31,79.165,79.63,78.855,79.417,0.115,+0.15%,24949,54946
DXH12,2012-02-01,79.48,79.665,78.745,79.033,-0.384,-0.48%,34833,53614
DXH12,2012-02-02,78.905,79.315,78.84,79.11,0.077,+0.10%,19657,52477
DXH12,2012-02-03,79.125,79.485,78.815,79.057,-0.053,-0.07%,25783,52763
DXH12,2012-02-06,79.19,79.645,79.1,79.186,0.129,+0.16%,18562,52165
DXH12,2012-02-07,79.2,79.37,78.57,78.675,-0.511,-0.65%,34483,53362
DXH12,2012-02-08,78.645,78.855,78.51,78.734,0.059,+0.07%,25596,51913
DXH12,2012-02-09,78.8,78.89,78.43,78.652,-0.082,-0.10%,26567,52509
DXH12,2012-02-10,78.655,79.315,78.655,79.226,0.574,+0.73%,28317,51705
DXH12,2012-02-13,78.95,79.125,78.715,79.045,-0.181,-0.23%,20812,51307
DXH12,2012-02-14,79.2,79.765,79.015,79.694,0.649,+0.82%,32692,51997
DXH12,2012-02-15,79.56,79.86,79.2,79.783,0.089,+0.11%,33512,51139
DXH12,2012-02-16,79.86,80.24,79.37,79.455,-0.328,-0.41%,35227,49030
DXH12,2012-02-17,79.485,79.595,79.255,79.456,0.001,0.00%,5559,50138
DXH12,2012-02-21,79.2,79.36,78.895,79.136,-0.32,-0.40%,23464,50648
DXH12,2012-02-22,79.2,79.465,79.08,79.303,0.167,+0.21%,22066,51846
DXH12,2012-02-23,79.345,79.37,78.655,78.886,-0.417,-0.53%,34016,50869
DXH12,2012-02-24,78.68,78.82,78.26,78.401,-0.485,-0.61%,34234,49738
DXH12,2012-02-27,78.45,78.715,78.4,78.578,0.177,+0.23%,34265,49717
DXH12,2012-02-28,78.55,78.64,78.22,78.3,-0.278,-0.35%,28043,48598
DXH12,2012-02-29,78.22,78.93,78.12,78.794,0.494,+0.63%,36382,47254
DXH12,2012-03-01,78.8,78.995,78.69,78.834,0.04,+0.05%,20969,47217
DXH12,2012-03-02,78.825,79.515,78.79,79.462,0.628,+0.80%,30535,48575
DXH12,2012-03-05,79.515,79.64,79.285,79.365,-0.097,-0.12%,19826,49409
DXH12,2012-03-06,79.37,79.935,79.345,79.926,0.561,+0.71%,30103,52985
DXH12,2012-03-07,79.83,79.98,79.645,79.763,-0.163,-0.20%,26181,53796
DXH12,2012-03-08,79.785,79.815,79.1,79.179,-0.584,-0.73%,29708,54759
DXH12,2012-03-09,79.225,80.095,79.195,80.084,0.905,+1.14%,32883,55551
DXH12,2012-03-12,80.025,80.16,79.845,79.913,-0.171,-0.21%,33794,56653
DXH12,2012-03-13,79.82,80.345,79.69,80.21,0.297,+0.37%,65146,62925
DXM12,2012-03-14,80.595,81.06,80.575,80.981,0.771,+0.96%,81121,66525
DXM12,2012-03-15,81.025,81.16,80.37,80.505,-0.476,-0.59%,60983,71282
DXM12,2012-03-16,80.605,80.76,79.95,80.082,-0.423,-0.53%,28962,60509
DXM12,2012-03-19,80.065,80.185,79.605,79.712,-0.37,-0.46%,19371,60897
DXM12,2012-03-20,79.755,80.1,79.685,79.825,0.113,+0.14%,13890,60548
DXM12,2012-03-21,79.805,80.07,79.53,79.896,0.071,+0.09%,15867,59977
DXM12,2012-03-22,79.77,80.195,79.65,79.998,0.102,+0.13%,21990,61649
DXM12,2012-03-23,79.895,80.01,79.325,79.576,-0.422,-0.53%,24712,59243
DXM12,2012-03-26,79.495,79.94,79.06,79.179,-0.397,-0.50%,19140,56567
DXM12,2012-03-27,79.125,79.345,78.93,79.222,0.043,+0.05%,20793,51926
DXM12,2012-03-28,79.29,79.515,79.05,79.299,0.077,+0.10%,27630,46189
DXM12,2012-03-29,79.275,79.53,79.125,79.357,0.058,+0.07%,19465,44459
DXM12,2012-03-30,79.225,79.225,78.87,79.138,-0.219,-0.28%,24104,44506
DXM12,2012-04-02,79.035,79.275,78.92,78.963,-0.175,-0.22%,19356,45295
DXM12,2012-04-03,78.9,79.655,78.795,79.641,0.678,+0.86%,28303,44594
DXM12,2012-04-04,79.565,80.095,79.54,79.949,0.308,+0.39%,22849,42904
DXM12,2012-04-05,79.915,80.365,79.79,80.293,0.344,+0.43%,4129,44803
DXM12,2012-04-06,80.23,80.38,79.94,80.085,-0.208,-0.26%,4129,44803
DXM12,2012-04-09,80.05,80.32,79.835,79.919,-0.166,-0.21%,11586,45794
DXM12,2012-04-10,79.955,80.245,79.775,80.098,0.179,+0.22%,26104,46655
DXM12,2012-04-11,80.105,80.15,79.71,79.993,-0.105,-0.13%,18561,46447
DXM12,2012-04-12,79.92,79.955,79.365,79.449,-0.544,-0.68%,25463,44962
DXM12,2012-04-13,79.495,80.08,79.45,80.055,0.606,+0.76%,19570,44920
DXM12,2012-04-16,80.085,80.345,79.67,79.732,-0.323,-0.40%,25381,46714
DXM12,2012-04-17,79.775,79.94,79.56,79.627,-0.105,-0.13%,15510,45759
DXM12,2012-04-18,79.7,80.025,79.63,79.674,0.047,+0.06%,15911,44926
DXM12,2012-04-19,79.725,79.98,79.515,79.707,0.033,+0.04%,19424,45217
DXM12,2012-04-20,79.675,79.745,79.225,79.313,-0.394,-0.49%,23508,43246
DXM12,2012-04-23,79.375,79.775,79.32,79.536,0.223,+0.28%,18467,43046
DXM12,2012-04-24,79.495,79.535,79.185,79.326,-0.21,-0.26%,16132,43144
DXM12,2012-04-25,79.295,79.415,79.075,79.111,-0.215,-0.27%,20711,43486
DXM12,2012-04-26,79.1,79.17,78.9,79.001,-0.11,-0.14%,17331,44434
DXM12,2012-04-27,79.21,79.335,78.72,78.757,-0.244,-0.31%,23013,48265
DXM12,2012-04-30,78.835,78.96,78.685,78.848,0.091,+0.12%,19503,45852
DXM12,2012-05-01,78.875,79.05,78.665,78.935,0.087,+0.11%,13053,45539
DXM12,2012-05-02,78.9,79.4,78.9,79.201,0.266,+0.34%,19299,46130
DXM12,2012-05-03,79.26,79.535,79.15,79.293,0.092,+0.12%,20461,45710
DXM12,2012-05-04,79.24,79.615,79.145,79.587,0.294,+0.37%,24775,46089
DXM12,2012-05-07,79.79,80.135,79.63,79.715,0.128,+0.16%,21691,45940
DXM12,2012-05-08,79.68,80.075,79.67,79.849,0.134,+0.17%,25543,45996
DXM12,2012-05-09,80.005,80.415,79.975,80.232,0.383,+0.48%,38833,47631
DXM12,2012-05-10,80.295,80.34,80.085,80.257,0.025,+0.03%,28173,48496
DXM12,2012-05-11,80.35,80.48,80.21,80.404,0.147,+0.18%,21709,50686
DXM12,2012-05-14,80.56,80.86,80.49,80.748,0.344,+0.43%,30345,56392
DXM12,2012-05-15,80.825,81.45,80.63,81.38,0.632,+0.78%,47807,59379
DXM12,2012-05-16,81.415,81.745,81.345,81.524,0.144,+0.18%,37970,63469
DXM12,2012-05-17,81.52,81.83,81.4,81.54,0.016,+0.02%,48164,65544
DXM12,2012-05-18,81.65,81.93,81.155,81.424,-0.116,-0.14%,31606,66305
DXM12,2012-05-21,81.28,81.56,81.025,81.232,-0.192,-0.24%,28586,69621
DXM12,2012-05-22,81.115,81.94,81.095,81.648,0.416,+0.51%,33147,74493
DXM12,2012-05-23,81.905,82.36,81.71,82.235,0.587,+0.72%,38529,77125
DXM12,2012-05-24,82.28,82.535,81.995,82.487,0.252,+0.31%,36271,78720
DXM12,2012-05-25,82.445,82.61,82.125,82.523,0.036,+0.04%,11215,74789
DXM12,2012-05-28,82.265,82.523,81.9,82.523,0,0.00%,11215,74789
DXM12,2012-05-29,82.415,82.71,82.13,82.581,0.058,+0.07%,25801,76744
DXM12,2012-05-30,82.605,83.175,82.57,83.086,0.505,+0.61%,29424,75694
DXM12,2012-05-31,83.13,83.295,82.805,83.129,0.043,+0.05%,31660,76356
DXM12,2012-06-01,83.21,83.67,82.7,82.973,-0.156,-0.19%,58376,77228
DXM12,2012-06-04,82.885,83.15,82.545,82.661,-0.312,-0.38%,27960,78714
DXM12,2012-06-05,82.495,83.035,82.4,82.913,0.252,+0.30%,31855,80104
DXM12,2012-06-06,82.82,82.905,82.17,82.379,-0.534,-0.64%,34757,80434
DXM12,2012-06-07,82.25,82.455,81.96,82.106,-0.273,-0.33%,30387,81167
DXM12,2012-06-08,82.28,82.945,82.27,82.562,0.456,+0.56%,38431,81138
DXM12,2012-06-11,82,82.65,81.72,82.548,-0.014,-0.02%,39629,82822
DXM12,2012-06-12,82.63,82.755,82.35,82.449,-0.099,-0.12%,64569,81310
DXM12,2012-06-13,82.445,82.59,81.92,82.057,-0.392,-0.48%,69637,84001
DXU12,2012-06-14,82.585,82.75,82.115,82.346,0.289,+0.35%,57931,88581
DXU12,2012-06-15,82.21,82.305,81.71,81.967,-0.379,-0.46%,41335,90341
DXU12,2012-06-18,81.51,82.365,81.43,82.216,0.249,+0.30%,28025,71212
DXU12,2012-06-19,82.11,82.28,81.39,81.586,-0.63,-0.77%,35022,69963
DXU12,2012-06-20,81.65,81.96,81.405,81.734,0.148,+0.18%,42495,69342
DXU12,2012-06-21,81.69,82.615,81.66,82.488,0.754,+0.92%,29679,69173
DXU12,2012-06-22,82.49,82.67,82.34,82.442,-0.046,-0.06%,22115,67818
DXU12,2012-06-25,82.49,82.825,82.46,82.662,0.22,+0.27%,18424,67308
DXU12,2012-06-26,82.65,82.865,82.43,82.539,-0.123,-0.15%,25699,66742
DXU12,2012-06-27,82.585,82.905,82.47,82.81,0.271,+0.33%,19498,66751
DXU12,2012-06-28,82.755,83.07,82.41,83.007,0.197,+0.24%,31157,65961
DXU12,2012-06-29,82.885,82.905,81.56,81.753,-1.254,-1.51%,40627,63733
DXU12,2012-07-02,81.73,82.095,81.655,82.008,0.255,+0.31%,17087,63277
DXU12,2012-07-03,82.025,82.145,81.815,81.872,-0.136,-0.17%,14993,65041
DXU12,2012-07-04,81.915,82.37,81.872,81.872,0,0.00%,4857,64979
DXU12,2012-07-05,82.34,83.085,82.18,82.942,1.07,+1.31%,27637,62855
DXU12,2012-07-06,82.91,83.605,82.885,83.561,0.619,+0.75%,30605,64182
DXU12,2012-07-09,83.56,83.63,83.265,83.351,-0.21,-0.25%,23744,65138
DXU12,2012-07-10,83.305,83.65,83.135,83.559,0.208,+0.25%,18936,64925
DXU12,2012-07-11,83.54,83.76,83.25,83.728,0.169,+0.20%,19061,65847
DXU12,2012-07-12,83.6,83.985,83.58,83.809,0.081,+0.10%,18851,66679
DXU12,2012-07-13,83.855,83.935,83.38,83.474,-0.335,-0.40%,23238,68007
DXU12,2012-07-16,83.4,83.77,83.13,83.218,-0.256,-0.31%,15640,67758
DXU12,2012-07-17,83.26,83.69,83.03,83.168,-0.05,-0.06%,19763,68675
DXU12,2012-07-18,83.12,83.46,83.045,83.196,0.028,+0.03%,14576,69427
DXU12,2012-07-19,83.105,83.255,82.8,82.98,-0.216,-0.26%,18951,68185
DXU12,2012-07-20,83.015,83.665,82.975,83.573,0.593,+0.71%,22210,67309
DXU12,2012-07-23,83.75,84.14,83.72,83.815,0.242,+0.29%,23061,69061
DXU12,2012-07-24,83.835,84.245,83.76,84.145,0.33,+0.39%,18672,69554
DXU12,2012-07-25,84.135,84.175,83.625,83.641,-0.504,-0.60%,18775,69403
DXU12,2012-07-26,83.755,83.85,82.66,82.859,-0.782,-0.93%,35845,68377
DXU12,2012-07-27,82.93,83.065,82.4,82.765,-0.094,-0.11%,34375,67299
DXU12,2012-07-30,82.755,83.045,82.73,82.868,0.103,+0.12%,13970,66688
DXU12,2012-07-31,82.865,82.935,82.56,82.71,-0.158,-0.19%,14787,66186
DXU12,2012-08-01,82.78,83.27,82.54,83.178,0.468,+0.57%,20060,65181
DXU12,2012-08-02,83.17,83.61,82.225,83.451,0.273,+0.33%,37998,64374
DXU12,2012-08-03,83.43,83.47,82.36,82.446,-1.005,-1.20%,24512,63842
DXU12,2012-08-06,82.405,82.625,82.125,82.304,-0.142,-0.17%,15169,65982
DXU12,2012-08-07,82.33,82.425,82.065,82.25,-0.054,-0.07%,16582,65933
DXU12,2012-08-08,82.375,82.57,82.295,82.439,0.189,+0.23%,15866,64327
DXU12,2012-08-09,82.355,82.865,82.27,82.71,0.271,+0.33%,17852,62841
DXU12,2012-08-10,82.7,82.945,82.5,82.631,-0.079,-0.10%,16672,61578
DXU12,2012-08-13,82.64,82.765,82.285,82.486,-0.145,-0.18%,13097,60530
DXU12,2012-08-14,82.525,82.615,82.25,82.527,0.041,+0.05%,15685,62579
DXU12,2012-08-15,82.595,82.845,82.51,82.711,0.184,+0.22%,12140,61981
DXU12,2012-08-16,82.695,82.96,82.375,82.417,-0.294,-0.36%,19674,61090
DXU12,2012-08-17,82.445,82.825,82.38,82.663,0.246,+0.30%,15899,61244
DXU12,2012-08-20,82.56,82.765,82.435,82.5,-0.163,-0.20%,11108,61998
DXU12,2012-08-21,82.485,82.51,81.805,81.92,-0.58,-0.70%,27571,65398
DXU12,2012-08-22,81.9,82.135,81.47,81.497,-0.423,-0.52%,27136,65664
DXU12,2012-08-23,81.48,81.535,81.22,81.359,-0.138,-0.17%,22288,67773
DXU12,2012-08-24,81.39,81.75,81.365,81.603,0.244,+0.30%,15529,67315
DXU12,2012-08-27,81.615,81.73,81.505,81.691,0.088,+0.11%,9585,64904
DXU12,2012-08-28,81.7,81.84,81.275,81.381,-0.31,-0.38%,13120,64880
DXU12,2012-08-29,81.365,81.605,81.35,81.564,0.183,+0.22%,11160,63997
DXU12,2012-08-30,81.57,81.78,81.41,81.713,0.149,+0.18%,12464,63698
DXU12,2012-08-31,81.7,81.74,80.96,81.216,-0.497,-0.61%,24814,64412
DXU12,2012-09-03,81.27,81.325,81.12,81.216,0,0.00%,4760,66304
DXU12,2012-09-04,81.235,81.395,81.055,81.316,0.1,+0.12%,13176,65008
DXU12,2012-09-05,81.49,81.675,81.115,81.235,-0.081,-0.10%,20098,64181
DXU12,2012-09-06,81.255,81.455,81.005,81.033,-0.202,-0.25%,25402,67378
DXU12,2012-09-07,81.12,81.14,80.14,80.234,-0.799,-0.99%,31718,68617
DXU12,2012-09-10,80.185,80.4,80.17,80.343,0.109,+0.14%,24450,71395
DXU12,2012-09-11,80.36,80.37,79.765,79.836,-0.507,-0.63%,26800,72175
DXU12,2012-09-12,79.86,79.99,79.5,79.723,-0.113,-0.14%,48987,73157
DXU12,2012-09-13,79.665,80.075,79.15,79.237,-0.486,-0.61%,57747,72596
DXZ12,2012-09-14,79.395,79.41,78.725,78.987,-0.25,-0.32%,52608,72393
DXZ12,2012-09-17,78.96,79.175,78.835,79.115,0.128,+0.16%,15728,39929
DXZ12,2012-09-18,79.085,79.365,79.035,79.346,0.231,+0.29%,15257,40481
DXZ12,2012-09-19,79.27,79.485,79.07,79.127,-0.219,-0.28%,19022,42538
DXZ12,2012-09-20,79.135,79.755,79.13,79.478,0.351,+0.44%,27156,42901
DXZ12,2012-09-21,79.46,79.52,79.11,79.398,-0.08,-0.10%,18660,44430
DXZ12,2012-09-24,79.42,79.825,79.42,79.577,0.179,+0.23%,18011,47854
DXZ12,2012-09-25,79.555,79.755,79.375,79.608,0.031,+0.04%,16293,47992
DXZ12,2012-09-26,79.725,80.08,79.67,79.948,0.34,+0.43%,17201,48888
DXZ12,2012-09-27,79.865,80.01,79.55,79.592,-0.356,-0.45%,18262,48056
DXZ12,2012-09-28,79.625,80.09,79.42,80.025,0.433,+0.54%,22516,45525
DXZ12,2012-10-01,80.045,80.25,79.67,79.909,-0.116,-0.14%,18383,45559
DXZ12,2012-10-02,79.89,79.94,79.555,79.83,-0.079,-0.10%,15254,45193
DXZ12,2012-10-03,79.855,80.095,79.795,80.064,0.234,+0.29%,13939,44998
DXZ12,2012-10-04,79.94,80.005,79.355,79.44,-0.624,-0.78%,20061,46071
DXZ12,2012-10-05,79.48,79.525,79.18,79.428,-0.012,-0.02%,17741,45291
DXZ12,2012-10-08,79.465,79.805,79.43,79.622,0.194,+0.24%,9033,44899
DXZ12,2012-10-09,79.65,80.195,79.57,80.069,0.447,+0.56%,24285,42452
DXZ12,2012-10-10,80.185,80.31,79.935,80.017,-0.052,-0.06%,18393,42531
DXZ12,2012-10-11,80.145,80.295,79.78,79.86,-0.157,-0.20%,17277,44459
DXZ12,2012-10-12,79.85,79.9,79.575,79.74,-0.12,-0.15%,15129,44606
DXZ12,2012-10-15,79.82,80.045,79.68,79.806,0.066,+0.08%,14005,44566
DXZ12,2012-10-16,79.745,79.81,79.365,79.464,-0.342,-0.43%,19201,45816
DXZ12,2012-10-17,79.215,79.275,78.97,79.059,-0.405,-0.51%,18871,47581
DXZ12,2012-10-18,79.12,79.465,79.035,79.425,0.366,+0.46%,17945,47908
DXZ12,2012-10-19,79.425,79.745,79.37,79.688,0.263,+0.33%,17737,45438
DXZ12,2012-10-22,79.7,79.755,79.535,79.736,0.048,+0.06%,14765,44617
DXZ12,2012-10-23,79.62,80.155,79.62,80.08,0.344,+0.43%,21669,43793
DXZ12,2012-10-24,80.035,80.245,79.91,80.015,-0.065,-0.08%,18560,42462
DXZ12,2012-10-25,80.075,80.225,79.775,80.118,0.103,+0.13%,17244,42730
DXZ12,2012-10-26,80.185,80.375,80,80.156,0.038,+0.05%,24932,40388
DXZ12,2012-10-29,80.075,80.425,80.075,80.318,0.162,+0.20%,11592,40806
DXZ12,2012-10-30,80.32,80.375,79.9,79.987,-0.331,-0.41%,14515,41026
DXZ12,2012-10-31,80.005,80.055,79.72,79.987,0,0.00%,16098,40233
DXZ12,2012-11-01,79.99,80.19,79.925,80.136,0.149,+0.19%,18577,38699
DXZ12,2012-11-02,80.115,80.74,80.095,80.683,0.547,+0.68%,28392,39756
DXZ12,2012-11-05,80.71,80.925,80.59,80.843,0.16,+0.20%,18198,38943
DXZ12,2012-11-06,80.8,80.92,80.65,80.715,-0.128,-0.16%,24435,36758
DXZ12,2012-11-07,80.785,81.025,80.365,80.867,0.152,+0.19%,35592,37927
DXZ12,2012-11-08,80.94,81.11,80.825,80.886,0.019,+0.02%,20734,38350
DXZ12,2012-11-09,80.95,81.175,80.685,81.098,0.212,+0.26%,23782,38628
DXZ12,2012-11-12,81.105,81.17,80.985,81.106,0.008,+0.01%,10530,38137
DXZ12,2012-11-13,81.19,81.32,81.035,81.14,0.034,+0.04%,20746,38393
DXZ12,2012-11-14,81.15,81.215,80.94,81.1,-0.04,-0.05%,23400,36795
DXZ12,2012-11-15,81.205,81.25,80.975,81.138,0.038,+0.05%,24371,36698
DXZ12,2012-11-16,81.095,81.515,81.08,81.31,0.172,+0.21%,28900,40109
DXZ12,2012-11-19,81.25,81.28,80.835,80.922,-0.388,-0.48%,17853,38918
DXZ12,2012-11-20,81.025,81.075,80.845,81,0.078,+0.10%,13631,39211
DXZ12,2012-11-21,80.98,81.3,80.945,80.966,-0.034,-0.04%,15908,39211
DXZ12,2012-11-22,80.84,80.966,80.645,80.966,0,0.00%,5057,39333
DXZ12,2012-11-23,80.755,80.76,80.155,80.236,-0.73,-0.90%,21160,37426
DXZ12,2012-11-26,80.23,80.34,80.18,80.266,0.03,+0.04%,13292,36913
DXZ12,2012-11-27,80.12,80.505,80.07,80.43,0.164,+0.20%,18811,35530
DXZ12,2012-11-28,80.39,80.61,80.275,80.354,-0.076,-0.09%,16189,35143
DXZ12,2012-11-29,80.32,80.365,80.025,80.209,-0.145,-0.18%,19990,35172
DXZ12,2012-11-30,80.195,80.34,80.03,80.163,-0.046,-0.06%,16113,35610
DXZ12,2012-12-03,80.195,80.215,79.78,79.872,-0.291,-0.36%,25124,38549
DXZ12,2012-12-04,79.885,79.92,79.59,79.634,-0.238,-0.30%,23220,43191
DXZ12,2012-12-05,79.62,79.845,79.565,79.764,0.13,+0.16%,18751,45420
DXZ12,2012-12-06,79.865,80.32,79.725,80.253,0.489,+0.61%,27012,46203
DXZ12,2012-12-07,80.27,80.975,80.225,80.402,0.149,+0.19%,34498,46085
DXZ12,2012-12-10,80.54,80.57,80.27,80.33,-0.072,-0.09%,28604,47945
DXZ12,2012-12-11,80.32,80.37,80,80.054,-0.276,-0.34%,20575,48730
DXZ12,2012-12-12,80.07,80.11,79.365,79.81,-0.244,-0.30%,71281,50845
DXH13,2012-12-13,79.995,80.11,79.87,80.013,0.203,+0.25%,39976,51502
DXH13,2012-12-14,80.045,80.055,79.57,79.655,-0.358,-0.45%,43464,52469
DXH13,2012-12-17,79.66,79.78,79.525,79.62,-0.035,-0.04%,18638,40323
DXH13,2012-12-18,79.62,79.65,79.29,79.387,-0.233,-0.29%,21588,43470
DXH13,2012-12-19,79.38,79.405,79.015,79.313,-0.074,-0.09%,31555,45135
DXH13,2012-12-20,79.405,79.43,79.065,79.31,-0.003,0.00%,21973,46232
DXH13,2012-12-21,79.375,79.735,79.34,79.712,0.402,+0.51%,22724,44169
DXH13,2012-12-24,79.7,79.8,79.445,79.745,0.033,+0.04%,8281,43308
DXH13,2012-12-26,79.735,79.81,79.47,79.704,-0.041,-0.05%,9977,43708
DXH13,2012-12-27,79.64,79.89,79.42,79.719,0.015,+0.02%,15349,43403
DXH13,2012-12-28,79.725,80.05,79.685,79.785,0.066,+0.08%,15294,42545
DXH13,2012-12-31,79.735,79.96,79.69,79.871,0.086,+0.11%,11779,42593
DXH13,2013-01-02,79.62,80.03,79.46,79.948,0.077,+0.10%,18903,42884
DXH13,2013-01-03,79.93,80.595,79.92,80.515,0.567,+0.71%,33659,41585
DXH13,2013-01-04,80.77,80.995,80.52,80.61,0.095,+0.12%,40438,42503
DXH13,2013-01-07,80.61,80.8,80.335,80.369,-0.241,-0.30%,36600,44679
DXH13,2013-01-08,80.31,80.57,80.22,80.445,0.076,+0.09%,15518,44635
DXH13,2013-01-09,80.51,80.75,80.45,80.677,0.232,+0.29%,27731,44008
DXH13,2013-01-10,80.75,80.79,79.745,79.817,-0.86,-1.07%,38491,43380
DXH13,2013-01-11,79.86,79.93,79.49,79.611,-0.206,-0.26%,30334,42850
DXH13,2013-01-14,79.535,79.71,79.405,79.54,-0.071,-0.09%,25972,46204
DXH13,2013-01-15,79.54,79.94,79.435,79.832,0.292,+0.37%,33224,46567
DXH13,2013-01-16,79.765,79.95,79.66,79.854,0.022,+0.03%,21236,45853
DXH13,2013-01-17,79.8,79.95,79.615,79.711,-0.143,-0.18%,25267,47362
DXH13,2013-01-18,79.76,80.275,79.71,80.116,0.405,+0.51%,26167,45019
DXH13,2013-01-21,80.16,80.185,79.995,80.116,0,0.00%,9906,43083
DXH13,2013-01-22,80.185,80.19,79.785,79.973,-0.143,-0.18%,24777,42728
DXH13,2013-01-23,79.94,80.22,79.765,79.99,0.017,+0.02%,18779,42394
DXH13,2013-01-24,80.05,80.225,79.925,80.007,0.017,+0.02%,18952,43816
DXH13,2013-01-25,80.08,80.175,79.745,79.82,-0.187,-0.23%,28155,45799
DXH13,2013-01-28,79.84,79.995,79.785,79.868,0.048,+0.06%,19558,42814
DXH13,2013-01-29,79.85,79.935,79.575,79.624,-0.244,-0.31%,21085,43634
DXH13,2013-01-30,79.625,79.665,79.21,79.326,-0.298,-0.37%,35387,49519
DXH13,2013-01-31,79.275,79.4,79.16,79.226,-0.1,-0.13%,30082,54593
DXH13,2013-02-01,79.14,79.325,78.915,79.135,-0.091,-0.11%,43925,61931
DXH13,2013-02-04,79.175,79.64,79.17,79.573,0.438,+0.55%,27288,59549
DXH13,2013-02-05,79.65,79.815,79.49,79.533,-0.04,-0.05%,31447,55093
DXH13,2013-02-06,79.555,79.93,79.53,79.767,0.234,+0.29%,25316,53152
DXH13,2013-02-07,79.805,80.345,79.58,80.257,0.49,+0.61%,46484,50294
DXH13,2013-02-08,80.3,80.35,80.01,80.316,0.059,+0.07%,25236,47699
DXH13,2013-02-11,80.275,80.475,80.17,80.389,0.073,+0.09%,29421,47154
DXH13,2013-02-12,80.415,80.59,79.99,80.163,-0.226,-0.28%,27976,46236
DXH13,2013-02-13,80.1,80.255,79.915,80.167,0.004,0.00%,28553,45012
DXH13,2013-02-14,80.18,80.71,80.145,80.538,0.371,+0.46%,34211,46739
DXH13,2013-02-15,80.48,80.675,80.305,80.576,0.038,+0.05%,19505,47558
DXH13,2013-02-18,80.7,80.83,80.576,80.576,0,0.00%,9395,48737
DXH13,2013-02-19,80.745,80.765,80.505,80.545,-0.031,-0.04%,15717,50051
DXH13,2013-02-20,80.46,81.23,80.35,81.155,0.61,+0.76%,41182,57364
DXH13,2013-02-21,81.175,81.625,81.125,81.551,0.396,+0.49%,40111,63565
DXH13,2013-02-22,81.485,81.7,81.26,81.585,0.034,+0.04%,33494,69260
DXH13,2013-02-25,81.705,82.005,81.165,81.777,0.192,+0.24%,51078,73725
DXH13,2013-02-26,81.93,82.035,81.63,81.94,0.163,+0.20%,46841,69583
DXH13,2013-02-27,81.94,81.985,81.555,81.672,-0.268,-0.33%,39210,71388
DXH13,2013-02-28,81.605,82.075,81.535,82.003,0.331,+0.41%,28194,73883
DXH13,2013-03-01,82.01,82.58,81.85,82.358,0.355,+0.43%,35759,74519
DXH13,2013-03-04,82.355,82.53,82.23,82.255,-0.103,-0.13%,20218,75342
DXH13,2013-03-05,82.21,82.3,81.955,82.147,-0.108,-0.13%,26606,78061
DXH13,2013-03-06,82.02,82.64,81.975,82.507,0.36,+0.44%,27479,82085
DXH13,2013-03-07,82.615,82.62,81.995,82.123,-0.384,-0.47%,38291,78857
DXH13,2013-03-08,82.165,82.945,82.105,82.731,0.608,+0.74%,46598,81009
DXH13,2013-03-11,82.76,82.885,82.53,82.58,-0.151,-0.18%,45537,80230
DXH13,2013-03-12,82.675,82.815,82.425,82.595,0.015,+0.02%,47357,79948
DXM13,2013-03-13,82.825,83.335,82.6,83.152,0.557,+0.67%,87686,84592
DXM13,2013-03-14,83.16,83.42,82.665,82.858,-0.294,-0.35%,86440,101537
DXM13,2013-03-15,82.785,82.86,82.255,82.466,-0.392,-0.47%,62047,102650
DXM13,2013-03-18,82.87,83.105,82.625,82.899,0.433,+0.53%,30317,83741
DXM13,2013-03-19,82.935,83.315,82.83,83.211,0.312,+0.38%,32763,85693
DXM13,2013-03-20,83.24,83.245,82.725,82.948,-0.263,-0.32%,30764,85002
DXM13,2013-03-21,83,83.185,82.835,82.905,-0.043,-0.05%,23365,86544
DXM13,2013-03-22,82.96,82.985,82.435,82.529,-0.376,-0.45%,27142,82819
DXM13,2013-03-25,82.61,83.11,81.83,82.995,0.466,+0.56%,30219,84146
DXM13,2013-03-26,83.02,83.165,82.88,83.048,0.053,+0.06%,19350,84146
DXM13,2013-03-27,83.04,83.52,83.01,83.411,0.363,+0.44%,28816,87983
DXM13,2013-03-28,83.42,83.46,83.02,83.175,-0.236,-0.28%,20825,88962
DXM13,2013-04-01,83.175,83.365,82.81,82.899,-0.276,-0.33%,12082,89464
DXM13,2013-04-02,82.87,83.13,82.645,83.092,0.193,+0.23%,16841,89895
DXM13,2013-04-03,83.075,83.245,82.77,82.861,-0.231,-0.28%,20074,90626
DXM13,2013-04-04,82.84,83.66,82.74,82.795,-0.066,-0.08%,43553,87635
DXM13,2013-04-05,82.88,83.01,82.31,82.603,-0.192,-0.23%,30784,87063
DXM13,2013-04-08,82.75,82.955,82.605,82.869,0.266,+0.32%,19390,88498
DXM13,2013-04-09,82.78,82.82,82.375,82.414,-0.455,-0.55%,21925,87508
DXM13,2013-04-10,82.485,82.675,82.32,82.634,0.22,+0.27%,24752,85773
DXM13,2013-04-11,82.65,82.68,82.14,82.325,-0.309,-0.37%,28002,83672
DXM13,2013-04-12,82.295,82.585,82.14,82.406,0.081,+0.10%,25391,82778
DXM13,2013-04-15,82.19,82.545,82.19,82.507,0.101,+0.12%,30088,81897
DXM13,2013-04-16,82.395,82.62,81.78,81.823,-0.684,-0.83%,42195,77787
DXM13,2013-04-17,81.895,82.815,81.89,82.791,0.968,+1.18%,52420,72982
DXM13,2013-04-18,82.735,82.755,82.46,82.681,-0.11,-0.13%,24129,73120
DXM13,2013-04-19,82.67,82.895,82.4,82.846,0.165,+0.20%,30497,73656
DXM13,2013-04-22,82.835,83.045,82.735,82.824,-0.022,-0.03%,29964,77937
DXM13,2013-04-23,82.765,83.2,82.65,83.186,0.362,+0.44%,29057,78266
DXM13,2013-04-24,83.21,83.325,82.965,83.026,-0.16,-0.19%,24984,76012
DXM13,2013-04-25,83.03,83.055,82.485,82.84,-0.186,-0.22%,30966,72727
DXM13,2013-04-26,82.895,82.905,82.46,82.571,-0.269,-0.32%,25983,70474
DXM13,2013-04-29,82.445,82.52,82.1,82.202,-0.369,-0.45%,22809,69722
DXM13,2013-04-30,82.225,82.355,81.64,81.807,-0.395,-0.48%,34719,70776
DXM13,2013-05-01,81.74,81.78,81.37,81.522,-0.285,-0.35%,24865,70498
DXM13,2013-05-02,81.64,82.415,81.54,82.282,0.76,+0.93%,43166,68981
DXM13,2013-05-03,82.29,82.61,81.835,82.195,-0.087,-0.11%,41823,68354
DXM13,2013-05-06,82.14,82.475,82.04,82.378,0.183,+0.22%,20118,69253
DXM13,2013-05-07,82.38,82.425,82.12,82.335,-0.043,-0.05%,18371,69141
DXM13,2013-05-08,82.365,82.4,81.78,81.951,-0.384,-0.47%,25139,69569
DXM13,2013-05-09,81.965,82.915,81.835,82.875,0.924,+1.13%,35165,69742
DXM13,2013-05-10,82.815,83.52,82.765,83.231,0.356,+0.43%,46069,70131
DXM13,2013-05-13,83.265,83.455,83.15,83.365,0.134,+0.16%,21862,71305
DXM13,2013-05-14,83.245,83.835,83.045,83.713,0.348,+0.42%,44587,80067
DXM13,2013-05-15,83.72,84.22,83.68,83.961,0.248,+0.30%,41386,83546
DXM13,2013-05-16,83.89,84.125,83.57,83.722,-0.239,-0.28%,40242,86881
DXM13,2013-05-17,83.88,84.515,83.865,84.387,0.665,+0.79%,47624,94132
DXM13,2013-05-20,84.24,84.4,83.8,83.842,-0.545,-0.65%,35228,95079
DXM13,2013-05-21,83.885,84.3,83.735,83.955,0.113,+0.13%,42764,94765
DXM13,2013-05-22,83.865,84.51,83.52,84.459,0.504,+0.60%,71374,95270
DXM13,2013-05-23,84.435,84.595,83.665,83.803,-0.656,-0.78%,62397,90991
DXM13,2013-05-24,83.92,84.02,83.5,83.758,-0.045,-0.05%,39858,90671
DXM13,2013-05-27,83.695,83.76,83.565,83.758,0,0.00%,4051,89968
DXM13,2013-05-28,83.725,84.365,83.705,84.172,0.414,+0.49%,39775,92698
DXM13,2013-05-29,84.385,84.43,83.54,83.705,-0.467,-0.55%,47785,87836
DXM13,2013-05-30,83.605,83.765,83.01,83.067,-0.638,-0.76%,51113,84081
DXM13,2013-05-31,83.1,83.65,83.05,83.401,0.334,+0.40%,40611,82468
DXM13,2013-06-03,83.355,83.415,82.455,82.688,-0.713,-0.85%,52258,82128
DXM13,2013-06-04,82.73,83,82.63,82.802,0.114,+0.14%,25622,80851
DXM13,2013-06-05,82.855,82.91,82.505,82.612,-0.19,-0.23%,45970,80099
DXM13,2013-06-06,82.605,82.69,81.065,81.537,-1.075,-1.30%,116372,77521
DXM13,2013-06-07,81.585,81.855,81.08,81.66,0.123,+0.15%,79807,79943
DXM13,2013-06-10,81.8,82.09,81.59,81.651,-0.009,-0.01%,64233,80177
DXM13,2013-06-11,81.72,81.75,81.025,81.11,-0.541,-0.66%,73109,79315
DXM13,2013-06-12,81.1,81.31,80.745,80.946,-0.164,-0.20%,90690,78864
DXU13,2013-06-13,81.05,81.21,80.71,80.962,0.016,+0.02%,67855,80271
DXU13,2013-06-14,80.97,81.205,80.785,80.845,-0.117,-0.14%,63180,77745
DXU13,2013-06-17,80.81,81.065,80.705,80.968,0.123,+0.15%,29564,48249
DXU13,2013-06-18,80.81,81.155,80.71,80.749,-0.219,-0.27%,43948,51036
DXU13,2013-06-19,80.86,81.665,80.615,81.595,0.846,+1.05%,47838,50877
DXU13,2013-06-20,81.555,82.32,81.44,82.096,0.501,+0.61%,58015,51740
DXU13,2013-06-21,81.91,82.745,81.765,82.517,0.421,+0.51%,53856,52582
DXU13,2013-06-24,82.71,83.05,82.525,82.633,0.116,+0.14%,42655,52562
DXU13,2013-06-25,82.58,82.95,82.44,82.8,0.167,+0.20%,38077,52740
DXU13,2013-06-26,82.92,83.275,82.735,83.228,0.428,+0.52%,29425,53105
DXU13,2013-06-27,83.13,83.43,83.015,83.152,-0.076,-0.09%,30577,51858
DXU13,2013-06-28,83.235,83.595,82.975,83.376,0.224,+0.27%,35571,53395
DXU13,2013-07-01,83.41,83.47,83.175,83.253,-0.123,-0.15%,25015,54819
DXU13,2013-07-02,83.205,83.835,83.17,83.764,0.511,+0.61%,31802,55430
DXU13,2013-07-03,83.79,83.935,83.275,83.451,-0.313,-0.37%,33949,55695
DXU13,2013-07-04,83.36,84.155,83.335,83.451,0,0.00%,14560,55695
DXU13,2013-07-05,84.125,84.93,84.065,84.689,1.238,+1.48%,50692,67418
DXU13,2013-07-08,84.83,84.835,84.355,84.414,-0.275,-0.32%,31486,68134
DXU13,2013-07-09,84.485,84.965,84.31,84.781,0.367,+0.43%,41453,69480
DXU13,2013-07-10,84.875,84.925,83.64,84.234,-0.547,-0.65%,51084,69192
DXU13,2013-07-11,82.87,83.425,82.6,82.915,-1.319,-1.57%,52690,68132
DXU13,2013-07-12,82.93,83.4,82.885,83.163,0.248,+0.30%,32354,66637
DXU13,2013-07-15,83.115,83.62,83.035,83.196,0.033,+0.04%,27765,65992
DXU13,2013-07-16,83.245,83.27,82.525,82.637,-0.559,-0.67%,32303,64342
DXU13,2013-07-17,82.685,83.055,82.475,82.84,0.203,+0.25%,52611,63270
DXU13,2013-07-18,82.82,83.16,82.76,82.955,0.115,+0.14%,25569,63425
DXU13,2013-07-19,82.91,83.06,82.62,82.711,-0.244,-0.29%,21395,62689
DXU13,2013-07-22,82.7,82.74,82.13,82.317,-0.394,-0.48%,31738,62131
DXU13,2013-07-23,82.27,82.47,82.01,82.04,-0.277,-0.34%,25244,60781
DXU13,2013-07-24,82.12,82.515,82.02,82.4,0.36,+0.44%,34371,59832
DXU13,2013-07-25,82.45,82.5,81.71,82.053,-0.347,-0.42%,26483,62140
DXU13,2013-07-26,81.88,81.92,81.64,81.764,-0.289,-0.35%,25345,63147
DXU13,2013-07-29,81.775,81.935,81.61,81.763,-0.001,0.00%,27331,62731
DXU13,2013-07-30,81.805,82.09,81.69,81.919,0.156,+0.19%,34563,63511
DXU13,2013-07-31,81.93,82.295,81.48,81.539,-0.38,-0.46%,62947,65409
DXU13,2013-08-01,81.76,82.495,81.69,82.427,0.888,+1.09%,44958,65349
DXU13,2013-08-02,82.43,82.61,81.9,81.978,-0.449,-0.54%,43188,67541
DXU13,2013-08-05,82.01,82.16,81.81,81.936,-0.042,-0.05%,24508,65828
DXU13,2013-08-06,81.93,82.015,81.56,81.658,-0.278,-0.34%,28799,67341
DXU13,2013-08-07,81.625,81.88,81.27,81.323,-0.335,-0.41%,39666,69740
DXU13,2013-08-08,81.325,81.395,80.895,81.027,-0.296,-0.36%,36633,74239
DXU13,2013-08-09,81.1,81.225,80.97,81.17,0.143,+0.18%,18739,75100
DXU13,2013-08-12,81.195,81.55,81.11,81.374,0.204,+0.25%,21337,76444
DXU13,2013-08-13,81.515,81.925,81.435,81.815,0.441,+0.54%,26491,74194
DXU13,2013-08-14,81.795,81.905,81.66,81.758,-0.057,-0.07%,20199,72406
DXU13,2013-08-15,81.675,81.995,81.115,81.207,-0.551,-0.67%,39065,74767
DXU13,2013-08-16,81.175,81.44,81.065,81.293,0.086,+0.11%,25853,75015
DXU13,2013-08-19,81.32,81.415,81.17,81.26,-0.033,-0.04%,21347,73796
DXU13,2013-08-20,81.315,81.38,80.77,80.934,-0.326,-0.40%,31262,75224
DXU13,2013-08-21,80.945,81.55,80.925,81.223,0.289,+0.36%,37776,71810
DXU13,2013-08-22,81.45,81.95,81.41,81.531,0.308,+0.38%,34617,70090
DXU13,2013-08-23,81.545,81.7,81.245,81.392,-0.139,-0.17%,30993,72673
DXU13,2013-08-26,81.4,81.555,81.305,81.441,0.049,+0.06%,17161,72085
DXU13,2013-08-27,81.385,81.615,81.14,81.2,-0.241,-0.30%,34688,73930
DXU13,2013-08-28,81.165,81.64,81.135,81.465,0.265,+0.33%,32299,70591
DXU13,2013-08-29,81.5,82.27,81.42,82.003,0.538,+0.66%,42952,68214
DXU13,2013-08-30,82.025,82.325,81.93,82.142,0.139,+0.17%,28414,69511
DXU13,2013-09-02,82.12,82.36,82.065,82.142,0,0.00%,10488,69511
DXU13,2013-09-03,82.35,82.78,82.28,82.401,0.259,+0.32%,32933,67467
DXU13,2013-09-04,82.405,82.47,82.105,82.205,-0.196,-0.24%,23028,67904
DXU13,2013-09-05,82.225,82.71,82.1,82.668,0.463,+0.56%,51770,71716
DXU13,2013-09-06,82.67,82.7,81.935,82.167,-0.501,-0.61%,43794,69638
DXU13,2013-09-09,82.25,82.33,81.685,81.796,-0.371,-0.45%,40661,71792
DXU13,2013-09-10,81.835,81.985,81.73,81.819,0.023,+0.03%,36449,70651
DXU13,2013-09-11,81.83,81.94,81.455,81.522,-0.297,-0.36%,62213,68360
DXZ13,2013-09-12,81.675,81.95,81.52,81.674,0.152,+0.19%,53381,67755
DXZ13,2013-09-13,81.695,81.915,81.565,81.638,-0.036,-0.04%,46347,66441
DXZ13,2013-09-16,81.325,81.46,81.135,81.448,-0.19,-0.23%,20880,48184
DXZ13,2013-09-17,81.42,81.505,81.245,81.295,-0.153,-0.19%,13011,47835
DXZ13,2013-09-18,81.3,81.37,80.17,80.367,-0.928,-1.14%,48246,52239
DXZ13,2013-09-19,80.285,80.56,80.155,80.48,0.113,+0.14%,36279,53168
DXZ13,2013-09-20,80.45,80.685,80.405,80.549,0.069,+0.09%,22703,53962
DXZ13,2013-09-23,80.47,80.645,80.395,80.571,0.022,+0.03%,14783,52903
DXZ13,2013-09-24,80.57,80.745,80.52,80.69,0.119,+0.15%,15628,53075
DXZ13,2013-09-25,80.69,80.74,80.395,80.443,-0.247,-0.31%,19250,54255
DXZ13,2013-09-26,80.485,80.76,80.405,80.638,0.195,+0.24%,17852,53516
DXZ13,2013-09-27,80.65,80.7,80.205,80.377,-0.261,-0.32%,17043,54503
DXZ13,2013-09-30,80.46,80.49,80.115,80.323,-0.054,-0.07%,16414,54858
DXZ13,2013-10-01,80.35,80.41,79.955,80.25,-0.073,-0.09%,28655,53794
DXZ13,2013-10-02,80.29,80.38,79.875,79.989,-0.261,-0.33%,20802,54736
DXZ13,2013-10-03,79.935,80.02,79.72,79.846,-0.143,-0.18%,15695,55174
DXZ13,2013-10-04,79.85,80.285,79.78,80.22,0.374,+0.47%,14387,55165
DXZ13,2013-10-07,80.2,80.235,79.97,80.026,-0.194,-0.24%,13142,58122
DXZ13,2013-10-08,80,80.17,79.915,80.132,0.106,+0.13%,15817,59355
DXZ13,2013-10-09,79.97,80.865,79.95,80.466,0.334,+0.42%,29252,56132
DXZ13,2013-10-10,80.5,80.685,80.395,80.517,0.051,+0.06%,16010,53867
DXZ13,2013-10-11,80.58,80.625,80.34,80.452,-0.065,-0.08%,14425,53264
DXZ13,2013-10-14,80.385,80.475,80.2,80.311,-0.141,-0.18%,10090,54073
DXZ13,2013-10-15,80.445,80.8,80.34,80.561,0.25,+0.31%,24938,50217
DXZ13,2013-10-16,80.585,80.85,80.37,80.563,0.002,0.00%,18499,49315
DXZ13,2013-10-17,80.635,80.65,79.68,79.718,-0.845,-1.05%,26342,53408
DXZ13,2013-10-18,79.77,79.82,79.55,79.727,0.009,+0.01%,12977,52872
DXZ13,2013-10-21,79.73,79.875,79.68,79.751,0.024,+0.03%,11864,53764
DXZ13,2013-10-22,79.785,79.86,79.235,79.29,-0.461,-0.58%,20417,54206
DXZ13,2013-10-23,79.31,79.44,79.19,79.329,0.039,+0.05%,13476,53186
DXZ13,2013-10-24,79.355,79.375,79.135,79.245,-0.084,-0.11%,13711,52560
DXZ13,2013-10-25,79.255,79.38,79.06,79.246,0.001,0.00%,11631,52932
DXZ13,2013-10-28,79.3,79.445,79.205,79.306,0.06,+0.08%,10857,52954
DXZ13,2013-10-29,79.385,79.74,79.34,79.67,0.364,+0.46%,18106,51946
DXZ13,2013-10-30,79.7,79.975,79.485,79.837,0.167,+0.21%,16438,51484
DXZ13,2013-10-31,79.82,80.355,79.74,80.263,0.426,+0.53%,26212,48741
DXZ13,2013-11-01,80.33,80.87,80.32,80.81,0.547,+0.68%,31436,45437
DXZ13,2013-11-04,80.81,81.025,80.61,80.64,-0.17,-0.21%,17591,44046
DXZ13,2013-11-05,80.63,80.895,80.575,80.787,0.147,+0.18%,15165,43806
DXZ13,2013-11-06,80.785,80.8,80.455,80.559,-0.228,-0.28%,14752,43306
DXZ13,2013-11-07,80.625,81.565,80.52,80.854,0.295,+0.37%,43073,43412
DXZ13,2013-11-08,80.955,81.58,80.79,81.387,0.533,+0.66%,32670,43325
DXZ13,2013-11-11,81.38,81.42,81.13,81.2,-0.187,-0.23%,15435,41512
DXZ13,2013-11-12,81.19,81.545,81.08,81.252,0.052,+0.06%,21370,41351
DXZ13,2013-11-13,81.22,81.35,80.8,80.983,-0.269,-0.33%,21067,42684
DXZ13,2013-11-14,80.865,81.27,80.855,81.086,0.103,+0.13%,18628,42355
DXZ13,2013-11-15,81.11,81.21,80.835,80.898,-0.188,-0.23%,15170,42611
DXZ13,2013-11-18,80.875,80.965,80.6,80.826,-0.072,-0.09%,13852,43142
DXZ13,2013-11-19,80.74,80.875,80.605,80.744,-0.082,-0.10%,14598,43239
DXZ13,2013-11-20,80.62,81.2,80.56,81.172,0.428,+0.53%,31567,43005
DXZ13,2013-11-21,81.19,81.335,81,81.117,-0.055,-0.07%,17940,42365
DXZ13,2013-11-22,81.04,81.135,80.685,80.742,-0.375,-0.46%,14795,42840
DXZ13,2013-11-25,80.72,81.06,80.67,80.963,0.221,+0.27%,15104,42810
DXZ13,2013-11-26,80.83,80.94,80.62,80.638,-0.325,-0.40%,22020,42877
DXZ13,2013-11-27,80.69,80.815,80.5,80.747,0.109,+0.14%,17272,44385
DXZ13,2013-11-28,80.745,80.755,80.555,80.747,0,0.00%,2965,44385
DXZ13,2013-11-29,80.565,80.695,80.495,80.657,-0.09,-0.11%,10011,46637
DXZ13,2013-12-02,80.685,80.99,80.51,80.942,0.285,+0.35%,20540,47443
DXZ13,2013-12-03,80.95,81.015,80.51,80.618,-0.324,-0.40%,18141,46173
DXZ13,2013-12-04,80.675,80.93,80.545,80.628,0.01,+0.01%,24051,44852
DXZ13,2013-12-05,80.675,80.845,80.23,80.241,-0.387,-0.48%,37557,47657
DXZ13,2013-12-06,80.305,80.64,80.22,80.315,0.074,+0.09%,22613,48635
DXZ13,2013-12-09,80.23,80.33,80.12,80.14,-0.175,-0.22%,22613,49095
DXZ13,2013-12-10,80.155,80.16,79.835,79.964,-0.176,-0.22%,34618,49070
DXZ13,2013-12-11,79.99,80.055,79.755,79.89,-0.074,-0.09%,51752,51545
DXH14,2013-12-12,80.08,80.385,79.985,80.353,0.463,+0.58%,51118,49954
DXH14,2013-12-13,80.365,80.57,80.29,80.375,0.022,+0.03%,38803,47356
DXH14,2013-12-16,80.355,80.37,80.07,80.226,-0.149,-0.19%,15044,39831
DXH14,2013-12-17,80.275,80.445,80.135,80.214,-0.012,-0.01%,12534,39322
DXH14,2013-12-18,80.21,80.715,79.5,80.248,0.034,+0.04%,35097,40991
DXH14,2013-12-19,80.675,80.835,80.62,80.788,0.54,+0.67%,21809,39925
DXH14,2013-12-20,80.89,81.005,80.56,80.75,-0.038,-0.05%,23822,42528
DXH14,2013-12-23,80.75,80.75,80.46,80.617,-0.133,-0.16%,18047,43543
DXH14,2013-12-24,80.655,80.78,80.63,80.674,0.057,+0.07%,5614,43607
DXH14,2013-12-26,80.675,80.71,80.595,80.653,-0.021,-0.03%,7228,43755
DXH14,2013-12-27,80.6,80.61,79.82,80.538,-0.115,-0.14%,25266,43762
DXH14,2013-12-30,80.415,80.58,80.055,80.122,-0.416,-0.52%,14157,44399
DXH14,2013-12-31,80.105,80.35,80.09,80.189,0.067,+0.08%,6606,43644
DXH14,2014-01-02,80.43,80.865,80.43,80.788,0.599,+0.75%,22476,45034
DXH14,2014-01-03,80.765,81.06,80.64,80.955,0.167,+0.21%,19046,45854
DXH14,2014-01-06,81,81.08,80.69,80.806,-0.149,-0.18%,24710,46375
DXH14,2014-01-07,80.86,81.105,80.755,80.98,0.174,+0.22%,24879,46642
DXH14,2014-01-08,81.065,81.335,80.98,81.162,0.182,+0.22%,38101,48899
DXH14,2014-01-09,81.215,81.33,80.985,81.135,-0.027,-0.03%,28089,47055
DXH14,2014-01-10,81.085,81.27,80.62,80.754,-0.381,-0.47%,38856,42911
DXH14,2014-01-13,80.745,80.855,80.56,80.611,-0.143,-0.18%,18614,42532
DXH14,2014-01-14,80.67,80.79,80.54,80.756,0.145,+0.18%,13323,42927
DXH14,2014-01-15,80.755,81.255,80.75,81.144,0.388,+0.48%,23308,45101
DXH14,2014-01-16,81.185,81.205,80.87,81.021,-0.123,-0.15%,21437,42794
DXH14,2014-01-17,81.045,81.43,81.015,81.362,0.341,+0.42%,21191,47485
DXH14,2014-01-20,81.345,81.43,81.175,81.362,0,0.00%,4281,47485
DXH14,2014-01-21,81.305,81.525,81.145,81.226,-0.136,-0.17%,25688,49768
DXH14,2014-01-22,81.175,81.335,81.075,81.305,0.079,+0.10%,15076,48923
DXH14,2014-01-23,81.38,81.4,80.49,80.525,-0.78,-0.96%,35093,48343
DXH14,2014-01-24,80.565,80.64,80.22,80.541,0.016,+0.02%,27115,48521
DXH14,2014-01-27,80.53,80.65,80.39,80.612,0.071,+0.09%,14394,48666
DXH14,2014-01-28,80.59,80.845,80.475,80.657,0.045,+0.06%,13184,48844
DXH14,2014-01-29,80.71,80.9,80.515,80.581,-0.076,-0.09%,22103,48999
DXH14,2014-01-30,80.64,81.245,80.635,81.193,0.612,+0.76%,24188,47008
DXH14,2014-01-31,81.175,81.44,81.08,81.403,0.21,+0.26%,23569,48855
DXH14,2014-02-03,81.385,81.42,81.09,81.11,-0.293,-0.36%,20503,49175
DXH14,2014-02-04,81.17,81.325,81.075,81.224,0.114,+0.14%,14267,47614
DXH14,2014-02-05,81.215,81.345,80.82,81.129,-0.095,-0.12%,24729,47457
DXH14,2014-02-06,81.16,81.35,80.805,81.002,-0.127,-0.16%,28337,46959
DXH14,2014-02-07,80.965,81.095,80.63,80.758,-0.244,-0.30%,21560,47034
DXH14,2014-02-10,80.82,80.84,80.665,80.727,-0.031,-0.04%,10703,46395
DXH14,2014-02-11,80.61,80.745,80.51,80.704,-0.023,-0.03%,24360,47189
DXH14,2014-02-12,80.705,80.915,80.57,80.741,0.037,+0.05%,18892,47855
DXH14,2014-02-13,80.745,80.75,80.245,80.378,-0.363,-0.45%,25992,47657
DXH14,2014-02-14,80.35,80.36,80.105,80.179,-0.199,-0.25%,17864,48780
DXH14,2014-02-17,80.16,80.205,79.99,80.179,0,0.00%,4228,48995
DXH14,2014-02-18,80.2,80.265,80,80.046,-0.133,-0.17%,18747,49629
DXH14,2014-02-19,80.01,80.28,79.95,80.186,0.14,+0.17%,18215,49878
DXH14,2014-02-20,80.215,80.465,80.07,80.316,0.13,+0.16%,20231,50881
DXH14,2014-02-21,80.355,80.44,80.205,80.27,-0.046,-0.06%,14358,50436
DXH14,2014-02-24,80.275,80.4,80.125,80.225,-0.045,-0.06%,12882,50108
DXH14,2014-02-25,80.255,80.295,80.05,80.165,-0.06,-0.07%,17248,49811
DXH14,2014-02-26,80.16,80.555,80.125,80.463,0.298,+0.37%,23652,48399
DXH14,2014-02-27,80.42,80.6,80.255,80.306,-0.157,-0.20%,20663,48510
DXH14,2014-02-28,80.28,80.325,79.7,79.72,-0.586,-0.73%,32120,51289
DXH14,2014-03-03,79.855,80.11,79.78,80.09,0.37,+0.46%,25619,53627
DXH14,2014-03-04,80.1,80.22,79.925,80.183,0.093,+0.12%,16996,52552
DXH14,2014-03-05,80.14,80.285,80.06,80.117,-0.066,-0.08%,16167,52703
DXH14,2014-03-06,80.12,80.21,79.59,79.665,-0.452,-0.56%,39509,56759
DXH14,2014-03-07,79.675,79.855,79.44,79.722,0.057,+0.07%,31950,58544
DXH14,2014-03-10,79.685,79.83,79.635,79.769,0.047,+0.06%,29588,59030
DXH14,2014-03-11,79.77,79.94,79.71,79.735,-0.034,-0.04%,32621,58004
DXM14,2014-03-12,79.9,79.965,79.65,79.719,-0.016,-0.02%,59025,66441
DXM14,2014-03-13,79.71,79.825,79.375,79.755,0.036,+0.05%,68745,64743
DXM14,2014-03-14,79.73,79.83,79.44,79.568,-0.187,-0.23%,43207,62004
DXM14,2014-03-17,79.555,79.69,79.41,79.519,-0.049,-0.06%,13898,51512
DXM14,2014-03-18,79.515,79.675,79.425,79.544,0.025,+0.03%,16762,51698
DXM14,2014-03-19,79.52,80.25,79.49,80.133,0.589,+0.74%,25838,51765
DXM14,2014-03-20,80.18,80.505,80.055,80.353,0.22,+0.27%,28176,50097
DXM14,2014-03-21,80.335,80.385,80.195,80.261,-0.092,-0.11%,20328,50034
DXM14,2014-03-24,80.27,80.45,79.9,80.079,-0.182,-0.23%,18349,50424
DXM14,2014-03-25,80.085,80.42,80.005,80.088,0.009,+0.01%,17685,50393
DXM14,2014-03-26,80.12,80.29,80.06,80.169,0.081,+0.10%,12010,50619
DXM14,2014-03-27,80.165,80.35,80.1,80.252,0.083,+0.10%,15617,50853
DXM14,2014-03-28,80.295,80.4,80.205,80.335,0.083,+0.10%,12683,51540
DXM14,2014-03-31,80.35,80.575,80.115,80.254,-0.081,-0.10%,21133,52555
DXM14,2014-04-01,80.255,80.285,80.125,80.249,-0.005,-0.01%,10647,52151
DXM14,2014-04-02,80.245,80.435,80.15,80.372,0.123,+0.15%,15853,50288
DXM14,2014-04-03,80.38,80.685,80.24,80.64,0.268,+0.33%,40261,52890
DXM14,2014-04-04,80.6,80.77,80.485,80.571,-0.069,-0.09%,24890,52906
DXM14,2014-04-07,80.57,80.595,80.31,80.355,-0.216,-0.27%,10525,52189
DXM14,2014-04-08,80.345,80.35,79.8,79.835,-0.52,-0.65%,26176,50988
DXM14,2014-04-09,79.875,79.955,79.535,79.553,-0.282,-0.35%,20508,52486
DXM14,2014-04-10,79.615,79.645,79.385,79.45,-0.103,-0.13%,22698,53085
DXM14,2014-04-11,79.48,79.63,79.43,79.523,0.073,+0.09%,12925,52824
DXM14,2014-04-14,79.63,79.905,79.62,79.805,0.282,+0.35%,10538,51841
DXM14,2014-04-15,79.85,79.985,79.76,79.888,0.083,+0.10%,11253,52388
DXM14,2014-04-16,79.895,79.955,79.715,79.883,-0.005,-0.01%,10897,51888
DXM14,2014-04-17,79.87,79.95,79.65,79.903,0.02,+0.03%,7560,51788
DXM14,2014-04-21,79.94,80.06,79.865,80.03,0.127,+0.16%,7629,51459
DXM14,2014-04-22,80.065,80.065,79.865,79.995,-0.035,-0.04%,11402,50260
DXM14,2014-04-23,79.98,80.005,79.77,79.935,-0.06,-0.08%,13382,50904
DXM14,2014-04-24,79.925,80.055,79.81,79.877,-0.058,-0.07%,12338,51469
DXM14,2014-04-25,79.845,79.88,79.735,79.818,-0.059,-0.07%,8702,52018
DXM14,2014-04-28,79.805,79.91,79.615,79.762,-0.056,-0.07%,11668,52867
DXM14,2014-04-29,79.76,79.92,79.66,79.881,0.119,+0.15%,10398,52985
DXM14,2014-04-30,79.865,80.02,79.51,79.532,-0.349,-0.44%,22060,54282
DXM14,2014-05-01,79.57,79.605,79.48,79.579,0.047,+0.06%,7363,55464
DXM14,2014-05-02,79.56,79.935,79.515,79.563,-0.016,-0.02%,23901,55310
DXM14,2014-05-05,79.56,79.58,79.485,79.53,-0.033,-0.04%,8229,56332
DXM14,2014-05-06,79.55,79.565,79.09,79.126,-0.404,-0.51%,28118,59850
DXM14,2014-05-07,79.165,79.29,79.125,79.243,0.117,+0.15%,16566,59256
DXM14,2014-05-08,79.27,79.505,78.93,79.402,0.159,+0.20%,44553,57445
DXM14,2014-05-09,79.46,79.97,79.46,79.961,0.559,+0.70%,27579,54832
DXM14,2014-05-12,79.915,79.97,79.84,79.965,0.004,+0.01%,12942,53105
DXM14,2014-05-13,79.955,80.285,79.92,80.213,0.248,+0.31%,27714,50532
DXM14,2014-05-14,80.17,80.185,80.05,80.135,-0.078,-0.10%,15943,49526
DXM14,2014-05-15,80.115,80.405,79.985,80.064,-0.071,-0.09%,23879,48169
DXM14,2014-05-16,80.06,80.18,80.03,80.107,0.043,+0.05%,12401,48289
DXM14,2014-05-19,80.11,80.11,79.935,80.048,-0.059,-0.07%,10680,47790
DXM14,2014-05-20,80.08,80.17,80.055,80.093,0.045,+0.06%,8101,47494
DXM14,2014-05-21,80.075,80.37,79.94,80.15,0.057,+0.07%,18210,47815
DXM14,2014-05-22,80.135,80.335,80.125,80.305,0.155,+0.19%,11082,47983
DXM14,2014-05-23,80.295,80.49,80.285,80.45,0.145,+0.18%,11313,48472
DXM14,2014-05-26,80.45,80.485,80.295,80.45,0,0.00%,2682,48472
DXM14,2014-05-27,80.335,80.52,80.225,80.405,-0.045,-0.06%,13355,49243
DXM14,2014-05-28,80.4,80.63,80.38,80.62,0.215,+0.27%,14610,50955
DXM14,2014-05-29,80.61,80.61,80.4,80.54,-0.08,-0.10%,12854,50285
DXM14,2014-05-30,80.535,80.545,80.35,80.404,-0.136,-0.17%,10607,49877
DXM14,2014-06-02,80.405,80.73,80.405,80.69,0.286,+0.36%,22390,53975
DXM14,2014-06-03,80.69,80.715,80.475,80.593,-0.097,-0.12%,14345,54011
DXM14,2014-06-04,80.6,80.715,80.51,80.706,0.113,+0.14%,14657,53928
DXM14,2014-06-05,80.685,81.065,80.345,80.403,-0.303,-0.38%,57901,53259
DXM14,2014-06-06,80.4,80.555,80.265,80.427,0.024,+0.03%,29137,51371
DXM14,2014-06-09,80.445,80.705,80.33,80.682,0.255,+0.32%,25083,52575
DXM14,2014-06-10,80.645,80.885,80.575,80.846,0.164,+0.20%,31128,53957
DXM14,2014-06-11,80.835,80.915,80.695,80.809,-0.037,-0.05%,43446,62657
DXU14,2014-06-12,80.88,80.94,80.635,80.68,-0.129,-0.16%,46901,71023
DXU14,2014-06-13,80.655,80.815,80.55,80.751,0.071,+0.09%,35904,74989
DXU14,2014-06-16,80.73,80.815,80.51,80.572,-0.179,-0.22%,17433,55064
DXU14,2014-06-17,80.555,80.76,80.485,80.716,0.144,+0.18%,10868,55245
DXU14,2014-06-18,80.7,80.97,80.47,80.67,-0.046,-0.06%,20346,59892
DXU14,2014-06-19,80.47,80.52,80.24,80.396,-0.274,-0.34%,25944,58983
DXU14,2014-06-20,80.37,80.575,80.28,80.441,0.045,+0.06%,13837,58219
DXU14,2014-06-23,80.445,80.465,80.315,80.338,-0.103,-0.13%,9917,58844
DXU14,2014-06-24,80.355,80.505,80.255,80.393,0.055,+0.07%,15570,58484
DXU14,2014-06-25,80.385,80.41,80.14,80.265,-0.128,-0.16%,27889,58204
DXU14,2014-06-26,80.255,80.44,80.19,80.279,0.014,+0.02%,20058,57166
DXU14,2014-06-27,80.255,80.27,80.06,80.086,-0.193,-0.24%,16768,58752
DXU14,2014-06-30,80.075,80.125,79.8,79.811,-0.275,-0.34%,25013,58762
DXU14,2014-07-01,79.84,79.895,79.77,79.845,0.034,+0.04%,18547,58275
DXU14,2014-07-02,79.86,80.025,79.835,79.985,0.14,+0.18%,15273,59678
DXU14,2014-07-03,79.99,80.6,79.975,80.281,0.296,+0.37%,23807,55875
DXU14,2014-07-04,80.27,80.355,80.24,80.281,0,0.00%,2862,55318
DXU14,2014-07-07,80.33,80.405,80.24,80.267,-0.014,-0.02%,11043,54051
DXU14,2014-07-08,80.265,80.345,80.19,80.221,-0.046,-0.06%,7920,54011
DXU14,2014-07-09,80.195,80.275,80.025,80.042,-0.179,-0.22%,18857,55304
DXU14,2014-07-10,80.055,80.245,80.02,80.17,0.128,+0.16%,13714,55425
DXU14,2014-07-11,80.185,80.28,80.07,80.229,0.059,+0.07%,12232,55006
DXU14,2014-07-14,80.22,80.285,80.12,80.23,0.001,0.00%,8451,54870
DXU14,2014-07-15,80.21,80.47,80.175,80.446,0.216,+0.27%,26378,53919
DXU14,2014-07-16,80.42,80.655,80.42,80.625,0.179,+0.22%,16525,52672
DXU14,2014-07-17,80.595,80.665,80.54,80.57,-0.055,-0.07%,13449,52042
DXU14,2014-07-18,80.605,80.755,80.545,80.595,0.025,+0.03%,21334,52842
DXU14,2014-07-21,80.58,80.665,80.49,80.627,0.032,+0.04%,11545,52221
DXU14,2014-07-22,80.64,80.925,80.61,80.865,0.238,+0.30%,32273,57646
DXU14,2014-07-23,80.87,80.92,80.805,80.915,0.05,+0.06%,14156,60137
DXU14,2014-07-24,80.89,80.985,80.815,80.962,0.047,+0.06%,17480,62191
DXU14,2014-07-25,80.945,81.2,80.9,81.125,0.163,+0.20%,24733,68782
DXU14,2014-07-28,81.15,81.16,81.065,81.122,-0.003,0.00%,11595,70023
DXU14,2014-07-29,81.09,81.34,81.085,81.315,0.193,+0.24%,15564,74037
DXU14,2014-07-30,81.29,81.645,81.28,81.516,0.201,+0.25%,30384,75747
DXU14,2014-07-31,81.5,81.66,81.465,81.523,0.007,+0.01%,24424,74987
DXU14,2014-08-01,81.53,81.615,81.265,81.377,-0.146,-0.18%,34327,79110
DXU14,2014-08-04,81.395,81.46,81.36,81.405,0.028,+0.03%,11718,80123
DXU14,2014-08-05,81.4,81.705,81.37,81.611,0.206,+0.25%,24838,82000
DXU14,2014-08-06,81.615,81.775,81.465,81.507,-0.104,-0.13%,28561,82719
DXU14,2014-08-07,81.5,81.72,81.45,81.605,0.098,+0.12%,27983,85222
DXU14,2014-08-08,81.625,81.67,81.315,81.454,-0.151,-0.19%,28237,85103
DXU14,2014-08-11,81.47,81.55,81.465,81.535,0.081,+0.10%,8365,85059
DXU14,2014-08-12,81.535,81.745,81.53,81.555,0.02,+0.02%,15603,84214
DXU14,2014-08-13,81.575,81.735,81.415,81.657,0.102,+0.13%,21583,84855
DXU14,2014-08-14,81.665,81.76,81.45,81.647,-0.01,-0.01%,19098,83832
DXU14,2014-08-15,81.65,81.675,81.42,81.469,-0.178,-0.22%,23267,81757
DXU14,2014-08-18,81.5,81.66,81.43,81.631,0.162,+0.20%,11791,82640
DXU14,2014-08-19,81.65,81.955,81.64,81.937,0.306,+0.37%,24959,89417
DXU14,2014-08-20,81.94,82.33,81.93,82.28,0.343,+0.42%,22633,88701
DXU14,2014-08-21,82.29,82.42,82.16,82.208,-0.072,-0.09%,17770,92042
DXU14,2014-08-22,82.235,82.51,82.125,82.377,0.169,+0.21%,32403,91924
DXU14,2014-08-25,82.62,82.69,82.49,82.593,0.216,+0.26%,12771,91536
DXU14,2014-08-26,82.64,82.735,82.48,82.679,0.086,+0.10%,17087,90807
DXU14,2014-08-27,82.69,82.755,82.425,82.449,-0.23,-0.28%,20210,88459
DXU14,2014-08-28,82.49,82.625,82.34,82.516,0.067,+0.08%,21259,87459
DXU14,2014-08-29,82.495,82.79,82.445,82.783,0.267,+0.32%,20636,89930
DXU14,2014-09-01,82.78,82.835,82.695,82.783,0,0.00%,7037,89930
DXU14,2014-09-02,82.78,83.06,82.78,83.01,0.227,+0.27%,22480,87783
DXU14,2014-09-03,83.005,83.075,82.86,82.888,-0.122,-0.15%,20135,88039
DXU14,2014-09-04,82.89,83.895,82.865,83.834,0.946,+1.14%,48156,86953
DXU14,2014-09-05,83.935,83.965,83.585,83.757,-0.077,-0.09%,47154,90738
DXU14,2014-09-08,83.885,84.38,83.82,84.241,0.484,+0.58%,61204,91398
DXU14,2014-09-09,84.35,84.525,84.05,84.284,0.043,+0.05%,64376,89540
DXZ14,2014-09-10,84.28,84.58,84.2,84.443,0.159,+0.19%,91759,91120
DXZ14,2014-09-11,84.41,84.5,84.23,84.459,0.016,+0.02%,82080,103666
DXZ14,2014-09-12,84.43,84.57,84.22,84.381,-0.078,-0.09%,61643,113762
DXZ14,2014-09-15,84.32,84.545,84.26,84.398,0.017,+0.02%,17246,89724
DXZ14,2014-09-16,84.375,84.495,84.005,84.231,-0.167,-0.20%,35372,90930
DXZ14,2014-09-17,84.235,84.86,84.075,84.486,0.255,+0.30%,66696,94552
DXZ14,2014-09-18,84.865,84.9,84.34,84.43,-0.056,-0.07%,32527,92381
DXZ14,2014-09-19,84.37,84.935,84.335,84.865,0.435,+0.52%,37257,93089
DXZ14,2014-09-22,84.93,84.975,84.645,84.863,-0.002,0.00%,18359,93321
DXZ14,2014-09-23,84.805,84.875,84.46,84.779,-0.084,-0.10%,24847,93016
DXZ14,2014-09-24,84.775,85.22,84.705,85.155,0.376,+0.44%,31114,93845
DXZ14,2014-09-25,85.2,85.615,85.165,85.303,0.148,+0.17%,39326,93669
DXZ14,2014-09-26,85.275,85.825,85.235,85.767,0.464,+0.54%,24385,94134
DXZ14,2014-09-29,85.81,85.93,85.59,85.716,-0.051,-0.06%,22057,94674
DXZ14,2014-09-30,85.74,86.335,85.62,86.047,0.331,+0.39%,35784,95588
DXZ14,2014-10-01,86.05,86.295,85.89,86.076,0.029,+0.03%,39379,94664
DXZ14,2014-10-02,85.965,86.02,85.545,85.69,-0.386,-0.45%,53281,88598
DXZ14,2014-10-03,85.725,86.87,85.715,86.823,1.133,+1.32%,55919,93886
DXZ14,2014-10-06,86.8,86.845,85.735,86.044,-0.779,-0.90%,43869,95037
DXZ14,2014-10-07,85.93,86.225,85.645,85.778,-0.266,-0.31%,42997,94286
DXZ14,2014-10-08,85.755,86.03,85.29,85.407,-0.371,-0.43%,51300,93054
DXZ14,2014-10-09,85.365,85.785,85.015,85.655,0.248,+0.29%,56077,93425
DXZ14,2014-10-10,85.655,86.105,85.515,86.031,0.376,+0.44%,28581,94353
DXZ14,2014-10-13,85.9,85.935,85.205,85.727,-0.304,-0.35%,21749,93696
DXZ14,2014-10-14,85.42,86.005,85.385,85.941,0.214,+0.25%,30114,92018
DXZ14,2014-10-15,86.035,86.13,84.525,85.241,-0.7,-0.81%,118024,86572
DXZ14,2014-10-16,85,85.53,84.835,85.041,-0.2,-0.23%,60578,83000
DXZ14,2014-10-17,85.025,85.355,84.855,85.213,0.172,+0.20%,26750,81923
DXZ14,2014-10-20,85.33,85.47,84.99,85.038,-0.175,-0.21%,18097,81431
DXZ14,2014-10-21,85.13,85.46,84.795,85.404,0.366,+0.43%,32622,80315
DXZ14,2014-10-22,85.47,85.895,85.325,85.854,0.45,+0.53%,34733,82713
DXZ14,2014-10-23,85.87,86.05,85.755,85.946,0.092,+0.11%,20167,83535
DXZ14,2014-10-24,85.925,86.015,85.615,85.818,-0.128,-0.15%,25313,82676
DXZ14,2014-10-27,85.8,85.8,85.475,85.561,-0.257,-0.30%,22417,80236
DXZ14,2014-10-28,85.615,85.75,85.29,85.473,-0.088,-0.10%,28421,79369
DXZ14,2014-10-29,85.435,86.13,85.245,86.036,0.563,+0.66%,36360,80031
DXZ14,2014-10-30,86.095,86.585,86.075,86.232,0.196,+0.23%,35645,81624
DXZ14,2014-10-31,86.25,87.245,86.23,87.016,0.784,+0.91%,66110,91555
DXZ14,2014-11-03,87.13,87.54,87.125,87.407,0.391,+0.45%,41011,92937
DXZ14,2014-11-04,87.365,87.385,86.975,87.092,-0.315,-0.36%,33558,92157
DXZ14,2014-11-05,87.105,87.72,87.05,87.567,0.475,+0.55%,36163,93129
DXZ14,2014-11-06,87.58,88.27,87.23,88.134,0.567,+0.65%,56102,98639
DXZ14,2014-11-07,88.175,88.315,87.545,87.726,-0.408,-0.46%,66511,95612
DXZ14,2014-11-10,87.63,87.93,87.21,87.911,0.185,+0.21%,36723,99213
DXZ14,2014-11-11,87.83,88.155,87.43,87.719,-0.192,-0.22%,27452,95206
DXZ14,2014-11-12,87.765,87.98,87.47,87.906,0.187,+0.21%,32970,91737
DXZ14,2014-11-13,87.9,87.96,87.7,87.752,-0.154,-0.18%,24464,92113
DXZ14,2014-11-14,87.95,88.365,87.455,87.593,-0.159,-0.18%,55400,89719
DXZ14,2014-11-17,87.65,88.055,87.23,88.01,0.417,+0.48%,29731,90808
DXZ14,2014-11-18,87.95,87.97,87.565,87.645,-0.365,-0.41%,27232,90731
DXZ14,2014-11-19,87.74,87.85,87.365,87.711,0.066,+0.08%,46348,89794
DXZ14,2014-11-20,87.78,88.01,87.54,87.667,-0.044,-0.05%,38999,90958
DXZ14,2014-11-21,87.72,88.48,87.505,88.405,0.738,+0.84%,56637,98840
DXZ14,2014-11-24,88.445,88.515,88.145,88.206,-0.199,-0.23%,27069,98860
DXZ14,2014-11-25,88.225,88.4,87.87,87.962,-0.244,-0.28%,35640,98005
DXZ14,2014-11-26,87.925,88.105,87.56,87.649,-0.313,-0.36%,28622,94434
DXZ14,2014-11-27,87.73,88.025,87.575,87.649,0,0.00%,7527,94434
DXZ14,2014-11-28,88.135,88.455,87.995,88.413,0.764,+0.87%,27650,98130
DXZ14,2014-12-01,88.37,88.505,87.805,87.982,-0.431,-0.49%,48144,91967
DXZ14,2014-12-02,88.025,88.73,87.995,88.703,0.721,+0.82%,45218,97454
DXZ14,2014-12-03,88.675,89.06,88.63,88.993,0.29,+0.33%,43088,100399
DXZ14,2014-12-04,88.97,89.2,88.23,88.735,-0.258,-0.29%,78396,98733
DXZ14,2014-12-05,88.665,89.495,88.65,89.36,0.625,+0.70%,47944,99661
DXZ14,2014-12-08,89.435,89.565,88.91,89.047,-0.313,-0.35%,61696,98203
DXZ14,2014-12-09,89.21,89.28,88.155,88.692,-0.355,-0.40%,88182,94289
DXZ14,2014-12-10,88.685,88.82,88.195,88.287,-0.405,-0.46%,85428,92823
DXH15,2014-12-11,88.23,89.05,88.195,88.937,0.65,+0.74%,118096,95117
DXH15,2014-12-12,88.825,88.905,88.35,88.595,-0.342,-0.38%,56111,92057
DXH15,2014-12-15,88.465,88.87,88.365,88.682,0.087,+0.10%,37882,87793
DXH15,2014-12-16,88.68,88.735,87.83,88.297,-0.385,-0.43%,57285,87377
DXH15,2014-12-17,88.19,89.365,88.085,89.326,1.029,+1.17%,61099,87703
DXH15,2014-12-18,89.25,89.615,89.12,89.477,0.151,+0.17%,33420,88724
DXH15,2014-12-19,89.51,89.88,89.38,89.841,0.364,+0.41%,28491,90275
DXH15,2014-12-22,89.92,89.985,89.58,89.949,0.108,+0.12%,16817,89789
DXH15,2014-12-23,89.945,90.405,89.845,90.326,0.377,+0.42%,26459,94321
DXH15,2014-12-24,90.245,90.315,90.08,90.223,-0.103,-0.11%,13216,99525
DXH15,2014-12-26,90.12,90.37,90.07,90.31,0.087,+0.10%,6717,100776
DXH15,2014-12-29,90.31,90.605,90.08,90.496,0.186,+0.21%,22955,105897
DXH15,2014-12-30,90.515,90.66,90.115,90.279,-0.217,-0.24%,25442,106538
DXH15,2014-12-31,90.255,90.665,90.155,90.647,0.368,+0.41%,18691,109483
DXH15,2015-01-02,90.81,91.49,90.8,91.383,0.736,+0.81%,45091,118207
DXH15,2015-01-05,91.73,92.05,91.55,91.622,0.239,+0.26%,43283,123382
DXH15,2015-01-06,91.57,91.93,91.415,91.738,0.116,+0.13%,45326,126083
DXH15,2015-01-07,92,92.51,91.9,92.115,0.377,+0.41%,44599,127196
DXH15,2015-01-08,92.235,92.76,92.22,92.602,0.487,+0.53%,28521,127235
DXH15,2015-01-09,92.515,92.745,92.105,92.147,-0.455,-0.49%,45768,129105
DXH15,2015-01-12,92.04,92.53,91.865,92.184,0.037,+0.04%,33018,130158
DXH15,2015-01-13,92.15,92.63,92.02,92.502,0.318,+0.34%,34650,127504
DXH15,2015-01-14,92.46,92.635,91.8,92.345,-0.157,-0.17%,51337,126189
DXH15,2015-01-15,92.37,93.3,91.495,92.608,0.263,+0.28%,81769,125997
DXH15,2015-01-16,92.565,93.565,92.38,92.89,0.282,+0.30%,60651,130363
DXH15,2015-01-19,92.955,93.07,92.66,92.89,0,0.00%,17158,132029
DXH15,2015-01-20,93.05,93.385,92.84,93.349,0.459,+0.49%,32751,130077
DXH15,2015-01-21,93.3,93.325,92.36,93.14,-0.209,-0.22%,56256,127458
DXH15,2015-01-22,93.08,94.765,92.67,94.362,1.222,+1.31%,61117,130639
DXH15,2015-01-23,94.42,95.775,94.35,95.053,0.691,+0.73%,58989,132792
DXH15,2015-01-26,95.5,95.85,94.95,95.115,0.062,+0.07%,36148,137955
DXH15,2015-01-27,95.325,95.325,93.955,94.25,-0.865,-0.91%,58152,129495
DXH15,2015-01-28,94.365,94.9,94.195,94.727,0.477,+0.51%,34334,126953
DXH15,2015-01-29,94.875,95.26,94.52,95.011,0.284,+0.30%,49008,129371
DXH15,2015-01-30,94.895,95.135,94.675,94.998,-0.013,-0.01%,31039,129269
DXH15,2015-02-02,94.905,95.1,94.615,94.734,-0.264,-0.28%,23634,131424
DXH15,2015-02-03,94.71,94.925,93.385,93.724,-1.01,-1.07%,60465,125025
DXH15,2015-02-04,93.95,94.7,93.77,94.165,0.441,+0.47%,22323,123437
DXH15,2015-02-05,94.66,94.665,93.56,93.732,-0.433,-0.46%,29771,120768
DXH15,2015-02-06,93.73,94.92,93.68,94.851,1.119,+1.19%,49959,118585
DXH15,2015-02-09,94.9,95.035,94.47,94.582,-0.269,-0.28%,29039,117846
DXH15,2015-02-10,94.63,94.98,94.45,94.853,0.271,+0.29%,33046,114816
DXH15,2015-02-11,94.805,95.23,94.75,95.09,0.237,+0.25%,25394,115311
DXH15,2015-02-12,95.015,95.1,94.075,94.198,-0.892,-0.94%,42525,116301
DXH15,2015-02-13,94.32,94.415,93.975,94.279,0.081,+0.09%,21530,115728
DXH15,2015-02-16,94.22,94.49,93.97,94.279,0,0.00%,10526,115139
DXH15,2015-02-17,94.515,94.54,93.835,94.147,-0.132,-0.14%,26959,115630
DXH15,2015-02-18,94.195,94.625,94.045,94.257,0.11,+0.12%,25036,115652
DXH15,2015-02-19,94.165,94.535,93.9,94.492,0.235,+0.25%,32622,115043
DXH15,2015-02-20,94.475,94.89,94.11,94.34,-0.152,-0.16%,49995,115751
DXH15,2015-02-23,94.415,95.025,94.38,94.657,0.317,+0.34%,28658,118245
DXH15,2015-02-24,94.66,95.07,94.5,94.561,-0.096,-0.10%,38277,118929
DXH15,2015-02-25,94.445,94.475,94.165,94.235,-0.326,-0.34%,26632,119590
DXH15,2015-02-26,94.26,95.41,94.075,95.336,1.101,+1.17%,59057,119057
DXH15,2015-02-27,95.23,95.44,94.855,95.321,-0.015,-0.02%,36786,120767
DXH15,2015-03-02,95.375,95.555,95.1,95.479,0.158,+0.17%,24636,123087
DXH15,2015-03-03,95.505,95.595,95.135,95.408,-0.071,-0.07%,27148,123981
DXH15,2015-03-04,95.385,96.07,95.365,95.986,0.578,+0.61%,71489,129163
DXH15,2015-03-05,95.98,96.615,95.86,96.394,0.408,+0.43%,51723,132992
DXH15,2015-03-06,96.39,97.755,96.32,97.604,1.21,+1.26%,73424,136245
DXH15,2015-03-09,97.77,97.845,97.31,97.58,-0.024,-0.02%,71900,143882
DXH15,2015-03-10,97.765,98.655,97.765,98.615,1.035,+1.06%,112996,148486
DXH15,2015-03-11,98.565,99.97,98.465,99.785,1.17,+1.19%,159577,158884
DXM15,2015-03-12,100.225,100.635,99.07,99.823,0.038,+0.04%,192589,155305
DXM15,2015-03-13,99.555,100.785,99.55,100.717,0.894,+0.90%,122322,157920
DXM15,2015-03-16,100.65,100.715,99.76,100.041,-0.676,-0.67%,74268,131202
DXM15,2015-03-17,100.1,100.265,99.58,99.949,-0.092,-0.09%,45065,132548
DXM15,2015-03-18,99.99,100.12,94.765,98.781,-1.168,-1.17%,103451,132021
DXM15,2015-03-19,97.85,99.765,97.365,99.584,0.803,+0.81%,98151,125249
DXM15,2015-03-20,99.3,99.46,97.695,98.171,-1.413,-1.42%,88520,121618
DXM15,2015-03-23,97.8,98.55,97.06,97.298,-0.873,-0.89%,75815,114909
DXM15,2015-03-24,97.255,97.665,96.575,97.446,0.148,+0.15%,71588,116148
DXM15,2015-03-25,97.53,97.56,96.675,97.197,-0.249,-0.26%,43730,113279
DXM15,2015-03-26,97.14,97.795,96.315,97.682,0.485,+0.50%,59716,111308
DXM15,2015-03-27,97.575,98.21,97.19,97.52,-0.162,-0.17%,57017,111482
DXM15,2015-03-30,97.62,98.375,97.575,98.281,0.761,+0.78%,40528,114566
DXM15,2015-03-31,98.25,99.005,98.14,98.661,0.38,+0.39%,46162,118796
DXM15,2015-04-01,98.73,98.975,98.255,98.475,-0.186,-0.19%,49080,117565
DXM15,2015-04-02,98.435,98.565,97.555,97.673,-0.802,-0.81%,41353,117711
DXM15,2015-04-03,97.825,97.865,96.56,96.801,-0.872,-0.89%,29421,117034
DXM15,2015-04-06,96.835,97.455,96.49,96.961,0.16,+0.17%,31466,113018
DXM15,2015-04-07,97.25,98.255,97.11,98.056,1.095,+1.13%,40231,113690
DXM15,2015-04-08,98.115,98.42,97.46,98.131,0.075,+0.08%,49200,113313
DXM15,2015-04-09,98.26,99.415,98.235,99.395,1.264,+1.29%,53470,116756
DXM15,2015-04-10,99.215,99.97,99.085,99.596,0.201,+0.20%,47153,118633
DXM15,2015-04-13,99.66,100.27,99.455,99.768,0.172,+0.17%,58514,121640
DXM15,2015-04-14,99.775,99.985,98.575,98.94,-0.828,-0.83%,66930,119021
DXM15,2015-04-15,99.005,99.58,98.41,98.525,-0.415,-0.42%,77643,119889
DXM15,2015-04-16,98.58,98.925,97.47,97.614,-0.911,-0.92%,72097,117513
DXM15,2015-04-17,97.89,98.03,97.17,97.707,0.093,+0.10%,58812,114077
DXM15,2015-04-20,97.6,98.305,97.515,98.16,0.453,+0.46%,35366,117143
DXM15,2015-04-21,98.08,98.695,97.825,98.205,0.045,+0.05%,39525,115918
DXM15,2015-04-22,98.18,98.35,97.615,98.138,-0.067,-0.07%,35305,115103
DXM15,2015-04-23,98.23,98.645,97.335,97.454,-0.684,-0.70%,47848,114381
DXM15,2015-04-24,97.535,97.74,96.9,97.099,-0.355,-0.36%,54729,113101
DXM15,2015-04-27,97.125,97.46,96.62,96.941,-0.158,-0.16%,40883,111757
DXM15,2015-04-28,96.95,97.1,96.105,96.194,-0.747,-0.77%,53021,112648
DXM15,2015-04-29,96.245,96.295,94.75,95.322,-0.872,-0.91%,104051,105143
DXM15,2015-04-30,95.305,95.54,94.47,94.714,-0.608,-0.64%,85252,103421
DXM15,2015-05-01,94.94,95.545,94.6,95.445,0.731,+0.77%,54511,102681
DXM15,2015-05-04,95.4,95.78,95.18,95.637,0.192,+0.20%,29804,101345
DXM15,2015-05-05,95.595,96.095,94.995,95.202,-0.435,-0.45%,49376,102100
DXM15,2015-05-06,95.3,95.345,93.96,94.175,-1.027,-1.08%,80074,103531
DXM15,2015-05-07,94.25,94.94,93.975,94.749,0.574,+0.61%,45393,98905
DXM15,2015-05-08,94.745,95.175,94.25,94.904,0.155,+0.16%,59487,97990
DXM15,2015-05-11,94.88,95.345,94.865,95.1,0.196,+0.21%,28265,100438
DXM15,2015-05-12,95.15,95.25,94.305,94.606,-0.494,-0.52%,32925,99697
DXM15,2015-05-13,94.605,94.67,93.505,93.643,-0.963,-1.02%,42296,98907
DXM15,2015-05-14,93.73,93.82,93.155,93.505,-0.138,-0.15%,55342,98261
DXM15,2015-05-15,93.475,94.085,93.17,93.18,-0.325,-0.35%,42660,97124
DXM15,2015-05-18,93.31,94.32,93.285,94.269,1.089,+1.17%,38060,97621
DXM15,2015-05-19,94.13,95.555,94.13,95.363,1.094,+1.16%,65081,98050
DXM15,2015-05-20,95.385,95.935,95.325,95.509,0.146,+0.15%,54999,99452
DXM15,2015-05-21,95.635,95.755,95.05,95.329,-0.18,-0.19%,40709,98410
DXM15,2015-05-22,95.46,96.355,94.88,96.11,0.781,+0.82%,69254,99981
DXM15,2015-05-25,96.43,96.57,96.11,96.11,0,0.00%,12621,99981
DXM15,2015-05-26,96.54,97.47,96.53,97.407,1.297,+1.35%,68293,103211
DXM15,2015-05-27,97.315,97.88,97.005,97.474,0.067,+0.07%,58604,101575
DXM15,2015-05-28,97.375,97.76,97.01,97.059,-0.415,-0.43%,66516,102823
DXM15,2015-05-29,97.015,97.27,96.825,96.986,-0.073,-0.08%,52989,102750
DXM15,2015-06-01,96.99,97.76,96.975,97.473,0.487,+0.50%,55775,102041
DXM15,2015-06-02,97.53,97.61,95.71,95.878,-1.595,-1.64%,96166,102174
DXM15,2015-06-03,96,96.575,95.23,95.509,-0.369,-0.38%,84831,103006
DXM15,2015-06-04,95.43,95.625,94.67,95.493,-0.016,-0.02%,69481,102772
DXM15,2015-06-05,95.715,96.955,95.24,96.361,0.868,+0.91%,86837,102879
DXM15,2015-06-08,96.445,96.595,95.08,95.323,-1.038,-1.08%,73936,104690
DXM15,2015-06-09,95.27,95.605,94.86,95.172,-0.151,-0.16%,74725,105463
DXM15,2015-06-10,95.1,95.255,94.3,94.651,-0.521,-0.55%,124064,108720
DXU15,2015-06-11,95.095,96.02,95.015,95.336,0.685,+0.72%,103084,107742
DXU15,2015-06-12,95.43,96.015,94.97,95.237,-0.099,-0.10%,119591,107843
DXU15,2015-06-15,95.415,95.66,95.01,95.102,-0.135,-0.14%,38424,85946
DXU15,2015-06-16,95.12,95.5,94.81,95.262,0.16,+0.17%,35929,86281
DXU15,2015-06-17,95.27,95.59,94.31,94.49,-0.772,-0.81%,58740,88769
DXU15,2015-06-18,94.35,94.44,93.3,94.241,-0.249,-0.26%,53253,87248
DXU15,2015-06-19,94.2,94.695,94.095,94.272,0.031,+0.03%,28340,85810
DXU15,2015-06-22,94.275,94.64,93.99,94.515,0.243,+0.26%,30715,85268
DXU15,2015-06-23,94.5,95.885,94.485,95.645,1.13,+1.20%,47732,85932
DXU15,2015-06-24,95.58,95.73,95.125,95.418,-0.227,-0.24%,35498,85841
DXU15,2015-06-25,95.42,95.7,95.26,95.387,-0.031,-0.03%,26896,87197
DXU15,2015-06-26,95.36,95.86,95.275,95.651,0.264,+0.28%,33226,88215
DXU15,2015-06-29,96.41,96.695,94.85,94.95,-0.701,-0.73%,73717,85079
DXU15,2015-06-30,95.185,95.885,95.015,95.661,0.711,+0.75%,40972,83260
DXU15,2015-07-01,95.795,96.555,95.64,96.509,0.848,+0.89%,46216,86528
DXU15,2015-07-02,96.58,96.67,96.03,96.29,-0.219,-0.23%,41254,85249
DXU15,2015-07-03,96.255,96.42,96.04,96.29,0,0.00%,9613,85249
DXU15,2015-07-06,96.77,96.87,96.195,96.477,0.187,+0.19%,2199,84682
DXU15,2015-07-07,96.5,97.45,96.49,97.076,0.599,+0.62%,50970,89292
DXU15,2015-07-08,96.905,97.09,96.205,96.472,-0.604,-0.62%,40174,87917
DXU15,2015-07-09,96.44,96.94,96.11,96.788,0.316,+0.33%,32582,88043
DXU15,2015-07-10,96.55,96.6,95.555,96.172,-0.616,-0.64%,47206,87008
DXU15,2015-07-13,96.065,97.035,95.73,96.998,0.826,+0.86%,46628,87503
DXU15,2015-07-14,97.095,97.22,96.3,96.784,-0.214,-0.22%,30013,88719
DXU15,2015-07-15,96.815,97.44,96.675,97.279,0.495,+0.51%,42756,91125
DXU15,2015-07-16,97.35,97.915,97.31,97.806,0.527,+0.54%,40132,93306
DXU15,2015-07-17,97.755,98.1,97.54,97.989,0.183,+0.19%,27465,94870
DXU15,2015-07-20,98.09,98.31,97.865,98.161,0.172,+0.18%,26587,96273
DXU15,2015-07-21,98.15,98.295,97.22,97.426,-0.735,-0.75%,44105,98609
DXU15,2015-07-22,97.45,97.94,97.215,97.722,0.296,+0.30%,36021,99065
DXU15,2015-07-23,97.6,97.635,96.95,97.226,-0.496,-0.51%,42751,99047
DXU15,2015-07-24,97.3,97.745,97.215,97.346,0.12,+0.12%,28054,98855
DXU15,2015-07-27,97.36,97.41,96.36,96.605,-0.741,-0.76%,49430,97050
DXU15,2015-07-28,96.66,97.075,96.555,96.863,0.258,+0.27%,24603,96069
DXU15,2015-07-29,96.705,97.35,96.555,97.077,0.214,+0.22%,32379,95861
DXU15,2015-07-30,97.265,97.89,97.255,97.694,0.617,+0.64%,35603,98909
DXU15,2015-07-31,97.555,97.725,96.375,97.439,-0.255,-0.26%,61722,98447
DXU15,2015-08-03,97.305,97.695,97.245,97.616,0.177,+0.18%,30758,97707
DXU15,2015-08-04,97.61,98.105,97.31,98.024,0.408,+0.42%,37567,100515
DXU15,2015-08-05,98.075,98.335,97.655,98.035,0.011,+0.01%,48035,102788
DXU15,2015-08-06,97.955,98.26,97.685,97.906,-0.129,-0.13%,27352,102105
DXU15,2015-08-07,97.925,98.425,97.36,97.619,-0.287,-0.29%,59482,102761
DXU15,2015-08-10,97.66,97.975,97.08,97.202,-0.417,-0.43%,36059,101807
DXU15,2015-08-11,97.24,97.645,96.905,97.335,0.133,+0.14%,46326,101605
DXU15,2015-08-12,97.235,97.375,95.945,96.295,-1.04,-1.07%,71486,104447
DXU15,2015-08-13,96.37,96.84,96.135,96.461,0.166,+0.17%,37225,102162
DXU15,2015-08-14,96.36,96.695,96.105,96.533,0.072,+0.07%,44888,103318
DXU15,2015-08-17,96.57,96.96,96.525,96.815,0.282,+0.29%,32303,105648
DXU15,2015-08-18,96.845,97.1,96.69,97.07,0.255,+0.26%,25774,104952
DXU15,2015-08-19,97.025,97.105,96.34,96.368,-0.702,-0.72%,45736,105640
DXU15,2015-08-20,96.47,96.59,95.715,96.002,-0.366,-0.38%,49703,104971
DXU15,2015-08-21,95.78,95.805,94.81,95.005,-0.997,-1.04%,64048,100376
DXU15,2015-08-24,94.88,94.96,92.52,93.356,-1.649,-1.74%,150118,103008
DXU15,2015-08-25,93.52,94.725,93.5,94.544,1.188,+1.27%,87550,100933
DXU15,2015-08-26,93.78,95.475,93.73,95.131,0.587,+0.62%,84421,98989
DXU15,2015-08-27,95.21,96.06,95.015,95.652,0.521,+0.55%,58194,98431
DXU15,2015-08-28,95.805,96.355,95.4,96.135,0.483,+0.50%,48262,98225
DXU15,2015-08-31,96.19,96.26,95.64,95.854,-0.281,-0.29%,38375,99674
DXU15,2015-09-01,95.89,95.89,95.21,95.446,-0.408,-0.43%,56755,100231
DXU15,2015-09-02,95.455,95.97,95.45,95.844,0.398,+0.42%,48718,92843
DXU15,2015-09-03,96.01,96.635,95.81,96.423,0.579,+0.60%,60122,92911
DXU15,2015-09-04,96.4,96.595,95.66,96.24,-0.183,-0.19%,50134,93180
DXU15,2015-09-07,96.185,96.435,96.045,96.24,0,0.00%,17799,93180
DXU15,2015-09-08,96.215,96.25,95.735,95.987,-0.253,-0.26%,51413,94284
DXU15,2015-09-09,95.86,96.42,95.86,96.01,0.023,+0.02%,93306,95946
DXZ15,2015-09-10,96.095,96.43,95.575,95.632,-0.378,-0.39%,96238,96631
DXZ15,2015-09-11,95.685,95.87,95.29,95.379,-0.253,-0.26%,72289,96185
DXZ15,2015-09-14,95.29,95.625,95.065,95.412,0.033,+0.03%,20321,64872
DXZ15,2015-09-15,95.46,95.85,95.285,95.785,0.373,+0.39%,22354,65291
DXZ15,2015-09-16,95.765,96.01,95.3,95.546,-0.239,-0.25%,26802,65853
DXZ15,2015-09-17,95.455,95.53,94.485,94.677,-0.869,-0.91%,49106,67311
DXZ15,2015-09-18,94.75,95.535,94.195,94.996,0.319,+0.34%,35604,67080
DXZ15,2015-09-21,95.44,96.135,95.18,96.034,1.038,+1.09%,36630,69603
DXZ15,2015-09-22,96.07,96.58,95.91,96.446,0.412,+0.43%,30370,68333
DXZ15,2015-09-23,96.525,96.715,96.185,96.206,-0.24,-0.25%,40676,68825
DXZ15,2015-09-24,96.36,96.465,95.575,96.149,-0.057,-0.06%,49690,68761
DXZ15,2015-09-25,96.385,96.88,96.27,96.434,0.285,+0.30%,44076,72471
DXZ15,2015-09-28,96.36,96.67,96.035,96.182,-0.252,-0.26%,28845,71950
DXZ15,2015-09-29,96.19,96.385,95.825,95.993,-0.189,-0.20%,28326,71478
DXZ15,2015-09-30,96.055,96.565,95.985,96.48,0.487,+0.51%,24283,72108
DXZ15,2015-10-01,96.4,96.635,96.09,96.326,-0.154,-0.16%,20443,72783
DXZ15,2015-10-02,96.245,96.51,95.3,95.967,-0.359,-0.37%,50790,71054
DXZ15,2015-10-05,95.995,96.295,95.55,96.24,0.273,+0.28%,24227,70602
DXZ15,2015-10-06,96.165,96.275,95.49,95.563,-0.677,-0.70%,19433,70957
DXZ15,2015-10-07,95.58,95.795,95.425,95.58,0.017,+0.02%,22118,70175
DXZ15,2015-10-08,95.665,95.72,95.045,95.407,-0.173,-0.18%,28819,70247
DXZ15,2015-10-09,95.35,95.42,94.745,94.883,-0.524,-0.55%,31937,72808
DXZ15,2015-10-12,94.94,94.94,94.665,94.765,-0.118,-0.12%,16130,73379
DXZ15,2015-10-13,94.96,95.025,94.575,94.79,0.025,+0.03%,21419,72734
DXZ15,2015-10-14,94.79,94.795,93.86,93.957,-0.833,-0.88%,36408,77562
DXZ15,2015-10-15,93.98,94.625,93.83,94.43,0.473,+0.50%,33839,77479
DXZ15,2015-10-16,94.59,94.805,94.415,94.588,0.158,+0.17%,20712,77238
DXZ15,2015-10-19,94.72,95.045,94.595,94.953,0.365,+0.39%,19373,78850
DXZ15,2015-10-20,94.97,94.985,94.63,94.939,-0.014,-0.01%,16810,81495
DXZ15,2015-10-21,94.855,95.095,94.75,95.068,0.129,+0.14%,16331,80978
DXZ15,2015-10-22,95.05,96.5,94.985,96.454,1.386,+1.46%,53076,76497
DXZ15,2015-10-23,96.595,97.3,96.225,97.243,0.789,+0.82%,46657,76603
DXZ15,2015-10-26,97.235,97.25,96.785,96.955,-0.288,-0.30%,24427,74840
DXZ15,2015-10-27,96.885,97.06,96.62,96.992,0.037,+0.04%,27405,75389
DXZ15,2015-10-28,97.05,97.895,96.51,97.861,0.869,+0.90%,47972,75633
DXZ15,2015-10-29,97.705,97.795,97.315,97.364,-0.497,-0.51%,35116,76379
DXZ15,2015-10-30,97.3,97.445,96.65,97.019,-0.345,-0.35%,42496,76204
DXZ15,2015-11-02,96.815,97.04,96.71,97.003,-0.016,-0.02%,16791,75697
DXZ15,2015-11-03,97,97.57,96.845,97.243,0.24,+0.25%,19573,76816
DXZ15,2015-11-04,97.335,98.15,97.3,98.029,0.786,+0.81%,30842,78784
DXZ15,2015-11-05,98.015,98.24,97.855,98.05,0.021,+0.02%,27596,80685
DXZ15,2015-11-06,98.06,99.47,98,99.26,1.21,+1.23%,50871,84103
DXZ15,2015-11-09,99.375,99.43,98.91,99.076,-0.184,-0.19%,27602,83625
DXZ15,2015-11-10,99.1,99.6,99.05,99.39,0.314,+0.32%,24265,84478
DXZ15,2015-11-11,99.2,99.335,98.88,99.158,-0.232,-0.23%,28809,85608
DXZ15,2015-11-12,98.885,99.395,98.5,98.712,-0.446,-0.45%,45992,87135
DXZ15,2015-11-13,98.645,99.3,98.62,99.097,0.385,+0.39%,36585,88395
DXZ15,2015-11-16,99.06,99.545,98.97,99.538,0.441,+0.45%,33082,88515
DXZ15,2015-11-17,99.475,99.835,99.455,99.7,0.162,+0.16%,29008,89992
DXZ15,2015-11-18,99.755,99.965,99.4,99.745,0.045,+0.05%,34406,90695
DXZ15,2015-11-19,99.47,99.52,98.795,99.064,-0.681,-0.68%,41902,91154
DXZ15,2015-11-20,99.18,99.705,99.075,99.624,0.56,+0.57%,32883,90200
DXZ15,2015-11-23,99.68,100.065,99.58,99.855,0.231,+0.23%,30259,91239
DXZ15,2015-11-24,99.785,99.845,99.515,99.59,-0.265,-0.27%,25950,91193
DXZ15,2015-11-25,99.61,100.23,99.365,99.83,0.24,+0.24%,33648,92951
DXZ15,2015-11-26,99.785,99.96,99.765,99.83,0,0.00%,7421,92951
DXZ15,2015-11-27,99.93,100.255,99.7,100.073,0.243,+0.24%,16695,95233
DXZ15,2015-11-30,100.115,100.36,100.02,100.21,0.137,+0.14%,24796,95410
DXZ15,2015-12-01,100.25,100.255,99.755,99.84,-0.37,-0.37%,30631,95037
DXZ15,2015-12-02,99.87,100.545,99.835,100.02,0.18,+0.18%,43844,93946
DXZ15,2015-12-03,100.09,100.6,97.59,97.634,-2.386,-2.39%,149990,93842
DXZ15,2015-12-04,98.015,98.615,97.75,98.343,0.709,+0.73%,65073,92720
DXZ15,2015-12-07,98.33,98.905,98.27,98.669,0.326,+0.33%,41737,95510
DXZ15,2015-12-08,98.745,98.765,98.355,98.468,-0.201,-0.20%,36626,96798
DXZ15,2015-12-09,98.485,98.51,97.21,97.334,-1.134,-1.15%,79758,96056
DXH16,2015-12-10,97.45,98.07,97.45,98.044,0.71,+0.73%,86495,94632
DXH16,2015-12-11,98.05,98.155,97.375,97.606,-0.438,-0.45%,55221,93210
DXH16,2015-12-14,97.77,97.99,97.31,97.653,0.047,+0.05%,26052,71247
DXH16,2015-12-15,97.655,98.35,97.225,98.288,0.635,+0.65%,25035,71495
DXH16,2015-12-16,98.18,98.645,97.625,97.884,-0.404,-0.41%,47566,71307
DXH16,2015-12-17,98.655,99.345,98.645,99.32,1.436,+1.47%,31133,72349
DXH16,2015-12-18,99.05,99.29,98.665,98.731,-0.589,-0.59%,29826,70634
DXH16,2015-12-21,98.78,98.855,98.295,98.369,-0.362,-0.37%,21014,67454
DXH16,2015-12-22,98.5,98.515,98.005,98.244,-0.125,-0.13%,17897,65071
DXH16,2015-12-23,98.225,98.665,98.21,98.367,0.123,+0.13%,16838,65239
DXH16,2015-12-24,98.39,98.39,97.935,98.016,-0.351,-0.36%,9209,65177
DXH16,2015-12-28,97.97,98.055,97.835,97.95,-0.066,-0.07%,10825,64014
DXH16,2015-12-29,97.925,98.475,97.84,98.173,0.223,+0.23%,17376,64418
DXH16,2015-12-30,98.305,98.495,98.19,98.354,0.181,+0.18%,10000,64708
DXH16,2015-12-31,98.26,98.845,98.255,98.745,0.391,+0.40%,19182,69227
DXH16,2016-01-04,98.76,99.3,98.11,98.968,0.223,+0.23%,39196,69845
DXH16,2016-01-05,98.91,99.73,98.855,99.496,0.528,+0.53%,38713,74475
DXH16,2016-01-06,99.515,99.75,99.195,99.266,-0.23,-0.23%,29874,76981
DXH16,2016-01-07,99.325,99.385,98.24,98.272,-0.994,-1.00%,39428,75873
DXH16,2016-01-08,98.42,99.295,98.375,98.599,0.327,+0.33%,40415,73307
DXH16,2016-01-11,98.335,98.97,98.14,98.784,0.185,+0.19%,32176,73195
DXH16,2016-01-12,98.945,99.34,98.635,99.024,0.24,+0.24%,27419,73868
DXH16,2016-01-13,99.105,99.395,98.905,98.978,-0.046,-0.05%,27491,73518
DXH16,2016-01-14,98.915,99.33,98.65,99.155,0.177,+0.18%,39061,76140
DXH16,2016-01-15,99.12,99.195,98.415,99.02,-0.135,-0.14%,46514,75842
DXH16,2016-01-18,99.02,99.285,98.925,99.02,0,0.00%,10036,76296
DXH16,2016-01-19,99.255,99.395,98.92,99.036,0.016,+0.02%,24297,76206
DXH16,2016-01-20,99.075,99.26,98.68,99.174,0.138,+0.14%,33879,76039
DXH16,2016-01-21,99.27,99.95,98.985,99.128,-0.046,-0.05%,69122,76017
DXH16,2016-01-22,99.28,99.675,99.19,99.651,0.523,+0.53%,27092,76560
DXH16,2016-01-25,99.64,99.66,99.28,99.406,-0.245,-0.25%,17011,75281
DXH16,2016-01-26,99.385,99.505,99.065,99.133,-0.273,-0.27%,19646,75839
DXH16,2016-01-27,99.13,99.23,98.745,98.954,-0.179,-0.18%,30450,75084
DXH16,2016-01-28,99.005,99.15,98.45,98.539,-0.415,-0.42%,34944,75773
DXH16,2016-01-29,98.68,99.88,98.6,99.652,1.113,+1.13%,54934,75942
DXH16,2016-02-01,99.7,99.75,98.95,99.028,-0.624,-0.63%,28177,76881
DXH16,2016-02-02,99.035,99.105,98.79,98.893,-0.135,-0.14%,19836,76120
DXH16,2016-02-03,98.84,98.955,96.885,97.301,-1.592,-1.61%,61822,79420
DXH16,2016-02-04,97.185,97.48,96.27,96.487,-0.814,-0.84%,49203,78747
DXH16,2016-02-05,96.545,97.305,96.04,97.054,0.567,+0.59%,43420,77794
DXH16,2016-02-08,97.05,97.5,96.565,96.581,-0.473,-0.49%,32359,76950
DXH16,2016-02-09,96.685,96.85,95.675,96.094,-0.487,-0.50%,41521,75853
DXH16,2016-02-10,96.03,96.77,95.78,95.936,-0.158,-0.16%,36083,73155
DXH16,2016-02-11,95.685,95.9,95.28,95.619,-0.317,-0.33%,49643,70105
DXH16,2016-02-12,95.695,96.25,95.545,95.982,0.363,+0.38%,28204,69241
DXH16,2016-02-15,96.12,96.91,95.982,95.982,0,0.00%,13758,71777
DXH16,2016-02-16,96.635,97,96.4,96.875,0.893,+0.93%,17726,69926
DXH16,2016-02-17,96.985,97.115,96.645,96.8,-0.075,-0.08%,14507,69214
DXH16,2016-02-18,96.835,97.1,96.705,96.96,0.16,+0.17%,13881,69017
DXH16,2016-02-19,96.75,97.26,96.575,96.604,-0.356,-0.37%,19227,70381
DXH16,2016-02-22,96.745,97.615,96.725,97.388,0.784,+0.81%,16056,69100
DXH16,2016-02-23,97.35,97.58,97.15,97.485,0.097,+0.10%,14835,69258
DXH16,2016-02-24,97.48,97.925,97.24,97.464,-0.021,-0.02%,30062,67794
DXH16,2016-02-25,97.54,97.735,97.225,97.282,-0.182,-0.19%,17147,66579
DXH16,2016-02-26,97.34,98.285,97.115,98.175,0.893,+0.92%,28096,64651
DXH16,2016-02-29,98.18,98.39,97.825,98.219,0.044,+0.04%,22142,64910
DXH16,2016-03-01,98.205,98.585,98.11,98.365,0.146,+0.15%,20525,64297
DXH16,2016-03-02,98.33,98.595,98.15,98.225,-0.14,-0.14%,15575,64757
DXH16,2016-03-03,98.235,98.355,97.46,97.601,-0.624,-0.64%,24133,63834
DXH16,2016-03-04,97.645,98.05,97.025,97.343,-0.258,-0.26%,37425,63437
DXH16,2016-03-07,97.335,97.7,97.045,97.084,-0.259,-0.27%,19958,63469
DXH16,2016-03-08,97.07,97.28,96.895,97.206,0.122,+0.13%,22793,63702
DXH16,2016-03-09,97.26,97.58,96.935,97.159,-0.047,-0.05%,47920,63962
DXM16,2016-03-10,97.35,98.5,95.985,96.12,-1.039,-1.07%,124288,66510
DXM16,2016-03-11,96.24,96.76,95.975,96.227,0.107,+0.11%,51750,65643
DXM16,2016-03-14,96.31,96.74,96.135,96.665,0.438,+0.46%,15171,49569
DXM16,2016-03-15,96.65,96.905,96.49,96.668,0.003,0.00%,12528,49684
DXM16,2016-03-16,96.66,97.09,95.56,95.925,-0.743,-0.77%,31059,50437
DXM16,2016-03-17,95.775,95.865,94.675,94.801,-1.124,-1.17%,30759,52001
DXM16,2016-03-18,94.8,95.195,94.605,95.12,0.319,+0.34%,20704,53239
DXM16,2016-03-21,95.1,95.41,95.02,95.304,0.184,+0.19%,12626,53412
DXM16,2016-03-22,95.445,95.75,95.275,95.644,0.34,+0.36%,20493,52614
DXM16,2016-03-23,95.64,96.24,95.63,96.064,0.42,+0.44%,14582,52258
DXM16,2016-03-24,96.095,96.385,96.06,96.173,0.109,+0.11%,13305,51625
DXM16,2016-03-28,96.27,96.42,95.84,95.94,-0.233,-0.24%,10882,51710
DXM16,2016-03-29,95.945,96.23,95.08,95.146,-0.794,-0.83%,30372,53669
DXM16,2016-03-30,95.185,95.22,94.56,94.819,-0.327,-0.34%,27181,55776
DXM16,2016-03-31,94.85,95.015,94.295,94.578,-0.241,-0.25%,20941,56439
DXM16,2016-04-01,94.62,95.1,94.325,94.618,0.04,+0.04%,28499,55899
DXM16,2016-04-04,94.56,94.83,94.415,94.524,-0.094,-0.10%,11527,56341
DXM16,2016-04-05,94.615,94.99,94.455,94.637,0.113,+0.12%,21325,56323
DXM16,2016-04-06,94.635,95.075,94.24,94.441,-0.196,-0.21%,32697,57708
DXM16,2016-04-07,94.455,94.67,94.035,94.504,0.063,+0.07%,26696,57356
DXM16,2016-04-08,94.585,94.7,94.09,94.252,-0.252,-0.27%,19496,58613
DXM16,2016-04-11,94.15,94.35,93.745,93.942,-0.31,-0.33%,21007,58376
DXM16,2016-04-12,93.98,94.385,93.62,93.945,0.003,0.00%,24309,59054
DXM16,2016-04-13,94.045,94.835,94,94.762,0.817,+0.87%,26477,59132
DXM16,2016-04-14,94.83,95.21,94.685,94.908,0.146,+0.15%,23728,59969
DXM16,2016-04-15,94.91,95.04,94.485,94.686,-0.222,-0.23%,16528,61104
DXM16,2016-04-18,94.69,94.81,94.365,94.46,-0.226,-0.24%,14452,61162
DXM16,2016-04-19,94.5,94.525,93.89,93.947,-0.513,-0.54%,18004,62494
DXM16,2016-04-20,94.095,94.565,93.9,94.471,0.524,+0.56%,15742,61825
DXM16,2016-04-21,94.51,94.685,93.845,94.574,0.103,+0.11%,45035,62641
DXM16,2016-04-22,94.605,95.18,94.435,95.08,0.506,+0.54%,21596,62435
DXM16,2016-04-25,95.045,95.1,94.65,94.801,-0.279,-0.29%,15425,62641
DXM16,2016-04-26,94.73,94.775,94.155,94.543,-0.258,-0.27%,22187,64034
DXM16,2016-04-27,94.495,94.82,94.095,94.367,-0.176,-0.19%,26401,64382
DXM16,2016-04-28,94.35,94.57,93.665,93.727,-0.64,-0.68%,30402,67304
DXM16,2016-04-29,93.72,93.72,92.975,93.054,-0.673,-0.72%,33741,70256
DXM16,2016-05-02,92.995,93.065,92.5,92.618,-0.436,-0.47%,22935,69984
DXM16,2016-05-03,92.62,93.03,91.88,92.931,0.313,+0.34%,32579,71528
DXM16,2016-05-04,92.955,93.36,92.835,93.187,0.256,+0.28%,31131,69709
DXM16,2016-05-05,93.24,93.86,93.17,93.78,0.593,+0.64%,19026,67631
DXM16,2016-05-06,93.75,93.955,93.085,93.883,0.103,+0.11%,22075,67041
DXM16,2016-05-09,93.87,94.195,93.8,94.115,0.232,+0.25%,14625,67262
DXM16,2016-05-10,94.13,94.335,94.015,94.267,0.152,+0.16%,13707,67841
DXM16,2016-05-11,94.215,94.215,93.65,93.79,-0.477,-0.51%,19255,68374
DXM16,2016-05-12,93.82,94.16,93.78,94.128,0.338,+0.36%,19157,69335
DXM16,2016-05-13,94.15,94.845,94.1,94.593,0.465,+0.49%,23718,66802
DXM16,2016-05-16,94.61,94.675,94.38,94.55,-0.043,-0.05%,13488,66267
DXM16,2016-05-17,94.55,94.74,94.31,94.531,-0.019,-0.02%,12312,65412
DXM16,2016-05-18,94.525,95.23,94.51,95.063,0.532,+0.56%,25277,63709
DXM16,2016-05-19,95.19,95.51,95.125,95.294,0.231,+0.24%,23967,62506
DXM16,2016-05-20,95.295,95.465,95.18,95.343,0.049,+0.05%,11192,61795
DXM16,2016-05-23,95.31,95.475,95.11,95.216,-0.127,-0.13%,12225,61438
DXM16,2016-05-24,95.28,95.67,95.205,95.576,0.36,+0.38%,14720,61266
DXM16,2016-05-25,95.65,95.665,95.32,95.34,-0.236,-0.25%,12408,60848
DXM16,2016-05-26,95.4,95.41,94.925,95.162,-0.178,-0.19%,20088,60880
DXM16,2016-05-27,95.15,95.77,95.075,95.5,0.338,+0.36%,19889,61013
DXM16,2016-05-30,95.76,95.96,95.5,95.5,0,0.00%,10556,64653
DXM16,2016-05-31,95.6,95.89,95.455,95.878,0.378,+0.40%,19124,62195
DXM16,2016-06-01,95.8,95.905,95.34,95.456,-0.422,-0.44%,21583,63089
DXM16,2016-06-02,95.4,95.58,95.15,95.566,0.11,+0.12%,20123,63808
DXM16,2016-06-03,95.565,95.64,93.86,94.028,-1.538,-1.61%,42235,66212
DXM16,2016-06-06,93.945,94.265,93.74,93.89,-0.138,-0.15%,42821,67941
DXM16,2016-06-07,93.98,94.075,93.745,93.832,-0.058,-0.06%,31499,70139
DXM16,2016-06-08,93.87,93.87,93.41,93.58,-0.252,-0.27%,63685,79753
DXU16,2016-06-09,93.535,94.15,93.43,93.987,0.407,+0.43%,48975,72741
DXU16,2016-06-10,94.18,94.79,94.085,94.631,0.644,+0.69%,58005,67400
DXU16,2016-06-13,94.735,94.835,94.29,94.421,-0.21,-0.22%,27997,50771
DXU16,2016-06-14,94.48,95.14,94.395,95.04,0.619,+0.66%,22927,50315
DXU16,2016-06-15,95.02,95.15,94.415,94.68,-0.36,-0.38%,23913,50179
DXU16,2016-06-16,94.655,95.535,94.26,94.706,0.026,+0.03%,40925,49724
DXU16,2016-06-17,94.49,94.74,94.165,94.34,-0.366,-0.39%,23464,50120
DXU16,2016-06-20,94.06,94.06,93.545,93.684,-0.656,-0.70%,21134,51418
DXU16,2016-06-21,93.62,94.195,93.47,94.061,0.377,+0.40%,19455,50649
DXU16,2016-06-22,94.12,94.18,93.5,93.758,-0.303,-0.32%,15665,50459
DXU16,2016-06-23,93.62,93.675,93.025,93.527,-0.231,-0.25%,29803,52034
DXU16,2016-06-24,93.75,96.7,93.73,95.574,2.047,+2.19%,68185,47317
DXU16,2016-06-27,96.115,96.865,95.935,96.703,1.129,+1.18%,29061,47373
DXU16,2016-06-28,96.565,96.57,95.92,96.331,-0.372,-0.38%,21363,47703
DXU16,2016-06-29,96.14,96.27,95.625,95.807,-0.524,-0.54%,21623,47405
DXU16,2016-06-30,95.7,96.48,95.52,96.203,0.396,+0.41%,40653,47304
DXU16,2016-07-01,95.955,96.17,95.48,95.714,-0.489,-0.51%,21661,49902
DXU16,2016-07-04,95.75,95.96,95.565,95.714,0,0.00%,5602,49827
DXU16,2016-07-05,95.625,96.34,95.375,96.259,0.545,+0.57%,21935,51060
DXU16,2016-07-06,96.335,96.63,96.045,96.131,-0.128,-0.13%,31957,52598
DXU16,2016-07-07,96.125,96.39,95.99,96.383,0.252,+0.26%,16316,51438
DXU16,2016-07-08,96.32,96.725,95.78,96.327,-0.056,-0.06%,29943,50579
DXU16,2016-07-11,96.35,96.805,96.285,96.59,0.263,+0.27%,11840,50515
DXU16,2016-07-12,96.55,96.66,96.075,96.487,-0.103,-0.11%,19233,52678
DXU16,2016-07-13,96.565,96.6,96.095,96.208,-0.279,-0.29%,12623,50775
DXU16,2016-07-14,96.315,96.42,95.84,96.1,-0.108,-0.11%,14319,52115
DXU16,2016-07-15,96.15,96.75,95.92,96.563,0.463,+0.48%,23362,51834
DXU16,2016-07-18,96.615,96.71,96.455,96.587,0.024,+0.02%,11467,53512
DXU16,2016-07-19,96.59,97.185,96.53,97.108,0.521,+0.54%,24753,56826
DXU16,2016-07-20,97.1,97.37,97.01,97.263,0.155,+0.16%,22824,60622
DXU16,2016-07-21,97.15,97.275,96.765,97.046,-0.217,-0.22%,25263,60809
DXU16,2016-07-22,96.895,97.585,96.86,97.516,0.47,+0.48%,19415,62004
DXU16,2016-07-25,97.455,97.62,97.25,97.326,-0.19,-0.19%,11546,63445
DXU16,2016-07-26,97.31,97.345,96.895,97.168,-0.158,-0.16%,11045,63131
DXU16,2016-07-27,97.17,97.54,96.71,97.042,-0.126,-0.13%,18637,61537
DXU16,2016-07-28,96.64,96.76,96.245,96.721,-0.321,-0.33%,23869,61453
DXU16,2016-07-29,96.595,96.705,95.335,95.491,-1.23,-1.27%,37134,58498
DXU16,2016-08-01,95.49,95.77,95.46,95.677,0.186,+0.19%,11579,57343
DXU16,2016-08-02,95.7,95.81,94.94,94.988,-0.689,-0.72%,22307,54870
DXU16,2016-08-03,95.075,95.545,95.075,95.525,0.537,+0.57%,13179,54788
DXU16,2016-08-04,95.49,95.875,95.385,95.717,0.192,+0.20%,14287,55623
DXU16,2016-08-05,95.705,96.5,95.485,96.136,0.419,+0.44%,25171,54929
DXU16,2016-08-08,96.19,96.42,96.09,96.34,0.204,+0.21%,6588,54793
DXU16,2016-08-09,96.31,96.465,96.015,96.132,-0.208,-0.22%,12591,56359
DXU16,2016-08-10,96.075,96.075,95.38,95.608,-0.524,-0.55%,16896,55293
DXU16,2016-08-11,95.53,95.91,95.46,95.838,0.23,+0.24%,9722,54745
DXU16,2016-08-12,95.9,95.96,95.19,95.682,-0.156,-0.16%,19748,55767
DXU16,2016-08-15,95.675,95.77,95.425,95.594,-0.088,-0.09%,7785,55138
DXU16,2016-08-16,95.61,95.61,94.38,94.764,-0.83,-0.87%,30895,57759
DXU16,2016-08-17,94.76,95.085,94.49,94.69,-0.074,-0.08%,24373,56895
DXU16,2016-08-18,94.6,94.63,94.05,94.137,-0.553,-0.58%,24304,57544
DXU16,2016-08-19,94.18,94.6,94.18,94.483,0.346,+0.37%,25291,57034
DXU16,2016-08-22,94.57,94.94,94.425,94.499,0.016,+0.02%,14858,58086
DXU16,2016-08-23,94.545,94.565,94.195,94.494,-0.005,-0.01%,16604,57651
DXU16,2016-08-24,94.55,94.87,94.47,94.747,0.253,+0.27%,14602,59143
DXU16,2016-08-25,94.76,94.8,94.555,94.743,-0.004,0.00%,8241,59204
DXU16,2016-08-26,94.675,95.585,94.2,95.542,0.799,+0.84%,43049,58160
DXU16,2016-08-29,95.55,95.805,95.445,95.543,0.001,0.00%,19113,57234
DXU16,2016-08-30,95.52,96.125,95.505,96.041,0.498,+0.52%,21934,55341
DXU16,2016-08-31,95.99,96.25,95.895,96.012,-0.029,-0.03%,25579,55470
DXU16,2016-09-01,96.015,96.245,95.595,95.66,-0.352,-0.37%,20355,55651
DXU16,2016-09-02,95.65,95.965,95.175,95.844,0.184,+0.19%,38022,55991
DXU16,2016-09-05,95.88,95.89,95.55,95.844,0,0.00%,6010,56431
DXU16,2016-09-06,95.775,95.855,94.755,94.823,-1.021,-1.07%,30505,58169
DXU16,2016-09-07,94.82,95.05,94.675,94.951,0.128,+0.13%,18625,57601
DXU16,2016-09-08,94.99,95.135,94.44,95.051,0.1,+0.11%,37611,58406
DXU16,2016-09-09,94.975,95.58,94.82,95.328,0.277,+0.29%,35523,57183
DXU16,2016-09-12,95.315,95.45,94.925,95.088,-0.24,-0.25%,41592,57863
DXU16,2016-09-13,95.095,95.675,95.08,95.645,0.557,+0.59%,34746,55501
DXZ16,2016-09-14,95.47,95.585,95.12,95.252,-0.393,-0.41%,51316,55498
DXZ16,2016-09-15,95.285,95.485,95,95.213,-0.039,-0.04%,36064,55644
DXZ16,2016-09-16,95.155,96.07,95.15,96.055,0.842,+0.88%,54607,55416
DXZ16,2016-09-19,96.015,96.015,95.565,95.761,-0.294,-0.31%,13461,47143
DXZ16,2016-09-20,95.775,95.985,95.525,95.976,0.215,+0.22%,16320,47964
DXZ16,2016-09-21,95.945,96.305,95.32,95.665,-0.311,-0.32%,29764,48820
DXZ16,2016-09-22,95.455,95.49,94.95,95.381,-0.284,-0.30%,24669,48682
DXZ16,2016-09-23,95.31,95.605,95.28,95.392,0.011,+0.01%,16426,49204
DXZ16,2016-09-26,95.39,95.445,95.02,95.21,-0.182,-0.19%,10884,49848
DXZ16,2016-09-27,95.25,95.58,95.145,95.312,0.102,+0.11%,14116,50534
DXZ16,2016-09-28,95.39,95.66,95.285,95.336,0.024,+0.03%,14989,50959
DXZ16,2016-09-29,95.315,95.625,95.245,95.472,0.136,+0.14%,16896,51478
DXZ16,2016-09-30,95.47,95.895,95.25,95.385,-0.087,-0.09%,33019,52108
DXZ16,2016-10-03,95.435,95.735,95.39,95.587,0.202,+0.21%,15748,51146
DXZ16,2016-10-04,95.665,96.39,95.66,96.125,0.538,+0.56%,42510,53795
DXZ16,2016-10-05,96.08,96.31,95.94,96.114,-0.011,-0.01%,23996,54938
DXZ16,2016-10-06,96.135,96.785,96.115,96.772,0.658,+0.68%,26495,57560
DXZ16,2016-10-07,96.85,97.215,96.405,96.654,-0.118,-0.12%,50204,62864
DXZ16,2016-10-10,96.52,96.965,96.485,96.933,0.279,+0.29%,16686,67013
DXZ16,2016-10-11,96.93,97.745,96.93,97.692,0.759,+0.78%,30145,69769
DXZ16,2016-10-12,97.52,98.05,97.475,97.962,0.27,+0.28%,32039,75402
DXZ16,2016-10-13,98,98.12,97.51,97.518,-0.444,-0.45%,28583,74939
DXZ16,2016-10-14,97.63,98.1,97.52,97.997,0.479,+0.49%,26776,75977
DXZ16,2016-10-17,98.12,98.15,97.8,97.878,-0.119,-0.12%,15632,78176
DXZ16,2016-10-18,97.78,97.965,97.6,97.897,0.019,+0.02%,17041,79933
DXZ16,2016-10-19,97.91,97.975,97.655,97.94,0.043,+0.04%,18188,83330
DXZ16,2016-10-20,97.885,98.4,97.655,98.314,0.374,+0.38%,32896,84964
DXZ16,2016-10-21,98.3,98.795,98.3,98.686,0.372,+0.38%,20591,84614
DXZ16,2016-10-24,98.68,98.825,98.54,98.752,0.066,+0.07%,15610,86625
DXZ16,2016-10-25,98.75,99.09,98.585,98.682,-0.07,-0.07%,24121,86683
DXZ16,2016-10-26,98.71,98.815,98.315,98.611,-0.071,-0.07%,23300,88517
DXZ16,2016-10-27,98.6,99.005,98.485,98.879,0.268,+0.27%,21051,87253
DXZ16,2016-10-28,98.905,98.92,98.225,98.342,-0.537,-0.54%,24476,87459
DXZ16,2016-10-31,98.285,98.675,98.275,98.422,0.08,+0.08%,13925,87799
DXZ16,2016-11-01,98.39,98.46,97.62,97.697,-0.725,-0.74%,26844,85739
DXZ16,2016-11-02,97.77,97.795,97.175,97.414,-0.283,-0.29%,28758,85842
DXZ16,2016-11-03,97.44,97.48,97.07,97.196,-0.218,-0.22%,24802,86787
DXZ16,2016-11-04,97.225,97.38,96.94,97.088,-0.108,-0.11%,19570,86322
DXZ16,2016-11-07,97.34,97.885,97.245,97.793,0.705,+0.73%,20454,87216
DXZ16,2016-11-08,97.79,97.99,97.56,97.86,0.067,+0.07%,18577,85931
DXZ16,2016-11-09,98.08,98.695,95.905,98.529,0.669,+0.68%,91409,84131
DXZ16,2016-11-10,98.535,99.08,98.32,98.774,0.245,+0.25%,41565,82791
DXZ16,2016-11-11,98.825,99.13,98.545,99.05,0.276,+0.28%,34142,78339
DXZ16,2016-11-14,99.135,100.24,99.1,100.12,1.07,+1.08%,57321,79447
DXZ16,2016-11-15,99.81,100.28,99.475,100.25,0.13,+0.13%,45138,81170
DXZ16,2016-11-16,100.07,100.6,99.915,100.438,0.188,+0.19%,44259,83104
DXZ16,2016-11-17,100.285,101.01,99.98,100.946,0.508,+0.51%,58167,85645
DXZ16,2016-11-18,101.07,101.54,100.89,101.283,0.337,+0.33%,58987,88304
DXZ16,2016-11-21,101.4,101.51,100.81,101.113,-0.17,-0.17%,43364,90321
DXZ16,2016-11-22,100.835,101.37,100.71,101.106,-0.007,-0.01%,35271,93965
DXZ16,2016-11-23,101.105,101.96,100.96,101.759,0.653,+0.65%,44587,95940
DXZ16,2016-11-24,101.81,102.12,101.525,101.759,0,0.00%,17986,97346
DXZ16,2016-11-25,101.84,101.97,101.245,101.546,-0.213,-0.21%,33145,94941
DXZ16,2016-11-28,101.43,101.63,100.675,101.368,-0.178,-0.18%,50245,94585
DXZ16,2016-11-29,101.27,101.69,100.94,100.949,-0.419,-0.41%,41123,92156
DXZ16,2016-11-30,100.98,101.88,100.92,101.539,0.59,+0.58%,49609,92892
DXZ16,2016-12-01,101.56,101.615,100.95,101.099,-0.44,-0.43%,36735,92842
DXZ16,2016-12-02,100.95,101.175,100.705,100.861,-0.238,-0.24%,44432,95527
DXZ16,2016-12-05,101.555,101.8,99.87,100.112,-0.749,-0.74%,102884,95041
DXZ16,2016-12-06,100.18,100.615,100.01,100.53,0.418,+0.42%,35967,93311
DXZ16,2016-12-07,100.57,100.63,100.18,100.268,-0.262,-0.26%,32540,93472
DXZ16,2016-12-08,100.24,101.275,99.49,101.125,0.857,+0.85%,90323,93809
DXZ16,2016-12-09,101.15,101.77,101.04,101.62,0.495,+0.49%,35042,93435
DXZ16,2016-12-12,101.645,101.82,100.86,101.049,-0.571,-0.56%,50653,93575
DXZ16,2016-12-13,100.97,101.195,100.785,101.107,0.058,+0.06%,55300,96087
DXZ16,2016-12-14,101.05,102.345,100.75,101.77,0.663,+0.66%,98146,91954
DXH17,2016-12-15,102.445,103.535,102.1,103.018,1.248,+1.23%,141332,88574
DXH17,2016-12-16,103.14,103.21,102.545,102.924,-0.094,-0.09%,62816,87218
DXH17,2016-12-19,102.82,103.155,102.5,103.1,0.176,+0.17%,24803,79151
DXH17,2016-12-20,103.09,103.625,102.975,103.288,0.188,+0.18%,29942,84233
DXH17,2016-12-21,103.285,103.375,102.75,103.029,-0.259,-0.25%,21160,86647
DXH17,2016-12-22,102.97,103.15,102.59,103.096,0.067,+0.07%,22736,87638
DXH17,2016-12-23,103.095,103.205,102.86,103.002,-0.094,-0.09%,12049,86846
DXH17,2016-12-27,103.055,103.14,102.97,103.007,0.005,0.00%,8231,87191
DXH17,2016-12-28,102.98,103.575,102.86,103.244,0.237,+0.23%,19913,86906
DXH17,2016-12-29,103.195,103.21,102.65,102.711,-0.533,-0.52%,32058,88438
DXH17,2016-12-30,102.24,102.63,101.95,102.286,-0.425,-0.41%,38359,87395
DXH17,2017-01-03,102.815,103.815,102.625,103.201,0.915,+0.89%,52012,84941
DXH17,2017-01-04,103.35,103.42,102.385,102.709,-0.492,-0.48%,36434,83963
DXH17,2017-01-05,102.065,102.5,101.295,101.528,-1.181,-1.15%,60663,82324
DXH17,2017-01-06,101.54,102.3,101.395,102.209,0.681,+0.67%,38362,82526
DXH17,2017-01-09,102.245,102.49,101.845,101.909,-0.3,-0.29%,31166,80999
DXH17,2017-01-10,101.85,102.09,101.485,101.996,0.087,+0.09%,33790,80618
DXH17,2017-01-11,102.015,102.96,101.24,101.747,-0.249,-0.24%,74994,77891
DXH17,2017-01-12,101.72,101.77,100.7,101.377,-0.37,-0.36%,54544,76579
DXH17,2017-01-13,101.52,101.68,100.83,101.188,-0.189,-0.19%,38957,77037
DXH17,2017-01-16,101.48,101.725,101.188,101.188,0,0.00%,16023,77206
DXH17,2017-01-17,101.56,101.615,100.235,100.32,-0.868,-0.86%,62610,77719
DXH17,2017-01-18,100.33,101.335,100.315,100.918,0.598,+0.60%,40184,76093
DXH17,2017-01-19,101.36,101.71,100.955,101.144,0.226,+0.22%,53887,75882
DXH17,2017-01-20,101.195,101.485,100.675,100.69,-0.454,-0.45%,40817,75494
DXH17,2017-01-23,100.75,100.75,99.92,100.13,-0.56,-0.56%,40575,75739
DXH17,2017-01-24,99.98,100.395,99.885,100.339,0.209,+0.21%,29756,74838
DXH17,2017-01-25,100.24,100.395,99.815,100.019,-0.32,-0.32%,28762,75853
DXH17,2017-01-26,99.795,100.735,99.765,100.375,0.356,+0.36%,35734,76592
DXH17,2017-01-27,100.515,100.81,100.31,100.526,0.151,+0.15%,30830,75731
DXH17,2017-01-30,100.43,101.015,100.145,100.414,-0.112,-0.11%,38816,75738
DXH17,2017-01-31,100.39,100.505,99.4,99.481,-0.933,-0.93%,58793,75601
DXH17,2017-02-01,99.58,100.06,99.48,99.608,0.127,+0.13%,42643,75911
DXH17,2017-02-02,99.56,99.84,99.195,99.788,0.18,+0.18%,41145,73750
DXH17,2017-02-03,99.825,100.37,99.52,99.842,0.054,+0.05%,50252,74716
DXH17,2017-02-06,99.7,100.225,99.605,99.865,0.023,+0.02%,27785,73532
DXH17,2017-02-07,99.96,100.695,99.91,100.245,0.38,+0.38%,39734,73975
DXH17,2017-02-08,100.435,100.63,100.03,100.264,0.019,+0.02%,32048,72764
DXH17,2017-02-09,100.24,100.67,100.075,100.647,0.383,+0.38%,34029,73037
DXH17,2017-02-10,100.685,101.015,100.56,100.791,0.144,+0.14%,35135,73438
DXH17,2017-02-13,100.79,101.11,100.57,100.95,0.159,+0.16%,24285,73512
DXH17,2017-02-14,100.95,101.385,100.7,101.233,0.283,+0.28%,38538,74210
DXH17,2017-02-15,101.315,101.75,100.975,101.164,-0.069,-0.07%,43686,73859
DXH17,2017-02-16,100.935,101.045,100.4,100.43,-0.734,-0.73%,42696,74522
DXH17,2017-02-17,100.495,100.96,100.44,100.951,0.521,+0.52%,27675,73357
DXH17,2017-02-20,100.855,100.99,100.74,100.951,0,0.00%,9505,73686
DXH17,2017-02-21,101.08,101.61,101.075,101.355,0.404,+0.40%,29373,74802
DXH17,2017-02-22,101.36,101.715,101.155,101.194,-0.161,-0.16%,39842,74875
DXH17,2017-02-23,101.35,101.435,100.855,101.053,-0.141,-0.14%,34072,73326
DXH17,2017-02-24,101.04,101.15,100.64,101.09,0.037,+0.04%,37562,73859
DXH17,2017-02-27,101.155,101.28,100.68,101.129,0.039,+0.04%,25663,73924
DXH17,2017-02-28,101.2,101.38,100.775,101.129,0,0.00%,32413,74909
DXH17,2017-03-01,101.475,101.98,101.22,101.78,0.651,+0.64%,58776,77572
DXH17,2017-03-02,101.81,102.27,101.79,102.204,0.424,+0.42%,32433,79598
DXH17,2017-03-03,102.08,102.165,101.335,101.548,-0.656,-0.64%,71621,80969
DXH17,2017-03-06,101.44,101.74,101.225,101.645,0.097,+0.10%,55918,81995
DXH17,2017-03-07,101.74,101.905,101.52,101.805,0.16,+0.16%,27132,83511
DXH17,2017-03-08,101.76,102.185,101.705,102.076,0.271,+0.27%,82138,94696
DXM17,2017-03-09,102.045,102.125,101.57,101.718,-0.358,-0.35%,76347,96368
DXM17,2017-03-10,101.79,101.845,101.025,101.107,-0.611,-0.60%,73572,102347
DXM17,2017-03-13,101.16,101.265,100.865,101.195,0.088,+0.09%,23164,74053
DXM17,2017-03-14,101.285,101.66,101.215,101.574,0.379,+0.37%,22552,74452
DXM17,2017-03-15,101.57,101.59,100.32,100.575,-0.999,-0.98%,48089,75395
DXM17,2017-03-16,100.345,100.58,100.045,100.185,-0.39,-0.39%,36822,74462
DXM17,2017-03-17,100.065,100.28,99.97,100.115,-0.07,-0.07%,23458,73759
DXM17,2017-03-20,100.11,100.265,99.835,100.234,0.119,+0.12%,19353,72344
DXM17,2017-03-21,100.175,100.18,99.46,99.614,-0.62,-0.62%,34149,72753
DXM17,2017-03-22,99.5,99.725,99.34,99.468,-0.146,-0.15%,30381,73318
DXM17,2017-03-23,99.585,99.665,99.435,99.563,0.095,+0.10%,23705,74431
DXM17,2017-03-24,99.57,99.815,99.355,99.442,-0.121,-0.12%,23083,75277
DXM17,2017-03-27,99.335,99.335,98.67,98.973,-0.469,-0.47%,32065,76984
DXM17,2017-03-28,99.055,99.62,98.92,99.549,0.576,+0.58%,26572,74650
DXM17,2017-03-29,99.56,99.965,99.495,99.836,0.287,+0.29%,26089,72850
DXM17,2017-03-30,99.85,100.465,99.795,100.285,0.449,+0.45%,29132,71794
DXM17,2017-03-31,100.34,100.505,100.115,100.218,-0.067,-0.07%,25865,70046
DXM17,2017-04-03,100.405,100.56,100.235,100.412,0.194,+0.19%,19335,69832
DXM17,2017-04-04,100.34,100.605,100.3,100.426,0.014,+0.01%,16057,69339
DXM17,2017-04-05,100.415,100.99,100.305,100.441,0.015,+0.01%,26714,69383
DXM17,2017-04-06,100.37,100.67,100.285,100.57,0.129,+0.13%,18240,69229
DXM17,2017-04-07,100.645,101.185,100.4,101.117,0.547,+0.54%,37366,72404
DXM17,2017-04-10,101.12,101.265,100.87,100.952,-0.165,-0.16%,22140,73460
DXM17,2017-04-11,100.9,101.005,100.51,100.622,-0.33,-0.33%,24505,71495
DXM17,2017-04-12,100.595,100.76,100.01,100.711,0.089,+0.09%,22512,67930
DXM17,2017-04-13,100.03,100.5,99.93,100.463,-0.248,-0.25%,23011,66522
DXM17,2017-04-17,100.405,100.465,99.91,100.194,-0.269,-0.27%,15231,65987
DXM17,2017-04-18,100.24,100.31,99.365,99.404,-0.79,-0.79%,26690,66658
DXM17,2017-04-19,99.455,99.785,99.415,99.638,0.234,+0.24%,17950,66821
DXM17,2017-04-20,99.7,99.76,99.29,99.685,0.047,+0.05%,22402,66599
DXM17,2017-04-21,99.75,99.935,99.56,99.88,0.195,+0.20%,23274,66616
DXM17,2017-04-24,99.18,99.24,98.7,98.973,-0.907,-0.91%,30573,67946
DXM17,2017-04-25,98.965,99.1,98.565,98.648,-0.325,-0.33%,26766,70209
DXM17,2017-04-26,98.725,99.205,98.605,98.92,0.272,+0.28%,33097,70521
DXM17,2017-04-27,98.855,99.21,98.69,98.955,0.035,+0.04%,40346,69765
DXM17,2017-04-28,99.07,99.125,98.58,98.898,-0.057,-0.06%,26451,71875
DXM17,2017-05-01,98.93,99.07,98.735,98.93,0.032,+0.03%,17772,74198
DXM17,2017-05-02,98.93,99.085,98.775,98.829,-0.101,-0.10%,20071,73868
DXM17,2017-05-03,98.77,99.27,98.75,99.082,0.253,+0.26%,27318,73519
DXM17,2017-05-04,99.23,99.34,98.56,98.647,-0.435,-0.44%,31692,74997
DXM17,2017-05-05,98.63,98.895,98.41,98.528,-0.119,-0.12%,25215,75146
DXM17,2017-05-08,98.37,99.055,98.355,98.936,0.408,+0.41%,29869,74350
DXM17,2017-05-09,99.02,99.565,98.96,99.544,0.608,+0.61%,29977,74804
DXM17,2017-05-10,99.34,99.605,99.25,99.559,0.015,+0.02%,21626,75241
DXM17,2017-05-11,99.565,99.765,99.375,99.505,-0.054,-0.05%,18597,74155
DXM17,2017-05-12,99.53,99.585,99.035,99.131,-0.374,-0.38%,25261,74816
DXM17,2017-05-15,99.06,99.14,98.67,98.801,-0.33,-0.33%,18803,75332
DXM17,2017-05-16,98.76,98.77,97.97,97.998,-0.803,-0.81%,33576,78050
DXM17,2017-05-17,97.99,98.01,97.33,97.462,-0.536,-0.55%,32600,78607
DXM17,2017-05-18,97.41,97.97,97.275,97.772,0.31,+0.32%,47158,81452
DXM17,2017-05-19,97.715,97.74,96.965,97.03,-0.742,-0.76%,27079,83909
DXM17,2017-05-22,97.03,97.335,96.7,96.881,-0.149,-0.15%,24966,84083
DXM17,2017-05-23,96.83,97.32,96.705,97.264,0.383,+0.40%,34616,85136
DXM17,2017-05-24,97.32,97.375,96.945,97.147,-0.117,-0.12%,32859,84451
DXM17,2017-05-25,96.9,97.205,96.805,97.176,0.029,+0.03%,21646,83063
DXM17,2017-05-26,97.15,97.465,96.965,97.364,0.188,+0.19%,24600,83698
DXM17,2017-05-29,97.32,97.44,97.255,97.364,0,0.00%,5413,84472
DXM17,2017-05-30,97.615,97.7,97.145,97.212,-0.152,-0.16%,28963,84839
DXM17,2017-05-31,97.355,97.425,96.795,96.854,-0.358,-0.37%,28427,84936
DXM17,2017-06-01,96.955,97.27,96.85,97.141,0.287,+0.30%,16965,84996
DXM17,2017-06-02,97.165,97.26,96.58,96.67,-0.471,-0.48%,31344,86850
DXM17,2017-06-05,96.67,96.93,96.64,96.754,0.084,+0.09%,16213,86191
DXM17,2017-06-06,96.75,96.75,96.465,96.591,-0.163,-0.17%,20334,87243
DXM17,2017-06-07,96.565,96.94,96.455,96.708,0.117,+0.12%,26643,86811
DXM17,2017-06-08,96.695,97.135,96.565,96.898,0.19,+0.20%,37255,86886
DXM17,2017-06-09,97.26,97.47,97.125,97.239,0.341,+0.35%,35451,85819
DXM17,2017-06-12,97.235,97.3,97.02,97.121,-0.118,-0.12%,34191,84613
DXM17,2017-06-13,97.17,97.26,96.925,96.942,-0.179,-0.18%,32425,84987
DXM17,2017-06-14,97.005,97.11,96.305,96.921,-0.021,-0.02%,78746,86233
DXM17,2017-06-15,96.91,97.555,96.84,97.437,0.516,+0.53%,51017,77465
DXU17,2017-06-16,97.19,97.265,96.81,96.866,-0.571,-0.59%,53862,78108
DXU17,2017-06-19,96.85,97.285,96.75,97.264,0.398,+0.41%,18431,44181
DXU17,2017-06-20,97.28,97.515,97.135,97.412,0.148,+0.15%,30264,46708
DXU17,2017-06-21,97.385,97.465,97.18,97.216,-0.196,-0.20%,14437,46767
DXU17,2017-06-22,97.225,97.35,97.115,97.303,0.087,+0.09%,27716,45162
DXU17,2017-06-23,97.255,97.295,96.86,96.942,-0.361,-0.37%,14049,45641
DXU17,2017-06-26,96.94,97.16,96.81,97.116,0.174,+0.18%,15534,45734
DXU17,2017-06-27,97.12,97.155,96.045,96.093,-1.023,-1.05%,33925,48062
DXU17,2017-06-28,96.175,96.32,95.67,95.744,-0.349,-0.36%,40163,48672
DXU17,2017-06-29,95.77,95.78,95.27,95.366,-0.378,-0.39%,22747,49240
DXU17,2017-06-30,95.31,95.565,95.225,95.421,0.055,+0.06%,20521,50640
DXU17,2017-07-03,95.405,95.995,95.385,95.969,0.548,+0.57%,20053,50631
DXU17,2017-07-04,95.89,96.085,95.805,95.969,0,0.00%,7598,50161
DXU17,2017-07-05,95.905,96.255,95.825,96.059,0.09,+0.09%,19194,48805
DXU17,2017-07-06,96.005,96.11,95.56,95.575,-0.484,-0.50%,14341,49262
DXU17,2017-07-07,95.585,95.93,95.525,95.792,0.217,+0.23%,20566,49360
DXU17,2017-07-10,95.795,95.945,95.69,95.777,-0.015,-0.02%,20219,52322
DXU17,2017-07-11,95.83,95.96,95.405,95.422,-0.355,-0.37%,16520,52952
DXU17,2017-07-12,95.42,95.745,95.275,95.512,0.09,+0.09%,20896,52717
DXU17,2017-07-13,95.53,95.695,95.245,95.508,-0.004,0.00%,18718,52930
DXU17,2017-07-14,95.55,95.615,94.87,94.93,-0.578,-0.61%,23521,54949
DXU17,2017-07-17,94.885,95.12,94.8,94.904,-0.026,-0.03%,12312,55614
DXU17,2017-07-18,94.95,94.97,94.275,94.402,-0.502,-0.53%,34296,52988
DXU17,2017-07-19,94.475,94.69,94.445,94.588,0.186,+0.20%,11952,51974
DXU17,2017-07-20,94.56,94.98,93.89,94.117,-0.471,-0.50%,48435,50713
DXU17,2017-07-21,94.115,94.17,93.67,93.679,-0.438,-0.47%,15742,50529
DXU17,2017-07-24,93.785,93.945,93.65,93.798,0.119,+0.13%,13463,50877
DXU17,2017-07-25,93.85,93.96,93.46,93.888,0.09,+0.10%,23235,49984
DXU17,2017-07-26,93.955,94.115,93.22,93.505,-0.383,-0.41%,30647,52130
DXU17,2017-07-27,93.325,93.95,93,93.715,0.21,+0.22%,34623,51142
DXU17,2017-07-28,93.675,93.795,93.1,93.114,-0.601,-0.64%,24693,51578
DXU17,2017-07-31,93.17,93.385,92.635,92.718,-0.396,-0.43%,30159,51352
DXU17,2017-08-01,92.805,92.97,92.64,92.901,0.183,+0.20%,19149,51424
DXU17,2017-08-02,92.905,93.03,92.39,92.699,-0.202,-0.22%,20810,51697
DXU17,2017-08-03,92.775,92.905,92.555,92.707,0.008,+0.01%,21770,52014
DXU17,2017-08-04,92.61,93.64,92.58,93.416,0.709,+0.76%,31992,53163
DXU17,2017-08-07,93.38,93.415,93.175,93.309,-0.107,-0.11%,13702,53490
DXU17,2017-08-08,93.285,93.77,93.12,93.515,0.206,+0.22%,20690,52748
DXU17,2017-08-09,93.47,93.785,93.365,93.43,-0.085,-0.09%,20345,53014
DXU17,2017-08-10,93.385,93.7,93.21,93.304,-0.126,-0.13%,17845,52703
DXU17,2017-08-11,93.295,93.415,92.83,92.956,-0.348,-0.37%,29195,52258
DXU17,2017-08-14,92.98,93.39,92.945,93.305,0.349,+0.38%,13656,51069
DXU17,2017-08-15,93.395,94.04,93.34,93.756,0.451,+0.48%,23408,51263
DXU17,2017-08-16,93.735,94.055,93.375,93.438,-0.318,-0.34%,35653,52795
DXU17,2017-08-17,93.38,93.995,93.21,93.534,0.096,+0.10%,41112,53179
DXU17,2017-08-18,93.65,93.685,93.245,93.359,-0.175,-0.19%,23973,52615
DXU17,2017-08-21,93.365,93.495,92.92,93.012,-0.347,-0.37%,18860,53744
DXU17,2017-08-22,93.025,93.49,92.98,93.461,0.449,+0.48%,19812,52379
DXU17,2017-08-23,93.44,93.555,93.04,93.07,-0.391,-0.42%,19383,52734
DXU17,2017-08-24,93.09,93.305,93.075,93.202,0.132,+0.14%,10844,52831
DXU17,2017-08-25,93.225,93.37,92.345,92.677,-0.525,-0.56%,45841,56360
DXU17,2017-08-28,92.35,92.48,92.115,92.14,-0.537,-0.58%,20369,55976
DXU17,2017-08-29,92.185,92.41,91.55,92.184,0.044,+0.05%,53316,58082
DXU17,2017-08-30,92.295,92.885,92.19,92.823,0.639,+0.69%,30979,56602
DXU17,2017-08-31,92.86,93.305,92.565,92.628,-0.195,-0.21%,39574,55050
DXU17,2017-09-01,92.6,92.905,92.05,92.769,0.141,+0.15%,46796,55294
DXU17,2017-09-04,92.665,92.769,92.41,92.769,0,0.00%,11525,55129
DXU17,2017-09-05,92.61,92.695,92.145,92.226,-0.543,-0.59%,30004,55828
DXU17,2017-09-06,92.2,92.335,91.945,92.252,0.026,+0.03%,30277,55499
DXU17,2017-09-07,92.18,92.23,91.375,91.642,-0.61,-0.66%,64554,54325
DXU17,2017-09-08,91.44,91.49,90.99,91.326,-0.316,-0.34%,42648,54241
DXU17,2017-09-11,91.39,91.965,91.39,91.853,0.527,+0.58%,56879,54879
DXU17,2017-09-12,91.885,92.06,91.755,91.856,0.003,0.00%,43113,55883
DXU17,2017-09-13,91.875,92.515,91.69,92.508,0.652,+0.71%,81257,56564
DXZ17,2017-09-14,92.165,92.42,91.805,91.889,-0.619,-0.67%,65632,56945
DXZ17,2017-09-15,91.775,91.94,91.36,91.653,-0.236,-0.26%,45049,53259
DXZ17,2017-09-18,91.655,91.995,91.585,91.824,0.171,+0.19%,18293,41677
DXZ17,2017-09-19,91.765,91.845,91.515,91.561,-0.263,-0.29%,24428,42287
DXZ17,2017-09-20,91.62,92.495,91.215,92.296,0.735,+0.80%,37496,42815
DXZ17,2017-09-21,92.4,92.46,91.89,92.049,-0.247,-0.27%,22584,43868
DXZ17,2017-09-22,91.945,92.005,91.575,91.967,-0.082,-0.09%,24173,43482
DXZ17,2017-09-25,92.12,92.525,92,92.441,0.474,+0.52%,26802,43791
DXZ17,2017-09-26,92.42,93.11,92.345,92.781,0.34,+0.37%,33018,45590
DXZ17,2017-09-27,92.89,93.415,92.81,93.171,0.39,+0.42%,32664,45610
DXZ17,2017-09-28,93.26,93.495,92.92,92.932,-0.239,-0.26%,24871,45796
DXZ17,2017-09-29,93,93.115,92.805,92.883,-0.049,-0.05%,22010,46378
DXZ17,2017-10-02,92.965,93.675,92.94,93.405,0.522,+0.56%,22646,46730
DXZ17,2017-10-03,93.49,93.775,93.275,93.414,0.009,+0.01%,17807,47920
DXZ17,2017-10-04,93.415,93.42,93.085,93.284,-0.13,-0.14%,18005,46570
DXZ17,2017-10-05,93.365,93.835,93.25,93.803,0.519,+0.56%,18252,46717
DXZ17,2017-10-06,93.75,94.1,93.6,93.641,-0.162,-0.17%,27616,46902
DXZ17,2017-10-09,93.625,93.67,93.455,93.505,-0.136,-0.15%,12497,46809
DXZ17,2017-10-10,93.565,93.57,92.95,93.101,-0.404,-0.43%,27074,45773
DXZ17,2017-10-11,93.06,93.19,92.715,92.825,-0.276,-0.30%,20901,44978
DXZ17,2017-10-12,92.755,93.065,92.635,92.898,0.073,+0.08%,17572,44706
DXZ17,2017-10-13,92.93,93.09,92.59,92.935,0.037,+0.04%,21685,44906
DXZ17,2017-10-16,92.965,93.21,92.93,93.161,0.226,+0.24%,15741,45690
DXZ17,2017-10-17,93.14,93.59,93.135,93.35,0.189,+0.20%,17024,46646
DXZ17,2017-10-18,93.34,93.655,93.215,93.228,-0.122,-0.13%,15694,47106
DXZ17,2017-10-19,93.29,93.425,92.91,93.12,-0.108,-0.12%,18707,46445
DXZ17,2017-10-20,93.045,93.675,92.995,93.579,0.459,+0.49%,27496,50319
DXZ17,2017-10-23,93.64,93.9,93.56,93.814,0.235,+0.25%,16334,51279
DXZ17,2017-10-24,93.695,93.87,93.555,93.661,-0.153,-0.16%,18718,51132
DXZ17,2017-10-25,93.83,93.89,93.475,93.577,-0.084,-0.09%,24776,49754
DXZ17,2017-10-26,93.495,94.615,93.365,94.509,0.932,+1.00%,45201,52852
DXZ17,2017-10-27,94.66,95.06,94.63,94.822,0.313,+0.33%,36926,53957
DXZ17,2017-10-30,94.77,94.835,94.325,94.454,-0.368,-0.39%,22793,50778
DXZ17,2017-10-31,94.365,94.6,94.35,94.429,-0.025,-0.03%,19193,49228
DXZ17,2017-11-01,94.415,94.755,94.4,94.709,0.28,+0.30%,16774,49601
DXZ17,2017-11-02,94.665,94.695,94.305,94.588,-0.121,-0.13%,17221,49567
DXZ17,2017-11-03,94.61,94.92,94.115,94.858,0.27,+0.29%,24828,52023
DXZ17,2017-11-06,94.825,95,94.605,94.657,-0.201,-0.21%,18135,51928
DXZ17,2017-11-07,94.63,95.07,94.6,94.8,0.143,+0.15%,24007,52065
DXZ17,2017-11-08,94.765,94.865,94.68,94.768,-0.032,-0.03%,11704,51583
DXZ17,2017-11-09,94.85,94.865,94.305,94.352,-0.416,-0.44%,22271,49228
DXZ17,2017-11-10,94.365,94.555,94.155,94.278,-0.074,-0.08%,15133,48396
DXZ17,2017-11-13,94.355,94.545,94.31,94.388,0.11,+0.12%,10886,48331
DXZ17,2017-11-14,94.405,94.44,93.64,93.723,-0.665,-0.70%,27927,46491
DXZ17,2017-11-15,93.77,93.8,93.305,93.726,0.003,0.00%,25612,43561
DXZ17,2017-11-16,93.785,93.915,93.69,93.854,0.128,+0.14%,12357,43338
DXZ17,2017-11-17,93.715,93.845,93.42,93.575,-0.279,-0.30%,17340,41915
DXZ17,2017-11-20,93.73,94.02,93.485,93.997,0.422,+0.45%,19985,39924
DXZ17,2017-11-21,93.945,94.085,93.795,93.877,-0.12,-0.13%,11917,40200
DXZ17,2017-11-22,93.855,93.88,93.12,93.135,-0.742,-0.79%,25669,42954
DXZ17,2017-11-23,93.195,93.21,93,93.135,0,0.00%,10264,42084
DXZ17,2017-11-24,93.11,93.175,92.61,92.707,-0.428,-0.46%,18266,42660
DXZ17,2017-11-27,92.665,92.865,92.43,92.825,0.118,+0.13%,23534,43725
DXZ17,2017-11-28,92.795,93.27,92.76,93.213,0.388,+0.42%,22388,43517
DXZ17,2017-11-29,93.175,93.375,92.925,93.107,-0.106,-0.11%,18631,43222
DXZ17,2017-11-30,93.2,93.465,92.68,93.002,-0.105,-0.11%,28938,42300
DXZ17,2017-12-01,92.905,93.21,92.55,92.841,-0.161,-0.17%,32147,42505
DXZ17,2017-12-04,93.04,93.345,93.005,93.144,0.303,+0.33%,38497,45960
DXZ17,2017-12-05,93.02,93.445,93,93.334,0.19,+0.20%,20489,45289
DXZ17,2017-12-06,93.31,93.62,93.135,93.582,0.248,+0.27%,23888,44327
DXZ17,2017-12-07,93.565,93.78,93.495,93.769,0.187,+0.20%,17351,44161
DXZ17,2017-12-08,93.8,94.075,93.785,93.874,0.105,+0.11%,25820,45263
DXZ17,2017-12-11,93.86,93.955,93.65,93.843,-0.031,-0.03%,42077,41808
DXZ17,2017-12-12,93.895,94.21,93.745,94.08,0.237,+0.25%,27069,43885
DXZ17,2017-12-13,94.015,94.095,93.34,93.419,-0.661,-0.70%,47873,50600
DXH18,2017-12-14,92.965,93.35,92.86,93.051,-0.368,-0.39%,69411,54239
DXH18,2017-12-15,93.15,93.515,92.935,93.463,0.412,+0.44%,34214,51053
DXH18,2017-12-18,93.495,93.555,92.915,93.239,-0.224,-0.24%,19575,40465
DXH18,2017-12-19,93.255,93.31,93.015,93.027,-0.212,-0.23%,14717,40944
DXH18,2017-12-20,93.035,93.12,92.75,92.891,-0.136,-0.15%,20147,43695
DXH18,2017-12-21,92.925,93.095,92.815,92.862,-0.029,-0.03%,12907,43327
DXH18,2017-12-22,93,93.075,92.87,92.924,0.062,+0.07%,9380,43582
DXH18,2017-12-26,92.885,92.96,92.755,92.801,-0.123,-0.13%,6322,44142
DXH18,2017-12-27,92.825,92.865,92.525,92.612,-0.189,-0.20%,16251,46927
DXH18,2017-12-28,92.69,92.69,92.275,92.3,-0.312,-0.34%,15456,48182
DXH18,2017-12-29,92.355,92.375,91.805,91.826,-0.474,-0.51%,21686,51743
DXH18,2018-01-02,91.895,91.93,91.47,91.573,-0.253,-0.28%,19894,52638
DXH18,2018-01-03,91.56,91.99,91.535,91.896,0.323,+0.35%,17280,53188
DXH18,2018-01-04,91.965,92,91.52,91.581,-0.315,-0.34%,15824,52741
DXH18,2018-01-05,91.55,91.83,91.51,91.673,0.092,+0.10%,13849,52787
DXH18,2018-01-08,91.765,92.135,91.61,92.1,0.427,+0.47%,16069,51642
DXH18,2018-01-09,92.07,92.36,91.96,92.26,0.16,+0.17%,21719,51377
DXH18,2018-01-10,92.225,92.285,91.65,92.07,-0.19,-0.21%,24850,50805
DXH18,2018-01-11,92.07,92.305,91.535,91.608,-0.462,-0.50%,22872,50708
DXH18,2018-01-12,91.51,91.63,90.53,90.735,-0.873,-0.95%,40939,51624
DXH18,2018-01-15,90.595,90.735,90.045,90.735,0,0.00%,25182,52311
DXH18,2018-01-16,90.255,90.58,90.105,90.146,-0.589,-0.65%,28113,51436
DXH18,2018-01-17,89.99,90.695,89.96,90.313,0.167,+0.19%,33808,50700
DXH18,2018-01-18,90.65,90.765,90.205,90.297,-0.016,-0.02%,28291,48344
DXH18,2018-01-19,90.32,90.51,89.96,90.37,0.073,+0.08%,24307,47276
DXH18,2018-01-22,90.27,90.5,90.14,90.191,-0.179,-0.20%,16858,47610
DXH18,2018-01-23,90.155,90.395,89.845,89.915,-0.276,-0.31%,20492,49114
DXH18,2018-01-24,89.875,89.905,88.955,89.011,-0.904,-1.01%,32757,48530
DXH18,2018-01-25,89.095,89.415,88.255,89.227,0.216,+0.24%,77880,46053
DXH18,2018-01-26,89.17,89.18,88.565,88.891,-0.336,-0.38%,33386,44935
DXH18,2018-01-29,88.95,89.44,88.835,89.131,0.24,+0.27%,26033,47317
DXH18,2018-01-30,89.215,89.48,88.74,88.999,-0.132,-0.15%,26519,47086
DXH18,2018-01-31,88.95,89.135,88.615,88.954,-0.045,-0.05%,29469,45830
DXH18,2018-02-01,88.935,89.17,88.385,88.505,-0.449,-0.50%,24114,45671
DXH18,2018-02-02,88.49,89.275,88.44,89.036,0.531,+0.60%,33199,46167
DXH18,2018-02-05,89.185,89.58,88.875,89.405,0.369,+0.41%,37599,44670
DXH18,2018-02-06,89.465,89.92,89.235,89.451,0.046,+0.05%,40788,43794
DXH18,2018-02-07,89.49,90.275,89.325,90.118,0.667,+0.75%,33599,43273
DXH18,2018-02-08,90.155,90.455,89.895,90.116,-0.002,0.00%,35795,42416
DXH18,2018-02-09,90.16,90.45,90.005,90.334,0.218,+0.24%,35486,41029
DXH18,2018-02-12,90.25,90.31,89.955,90.096,-0.238,-0.26%,19689,40259
DXH18,2018-02-13,90.06,90.07,89.49,89.592,-0.504,-0.56%,21764,40422
DXH18,2018-02-14,89.595,90.02,88.835,89.005,-0.587,-0.66%,40733,40571
DXH18,2018-02-15,88.89,88.89,88.445,88.505,-0.5,-0.56%,28575,40752
DXH18,2018-02-16,88.5,89.15,88.15,89.013,0.508,+0.57%,26594,40561
DXH18,2018-02-19,89.005,89.355,88.865,89.013,0,0.00%,11625,40094
DXH18,2018-02-20,89.165,89.72,89.155,89.636,0.623,+0.70%,18515,39428
DXH18,2018-02-21,89.675,90.06,89.49,89.913,0.277,+0.31%,23841,39201
DXH18,2018-02-22,90.055,90.17,89.56,89.656,-0.257,-0.29%,24479,38949
DXH18,2018-02-23,89.705,89.99,89.69,89.808,0.152,+0.17%,16829,38884
DXH18,2018-02-26,89.88,90,89.425,89.79,-0.018,-0.02%,21498,38760
DXH18,2018-02-27,89.675,90.435,89.62,90.28,0.49,+0.55%,31270,37902
DXH18,2018-02-28,90.305,90.65,90.245,90.551,0.271,+0.30%,25360,37956
DXH18,2018-03-01,90.655,90.885,90.16,90.281,-0.27,-0.30%,41046,36306
DXH18,2018-03-02,90.2,90.26,89.835,89.906,-0.375,-0.42%,26978,36638
DXH18,2018-03-05,89.83,90.19,89.65,90.041,0.135,+0.15%,25444,36439
DXH18,2018-03-06,89.92,90.035,89.47,89.59,-0.451,-0.50%,36713,37639
DXH18,2018-03-07,89.49,89.745,89.33,89.607,0.017,+0.02%,24908,37405
DXH18,2018-03-08,89.585,90.215,89.42,90.156,0.549,+0.61%,33742,36910
DXH18,2018-03-09,90.175,90.365,89.965,90.065,-0.091,-0.10%,30068,34462
DXH18,2018-03-12,90.065,90.165,89.815,89.867,-0.198,-0.22%,35546,34066
DXH18,2018-03-13,89.87,90.09,89.565,89.643,-0.224,-0.25%,33068,35920
DXH18,2018-03-14,89.685,89.875,89.54,89.687,0.044,+0.05%,39166,37948
DXM18,2018-03-15,89.255,89.705,89.145,89.681,-0.006,-0.01%,46026,35236
DXM18,2018-03-16,89.685,89.95,89.45,89.797,0.116,+0.13%,35548,31218
DXM18,2018-03-19,89.76,89.94,89.32,89.332,-0.465,-0.52%,25883,30779
DXM18,2018-03-20,89.47,90.025,89.41,89.954,0.622,+0.70%,18176,29866
DXM18,2018-03-21,89.98,89.985,89.215,89.369,-0.585,-0.65%,33005,31385
DXM18,2018-03-22,89.265,89.575,88.99,89.473,0.104,+0.12%,26429,30121
DXM18,2018-03-23,89.325,89.345,88.975,89.033,-0.44,-0.49%,22780,32080
DXM18,2018-03-26,89.04,89.105,88.56,88.604,-0.429,-0.48%,25907,36719
DXM18,2018-03-27,88.625,89.25,88.53,88.983,0.379,+0.43%,25109,35691
DXM18,2018-03-28,88.97,89.82,88.895,89.719,0.736,+0.83%,32825,32061
DXM18,2018-03-29,89.725,89.84,89.575,89.812,0.093,+0.10%,17963,32039
DXM18,2018-04-02,89.68,89.81,89.41,89.706,-0.106,-0.12%,13335,31638
DXM18,2018-04-03,89.73,89.945,89.515,89.859,0.153,+0.17%,19845,31226
DXM18,2018-04-04,89.8,89.895,89.57,89.783,-0.076,-0.08%,15220,31232
DXM18,2018-04-05,89.745,90.27,89.74,90.154,0.371,+0.41%,25869,31150
DXM18,2018-04-06,90.07,90.295,89.745,89.782,-0.372,-0.41%,22737,31116
DXM18,2018-04-09,89.85,89.98,89.51,89.534,-0.248,-0.28%,22466,32744
DXM18,2018-04-10,89.545,89.665,89.23,89.28,-0.254,-0.28%,22043,33497
DXM18,2018-04-11,89.28,89.365,89.02,89.253,-0.027,-0.03%,18710,33978
DXM18,2018-04-12,89.21,89.675,89.16,89.456,0.203,+0.23%,23830,33105
DXM18,2018-04-13,89.46,89.59,89.37,89.503,0.047,+0.05%,12864,33274
DXM18,2018-04-16,89.5,89.555,89.085,89.135,-0.368,-0.41%,17198,34461
DXM18,2018-04-17,89.115,89.385,88.945,89.228,0.093,+0.10%,15098,34609
DXM18,2018-04-18,89.225,89.5,89.165,89.347,0.119,+0.13%,19847,34891
DXM18,2018-04-19,89.355,89.71,89.235,89.695,0.348,+0.39%,24816,33013
DXM18,2018-04-20,89.655,90.245,89.64,90.075,0.38,+0.42%,32582,31284
DXM18,2018-04-23,90.14,90.75,90.08,90.705,0.63,+0.70%,31390,33314
DXM18,2018-04-24,90.695,90.85,90.475,90.537,-0.168,-0.19%,24629,32114
DXM18,2018-04-25,90.54,91.035,90.515,90.953,0.416,+0.46%,26642,33213
DXM18,2018-04-26,91.005,91.44,90.745,91.365,0.412,+0.45%,39220,33598
DXM18,2018-04-27,91.385,91.79,91.29,91.343,-0.022,-0.02%,30798,32593
DXM18,2018-04-30,91.345,91.71,91.28,91.63,0.287,+0.31%,23635,33086
DXM18,2018-05-01,91.62,92.37,91.595,92.255,0.625,+0.68%,27635,35440
DXM18,2018-05-02,92.295,92.665,92.04,92.339,0.084,+0.09%,39051,37260
DXM18,2018-05-03,92.59,92.6,92.185,92.251,-0.088,-0.10%,23182,36875
DXM18,2018-05-04,92.27,92.755,92.19,92.408,0.157,+0.17%,25611,36613
DXM18,2018-05-07,92.415,92.825,92.29,92.592,0.184,+0.20%,19493,37005
DXM18,2018-05-08,92.555,93.135,92.505,92.958,0.366,+0.40%,30231,37324
DXM18,2018-05-09,92.905,93.26,92.695,92.884,-0.074,-0.08%,26715,36926
DXM18,2018-05-10,93.005,93.03,92.39,92.516,-0.368,-0.40%,35100,37296
DXM18,2018-05-11,92.605,92.71,92.235,92.411,-0.105,-0.11%,20583,38486
DXM18,2018-05-14,92.425,92.55,92.115,92.462,0.051,+0.06%,18245,39142
DXM18,2018-05-15,92.53,93.345,92.48,93.093,0.631,+0.68%,30691,40239
DXM18,2018-05-16,93.22,93.515,93.015,93.281,0.188,+0.20%,29017,40303
DXM18,2018-05-17,93.195,93.48,93.005,93.375,0.094,+0.10%,22039,40540
DXM18,2018-05-18,93.44,93.74,93.24,93.544,0.169,+0.18%,19847,40796
DXM18,2018-05-21,93.585,93.965,93.42,93.581,0.037,+0.04%,23838,40510
DXM18,2018-05-22,93.46,93.65,93.2,93.526,-0.055,-0.06%,21421,42065
DXM18,2018-05-23,93.45,94.115,93.425,93.918,0.392,+0.42%,29733,42093
DXM18,2018-05-24,93.85,93.91,93.545,93.701,-0.217,-0.23%,23371,42974
DXM18,2018-05-25,93.735,94.24,93.69,94.13,0.429,+0.46%,23561,44091
DXM18,2018-05-28,94.06,94.435,93.805,94.13,0,0.00%,15806,45533
DXM18,2018-05-29,94.345,94.975,94.235,94.789,0.659,+0.70%,36796,45941
DXM18,2018-05-30,94.8,94.925,93.985,94.115,-0.674,-0.71%,38616,44606
DXM18,2018-05-31,94.05,94.215,93.69,93.959,-0.156,-0.17%,33921,45375
DXM18,2018-06-01,93.96,94.435,93.855,94.169,0.21,+0.22%,30508,45161
DXM18,2018-06-04,94.165,94.165,93.63,93.986,-0.183,-0.19%,18575,45708
DXM18,2018-06-05,93.985,94.295,93.755,93.871,-0.115,-0.12%,21808,44949
DXM18,2018-06-06,93.805,93.865,93.385,93.634,-0.237,-0.25%,27546,44708
DXM18,2018-06-07,93.585,93.585,93.19,93.376,-0.258,-0.28%,20699,44949
DXM18,2018-06-08,93.47,93.825,93.38,93.537,0.161,+0.17%,21687,45312
DXM18,2018-06-11,93.51,93.67,93.355,93.56,0.023,+0.02%,27695,46423
DXM18,2018-06-12,93.68,93.915,93.455,93.801,0.241,+0.26%,30663,49907
DXM18,2018-06-13,93.815,94.04,93.52,93.699,-0.102,-0.11%,63394,57058
DXU18,2018-06-14,93.14,94.605,92.82,94.426,0.727,+0.78%,88564,62541
DXU18,2018-06-15,94.62,94.82,94.31,94.447,0.021,+0.02%,46493,65796
DXU18,2018-06-18,94.495,94.705,94.375,94.457,0.01,+0.01%,14981,47537
DXU18,2018-06-19,94.345,94.945,94.175,94.729,0.272,+0.29%,26987,46993
DXU18,2018-06-20,94.645,94.985,94.585,94.716,-0.013,-0.01%,16305,47425
DXU18,2018-06-21,94.79,95.22,94.34,94.404,-0.312,-0.33%,28676,48181
DXU18,2018-06-22,94.55,94.55,94.095,94.18,-0.224,-0.24%,18384,47294
DXU18,2018-06-25,94.15,94.365,93.865,93.939,-0.241,-0.26%,16440,47248
DXU18,2018-06-26,93.95,94.455,93.83,94.346,0.407,+0.43%,15443,47596
DXU18,2018-06-27,94.375,95.11,94.2,94.969,0.623,+0.66%,20290,49522
DXU18,2018-06-28,94.97,95.255,94.79,95.096,0.127,+0.13%,19971,50050
DXU18,2018-06-29,95.025,95.055,94.195,94.349,-0.747,-0.79%,28183,48809
DXU18,2018-07-02,94.3,94.885,94.26,94.779,0.43,+0.46%,16319,50143
DXU18,2018-07-03,94.59,94.73,94.28,94.412,-0.367,-0.39%,15235,49741
DXU18,2018-07-04,94.32,94.455,94.135,94.412,0,0.00%,10876,49607
DXU18,2018-07-05,94.27,94.345,93.915,94.223,-0.189,-0.20%,14147,49130
DXU18,2018-07-06,94.125,94.235,93.575,93.769,-0.454,-0.48%,20061,48156
DXU18,2018-07-09,93.73,93.94,93.44,93.807,0.038,+0.04%,17651,47598
DXU18,2018-07-10,93.805,94.225,93.75,93.889,0.082,+0.09%,14640,47798
DXU18,2018-07-11,93.955,94.535,93.82,94.486,0.597,+0.64%,25325,49719
DXU18,2018-07-12,94.485,94.715,94.4,94.564,0.078,+0.08%,14881,48925
DXU18,2018-07-13,94.64,95,94.43,94.5,-0.064,-0.07%,17710,47603
DXU18,2018-07-16,94.455,94.52,94.15,94.272,-0.228,-0.24%,12095,48048
DXU18,2018-07-17,94.29,94.855,94.04,94.704,0.432,+0.46%,18859,49216
DXU18,2018-07-18,94.8,95.18,94.72,94.811,0.107,+0.11%,27687,46697
DXU18,2018-07-19,94.82,95.44,94.665,94.942,0.131,+0.14%,40646,52693
DXU18,2018-07-20,94.905,95.095,94.125,94.226,-0.716,-0.75%,35153,52514
DXU18,2018-07-23,94.195,94.49,93.97,94.44,0.214,+0.23%,15964,52535
DXU18,2018-07-24,94.425,94.635,94.165,94.388,-0.052,-0.06%,13431,52289
DXU18,2018-07-25,94.375,94.45,93.905,94.129,-0.259,-0.27%,19555,51676
DXU18,2018-07-26,93.94,94.58,93.87,94.544,0.415,+0.44%,22751,53402
DXU18,2018-07-27,94.545,94.7,94.42,94.46,-0.084,-0.09%,16120,54076
DXU18,2018-07-30,94.485,94.555,94.04,94.111,-0.349,-0.37%,12525,53461
DXU18,2018-07-31,94.12,94.365,93.94,94.275,0.164,+0.17%,15588,53060
DXU18,2018-08-01,94.355,94.515,94.29,94.428,0.153,+0.16%,10758,53261
DXU18,2018-08-02,94.45,95.02,94.42,94.987,0.559,+0.59%,20709,54052
DXU18,2018-08-03,95.01,95.195,94.795,94.961,-0.026,-0.03%,22982,52132
DXU18,2018-08-06,95.045,95.35,95.03,95.187,0.226,+0.24%,15326,53169
DXU18,2018-08-07,95.17,95.225,94.81,95.046,-0.141,-0.15%,15284,53915
DXU18,2018-08-08,94.99,95.25,94.82,94.89,-0.156,-0.16%,17076,54790
DXU18,2018-08-09,94.955,95.485,94.87,95.355,0.465,+0.49%,19375,55176
DXU18,2018-08-10,95.48,96.31,95.385,96.218,0.863,+0.91%,43668,54244
DXU18,2018-08-13,96.25,96.39,96.02,96.251,0.033,+0.03%,20711,54928
DXU18,2018-08-14,96.21,96.67,96.02,96.605,0.354,+0.37%,21445,57088
DXU18,2018-08-15,96.55,96.865,96.53,96.577,-0.028,-0.03%,19330,56887
DXU18,2018-08-16,96.615,96.665,96.205,96.536,-0.041,-0.04%,20002,57473
DXU18,2018-08-17,96.5,96.56,95.97,95.981,-0.555,-0.57%,17750,56772
DXU18,2018-08-20,96.05,96.3,95.655,95.789,-0.192,-0.20%,18838,57084
DXU18,2018-08-21,95.625,95.66,94.96,95.15,-0.639,-0.67%,25898,55935
DXU18,2018-08-22,95.095,95.28,94.83,95.051,-0.099,-0.10%,18904,55899
DXU18,2018-08-23,95.08,95.625,95.08,95.583,0.532,+0.56%,18948,55777
DXU18,2018-08-24,95.57,95.61,94.935,95.063,-0.52,-0.54%,23950,54904
DXU18,2018-08-27,95.08,95.23,94.595,94.684,-0.379,-0.40%,19721,53396
DXU18,2018-08-28,94.66,94.825,94.34,94.635,-0.049,-0.05%,19643,52802
DXU18,2018-08-29,94.63,94.86,94.44,94.522,-0.113,-0.12%,19285,53280
DXU18,2018-08-30,94.455,94.85,94.395,94.679,0.157,+0.17%,22201,56327
DXU18,2018-08-31,94.655,95.17,94.485,95.083,0.404,+0.43%,22789,56940
DXU18,2018-09-03,95.115,95.175,94.945,95.083,0,0.00%,6970,57379
DXU18,2018-09-04,95.105,95.68,95.085,95.38,0.297,+0.31%,25846,55783
DXU18,2018-09-05,95.35,95.62,94.995,95.124,-0.256,-0.27%,30892,57575
DXU18,2018-09-06,95.04,95.175,94.88,94.988,-0.136,-0.14%,18425,60190
DXU18,2018-09-07,95,95.42,94.83,95.329,0.341,+0.36%,28553,56464
DXU18,2018-09-10,95.385,95.54,94.985,95.11,-0.219,-0.23%,33848,55238
DXU18,2018-09-11,95.13,95.33,94.845,95.225,0.115,+0.12%,45264,58932
DXU18,2018-09-12,95.11,95.27,94.705,94.768,-0.457,-0.48%,50980,62896
DXZ18,2018-09-13,94.445,94.545,93.985,94.097,-0.671,-0.71%,61375,74430
DXZ18,2018-09-14,94.115,94.575,93.92,94.505,0.408,+0.43%,36637,75815
DXZ18,2018-09-17,94.555,94.565,94.005,94.076,-0.429,-0.45%,13992,56829
DXZ18,2018-09-18,94.18,94.32,93.88,94.227,0.151,+0.16%,19170,56887
DXZ18,2018-09-19,94.15,94.325,93.91,94.119,-0.108,-0.11%,15404,57419
DXZ18,2018-09-20,94.165,94.165,93.405,93.491,-0.628,-0.67%,28571,56554
DXZ18,2018-09-21,93.49,93.93,93.395,93.798,0.307,+0.33%,23454,53678
DXZ18,2018-09-24,93.795,93.95,93.415,93.775,-0.023,-0.02%,16864,52869
DXZ18,2018-09-25,93.82,93.96,93.59,93.711,-0.064,-0.07%,14890,52751
DXZ18,2018-09-26,93.76,94,93.52,93.773,0.062,+0.07%,21193,52950
DXZ18,2018-09-27,93.89,94.62,93.81,94.524,0.751,+0.80%,27475,54020
DXZ18,2018-09-28,94.63,94.985,94.55,94.737,0.213,+0.23%,23567,51409
DXZ18,2018-10-01,94.71,95,94.605,94.929,0.192,+0.20%,14982,52820
DXZ18,2018-10-02,94.92,95.39,94.895,95.14,0.211,+0.22%,26722,53364
DXZ18,2018-10-03,95.115,95.745,94.885,95.406,0.266,+0.28%,21612,54186
DXZ18,2018-10-04,95.715,95.78,95.19,95.412,0.006,+0.01%,25348,53700
DXZ18,2018-10-05,95.41,95.625,95.175,95.305,-0.107,-0.11%,23144,55432
DXZ18,2018-10-08,95.3,95.705,95.26,95.436,0.131,+0.14%,12206,56115
DXZ18,2018-10-09,95.425,95.84,95.31,95.346,-0.09,-0.09%,21828,58150
DXZ18,2018-10-10,95.305,95.47,95.05,95.177,-0.169,-0.18%,20299,59356
DXZ18,2018-10-11,95.12,95.125,94.665,94.706,-0.471,-0.49%,29494,55243
DXZ18,2018-10-12,94.715,95.055,94.64,94.911,0.205,+0.22%,16594,54804
DXZ18,2018-10-15,95.005,95.06,94.635,94.754,-0.157,-0.17%,13845,55140
DXZ18,2018-10-16,94.755,94.9,94.47,94.748,-0.006,-0.01%,15824,54917
DXZ18,2018-10-17,94.795,95.375,94.77,95.297,0.549,+0.58%,25285,56551
DXZ18,2018-10-18,95.365,95.735,95.21,95.638,0.341,+0.36%,23643,57244
DXZ18,2018-10-19,95.695,95.83,95.275,95.443,-0.195,-0.20%,26688,57297
DXZ18,2018-10-22,95.385,95.84,95.205,95.749,0.306,+0.32%,16970,58013
DXZ18,2018-10-23,95.775,95.92,95.545,95.713,-0.036,-0.04%,22979,59274
DXZ18,2018-10-24,95.71,96.305,95.665,96.182,0.469,+0.49%,28618,57619
DXZ18,2018-10-25,96.12,96.5,95.975,96.455,0.273,+0.28%,28551,60487
DXZ18,2018-10-26,96.35,96.62,96.05,96.128,-0.327,-0.34%,28776,59120
DXZ18,2018-10-29,96.225,96.475,96.115,96.35,0.222,+0.23%,24492,59447
DXZ18,2018-10-30,96.44,96.805,96.395,96.791,0.441,+0.46%,16695,60318
DXZ18,2018-10-31,96.78,96.98,96.655,96.901,0.11,+0.11%,22955,60533
DXZ18,2018-11-01,96.885,96.91,96,96.081,-0.82,-0.85%,30118,59546
DXZ18,2018-11-02,96.13,96.405,95.795,96.343,0.262,+0.27%,31780,58390
DXZ18,2018-11-05,96.275,96.51,96.045,96.083,-0.26,-0.27%,16985,58344
DXZ18,2018-11-06,96.115,96.255,95.95,96.117,0.034,+0.04%,14240,57888
DXZ18,2018-11-07,95.765,96.285,95.485,95.807,-0.31,-0.32%,34366,58226
DXZ18,2018-11-08,95.995,96.58,95.895,96.55,0.743,+0.78%,18066,58180
DXZ18,2018-11-09,96.475,96.85,96.455,96.734,0.184,+0.19%,16188,58058
DXZ18,2018-11-12,96.875,97.53,96.8,97.382,0.648,+0.67%,21465,58658
DXZ18,2018-11-13,97.43,97.505,96.91,97.144,-0.238,-0.24%,24430,58329
DXZ18,2018-11-14,96.91,97.26,96.585,96.659,-0.485,-0.50%,38030,57360
DXZ18,2018-11-15,96.83,97.245,96.625,96.791,0.132,+0.14%,36391,57609
DXZ18,2018-11-16,96.89,96.92,96.26,96.333,-0.458,-0.47%,24155,57581
DXZ18,2018-11-19,96.275,96.435,95.985,96.066,-0.267,-0.28%,15970,57328
DXZ18,2018-11-20,96.095,96.77,95.93,96.716,0.65,+0.68%,19552,57264
DXZ18,2018-11-21,96.725,96.755,96.36,96.585,-0.131,-0.14%,23740,57106
DXZ18,2018-11-22,96.595,96.615,96.205,96.585,0,0.00%,10456,57413
DXZ18,2018-11-23,96.4,96.865,96.295,96.825,0.24,+0.25%,13905,57459
DXZ18,2018-11-26,96.805,97.005,96.56,96.979,0.154,+0.16%,11460,57421
DXZ18,2018-11-27,96.93,97.41,96.88,97.28,0.301,+0.31%,19563,57063
DXZ18,2018-11-28,97.31,97.455,96.58,96.681,-0.599,-0.62%,30365,58282
DXZ18,2018-11-29,96.78,96.93,96.545,96.699,0.018,+0.02%,19555,56748
DXZ18,2018-11-30,96.705,97.24,96.635,97.196,0.497,+0.51%,18360,57635
DXZ18,2018-12-03,97.055,97.085,96.64,96.969,-0.227,-0.23%,16498,56599
DXZ18,2018-12-04,96.89,97.07,96.3,96.902,-0.067,-0.07%,26888,56729
DXZ18,2018-12-05,96.94,97.155,96.755,97.01,0.108,+0.11%,12921,57495
DXZ18,2018-12-06,96.94,97.175,96.495,96.764,-0.246,-0.25%,26285,58157
DXZ18,2018-12-07,96.755,96.89,96.465,96.476,-0.288,-0.30%,22360,58518
DXZ18,2018-12-10,96.7,97.21,96.325,97.183,0.707,+0.73%,55766,60850
DXZ18,2018-12-11,97.14,97.52,96.83,97.358,0.175,+0.18%,44087,64006
DXZ18,2018-12-12,97.36,97.47,96.855,97.018,-0.34,-0.35%,55509,68632
DXH19,2018-12-13,96.555,96.775,96.345,96.541,-0.477,-0.49%,45682,72781
DXH19,2018-12-14,96.56,97.195,96.555,96.91,0.369,+0.38%,34199,73305
DXH19,2018-12-17,96.89,96.94,96.505,96.55,-0.36,-0.37%,12715,51538
DXH19,2018-12-18,96.605,96.645,96.155,96.57,0.02,+0.02%,13590,50790
DXH19,2018-12-19,96.39,96.565,95.995,96.484,-0.086,-0.09%,20186,50214
DXH19,2018-12-20,96.455,96.515,95.63,95.728,-0.756,-0.78%,31603,50792
DXH19,2018-12-21,95.875,96.56,95.73,96.455,0.727,+0.76%,20341,49894
DXH19,2018-12-24,96.44,96.44,95.87,96.007,-0.448,-0.46%,13963,50245
DXH19,2018-12-26,96.1,96.65,96.02,96.568,0.561,+0.58%,15724,49757
DXH19,2018-12-27,96.46,96.495,95.935,96.001,-0.567,-0.59%,20679,50667
DXH19,2018-12-28,96.02,96.05,95.74,95.965,-0.036,-0.04%,14193,50833
DXH19,2018-12-31,95.965,96.07,95.585,95.735,-0.23,-0.24%,16681,52699
DXH19,2019-01-02,95.69,96.56,95.375,96.423,0.688,+0.72%,32338,52606
DXH19,2019-01-03,96.35,96.37,95.775,95.878,-0.545,-0.57%,31689,56256
DXH19,2019-01-04,95.795,96.2,95.615,95.75,-0.128,-0.13%,29093,58583
DXH19,2019-01-07,95.705,95.73,95.195,95.228,-0.522,-0.55%,23484,62544
DXH19,2019-01-08,95.285,95.615,95.28,95.479,0.251,+0.26%,17259,60955
DXH19,2019-01-09,95.395,95.515,94.635,94.79,-0.689,-0.72%,29158,64313
DXH19,2019-01-10,94.73,95.215,94.635,95.12,0.33,+0.35%,22401,64932
DXH19,2019-01-11,95.07,95.365,94.78,95.266,0.146,+0.15%,21276,64556
DXH19,2019-01-14,95.225,95.325,95.08,95.207,-0.059,-0.06%,16380,63522
DXH19,2019-01-15,95.155,95.895,95.07,95.675,0.468,+0.49%,28909,61790
DXH19,2019-01-16,95.55,95.795,95.48,95.677,0.002,0.00%,14477,60999
DXH19,2019-01-17,95.71,95.925,95.625,95.713,0.036,+0.04%,17679,61112
DXH19,2019-01-18,95.72,96.05,95.665,95.993,0.28,+0.29%,15955,60052
DXH19,2019-01-21,96,96.1,95.86,95.993,0,0.00%,4918,60157
DXH19,2019-01-22,96.005,96.15,95.87,95.959,-0.034,-0.04%,10707,59999
DXH19,2019-01-23,95.96,96.045,95.705,95.772,-0.187,-0.19%,15836,60468
DXH19,2019-01-24,95.74,96.375,95.715,96.297,0.525,+0.55%,34201,58653
DXH19,2019-01-25,96.2,96.235,95.4,95.465,-0.832,-0.86%,30906,62957
DXH19,2019-01-28,95.45,95.595,95.315,95.424,-0.041,-0.04%,11975,62127
DXH19,2019-01-29,95.435,95.56,95.305,95.516,0.092,+0.10%,14938,60968
DXH19,2019-01-30,95.485,95.69,94.945,95.031,-0.485,-0.51%,22762,62276
DXH19,2019-01-31,95.075,95.345,94.875,95.304,0.273,+0.29%,23748,60483
DXH19,2019-02-01,95.29,95.4,95.11,95.3,-0.004,0.00%,15889,60366
DXH19,2019-02-04,95.31,95.655,95.305,95.57,0.27,+0.28%,11936,60960
DXH19,2019-02-05,95.585,95.865,95.54,95.817,0.247,+0.26%,18540,57842
DXH19,2019-02-06,95.82,96.185,95.785,96.152,0.335,+0.35%,13956,56705
DXH19,2019-02-07,96.155,96.455,96.155,96.289,0.137,+0.14%,15726,57089
DXH19,2019-02-08,96.335,96.49,96.235,96.416,0.127,+0.13%,12542,56880
DXH19,2019-02-11,96.43,96.915,96.41,96.857,0.441,+0.46%,17841,56966
DXH19,2019-02-12,96.87,97,96.445,96.503,-0.354,-0.37%,18698,56543
DXH19,2019-02-13,96.53,96.995,96.44,96.938,0.435,+0.45%,18413,57204
DXH19,2019-02-14,97,97.12,96.77,96.805,-0.133,-0.14%,24300,59206
DXH19,2019-02-15,96.87,97.23,96.66,96.74,-0.065,-0.07%,18593,58834
DXH19,2019-02-18,96.77,96.77,96.485,96.74,0,0.00%,7399,58755
DXH19,2019-02-19,96.665,96.93,96.25,96.349,-0.391,-0.40%,21711,59109
DXH19,2019-02-20,96.335,96.495,96.12,96.294,-0.055,-0.06%,19200,58887
DXH19,2019-02-21,96.355,96.54,96.21,96.463,0.169,+0.18%,18595,58475
DXH19,2019-02-22,96.465,96.65,96.28,96.367,-0.096,-0.10%,15985,60149
DXH19,2019-02-25,96.38,96.47,96.18,96.271,-0.096,-0.10%,15285,62005
DXH19,2019-02-26,96.255,96.345,95.81,95.865,-0.406,-0.42%,19391,64599
DXH19,2019-02-27,95.915,96.07,95.755,96.038,0.173,+0.18%,14414,63518
DXH19,2019-02-28,96.005,96.195,95.715,96.043,0.005,+0.01%,22525,60974
DXH19,2019-03-01,96.165,96.475,95.96,96.45,0.407,+0.42%,31728,58806
DXH19,2019-03-04,96.295,96.745,96.255,96.61,0.16,+0.17%,16948,54971
DXH19,2019-03-05,96.615,96.95,96.585,96.795,0.185,+0.19%,15596,54897
DXH19,2019-03-06,96.83,96.94,96.705,96.799,0.004,0.00%,33671,56224
DXH19,2019-03-07,96.785,97.665,96.765,97.628,0.829,+0.86%,33671,58713
DXH19,2019-03-08,97.55,97.595,97.18,97.269,-0.359,-0.37%,32981,60117
DXH19,2019-03-11,97.35,97.41,97.115,97.174,-0.095,-0.10%,26038,61077
DXH19,2019-03-12,97,97.245,96.8,96.899,-0.275,-0.28%,36223,60235
DXH19,2019-03-13,96.975,96.985,96.345,96.512,-0.387,-0.40%,52370,59542
DXM19,2019-03-14,95.955,96.27,95.94,96.239,-0.273,-0.28%,39728,57393
DXM19,2019-03-15,96.195,96.25,95.935,96.05,-0.189,-0.20%,21686,56168
DXM19,2019-03-18,95.995,96.09,95.83,95.983,-0.067,-0.07%,7976,44422
DXM19,2019-03-19,95.97,95.975,95.73,95.831,-0.152,-0.16%,9663,44215
DXM19,2019-03-20,95.84,96.03,95.17,95.201,-0.63,-0.66%,25820,46291
DXM19,2019-03-21,95.38,96.125,95.295,95.987,0.786,+0.83%,28929,42416
DXM19,2019-03-22,95.84,96.29,95.695,96.151,0.164,+0.17%,20741,42680
DXM19,2019-03-25,96.145,96.19,95.895,96.068,-0.083,-0.09%,11780,43089
DXM19,2019-03-26,95.99,96.335,95.94,96.225,0.157,+0.16%,10866,42802
DXM19,2019-03-27,96.25,96.49,96.19,96.283,0.058,+0.06%,11373,43073
DXM19,2019-03-28,96.485,96.855,96.36,96.764,0.481,+0.50%,21210,46673
DXM19,2019-03-29,96.765,96.91,96.565,96.845,0.081,+0.08%,16038,48328
DXM19,2019-04-01,96.795,96.87,96.58,96.799,-0.046,-0.05%,14258,49759
DXM19,2019-04-02,96.895,97.095,96.825,96.923,0.124,+0.13%,14138,50702
DXM19,2019-04-03,96.885,96.89,96.525,96.662,-0.261,-0.27%,12601,49959
DXM19,2019-04-04,96.62,96.945,96.605,96.925,0.263,+0.27%,16692,50636
DXM19,2019-04-05,96.92,97.075,96.7,97.002,0.077,+0.08%,10293,50625
DXM19,2019-04-08,97,97.02,96.575,96.65,-0.352,-0.36%,12513,51194
DXM19,2019-04-09,96.675,96.7,96.46,96.611,-0.039,-0.04%,9493,50845
DXM19,2019-04-10,96.6,96.84,96.405,96.558,-0.053,-0.05%,13683,49736
DXM19,2019-04-11,96.525,96.86,96.5,96.809,0.251,+0.26%,10231,52033
DXM19,2019-04-12,96.8,96.815,96.365,96.598,-0.211,-0.22%,16081,49477
DXM19,2019-04-15,96.58,96.58,96.405,96.556,-0.042,-0.04%,10000,48717
DXM19,2019-04-16,96.545,96.73,96.5,96.652,0.096,+0.10%,14731,49887
DXM19,2019-04-17,96.73,96.785,96.46,96.658,0.006,+0.01%,10779,49469
DXM19,2019-04-18,96.695,97.29,96.62,97.151,0.493,+0.51%,17206,53763
DXM19,2019-04-22,97.085,97.1,96.92,96.955,-0.196,-0.20%,6256,53633
DXM19,2019-04-23,96.97,97.46,96.955,97.32,0.365,+0.38%,12282,56644
DXM19,2019-04-24,97.265,97.88,97.265,97.855,0.535,+0.55%,20133,59064
DXM19,2019-04-25,97.8,98.055,97.715,97.919,0.064,+0.07%,16768,60291
DXM19,2019-04-26,97.88,98.085,97.56,97.726,-0.193,-0.20%,14737,60125
DXM19,2019-04-29,97.75,97.84,97.545,97.581,-0.145,-0.15%,8452,60260
DXM19,2019-04-30,97.575,97.625,97.17,97.201,-0.38,-0.39%,16463,58985
DXM19,2019-05-01,97.23,97.46,96.87,97.41,0.209,+0.22%,18152,57604
DXM19,2019-05-02,97.355,97.595,97.255,97.586,0.176,+0.18%,14430,59488
DXM19,2019-05-03,97.575,97.865,97.185,97.26,-0.326,-0.33%,13067,59018
DXM19,2019-05-06,97.335,97.465,97.225,97.268,0.008,+0.01%,9305,58960
DXM19,2019-05-07,97.285,97.51,97.135,97.399,0.131,+0.13%,17231,54810
DXM19,2019-05-08,97.345,97.44,97.18,97.388,-0.011,-0.01%,13567,53486
DXM19,2019-05-09,97.37,97.49,97.01,97.164,-0.224,-0.23%,17653,51848
DXM19,2019-05-10,97.245,97.245,96.905,97.125,-0.039,-0.04%,14413,49904
DXM19,2019-05-13,97.11,97.195,96.81,97.12,-0.005,-0.01%,17274,47599
DXM19,2019-05-14,97.115,97.36,97.075,97.322,0.202,+0.21%,9071,48083
DXM19,2019-05-15,97.345,97.515,97.24,97.376,0.054,+0.06%,13676,47872
DXM19,2019-05-16,97.355,97.715,97.265,97.678,0.302,+0.31%,12164,50113
DXM19,2019-05-17,97.665,97.86,97.59,97.824,0.146,+0.15%,8678,49853
DXM19,2019-05-20,97.845,97.875,97.72,97.764,-0.06,-0.06%,7344,50617
DXM19,2019-05-21,97.79,97.975,97.635,97.896,0.132,+0.14%,14904,51830
DXM19,2019-05-22,97.87,97.97,97.73,97.881,-0.015,-0.02%,7616,51360
DXM19,2019-05-23,97.95,98.26,97.665,97.723,-0.158,-0.16%,19613,49396
DXM19,2019-05-24,97.72,97.775,97.41,97.477,-0.246,-0.25%,10070,48704
DXM19,2019-05-27,97.43,97.665,97.42,97.477,0,0.00%,3076,48928
DXM19,2019-05-28,97.605,97.865,97.57,97.842,0.365,+0.37%,13294,50088
DXM19,2019-05-29,97.795,98.1,97.75,98.035,0.193,+0.20%,12625,50589
DXM19,2019-05-30,98.04,98.195,98,98.053,0.018,+0.02%,7449,51498
DXM19,2019-05-31,98.085,98.085,97.63,97.666,-0.387,-0.39%,19561,49359
DXM19,2019-06-03,97.7,97.72,97.015,97.06,-0.606,-0.62%,30643,48745
DXM19,2019-06-04,97.135,97.275,96.9,96.999,-0.061,-0.06%,26715,46897
DXM19,2019-06-05,97.055,97.305,96.655,97.251,0.252,+0.26%,26814,44486
DXM19,2019-06-06,97.265,97.39,96.72,96.997,-0.254,-0.26%,30143,44058
DXM19,2019-06-07,96.965,97.13,96.405,96.49,-0.507,-0.52%,35729,45310
DXM19,2019-06-10,96.58,96.895,96.575,96.711,0.221,+0.23%,36063,47871
DXM19,2019-06-11,96.7,96.86,96.605,96.645,-0.066,-0.07%,29685,49167
DXM19,2019-06-12,96.67,96.99,96.545,96.97,0.325,+0.34%,36321,46956
DXU19,2019-06-13,96.46,96.57,96.345,96.509,-0.461,-0.48%,52827,54482
DXU19,2019-06-14,96.53,97.085,96.44,97.065,0.556,+0.58%,56512,62335
DXU19,2019-06-17,97.055,97.095,96.82,97.052,-0.013,-0.01%,11300,44105
DXU19,2019-06-18,97.02,97.265,96.885,97.153,0.101,+0.10%,23637,47012
DXU19,2019-06-19,97.165,97.205,96.515,96.582,-0.571,-0.59%,29423,47167
DXU19,2019-06-20,96.695,96.705,96.045,96.138,-0.444,-0.46%,26024,46050
DXU19,2019-06-21,96.14,96.235,95.645,95.718,-0.42,-0.44%,30716,47164
DXU19,2019-06-24,95.67,95.715,95.465,95.487,-0.231,-0.24%,22646,45127
DXU19,2019-06-25,95.5,95.875,95.365,95.648,0.161,+0.17%,24398,45093
DXU19,2019-06-26,95.68,95.85,95.565,95.728,0.08,+0.08%,13283,43060
DXU19,2019-06-27,95.705,95.92,95.67,95.742,0.014,+0.01%,10777,43218
DXU19,2019-06-28,95.74,95.845,95.56,95.666,-0.076,-0.08%,14593,45255
DXU19,2019-07-01,95.775,96.425,95.775,96.409,0.743,+0.78%,21606,42314
DXU19,2019-07-02,96.37,96.455,96.15,96.274,-0.135,-0.14%,12626,42805
DXU19,2019-07-03,96.27,96.435,96.12,96.331,0.057,+0.06%,9822,42877
DXU19,2019-07-04,96.29,96.39,96.235,96.331,0,0.00%,3056,42576
DXU19,2019-07-05,96.315,97.04,96.315,96.89,0.559,+0.58%,24832,38912
DXU19,2019-07-08,96.84,97.02,96.765,96.984,0.094,+0.10%,10801,39910
DXU19,2019-07-09,96.98,97.195,96.97,97.095,0.111,+0.11%,9726,41935
DXU19,2019-07-10,97.155,97.165,96.64,96.703,-0.392,-0.40%,18180,42257
DXU19,2019-07-11,96.675,96.775,96.415,96.666,-0.037,-0.04%,15629,43741
DXU19,2019-07-12,96.735,96.735,96.405,96.424,-0.242,-0.25%,10455,43681
DXU19,2019-07-15,96.45,96.595,96.375,96.545,0.121,+0.13%,8638,43068
DXU19,2019-07-16,96.57,97.08,96.54,97.041,0.496,+0.51%,21955,42480
DXU19,2019-07-17,97.03,97.1,96.8,96.853,-0.188,-0.19%,14062,40986
DXU19,2019-07-18,96.855,96.93,96.32,96.449,-0.404,-0.42%,22373,43911
DXU19,2019-07-19,96.465,96.975,96.415,96.817,0.368,+0.38%,21868,40435
DXU19,2019-07-22,96.785,96.985,96.785,96.94,0.123,+0.13%,6932,40811
DXU19,2019-07-23,97.005,97.46,96.985,97.418,0.478,+0.49%,23124,48047
DXU19,2019-07-24,97.435,97.57,97.26,97.452,0.034,+0.03%,14499,50144
DXU19,2019-07-25,97.415,97.65,97.22,97.552,0.1,+0.10%,25118,52021
DXU19,2019-07-26,97.535,97.835,97.505,97.751,0.199,+0.20%,12038,53902
DXU19,2019-07-29,97.72,97.905,97.64,97.796,0.045,+0.05%,9347,54773
DXU19,2019-07-30,97.84,97.96,97.765,97.809,0.013,+0.01%,9377,55829
DXU19,2019-07-31,97.805,98.445,97.755,98.258,0.449,+0.46%,28022,57207
DXU19,2019-08-01,98.365,98.7,98.04,98.144,-0.114,-0.12%,26930,57318
DXU19,2019-08-02,98.19,98.225,97.815,97.852,-0.292,-0.30%,18402,57295
DXU19,2019-08-05,97.9,97.93,97.19,97.308,-0.544,-0.56%,27113,54531
DXU19,2019-08-06,97.08,97.565,96.98,97.417,0.109,+0.11%,20398,55694
DXU19,2019-08-07,97.37,97.535,97.115,97.345,-0.072,-0.07%,16028,55554
DXU19,2019-08-08,97.42,97.565,97.215,97.434,0.089,+0.09%,16875,55414
DXU19,2019-08-09,97.405,97.465,97.175,97.322,-0.112,-0.11%,15897,51895
DXU19,2019-08-12,97.37,97.55,97.13,97.198,-0.124,-0.13%,13199,51883
DXU19,2019-08-13,97.22,97.69,97.125,97.631,0.433,+0.45%,27798,55000
DXU19,2019-08-14,97.61,97.895,97.5,97.826,0.195,+0.20%,15438,55827
DXU19,2019-08-15,97.815,98.095,97.68,98.005,0.179,+0.18%,17158,55683
DXU19,2019-08-16,98.005,98.205,97.965,98.007,0.002,0.00%,10788,55797
DXU19,2019-08-19,98.06,98.27,98.005,98.221,0.214,+0.22%,9338,57018
DXU19,2019-08-20,98.24,98.335,97.99,98.063,-0.158,-0.16%,11631,56089
DXU19,2019-08-21,98.075,98.225,98,98.179,0.116,+0.12%,9470,56554
DXU19,2019-08-22,98.155,98.29,97.965,98.064,-0.115,-0.12%,13740,56755
DXU19,2019-08-23,98.095,98.455,97.455,97.53,-0.534,-0.54%,30200,55144
DXU19,2019-08-26,97.46,97.995,97.37,97.989,0.459,+0.47%,19173,55218
DXU19,2019-08-27,97.915,97.96,97.765,97.907,-0.082,-0.08%,9918,55277
DXU19,2019-08-28,97.94,98.18,97.92,98.12,0.213,+0.22%,10691,55906
DXU19,2019-08-29,98.135,98.485,98.1,98.455,0.335,+0.34%,20399,58858
DXU19,2019-08-30,98.355,98.97,98.345,98.86,0.405,+0.41%,20414,61077
DXU19,2019-09-02,98.795,99.085,98.715,98.86,0,0.00%,9362,62704
DXU19,2019-09-03,99.01,99.33,98.865,98.949,0.089,+0.09%,22443,62314
DXU19,2019-09-04,98.89,98.915,98.34,98.393,-0.556,-0.56%,20158,59813
DXU19,2019-09-05,98.35,98.515,98.035,98.382,-0.011,-0.01%,17637,58579
DXU19,2019-09-06,98.4,98.48,98.14,98.362,-0.02,-0.02%,32321,58448
DXU19,2019-09-09,98.39,98.475,98.105,98.248,-0.114,-0.12%,50555,63131
DXU19,2019-09-10,98.3,98.44,98.135,98.307,0.059,+0.06%,20274,64908
DXZ19,2019-09-11,97.87,98.275,97.83,98.177,-0.13,-0.13%,48201,69661
DXZ19,2019-09-12,98.18,98.67,97.62,97.876,-0.301,-0.31%,64742,69119
DXZ19,2019-09-13,97.99,97.995,97.56,97.83,-0.046,-0.05%,26410,68193
DXZ19,2019-09-16,97.725,98.275,97.615,98.175,0.345,+0.35%,13951,56890
DXZ19,2019-09-17,98.22,98.29,97.735,97.819,-0.356,-0.36%,12695,55837
DXZ19,2019-09-18,97.75,98.27,97.75,98.134,0.315,+0.32%,14161,56498
DXZ19,2019-09-19,98.15,98.21,97.775,97.847,-0.287,-0.29%,12903,56169
DXZ19,2019-09-20,97.935,98.25,97.735,98.136,0.289,+0.30%,13524,57321
DXZ19,2019-09-23,98.145,98.455,98.07,98.221,0.085,+0.09%,13393,57523
DXZ19,2019-09-24,98.275,98.32,97.88,97.927,-0.294,-0.30%,14651,57183
DXZ19,2019-09-25,97.99,98.69,97.965,98.659,0.732,+0.75%,17356,60633
DXZ19,2019-09-26,98.595,98.915,98.45,98.765,0.106,+0.11%,13562,60568
DXZ19,2019-09-27,98.805,98.955,98.63,98.761,-0.004,0.00%,10406,60559
DXZ19,2019-09-30,98.77,99.115,98.71,99.021,0.26,+0.26%,13824,60550
DXZ19,2019-10-01,99.035,99.305,98.705,98.777,-0.244,-0.25%,23706,59045
DXZ19,2019-10-02,98.795,99.08,98.62,98.689,-0.088,-0.09%,13699,57890
DXZ19,2019-10-03,98.69,98.875,98.3,98.54,-0.149,-0.15%,17461,56666
DXZ19,2019-10-04,98.56,98.69,98.34,98.488,-0.052,-0.05%,10913,56847
DXZ19,2019-10-07,98.52,98.705,98.425,98.665,0.177,+0.18%,9110,57015
DXZ19,2019-10-08,98.665,98.955,98.54,98.822,0.157,+0.16%,14209,58016
DXZ19,2019-10-09,98.78,98.865,98.595,98.815,-0.007,-0.01%,11281,57714
DXZ19,2019-10-10,98.755,98.795,98.325,98.406,-0.409,-0.41%,18603,57050
DXZ19,2019-10-11,98.4,98.45,97.885,98.005,-0.401,-0.41%,31569,54886
DXZ19,2019-10-14,98.04,98.265,98.04,98.17,0.165,+0.17%,12174,55237
DXZ19,2019-10-15,98.19,98.375,97.915,98.003,-0.167,-0.17%,28733,54820
DXZ19,2019-10-16,98.02,98.145,97.61,97.723,-0.28,-0.29%,33203,55600
DXZ19,2019-10-17,97.74,97.845,97.22,97.335,-0.388,-0.40%,25910,53925
DXZ19,2019-10-18,97.355,97.395,96.91,97.008,-0.327,-0.34%,19116,55633
DXZ19,2019-10-21,97.06,97.13,96.885,97.05,0.042,+0.04%,14858,54651
DXZ19,2019-10-22,97.04,97.315,96.99,97.256,0.206,+0.21%,17947,53860
DXZ19,2019-10-23,97.23,97.39,97.15,97.236,-0.02,-0.02%,10441,52723
DXZ19,2019-10-24,97.215,97.555,97.055,97.405,0.169,+0.17%,18320,49720
DXZ19,2019-10-25,97.445,97.68,97.34,97.599,0.194,+0.20%,9822,49658
DXZ19,2019-10-28,97.6,97.665,97.445,97.524,-0.075,-0.08%,7911,50337
DXZ19,2019-10-29,97.525,97.7,97.38,97.469,-0.055,-0.06%,10589,49700
DXZ19,2019-10-30,97.46,97.8,97.23,97.439,-0.03,-0.03%,16622,50127
DXZ19,2019-10-31,97.255,97.255,97.015,97.154,-0.285,-0.29%,17409,51400
DXZ19,2019-11-01,97.11,97.265,96.96,97.041,-0.113,-0.12%,15004,51203
DXZ19,2019-11-04,97.03,97.38,96.975,97.366,0.325,+0.33%,11592,50226
DXZ19,2019-11-05,97.355,97.825,97.275,97.805,0.439,+0.45%,20820,47015
DXZ19,2019-11-06,97.76,97.805,97.6,97.764,-0.041,-0.04%,13062,47073
DXZ19,2019-11-07,97.78,98.075,97.66,97.989,0.225,+0.23%,16193,46107
DXZ19,2019-11-08,97.995,98.245,97.945,98.201,0.212,+0.22%,10685,45951
DXZ19,2019-11-11,98.23,98.235,97.97,98.033,-0.168,-0.17%,9043,45904
DXZ19,2019-11-12,98.075,98.27,98.055,98.151,0.118,+0.12%,8570,46188
DXZ19,2019-11-13,98.185,98.3,98.14,98.23,0.079,+0.08%,10024,46535
DXZ19,2019-11-14,98.21,98.29,97.97,98.019,-0.211,-0.21%,9535,46402
DXZ19,2019-11-15,98.01,98.11,97.83,97.871,-0.148,-0.15%,7287,45831
DXZ19,2019-11-18,97.87,97.87,97.55,97.663,-0.208,-0.21%,13004,46179
DXZ19,2019-11-19,97.715,97.77,97.635,97.742,0.079,+0.08%,7222,45288
DXZ19,2019-11-20,97.73,97.93,97.73,97.814,0.072,+0.07%,10182,44118
DXZ19,2019-11-21,97.775,97.945,97.62,97.899,0.085,+0.09%,15541,42674
DXZ19,2019-11-22,97.86,98.215,97.7,98.176,0.277,+0.28%,11425,42608
DXZ19,2019-11-25,98.19,98.295,98.08,98.238,0.062,+0.06%,8361,42543
DXZ19,2019-11-26,98.25,98.31,98.145,98.17,-0.068,-0.07%,7802,42191
DXZ19,2019-11-27,98.225,98.37,98.205,98.288,0.118,+0.12%,10994,44407
DXZ19,2019-11-28,98.265,98.34,98.2,98.288,0,0.00%,3726,44770
DXZ19,2019-11-29,98.265,98.495,98.155,98.202,-0.086,-0.09%,12361,44195
DXZ19,2019-12-02,98.21,98.32,97.75,97.791,-0.411,-0.42%,23703,45118
DXZ19,2019-12-03,97.87,97.88,97.585,97.681,-0.11,-0.11%,12986,44997
DXZ19,2019-12-04,97.67,97.74,97.355,97.602,-0.079,-0.08%,18308,47736
DXZ19,2019-12-05,97.535,97.555,97.31,97.371,-0.231,-0.24%,10504,47429
DXZ19,2019-12-06,97.38,97.815,97.2,97.661,0.29,+0.30%,29261,44907
DXZ19,2019-12-09,97.665,97.7,97.525,97.609,-0.052,-0.05%,32750,46408
DXZ19,2019-12-10,97.62,97.63,97.37,97.385,-0.224,-0.23%,18019,47127
DXZ19,2019-12-11,97.485,97.575,97.015,97.056,-0.329,-0.34%,34491,48165
DXH20,2019-12-12,96.64,97.095,96.6,96.959,-0.097,-0.10%,53576,46626
DXH20,2019-12-13,96.42,96.81,96.295,96.745,-0.214,-0.22%,36533,46064
DXH20,2019-12-16,96.715,96.73,96.495,96.58,-0.165,-0.17%,12465,32478
DXH20,2019-12-17,96.705,96.865,96.585,96.777,0.197,+0.20%,13299,32897
DXH20,2019-12-18,96.79,97.045,96.78,96.963,0.186,+0.19%,9899,32913
DXH20,2019-12-19,96.975,97.065,96.805,96.955,-0.008,-0.01%,10434,33007
DXH20,2019-12-20,96.995,97.35,96.975,97.274,0.319,+0.33%,11849,32916
DXH20,2019-12-23,97.295,97.405,97.17,97.235,-0.039,-0.04%,6546,33295
DXH20,2019-12-24,97.26,97.39,97.2,97.251,0.016,+0.02%,4050,32976
DXH20,2019-12-26,97.255,97.295,97.075,97.115,-0.136,-0.14%,4502,33274
DXH20,2019-12-27,97.145,97.16,96.535,96.546,-0.569,-0.59%,14231,34782
DXH20,2019-12-30,96.595,96.63,96.255,96.407,-0.139,-0.14%,12068,35717
DXH20,2019-12-31,96.415,96.415,96.02,96.058,-0.349,-0.36%,11597,35967
DXH20,2020-01-02,96.14,96.56,96.1,96.525,0.467,+0.49%,17643,36209
DXH20,2020-01-03,96.44,96.795,96.395,96.521,-0.004,0.00%,12667,35753
DXH20,2020-01-06,96.565,96.585,96.23,96.35,-0.171,-0.18%,10980,36260
DXH20,2020-01-07,96.37,96.795,96.31,96.702,0.352,+0.37%,11678,35179
DXH20,2020-01-08,96.56,97.04,96.525,96.996,0.294,+0.30%,13767,35640
DXH20,2020-01-09,96.985,97.275,96.955,97.162,0.166,+0.17%,11438,35391
DXH20,2020-01-10,97.145,97.3,97.005,97.078,-0.084,-0.09%,10833,35991
DXH20,2020-01-13,97.1,97.245,97.02,97.06,-0.018,-0.02%,8592,36448
DXH20,2020-01-14,97.09,97.305,97.045,97.094,0.034,+0.04%,8850,36189
DXH20,2020-01-15,97.095,97.18,96.885,96.96,-0.134,-0.14%,11060,36599
DXH20,2020-01-16,96.935,97.115,96.815,97.062,0.102,+0.11%,11895,35941
DXH20,2020-01-17,97.07,97.41,97.01,97.359,0.297,+0.31%,12431,36122
DXH20,2020-01-20,97.4,97.485,97.335,97.359,0,0.00%,4752,36145
DXH20,2020-01-21,97.385,97.42,97.15,97.294,-0.065,-0.07%,11062,35878
DXH20,2020-01-22,97.38,97.46,97.15,97.295,0.001,0.00%,12494,35171
DXH20,2020-01-23,97.305,97.59,97.185,97.484,0.189,+0.19%,18089,35773
DXH20,2020-01-24,97.49,97.74,97.45,97.65,0.166,+0.17%,16293,34723
DXH20,2020-01-27,97.64,97.8,97.59,97.767,0.117,+0.12%,18005,35246
DXH20,2020-01-28,97.745,97.975,97.715,97.835,0.068,+0.07%,10210,36000
DXH20,2020-01-29,97.78,98.005,97.76,97.819,-0.016,-0.02%,10105,36939
DXH20,2020-01-30,97.86,97.91,97.62,97.706,-0.113,-0.12%,15577,36733
DXH20,2020-01-31,97.685,97.79,97.165,97.213,-0.493,-0.50%,19508,35702
DXH20,2020-02-03,97.245,97.755,97.23,97.625,0.412,+0.42%,18937,35513
DXH20,2020-02-04,97.645,97.855,97.635,97.809,0.184,+0.19%,11664,36874
DXH20,2020-02-05,97.8,98.18,97.76,98.158,0.349,+0.36%,18184,42685
DXH20,2020-02-06,98.18,98.445,98.075,98.381,0.223,+0.23%,14332,46053
DXH20,2020-02-07,98.335,98.6,98.3,98.571,0.19,+0.19%,13884,46963
DXH20,2020-02-10,98.57,98.77,98.49,98.714,0.143,+0.15%,11251,48125
DXH20,2020-02-11,98.75,98.855,98.585,98.594,-0.12,-0.12%,14406,49634
DXH20,2020-02-12,98.665,98.925,98.58,98.922,0.328,+0.33%,15112,49958
DXH20,2020-02-13,98.895,99.01,98.745,98.958,0.036,+0.04%,12817,50682
DXH20,2020-02-14,98.995,99.045,98.875,99.003,0.045,+0.05%,16200,48815
DXH20,2020-02-17,99.03,99.095,98.935,99.003,0,0.00%,3933,48862
DXH20,2020-02-18,99.1,99.375,99.03,99.333,0.33,+0.33%,13879,48471
DXH20,2020-02-19,99.315,99.62,99.275,99.597,0.264,+0.27%,14112,49143
DXH20,2020-02-20,99.47,99.815,99.445,99.776,0.179,+0.18%,18330,49178
DXH20,2020-02-21,99.765,99.79,99.14,99.188,-0.588,-0.59%,23563,48978
DXH20,2020-02-24,99.38,99.57,99.03,99.284,0.096,+0.10%,23574,47943
DXH20,2020-02-25,99.26,99.32,98.81,98.901,-0.383,-0.39%,22569,47885
DXH20,2020-02-26,98.99,99.2,98.85,98.938,0.037,+0.04%,18342,47116
DXH20,2020-02-27,98.965,98.995,98.295,98.461,-0.477,-0.48%,29024,46063
DXH20,2020-02-28,98.39,98.615,97.91,98.081,-0.38,-0.39%,42789,44740
DXH20,2020-03-02,97.985,98.045,97.135,97.319,-0.762,-0.78%,46996,39823
DXH20,2020-03-03,97.52,97.655,96.875,97.122,-0.197,-0.20%,52749,39782
DXH20,2020-03-04,97.145,97.565,97.07,97.307,0.185,+0.19%,23534,39337
DXH20,2020-03-05,97.345,97.41,96.49,96.79,-0.517,-0.53%,25413,40562
DXH20,2020-03-06,96.645,96.655,95.685,95.934,-0.856,-0.88%,46061,41137
DXH20,2020-03-09,95.72,95.78,94.61,94.87,-1.064,-1.11%,117125,44927
DXH20,2020-03-10,95.375,96.58,95.18,96.389,1.519,+1.60%,75005,44951
DXH20,2020-03-11,96.285,96.61,95.9,96.492,0.103,+0.11%,47505,43542
DXH20,2020-03-12,96.62,98.335,96.055,97.464,0.972,+1.01%,97543,41643
DXM20,2020-03-13,97.595,99.07,97.385,98.904,1.44,+1.48%,81645,44360
DXM20,2020-03-16,98.45,98.685,97.58,98.152,-0.752,-0.76%,27388,23690
DXM20,2020-03-17,98.225,100.075,98.105,99.804,1.652,+1.68%,26952,25322
DXM20,2020-03-18,99.695,102.04,99.385,101.543,1.739,+1.74%,26271,26114
DXM20,2020-03-19,101.13,103.7,101.045,103.605,2.062,+2.03%,34727,29206
DXM20,2020-03-20,103.78,103.825,101.905,103.502,-0.103,-0.10%,23203,28601
DXM20,2020-03-23,103.15,103.96,102.3,103.24,-0.262,-0.25%,21559,28272
DXM20,2020-03-24,102.83,102.915,101.555,102.247,-0.993,-0.96%,20779,28338
DXM20,2020-03-25,101.865,102.11,100.835,100.997,-1.25,-1.22%,13928,28582
DXM20,2020-03-26,100.97,101.08,99.365,99.453,-1.544,-1.53%,15044,29030
DXM20,2020-03-27,99.43,100.02,98.345,98.537,-0.916,-0.92%,15858,29553
DXM20,2020-03-30,98.43,99.445,98.395,99.281,0.744,+0.76%,11283,29802
DXM20,2020-03-31,99.285,100.125,98.875,99.092,-0.189,-0.19%,18617,28972
DXM20,2020-04-01,99.025,99.915,98.955,99.753,0.661,+0.67%,12171,29225
DXM20,2020-04-02,99.625,100.5,99.445,100.271,0.518,+0.52%,12761,29157
DXM20,2020-04-03,100.305,100.965,100.24,100.677,0.406,+0.40%,10369,28703
DXM20,2020-04-06,100.865,101.03,100.535,100.755,0.078,+0.08%,11208,29160
DXM20,2020-04-07,100.83,100.83,99.715,99.914,-0.841,-0.83%,15631,28696
DXM20,2020-04-08,99.98,100.51,99.95,100.17,0.256,+0.26%,11148,29033
DXM20,2020-04-09,100.2,100.345,99.31,99.504,-0.666,-0.66%,16188,29509
DXM20,2020-04-13,99.495,99.64,99.11,99.336,-0.168,-0.17%,9036,29808
DXM20,2020-04-14,99.38,99.435,98.815,98.885,-0.451,-0.45%,11192,29664
DXM20,2020-04-15,98.82,100.06,98.82,99.486,0.601,+0.61%,15600,29850
DXM20,2020-04-16,99.67,100.39,99.64,100.1,0.614,+0.62%,13543,29740
DXM20,2020-04-17,99.97,100.355,99.66,99.836,-0.264,-0.26%,12832,29655
DXM20,2020-04-20,99.77,100.185,99.75,100.058,0.222,+0.22%,13198,30277
DXM20,2020-04-21,100.055,100.63,100.03,100.374,0.316,+0.32%,16353,31390
DXM20,2020-04-22,100.33,100.625,99.99,100.528,0.154,+0.15%,11311,32094
DXM20,2020-04-23,100.595,100.85,100.12,100.535,0.007,+0.01%,22293,32049
DXM20,2020-04-24,100.615,100.975,100.25,100.434,-0.101,-0.10%,11977,32376
DXM20,2020-04-27,100.27,100.37,99.84,100.097,-0.337,-0.34%,11545,32499
DXM20,2020-04-28,100.155,100.295,99.485,99.934,-0.163,-0.16%,13672,32622
DXM20,2020-04-29,99.935,99.955,99.515,99.644,-0.29,-0.29%,10405,32573
DXM20,2020-04-30,99.55,99.8,98.83,99.028,-0.616,-0.62%,26716,29866
DXM20,2020-05-01,99.13,99.225,98.765,99.1,0.072,+0.07%,12244,29424
DXM20,2020-05-04,99.1,99.655,99.09,99.567,0.467,+0.47%,14629,31962
DXM20,2020-05-05,99.58,100.07,99.375,99.762,0.195,+0.20%,12430,31555
DXM20,2020-05-06,99.84,100.265,99.8,100.136,0.374,+0.37%,8885,31670
DXM20,2020-05-07,100.265,100.455,99.825,99.906,-0.23,-0.23%,14073,30942
DXM20,2020-05-08,99.84,99.97,99.46,99.769,-0.137,-0.14%,11190,30887
DXM20,2020-05-11,99.86,100.35,99.69,100.27,0.501,+0.50%,14297,32409
DXM20,2020-05-12,100.27,100.51,99.685,99.956,-0.314,-0.31%,12127,31123
DXM20,2020-05-13,100.055,100.325,99.585,100.291,0.335,+0.34%,14353,32159
DXM20,2020-05-14,100.245,100.605,100.2,100.507,0.216,+0.22%,13893,32789
DXM20,2020-05-15,100.305,100.515,100.095,100.434,-0.073,-0.07%,12745,32521
DXM20,2020-05-18,100.435,100.515,99.595,99.681,-0.753,-0.75%,17769,32416
DXM20,2020-05-19,99.635,99.755,99.245,99.366,-0.315,-0.32%,18334,31477
DXM20,2020-05-20,99.56,99.57,99.005,99.135,-0.231,-0.23%,13252,31076
DXM20,2020-05-21,99.18,99.54,99.03,99.403,0.268,+0.27%,11598,30878
DXM20,2020-05-22,99.445,99.9,99.4,99.888,0.485,+0.49%,13959,30845
DXM20,2020-05-25,99.79,99.995,99.7,99.888,0,0.00%,4086,30673
DXM20,2020-05-26,99.76,99.785,98.895,98.906,-0.982,-0.98%,18347,28298
DXM20,2020-05-27,99.01,99.36,98.715,99.058,0.152,+0.15%,21140,27220
DXM20,2020-05-28,98.93,99.095,98.335,98.372,-0.686,-0.69%,26184,25919
DXM20,2020-05-29,98.47,98.55,97.935,98.341,-0.031,-0.03%,22269,25061
DXM20,2020-06-01,98.265,98.335,97.77,97.82,-0.521,-0.53%,15270,25450
DXM20,2020-06-02,97.86,97.9,97.42,97.659,-0.161,-0.16%,15729,26006
DXM20,2020-06-03,97.57,97.615,97.155,97.259,-0.4,-0.41%,25988,27980
DXM20,2020-06-04,97.32,97.635,96.56,96.657,-0.602,-0.62%,31810,29251
DXM20,2020-06-05,96.765,97.05,96.43,96.922,0.265,+0.27%,25392,30224
DXM20,2020-06-08,96.935,97.065,96.58,96.608,-0.314,-0.32%,25956,30977
DXM20,2020-06-09,96.635,97.065,96.215,96.321,-0.287,-0.30%,25275,33934
DXM20,2020-06-10,96.445,96.465,95.705,95.95,-0.371,-0.39%,43188,34332
DXU20,2020-06-11,96.1,96.845,95.915,96.723,0.773,+0.81%,42569,33426
DXU20,2020-06-12,96.845,97.465,96.485,97.33,0.607,+0.63%,31172,32021
DXU20,2020-06-15,97.25,97.38,96.55,96.65,-0.68,-0.70%,18542,20324
DXU20,2020-06-16,96.49,97.24,96.385,96.933,0.283,+0.29%,21758,19869
DXU20,2020-06-17,96.95,97.35,96.765,97.144,0.211,+0.22%,15498,18562
DXU20,2020-06-18,97.08,97.555,96.93,97.4,0.256,+0.26%,13337,18998
DXU20,2020-06-19,97.4,97.7,97.115,97.577,0.177,+0.18%,18126,19822
DXU20,2020-06-22,97.63,97.7,96.94,96.985,-0.592,-0.61%,15175,21193
DXU20,2020-06-23,96.84,97.215,96.32,96.608,-0.377,-0.39%,21217,21601
DXU20,2020-06-24,96.605,97.205,96.5,97.129,0.521,+0.54%,18316,19845
DXU20,2020-06-25,97.21,97.585,97.135,97.388,0.259,+0.27%,16134,19597
DXU20,2020-06-26,97.335,97.665,97.235,97.404,0.016,+0.02%,10801,19352
DXU20,2020-06-29,97.475,97.61,97.085,97.501,0.097,+0.10%,13655,19327
DXU20,2020-06-30,97.39,97.81,97.185,97.349,-0.152,-0.16%,18381,19441
DXU20,2020-07-01,97.375,97.615,96.985,97.155,-0.194,-0.20%,16107,19745
DXU20,2020-07-02,97.14,97.335,96.79,97.301,0.146,+0.15%,17559,18618
DXU20,2020-07-03,97.21,97.35,97.145,97.301,0,0.00%,5267,18606
DXU20,2020-07-06,97.19,97.19,96.5,96.682,-0.619,-0.64%,20192,22761
DXU20,2020-07-07,96.7,97.105,96.555,96.839,0.157,+0.16%,16307,22869
DXU20,2020-07-08,96.91,97.005,96.345,96.368,-0.471,-0.49%,18961,25177
DXU20,2020-07-09,96.415,96.78,96.18,96.673,0.305,+0.32%,21996,24015
DXU20,2020-07-10,96.745,96.96,96.395,96.614,-0.059,-0.06%,16763,22922
DXU20,2020-07-13,96.585,96.64,96.205,96.407,-0.207,-0.21%,18809,23028
DXU20,2020-07-14,96.52,96.67,96.125,96.207,-0.2,-0.21%,13089,23499
DXU20,2020-07-15,96.12,96.215,95.72,96.039,-0.168,-0.17%,14636,24791
DXU20,2020-07-16,95.975,96.38,95.845,96.319,0.28,+0.29%,18355,23551
DXU20,2020-07-17,96.26,96.295,95.845,95.889,-0.43,-0.45%,11650,25415
DXU20,2020-07-20,96,96.145,95.675,95.772,-0.117,-0.12%,18259,26598
DXU20,2020-07-21,95.7,95.87,94.98,95.06,-0.712,-0.74%,24813,31404
DXU20,2020-07-22,95.09,95.375,94.775,94.93,-0.13,-0.14%,17896,32257
DXU20,2020-07-23,94.955,95.15,94.54,94.649,-0.281,-0.30%,18002,32103
DXU20,2020-07-24,94.75,94.78,94.1,94.38,-0.269,-0.28%,18444,34544
DXU20,2020-07-27,94.345,94.375,93.42,93.615,-0.765,-0.81%,23801,36583
DXU20,2020-07-28,93.49,93.965,93.45,93.647,0.032,+0.03%,23807,37312
DXU20,2020-07-29,93.71,93.77,93.12,93.432,-0.215,-0.23%,24944,38692
DXU20,2020-07-30,93.305,93.64,92.89,93.009,-0.423,-0.45%,27258,37416
DXU20,2020-07-31,92.775,93.525,92.51,93.321,0.312,+0.34%,29032,37284
DXU20,2020-08-03,93.39,93.98,93.295,93.507,0.186,+0.20%,25204,36074
DXU20,2020-08-04,93.505,93.815,93.215,93.378,-0.129,-0.14%,18168,35497
DXU20,2020-08-05,93.145,93.235,92.535,92.85,-0.528,-0.57%,20310,36625
DXU20,2020-08-06,92.78,93.085,92.475,92.768,-0.082,-0.09%,24626,36330
DXU20,2020-08-07,92.785,93.625,92.74,93.412,0.644,+0.69%,26015,35211
DXU20,2020-08-10,93.415,93.685,93.275,93.569,0.157,+0.17%,15905,34912
DXU20,2020-08-11,93.595,93.735,93.14,93.6,0.031,+0.03%,23788,34460
DXU20,2020-08-12,93.655,93.895,93.21,93.408,-0.192,-0.21%,20730,35011
DXU20,2020-08-13,93.365,93.39,92.905,93.317,-0.091,-0.10%,19460,34267
DXU20,2020-08-14,93.245,93.41,92.995,93.085,-0.232,-0.25%,15467,34576
DXU20,2020-08-17,93.035,93.115,92.75,92.847,-0.238,-0.26%,12750,34365
DXU20,2020-08-18,92.82,92.82,92.11,92.259,-0.588,-0.63%,22107,34896
DXU20,2020-08-19,92.21,93.065,92.145,92.88,0.621,+0.67%,21783,32346
DXU20,2020-08-20,92.975,93.245,92.71,92.778,-0.102,-0.11%,20014,32112
DXU20,2020-08-21,92.69,93.48,92.565,93.24,0.462,+0.50%,25880,27929
DXU20,2020-08-24,93.215,93.34,92.83,93.289,0.049,+0.05%,16431,29256
DXU20,2020-08-25,93.27,93.35,92.96,93.019,-0.27,-0.29%,16661,30716
DXU20,2020-08-26,93.02,93.375,92.835,92.996,-0.023,-0.02%,19556,30502
DXU20,2020-08-27,92.835,93.35,92.385,92.991,-0.005,-0.01%,47547,29819
DXU20,2020-08-28,93.03,93.1,92.18,92.379,-0.612,-0.66%,36301,31041
DXU20,2020-08-31,92.3,92.49,91.99,92.131,-0.248,-0.27%,30402,31316
DXU20,2020-09-01,92.17,92.4,91.725,92.337,0.206,+0.22%,34325,30358
DXU20,2020-09-02,92.265,92.875,92.235,92.834,0.497,+0.54%,25322,29268
DXU20,2020-09-03,92.705,93.085,92.685,92.733,-0.101,-0.11%,23248,27748
DXU20,2020-09-04,92.825,93.245,92.665,92.719,-0.014,-0.02%,31642,28971
DXU20,2020-09-07,92.8,93.09,92.719,92.719,0,0.00%,10673,29266
DXU20,2020-09-08,93.05,93.52,93,93.441,0.722,+0.78%,44698,29776
DXU20,2020-09-09,93.535,93.665,93.125,93.258,-0.183,-0.20%,37360,28962
DXZ20,2020-09-10,93.255,93.445,92.68,93.316,0.058,+0.06%,55500,31706
DXZ20,2020-09-11,93.365,93.4,93.075,93.338,0.022,+0.02%,38864,30431
DXZ20,2020-09-14,93.335,93.34,92.865,93.06,-0.278,-0.30%,24032,27709
DXZ20,2020-09-15,93.07,93.185,92.79,93.085,0.025,+0.03%,18636,28493
DXZ20,2020-09-16,93.13,93.3,92.8,93.231,0.146,+0.16%,35530,27209
DXZ20,2020-09-17,93.19,93.63,92.875,92.969,-0.262,-0.28%,31162,27949
DXZ20,2020-09-18,92.895,93.045,92.77,92.952,-0.017,-0.02%,15674,28542
DXZ20,2020-09-21,93.005,93.815,92.755,93.684,0.732,+0.79%,32281,28990
DXZ20,2020-09-22,93.585,94.12,93.5,94.018,0.334,+0.36%,23551,28767
DXZ20,2020-09-23,94.03,94.495,93.965,94.443,0.425,+0.45%,30908,29845
DXZ20,2020-09-24,94.44,94.655,94.225,94.394,-0.049,-0.05%,24084,28524
DXZ20,2020-09-25,94.345,94.795,94.225,94.682,0.288,+0.31%,18960,29389
DXZ20,2020-09-28,94.63,94.67,94.175,94.302,-0.38,-0.40%,20360,28852
DXZ20,2020-09-29,94.205,94.35,93.86,93.927,-0.375,-0.40%,17522,28616
DXZ20,2020-09-30,93.9,94.25,93.7,93.927,0,0.00%,20094,28910
DXZ20,2020-10-01,93.865,93.98,93.565,93.762,-0.165,-0.18%,24894,31136
DXZ20,2020-10-02,93.8,94.09,93.735,93.909,0.147,+0.16%,21916,32456
DXZ20,2020-10-05,93.915,93.955,93.415,93.545,-0.364,-0.39%,17591,30895
DXZ20,2020-10-06,93.455,93.915,93.375,93.744,0.199,+0.21%,26805,31448
DXZ20,2020-10-07,93.89,93.975,93.605,93.678,-0.066,-0.07%,20352,29928
DXZ20,2020-10-08,93.67,93.82,93.525,93.648,-0.03,-0.03%,14947,28811
DXZ20,2020-10-09,93.575,93.62,93,93.065,-0.583,-0.62%,20000,28970
DXZ20,2020-10-12,93.11,93.27,93.025,93.104,0.039,+0.04%,17521,30177
DXZ20,2020-10-13,93.075,93.605,93.045,93.536,0.432,+0.46%,28490,29233
DXZ20,2020-10-14,93.54,93.68,93.24,93.366,-0.17,-0.18%,24287,27664
DXZ20,2020-10-15,93.435,93.925,93.365,93.864,0.498,+0.53%,17974,26494
DXZ20,2020-10-16,93.815,93.885,93.52,93.679,-0.185,-0.20%,19463,26836
DXZ20,2020-10-19,93.72,93.775,93.195,93.429,-0.25,-0.27%,21741,26629
DXZ20,2020-10-20,93.415,93.505,92.975,93.051,-0.378,-0.40%,22450,29349
DXZ20,2020-10-21,93.035,93.06,92.46,92.599,-0.452,-0.49%,24395,30901
DXZ20,2020-10-22,92.725,92.99,92.61,92.964,0.365,+0.39%,12350,30392
DXZ20,2020-10-23,92.97,93.13,92.645,92.765,-0.199,-0.21%,17753,29593
DXZ20,2020-10-26,92.75,93.11,92.73,93.044,0.279,+0.30%,14766,29031
DXZ20,2020-10-27,93.06,93.13,92.775,92.927,-0.117,-0.13%,14066,29623
DXZ20,2020-10-28,93.11,93.66,93.04,93.409,0.482,+0.52%,26018,27432
DXZ20,2020-10-29,93.47,94.14,93.355,93.977,0.568,+0.61%,26478,27371
DXZ20,2020-10-30,93.925,94.105,93.66,94.042,0.065,+0.07%,18553,26919
DXZ20,2020-11-02,94.095,94.315,93.99,94.145,0.103,+0.11%,14892,26544
DXZ20,2020-11-03,94.035,94.06,93.295,93.56,-0.585,-0.62%,18306,26661
DXZ20,2020-11-04,93.66,94.33,93.245,93.411,-0.149,-0.16%,36699,26385
DXZ20,2020-11-05,93.4,93.54,92.47,92.516,-0.895,-0.96%,35729,29630
DXZ20,2020-11-06,92.74,92.825,92.165,92.225,-0.291,-0.31%,33113,31175
DXZ20,2020-11-09,92.23,92.97,92.12,92.715,0.49,+0.53%,46386,29706
DXZ20,2020-11-10,92.81,92.965,92.585,92.736,0.021,+0.02%,23039,29066
DXZ20,2020-11-11,92.73,93.19,92.595,93.024,0.288,+0.31%,23732,29073
DXZ20,2020-11-12,92.97,93.125,92.755,92.956,-0.068,-0.07%,23517,28977
DXZ20,2020-11-13,92.96,93.005,92.7,92.75,-0.206,-0.22%,14405,29167
DXZ20,2020-11-16,92.715,92.85,92.435,92.63,-0.12,-0.13%,29629,29382
DXZ20,2020-11-17,92.485,92.605,92.25,92.398,-0.232,-0.25%,17741,29413
DXZ20,2020-11-18,92.44,92.51,92.195,92.311,-0.087,-0.09%,14798,30587
DXZ20,2020-11-19,92.505,92.72,92.225,92.284,-0.027,-0.03%,20244,30214
DXZ20,2020-11-20,92.33,92.425,92.185,92.395,0.111,+0.12%,16425,29948
DXZ20,2020-11-23,92.345,92.795,92,92.494,0.099,+0.11%,35966,30742
DXZ20,2020-11-24,92.51,92.555,92.105,92.22,-0.274,-0.30%,23625,31913
DXZ20,2020-11-25,92.13,92.255,91.905,91.966,-0.254,-0.28%,23254,32942
DXZ20,2020-11-26,91.95,92.165,91.83,91.966,0,0.00%,8404,32970
DXZ20,2020-11-27,92,92.035,91.74,91.801,-0.165,-0.18%,10134,33941
DXZ20,2020-11-30,91.73,92.04,91.49,91.858,0.057,+0.06%,32490,35610
DXZ20,2020-12-01,91.9,91.915,91.14,91.297,-0.561,-0.61%,30580,37196
DXZ20,2020-12-02,91.19,91.495,90.98,91.115,-0.182,-0.20%,26512,37552
DXZ20,2020-12-03,91.07,91.095,90.505,90.718,-0.397,-0.44%,24110,37652
DXZ20,2020-12-04,90.65,90.87,90.47,90.694,-0.024,-0.03%,40929,38216
DXZ20,2020-12-07,90.795,91.24,90.61,90.789,0.095,+0.10%,44058,43084
DXZ20,2020-12-08,90.915,91.02,90.745,90.968,0.179,+0.20%,33509,48516
DXZ20,2020-12-09,90.905,91.205,90.69,91.083,0.115,+0.13%,40163,48449
DXH21,2020-12-10,91,91.08,90.575,90.751,-0.332,-0.36%,48203,50230
DXH21,2020-12-11,90.67,90.975,90.545,90.924,0.173,+0.19%,33162,45942
DXH21,2020-12-14,90.73,90.845,90.345,90.655,-0.269,-0.30%,23427,35147
DXH21,2020-12-15,90.595,90.78,90.345,90.409,-0.246,-0.27%,22426,35894
DXH21,2020-12-16,90.435,90.635,90.045,90.359,-0.05,-0.06%,28345,35254
DXH21,2020-12-17,90.165,90.18,89.64,89.741,-0.618,-0.68%,29708,37075
DXH21,2020-12-18,89.8,90.055,89.755,89.953,0.212,+0.24%,17945,35719
DXH21,2020-12-21,90.045,90.95,89.925,89.949,-0.004,0.00%,39350,34751
DXH21,2020-12-22,90.1,90.62,89.95,90.546,0.597,+0.66%,21915,35056
DXH21,2020-12-23,90.535,90.58,90.05,90.34,-0.206,-0.23%,27581,35604
DXH21,2020-12-24,90.185,90.31,90.075,90.25,-0.09,-0.10%,10861,35923
DXH21,2020-12-28,90.26,90.32,89.895,90.275,0.025,+0.03%,18536,35181
DXH21,2020-12-29,90.16,90.165,89.785,89.918,-0.357,-0.40%,17290,35978
DXH21,2020-12-30,89.865,89.9,89.515,89.649,-0.269,-0.30%,23627,35261
DXH21,2020-12-31,89.52,89.965,89.475,89.894,0.245,+0.27%,13188,35502
DXH21,2021-01-04,89.87,89.925,89.39,89.845,-0.049,-0.05%,28393,37203
DXH21,2021-01-05,89.845,89.845,89.39,89.409,-0.436,-0.49%,19271,37569
DXH21,2021-01-06,89.39,89.795,89.165,89.502,0.093,+0.10%,40428,36995
DXH21,2021-01-07,89.33,89.97,89.325,89.791,0.289,+0.32%,23462,37097
DXH21,2021-01-08,89.84,90.23,89.625,90.068,0.277,+0.31%,38738,36927
DXH21,2021-01-11,90.09,90.72,90.055,90.442,0.374,+0.42%,30743,35452
DXH21,2021-01-12,90.485,90.6,89.995,90.064,-0.378,-0.42%,23795,34855
DXH21,2021-01-13,89.98,90.435,89.89,90.334,0.27,+0.30%,26757,35080
DXH21,2021-01-14,90.29,90.57,90.04,90.215,-0.119,-0.13%,23948,36634
DXH21,2021-01-15,90.2,90.79,90.195,90.754,0.539,+0.60%,29635,37772
DXH21,2021-01-18,90.77,90.94,90.685,90.754,0,0.00%,16367,36164
DXH21,2021-01-19,90.7,90.745,90.38,90.476,-0.278,-0.31%,29374,36065
DXH21,2021-01-20,90.38,90.69,90.25,90.469,-0.007,-0.01%,25144,40295
DXH21,2021-01-21,90.4,90.405,90.03,90.127,-0.342,-0.38%,22490,40075
DXH21,2021-01-22,90.075,90.3,90.05,90.212,0.085,+0.09%,22862,41904
DXH21,2021-01-25,90.195,90.51,90.075,90.373,0.161,+0.18%,18961,40889
DXH21,2021-01-26,90.385,90.595,90.09,90.148,-0.225,-0.25%,26560,37137
DXH21,2021-01-27,90.165,90.88,90.13,90.64,0.492,+0.55%,47476,40685
DXH21,2021-01-28,90.755,90.855,90.375,90.427,-0.213,-0.23%,33498,38072
DXH21,2021-01-29,90.625,90.76,90.335,90.569,0.142,+0.16%,29596,35839
DXH21,2021-02-01,90.545,91.05,90.49,90.975,0.406,+0.45%,26637,38585
DXH21,2021-02-02,90.995,91.285,90.795,91.189,0.214,+0.24%,31419,36894
DXH21,2021-02-03,91.035,91.305,90.98,91.148,-0.041,-0.04%,21172,37023
DXH21,2021-02-04,91.11,91.585,91.085,91.52,0.372,+0.41%,19611,38050
DXH21,2021-02-05,91.5,91.605,90.96,91.032,-0.488,-0.53%,26587,36119
DXH21,2021-02-08,91,91.225,90.88,90.919,-0.113,-0.12%,29787,36767
DXH21,2021-02-09,90.88,90.895,90.405,90.429,-0.49,-0.54%,22710,36189
DXH21,2021-02-10,90.455,90.515,90.235,90.363,-0.066,-0.07%,24840,35563
DXH21,2021-02-11,90.45,90.48,90.25,90.413,0.05,+0.06%,19105,35724
DXH21,2021-02-12,90.41,90.735,90.355,90.47,0.057,+0.06%,22622,35480
DXH21,2021-02-15,90.42,90.47,90.25,90.47,0,0.00%,13887,35746
DXH21,2021-02-16,90.31,90.63,90.095,90.503,0.033,+0.04%,30916,35968
DXH21,2021-02-17,90.705,91.05,90.61,90.949,0.446,+0.49%,33720,37842
DXH21,2021-02-18,90.87,90.995,90.535,90.6,-0.349,-0.38%,33149,38984
DXH21,2021-02-19,90.54,90.66,90.165,90.363,-0.237,-0.26%,27593,40512
DXH21,2021-02-22,90.345,90.575,89.98,89.999,-0.364,-0.40%,36164,40583
DXH21,2021-02-23,89.98,90.265,89.925,90.167,0.168,+0.19%,23168,41377
DXH21,2021-02-24,90.09,90.445,89.96,90.17,0.003,0.00%,31099,37844
DXH21,2021-02-25,90.075,90.295,89.675,90.135,-0.035,-0.04%,46781,39373
DXH21,2021-02-26,90.335,90.98,90.135,90.882,0.747,+0.83%,50469,38230
DXH21,2021-03-01,90.9,91.15,90.685,91.036,0.154,+0.17%,38869,38382
DXH21,2021-03-02,91.07,91.405,90.73,90.79,-0.246,-0.27%,32735,37546
DXH21,2021-03-03,90.8,91.075,90.635,90.942,0.152,+0.17%,30419,37488
DXH21,2021-03-04,91.025,91.695,90.985,91.644,0.702,+0.77%,38034,39977
DXH21,2021-03-05,91.64,92.225,91.64,91.99,0.346,+0.38%,53603,42698
DXH21,2021-03-08,91.94,92.44,91.865,92.334,0.344,+0.37%,49104,43549
DXH21,2021-03-09,92.445,92.53,91.92,91.964,-0.37,-0.40%,51422,41300
DXH21,2021-03-10,92.035,92.25,91.77,91.828,-0.136,-0.15%,66602,45372
DXM21,2021-03-11,91.85,91.895,91.34,91.415,-0.413,-0.45%,82751,46860
DXM21,2021-03-12,91.42,91.96,91.38,91.677,0.262,+0.29%,37785,49422
DXM21,2021-03-15,91.655,91.97,91.54,91.832,0.155,+0.17%,28283,34415
DXM21,2021-03-16,91.82,92.045,91.67,91.88,0.048,+0.05%,24346,35368
DXM21,2021-03-17,91.875,92.015,91.365,91.435,-0.445,-0.48%,31277,34329
DXM21,2021-03-18,91.38,91.93,91.29,91.87,0.435,+0.48%,37601,36416
DXM21,2021-03-19,91.85,92.185,91.665,91.925,0.055,+0.06%,32526,34621
DXM21,2021-03-22,92.105,92.175,91.695,91.741,-0.184,-0.20%,28326,36716
DXM21,2021-03-23,91.81,92.4,91.77,92.347,0.606,+0.66%,27844,36732
DXM21,2021-03-24,92.43,92.63,92.35,92.53,0.183,+0.20%,19111,36059
DXM21,2021-03-25,92.595,92.94,92.52,92.826,0.296,+0.32%,27694,39519
DXM21,2021-03-26,92.85,92.895,92.65,92.775,-0.051,-0.05%,19094,38745
DXM21,2021-03-29,92.73,92.98,92.72,92.956,0.181,+0.20%,19889,39189
DXM21,2021-03-30,92.925,93.38,92.89,93.321,0.365,+0.39%,17217,40306
DXM21,2021-03-31,93.275,93.47,93.005,93.236,-0.085,-0.09%,21092,39942
DXM21,2021-04-01,93.23,93.365,92.89,92.947,-0.289,-0.31%,22272,40883
DXM21,2021-04-02,92.91,93.125,92.84,93.051,0.104,+0.11%,5818,41049
DXM21,2021-04-05,93.01,93.13,92.56,92.595,-0.456,-0.49%,28092,39520
DXM21,2021-04-06,92.58,92.8,92.285,92.348,-0.247,-0.27%,20600,39111
DXM21,2021-04-07,92.3,92.515,92.155,92.472,0.124,+0.13%,18702,39439
DXM21,2021-04-08,92.445,92.505,92.01,92.069,-0.403,-0.44%,19146,40043
DXM21,2021-04-09,92.075,92.43,92.035,92.16,0.091,+0.10%,20055,38703
DXM21,2021-04-12,92.2,92.335,92.005,92.144,-0.016,-0.02%,26045,39713
DXM21,2021-04-13,92.095,92.365,91.785,91.844,-0.3,-0.33%,29189,39165
DXM21,2021-04-14,91.805,91.815,91.565,91.674,-0.17,-0.19%,14747,37796
DXM21,2021-04-15,91.63,91.745,91.495,91.618,-0.056,-0.06%,20786,38786
DXM21,2021-04-16,91.65,91.81,91.47,91.544,-0.074,-0.08%,18952,36913
DXM21,2021-04-19,91.575,91.75,91.025,91.05,-0.494,-0.54%,32781,37907
DXM21,2021-04-20,91.04,91.27,90.84,91.227,0.177,+0.19%,26315,36777
DXM21,2021-04-21,91.21,91.425,91.065,91.129,-0.098,-0.11%,21229,36973
DXM21,2021-04-22,91.085,91.415,90.97,91.321,0.192,+0.21%,21917,35798
DXM21,2021-04-23,91.285,91.285,90.78,90.839,-0.482,-0.53%,19555,37440
DXM21,2021-04-26,90.825,90.965,90.655,90.78,-0.059,-0.06%,19838,36492
DXM21,2021-04-27,90.85,91.045,90.785,90.892,0.112,+0.12%,12954,36598
DXM21,2021-04-28,90.865,91.105,90.525,90.593,-0.299,-0.33%,23051,37712
DXM21,2021-04-29,90.525,90.77,90.395,90.593,0,0.00%,22266,37284
DXM21,2021-04-30,90.6,91.32,90.58,91.27,0.677,+0.75%,30161,35422
DXM21,2021-05-03,91.27,91.385,90.845,90.927,-0.343,-0.38%,23371,37593
DXM21,2021-05-04,90.985,91.39,90.965,91.275,0.348,+0.38%,26506,34179
DXM21,2021-05-05,91.255,91.435,91.165,91.293,0.018,+0.02%,15485,33981
DXM21,2021-05-06,91.255,91.38,90.865,90.936,-0.357,-0.39%,24725,36290
DXM21,2021-05-07,90.875,90.955,90.17,90.216,-0.72,-0.79%,46809,38238
DXM21,2021-05-10,90.215,90.325,90.015,90.185,-0.031,-0.03%,27896,41130
DXM21,2021-05-11,90.23,90.335,89.955,90.124,-0.061,-0.07%,36051,41836
DXM21,2021-05-12,90.185,90.79,90.13,90.686,0.562,+0.62%,47769,39581
DXM21,2021-05-13,90.735,90.91,90.575,90.735,0.049,+0.05%,28630,40977
DXM21,2021-05-14,90.735,90.795,90.27,90.318,-0.417,-0.46%,20684,40750
DXM21,2021-05-17,90.345,90.415,90.125,90.142,-0.176,-0.19%,18155,41772
DXM21,2021-05-18,90.185,90.19,89.675,89.734,-0.408,-0.45%,22377,42995
DXM21,2021-05-19,89.775,90.28,89.68,90.191,0.457,+0.51%,33026,41271
DXM21,2021-05-20,90.205,90.225,89.735,89.795,-0.396,-0.44%,18417,41689
DXM21,2021-05-21,89.79,90.155,89.63,90.005,0.21,+0.23%,25212,41511
DXM21,2021-05-24,90.015,90.105,89.75,89.838,-0.167,-0.19%,15985,42344
DXM21,2021-05-25,89.835,89.855,89.515,89.628,-0.21,-0.23%,21817,43043
DXM21,2021-05-26,89.695,90.105,89.58,90.03,0.402,+0.45%,18550,42574
DXM21,2021-05-27,90.075,90.18,89.895,89.959,-0.071,-0.08%,19588,43210
DXM21,2021-05-28,89.995,90.43,89.97,89.993,0.034,+0.04%,34044,44959
DXM21,2021-05-31,89.995,90.115,89.805,89.993,0,0.00%,12155,46492
DXM21,2021-06-01,89.795,89.94,89.65,89.819,-0.174,-0.19%,21188,48045
DXM21,2021-06-02,89.91,90.235,89.855,89.901,0.082,+0.09%,17715,47287
DXM21,2021-06-03,89.905,90.555,89.88,90.501,0.6,+0.67%,33396,48336
DXM21,2021-06-04,90.49,90.625,90.015,90.133,-0.368,-0.41%,26493,48680
DXM21,2021-06-07,90.15,90.3,89.905,89.946,-0.187,-0.21%,49413,48499
DXM21,2021-06-08,89.995,90.175,89.95,90.076,0.13,+0.14%,33001,49573
DXM21,2021-06-09,90.135,90.17,89.83,90.121,0.045,+0.05%,39149,51171
DXU21,2021-06-10,90.1,90.275,89.935,90.031,-0.09,-0.10%,55681,49643
DXU21,2021-06-11,90.04,90.58,89.915,90.527,0.496,+0.55%,33885,46723
DXU21,2021-06-14,90.49,90.57,90.37,90.488,-0.039,-0.04%,10316,36484
DXU21,2021-06-15,90.47,90.64,90.31,90.502,0.014,+0.02%,13651,37453
DXU21,2021-06-16,90.49,91.385,90.41,91.208,0.706,+0.78%,47106,34348
DXU21,2021-06-17,91.375,91.995,91.285,91.873,0.665,+0.73%,48431,34946
DXU21,2021-06-18,91.86,92.395,91.805,92.209,0.336,+0.37%,26291,33977
DXU21,2021-06-21,92.28,92.36,91.82,91.881,-0.328,-0.36%,20217,33842
DXU21,2021-06-22,91.89,92.135,91.645,91.751,-0.13,-0.14%,17413,34629
DXU21,2021-06-23,91.735,91.895,91.505,91.785,0.034,+0.04%,18864,34039
DXU21,2021-06-24,91.805,91.915,91.645,91.795,0.01,+0.01%,12022,34616
DXU21,2021-06-25,91.83,91.865,91.52,91.844,0.049,+0.05%,16699,34269
DXU21,2021-06-28,91.82,92.01,91.685,91.876,0.032,+0.03%,14177,34695
DXU21,2021-06-29,91.87,92.195,91.85,92.041,0.165,+0.18%,14199,34924
DXU21,2021-06-30,92.07,92.44,92,92.431,0.39,+0.42%,17176,34778
DXU21,2021-07-01,92.355,92.6,92.255,92.594,0.163,+0.18%,20966,36781
DXU21,2021-07-02,92.575,92.76,92.17,92.413,-0.181,-0.20%,24759,37093
DXU21,2021-07-05,92.25,92.413,92.135,92.413,0,0.00%,11125,38463
DXU21,2021-07-06,92.255,92.655,91.995,92.543,0.13,+0.14%,24884,37205
DXU21,2021-07-07,92.54,92.84,92.415,92.645,0.102,+0.11%,23808,38570
DXU21,2021-07-08,92.705,92.79,92.24,92.406,-0.239,-0.26%,23294,37340
DXU21,2021-07-09,92.38,92.545,92.085,92.116,-0.29,-0.31%,14576,36717
DXU21,2021-07-12,92.14,92.42,92.075,92.256,0.14,+0.15%,10603,36980
DXU21,2021-07-13,92.205,92.81,92.135,92.759,0.503,+0.55%,22123,37890
DXU21,2021-07-14,92.795,92.835,92.345,92.405,-0.354,-0.38%,19535,38012
DXU21,2021-07-15,92.405,92.695,92.275,92.631,0.226,+0.24%,16412,37019
DXU21,2021-07-16,92.585,92.76,92.53,92.687,0.056,+0.06%,15129,37485
DXU21,2021-07-19,92.7,93.05,92.63,92.9,0.213,+0.23%,24666,37858
DXU21,2021-07-20,92.875,93.18,92.805,92.979,0.079,+0.09%,18212,38918
DXU21,2021-07-21,92.97,93.195,92.73,92.759,-0.22,-0.24%,19011,38825
DXU21,2021-07-22,92.81,92.93,92.505,92.83,0.071,+0.08%,23932,39821
DXU21,2021-07-23,92.85,93.04,92.785,92.928,0.098,+0.11%,12733,41055
DXU21,2021-07-26,92.915,92.975,92.54,92.651,-0.277,-0.30%,17940,41764
DXU21,2021-07-27,92.625,92.845,92.32,92.436,-0.215,-0.23%,21368,43059
DXU21,2021-07-28,92.46,92.785,92.235,92.317,-0.119,-0.13%,28545,42116
DXU21,2021-07-29,92.255,92.29,91.85,91.871,-0.446,-0.48%,24295,41989
DXU21,2021-07-30,91.895,92.215,91.78,92.188,0.317,+0.35%,22557,42539
DXU21,2021-08-02,92.15,92.18,91.92,92.065,-0.123,-0.13%,14607,42486
DXU21,2021-08-03,92.06,92.16,91.895,92.088,0.023,+0.02%,10406,43131
DXU21,2021-08-04,92.045,92.315,91.82,92.274,0.186,+0.20%,16362,43197
DXU21,2021-08-05,92.28,92.36,92.12,92.252,-0.022,-0.02%,11138,43720
DXU21,2021-08-06,92.285,92.845,92.265,92.8,0.548,+0.59%,26392,44811
DXU21,2021-08-09,92.79,92.995,92.72,92.938,0.138,+0.15%,16571,45300
DXU21,2021-08-10,92.975,93.145,92.945,93.055,0.117,+0.13%,13767,45126
DXU21,2021-08-11,93.07,93.205,92.8,92.918,-0.137,-0.15%,18883,44977
DXU21,2021-08-12,92.905,93.045,92.845,93.038,0.12,+0.13%,14352,46399
DXU21,2021-08-13,92.99,93.01,92.47,92.512,-0.526,-0.57%,17576,46196
DXU21,2021-08-16,92.545,92.665,92.475,92.619,0.107,+0.12%,14901,45895
DXU21,2021-08-17,92.61,93.175,92.61,93.145,0.526,+0.57%,20736,46576
DXU21,2021-08-18,93.155,93.275,92.945,93.144,-0.001,0.00%,22190,46967
DXU21,2021-08-19,93.215,93.605,93.215,93.588,0.444,+0.48%,21260,49289
DXU21,2021-08-20,93.6,93.75,93.455,93.508,-0.08,-0.09%,15747,48206
DXU21,2021-08-23,93.425,93.515,92.96,92.971,-0.537,-0.57%,19167,48178
DXU21,2021-08-24,93.015,93.09,92.815,92.901,-0.07,-0.08%,14288,48509
DXU21,2021-08-25,92.92,93.14,92.82,92.832,-0.069,-0.07%,18783,49471
DXU21,2021-08-26,92.825,93.095,92.825,93.078,0.246,+0.26%,20986,49882
DXU21,2021-08-27,93.075,93.195,92.63,92.694,-0.384,-0.41%,33452,48601
DXU21,2021-08-30,92.68,92.79,92.595,92.652,-0.042,-0.05%,15443,48627
DXU21,2021-08-31,92.705,92.76,92.395,92.635,-0.017,-0.02%,26742,48837
DXU21,2021-09-01,92.67,92.79,92.38,92.449,-0.186,-0.20%,18587,48309
DXU21,2021-09-02,92.51,92.545,92.2,92.228,-0.221,-0.24%,19406,44960
DXU21,2021-09-03,92.24,92.265,91.8,92.033,-0.195,-0.21%,38662,43407
DXU21,2021-09-06,92.105,92.31,92.033,92.033,0,0.00%,9112,44034
DXU21,2021-09-07,92.18,92.575,92.105,92.514,0.481,+0.52%,50229,46368
DXU21,2021-09-08,92.545,92.86,92.475,92.65,0.136,+0.15%,42109,44245
DXZ21,2021-09-09,92.685,92.765,92.365,92.474,-0.176,-0.19%,61421,44450
DXZ21,2021-09-10,92.515,92.65,92.315,92.574,0.1,+0.11%,31616,46038
DXZ21,2021-09-13,92.6,92.88,92.55,92.65,0.076,+0.08%,19927,43938
DXZ21,2021-09-14,92.62,92.665,92.29,92.614,-0.036,-0.04%,19536,44386
DXZ21,2021-09-15,92.65,92.67,92.405,92.534,-0.08,-0.09%,23948,43496
DXZ21,2021-09-16,92.45,92.945,92.435,92.919,0.385,+0.42%,30634,44086
DXZ21,2021-09-17,92.87,93.235,92.745,93.176,0.257,+0.28%,19183,44095
DXZ21,2021-09-20,93.23,93.445,93.17,93.256,0.08,+0.09%,21393,44449
DXZ21,2021-09-21,93.23,93.28,93.04,93.2,-0.056,-0.06%,18801,45934
DXZ21,2021-09-22,93.225,93.515,92.97,93.46,0.26,+0.28%,32599,47776
DXZ21,2021-09-23,93.5,93.53,92.965,93.03,-0.43,-0.46%,24886,47803
DXZ21,2021-09-24,93.09,93.415,93.045,93.335,0.305,+0.33%,17056,48361
DXZ21,2021-09-27,93.305,93.495,93.195,93.381,0.046,+0.05%,21103,49931
DXZ21,2021-09-28,93.405,93.82,93.36,93.78,0.399,+0.43%,37312,55330
DXZ21,2021-09-29,93.73,94.44,93.685,94.353,0.573,+0.61%,31891,56762
DXZ21,2021-09-30,94.345,94.52,94.12,94.24,-0.113,-0.12%,34233,56485
DXZ21,2021-10-01,94.32,94.405,94,94.047,-0.193,-0.20%,22933,56387
DXZ21,2021-10-04,94.09,94.11,93.68,93.78,-0.267,-0.28%,24781,57748
DXZ21,2021-10-05,93.855,94.075,93.815,93.967,0.187,+0.20%,18836,57194
DXZ21,2021-10-06,93.98,94.455,93.98,94.272,0.305,+0.32%,28391,58256
DXZ21,2021-10-07,94.24,94.29,94.085,94.221,-0.051,-0.05%,14413,58956
DXZ21,2021-10-08,94.195,94.345,93.925,94.079,-0.142,-0.15%,32589,60079
DXZ21,2021-10-11,94.105,94.415,94.03,94.326,0.247,+0.26%,19734,61899
DXZ21,2021-10-12,94.395,94.57,94.235,94.519,0.193,+0.20%,17659,62836
DXZ21,2021-10-13,94.525,94.55,94.005,94.08,-0.439,-0.46%,22316,61412
DXZ21,2021-10-14,94.01,94.09,93.76,93.961,-0.119,-0.13%,17780,60706
DXZ21,2021-10-15,94.035,94.07,93.85,93.938,-0.023,-0.02%,18474,61488
DXZ21,2021-10-18,93.94,94.175,93.865,93.945,0.007,+0.01%,20713,61036
DXZ21,2021-10-19,93.95,93.95,93.49,93.728,-0.217,-0.23%,25963,60731
DXZ21,2021-10-20,93.8,93.88,93.52,93.535,-0.193,-0.21%,25934,59207
DXZ21,2021-10-21,93.595,93.785,93.475,93.758,0.223,+0.24%,20307,59076
DXZ21,2021-10-22,93.745,93.78,93.51,93.625,-0.133,-0.14%,23537,58212
DXZ21,2021-10-25,93.66,93.96,93.465,93.809,0.184,+0.20%,25972,58271
DXZ21,2021-10-26,93.83,94.015,93.685,93.941,0.132,+0.14%,20445,58993
DXZ21,2021-10-27,93.955,94.005,93.675,93.798,-0.143,-0.15%,36024,60064
DXZ21,2021-10-28,93.885,93.97,93.265,93.326,-0.472,-0.50%,35866,58372
DXZ21,2021-10-29,93.34,94.3,93.31,94.121,0.795,+0.85%,35278,59281
DXZ21,2021-11-01,94.12,94.31,93.85,93.879,-0.242,-0.26%,21922,58706
DXZ21,2021-11-02,93.935,94.135,93.81,94.079,0.2,+0.21%,22203,57947
DXZ21,2021-11-03,94.1,94.215,93.8,93.853,-0.226,-0.24%,22604,58520
DXZ21,2021-11-04,93.82,94.47,93.82,94.341,0.488,+0.52%,21511,57683
DXZ21,2021-11-05,94.33,94.645,94.18,94.317,-0.024,-0.03%,32739,58963
DXZ21,2021-11-08,94.215,94.375,93.985,94.042,-0.275,-0.29%,26591,58578
DXZ21,2021-11-09,94.1,94.155,93.865,93.956,-0.086,-0.09%,22174,57713
DXZ21,2021-11-10,93.98,94.9,93.965,94.838,0.882,+0.94%,28740,58683
DXZ21,2021-11-11,94.88,95.195,94.835,95.175,0.337,+0.36%,18600,59202
DXZ21,2021-11-12,95.215,95.27,94.995,95.128,-0.047,-0.05%,13404,58832
DXZ21,2021-11-15,95.1,95.595,94.965,95.405,0.277,+0.29%,18039,59617
DXZ21,2021-11-16,95.485,95.98,95.4,95.911,0.506,+0.53%,20756,59387
DXZ21,2021-11-17,95.925,96.27,95.725,95.829,-0.082,-0.09%,18569,59927
DXZ21,2021-11-18,95.805,95.85,95.525,95.542,-0.287,-0.30%,15553,59625
DXZ21,2021-11-19,95.58,96.245,95.58,96.028,0.486,+0.51%,25298,58783
DXZ21,2021-11-22,96.075,96.56,96.04,96.544,0.516,+0.54%,23059,57959
DXZ21,2021-11-23,96.465,96.615,96.315,96.494,-0.05,-0.05%,15623,57694
DXZ21,2021-11-24,96.535,96.94,96.44,96.872,0.378,+0.39%,14410,57763
DXZ21,2021-11-25,96.775,96.872,96.66,96.872,0,0.00%,5973,58151
DXZ21,2021-11-26,96.73,96.77,96.01,96.104,-0.768,-0.79%,23160,56156
DXZ21,2021-11-29,96.18,96.45,96.145,96.338,0.234,+0.24%,16491,55145
DXZ21,2021-11-30,96.2,96.655,95.54,96.007,-0.331,-0.34%,36878,52172
DXZ21,2021-12-01,95.96,96.14,95.665,96.024,0.017,+0.02%,15319,52354
DXZ21,2021-12-02,96.07,96.18,95.825,96.158,0.134,+0.14%,13625,52960
DXZ21,2021-12-03,96.15,96.445,95.94,96.114,-0.044,-0.05%,20271,53591
DXZ21,2021-12-06,96.175,96.435,96.125,96.33,0.216,+0.22%,36254,57692
DXZ21,2021-12-07,96.31,96.59,96.17,96.37,0.04,+0.04%,36729,59994
DXH22,2021-12-08,96.26,96.36,95.815,95.865,-0.505,-0.52%,56955,60595
DXH22,2021-12-09,95.965,96.325,95.945,96.232,0.367,+0.38%,36719,59266
DXH22,2021-12-10,96.235,96.415,95.95,96.074,-0.158,-0.16%,27856,58429
DXH22,2021-12-13,96.085,96.42,96.025,96.272,0.198,+0.21%,10947,52071
DXH22,2021-12-14,96.365,96.555,96.07,96.538,0.266,+0.28%,13380,52098
DXH22,2021-12-15,96.495,96.895,96.25,96.482,-0.056,-0.06%,18917,52775
DXH22,2021-12-16,96.375,96.405,95.81,96.015,-0.467,-0.48%,20932,53881
DXH22,2021-12-17,95.98,96.655,95.845,96.548,0.533,+0.56%,13503,54190
DXH22,2021-12-20,96.62,96.67,96.33,96.545,-0.003,0.00%,13705,55364
DXH22,2021-12-21,96.515,96.625,96.335,96.489,-0.056,-0.06%,11675,56162
DXH22,2021-12-22,96.47,96.585,96.01,96.059,-0.43,-0.45%,12756,57061
DXH22,2021-12-23,96.05,96.265,95.97,95.985,-0.074,-0.08%,10897,57445
DXH22,2021-12-24,95.985,95.985,95.985,95.985,0,0.00%,0,57445
DXH22,2021-12-27,96.095,96.245,96.035,96.086,0.101,+0.11%,9320,57408
DXH22,2021-12-28,96.06,96.27,95.985,96.203,0.117,+0.12%,9392,57892
DXH22,2021-12-29,96.135,96.395,95.735,95.926,-0.277,-0.29%,16607,57924
DXH22,2021-12-30,95.875,96.225,95.865,95.964,0.038,+0.04%,12441,56942
DXH22,2021-12-31,95.965,96.105,95.575,95.593,-0.371,-0.39%,15074,58306
DXH22,2022-01-03,95.6,96.33,95.6,96.211,0.618,+0.65%,16851,58005
DXH22,2022-01-04,96.195,96.475,96.04,96.274,0.063,+0.07%,13028,58089
DXH22,2022-01-05,96.33,96.335,95.885,96.182,-0.092,-0.10%,18795,58914
DXH22,2022-01-06,96.21,96.4,96.035,96.326,0.144,+0.15%,14368,58468
DXH22,2022-01-07,96.25,96.275,95.705,95.722,-0.604,-0.63%,23070,59088
DXH22,2022-01-10,95.74,96.23,95.735,95.99,0.268,+0.28%,15023,57428
DXH22,2022-01-11,95.905,96.075,95.575,95.625,-0.365,-0.38%,14269,57218
DXH22,2022-01-12,95.585,95.69,94.89,94.901,-0.724,-0.76%,28412,55248
DXH22,2022-01-13,94.975,95.01,94.635,94.775,-0.126,-0.13%,20207,55109
DXH22,2022-01-14,94.83,95.255,94.61,95.161,0.386,+0.41%,19368,54391
DXH22,2022-01-17,95.155,95.335,95.03,95.161,0,0.00%,9406,54596
DXH22,2022-01-18,95.15,95.81,95.105,95.723,0.562,+0.59%,24176,53283
DXH22,2022-01-19,95.715,95.775,95.47,95.5,-0.223,-0.23%,17341,52298
DXH22,2022-01-20,95.53,95.85,95.405,95.725,0.225,+0.24%,19220,53157
DXH22,2022-01-21,95.795,95.835,95.485,95.636,-0.089,-0.09%,14021,53163
DXH22,2022-01-24,95.675,96.13,95.625,95.901,0.265,+0.28%,20504,52712
DXH22,2022-01-25,95.915,96.26,95.895,95.928,0.027,+0.03%,16082,52328
DXH22,2022-01-26,95.95,96.535,95.9,96.4,0.472,+0.49%,23426,52477
DXH22,2022-01-27,96.53,97.3,96.53,97.242,0.842,+0.87%,24716,54288
DXH22,2022-01-28,97.22,97.44,97.05,97.266,0.024,+0.02%,22459,55884
DXH22,2022-01-31,97.22,97.3,96.51,96.537,-0.729,-0.75%,21374,56078
DXH22,2022-02-01,96.695,96.715,96.215,96.375,-0.162,-0.17%,21418,56477
DXH22,2022-02-02,96.27,96.3,95.795,95.935,-0.44,-0.46%,21706,54837
DXH22,2022-02-03,96.06,96.25,95.23,95.379,-0.556,-0.58%,39397,55511
DXH22,2022-02-04,95.305,95.695,95.145,95.48,0.101,+0.11%,26940,55348
DXH22,2022-02-07,95.415,95.62,95.34,95.392,-0.088,-0.09%,16494,54552
DXH22,2022-02-08,95.42,95.745,95.39,95.641,0.249,+0.26%,16677,53603
DXH22,2022-02-09,95.63,95.665,95.375,95.494,-0.147,-0.15%,17756,54246
DXH22,2022-02-10,95.595,96.01,95.16,95.548,0.054,+0.06%,44449,53792
DXH22,2022-02-11,95.85,96.135,95.63,96.073,0.525,+0.55%,34311,54383
DXH22,2022-02-14,96.01,96.43,95.91,96.356,0.283,+0.29%,33282,53478
DXH22,2022-02-15,96.23,96.29,95.95,95.993,-0.363,-0.38%,23405,54283
DXH22,2022-02-16,95.98,96.055,95.665,95.697,-0.296,-0.31%,17524,54394
DXH22,2022-02-17,95.805,96.115,95.68,95.803,0.106,+0.11%,34736,54603
DXH22,2022-02-18,95.835,96.175,95.725,96.022,0.219,+0.23%,18256,54438
DXH22,2022-02-21,96.12,96.145,95.65,96.02,-0.002,0.00%,23490,55373
DXH22,2022-02-22,96.12,96.25,95.83,96.011,-0.009,-0.01%,20457,54922
DXH22,2022-02-23,96.005,96.24,95.835,96.188,0.177,+0.18%,20291,55264
DXH22,2022-02-24,96.255,97.735,96.255,97.118,0.93,+0.97%,54562,54764
DXH22,2022-02-25,97.04,97.225,96.51,96.619,-0.499,-0.51%,34009,57073
DXH22,2022-02-28,97.23,97.4,96.61,96.694,0.075,+0.08%,31273,58116
DXH22,2022-03-01,96.81,97.575,96.625,97.406,0.712,+0.74%,29843,56651
DXH22,2022-03-02,97.405,97.85,97.295,97.414,0.008,+0.01%,30830,57609
DXH22,2022-03-03,97.48,97.965,97.44,97.791,0.377,+0.39%,22624,56077
DXH22,2022-03-04,98.065,98.945,97.84,98.671,0.88,+0.90%,31543,56875
DXH22,2022-03-07,98.635,99.425,98.625,99.295,0.624,+0.63%,66205,59827
DXH22,2022-03-08,99.25,99.33,98.7,99.08,-0.215,-0.22%,56762,62447
DXH22,2022-03-09,99.015,99.085,97.85,97.953,-1.127,-1.14%,67714,65629
DXM22,2022-03-10,98.17,98.625,97.785,98.557,0.604,+0.62%,60280,65036
DXM22,2022-03-11,98.54,99.195,98.285,99.183,0.626,+0.64%,43200,64126
DXM22,2022-03-14,99.075,99.3,98.705,99.024,-0.159,-0.16%,15745,48357
DXM22,2022-03-15,99.085,99.18,98.6,99.064,0.04,+0.04%,20669,47574
DXM22,2022-03-16,98.91,99.1,98.295,98.621,-0.443,-0.45%,23764,49190
DXM22,2022-03-17,98.455,98.48,97.715,97.975,-0.646,-0.66%,18641,49812
DXM22,2022-03-18,97.98,98.635,97.845,98.227,0.252,+0.26%,13969,49752
DXM22,2022-03-21,98.245,98.54,98.16,98.499,0.272,+0.28%,10853,50183
DXM22,2022-03-22,98.495,98.96,98.315,98.523,0.024,+0.02%,16073,51952
DXM22,2022-03-23,98.54,98.895,98.425,98.615,0.092,+0.09%,10359,51208
DXM22,2022-03-24,98.63,98.965,98.6,98.8,0.185,+0.19%,16482,51219
DXM22,2022-03-25,98.74,98.865,98.42,98.822,0.022,+0.02%,11834,52248
DXM22,2022-03-28,98.84,99.365,98.82,99.055,0.233,+0.24%,22633,48890
DXM22,2022-03-29,99.05,99.265,98.055,98.441,-0.614,-0.62%,32155,53967
DXM22,2022-03-30,98.465,98.49,97.73,97.875,-0.566,-0.57%,20818,55536
DXM22,2022-03-31,97.9,98.44,97.76,98.36,0.485,+0.50%,21418,54986
DXM22,2022-04-01,98.36,98.755,98.345,98.627,0.267,+0.27%,16710,51805
DXM22,2022-04-04,98.63,99.07,98.515,98.974,0.347,+0.35%,14029,51042
DXM22,2022-04-05,98.975,99.505,98.82,99.428,0.454,+0.46%,25460,49049
DXM22,2022-04-06,99.48,99.8,99.315,99.615,0.187,+0.19%,27304,54762
DXM22,2022-04-07,99.665,99.85,99.435,99.76,0.145,+0.15%,17557,54038
DXM22,2022-04-08,99.825,100.2,99.745,99.753,-0.007,-0.01%,26006,51486
DXM22,2022-04-11,99.69,100.05,99.61,99.924,0.171,+0.17%,14597,52037
DXM22,2022-04-12,100.02,100.335,99.74,100.292,0.368,+0.37%,21010,54836
DXM22,2022-04-13,100.32,100.515,99.805,99.913,-0.379,-0.38%,33316,57513
DXM22,2022-04-14,99.84,100.77,99.555,100.326,0.413,+0.41%,39565,52781
DXM22,2022-04-18,100.47,100.85,100.45,100.766,0.44,+0.44%,10363,52413
DXM22,2022-04-19,100.8,101.03,100.68,100.964,0.198,+0.20%,14378,54524
DXM22,2022-04-20,101,101.045,100.215,100.417,-0.547,-0.54%,26373,57754
DXM22,2022-04-21,100.35,100.675,99.81,100.614,0.197,+0.20%,32597,57518
DXM22,2022-04-22,100.635,101.34,100.485,101.213,0.599,+0.60%,30521,53460
DXM22,2022-04-25,101.105,101.865,101.05,101.769,0.556,+0.55%,19609,55713
DXM22,2022-04-26,101.705,102.37,101.535,102.318,0.549,+0.54%,23264,56712
DXM22,2022-04-27,102.33,103.29,102.24,102.963,0.645,+0.63%,37564,53925
DXM22,2022-04-28,103.025,103.95,103.01,103.659,0.696,+0.68%,54185,56364
DXM22,2022-04-29,103.685,103.685,102.81,102.963,-0.696,-0.67%,54190,52533
DXM22,2022-05-02,103.225,103.775,103.12,103.766,0.803,+0.78%,14346,53420
DXM22,2022-05-03,103.6,103.7,103.06,103.496,-0.27,-0.26%,13822,54092
DXM22,2022-05-04,103.48,103.67,102.48,102.594,-0.902,-0.87%,26101,55012
DXM22,2022-05-05,102.57,103.97,102.375,103.802,1.208,+1.18%,42681,55012
DXM22,2022-05-06,103.61,104.105,103.235,103.694,-0.108,-0.10%,30682,59221
DXM22,2022-05-09,103.69,104.21,103.42,103.689,-0.005,0.00%,33620,60855
DXM22,2022-05-10,103.725,104.005,103.53,103.943,0.254,+0.24%,22014,57556
DXM22,2022-05-11,103.96,104.155,103.405,103.874,-0.069,-0.07%,40120,59462
DXM22,2022-05-12,104.07,104.955,103.915,104.897,1.023,+0.98%,45585,57450
DXM22,2022-05-13,104.835,105.065,104.5,104.621,-0.276,-0.26%,33652,62823
DXM22,2022-05-16,104.65,104.7,104.155,104.2,-0.421,-0.40%,22289,57682
DXM22,2022-05-17,104.175,104.26,103.25,103.407,-0.793,-0.76%,28703,61899
DXM22,2022-05-18,103.35,103.96,103.235,103.862,0.455,+0.44%,30820,65948
DXM22,2022-05-19,103.87,103.935,102.695,102.751,-1.111,-1.07%,28939,65823
DXM22,2022-05-20,102.95,103.295,102.805,103.173,0.422,+0.41%,20768,66274
DXM22,2022-05-23,103.02,103.07,102.045,102.097,-1.076,-1.04%,31703,63904
DXM22,2022-05-24,102.145,102.335,101.655,101.87,-0.227,-0.22%,29324,61857
DXM22,2022-05-25,101.76,102.47,101.75,102.077,0.207,+0.20%,23375,64366
DXM22,2022-05-26,102.1,102.29,101.76,101.858,-0.219,-0.21%,14414,64059
DXM22,2022-05-27,101.75,101.955,101.455,101.698,-0.16,-0.16%,17372,63980
DXM22,2022-05-30,101.67,101.735,101.3,101.305,-0.393,-0.39%,11257,62830
DXM22,2022-05-31,101.42,102.205,101.42,101.766,0.461,+0.46%,20665,63863
DXM22,2022-06-01,101.77,102.75,101.77,102.529,0.763,+0.75%,20321,63769
DXM22,2022-06-02,102.6,102.645,101.745,101.832,-0.697,-0.68%,23154,62598
DXM22,2022-06-03,101.78,102.245,101.66,102.16,0.328,+0.32%,16592,63689
DXM22,2022-06-06,102.23,102.475,101.865,102.447,0.287,+0.28%,33912,64119
DXM22,2022-06-07,102.475,102.85,102.26,102.325,-0.122,-0.12%,39489,65163
DXM22,2022-06-08,102.405,102.78,102.265,102.546,0.221,+0.22%,56357,65981
DXU22,2022-06-09,102.44,103.215,102.005,103.081,0.535,+0.52%,74208,64024
DXU22,2022-06-10,103.175,104.1,102.91,104.013,0.932,+0.90%,63211,71615
DXU22,2022-06-13,104.1,105.15,104.095,104.966,0.953,+0.92%,53670,62058
DXU22,2022-06-14,105.005,105.475,104.48,105.342,0.376,+0.36%,33676,61144
DXU22,2022-06-15,105.13,105.565,104.425,104.935,-0.407,-0.39%,61710,59446
DXU22,2022-06-16,104.6,105.28,103.2,103.417,-1.518,-1.45%,45727,57905
DXU22,2022-06-17,103.685,104.885,103.64,104.488,1.071,+1.04%,33443,56714
DXU22,2022-06-20,104.5,104.59,104.015,104.488,0,0.00%,12239,57689
DXU22,2022-06-21,104.245,104.315,103.73,104.211,-0.277,-0.27%,15573,58543
DXU22,2022-06-22,104.215,104.73,103.615,103.981,-0.23,-0.22%,27639,59258
DXU22,2022-06-23,104,104.545,103.84,104.192,0.211,+0.20%,33280,58568
DXU22,2022-06-24,104.155,104.28,103.74,103.959,-0.233,-0.22%,26058,61549
DXU22,2022-06-27,103.865,103.995,103.42,103.678,-0.281,-0.27%,21586,61954
DXU22,2022-06-28,103.705,104.37,103.505,104.261,0.583,+0.56%,20898,63143
DXU22,2022-06-29,104.27,104.895,104.14,104.849,0.588,+0.56%,31705,60974
DXU22,2022-06-30,104.835,105.315,104.405,104.464,-0.385,-0.37%,30334,60719
DXU22,2022-07-01,104.515,105.44,104.515,104.909,0.445,+0.43%,20160,60625
DXU22,2022-07-04,104.91,105.055,104.58,104.909,0,0.00%,10941,61541
DXU22,2022-07-05,104.915,106.58,104.835,106.32,1.411,+1.34%,50236,60857
DXU22,2022-07-06,106.33,107.07,106.135,106.898,0.578,+0.54%,38085,59706
DXU22,2022-07-07,106.87,107.05,106.53,106.959,0.061,+0.06%,21431,60732
DXU22,2022-07-08,106.835,107.615,106.64,106.821,-0.138,-0.13%,40186,60642
DXU22,2022-07-11,106.685,108.085,106.685,107.829,1.008,+0.94%,25636,60306
DXU22,2022-07-12,107.995,108.42,107.67,107.912,0.083,+0.08%,31419,59565
DXU22,2022-07-13,108.03,108.415,107.27,107.756,-0.156,-0.14%,38754,57359
DXU22,2022-07-14,108.07,109.14,108.015,108.407,0.651,+0.60%,42137,59374
DXU22,2022-07-15,108.44,108.585,107.76,107.911,-0.496,-0.46%,24490,58791
DXU22,2022-07-18,107.815,107.9,106.745,107.231,-0.68,-0.63%,28235,58451
DXU22,2022-07-19,107.3,107.49,106.25,106.55,-0.681,-0.64%,39741,59214
DXU22,2022-07-20,106.555,107.13,106.23,106.953,0.403,+0.38%,31360,61732
DXU22,2022-07-21,106.975,107.25,106.3,106.804,-0.149,-0.14%,36561,62831
DXU22,2022-07-22,106.525,107.25,105.99,106.621,-0.183,-0.17%,39808,61894
DXU22,2022-07-25,106.405,106.76,106.065,106.355,-0.266,-0.25%,23756,62240
DXU22,2022-07-26,106.315,107.15,106.055,107.044,0.689,+0.65%,30054,60456
DXU22,2022-07-27,107.02,107.3,106.13,106.331,-0.713,-0.67%,48239,61693
DXU22,2022-07-28,106.265,106.85,105.925,106.236,-0.095,-0.09%,39136,59845
DXU22,2022-07-29,106.07,106.535,105.41,105.779,-0.457,-0.43%,41513,58576
DXU22,2022-08-01,105.73,105.92,105.105,105.336,-0.443,-0.42%,28523,59085
DXU22,2022-08-02,105.25,106.2,104.92,106.104,0.768,+0.73%,38711,57054
DXU22,2022-08-03,106.255,106.7,105.855,106.377,0.273,+0.26%,42704,56397
DXU22,2022-08-04,106.365,106.41,105.54,105.566,-0.811,-0.76%,25678,56652
DXU22,2022-08-05,105.61,106.81,105.58,106.49,0.924,+0.88%,42936,55054
DXU22,2022-08-08,106.49,106.67,105.975,106.323,-0.167,-0.16%,31930,59811
DXU22,2022-08-09,106.24,106.31,105.855,106.252,-0.071,-0.07%,16824,59639
DXU22,2022-08-10,106.22,106.29,104.515,105.08,-1.172,-1.10%,42018,61630
DXU22,2022-08-11,105.105,105.335,104.52,104.994,-0.086,-0.08%,33366,62789
DXU22,2022-08-12,105.015,105.77,104.97,105.51,0.516,+0.49%,35040,60701
DXU22,2022-08-15,105.515,106.435,105.435,106.433,0.923,+0.87%,39986,59637
DXU22,2022-08-16,106.365,106.84,106.205,106.388,-0.045,-0.04%,25881,58909
DXU22,2022-08-17,106.37,106.795,106.18,106.486,0.098,+0.09%,23390,58693
DXU22,2022-08-18,106.575,107.495,106.425,107.415,0.929,+0.87%,33911,57819
DXU22,2022-08-19,107.415,108.14,107.415,108.098,0.683,+0.64%,35598,59761
DXU22,2022-08-22,108.055,109.025,108.02,108.981,0.883,+0.82%,42546,57317
DXU22,2022-08-23,108.915,109.205,107.99,108.554,-0.427,-0.39%,50022,57318
DXU22,2022-08-24,108.49,109.055,108.295,108.616,0.062,+0.06%,23774,57002
DXU22,2022-08-25,108.605,108.645,107.945,108.433,-0.183,-0.17%,22084,57284
DXU22,2022-08-26,108.425,108.825,107.48,108.751,0.318,+0.29%,43112,57445
DXU22,2022-08-29,108.8,109.445,108.435,108.79,0.039,+0.04%,32290,59151
DXU22,2022-08-30,108.635,109.085,108.235,108.749,-0.041,-0.04%,28405,60184
DXU22,2022-08-31,108.73,109.17,108.335,108.665,-0.084,-0.08%,27362,59589
DXU22,2022-09-01,108.825,109.98,108.735,109.678,1.013,+0.93%,34471,61659
DXU22,2022-09-02,109.6,109.695,108.91,109.51,-0.168,-0.15%,35466,62066
DXU22,2022-09-05,109.825,110.26,109.51,109.51,0,0.00%,19722,63286
DXU22,2022-09-06,109.605,110.55,109.37,110.204,0.694,+0.63%,32306,61662
DXU22,2022-09-07,110.32,110.785,109.515,109.832,-0.372,-0.34%,42324,61871
DXU22,2022-09-08,109.695,110.25,109.29,109.713,-0.119,-0.11%,54461,59008
DXU22,2022-09-09,109.54,109.55,108.35,108.997,-0.716,-0.65%,42687,57932
DXU22,2022-09-12,108.62,108.865,107.8,108.316,-0.681,-0.62%,66728,60322
DXU22,2022-09-13,108.21,109.92,107.67,109.809,1.493,+1.38%,62270,62077
DXU22,2022-09-14,109.835,109.92,109.265,109.631,-0.178,-0.16%,81825,67883
DXZ22,2022-09-15,109.345,109.65,109.15,109.452,-0.179,-0.16%,57109,68415
DXZ22,2022-09-16,109.54,109.995,109.2,109.506,0.054,+0.05%,61505,70013
DXZ22,2022-09-19,109.415,109.905,109.23,109.466,-0.04,-0.04%,23234,53877
DXZ22,2022-09-20,109.29,110.015,109.075,109.942,0.476,+0.43%,28337,54292
DXZ22,2022-09-21,109.9,111.36,109.86,110.346,0.404,+0.37%,51727,54891
DXZ22,2022-09-22,111.22,111.58,110.22,111.105,0.759,+0.69%,55707,55824
DXZ22,2022-09-23,111.005,113,110.84,112.962,1.857,+1.67%,54854,56075
DXZ22,2022-09-26,112.99,114.445,112.665,114.02,1.058,+0.94%,88055,56794
DXZ22,2022-09-27,113.845,114.425,113.26,114.047,0.027,+0.02%,55284,56046
DXZ22,2022-09-28,114.105,114.745,112.455,112.508,-1.539,-1.35%,99772,51705
DXZ22,2022-09-29,112.96,113.72,111.95,112.202,-0.306,-0.27%,56769,52389
DXZ22,2022-09-30,111.81,112.7,111.54,112.084,-0.118,-0.11%,54891,53840
DXZ22,2022-10-03,112.15,112.53,111.405,111.656,-0.428,-0.38%,39562,54713
DXZ22,2022-10-04,111.505,111.825,109.965,109.981,-1.675,-1.50%,51672,54638
DXZ22,2022-10-05,110.075,111.655,109.985,111.011,1.03,+0.94%,37690,53584
DXZ22,2022-10-06,110.88,112.235,110.72,112.183,1.172,+1.06%,33511,54138
DXZ22,2022-10-07,112.215,112.775,111.865,112.683,0.5,+0.45%,42890,55080
DXZ22,2022-10-10,112.655,113.285,112.51,113.071,0.388,+0.34%,34811,55488
DXZ22,2022-10-11,113.005,113.47,112.295,113.128,0.057,+0.05%,47418,54615
DXZ22,2022-10-12,113.23,113.495,112.905,113.224,0.096,+0.08%,39255,54836
DXZ22,2022-10-13,113.175,113.85,112.02,112.253,-0.971,-0.86%,78934,55142
DXZ22,2022-10-14,112.475,113.3,112.06,113.202,0.949,+0.85%,48009,54378
DXZ22,2022-10-17,113.17,113.17,111.79,111.908,-1.294,-1.14%,41720,55145
DXZ22,2022-10-18,111.97,112.35,111.63,111.994,0.086,+0.08%,41825,55234
DXZ22,2022-10-19,111.815,112.995,111.78,112.879,0.885,+0.79%,34375,56307
DXZ22,2022-10-20,112.9,113.03,112.05,112.818,-0.061,-0.05%,39871,56736
DXZ22,2022-10-21,112.845,113.835,111.575,111.98,-0.838,-0.74%,113924,60638
DXZ22,2022-10-24,111.605,112.465,111.335,111.909,-0.071,-0.06%,40742,60638
DXZ22,2022-10-25,111.815,112.065,110.625,110.83,-1.079,-0.96%,49781,59053
DXZ22,2022-10-26,110.84,111.015,109.465,109.552,-1.278,-1.15%,50812,57045
DXZ22,2022-10-27,109.45,110.48,109.365,110.453,0.901,+0.82%,50752,56071
DXZ22,2022-10-28,110.395,110.925,110.135,110.606,0.153,+0.14%,38265,56394
DXZ22,2022-10-31,110.675,111.535,110.585,111.42,0.814,+0.74%,25070,55789
DXZ22,2022-11-01,111.44,111.655,110.565,111.359,-0.061,-0.05%,36677,55942
DXZ22,2022-11-02,111.365,112.025,110.26,111.226,-0.133,-0.12%,48447,56647
DXZ22,2022-11-03,112.03,113.045,111.705,112.804,1.578,+1.42%,51081,54509
DXZ22,2022-11-04,112.875,112.875,110.61,110.774,-2.03,-1.80%,63224,57003
DXZ22,2022-11-07,111,111.17,109.92,109.993,-0.781,-0.71%,34497,56073
DXZ22,2022-11-08,110,110.5,109.24,109.542,-0.451,-0.41%,37116,56340
DXZ22,2022-11-09,109.625,110.545,109.355,110.46,0.918,+0.84%,47035,53952
DXZ22,2022-11-10,110.205,110.89,107.585,108.092,-2.368,-2.14%,72319,53355
DXZ22,2022-11-11,108.05,108.32,106.14,106.164,-1.928,-1.78%,56250,52026
DXZ22,2022-11-14,106.655,107.15,106.33,106.531,0.367,+0.35%,40587,50534
DXZ22,2022-11-15,106.9,106.995,105.155,106.295,-0.236,-0.22%,76424,48382
DXZ22,2022-11-16,106.47,106.665,105.72,106.152,-0.143,-0.13%,46506,48685
DXZ22,2022-11-17,106.25,107.14,105.975,106.592,0.44,+0.41%,35492,48403
DXZ22,2022-11-18,106.485,106.92,106.23,106.826,0.234,+0.22%,27375,47707
DXZ22,2022-11-21,106.91,107.895,106.78,107.732,0.906,+0.85%,24181,47881
DXZ22,2022-11-22,107.57,107.66,107.01,107.115,-0.617,-0.57%,20430,47718
DXZ22,2022-11-23,107.045,107.135,105.91,105.967,-1.148,-1.07%,31814,48317
DXZ22,2022-11-24,105.88,105.995,105.545,105.967,0,0.00%,13702,49553
DXZ22,2022-11-25,105.845,106.345,105.605,105.917,-0.05,-0.05%,17063,49356
DXZ22,2022-11-28,106.12,106.695,105.255,106.632,0.715,+0.68%,42892,48287
DXZ22,2022-11-29,106.605,106.82,105.995,106.768,0.136,+0.13%,24916,46836
DXZ22,2022-11-30,106.66,107.15,105.71,105.897,-0.871,-0.82%,38271,45742
DXZ22,2022-12-01,105.57,105.86,104.55,104.689,-1.208,-1.14%,44829,44867
DXZ22,2022-12-02,104.795,105.575,103.935,104.5,-0.189,-0.18%,44864,45825
DXZ22,2022-12-05,104.435,105.36,104.065,105.239,0.739,+0.71%,37430,45504
DXZ22,2022-12-06,105.095,105.585,104.85,105.542,0.303,+0.29%,30195,45115
DXZ22,2022-12-07,105.565,105.8,104.82,105.056,-0.486,-0.46%,34984,45737
DXZ22,2022-12-08,105.225,105.415,104.685,104.756,-0.3,-0.29%,27548,45739
DXZ22,2022-12-09,104.77,105.2,104.41,104.799,0.043,+0.04%,40468,46338
DXZ22,2022-12-12,104.85,105.235,104.64,105.104,0.305,+0.29%,37926,47215
DXZ22,2022-12-13,104.94,105.085,103.53,103.943,-1.161,-1.10%,43730,48069
DXZ22,2022-12-14,103.99,104.195,103.395,103.739,-0.204,-0.20%,76099,51408
DXH23,2022-12-15,103.23,104.495,102.875,104.203,0.464,+0.45%,88940,55255
DXH23,2022-12-16,104.155,104.48,103.82,104.333,0.13,+0.12%,50098,54911
DXH23,2022-12-19,104.405,104.56,103.765,104.344,0.011,+0.01%,18218,41437
DXH23,2022-12-20,104.37,104.415,103.4,103.606,-0.738,-0.71%,30588,41389
DXH23,2022-12-21,103.625,104.065,103.515,103.847,0.241,+0.23%,16949,41678
DXH23,2022-12-22,103.8,104.3,103.435,104.127,0.28,+0.27%,21053,41900
DXH23,2022-12-23,104.175,104.235,103.815,104.01,-0.117,-0.11%,15957,41814
DXH23,2022-12-27,103.835,104.11,103.585,103.893,-0.117,-0.11%,13290,41653
DXH23,2022-12-28,104.005,104.27,103.565,104.182,0.289,+0.28%,19035,42000
DXH23,2022-12-29,104.08,104.215,103.535,103.586,-0.596,-0.57%,14476,41897
DXH23,2022-12-30,103.64,103.865,103.145,103.269,-0.317,-0.31%,22951,42299
DXH23,2023-01-03,103.445,104.65,103.235,104.312,1.043,+1.01%,32481,41850
DXH23,2023-01-04,104.375,104.385,103.595,104.021,-0.291,-0.28%,22778,41066
DXH23,2023-01-05,103.83,105.06,103.78,104.828,0.807,+0.78%,26426,41168
DXH23,2023-01-06,104.84,105.5,103.62,103.646,-1.182,-1.13%,38722,40899
DXH23,2023-01-09,103.69,103.69,102.68,102.743,-0.903,-0.87%,35779,43240
DXH23,2023-01-10,102.975,103.25,102.77,102.98,0.237,+0.23%,20619,42307
DXH23,2023-01-11,102.98,103.23,102.85,102.928,-0.052,-0.05%,22778,42080
DXH23,2023-01-12,102.9,103.1,101.81,101.995,-0.933,-0.91%,52646,40385
DXH23,2023-01-13,102,102.395,101.72,101.946,-0.049,-0.05%,24134,39716
DXH23,2023-01-16,101.9,102.3,101.465,101.946,0,0.00%,11985,41021
DXH23,2023-01-17,102.045,102.325,101.68,102.141,0.195,+0.19%,27526,39388
DXH23,2023-01-18,102.255,102.655,101.265,102.107,-0.034,-0.03%,40416,39486
DXH23,2023-01-19,102.2,102.265,101.76,101.831,-0.276,-0.27%,20262,39420
DXH23,2023-01-20,101.855,102.32,101.7,101.781,-0.05,-0.05%,20264,39547
DXH23,2023-01-23,101.72,102.04,101.345,101.916,0.135,+0.13%,21480,40661
DXH23,2023-01-24,101.77,102.205,101.485,101.675,-0.241,-0.24%,22292,41233
DXH23,2023-01-25,101.735,101.89,101.33,101.416,-0.259,-0.25%,23376,42799
DXH23,2023-01-26,101.395,101.985,101.295,101.638,0.222,+0.22%,23138,42724
DXH23,2023-01-27,101.52,101.99,101.49,101.721,0.083,+0.08%,23141,42816
DXH23,2023-01-30,101.75,102.125,101.46,102.086,0.365,+0.36%,21531,42821
DXH23,2023-01-31,102.015,102.45,101.825,101.915,-0.171,-0.17%,31361,38140
DXH23,2023-02-01,101.925,102.015,100.805,101.028,-0.887,-0.87%,36969,39552
DXH23,2023-02-02,100.75,101.745,100.68,101.575,0.547,+0.54%,42821,40844
DXH23,2023-02-03,101.65,102.85,101.38,102.755,1.18,+1.16%,42824,40427
DXH23,2023-02-06,102.895,103.65,102.845,103.498,0.743,+0.72%,37244,35270
DXH23,2023-02-07,103.415,103.85,102.87,103.298,-0.2,-0.19%,27518,33546
DXH23,2023-02-08,103.17,103.385,102.88,103.272,-0.026,-0.03%,17896,33288
DXH23,2023-02-09,103.385,103.45,102.52,103.106,-0.166,-0.16%,22035,33003
DXH23,2023-02-10,103.12,103.59,102.8,103.535,0.429,+0.42%,22039,33563
DXH23,2023-02-13,103.435,103.745,103.125,103.248,-0.287,-0.28%,0,0
DXH23,2023-02-14,103.1,103.44,102.39,103.123,-0.125,-0.12%,37566,32966
DXH23,2023-02-15,103.12,104.03,103.07,103.839,0.716,+0.69%,24564,34207
DXH23,2023-02-16,103.815,104.17,103.465,103.791,-0.048,-0.05%,30089,35157
DXH23,2023-02-17,104.095,104.605,103.765,103.78,-0.011,-0.01%,30091,35238
DXH23,2023-02-20,103.83,104.02,103.685,103.78,0,0.00%,0,0
DXH23,2023-02-21,103.85,104.2,103.7,104.112,0.332,+0.32%,18200,36022
DXH23,2023-02-22,104.03,104.54,103.945,104.523,0.411,+0.39%,15353,36126
DXH23,2023-02-23,104.43,104.735,104.265,104.539,0.016,+0.02%,15598,36392
DXH23,2023-02-24,104.445,105.275,104.375,105.158,0.619,+0.59%,15600,36643
DXH23,2023-02-27,105.21,105.32,104.49,104.624,-0.534,-0.51%,18415,37113
DXH23,2023-02-28,104.61,104.95,104.36,104.825,0.201,+0.19%,19605,37290
DXH23,2023-03-01,104.985,105.035,104.045,104.432,-0.393,-0.37%,27388,36030
DXH23,2023-03-02,104.44,105.155,104.42,104.995,0.563,+0.54%,19094,35466
DXH23,2023-03-03,104.845,104.985,104.45,104.488,-0.507,-0.48%,19094,35762
DXH23,2023-03-06,104.54,104.665,104.13,104.325,-0.163,-0.16%,28874,36184
DXH23,2023-03-07,104.275,105.635,104.095,105.592,1.267,+1.21%,30828,36943
DXH23,2023-03-08,105.6,105.87,105.335,105.634,0.042,+0.04%,46784,38393
DXM23,2023-03-09,105.265,105.35,104.745,104.908,-0.726,-0.69%,48825,37896
DXM23,2023-03-10,104.745,104.97,103.585,104.152,-0.756,-0.72%,48825,37651
DXM23,2023-03-13,103.745,104.045,103.07,103.183,-0.969,-0.93%,0,0
DXM23,2023-03-14,103.245,103.78,103.085,103.215,0.032,+0.03%,19893,35180
DXM23,2023-03-15,103.325,104.72,103.045,104.276,1.061,+1.03%,27734,35139
DXM23,2023-03-16,104.34,104.405,103.895,104.092,-0.184,-0.18%,27802,35871
DXM23,2023-03-17,104.1,104.125,103.335,103.36,-0.732,-0.70%,27802,35349
DXM23,2023-03-20,103.415,103.64,102.905,102.933,-0.427,-0.41%,0,0
DXM23,2023-03-21,102.96,103.145,102.635,102.897,-0.036,-0.03%,12945,33819
DXM23,2023-03-22,102.84,102.91,101.67,101.972,-0.925,-0.90%,19365,33603
DXM23,2023-03-23,102.095,102.295,101.555,102.207,0.235,+0.23%,22498,32423
DXM23,2023-03-24,102.265,103.025,102.165,102.764,0.557,+0.54%,22498,31134
DXM23,2023-03-27,102.77,102.895,102.48,102.518,-0.246,-0.24%,0,0
DXM23,2023-03-28,102.425,102.43,102.04,102.106,-0.412,-0.40%,9411,31128
DXM23,2023-03-29,102.13,102.44,102.03,102.298,0.192,+0.19%,10013,31218
DXM23,2023-03-30,102.305,102.46,101.75,101.821,-0.477,-0.47%,8879,31160
DXM23,2023-03-31,101.905,102.305,101.73,102.186,0.365,+0.36%,8879,31178
DXM23,2023-04-03,102.27,102.745,101.56,101.787,-0.399,-0.39%,0,0
DXM23,2023-04-04,101.735,101.95,101.14,101.267,-0.52,-0.51%,15278,32076
DXM23,2023-04-05,101.245,101.68,101.09,101.545,0.278,+0.27%,16089,33236
DXM23,2023-04-06,101.575,101.83,101.435,101.519,-0.026,-0.03%,9893,33560
DXM23,2023-04-07,101.635,101.985,101.565,101.73,0.211,+0.21%,9898,34038
DXM23,2023-04-10,101.73,102.48,101.655,102.249,0.519,+0.51%,0,0
DXM23,2023-04-11,102.17,102.19,101.695,101.884,-0.365,-0.36%,7795,33076
DXM23,2023-04-12,101.795,101.835,101.115,101.171,-0.713,-0.70%,15808,33534
DXM23,2023-04-13,101.17,101.29,100.53,100.7,-0.471,-0.47%,15232,35302
DXM23,2023-04-14,100.67,101.43,100.42,101.245,0.545,+0.54%,15237,36246
DXM23,2023-04-17,101.285,101.925,101.225,101.796,0.551,+0.54%,0,0
DXM23,2023-04-18,101.83,101.855,101.335,101.448,-0.348,-0.34%,10995,34865
DXM23,2023-04-19,101.43,101.94,101.365,101.668,0.22,+0.22%,11502,34868
DXM23,2023-04-20,101.695,101.845,101.35,101.566,-0.102,-0.10%,10896,34837
DXM23,2023-04-21,101.52,101.855,101.37,101.552,-0.014,-0.01%,10896,34486
DXM23,2023-04-24,101.45,101.635,101.055,101.073,-0.479,-0.47%,0,0
DXM23,2023-04-25,101,101.675,100.93,101.592,0.519,+0.51%,13086,34441
DXM23,2023-04-26,101.57,101.63,100.74,101.205,-0.387,-0.38%,16407,34563
DXM23,2023-04-27,101.16,101.56,100.93,101.252,0.047,+0.05%,11349,34654
DXM23,2023-04-28,101.21,102.04,101.17,101.403,0.151,+0.15%,11349,34028
DXM23,2023-05-01,101.405,101.96,101.39,101.92,0.517,+0.51%,0,0
DXM23,2023-05-02,101.93,102.185,101.64,101.725,-0.195,-0.19%,16975,32774
DXM23,2023-05-03,101.65,101.7,100.835,101.115,-0.61,-0.60%,17987,32202
DXM23,2023-05-04,101.025,101.415,100.52,101.184,0.069,+0.07%,22007,32821
DXM23,2023-05-05,101.135,101.555,100.9,100.999,-0.185,-0.18%,22007,33137
DXM23,2023-05-08,101.045,101.2,100.825,101.155,0.156,+0.15%,0,0
DXM23,2023-05-09,101.21,101.635,101.155,101.399,0.244,+0.24%,10643,32175
DXM23,2023-05-10,101.415,101.605,101,101.269,-0.13,-0.13%,13799,32648
DXM23,2023-05-11,101.22,101.97,101.115,101.873,0.604,+0.60%,16196,32364
DXM23,2023-05-12,101.905,102.545,101.755,102.509,0.636,+0.62%,16330,31750
DXM23,2023-05-15,102.515,102.585,102.195,102.271,-0.238,-0.23%,12405,31355
DXM23,2023-05-16,102.275,102.535,102.04,102.404,0.133,+0.13%,10371,30880
DXM23,2023-05-17,102.44,102.96,102.375,102.726,0.322,+0.31%,10146,30772
DXM23,2023-05-18,102.74,103.49,102.65,103.455,0.729,+0.71%,14126,30221
DXM23,2023-05-19,103.39,103.49,102.87,103.079,-0.376,-0.36%,18670,30461
DXM23,2023-05-22,103.02,103.255,102.845,103.079,0,0.00%,9927,29970
DXM23,2023-05-23,103.16,103.545,103.055,103.385,0.306,+0.30%,14265,30203
DXM23,2023-05-24,103.445,103.83,103.26,103.799,0.414,+0.40%,15651,31544
DXM23,2023-05-25,103.775,104.245,103.775,104.175,0.376,+0.36%,15231,31631
DXM23,2023-05-26,104.165,104.34,103.715,104.136,-0.039,-0.04%,16057,31860
DXM23,2023-05-29,104.175,104.23,103.97,104.136,0,0.00%,5354,31822
DXM23,2023-05-30,104.23,104.445,103.785,104.078,-0.058,-0.06%,12137,32373
DXM23,2023-05-31,103.99,104.615,103.935,104.245,0.167,+0.16%,18048,33251
DXM23,2023-06-01,104.105,104.44,103.435,103.502,-0.743,-0.71%,17123,33440
DXM23,2023-06-02,103.485,104.035,103.315,103.952,0.45,+0.43%,13597,32871
DXM23,2023-06-05,103.975,104.36,103.87,103.936,-0.016,-0.02%,14691,33257
DXM23,2023-06-06,103.95,104.315,103.755,104.074,0.138,+0.13%,11731,33930
DXM23,2023-06-07,104.035,104.25,103.565,104.055,-0.019,-0.02%,14129,33595
DXM23,2023-06-08,104.005,104.045,103.27,103.316,-0.739,-0.71%,15816,34638
DXM23,2023-06-09,103.3,103.585,103.28,103.533,0.217,+0.21%,17621,34460
DXM23,2023-06-12,103.545,103.74,103.23,103.631,0.098,+0.09%,19959,33325
DXM23,2023-06-13,103.57,103.61,103.025,103.318,-0.313,-0.30%,30748,32050
DXU23,2023-06-14,102.89,102.975,102.235,102.524,-0.794,-0.77%,44970,31649
DXU23,2023-06-15,102.515,102.955,101.695,101.716,-0.808,-0.79%,39643,29496
DXU23,2023-06-16,101.745,102.01,101.585,101.838,0.122,+0.12%,16387,28415
DXU23,2023-06-19,101.875,102.14,101.838,101.838,0,0.00%,4529,28024
DXU23,2023-06-20,102.075,102.375,101.92,102.125,0.287,+0.28%,13518,27306
DXU23,2023-06-21,102.09,102.305,101.62,101.676,-0.449,-0.44%,12805,27808
DXU23,2023-06-22,101.665,102.085,101.485,101.994,0.318,+0.31%,13597,27897
DXU23,2023-06-23,102.005,102.785,101.985,102.542,0.548,+0.54%,13139,27117
DXU23,2023-06-26,102.51,102.51,102.25,102.334,-0.208,-0.20%,8364,27996
DXU23,2023-06-27,102.385,102.445,101.96,102.127,-0.207,-0.20%,10820,27691
DXU23,2023-06-28,102.155,102.815,102.12,102.548,0.421,+0.41%,13322,26866
DXU23,2023-06-29,102.625,103.11,102.455,103.008,0.46,+0.45%,13467,27268
DXU23,2023-06-30,103.025,103.23,102.43,102.587,-0.421,-0.41%,12829,27152
DXU23,2023-07-03,102.645,102.955,102.415,102.654,0.067,+0.07%,9277,26619
DXU23,2023-07-04,102.63,102.765,102.55,102.654,0,0.00%,4461,26547
DXU23,2023-07-05,102.73,103.055,102.63,103.035,0.381,+0.37%,11663,26140
DXU23,2023-07-06,103.025,103.275,102.605,102.867,-0.168,-0.16%,21214,26458
DXU23,2023-07-07,102.785,102.875,101.91,101.95,-0.917,-0.89%,19426,26894
DXU23,2023-07-10,101.97,102.235,101.61,101.642,-0.308,-0.30%,13148,28377
DXU23,2023-07-11,101.61,101.65,101.315,101.403,-0.239,-0.24%,11756,28925
DXU23,2023-07-12,101.295,101.295,100.18,100.193,-1.21,-1.19%,21467,31402
DXU23,2023-07-13,100.205,100.295,99.425,99.456,-0.737,-0.74%,25331,35788
DXU23,2023-07-14,99.465,99.705,99.26,99.605,0.149,+0.15%,17966,37994
DXU23,2023-07-17,99.665,99.865,99.45,99.529,-0.076,-0.08%,14620,40367
DXU23,2023-07-18,99.595,99.79,99.22,99.625,0.096,+0.10%,19229,41045
DXU23,2023-07-19,99.65,100.245,99.605,99.988,0.363,+0.36%,13498,39958
DXU23,2023-07-20,99.965,100.685,99.745,100.597,0.609,+0.61%,15129,39498
DXU23,2023-07-21,100.505,100.925,100.45,100.798,0.201,+0.20%,13849,36532
DXU23,2023-07-24,100.715,101.16,100.625,101.083,0.285,+0.28%,14358,35167
DXU23,2023-07-25,101.15,101.395,100.93,101.096,0.013,+0.01%,10867,34514
DXU23,2023-07-26,101.055,101.19,100.595,100.636,-0.46,-0.46%,18482,34192
DXU23,2023-07-27,100.845,101.615,100.32,101.544,0.908,+0.90%,24702,31593
DXU23,2023-07-28,101.48,101.825,101.095,101.399,-0.145,-0.14%,19433,31471
DXU23,2023-07-31,101.46,101.665,101.295,101.626,0.227,+0.22%,12484,31302
DXU23,2023-08-01,101.66,102.225,101.62,102.085,0.459,+0.45%,14800,31435
DXU23,2023-08-02,101.815,102.58,101.785,102.389,0.304,+0.30%,12864,31200
DXU23,2023-08-03,102.415,102.655,102.175,102.35,-0.039,-0.04%,15205,29965
DXU23,2023-08-04,102.29,102.45,101.55,101.836,-0.514,-0.50%,19111,29237
DXU23,2023-08-07,101.84,102.19,101.77,101.861,0.025,+0.02%,8294,29293
DXU23,2023-08-08,101.895,102.63,101.885,102.34,0.479,+0.47%,11481,28930
DXU23,2023-08-09,102.35,102.405,102.12,102.312,-0.028,-0.03%,8169,29057
DXU23,2023-08-10,102.33,102.5,101.6,102.367,0.055,+0.05%,17806,29055
DXU23,2023-08-11,102.49,102.765,102.265,102.689,0.322,+0.31%,18182,27835
DXU23,2023-08-14,102.715,103.325,102.63,103.058,0.369,+0.36%,16634,27509
DXU23,2023-08-15,103.005,103.16,102.68,103.095,0.037,+0.04%,19101,26954
DXU23,2023-08-16,103.095,103.41,102.825,103.319,0.224,+0.22%,14818,27117
DXU23,2023-08-17,103.365,103.495,102.945,103.47,0.151,+0.15%,17124,28119
DXU23,2023-08-18,103.31,103.575,103.13,103.276,-0.194,-0.19%,12658,29153
DXU23,2023-08-21,103.27,103.41,103.05,103.206,-0.07,-0.07%,12633,31054
DXU23,2023-08-22,103.22,103.625,102.925,103.473,0.267,+0.26%,16423,33938
DXU23,2023-08-23,103.515,103.905,103.215,103.333,-0.14,-0.14%,20177,33199
DXU23,2023-08-24,103.275,103.965,103.19,103.919,0.586,+0.57%,16257,35273
DXU23,2023-08-25,104.015,104.385,103.675,104.013,0.094,+0.09%,21319,36177
DXU23,2023-08-28,104.155,104.155,103.925,103.992,-0.021,-0.02%,10006,37220
DXU23,2023-08-29,103.905,104.295,103.305,103.471,-0.521,-0.50%,18672,36732
DXU23,2023-08-30,103.48,103.635,102.855,103.093,-0.378,-0.37%,19466,34915
DXU23,2023-08-31,103.085,103.69,102.955,103.587,0.494,+0.48%,18070,36056
DXU23,2023-09-01,103.585,104.255,103.215,104.191,0.604,+0.58%,20143,36939
DXU23,2023-09-04,104.2,104.245,103.98,104.191,0,0.00%,4714,37027
DXU23,2023-09-05,104.1,104.855,104.07,104.763,0.572,+0.55%,16708,36579
DXU23,2023-09-06,104.72,105.015,104.55,104.821,0.058,+0.06%,13500,37341
DXU23,2023-09-07,104.83,105.125,104.785,105.028,0.207,+0.20%,19551,37413
DXU23,2023-09-08,105.02,105.07,104.63,105.066,0.038,+0.04%,32825,38630
DXU23,2023-09-11,104.84,104.905,104.39,104.539,-0.527,-0.50%,27684,39944
DXU23,2023-09-12,104.56,104.905,104.4,104.69,0.151,+0.14%,22373,40982
DXZ23,2023-09-13,104.225,104.625,104.155,104.398,-0.292,-0.28%,37970,43691
DXZ23,2023-09-14,104.38,105.095,104.205,105.052,0.654,+0.63%,48626,46918
DXZ23,2023-09-15,105.05,105.085,104.735,104.987,-0.065,-0.06%,29839,49258
DXZ23,2023-09-18,104.98,105.02,104.68,104.855,-0.132,-0.13%,8981,39542
DXZ23,2023-09-19,104.76,104.89,104.465,104.832,-0.023,-0.02%,10312,39249
DXZ23,2023-09-20,104.79,105.125,104.345,104.788,-0.044,-0.04%,15439,39991
DXZ23,2023-09-21,105.13,105.44,104.96,105.044,0.256,+0.24%,16140,40572
DXZ23,2023-09-22,105.085,105.465,104.995,105.26,0.216,+0.21%,13233,40741
DXZ23,2023-09-25,105.26,105.785,105.2,105.69,0.43,+0.41%,12649,41709
DXZ23,2023-09-26,105.645,105.96,105.56,105.93,0.24,+0.23%,11670,42373
DXZ23,2023-09-27,105.91,106.54,105.87,106.366,0.436,+0.41%,18802,43663
DXZ23,2023-09-28,106.385,106.475,105.735,105.933,-0.433,-0.41%,19754,44071
DXZ23,2023-09-29,105.875,105.94,105.335,105.815,-0.118,-0.11%,25127,41103
DXZ23,2023-10-02,105.88,106.74,105.75,106.606,0.791,+0.75%,18728,41755
DXZ23,2023-10-03,106.71,107.05,106.51,106.719,0.113,+0.11%,21713,42340
DXZ23,2023-10-04,106.81,106.97,106.245,106.53,-0.189,-0.18%,16481,43423
DXZ23,2023-10-05,106.525,106.61,106.05,106.065,-0.465,-0.44%,16223,41975
DXZ23,2023-10-06,106.1,106.705,105.68,105.784,-0.281,-0.26%,22221,41111
DXZ23,2023-10-09,106.005,106.34,105.76,105.811,0.027,+0.03%,14486,40900
DXZ23,2023-10-10,105.715,105.99,105.41,105.557,-0.254,-0.24%,14850,41288
DXZ23,2023-10-11,105.505,105.765,105.305,105.569,0.012,+0.01%,15369,41753
DXZ23,2023-10-12,105.445,106.375,105.29,106.367,0.798,+0.76%,15301,42134
DXZ23,2023-10-13,106.29,106.565,106.06,106.434,0.067,+0.06%,13329,42452
DXZ23,2023-10-16,106.405,106.415,105.975,106.034,-0.4,-0.38%,14067,43310
DXZ23,2023-10-17,106.04,106.315,105.81,106.046,0.012,+0.01%,16479,43051
DXZ23,2023-10-18,106.02,106.435,105.805,106.354,0.308,+0.29%,13485,43447
DXZ23,2023-10-19,106.37,106.485,105.745,106.046,-0.308,-0.29%,17858,43450
DXZ23,2023-10-20,106.03,106.23,105.885,105.988,-0.058,-0.05%,10773,43230
DXZ23,2023-10-23,105.985,106.15,105.315,105.334,-0.654,-0.62%,15934,42392
DXZ23,2023-10-24,105.395,106.135,105.155,106.08,0.746,+0.71%,19179,42670
DXZ23,2023-10-25,106.05,106.395,105.965,106.352,0.272,+0.26%,11900,43178
DXZ23,2023-10-26,106.4,106.78,106.36,106.422,0.07,+0.07%,17003,43103
DXZ23,2023-10-27,106.42,106.625,106.135,106.38,-0.042,-0.04%,15840,42076
DXZ23,2023-10-30,106.38,106.53,105.875,105.934,-0.446,-0.42%,13120,41959
DXZ23,2023-10-31,105.995,106.69,105.725,106.494,0.56,+0.53%,18548,42803
DXZ23,2023-11-01,106.53,106.985,106.45,106.715,0.221,+0.21%,22001,44082
DXZ23,2023-11-02,106.335,106.335,105.65,105.977,-0.738,-0.69%,16326,43592
DXZ23,2023-11-03,106.045,106.075,104.78,104.859,-1.118,-1.05%,26435,42294
DXZ23,2023-11-06,104.915,105.12,104.69,105.046,0.187,+0.18%,13668,40756
DXZ23,2023-11-07,105.13,105.61,105.13,105.373,0.327,+0.31%,14631,41224
DXZ23,2023-11-08,105.44,105.715,105.295,105.448,0.075,+0.07%,11970,40728
DXZ23,2023-11-09,105.43,105.83,105.24,105.78,0.332,+0.31%,16251,41859
DXZ23,2023-11-10,105.76,105.96,105.595,105.725,-0.055,-0.05%,10809,41992
DXZ23,2023-11-13,105.635,105.82,105.445,105.503,-0.222,-0.21%,10171,41252
DXZ23,2023-11-14,105.54,105.765,103.84,103.907,-1.596,-1.51%,31129,38842
DXZ23,2023-11-15,104.045,104.37,103.81,104.265,0.358,+0.34%,20766,37117
DXZ23,2023-11-16,104.225,104.44,103.88,104.233,-0.032,-0.03%,15897,37137
DXZ23,2023-11-17,104.25,104.425,103.68,103.795,-0.438,-0.42%,15889,37857
DXZ23,2023-11-20,103.71,103.855,103.255,103.317,-0.478,-0.46%,14235,37609
DXZ23,2023-11-21,103.31,103.6,103.07,103.449,0.132,+0.13%,15320,37894
DXZ23,2023-11-22,103.435,104.115,103.375,103.825,0.376,+0.36%,18543,36205
DXZ23,2023-11-23,103.74,103.825,103.43,103.825,0,0.00%,6728,36152
DXZ23,2023-11-24,103.63,103.745,103.255,103.304,-0.521,-0.50%,9283,37484
DXZ23,2023-11-27,103.315,103.44,103.06,103.105,-0.199,-0.19%,12160,37907
DXZ23,2023-11-28,103.045,103.225,102.515,102.649,-0.456,-0.44%,17437,39359
DXZ23,2023-11-29,102.495,102.93,102.38,102.676,0.027,+0.03%,16404,40468
DXZ23,2023-11-30,102.66,103.52,102.65,103.428,0.752,+0.73%,19475,41731
DXZ23,2023-12-01,103.29,103.665,103.05,103.2,-0.228,-0.22%,16648,41903
DXZ23,2023-12-04,103.115,103.8,102.98,103.647,0.447,+0.43%,16969,39862
DXZ23,2023-12-05,103.525,104.04,103.495,103.995,0.348,+0.34%,18078,40451
DXZ23,2023-12-06,103.895,104.19,103.825,104.108,0.113,+0.11%,11443,40206
DXZ23,2023-12-07,104.11,104.17,103.215,103.504,-0.604,-0.58%,20400,41998
DXZ23,2023-12-08,103.5,104.265,103.41,103.983,0.479,+0.46%,19347,40615
DXZ23,2023-12-11,103.965,104.235,103.905,104.064,0.081,+0.08%,18690,41018
DXZ23,2023-12-12,104.005,104.075,103.445,103.839,-0.225,-0.22%,18905,41345
DXZ23,2023-12-13,103.79,104.01,102.74,102.848,-0.991,-0.95%,43652,42113
DXH24,2023-12-14,102.365,102.415,101.39,101.578,-1.27,-1.23%,44790,42419
DXH24,2023-12-15,101.66,102.265,101.465,102.183,0.605,+0.60%,27896,41531
DXH24,2023-12-18,102.195,102.28,102.01,102.182,-0.001,0.00%,8321,21582
DXH24,2023-12-19,102.105,102.26,101.68,101.796,-0.386,-0.38%,11341,21734
DXH24,2023-12-20,101.815,102.17,101.785,102.04,0.244,+0.24%,9508,21602
DXH24,2023-12-21,101.99,102.095,101.375,101.478,-0.562,-0.55%,10663,21480
DXH24,2023-12-22,101.425,101.54,101.075,101.338,-0.14,-0.14%,10674,21227
DXH24,2023-12-26,101.31,101.41,101.095,101.104,-0.234,-0.23%,5108,22039
DXH24,2023-12-27,101.185,101.215,100.495,100.654,-0.45,-0.45%,9417,22065
DXH24,2023-12-28,100.565,100.985,100.32,100.913,0.259,+0.26%,12286,23489
DXH24,2023-12-29,100.865,101.115,100.75,101.029,0.116,+0.11%,12286,23775
DXH24,2024-01-02,101.065,101.94,101.03,101.891,0.862,+0.85%,14762,23916
DXH24,2024-01-03,101.845,102.42,101.77,102.195,0.304,+0.30%,11872,24089
DXH24,2024-01-04,102.165,102.245,101.865,102.135,-0.06,-0.06%,10818,23649
DXH24,2024-01-05,102.11,102.83,101.615,102.129,-0.006,-0.01%,18739,23826
DXH24,2024-01-08,102.17,102.34,101.785,101.928,-0.201,-0.20%,11747,23299
DXH24,2024-01-09,101.935,102.385,101.835,102.284,0.356,+0.35%,12122,23878
DXH24,2024-01-10,102.23,102.36,102.06,102.08,-0.204,-0.20%,9354,24287
DXH24,2024-01-11,102.04,102.51,101.775,102.024,-0.056,-0.05%,18702,24571
DXH24,2024-01-12,102.035,102.32,101.815,102.151,0.127,+0.12%,15344,23561
DXH24,2024-01-15,102.205,102.41,102.055,102.151,0,0.00%,5427,23784
DXH24,2024-01-16,102.56,103.175,102.495,103.112,0.961,+0.94%,21085,23501
DXH24,2024-01-17,103.07,103.45,103.025,103.206,0.094,+0.09%,14827,23345
DXH24,2024-01-18,103.065,103.405,102.925,103.312,0.106,+0.10%,12432,24182
DXH24,2024-01-19,103.14,103.325,103.01,103.069,-0.243,-0.24%,9622,24412
DXH24,2024-01-22,103.035,103.16,102.9,103.118,0.049,+0.05%,8978,24553
DXH24,2024-01-23,103.14,103.605,102.78,103.402,0.284,+0.28%,13846,24663
DXH24,2024-01-24,103.305,103.34,102.555,103.039,-0.363,-0.35%,20452,24519
DXH24,2024-01-25,103.14,103.485,102.915,103.37,0.331,+0.32%,15295,24883
DXH24,2024-01-26,103.345,103.535,102.935,103.234,-0.136,-0.13%,14233,24850
DXH24,2024-01-29,103.305,103.64,103.215,103.421,0.187,+0.18%,12310,25643
DXH24,2024-01-30,103.18,103.435,102.97,103.215,-0.206,-0.20%,9431,25739
DXH24,2024-01-31,103.25,103.565,102.755,103.089,-0.126,-0.12%,25413,25465
DXH24,2024-02-01,103.38,103.655,102.84,102.872,-0.217,-0.21%,23873,25403
DXH24,2024-02-02,102.895,103.895,102.735,103.781,0.909,+0.88%,31670,27327
DXH24,2024-02-05,103.91,104.465,103.84,104.319,0.538,+0.52%,20960,30221
DXH24,2024-02-06,104.295,104.45,103.995,104.068,-0.251,-0.24%,15405,29202
DXH24,2024-02-07,103.995,104.025,103.805,103.917,-0.151,-0.15%,11322,28517
DXH24,2024-02-08,103.885,104.3,103.835,104.037,0.12,+0.12%,11427,29039
DXH24,2024-02-09,104.045,104.135,103.83,103.993,-0.044,-0.04%,9536,29045
DXH24,2024-02-12,103.975,104.15,103.765,104.047,0.054,+0.05%,9508,29492
DXH24,2024-02-13,104.02,104.855,103.365,104.85,0.803,+0.77%,22724,32227
DXH24,2024-02-14,104.75,104.875,104.545,104.612,-0.238,-0.23%,12370,32142
DXH24,2024-02-15,104.555,104.625,104.08,104.2,-0.412,-0.39%,14929,31447
DXH24,2024-02-16,104.24,104.58,104.065,104.182,-0.018,-0.02%,13623,32264
DXH24,2024-02-19,104.17,104.275,104.04,104.182,0,0.00%,5036,31632
DXH24,2024-02-20,104.25,104.32,103.69,103.978,-0.204,-0.20%,15589,29958
DXH24,2024-02-21,103.95,104.125,103.845,103.912,-0.066,-0.06%,8957,29902
DXH24,2024-02-22,103.85,104.06,103.115,103.875,-0.037,-0.04%,15583,30422
DXH24,2024-02-23,103.885,103.975,103.69,103.859,-0.016,-0.02%,8744,30185
DXH24,2024-02-26,103.89,103.95,103.63,103.751,-0.108,-0.10%,9939,29938
DXH24,2024-02-27,103.715,103.86,103.54,103.759,0.008,+0.01%,9066,29549
DXH24,2024-02-28,103.75,104.17,103.75,103.904,0.145,+0.14%,12383,29158
DXH24,2024-02-29,103.89,104.145,103.595,104.098,0.194,+0.19%,18166,28918
DXH24,2024-03-01,104.06,104.24,103.78,103.799,-0.299,-0.29%,17203,28661
DXH24,2024-03-04,103.795,103.915,103.675,103.778,-0.021,-0.02%,14047,28768
DXH24,2024-03-05,103.78,103.9,103.52,103.753,-0.025,-0.02%,14155,28450
DXH24,2024-03-06,103.785,103.845,103.15,103.321,-0.432,-0.42%,21021,28420
DXH24,2024-03-07,103.255,103.325,102.76,102.772,-0.549,-0.53%,20570,27932
DXH24,2024-03-08,102.735,102.865,102.3,102.688,-0.084,-0.08%,22644,26382
DXH24,2024-03-11,102.71,102.915,102.61,102.852,0.164,+0.16%,26846,26013
DXH24,2024-03-12,102.77,103.315,102.7,102.934,0.082,+0.08%,22804,26365
DXH24,2024-03-13,102.92,103,102.645,102.766,-0.168,-0.16%,28725,27212
DXM24,2024-03-14,102.37,103.03,102.355,102.992,0.226,+0.22%,41463,25831
DXM24,2024-03-15,103,103.125,102.935,103.064,0.072,+0.07%,16378,24550
DXM24,2024-03-18,103.06,103.285,102.965,103.238,0.174,+0.17%,8727,22905
DXM24,2024-03-19,103.22,103.71,103.21,103.484,0.246,+0.24%,12913,23819
DXM24,2024-03-20,103.53,103.81,103.03,103.046,-0.438,-0.42%,21332,24805
DXM24,2024-03-21,102.92,103.74,102.83,103.666,0.62,+0.60%,21347,26537
DXM24,2024-03-22,103.665,104.2,103.605,104.177,0.511,+0.49%,19197,30826
DXM24,2024-03-25,104.165,104.19,103.84,103.934,-0.243,-0.23%,15047,31512
DXM24,2024-03-26,103.925,104.03,103.71,103.991,0.057,+0.05%,8563,31997
DXM24,2024-03-27,104.005,104.165,103.92,104.064,0.073,+0.07%,11304,32712
DXM24,2024-03-28,104.135,104.45,104.03,104.269,0.205,+0.20%,13723,33340
DXM24,2024-04-01,104.25,104.805,104.135,104.764,0.495,+0.47%,15113,35638
DXM24,2024-04-02,104.735,104.84,104.42,104.562,-0.202,-0.19%,14899,38130
DXM24,2024-04-03,104.53,104.59,103.97,103.997,-0.565,-0.54%,13490,37568
DXM24,2024-04-04,103.98,104.03,103.68,103.891,-0.106,-0.10%,15640,37086
DXM24,2024-04-05,104.005,104.46,103.91,104.071,0.18,+0.17%,18034,38480
DXM24,2024-04-08,104.06,104.21,103.86,103.902,-0.169,-0.16%,14763,38635
DXM24,2024-04-09,103.87,103.975,103.645,103.922,0.02,+0.02%,9454,40448
DXM24,2024-04-10,103.89,105.085,103.795,105.031,1.109,+1.07%,22398,42920
DXM24,2024-04-11,105.01,105.31,104.82,105.064,0.033,+0.03%,18665,42296
DXM24,2024-04-12,105.07,105.9,105.025,105.832,0.768,+0.73%,15781,42072
DXM24,2024-04-15,105.83,106.045,105.64,105.998,0.166,+0.16%,12817,43236
DXM24,2024-04-16,105.99,106.325,105.87,106.065,0.067,+0.06%,16612,44069
DXM24,2024-04-17,106.16,106.255,105.685,105.764,-0.301,-0.28%,16017,45160
DXM24,2024-04-18,105.79,106.01,105.57,105.982,0.218,+0.21%,13650,45860
DXM24,2024-04-19,106,106.185,105.67,105.984,0.002,0.00%,16600,45744
DXM24,2024-04-22,105.885,106.235,105.825,105.913,-0.071,-0.07%,13384,46335
DXM24,2024-04-23,105.96,106.075,105.445,105.505,-0.408,-0.39%,17799,45725
DXM24,2024-04-24,105.52,105.79,105.425,105.7,0.195,+0.18%,8211,46036
DXM24,2024-04-25,105.675,105.87,105.33,105.451,-0.249,-0.24%,14902,45880
DXM24,2024-04-26,105.455,106.06,105.27,105.804,0.353,+0.33%,19768,46848
DXM24,2024-04-29,105.88,106.005,105.33,105.448,-0.356,-0.34%,26930,47055
DXM24,2024-04-30,105.56,106.215,105.54,106.1,0.652,+0.62%,17516,48784
DXM24,2024-05-01,106.21,106.38,105.315,105.628,-0.472,-0.44%,30822,48321
DXM24,2024-05-02,105.59,105.785,105.17,105.178,-0.45,-0.43%,18662,46274
DXM24,2024-05-03,105.175,105.245,104.41,104.918,-0.26,-0.25%,26391,43386
DXM24,2024-05-06,104.89,105.075,104.745,104.919,0.001,0.00%,8741,42483
DXM24,2024-05-07,105.015,105.33,104.92,105.3,0.381,+0.36%,9981,42962
DXM24,2024-05-08,105.3,105.535,105.28,105.426,0.126,+0.12%,8563,43334
DXM24,2024-05-09,105.41,105.64,105.065,105.104,-0.322,-0.31%,12762,42987
DXM24,2024-05-10,105.085,105.28,105.01,105.175,0.071,+0.07%,12838,42610
DXM24,2024-05-13,105.17,105.24,104.925,105.103,-0.072,-0.07%,7076,42936
DXM24,2024-05-14,105.07,105.38,104.835,104.892,-0.211,-0.20%,9630,42817
DXM24,2024-05-15,104.935,104.94,104.155,104.212,-0.68,-0.65%,21222,40791
DXM24,2024-05-16,104.105,104.5,103.965,104.345,0.133,+0.13%,15476,40441
DXM24,2024-05-17,104.39,104.685,104.28,104.33,-0.015,-0.01%,11754,39787
DXM24,2024-05-20,104.37,104.54,104.29,104.46,0.13,+0.12%,8877,40029
DXM24,2024-05-21,104.49,104.67,104.365,104.556,0.096,+0.09%,12327,39920
DXM24,2024-05-22,104.535,104.88,104.45,104.836,0.28,+0.27%,13310,41853
DXM24,2024-05-23,104.84,105.04,104.475,105.036,0.2,+0.19%,15215,41795
DXM24,2024-05-24,104.99,105.05,104.55,104.638,-0.398,-0.38%,10493,39906
DXM24,2024-05-27,104.645,104.67,104.485,104.638,0,0.00%,3134,40061
DXM24,2024-05-28,104.49,104.56,104.26,104.539,-0.099,-0.09%,11161,40108
DXM24,2024-05-29,104.59,105.085,104.515,105.034,0.495,+0.47%,17826,41652
DXM24,2024-05-30,105.095,105.135,104.575,104.658,-0.376,-0.36%,17964,40550
DXM24,2024-05-31,104.73,104.85,104.31,104.627,-0.031,-0.03%,15088,41101
DXM24,2024-06-03,104.565,104.72,103.99,104.078,-0.549,-0.52%,22895,39436
DXM24,2024-06-04,104.005,104.285,103.935,104.051,-0.027,-0.03%,18020,38645
DXM24,2024-06-05,104.11,104.405,104.075,104.221,0.17,+0.16%,15660,38184
DXM24,2024-06-06,104.23,104.33,104.015,104.057,-0.164,-0.16%,18348,38009
DXM24,2024-06-07,104.085,104.915,103.48,104.855,0.798,+0.77%,28888,39122
DXM24,2024-06-10,105.015,105.355,105.005,105.112,0.257,+0.25%,28450,37855
DXM24,2024-06-11,105.125,105.435,105.065,105.199,0.087,+0.08%,19605,38327
DXM24,2024-06-12,105.255,105.3,104.235,104.615,-0.584,-0.56%,52681,43966
DXU24,2024-06-13,104.27,104.88,104.225,104.802,0.187,+0.18%,70081,53914
DXU24,2024-06-14,104.845,105.425,104.79,105.167,0.365,+0.35%,44301,61350
DXU24,2024-06-17,105.175,105.28,104.93,104.944,-0.223,-0.21%,11483,40156
DXU24,2024-06-18,104.9,105.18,104.735,104.876,-0.068,-0.06%,13084,40237
DXU24,2024-06-19,104.89,104.955,104.785,104.876,0,0.00%,3222,40364
DXU24,2024-06-20,104.865,105.315,104.865,105.227,0.351,+0.33%,12507,42301
DXU24,2024-06-21,105.295,105.56,105.18,105.443,0.216,+0.21%,9497,43202
DXU24,2024-06-24,105.495,105.555,105.015,105.121,-0.322,-0.31%,9024,43228
DXU24,2024-06-25,105.175,105.43,105.03,105.259,0.138,+0.13%,8363,43147
DXU24,2024-06-26,105.335,105.79,105.265,105.714,0.455,+0.43%,10646,44143
DXU24,2024-06-27,105.74,105.76,105.375,105.571,-0.143,-0.14%,9859,43726
DXU24,2024-06-28,105.565,105.8,105.415,105.545,-0.026,-0.02%,12026,44597
DXU24,2024-07-01,105.395,105.655,105.105,105.587,0.042,+0.04%,18409,45236
DXU24,2024-07-02,105.535,105.74,105.36,105.407,-0.18,-0.17%,11600,45627
DXU24,2024-07-03,105.36,105.485,104.715,105.077,-0.33,-0.31%,14519,44496
DXU24,2024-07-04,105.005,105.077,104.785,105.077,0,0.00%,3138,44453
DXU24,2024-07-05,104.85,104.855,104.5,104.548,-0.529,-0.50%,12515,44224
DXU24,2024-07-08,104.655,104.705,104.475,104.668,0.12,+0.11%,10458,43445
DXU24,2024-07-09,104.665,104.89,104.625,104.807,0.139,+0.13%,9866,43263
DXU24,2024-07-10,104.795,104.855,104.68,104.729,-0.078,-0.07%,8015,43233
DXU24,2024-07-11,104.685,104.7,103.775,104.131,-0.598,-0.57%,36250,42236
DXU24,2024-07-12,104.04,104.265,103.725,103.783,-0.348,-0.33%,15949,40248
DXU24,2024-07-15,103.87,104.005,103.69,103.882,0.099,+0.10%,21331,39093
DXU24,2024-07-16,103.955,104.2,103.89,103.959,0.077,+0.07%,13175,38651
DXU24,2024-07-17,103.9,103.985,103.34,103.443,-0.516,-0.50%,22206,39425
DXU24,2024-07-18,103.38,103.935,103.375,103.885,0.442,+0.43%,14921,40021
DXU24,2024-07-19,103.88,104.135,103.855,104.112,0.227,+0.22%,8841,39569
DXU24,2024-07-22,104.025,104.145,103.89,104.037,-0.075,-0.07%,7466,38892
DXU24,2024-07-23,104.045,104.26,103.93,104.175,0.138,+0.13%,8529,38818
DXU24,2024-07-24,104.22,104.285,103.845,104.122,-0.053,-0.05%,14946,38466
DXU24,2024-07-25,104.12,104.21,103.83,104.108,-0.014,-0.01%,14813,38572
DXU24,2024-07-26,104.1,104.205,103.95,104.059,-0.049,-0.05%,9476,38651
DXU24,2024-07-29,104.065,104.515,103.885,104.314,0.255,+0.25%,14274,38928
DXU24,2024-07-30,104.35,104.56,104.23,104.319,0.005,0.00%,13917,39266
DXU24,2024-07-31,104.23,104.305,103.62,103.859,-0.46,-0.44%,22410,39806
DXU24,2024-08-01,103.845,104.235,103.63,104.205,0.346,+0.33%,18058,39076
DXU24,2024-08-02,104.15,104.22,102.91,102.988,-1.217,-1.17%,34971,42820
DXU24,2024-08-05,102.99,103.065,101.965,102.483,-0.505,-0.49%,59318,42415
DXU24,2024-08-06,102.655,103.015,102.495,102.758,0.275,+0.27%,22603,42026
DXU24,2024-08-07,102.77,103.16,102.705,102.998,0.24,+0.23%,15389,42480
DXU24,2024-08-08,102.92,103.355,102.735,103.022,0.024,+0.02%,14548,42911
DXU24,2024-08-09,103.085,103.11,102.845,102.957,-0.065,-0.06%,8978,43198
DXU24,2024-08-12,102.93,103.13,102.91,102.961,0.004,0.00%,7241,43598
DXU24,2024-08-13,102.915,103.1,102.36,102.38,-0.581,-0.56%,12044,45236
DXU24,2024-08-14,102.425,102.535,102.1,102.385,0.005,0.00%,13072,45810
DXU24,2024-08-15,102.435,103.07,102.375,102.808,0.423,+0.41%,12341,46271
DXU24,2024-08-16,102.875,102.895,102.23,102.307,-0.501,-0.49%,9427,46043
DXU24,2024-08-19,102.21,102.33,101.7,101.731,-0.576,-0.56%,12493,47853
DXU24,2024-08-20,101.715,101.86,101.225,101.299,-0.432,-0.42%,13880,48713
DXU24,2024-08-21,101.26,101.555,100.78,100.91,-0.389,-0.38%,16543,50112
DXU24,2024-08-22,101.015,101.505,100.935,101.399,0.489,+0.48%,15666,50050
DXU24,2024-08-23,101.365,101.475,100.485,100.606,-0.793,-0.78%,24998,51480
DXU24,2024-08-26,100.585,100.815,100.425,100.741,0.135,+0.13%,12059,51905
DXU24,2024-08-27,100.765,100.825,100.4,100.455,-0.286,-0.28%,15532,51056
DXU24,2024-08-28,100.505,101.075,100.505,100.99,0.535,+0.53%,14074,51477
DXU24,2024-08-29,100.96,101.51,100.81,101.27,0.28,+0.28%,15311,51337
DXU24,2024-08-30,101.26,101.715,101.165,101.624,0.354,+0.35%,15174,50772
DXU24,2024-09-02,101.65,101.725,101.505,101.624,0,0.00%,5060,50917
DXU24,2024-09-03,101.615,101.855,101.46,101.766,0.142,+0.14%,17004,48563
DXU24,2024-09-04,101.645,101.725,101.18,101.301,-0.465,-0.46%,14802,49450
DXU24,2024-09-05,101.235,101.335,100.915,101.074,-0.227,-0.22%,16706,48905
DXU24,2024-09-06,101.01,101.365,100.525,101.143,0.069,+0.07%,39084,46430
DXU24,2024-09-09,101.145,101.665,101.105,101.518,0.375,+0.37%,34131,48192
DXU24,2024-09-10,101.63,101.74,101.515,101.598,0.08,+0.08%,14169,48653
DXU24,2024-09-11,101.63,101.805,101.24,101.658,0.06,+0.06%,44223,51082
DXU24,2024-09-12,101.76,101.83,101.225,101.351,-0.307,-0.30%,46517,50467
DXZ24,2024-09-13,100.84,100.845,100.53,100.788,-0.563,-0.56%,28493,49078
DXZ24,2024-09-16,100.78,100.795,100.245,100.435,-0.353,-0.35%,15200,24174
DXZ24,2024-09-17,100.38,100.69,100.24,100.567,0.132,+0.13%,17178,24759
DXZ24,2024-09-18,100.595,100.835,99.885,100.282,-0.285,-0.28%,43489,26046
DXZ24,2024-09-19,100.71,101.18,100.22,100.321,0.039,+0.04%,34744,26372
DXZ24,2024-09-20,100.39,100.735,100.125,100.423,0.102,+0.10%,24460,26414
DXZ24,2024-09-23,100.46,100.94,100.435,100.56,0.137,+0.14%,23445,25879
DXZ24,2024-09-24,100.65,100.77,100.035,100.159,-0.401,-0.40%,25832,27029
DXZ24,2024-09-25,99.97,100.705,99.915,100.624,0.465,+0.46%,18323,26403
DXZ24,2024-09-26,100.66,100.68,100.18,100.246,-0.378,-0.38%,21465,26177
DXZ24,2024-09-27,100.325,100.61,99.865,100.109,-0.137,-0.14%,23884,27216
DXZ24,2024-09-30,100.22,100.665,99.9,100.521,0.412,+0.41%,21507,26420
DXZ24,2024-10-01,100.485,101.135,100.435,100.931,0.41,+0.41%,23237,26321
DXZ24,2024-10-02,101.005,101.44,100.89,101.425,0.494,+0.49%,23535,25727
DXZ24,2024-10-03,101.405,101.89,101.405,101.75,0.325,+0.32%,29966,25067
DXZ24,2024-10-04,101.685,102.45,101.58,102.275,0.525,+0.52%,33752,24906
DXZ24,2024-10-07,102.315,102.38,102.125,102.301,0.026,+0.03%,29064,25346
DXZ24,2024-10-08,102.245,102.415,102.05,102.303,0.002,0.00%,22363,25635
DXZ24,2024-10-09,102.245,102.705,102.22,102.695,0.392,+0.38%,20366,25146
DXZ24,2024-10-10,102.665,102.965,102.475,102.773,0.078,+0.08%,27224,25117
DXZ24,2024-10-11,102.67,102.78,102.555,102.677,-0.096,-0.09%,9525,24993
DXZ24,2024-10-14,102.7,103.15,102.7,103.082,0.405,+0.39%,15865,24417
DXZ24,2024-10-15,102.995,103.145,102.825,103.055,-0.027,-0.03%,16986,24171
DXZ24,2024-10-16,103.07,103.415,102.965,103.4,0.345,+0.33%,18959,25420
DXZ24,2024-10-17,103.345,103.695,103.255,103.652,0.252,+0.24%,18499,26389
DXZ24,2024-10-18,103.59,103.62,103.28,103.307,-0.345,-0.33%,16289,26560
DXZ24,2024-10-21,103.32,103.845,103.245,103.834,0.527,+0.51%,16364,28977
DXZ24,2024-10-22,103.8,103.95,103.655,103.909,0.075,+0.07%,18604,29942
DXZ24,2024-10-23,103.925,104.41,103.925,104.277,0.368,+0.35%,21173,30519
DXZ24,2024-10-24,104.3,104.31,103.87,103.919,-0.358,-0.34%,23492,33440
DXZ24,2024-10-25,103.91,104.205,103.8,104.132,0.213,+0.20%,13664,33631
DXZ24,2024-10-28,104.28,104.445,103.99,104.183,0.051,+0.05%,17187,32095
DXZ24,2024-10-29,104.13,104.515,104.09,104.191,0.008,+0.01%,21347,32536
DXZ24,2024-10-30,104.125,104.32,103.85,103.862,-0.329,-0.32%,24487,32201
DXZ24,2024-10-31,104,104.11,103.705,103.878,0.016,+0.02%,27993,31875
DXZ24,2024-11-01,103.8,104.265,103.445,104.203,0.325,+0.31%,21906,32702
DXZ24,2024-11-04,103.78,103.89,103.495,103.79,-0.413,-0.40%,14741,31510
DXZ24,2024-11-05,103.82,103.87,103.285,103.324,-0.466,-0.45%,11367,30825
DXZ24,2024-11-06,104.11,105.345,103.96,104.985,1.661,+1.61%,52724,30855
DXZ24,2024-11-07,105.125,105.175,104.085,104.37,-0.615,-0.59%,31894,30909
DXZ24,2024-11-08,104.34,105.105,104.24,104.89,0.52,+0.50%,19851,32436
DXZ24,2024-11-11,104.955,105.61,104.83,105.457,0.567,+0.54%,16970,34593
DXZ24,2024-11-12,105.405,106.1,105.4,105.95,0.493,+0.47%,16749,36875
DXZ24,2024-11-13,105.965,106.44,105.625,106.379,0.429,+0.40%,24244,36109
DXZ24,2024-11-14,106.42,106.99,106.295,106.598,0.219,+0.21%,22874,36265
DXZ24,2024-11-15,106.82,106.855,106.255,106.615,0.017,+0.02%,20575,37434
DXZ24,2024-11-18,106.705,106.75,106.065,106.201,-0.414,-0.39%,18163,36662
DXZ24,2024-11-19,106.18,106.57,106.035,106.143,-0.058,-0.05%,18291,37320
DXZ24,2024-11-20,106.11,106.865,106.075,106.616,0.473,+0.45%,18404,37312
DXZ24,2024-11-21,106.555,107.115,106.41,106.93,0.314,+0.29%,23282,38502
DXZ24,2024-11-22,107.005,108.07,106.885,107.507,0.577,+0.54%,28817,37765
DXZ24,2024-11-25,106.975,107.215,106.535,106.77,-0.737,-0.69%,22203,37468
DXZ24,2024-11-26,107.41,107.47,106.46,106.968,0.198,+0.19%,20931,37797
DXZ24,2024-11-27,106.8,106.89,105.815,106.048,-0.92,-0.86%,25080,37584
DXZ24,2024-11-28,106.205,106.395,106.048,106.048,0,0.00%,6985,37788
DXZ24,2024-11-29,105.995,106.12,105.595,105.828,-0.22,-0.21%,19301,38403
DXZ24,2024-12-02,105.82,106.725,105.82,106.423,0.595,+0.56%,25366,37447
DXZ24,2024-12-03,106.46,106.58,106.065,106.34,-0.083,-0.08%,25625,37510
DXZ24,2024-12-04,106.425,106.7,106.065,106.29,-0.05,-0.05%,21898,38543
DXZ24,2024-12-05,106.305,106.36,105.685,105.701,-0.589,-0.55%,23592,38975
DXZ24,2024-12-06,105.78,106.15,105.4,106.039,0.338,+0.32%,22092,38289
DXZ24,2024-12-09,105.965,106.195,105.78,106.125,0.086,+0.08%,19440,39645
DXZ24,2024-12-10,106.18,106.625,106.02,106.382,0.257,+0.24%,21074,40825
DXZ24,2024-12-11,106.365,106.805,106.26,106.695,0.313,+0.29%,46747,47246
DXH25,2024-12-12,106.235,106.72,106.05,106.645,-0.05,-0.05%,60045,52324
DXH25,2024-12-13,106.645,106.875,106.405,106.684,0.039,+0.04%,27832,54640
DXH25,2024-12-16,106.645,106.89,106.455,106.556,-0.128,-0.12%,15218,40757
DXH25,2024-12-17,106.445,106.79,106.42,106.663,0.107,+0.10%,12246,41281
DXH25,2024-12-18,106.64,108,106.52,107.749,1.086,+1.02%,21507,43401
DXH25,2024-12-19,107.84,108.225,107.565,108.152,0.403,+0.37%,24296,44280
DXH25,2024-12-20,108.19,108.285,107.305,107.351,-0.801,-0.74%,25790,42304
DXH25,2024-12-23,107.525,108.045,107.45,107.807,0.456,+0.42%,15293,44556
DXH25,2024-12-24,107.91,108.06,107.815,108.023,0.216,+0.20%,15293,44472
DXH25,2024-12-26,107.935,108.075,107.795,107.893,-0.13,-0.12%,7299,44444
DXH25,2024-12-27,107.895,107.995,107.66,107.792,-0.101,-0.09%,12320,44276
DXH25,2024-12-30,107.795,108.18,107.545,107.933,0.141,+0.13%,11978,44681
DXH25,2024-12-31,107.85,108.38,107.665,108.296,0.363,+0.34%,11979,42976
DXH25,2025-01-02,108.33,109.365,108.085,109.209,0.913,+0.84%,26932,44391
DXH25,2025-01-03,108.995,109.05,108.74,108.798,-0.411,-0.38%,18023,45771
DXH25,2025-01-06,108.78,108.905,107.575,108.101,-0.697,-0.64%,26353,44795
DXH25,2025-01-07,108.175,108.535,107.69,108.378,0.277,+0.26%,19886,44874
DXH25,2025-01-08,108.5,109.205,108.39,108.926,0.548,+0.51%,19955,44649
DXH25,2025-01-09,108.88,109.22,108.79,109.004,0.078,+0.07%,12196,45092
DXH25,2025-01-10,109.03,109.825,108.92,109.487,0.483,+0.44%,25792,44266
DXH25,2025-01-13,109.49,110.015,109.43,109.812,0.325,+0.30%,25654,46140
DXH25,2025-01-14,109.43,109.595,109.005,109.11,-0.702,-0.64%,28492,45758
DXH25,2025-01-15,109.08,109.245,108.42,108.916,-0.194,-0.18%,20565,45325
DXH25,2025-01-16,108.875,109.26,108.675,108.817,-0.099,-0.09%,24040,45614
DXH25,2025-01-17,108.785,109.275,108.68,109.203,0.386,+0.35%,22284,46169
DXH25,2025-01-20,109.235,109.32,107.735,109.203,0,0.00%,26689,45276
DXH25,2025-01-21,108.445,108.625,107.725,107.861,-1.342,-1.23%,22183,45714
DXH25,2025-01-22,107.79,108.07,107.545,107.962,0.101,+0.09%,13791,44839
DXH25,2025-01-23,108.05,108.36,107.725,107.863,-0.099,-0.09%,19291,44991
DXH25,2025-01-24,107.95,108.005,107.02,107.245,-0.618,-0.57%,25496,42995
DXH25,2025-01-27,107.35,107.62,106.775,107.16,-0.085,-0.08%,18585,41635
DXH25,2025-01-28,107.555,107.875,107.505,107.683,0.523,+0.49%,13816,40991
DXH25,2025-01-29,107.73,108.125,107.57,107.809,0.126,+0.12%,20083,40731
DXH25,2025-01-30,107.7,108.085,107.335,107.631,-0.178,-0.17%,19573,40576
DXH25,2025-01-31,108.02,108.4,107.61,108.217,0.586,+0.54%,31644,40307
DXH25,2025-02-03,109.225,109.75,108.225,108.877,0.66,+0.61%,51140,39935
DXH25,2025-02-04,108.53,108.9,107.765,107.823,-1.054,-0.97%,24122,39705
DXH25,2025-02-05,107.815,107.855,107.15,107.442,-0.381,-0.35%,14802,39518
DXH25,2025-02-06,107.515,107.98,107.4,107.547,0.105,+0.10%,17690,38735
DXH25,2025-02-07,107.6,108.19,107.21,107.928,0.381,+0.35%,31696,38964
DXH25,2025-02-10,108.265,108.305,107.98,108.193,0.265,+0.25%,12106,39299
DXH25,2025-02-11,108.235,108.35,107.64,107.833,-0.36,-0.33%,14474,39291
DXH25,2025-02-12,107.9,108.42,107.505,107.823,-0.01,-0.01%,28232,40037
DXH25,2025-02-13,107.87,107.905,106.935,107.216,-0.607,-0.56%,35808,40117
DXH25,2025-02-14,106.99,107.075,106.445,106.575,-0.641,-0.60%,21315,40313
DXH25,2025-02-17,106.66,106.78,106.52,106.575,0,0.00%,7574,39517
DXH25,2025-02-18,106.7,107.01,106.7,106.955,0.38,+0.36%,14501,38459
DXH25,2025-02-19,106.965,107.275,106.775,107.063,0.108,+0.10%,14873,38996
DXH25,2025-02-20,107.005,107.05,106.235,106.269,-0.794,-0.74%,19214,40057
DXH25,2025-02-21,106.355,106.66,106.29,106.519,0.25,+0.24%,16386,38918
DXH25,2025-02-24,106.46,106.665,106.035,106.509,-0.01,-0.01%,15101,38257
DXH25,2025-02-25,106.67,106.77,106.1,106.228,-0.281,-0.26%,20128,38062
DXH25,2025-02-26,106.115,106.575,106.07,106.329,0.101,+0.10%,18718,38022
DXH25,2025-02-27,106.505,107.235,106.35,107.176,0.847,+0.80%,18904,38364
DXH25,2025-02-28,107.135,107.595,107.12,107.558,0.382,+0.36%,21175,38490
DXH25,2025-03-03,107.345,107.36,106.365,106.669,-0.889,-0.83%,27390,39403
DXH25,2025-03-04,106.465,106.6,105.475,105.687,-0.982,-0.92%,30768,39075
DXH25,2025-03-05,105.58,105.725,104.2,104.252,-1.435,-1.36%,40155,39186
DXH25,2025-03-06,104.285,104.36,103.72,104.028,-0.224,-0.21%,28836,39597
DXH25,2025-03-07,104.16,104.205,103.43,103.812,-0.216,-0.21%,41184,39742
DXH25,2025-03-10,103.79,104.035,103.535,103.953,0.141,+0.14%,28249,39838
DXH25,2025-03-11,103.86,103.89,103.195,103.273,-0.68,-0.65%,28700,39865
DXH25,2025-03-12,103.42,103.76,103.255,103.587,0.314,+0.30%,48016,43775
DXM25,2025-03-13,103.275,103.725,103.16,103.499,-0.088,-0.08%,62331,47239
DXM25,2025-03-14,103.515,103.8,103.22,103.365,-0.134,-0.13%,22689,45365
DXM25,2025-03-17,103.365,103.46,102.935,103.005,-0.36,-0.35%,11287,28922
DXM25,2025-03-18,103.1,103.31,102.83,102.892,-0.113,-0.11%,14340,29600
DXM25,2025-03-19,102.94,103.57,102.91,103.093,0.201,+0.20%,18146,29337
DXM25,2025-03-20,103.045,103.78,102.99,103.497,0.404,+0.39%,18613,28958
DXM25,2025-03-21,103.435,103.89,103.4,103.744,0.247,+0.24%,16949,28483
DXM25,2025-03-24,103.765,104.13,103.485,103.936,0.192,+0.19%,24862,29527
DXM25,2025-03-25,103.995,104.15,103.6,103.831,-0.105,-0.10%,13339,29219
DXM25,2025-03-26,103.885,104.285,103.845,104.207,0.376,+0.36%,16510,29197
DXM25,2025-03-27,104.31,104.34,103.74,103.992,-0.215,-0.21%,20446,29864
DXM25,2025-03-28,103.915,104.155,103.56,103.709,-0.283,-0.27%,17416,29438
DXM25,2025-03-31,103.755,104.07,103.42,103.883,0.174,+0.17%,18410,28739
DXM25,2025-04-01,103.87,104.065,103.705,103.949,0.066,+0.06%,16816,29279
DXM25,2025-04-02,103.895,104.005,103.02,103.491,-0.458,-0.44%,20468,28867
DXM25,2025-04-03,102.88,103.08,100.975,101.795,-1.696,-1.64%,52665,29937
DXM25,2025-04-04,101.745,102.93,101.27,102.768,0.973,+0.96%,56262,28636
DXM25,2025-04-07,102.755,103.31,101.935,102.972,0.204,+0.20%,75649,23468
DXM25,2025-04-08,103.15,103.19,102.5,102.701,-0.271,-0.26%,33693,22770
DXM25,2025-04-09,102.54,103.055,101.575,102.623,-0.078,-0.08%,70617,22888
DXM25,2025-04-10,102.695,102.7,100.44,100.61,-2.013,-1.96%,44897,25079
DXM25,2025-04-11,100.315,100.425,98.8,99.892,-0.718,-0.71%,76329,26976
DXM25,2025-04-14,99.75,99.95,98.995,99.397,-0.495,-0.50%,39242,27264
DXM25,2025-04-15,99.57,100.025,99.225,99.962,0.565,+0.57%,26742,27224
DXM25,2025-04-16,99.84,99.865,98.935,99.143,-0.819,-0.82%,28273,27940
DXM25,2025-04-17,99.055,99.525,99.02,99.129,-0.014,-0.01%,28273,28963
DXM25,2025-04-21,99.035,99.035,97.68,98.044,-1.085,-1.09%,24153,31931
DXM25,2025-04-22,98.14,98.76,97.79,98.69,0.646,+0.66%,32608,32880
DXM25,2025-04-23,99.3,99.74,98.64,99.636,0.946,+0.96%,40377,29547
DXM25,2025-04-24,99.605,99.655,99.005,99.168,-0.468,-0.47%,21303,29964
DXM25,2025-04-25,99.23,99.68,99.21,99.254,0.086,+0.09%,19651,30252
DXM25,2025-04-28,99.35,99.62,98.67,98.789,-0.465,-0.47%,19498,32784
DXM25,2025-04-29,98.8,99.17,98.73,99.018,0.229,+0.23%,16792,32830
DXM25,2025-04-30,98.97,99.51,98.945,99.27,0.252,+0.25%,21012,33561
DXM25,2025-05-01,99.46,100.19,99.42,100.054,0.784,+0.79%,20968,32521
DXM25,2025-05-02,99.975,100.14,99.195,99.84,-0.214,-0.21%,25753,33347
DXM25,2025-05-05,99.865,99.87,99.275,99.64,-0.2,-0.20%,16447,34794
DXM25,2025-05-06,99.64,99.915,98.985,99.047,-0.593,-0.60%,21324,35412
DXM25,2025-05-07,99.31,99.8,99.1,99.435,0.388,+0.39%,16934,34789
DXM25,2025-05-08,99.725,100.6,99.445,100.49,1.055,+1.06%,29709,29926
DXM25,2025-05-09,100.49,100.71,99.925,100.168,-0.322,-0.32%,15473,29761
DXM25,2025-05-12,100.62,101.815,100.36,101.599,1.431,+1.43%,39359,28018
DXM25,2025-05-13,101.58,101.58,100.735,100.826,-0.773,-0.76%,15843,27982
DXM25,2025-05-14,100.81,100.98,100.105,100.873,0.047,+0.05%,20669,27467
DXM25,2025-05-15,100.86,100.9,100.445,100.729,-0.144,-0.14%,15050,27695
DXM25,2025-05-16,100.63,101.12,100.375,100.946,0.217,+0.22%,13846,27868
DXM25,2025-05-19,100.75,100.755,99.925,100.288,-0.658,-0.65%,18383,28350
DXM25,2025-05-20,100.29,100.45,99.87,99.977,-0.311,-0.31%,18635,30189
DXM25,2025-05-21,99.845,99.845,99.195,99.435,-0.542,-0.54%,20810,31096
DXM25,2025-05-22,99.5,100.025,99.33,99.849,0.414,+0.42%,20996,30939
DXM25,2025-05-23,99.805,99.84,98.935,99.01,-0.839,-0.84%,28064,32041
DXM25,2025-05-26,98.95,99.07,98.59,98.865,-0.145,-0.15%,11066,32342
DXM25,2025-05-27,98.86,99.53,98.68,99.425,0.56,+0.57%,21807,30979
DXM25,2025-05-28,99.45,99.87,99.35,99.785,0.36,+0.36%,19529,28903
DXM25,2025-05-29,100.3,100.415,99.145,99.209,-0.576,-0.58%,30323,27320
DXM25,2025-05-30,99.195,99.605,99.065,99.259,0.05,+0.05%,22423,27498
DXM25,2025-06-02,99.305,99.355,98.54,98.635,-0.624,-0.63%,19365,29034
DXM25,2025-06-03,98.54,99.27,98.52,99.159,0.524,+0.53%,18885,28007
DXM25,2025-06-04,99.115,99.335,98.615,98.73,-0.429,-0.43%,23851,30168
DXM25,2025-06-05,98.745,98.895,98.295,98.704,-0.026,-0.03%,35321,30853
DXM25,2025-06-06,98.645,99.315,98.615,99.142,0.438,+0.44%,20180,31206
DXM25,2025-06-09,99.15,99.19,98.78,98.906,-0.236,-0.24%,30488,31242
DXM25,2025-06-10,98.93,99.365,98.83,99.07,0.164,+0.17%,22521,30659
DXM25,2025-06-11,98.95,99.2,98.495,98.604,-0.466,-0.47%,52043,34475
DXU25,2025-06-12,98.005,98.055,97.13,97.449,-1.155,-1.17%,58789,40951
DXU25,2025-06-13,97.27,98.14,97.165,97.745,0.296,+0.30%,56202,37190
DXU25,2025-06-16,97.875,97.94,97.23,97.552,-0.193,-0.20%,23202,31364
DXU25,2025-06-17,97.76,98.44,97.57,98.394,0.842,+0.86%,24736,30721
DXU25,2025-06-18,98.405,98.59,98.035,98.468,0.074,+0.08%,28848,30425
DXU25,2025-06-19,98.5,98.755,98.325,98.468,0,0.00%,17070,31060
DXU25,2025-06-20,98.28,98.49,98.125,98.282,-0.186,-0.19%,17000,31022
DXU25,2025-06-23,98.65,99.015,97.94,98.01,-0.272,-0.28%,29315,31198
DXU25,2025-06-24,97.85,97.88,97.31,97.45,-0.56,-0.57%,22513,31225
DXU25,2025-06-25,97.54,97.8,97.23,97.273,-0.177,-0.18%,15205,32704
DXU25,2025-06-26,97.135,97.215,96.605,96.762,-0.511,-0.53%,31269,34771
DXU25,2025-06-27,96.985,97.125,96.61,97.031,0.269,+0.28%,22870,34846
DXU25,2025-06-30,96.85,96.95,96.39,96.493,-0.538,-0.55%,22681,36162
DXU25,2025-07-01,96.4,96.58,96,96.467,-0.026,-0.03%,20449,36286
DXU25,2025-07-02,96.315,96.82,96.285,96.429,-0.038,-0.04%,16477,37323
DXU25,2025-07-03,96.42,97.065,96.35,96.822,0.393,+0.41%,19134,36652
DXU25,2025-07-04,96.66,96.822,96.515,96.822,0,0.00%,9123,35313
DXU25,2025-07-07,96.65,97.33,96.555,97.141,0.319,+0.33%,20226,35574
DXU25,2025-07-08,97.03,97.495,96.84,97.172,0.031,+0.03%,18604,35076
DXU25,2025-07-09,97.195,97.405,97.11,97.199,0.027,+0.03%,12886,36331
DXU25,2025-07-10,97.065,97.59,96.945,97.322,0.123,+0.13%,14880,36158
DXU25,2025-07-11,97.25,97.65,97.24,97.529,0.207,+0.21%,17393,35864
DXU25,2025-07-14,97.63,97.82,97.45,97.763,0.234,+0.24%,17373,35864
DXU25,2025-07-15,97.805,98.39,97.31,98.31,0.547,+0.56%,23685,35177
DXU25,2025-07-16,98.29,98.595,97.395,98.075,-0.235,-0.24%,41799,36139
DXU25,2025-07-17,98.055,98.665,98.04,98.446,0.371,+0.38%,15702,34952
DXU25,2025-07-18,98.215,98.295,97.815,98.198,-0.248,-0.25%,12043,35293
DXU25,2025-07-21,98.12,98.235,97.425,97.57,-0.628,-0.64%,20085,35154
DXU25,2025-07-22,97.57,97.725,97.035,97.117,-0.453,-0.46%,17152,35725
DXU25,2025-07-23,97.19,97.34,96.915,96.943,-0.174,-0.18%,21663,36460
DXU25,2025-07-24,96.93,97.27,96.86,97.124,0.181,+0.19%,19597,36177
DXU25,2025-07-25,97.205,97.66,97.185,97.399,0.275,+0.28%,24291,34624
DXU25,2025-07-28,97.37,98.44,97.255,98.395,0.996,+1.02%,21035,34220
DXU25,2025-07-29,98.38,98.905,98.35,98.647,0.252,+0.26%,21788,32919
DXU25,2025-07-30,98.67,99.735,98.47,99.586,0.939,+0.95%,27618,32774
DXU25,2025-07-31,99.58,99.885,99.31,99.743,0.157,+0.16%,23667,31866
DXU25,2025-08-01,99.805,100.055,98.405,98.93,-0.813,-0.82%,44577,31603
DXU25,2025-08-04,98.505,98.795,98.39,98.586,-0.344,-0.35%,22940,31154
DXU25,2025-08-05,98.445,98.89,98.385,98.581,-0.005,-0.01%,19778,30064
DXU25,2025-08-06,98.53,98.635,97.93,97.983,-0.598,-0.61%,21571,30048
DXU25,2025-08-07,98.015,98.305,97.765,98.229,0.246,+0.25%,31971,30547
DXU25,2025-08-08,97.815,98.185,97.74,98.009,-0.22,-0.22%,17911,30108
DXU25,2025-08-11,98.09,98.5,97.87,98.361,0.352,+0.36%,19052,29802
DXU25,2025-08-12,98.35,98.465,97.71,97.927,-0.434,-0.44%,32851,30410
DXU25,2025-08-13,97.86,97.965,97.445,97.662,-0.265,-0.27%,20367,30397
DXU25,2025-08-14,97.575,98.17,97.47,98.103,0.441,+0.45%,18740,30334
DXU25,2025-08-15,98.05,98.07,97.57,97.712,-0.391,-0.40%,15322,30337
DXU25,2025-08-18,97.685,98.04,97.635,98.017,0.305,+0.31%,13083,28839
DXU25,2025-08-19,97.995,98.17,97.8,98.119,0.102,+0.10%,11862,28891
DXU25,2025-08-20,98.195,98.315,97.945,98.08,-0.039,-0.04%,17406,28751
DXU25,2025-08-21,98.11,98.575,98.06,98.511,0.431,+0.44%,19012,28403
DXU25,2025-08-22,98.495,98.725,97.43,97.599,-0.912,-0.93%,19013,30627
DXU25,2025-08-25,97.575,98.435,97.575,98.318,0.719,+0.74%,17498,29417
DXU25,2025-08-26,98.38,98.455,97.975,98.122,-0.196,-0.20%,20855,31488
DXU25,2025-08-27,98.175,98.64,98.055,98.127,0.005,+0.01%,17566,30372
DXU25,2025-08-28,98.05,98.155,97.66,97.738,-0.389,-0.40%,15185,31055
DXU25,2025-08-29,97.795,98.065,97.615,97.69,-0.048,-0.05%,16429,31635
DXU25,2025-09-01,97.75,97.805,97.465,97.69,0,0.00%,7184,31670
DXU25,2025-09-02,97.595,98.53,97.575,98.347,0.657,+0.67%,30128,31502
DXU25,2025-09-03,98.335,98.575,97.955,98.083,-0.264,-0.27%,20636,32762
DXU25,2025-09-04,98.105,98.41,98.04,98.304,0.221,+0.23%,15978,32526
DXU25,2025-09-05,98.19,98.22,97.315,97.728,-0.576,-0.59%,39735,34945
DXU25,2025-09-08,97.81,97.915,97.38,97.412,-0.316,-0.32%,31521,36516
DXU25,2025-09-09,97.375,97.78,97.215,97.752,0.34,+0.35%,28812,38029
DXU25,2025-09-10,97.775,97.91,97.565,97.747,-0.005,-0.01%,52234,42092
DXZ25,2025-09-11,97.38,98.005,97.06,97.133,-0.614,-0.63%,43463,45599
DXZ25,2025-09-12,97.165,97.475,97.09,97.146,0.013,+0.01%,33301,46416
DXZ25,2025-09-15,97.245,97.305,96.87,96.9,-0.246,-0.25%,13953,37035
DXZ25,2025-09-16,96.96,96.99,96.185,96.248,-0.652,-0.67%,21660,38526
DXZ25,2025-09-17,96.26,96.685,95.845,96.52,0.272,+0.28%,32657,39506
DXZ25,2025-09-18,96.6,97.24,96.47,96.971,0.451,+0.47%,26796,38509
DXZ25,2025-09-19,96.99,97.435,96.905,97.27,0.299,+0.31%,15737,39610
DXZ25,2025-09-22,97.285,97.455,96.945,96.975,-0.295,-0.30%,12330,39620
DXZ25,2025-09-23,96.955,97.085,96.835,96.893,-0.082,-0.08%,16957,40441
DXZ25,2025-09-24,96.855,97.565,96.85,97.518,0.625,+0.65%,16834,40671
DXZ25,2025-09-25,97.5,98.265,97.395,98.215,0.697,+0.71%,26246,37026
DXZ25,2025-09-26,98.155,98.205,97.805,97.824,-0.391,-0.40%,16112,36389
DXZ25,2025-09-29,97.875,97.875,97.45,97.584,-0.24,-0.25%,16290,35703
DXZ25,2025-09-30,97.605,97.72,97.31,97.451,-0.133,-0.14%,15585,35699
DXZ25,2025-10-01,97.535,97.56,97.13,97.381,-0.07,-0.07%,28069,36733
DXZ25,2025-10-02,97.435,97.825,97.215,97.54,0.159,+0.16%,16555,37473
DXZ25,2025-10-03,97.53,97.65,97.29,97.415,-0.125,-0.13%,13337,37577
DXZ25,2025-10-06,97.64,98.19,97.64,97.807,0.392,+0.40%,19831,38214
DXZ25,2025-10-07,97.835,98.37,97.815,98.284,0.477,+0.49%,13870,38717
DXZ25,2025-10-08,98.365,98.79,98.34,98.64,0.356,+0.36%,20422,38522
DXZ25,2025-10-09,98.6,99.305,98.44,99.285,0.645,+0.65%,22248,38906
DXZ25,2025-10-10,99.15,99.185,98.555,98.732,-0.553,-0.56%,22194,38107
DXZ25,2025-10-13,98.765,99.105,98.585,99.03,0.298,+0.30%,11922,38125
DXZ25,2025-10-14,99.045,99.235,98.74,98.81,-0.22,-0.22%,18779,37137
DXZ25,2025-10-15,98.84,98.84,98.39,98.541,-0.269,-0.27%,17913,35605
DXZ25,2025-10-16,98.445,98.46,98.06,98.092,-0.449,-0.46%,16061,35209
DXZ25,2025-10-17,98.04,98.325,97.805,98.192,0.1,+0.10%,13867,35009
DXZ25,2025-10-20,98.315,98.41,98.165,98.355,0.163,+0.17%,8658,35164
DXZ25,2025-10-21,98.385,98.765,98.285,98.711,0.356,+0.36%,12023,35369
DXZ25,2025-10-22,98.765,98.92,98.555,98.673,-0.038,-0.04%,10059,35443
DXZ25,2025-10-23,98.71,98.94,98.71,98.729,0.056,+0.06%,9334,35358
DXZ25,2025-10-24,98.725,98.895,97.985,98.747,0.018,+0.02%,14148,36164
DXZ25,2025-10-27,98.75,98.79,98.51,98.563,-0.184,-0.19%,13837,34900
DXZ25,2025-10-28,98.565,98.74,98.35,98.453,-0.11,-0.11%,12005,34998
DXZ25,2025-10-29,98.465,99.17,98.42,99.022,0.569,+0.58%,22268,35760
DXZ25,2025-10-30,98.97,99.545,98.73,99.348,0.326,+0.33%,20340,37894
DXZ25,2025-10-31,99.31,99.675,99.24,99.63,0.282,+0.28%,17051,38512
DXZ25,2025-11-03,99.615,100.015,99.535,99.707,0.077,+0.08%,18271,41613
DXZ25,2025-11-04,99.795,100.105,99.585,100.07,0.363,+0.36%,20886,43439
DXZ25,2025-11-05,100.02,100.215,99.91,100.059,-0.011,-0.01%,12893,43241
DXZ25,2025-11-06,99.95,99.95,99.525,99.585,-0.474,-0.47%,13929,43155
DXZ25,2025-11-07,99.65,99.74,99.255,99.471,-0.114,-0.11%,13411,42738
DXZ25,2025-11-10,99.49,99.61,99.325,99.462,-0.009,-0.01%,13465,42792
DXZ25,2025-11-11,99.545,99.615,99.15,99.316,-0.146,-0.15%,10876,43237
DXZ25,2025-11-12,99.39,99.59,99.29,99.374,0.058,+0.06%,10191,43592
DXZ25,2025-11-13,99.455,99.485,98.865,99.05,-0.324,-0.33%,16192,43411
DXZ25,2025-11-14,99.105,99.305,98.875,99.199,0.149,+0.15%,10151,43230
DXZ25,2025-11-17,99.195,99.5,99.145,99.488,0.289,+0.29%,11014,44410
DXZ25,2025-11-18,99.485,99.57,99.295,99.449,-0.039,-0.04%,8068,44403
DXZ25,2025-11-19,99.49,100.165,99.4,100.151,0.702,+0.71%,15201,46709
DXZ25,2025-11-20,100.075,100.35,99.94,100.09,-0.061,-0.06%,12869,47075
DXZ25,2025-11-21,100.09,100.33,99.925,100.113,0.023,+0.02%,11214,47112
DXZ25,2025-11-24,100.16,100.23,99.945,100.072,-0.041,-0.04%,11943,48425
DXZ25,2025-11-25,100.1,100.2,99.575,99.589,-0.483,-0.48%,21213,47161
DXZ25,2025-11-26,99.775,99.89,99.475,99.522,-0.067,-0.07%,11285,47239
DXZ25,2025-11-27,99.45,99.645,99.335,99.522,0,0.00%,6923,46323
DXZ25,2025-11-28,99.54,99.78,99.325,99.408,-0.114,-0.11%,14786,46327
DXZ25,2025-12-01,99.455,99.46,98.95,99.362,-0.046,-0.05%,23164,44120
DXZ25,2025-12-02,99.39,99.515,99.255,99.296,-0.066,-0.07%,13018,43781
DXZ25,2025-12-03,99.215,99.235,98.76,98.796,-0.5,-0.50%,18298,43488
DXZ25,2025-12-04,98.875,99.045,98.72,98.953,0.157,+0.16%,16576,43071
DXZ25,2025-12-05,98.99,99.095,98.78,98.968,0.015,+0.02%,13926,42574
DXZ25,2025-12-08,98.96,99.2,98.775,99.061,0.093,+0.09%,22852,42032
DXZ25,2025-12-09,99.095,99.305,98.935,99.198,0.137,+0.14%,26592,42972
DXZ25,2025-12-10,99.195,99.24,98.565,98.768,-0.43,-0.43%,35443,42057
DXH26,2025-12-11,98.25,98.395,97.765,97.991,-0.777,-0.79%,46030,43154
DXH26,2025-12-12,98,98.165,97.94,98.024,0.033,+0.03%,30298,43886
DXH26,2025-12-15,98.04,98.1,97.785,97.957,-0.067,-0.07%,11457,27160
DXH26,2025-12-16,97.955,97.995,97.505,97.794,-0.163,-0.17%,17405,26994
DXH26,2025-12-17,97.865,98.275,97.83,98.002,0.208,+0.21%,12189,27417
DXH26,2025-12-18,98.015,98.215,97.82,98.088,0.086,+0.09%,16218,27030
DXH26,2025-12-19,98.115,98.42,98.09,98.252,0.164,+0.17%,10943,27068
DXH26,2025-12-22,98.28,98.37,97.855,97.954,-0.298,-0.30%,9064,27769
DXH26,2025-12-23,97.865,97.87,97.525,97.613,-0.341,-0.35%,11470,28181
DXH26,2025-12-24,97.55,97.695,97.425,97.681,0.068,+0.07%,7549,28557
DXH26,2025-12-26,97.635,97.815,97.535,97.698,0.017,+0.02%,8769,28822
DXH26,2025-12-29,97.79,97.875,97.605,97.732,0.034,+0.03%,8193,28955
DXH26,2025-12-30,97.73,97.985,97.645,97.955,0.223,+0.23%,7431,28984
"Downloaded from Barchart.com as of 08-27-2026 07:25pm CDT"
