Symbol,Time,Open,High,Low,Latest,Change,%Change,Volume,"Open Int"
E6Z10,2010-12-01,1.2985,1.3182,1.2969,1.3132,0.0123,+0.95%,509510,208134
E6Z10,2010-12-02,1.3124,1.3247,1.3059,1.3202,0.007,+0.53%,497009,204013
E6Z10,2010-12-03,1.3213,1.3438,1.3192,1.3378,0.0176,+1.33%,421728,194415
E6Z10,2010-12-06,1.3407,1.3421,1.3244,1.332,-0.0058,-0.43%,379585,192652
E6Z10,2010-12-07,1.3307,1.34,1.3257,1.3286,-0.0034,-0.26%,417629,198099
E6Z10,2010-12-08,1.3267,1.328,1.3179,1.326,-0.0026,-0.20%,461934,200293
E6Z10,2010-12-09,1.3265,1.3327,1.3163,1.3236,-0.0024,-0.18%,488613,203603
E6H11,2010-12-10,1.3234,1.3278,1.3172,1.3224,-0.0012,-0.09%,322810,205518
E6H11,2010-12-13,1.32,1.343,1.3176,1.3395,0.0171,+1.29%,320792,142879
E6H11,2010-12-14,1.3379,1.3493,1.3358,1.3383,-0.0012,-0.09%,373577,146781
E6H11,2010-12-15,1.3378,1.3378,1.3204,1.321,-0.0173,-1.29%,337697,149887
E6H11,2010-12-16,1.3216,1.3263,1.3178,1.321,0,0.00%,271351,152603
E6H11,2010-12-17,1.3238,1.3358,1.3129,1.3173,-0.0037,-0.28%,338376,157656
E6H11,2010-12-20,1.3163,1.318,1.3091,1.3114,-0.0059,-0.45%,217691,154473
E6H11,2010-12-21,1.3118,1.3199,1.3069,1.3088,-0.0026,-0.20%,228327,156136
E6H11,2010-12-22,1.3093,1.3179,1.3073,1.3083,-0.0005,-0.04%,215678,159288
E6H11,2010-12-23,1.3097,1.3148,1.305,1.3111,0.0028,+0.21%,201434,166503
E6H11,2010-12-27,1.3109,1.3168,1.3068,1.314,0.0029,+0.22%,93920,155997
E6H11,2010-12-28,1.3156,1.3272,1.3091,1.3114,-0.0026,-0.20%,205499,162312
E6H11,2010-12-29,1.3104,1.3239,1.308,1.3211,0.0097,+0.74%,155071,165299
E6H11,2010-12-30,1.3216,1.3313,1.3211,1.3282,0.0071,+0.54%,179335,162907
E6H11,2010-12-31,1.3287,1.3423,1.3284,1.3364,0.0082,+0.62%,90103,160687
E6H11,2011-01-03,1.3344,1.3394,1.3248,1.3362,-0.0002,-0.01%,232147,164004
E6H11,2011-01-04,1.335,1.3431,1.3287,1.3301,-0.0061,-0.46%,311101,163239
E6H11,2011-01-05,1.3306,1.3322,1.3121,1.3146,-0.0155,-1.17%,361524,168145
E6H11,2011-01-06,1.315,1.3165,1.2992,1.301,-0.0136,-1.03%,389255,185263
E6H11,2011-01-07,1.3,1.3023,1.2901,1.2929,-0.0081,-0.62%,436767,182750
E6H11,2011-01-10,1.2893,1.2961,1.287,1.2949,0.002,+0.15%,301423,191987
E6H11,2011-01-11,1.2944,1.2989,1.2899,1.2966,0.0017,+0.13%,321496,202004
E6H11,2011-01-12,1.2972,1.3142,1.2957,1.3128,0.0162,+1.25%,466266,203959
E6H11,2011-01-13,1.3122,1.3379,1.3084,1.3343,0.0215,+1.64%,519151,192847
E6H11,2011-01-14,1.3345,1.3453,1.331,1.3353,0.001,+0.07%,358560,183044
E6H11,2011-01-18,1.3369,1.3461,1.3234,1.338,0.0027,+0.20%,540784,188933
E6H11,2011-01-19,1.3382,1.3534,1.3362,1.3453,0.0073,+0.55%,374453,189216
E6H11,2011-01-20,1.3455,1.3518,1.339,1.3466,0.0013,+0.10%,385727,191039
E6H11,2011-01-21,1.3456,1.3622,1.3442,1.3591,0.0125,+0.93%,327466,191192
E6H11,2011-01-24,1.3602,1.368,1.3533,1.3629,0.0038,+0.28%,296957,190856
E6H11,2011-01-25,1.3632,1.3696,1.3566,1.3663,0.0034,+0.25%,394351,199706
E6H11,2011-01-26,1.3672,1.3714,1.3632,1.3675,0.0012,+0.09%,297610,203824
E6H11,2011-01-27,1.3692,1.3753,1.3629,1.3722,0.0047,+0.34%,385587,212206
E6H11,2011-01-28,1.3725,1.374,1.3576,1.3609,-0.0113,-0.82%,368950,205316
E6H11,2011-01-31,1.3575,1.3734,1.3564,1.3688,0.0079,+0.58%,333206,205561
E6H11,2011-02-01,1.3683,1.3836,1.3682,1.3813,0.0125,+0.91%,366707,211730
E6H11,2011-02-02,1.3815,1.3856,1.376,1.3792,-0.0021,-0.15%,276896,204863
E6H11,2011-02-03,1.3799,1.382,1.3604,1.3629,-0.0163,-1.18%,416907,198886
E6H11,2011-02-04,1.3622,1.3676,1.3538,1.3579,-0.005,-0.37%,369366,200782
E6H11,2011-02-07,1.3568,1.3621,1.3503,1.3582,0.0003,+0.02%,285402,200564
E6H11,2011-02-08,1.3575,1.3683,1.3568,1.3621,0.0039,+0.29%,351090,203541
E6H11,2011-02-09,1.3622,1.3739,1.3604,1.3718,0.0097,+0.71%,357228,205692
E6H11,2011-02-10,1.3717,1.3724,1.3572,1.3586,-0.0132,-0.96%,343184,201573
E6H11,2011-02-11,1.3595,1.3617,1.3492,1.3534,-0.0052,-0.38%,350185,193026
E6H11,2011-02-14,1.3525,1.3555,1.3424,1.3478,-0.0056,-0.41%,290954,193725
E6H11,2011-02-15,1.3488,1.3547,1.3457,1.3489,0.0011,+0.08%,320676,193304
E6H11,2011-02-16,1.3485,1.3586,1.3458,1.3564,0.0075,+0.56%,418821,194940
E6H11,2011-02-17,1.3555,1.3617,1.3533,1.3601,0.0037,+0.27%,295258,192808
E6H11,2011-02-18,1.3605,1.3714,1.3542,1.3681,0.008,+0.59%,356146,205737
E6H11,2011-02-22,1.3687,1.3714,1.3523,1.3658,-0.0023,-0.17%,510403,210254
E6H11,2011-02-23,1.3653,1.3785,1.3651,1.3741,0.0083,+0.61%,313154,210294
E6H11,2011-02-24,1.3747,1.3819,1.3701,1.3805,0.0064,+0.47%,314290,210109
E6H11,2011-02-25,1.3799,1.3837,1.3721,1.3741,-0.0064,-0.46%,240669,206992
E6H11,2011-02-28,1.3745,1.3854,1.371,1.3801,0.006,+0.44%,274531,217568
E6H11,2011-03-01,1.3803,1.3853,1.3761,1.377,-0.0031,-0.22%,279455,217066
E6H11,2011-03-02,1.3774,1.389,1.3742,1.386,0.009,+0.65%,343817,225445
E6H11,2011-03-03,1.3863,1.3975,1.3831,1.3956,0.0096,+0.69%,458003,236492
E6H11,2011-03-04,1.3959,1.4007,1.3938,1.3985,0.0029,+0.21%,364829,253246
E6H11,2011-03-07,1.399,1.4035,1.3954,1.3966,-0.0019,-0.14%,277426,252467
E6H11,2011-03-08,1.3968,1.3988,1.386,1.3901,-0.0065,-0.47%,357667,263702
E6H11,2011-03-09,1.3904,1.3941,1.3854,1.3903,0.0002,+0.01%,346657,281199
E6H11,2011-03-10,1.3906,1.3924,1.3774,1.3795,-0.0108,-0.78%,537039,299019
E6M11,2011-03-11,1.3784,1.3898,1.3733,1.3869,0.0074,+0.54%,422357,308267
E6M11,2011-03-14,1.3948,1.3984,1.3869,1.3973,0.0104,+0.75%,273980,190745
E6M11,2011-03-15,1.3969,1.3995,1.3836,1.3978,0.0005,+0.04%,381005,190848
E6M11,2011-03-16,1.3977,1.3984,1.3848,1.3882,-0.0096,-0.69%,370510,184217
E6M11,2011-03-17,1.3904,1.4036,1.385,1.3988,0.0106,+0.76%,311287,188732
E6M11,2011-03-18,1.3999,1.4167,1.3962,1.4137,0.0149,+1.07%,289630,192068
E6M11,2011-03-21,1.4159,1.4221,1.412,1.4207,0.007,+0.50%,234011,191864
E6M11,2011-03-22,1.4197,1.4229,1.4159,1.4185,-0.0022,-0.15%,219463,194709
E6M11,2011-03-23,1.4183,1.4196,1.4066,1.4103,-0.0082,-0.58%,310797,201591
E6M11,2011-03-24,1.4076,1.4202,1.4035,1.4164,0.0061,+0.43%,292414,210653
E6M11,2011-03-25,1.4156,1.4176,1.4036,1.4051,-0.0113,-0.80%,237107,210159
E6M11,2011-03-28,1.4029,1.4097,1.4,1.4078,0.0027,+0.19%,237345,218273
E6M11,2011-03-29,1.4065,1.413,1.4026,1.4068,-0.001,-0.07%,277900,218177
E6M11,2011-03-30,1.4088,1.4129,1.4031,1.41,0.0032,+0.23%,293701,223451
E6M11,2011-03-31,1.4107,1.4214,1.4096,1.4181,0.0081,+0.57%,313317,226985
E6M11,2011-04-01,1.4151,1.4227,1.4041,1.4216,0.0035,+0.25%,402443,229814
E6M11,2011-04-04,1.4217,1.4249,1.4173,1.4198,-0.0018,-0.13%,204664,231717
E6M11,2011-04-05,1.42,1.4226,1.4131,1.4205,0.0007,+0.05%,258853,236270
E6M11,2011-04-06,1.4202,1.4329,1.4197,1.4314,0.0109,+0.77%,313316,245924
E6M11,2011-04-07,1.4309,1.4316,1.4222,1.4278,-0.0036,-0.25%,337963,242135
E6M11,2011-04-08,1.4282,1.4468,1.427,1.4414,0.0136,+0.95%,258657,247497
E6M11,2011-04-11,1.4431,1.4462,1.44,1.4408,-0.0006,-0.04%,174984,243990
E6M11,2011-04-12,1.4415,1.45,1.4356,1.4466,0.0058,+0.40%,299310,243203
E6M11,2011-04-13,1.4459,1.45,1.4392,1.442,-0.0046,-0.32%,269925,242731
E6M11,2011-04-14,1.4424,1.4495,1.4345,1.4471,0.0051,+0.35%,299409,244115
E6M11,2011-04-15,1.4468,1.4484,1.437,1.4416,-0.0055,-0.38%,255638,242595
E6M11,2011-04-18,1.4399,1.4402,1.4137,1.4215,-0.0201,-1.39%,409797,241916
E6M11,2011-04-19,1.4214,1.4334,1.4186,1.4321,0.0106,+0.75%,258917,244006
E6M11,2011-04-20,1.4314,1.4532,1.4311,1.4497,0.0176,+1.23%,311205,249907
E6M11,2011-04-21,1.4505,1.4631,1.4487,1.4555,0.0058,+0.40%,277167,246991
E6M11,2011-04-25,1.4547,1.4609,1.4508,1.4567,0.0012,+0.08%,103508,248734
E6M11,2011-04-26,1.4562,1.464,1.4476,1.4614,0.0047,+0.32%,242669,249000
E6M11,2011-04-27,1.4629,1.4777,1.4614,1.4721,0.0107,+0.73%,314311,250993
E6M11,2011-04-28,1.4757,1.4864,1.4755,1.4802,0.0081,+0.55%,280591,248777
E6M11,2011-04-29,1.4807,1.4862,1.4781,1.482,0.0018,+0.12%,179800,249973
E6M11,2011-05-02,1.481,1.4885,1.4744,1.483,0.001,+0.07%,215138,259822
E6M11,2011-05-03,1.4809,1.4874,1.4738,1.4803,-0.0027,-0.18%,289429,267076
E6M11,2011-05-04,1.4807,1.4925,1.4758,1.4833,0.003,+0.20%,375703,267394
E6M11,2011-05-05,1.4813,1.4884,1.4496,1.4508,-0.0325,-2.19%,512012,261163
E6M11,2011-05-06,1.4524,1.4575,1.4294,1.4323,-0.0185,-1.28%,542320,251383
E6M11,2011-05-09,1.4351,1.443,1.4242,1.4324,0.0001,+0.01%,387555,245001
E6M11,2011-05-10,1.4339,1.4402,1.4258,1.4383,0.0059,+0.41%,320780,242927
E6M11,2011-05-11,1.4399,1.4413,1.4161,1.4184,-0.0199,-1.38%,361596,246772
E6M11,2011-05-12,1.419,1.4267,1.4115,1.4219,0.0035,+0.25%,370357,242139
E6M11,2011-05-13,1.4231,1.433,1.4056,1.41,-0.0119,-0.84%,391111,254172
E6M11,2011-05-16,1.4071,1.4236,1.4038,1.418,0.008,+0.57%,314317,255936
E6M11,2011-05-17,1.4151,1.4232,1.4112,1.4218,0.0038,+0.27%,350527,250533
E6M11,2011-05-18,1.4225,1.4279,1.4186,1.4216,-0.0002,-0.01%,289308,256392
E6M11,2011-05-19,1.4244,1.4319,1.4198,1.4303,0.0087,+0.61%,347560,261698
E6M11,2011-05-20,1.4303,1.4339,1.4126,1.4198,-0.0105,-0.73%,422781,264832
E6M11,2011-05-23,1.413,1.4139,1.3963,1.4054,-0.0144,-1.01%,415576,265346
E6M11,2011-05-24,1.4044,1.4127,1.3995,1.4103,0.0049,+0.35%,311627,258663
E6M11,2011-05-25,1.4092,1.4113,1.4006,1.407,-0.0033,-0.23%,382070,261428
E6M11,2011-05-26,1.4078,1.4203,1.4063,1.4137,0.0067,+0.48%,379877,266305
E6M11,2011-05-27,1.4131,1.43,1.4122,1.4268,0.0131,+0.93%,331292,265253
E6M11,2011-05-31,1.4308,1.4422,1.4254,1.4379,0.0111,+0.78%,346041,276622
E6M11,2011-06-01,1.4389,1.4458,1.4318,1.4369,-0.001,-0.07%,369654,275614
E6M11,2011-06-02,1.433,1.4512,1.4322,1.448,0.0111,+0.77%,354093,271346
E6M11,2011-06-03,1.4486,1.4641,1.4448,1.4622,0.0142,+0.98%,384242,276229
E6M11,2011-06-06,1.4629,1.4658,1.4555,1.4585,-0.0037,-0.25%,267393,276545
E6M11,2011-06-07,1.4579,1.4695,1.4562,1.4692,0.0107,+0.73%,341839,296126
E6M11,2011-06-08,1.4688,1.4692,1.4562,1.4577,-0.0115,-0.78%,416340,297571
E6M11,2011-06-09,1.4577,1.4659,1.4476,1.4509,-0.0068,-0.47%,530856,303705
E6U11,2011-06-10,1.447,1.451,1.4281,1.4312,-0.0197,-1.36%,447705,296700
E6U11,2011-06-13,1.4292,1.439,1.428,1.4372,0.006,+0.42%,210344,187099
E6U11,2011-06-14,1.4374,1.4456,1.4339,1.4426,0.0054,+0.38%,232070,190373
E6U11,2011-06-15,1.4401,1.441,1.4118,1.4132,-0.0294,-2.04%,412687,189979
E6U11,2011-06-16,1.413,1.4186,1.4039,1.4103,-0.0029,-0.21%,415584,188449
E6U11,2011-06-17,1.4176,1.4303,1.4091,1.4276,0.0173,+1.23%,319735,194320
E6U11,2011-06-20,1.4237,1.4291,1.4154,1.4267,-0.0009,-0.06%,242076,188428
E6U11,2011-06-21,1.427,1.4385,1.426,1.438,0.0113,+0.79%,259470,189190
E6U11,2011-06-22,1.4368,1.4407,1.4306,1.4338,-0.0042,-0.29%,288043,182218
E6U11,2011-06-23,1.4303,1.4304,1.4093,1.4182,-0.0156,-1.09%,399078,183867
E6U11,2011-06-24,1.423,1.4273,1.4109,1.4138,-0.0044,-0.31%,310920,184855
E6U11,2011-06-27,1.4155,1.4263,1.407,1.4233,0.0095,+0.67%,293482,180032
E6U11,2011-06-28,1.4259,1.4366,1.4204,1.4331,0.0098,+0.69%,365455,183206
E6U11,2011-06-29,1.4338,1.4416,1.4292,1.4394,0.0063,+0.44%,345130,182910
E6U11,2011-06-30,1.4401,1.4507,1.4394,1.4488,0.0094,+0.65%,290723,190820
E6U11,2011-07-01,1.4462,1.452,1.4405,1.4478,-0.001,-0.07%,251876,190778
E6U11,2011-07-05,1.4512,1.4547,1.4365,1.4381,-0.0097,-0.67%,318564,198469
E6U11,2011-07-06,1.4397,1.4437,1.4256,1.4266,-0.0115,-0.80%,299761,186237
E6U11,2011-07-07,1.4291,1.4345,1.4191,1.432,0.0054,+0.38%,340630,189064
E6U11,2011-07-08,1.433,1.434,1.4176,1.4214,-0.0106,-0.74%,370060,184304
E6U11,2011-07-11,1.4192,1.4214,1.3958,1.3996,-0.0218,-1.53%,420176,179997
E6U11,2011-07-12,1.4019,1.4037,1.3811,1.4,0.0004,+0.03%,574289,185541
E6U11,2011-07-13,1.3942,1.4165,1.3923,1.4117,0.0117,+0.84%,436477,184942
E6U11,2011-07-14,1.4189,1.4256,1.4087,1.4108,-0.0009,-0.06%,372133,189786
E6U11,2011-07-15,1.4121,1.4173,1.4065,1.4108,0,0.00%,288996,185294
E6U11,2011-07-18,1.41,1.4108,1.3988,1.4057,-0.0051,-0.36%,277248,185894
E6U11,2011-07-19,1.4078,1.4193,1.4043,1.4108,0.0051,+0.36%,372738,180314
E6U11,2011-07-20,1.4128,1.4216,1.4108,1.4201,0.0093,+0.66%,305032,179045
E6U11,2011-07-21,1.4196,1.4413,1.4114,1.439,0.0189,+1.33%,491541,179492
E6U11,2011-07-22,1.4394,1.4414,1.43,1.4344,-0.0046,-0.32%,264723,180158
E6U11,2011-07-25,1.438,1.4384,1.4301,1.4362,0.0018,+0.13%,235611,178862
E6U11,2011-07-26,1.4355,1.4505,1.4336,1.4498,0.0136,+0.95%,287095,183690
E6U11,2011-07-27,1.449,1.4514,1.4319,1.4352,-0.0146,-1.01%,333505,188771
E6U11,2011-07-28,1.4349,1.4382,1.4234,1.4292,-0.006,-0.42%,305768,184848
E6U11,2011-07-29,1.4308,1.4398,1.4212,1.4348,0.0056,+0.39%,360567,183232
E6U11,2011-08-01,1.4339,1.4438,1.4169,1.4249,-0.0099,-0.69%,390806,187360
E6U11,2011-08-02,1.4238,1.4271,1.4139,1.418,-0.0069,-0.48%,371832,190722
E6U11,2011-08-03,1.4179,1.4332,1.4131,1.4298,0.0118,+0.83%,421169,188281
E6U11,2011-08-04,1.4346,1.4355,1.407,1.4121,-0.0177,-1.24%,578487,186897
E6U11,2011-08-05,1.4077,1.4286,1.4041,1.425,0.0129,+0.91%,514821,185850
E6U11,2011-08-08,1.4349,1.4393,1.412,1.4179,-0.0071,-0.50%,471359,187351
E6U11,2011-08-09,1.416,1.4372,1.4145,1.4209,0.003,+0.21%,486105,183571
E6U11,2011-08-10,1.4385,1.4395,1.4154,1.4193,-0.0016,-0.11%,458209,180661
E6U11,2011-08-11,1.4157,1.4289,1.4098,1.4208,0.0015,+0.11%,450384,174298
E6U11,2011-08-12,1.4231,1.4286,1.4143,1.4238,0.003,+0.21%,275646,171834
E6U11,2011-08-15,1.4256,1.4472,1.4238,1.4444,0.0206,+1.45%,307839,174577
E6U11,2011-08-16,1.4441,1.4467,1.4348,1.4389,-0.0055,-0.38%,317567,168931
E6U11,2011-08-17,1.4394,1.4512,1.4319,1.4446,0.0057,+0.40%,320863,169986
E6U11,2011-08-18,1.4418,1.4447,1.4265,1.432,-0.0126,-0.87%,326568,175215
E6U11,2011-08-19,1.4323,1.4449,1.4253,1.4382,0.0062,+0.43%,314013,174575
E6U11,2011-08-22,1.4372,1.443,1.4342,1.4367,-0.0015,-0.10%,182935,172824
E6U11,2011-08-23,1.4351,1.4497,1.4349,1.442,0.0053,+0.37%,278237,174714
E6U11,2011-08-24,1.4429,1.4478,1.4374,1.4416,-0.0004,-0.03%,256992,175004
E6U11,2011-08-25,1.4405,1.4472,1.4322,1.4364,-0.0052,-0.36%,322213,181836
E6U11,2011-08-26,1.437,1.45,1.4324,1.448,0.0116,+0.81%,353064,177982
E6U11,2011-08-29,1.449,1.4553,1.4462,1.4503,0.0023,+0.16%,167665,179862
E6U11,2011-08-30,1.451,1.453,1.438,1.4447,-0.0056,-0.39%,245495,179162
E6U11,2011-08-31,1.4436,1.4466,1.4355,1.4377,-0.007,-0.48%,248758,178099
E6U11,2011-09-01,1.4376,1.4378,1.4224,1.427,-0.0107,-0.74%,294965,183335
E6U11,2011-09-02,1.4259,1.4287,1.418,1.4184,-0.0086,-0.60%,266572,187458
E6U11,2011-09-06,1.4162,1.4283,1.3969,1.3986,-0.0198,-1.40%,622865,209515
E6U11,2011-09-07,1.4,1.4149,1.3991,1.4089,0.0103,+0.74%,299177,211955
E6U11,2011-09-08,1.4093,1.4095,1.3871,1.3888,-0.0201,-1.43%,408665,220431
E6U11,2011-09-09,1.3886,1.3935,1.3625,1.3658,-0.023,-1.66%,531048,254327
E6U11,2011-09-12,1.3574,1.3695,1.3497,1.3575,-0.0083,-0.61%,472334,247321
E6U11,2011-09-13,1.3662,1.3738,1.3556,1.371,0.0135,+0.99%,551404,264500
E6U11,2011-09-14,1.3678,1.3782,1.359,1.3749,0.0039,+0.28%,547652,296330
E6Z11,2011-09-15,1.3733,1.3925,1.3694,1.3875,0.0126,+0.92%,519729,313181
E6Z11,2011-09-16,1.3872,1.3872,1.374,1.3783,-0.0092,-0.66%,381114,334124
E6Z11,2011-09-19,1.3672,1.3711,1.3577,1.3658,-0.0125,-0.91%,318967,204334
E6Z11,2011-09-20,1.3668,1.3738,1.3585,1.3678,0.002,+0.15%,307879,201556
E6Z11,2011-09-21,1.3692,1.3791,1.3554,1.3665,-0.0013,-0.10%,353005,206520
E6Z11,2011-09-22,1.3577,1.3594,1.338,1.3464,-0.0201,-1.47%,455991,217102
E6Z11,2011-09-23,1.3458,1.3563,1.3414,1.3455,-0.0009,-0.07%,360525,213719
E6Z11,2011-09-26,1.3501,1.3545,1.3357,1.3459,0.0004,+0.03%,399573,211056
E6Z11,2011-09-27,1.352,1.3662,1.3459,1.3639,0.018,+1.34%,370930,215172
E6Z11,2011-09-28,1.3582,1.3684,1.3525,1.3571,-0.0068,-0.50%,307506,219123
E6Z11,2011-09-29,1.3523,1.3675,1.3513,1.3556,-0.0015,-0.11%,279183,219818
E6Z11,2011-09-30,1.358,1.3596,1.338,1.3415,-0.0141,-1.04%,323105,227573
E6Z11,2011-10-03,1.3353,1.3379,1.3161,1.3217,-0.0198,-1.48%,376562,227577
E6Z11,2011-10-04,1.3183,1.3368,1.3142,1.3236,0.0019,+0.14%,416919,220839
E6Z11,2011-10-05,1.3331,1.338,1.3256,1.3351,0.0115,+0.87%,357907,217760
E6Z11,2011-10-06,1.3345,1.3445,1.3235,1.3417,0.0066,+0.49%,451991,220525
E6Z11,2011-10-07,1.3425,1.3518,1.3353,1.3381,-0.0036,-0.27%,330320,224514
E6Z11,2011-10-10,1.3382,1.369,1.3371,1.3654,0.0273,+2.04%,257291,222508
E6Z11,2011-10-11,1.3627,1.3676,1.3557,1.3653,-0.0001,-0.01%,286619,223167
E6Z11,2011-10-12,1.364,1.3825,1.3573,1.3779,0.0126,+0.92%,317047,224965
E6Z11,2011-10-13,1.3771,1.3817,1.3676,1.3775,-0.0004,-0.03%,305404,226049
E6Z11,2011-10-14,1.3764,1.3885,1.3714,1.387,0.0095,+0.69%,284691,222315
E6Z11,2011-10-17,1.3871,1.3905,1.3717,1.3735,-0.0135,-0.97%,283539,234846
E6Z11,2011-10-18,1.3728,1.3811,1.3645,1.3734,-0.0001,-0.01%,339273,230483
E6Z11,2011-10-19,1.3727,1.3862,1.3717,1.3739,0.0005,+0.04%,291743,234265
E6Z11,2011-10-20,1.3751,1.3837,1.3649,1.3763,0.0024,+0.17%,428850,238248
E6Z11,2011-10-21,1.3768,1.3897,1.3697,1.3859,0.0096,+0.70%,290818,241764
E6Z11,2011-10-24,1.3861,1.3949,1.3815,1.394,0.0081,+0.58%,280125,237313
E6Z11,2011-10-25,1.3925,1.3954,1.3842,1.392,-0.002,-0.14%,344072,235774
E6Z11,2011-10-26,1.3904,1.397,1.3792,1.389,-0.003,-0.22%,354700,234089
E6Z11,2011-10-27,1.3891,1.4241,1.3858,1.4201,0.0311,+2.24%,433835,228623
E6Z11,2011-10-28,1.4175,1.4201,1.4126,1.4148,-0.0053,-0.37%,233543,221214
E6Z11,2011-10-31,1.4146,1.4166,1.3822,1.392,-0.0228,-1.61%,343063,223555
E6Z11,2011-11-01,1.3855,1.3866,1.3604,1.3707,-0.0213,-1.53%,434262,231229
E6Z11,2011-11-02,1.3693,1.3825,1.3633,1.3757,0.005,+0.36%,300427,230913
E6Z11,2011-11-03,1.3741,1.3854,1.3652,1.383,0.0073,+0.53%,448336,235681
E6Z11,2011-11-04,1.3812,1.3879,1.3708,1.3773,-0.0057,-0.41%,322312,235255
E6Z11,2011-11-07,1.3816,1.3819,1.3678,1.3771,-0.0002,-0.01%,268066,233644
E6Z11,2011-11-08,1.3766,1.3846,1.3722,1.384,0.0069,+0.50%,269209,231836
E6Z11,2011-11-09,1.383,1.3857,1.3521,1.354,-0.03,-2.17%,425976,247495
E6Z11,2011-11-10,1.3527,1.3653,1.3484,1.3582,0.0042,+0.31%,341169,249611
E6Z11,2011-11-11,1.3608,1.3795,1.3578,1.3748,0.0166,+1.22%,237313,243922
E6Z11,2011-11-14,1.3775,1.3794,1.359,1.3611,-0.0137,-1.00%,229507,242483
E6Z11,2011-11-15,1.3622,1.364,1.3495,1.3542,-0.0069,-0.51%,262233,244552
E6Z11,2011-11-16,1.3527,1.3558,1.3428,1.3511,-0.0031,-0.23%,300253,247098
E6Z11,2011-11-17,1.3457,1.354,1.342,1.3464,-0.0047,-0.35%,325954,255447
E6Z11,2011-11-18,1.3466,1.3614,1.3447,1.3513,0.0049,+0.36%,289084,261528
E6Z11,2011-11-21,1.3522,1.3543,1.343,1.3496,-0.0017,-0.13%,273237,259988
E6Z11,2011-11-22,1.3488,1.3569,1.3468,1.3506,0.001,+0.07%,272190,260064
E6Z11,2011-11-23,1.3515,1.3531,1.3319,1.3328,-0.0178,-1.32%,321712,270204
E6Z11,2011-11-25,1.3359,1.3412,1.3212,1.3239,-0.0089,-0.67%,309084,275198
E6Z11,2011-11-28,1.3315,1.3401,1.3273,1.3303,0.0064,+0.48%,248540,271200
E6Z11,2011-11-29,1.3312,1.3444,1.3286,1.333,0.0027,+0.20%,309672,277511
E6Z11,2011-11-30,1.3332,1.3535,1.326,1.3436,0.0106,+0.80%,449834,281443
E6Z11,2011-12-01,1.3442,1.3522,1.3417,1.3456,0.002,+0.15%,286876,275159
E6Z11,2011-12-02,1.346,1.355,1.3362,1.3404,-0.0052,-0.39%,292959,277240
E6Z11,2011-12-05,1.3407,1.3487,1.3373,1.34,-0.0004,-0.03%,258793,277324
E6Z11,2011-12-06,1.3395,1.3429,1.3333,1.341,0.001,+0.07%,239887,283309
E6Z11,2011-12-07,1.3403,1.3453,1.335,1.3396,-0.0014,-0.10%,275774,297017
E6Z11,2011-12-08,1.3415,1.3461,1.3288,1.3336,-0.006,-0.45%,399808,308787
E6Z11,2011-12-09,1.335,1.3434,1.3281,1.3371,0.0035,+0.26%,335735,310019
E6Z11,2011-12-12,1.3361,1.3377,1.3163,1.3186,-0.0185,-1.38%,346034,318679
E6Z11,2011-12-13,1.3173,1.3237,1.3009,1.3038,-0.0148,-1.12%,553709,327740
E6Z11,2011-12-14,1.3033,1.3065,1.2945,1.2975,-0.0063,-0.48%,405268,350776
E6H12,2011-12-15,1.3,1.3065,1.2976,1.3025,0.005,+0.39%,355300,367383
E6H12,2011-12-16,1.3031,1.3096,1.3006,1.3037,0.0012,+0.09%,296708,361793
E6H12,2011-12-19,1.3047,1.3055,1.2993,1.3026,-0.0011,-0.08%,158717,266167
E6H12,2011-12-20,1.3007,1.3142,1.3003,1.3084,0.0058,+0.45%,191145,266597
E6H12,2011-12-21,1.3092,1.3224,1.3038,1.3057,-0.0027,-0.21%,235479,272742
E6H12,2011-12-22,1.3058,1.3133,1.3029,1.3058,0.0001,+0.01%,147103,274244
E6H12,2011-12-23,1.3067,1.3109,1.304,1.3071,0.0013,+0.10%,77631,274701
E6H12,2011-12-27,1.3089,1.3097,1.3072,1.3083,0.0012,+0.09%,37824,276023
E6H12,2011-12-28,1.3081,1.3095,1.2924,1.2953,-0.013,-0.99%,177490,286171
E6H12,2011-12-29,1.2954,1.2979,1.2869,1.2947,-0.0006,-0.05%,141641,282054
E6H12,2011-12-30,1.2961,1.3008,1.2915,1.2968,0.0021,+0.16%,115642,284542
E6H12,2012-01-03,1.3047,1.3085,1.302,1.3063,0.0095,+0.73%,137219,282790
E6H12,2012-01-04,1.3059,1.3063,1.2904,1.2944,-0.0119,-0.91%,216177,293235
E6H12,2012-01-05,1.2948,1.2952,1.2777,1.2792,-0.0152,-1.17%,266566,298476
E6H12,2012-01-06,1.2798,1.282,1.2703,1.2729,-0.0063,-0.49%,227315,293406
E6H12,2012-01-09,1.27,1.2791,1.2673,1.2761,0.0032,+0.25%,187019,291209
E6H12,2012-01-10,1.2773,1.2824,1.2747,1.2795,0.0034,+0.27%,215751,294263
E6H12,2012-01-11,1.2778,1.2795,1.2664,1.27,-0.0095,-0.74%,289569,299073
E6H12,2012-01-12,1.2713,1.2848,1.2702,1.2832,0.0132,+1.04%,321791,292949
E6H12,2012-01-13,1.2815,1.2884,1.2627,1.2672,-0.016,-1.25%,400957,304750
E6H12,2012-01-17,1.2642,1.2819,1.2628,1.2724,0.0052,+0.41%,373667,300962
E6H12,2012-01-18,1.2741,1.2872,1.2736,1.284,0.0116,+0.91%,354246,307115
E6H12,2012-01-19,1.2857,1.2975,1.284,1.2937,0.0097,+0.76%,285443,307146
E6H12,2012-01-20,1.2969,1.2989,1.2889,1.2925,-0.0012,-0.09%,241693,315634
E6H12,2012-01-23,1.2885,1.3056,1.288,1.302,0.0095,+0.74%,270935,310527
E6H12,2012-01-24,1.3017,1.3066,1.2956,1.3025,0.0005,+0.04%,308549,315350
E6H12,2012-01-25,1.3034,1.3124,1.2933,1.3087,0.0062,+0.48%,366171,309825
E6H12,2012-01-26,1.3103,1.3186,1.3087,1.311,0.0023,+0.18%,279792,306415
E6H12,2012-01-27,1.3107,1.3237,1.3078,1.3207,0.0097,+0.74%,331913,302875
E6H12,2012-01-30,1.3218,1.3224,1.3078,1.3126,-0.0081,-0.61%,218914,303113
E6H12,2012-01-31,1.3143,1.3216,1.3043,1.3086,-0.004,-0.30%,317889,305328
E6H12,2012-02-01,1.3093,1.3221,1.3027,1.3158,0.0072,+0.55%,348674,303919
E6H12,2012-02-02,1.3169,1.3198,1.3086,1.3143,-0.0015,-0.11%,294382,299921
E6H12,2012-02-03,1.3147,1.3217,1.3067,1.3154,0.0011,+0.08%,357926,299553
E6H12,2012-02-06,1.3123,1.3154,1.3028,1.3125,-0.0029,-0.22%,280208,297477
E6H12,2012-02-07,1.3126,1.328,1.3091,1.3248,0.0123,+0.94%,383654,288657
E6H12,2012-02-08,1.326,1.329,1.3222,1.3253,0.0005,+0.04%,276840,283223
E6H12,2012-02-09,1.3253,1.3325,1.3216,1.329,0.0037,+0.28%,308942,285843
E6H12,2012-02-10,1.3288,1.3292,1.3157,1.3172,-0.0118,-0.89%,247137,287933
E6H12,2012-02-13,1.3237,1.3285,1.3172,1.3205,0.0033,+0.25%,209777,286579
E6H12,2012-02-14,1.3175,1.3218,1.308,1.3094,-0.0111,-0.84%,282697,291060
E6H12,2012-02-15,1.3134,1.3192,1.3045,1.3063,-0.0031,-0.24%,321995,299085
E6H12,2012-02-16,1.3063,1.3161,1.2975,1.3141,0.0078,+0.60%,359743,294462
E6H12,2012-02-17,1.3134,1.3199,1.3116,1.3159,0.0018,+0.14%,233219,295500
E6H12,2012-02-21,1.3206,1.3295,1.3159,1.3247,0.0088,+0.67%,385308,287525
E6H12,2012-02-22,1.323,1.3268,1.3212,1.3245,-0.0002,-0.02%,238653,287495
E6H12,2012-02-23,1.3249,1.3381,1.3232,1.3336,0.0091,+0.69%,322144,280074
E6H12,2012-02-24,1.337,1.3488,1.3358,1.346,0.0124,+0.93%,265826,276830
E6H12,2012-02-27,1.346,1.3473,1.3367,1.3398,-0.0062,-0.46%,261685,272859
E6H12,2012-02-28,1.3394,1.3473,1.339,1.3458,0.006,+0.45%,253899,271282
E6H12,2012-02-29,1.3458,1.3487,1.3315,1.3339,-0.0119,-0.88%,351274,275227
E6H12,2012-03-01,1.3322,1.3357,1.3282,1.3316,-0.0023,-0.17%,252978,273182
E6H12,2012-03-02,1.3317,1.3334,1.3188,1.3206,-0.011,-0.83%,273141,279851
E6H12,2012-03-05,1.32,1.3243,1.3161,1.3227,0.0021,+0.16%,225475,275921
E6H12,2012-03-06,1.3216,1.3227,1.3104,1.3106,-0.0121,-0.91%,293372,285604
E6H12,2012-03-07,1.3119,1.3165,1.3097,1.3149,0.0043,+0.33%,262590,285689
E6H12,2012-03-08,1.315,1.3292,1.3136,1.3273,0.0124,+0.94%,310157,283003
E6H12,2012-03-09,1.3274,1.3277,1.3097,1.3107,-0.0166,-1.25%,343000,291238
E6H12,2012-03-12,1.3115,1.316,1.308,1.3149,0.0042,+0.32%,263207,288792
E6H12,2012-03-13,1.315,1.3192,1.3052,1.3073,-0.0076,-0.58%,427976,311057
E6H12,2012-03-14,1.3081,1.3091,1.3011,1.3023,-0.005,-0.38%,415115,321293
E6M12,2012-03-15,1.3032,1.3126,1.3009,1.3102,0.0079,+0.61%,353949,336650
E6M12,2012-03-16,1.3084,1.3195,1.3055,1.3179,0.0077,+0.59%,316551,352816
E6M12,2012-03-19,1.3185,1.3272,1.3148,1.3245,0.0066,+0.50%,224281,258104
E6M12,2012-03-20,1.3244,1.3259,1.3178,1.3236,-0.0009,-0.07%,208564,258535
E6M12,2012-03-21,1.3229,1.3292,1.3185,1.321,-0.0026,-0.20%,246022,259738
E6M12,2012-03-22,1.322,1.3261,1.314,1.3188,-0.0022,-0.17%,243947,263924
E6M12,2012-03-23,1.3206,1.33,1.3196,1.327,0.0082,+0.62%,241187,251002
E6M12,2012-03-26,1.3271,1.3374,1.3197,1.3349,0.0079,+0.60%,261300,238423
E6M12,2012-03-27,1.336,1.3391,1.3319,1.3341,-0.0008,-0.06%,182780,239446
E6M12,2012-03-28,1.3322,1.3379,1.3282,1.3328,-0.0013,-0.10%,239706,238212
E6M12,2012-03-29,1.3322,1.3351,1.3257,1.3292,-0.0036,-0.27%,226412,236328
E6M12,2012-03-30,1.3308,1.3383,1.3303,1.3339,0.0047,+0.35%,236906,234844
E6M12,2012-04-02,1.3365,1.3387,1.3283,1.3338,-0.0001,-0.01%,241012,238405
E6M12,2012-04-03,1.3324,1.3374,1.3218,1.322,-0.0118,-0.88%,301424,241006
E6M12,2012-04-04,1.3241,1.3245,1.3112,1.3141,-0.0079,-0.60%,274488,252492
E6M12,2012-04-05,1.3147,1.3169,1.304,1.3068,-0.0073,-0.56%,233806,263795
E6M12,2012-04-06,1.3069,1.3119,1.3044,1.3087,0.0019,+0.15%,50903,265475
E6M12,2012-04-09,1.3101,1.314,1.3037,1.3127,0.004,+0.31%,104050,266257
E6M12,2012-04-10,1.3115,1.315,1.3059,1.3082,-0.0045,-0.34%,291811,274830
E6M12,2012-04-11,1.3089,1.3163,1.3072,1.3104,0.0022,+0.17%,228026,275863
E6M12,2012-04-12,1.3112,1.3218,1.3104,1.32,0.0096,+0.73%,274774,276566
E6M12,2012-04-13,1.3192,1.3206,1.3074,1.3083,-0.0117,-0.89%,242442,286835
E6M12,2012-04-16,1.3075,1.3154,1.3,1.3139,0.0056,+0.43%,304212,292004
E6M12,2012-04-17,1.3138,1.3178,1.3095,1.3143,0.0004,+0.03%,226761,295844
E6M12,2012-04-18,1.3132,1.3146,1.3061,1.313,-0.0013,-0.10%,243373,297484
E6M12,2012-04-19,1.3124,1.317,1.3072,1.3136,0.0006,+0.05%,303626,298079
E6M12,2012-04-20,1.3139,1.3232,1.3132,1.3219,0.0083,+0.63%,244192,286554
E6M12,2012-04-23,1.3194,1.3214,1.3107,1.3148,-0.0071,-0.54%,226619,294644
E6M12,2012-04-24,1.3163,1.3222,1.3148,1.3193,0.0045,+0.34%,224990,287215
E6M12,2012-04-25,1.3199,1.3239,1.3176,1.3232,0.0039,+0.30%,246787,288332
E6M12,2012-04-26,1.3223,1.3266,1.3201,1.3241,0.0009,+0.07%,226470,284470
E6M12,2012-04-27,1.32,1.3273,1.316,1.3262,0.0021,+0.16%,224635,286136
E6M12,2012-04-30,1.3247,1.3269,1.3211,1.3242,-0.002,-0.15%,150018,281773
E6M12,2012-05-01,1.3243,1.3287,1.3207,1.3232,-0.001,-0.08%,158472,279605
E6M12,2012-05-02,1.324,1.3245,1.3124,1.3164,-0.0068,-0.51%,258961,293516
E6M12,2012-05-03,1.3159,1.3183,1.3097,1.3152,-0.0012,-0.09%,236311,297560
E6M12,2012-05-04,1.3154,1.3182,1.3082,1.3089,-0.0063,-0.48%,237820,303971
E6M12,2012-05-07,1.303,1.3089,1.2957,1.3054,-0.0035,-0.27%,227945,312266
E6M12,2012-05-08,1.3062,1.3067,1.2984,1.303,-0.0024,-0.18%,274406,321037
E6M12,2012-05-09,1.3004,1.303,1.2913,1.2948,-0.0082,-0.63%,334349,331233
E6M12,2012-05-10,1.2936,1.2981,1.2925,1.2953,0.0005,+0.04%,254062,342631
E6M12,2012-05-11,1.2931,1.2959,1.2906,1.2924,-0.0029,-0.22%,221847,343506
E6M12,2012-05-14,1.2885,1.2924,1.2823,1.2845,-0.0079,-0.61%,269637,348458
E6M12,2012-05-15,1.2828,1.2871,1.2723,1.2736,-0.0109,-0.85%,359939,356674
E6M12,2012-05-16,1.2735,1.2761,1.2683,1.2724,-0.0012,-0.09%,365494,356978
E6M12,2012-05-17,1.2717,1.2752,1.2668,1.2715,-0.0009,-0.07%,321728,365356
E6M12,2012-05-18,1.2686,1.2796,1.2644,1.2739,0.0024,+0.19%,308154,361901
E6M12,2012-05-21,1.2777,1.2826,1.2726,1.279,0.0051,+0.40%,228161,367296
E6M12,2012-05-22,1.2811,1.2819,1.2659,1.272,-0.007,-0.55%,290838,376708
E6M12,2012-05-23,1.268,1.2689,1.2546,1.2574,-0.0146,-1.15%,398939,383249
E6M12,2012-05-24,1.2588,1.2622,1.2516,1.2526,-0.0048,-0.38%,348508,386077
E6M12,2012-05-25,1.2538,1.2604,1.2496,1.2518,-0.0008,-0.06%,279368,382468
E6M12,2012-05-29,1.257,1.2625,1.2462,1.2489,-0.0029,-0.23%,410853,394160
E6M12,2012-05-30,1.249,1.2494,1.2362,1.2381,-0.0108,-0.86%,366526,394133
E6M12,2012-05-31,1.2371,1.2429,1.2337,1.2368,-0.0013,-0.10%,357681,396674
E6M12,2012-06-01,1.2361,1.2453,1.2288,1.2413,0.0045,+0.36%,467537,393283
E6M12,2012-06-04,1.2435,1.2511,1.2386,1.2493,0.008,+0.64%,244189,394562
E6M12,2012-06-05,1.2495,1.2543,1.241,1.2446,-0.0047,-0.38%,265211,401812
E6M12,2012-06-06,1.2452,1.2587,1.2441,1.2546,0.01,+0.80%,390486,403728
E6M12,2012-06-07,1.2576,1.2627,1.254,1.2603,0.0057,+0.45%,349720,401522
E6M12,2012-06-08,1.2563,1.2575,1.2435,1.2507,-0.0096,-0.76%,345825,403229
E6M12,2012-06-11,1.2647,1.267,1.2481,1.2499,-0.0008,-0.06%,430087,413421
E6M12,2012-06-12,1.247,1.253,1.2443,1.2501,0.0002,+0.02%,497976,422131
E6M12,2012-06-13,1.2505,1.2611,1.2474,1.2589,0.0088,+0.70%,527443,455558
E6U12,2012-06-14,1.2576,1.2649,1.2553,1.2611,0.0022,+0.17%,462924,461997
E6U12,2012-06-15,1.2642,1.2676,1.2602,1.2647,0.0036,+0.29%,278191,443097
E6U12,2012-06-18,1.2754,1.2759,1.2567,1.2591,-0.0056,-0.44%,306321,327481
E6U12,2012-06-19,1.2587,1.2741,1.2578,1.2699,0.0108,+0.86%,312954,311933
E6U12,2012-06-20,1.2696,1.274,1.2648,1.2676,-0.0023,-0.18%,307329,311475
E6U12,2012-06-21,1.2709,1.2711,1.2541,1.2563,-0.0113,-0.89%,364835,327524
E6U12,2012-06-22,1.2557,1.2594,1.2528,1.2572,0.0009,+0.07%,251753,323626
E6U12,2012-06-25,1.2564,1.2572,1.2481,1.2506,-0.0066,-0.52%,214472,314101
E6U12,2012-06-26,1.251,1.2542,1.2451,1.2506,0,0.00%,273707,315785
E6U12,2012-06-27,1.2504,1.2519,1.2455,1.2468,-0.0038,-0.30%,197940,313152
E6U12,2012-06-28,1.2479,1.2535,1.2417,1.2436,-0.0032,-0.26%,278832,312956
E6U12,2012-06-29,1.2451,1.2703,1.2436,1.2668,0.0232,+1.87%,388431,301184
E6U12,2012-07-02,1.2678,1.2682,1.2578,1.2593,-0.0075,-0.59%,224018,297884
E6U12,2012-07-03,1.2596,1.2639,1.257,1.2622,0.0029,+0.23%,184442,302864
E6U12,2012-07-05,1.2598,1.2622,1.2374,1.2401,-0.0221,-1.75%,404368,319830
E6U12,2012-07-06,1.2408,1.2414,1.2271,1.2283,-0.0118,-0.95%,292099,326679
E6U12,2012-07-09,1.228,1.2336,1.2266,1.2321,0.0038,+0.31%,219010,323895
E6U12,2012-07-10,1.2328,1.2345,1.2246,1.2263,-0.0058,-0.47%,227133,326374
E6U12,2012-07-11,1.2261,1.2308,1.2222,1.2232,-0.0031,-0.25%,229705,326065
E6U12,2012-07-12,1.2251,1.2259,1.2176,1.2206,-0.0026,-0.21%,204869,330898
E6U12,2012-07-13,1.2211,1.2267,1.2171,1.2251,0.0045,+0.37%,227236,326792
E6U12,2012-07-16,1.2256,1.2301,1.2184,1.2286,0.0035,+0.29%,212498,324472
E6U12,2012-07-17,1.2281,1.2327,1.22,1.2297,0.0011,+0.09%,265221,323228
E6U12,2012-07-18,1.23,1.2317,1.2225,1.2272,-0.0025,-0.20%,216027,325076
E6U12,2012-07-19,1.2292,1.2335,1.2237,1.2287,0.0015,+0.12%,256679,323944
E6U12,2012-07-20,1.2286,1.2292,1.2153,1.2168,-0.0119,-0.97%,245877,335578
E6U12,2012-07-23,1.2132,1.2154,1.2076,1.2135,-0.0033,-0.27%,286022,325219
E6U12,2012-07-24,1.2125,1.2147,1.2051,1.2071,-0.0064,-0.53%,241780,324443
E6U12,2012-07-25,1.2071,1.2179,1.2061,1.2167,0.0096,+0.80%,282013,325267
E6U12,2012-07-26,1.2158,1.2337,1.2124,1.2293,0.0126,+1.04%,338518,318048
E6U12,2012-07-27,1.2285,1.2397,1.2247,1.2317,0.0024,+0.20%,349752,314254
E6U12,2012-07-30,1.231,1.2317,1.2233,1.2269,-0.0048,-0.39%,182560,315458
E6U12,2012-07-31,1.2265,1.2338,1.2256,1.2313,0.0044,+0.36%,222060,311436
E6U12,2012-08-01,1.2306,1.2344,1.2225,1.2243,-0.007,-0.57%,211823,319384
E6U12,2012-08-02,1.2236,1.2413,1.214,1.218,-0.0063,-0.51%,479233,325191
E6U12,2012-08-03,1.2188,1.2399,1.2173,1.2382,0.0202,+1.66%,301346,321918
E6U12,2012-08-06,1.2398,1.245,1.2347,1.24,0.0018,+0.15%,210178,319401
E6U12,2012-08-07,1.2402,1.2448,1.2381,1.2417,0.0017,+0.14%,173247,322243
E6U12,2012-08-08,1.2403,1.2417,1.2331,1.236,-0.0057,-0.46%,186346,321727
E6U12,2012-08-09,1.237,1.2392,1.227,1.23,-0.006,-0.49%,189958,323313
E6U12,2012-08-10,1.2309,1.2322,1.2245,1.2297,-0.0003,-0.02%,168401,321922
E6U12,2012-08-13,1.2292,1.2378,1.2265,1.2338,0.0041,+0.33%,186186,322689
E6U12,2012-08-14,1.2335,1.239,1.232,1.2335,-0.0003,-0.02%,183504,321568
E6U12,2012-08-15,1.2322,1.2348,1.2267,1.2293,-0.0042,-0.34%,160584,324366
E6U12,2012-08-16,1.2293,1.2377,1.2258,1.2366,0.0073,+0.59%,223113,321335
E6U12,2012-08-17,1.2359,1.2386,1.2292,1.2324,-0.0042,-0.34%,199061,320906
E6U12,2012-08-20,1.2342,1.2372,1.2298,1.2351,0.0027,+0.22%,184343,319717
E6U12,2012-08-21,1.2349,1.2492,1.2349,1.247,0.0119,+0.96%,269527,321166
E6U12,2012-08-22,1.2473,1.2543,1.2434,1.2532,0.0062,+0.50%,265297,311830
E6U12,2012-08-23,1.2531,1.2593,1.2527,1.2568,0.0036,+0.29%,231004,313528
E6U12,2012-08-24,1.2568,1.2574,1.2483,1.2521,-0.0047,-0.37%,230898,312012
E6U12,2012-08-27,1.2512,1.2539,1.2492,1.2505,-0.0016,-0.13%,115127,309302
E6U12,2012-08-28,1.25,1.258,1.2467,1.2565,0.006,+0.48%,210628,311925
E6U12,2012-08-29,1.2568,1.2576,1.2521,1.2529,-0.0036,-0.29%,178566,311626
E6U12,2012-08-30,1.2533,1.2566,1.2488,1.2509,-0.002,-0.16%,184591,311588
E6U12,2012-08-31,1.2509,1.264,1.2496,1.2582,0.0073,+0.58%,316164,313802
E6U12,2012-09-04,1.2581,1.263,1.2556,1.2574,-0.0008,-0.06%,271242,314363
E6U12,2012-09-05,1.2568,1.2626,1.2503,1.2601,0.0027,+0.21%,308230,319270
E6U12,2012-09-06,1.2604,1.2654,1.2562,1.2648,0.0047,+0.37%,337331,321053
E6U12,2012-09-07,1.2634,1.282,1.2627,1.2798,0.015,+1.19%,337310,318671
E6U12,2012-09-10,1.2809,1.2811,1.2756,1.277,-0.0028,-0.22%,231597,325538
E6U12,2012-09-11,1.276,1.2872,1.2758,1.2861,0.0091,+0.71%,344314,332637
E6U12,2012-09-12,1.2854,1.2938,1.2815,1.2895,0.0034,+0.26%,522852,355244
E6U12,2012-09-13,1.2899,1.3004,1.2855,1.2986,0.0091,+0.71%,531258,371335
E6Z12,2012-09-14,1.2995,1.3179,1.299,1.3128,0.0142,+1.09%,439133,362580
E6Z12,2012-09-17,1.3135,1.3183,1.3093,1.3116,-0.0012,-0.09%,235593,238292
E6Z12,2012-09-18,1.3124,1.313,1.3041,1.3048,-0.0068,-0.52%,227930,234394
E6Z12,2012-09-19,1.3056,1.3097,1.3004,1.3074,0.0026,+0.20%,264878,225691
E6Z12,2012-09-20,1.3057,1.307,1.293,1.2981,-0.0093,-0.71%,277767,220816
E6Z12,2012-09-21,1.2977,1.3059,1.2966,1.3001,0.002,+0.15%,281259,222672
E6Z12,2012-09-24,1.2988,1.2991,1.2902,1.2947,-0.0054,-0.42%,211031,217349
E6Z12,2012-09-25,1.2944,1.2983,1.2898,1.2938,-0.0009,-0.07%,256855,218363
E6Z12,2012-09-26,1.2914,1.2938,1.2846,1.2871,-0.0067,-0.52%,242800,216200
E6Z12,2012-09-27,1.2884,1.294,1.2839,1.2927,0.0056,+0.44%,288516,217333
E6Z12,2012-09-28,1.2924,1.2971,1.2849,1.2862,-0.0065,-0.50%,306044,214558
E6Z12,2012-10-01,1.2858,1.295,1.2813,1.2896,0.0034,+0.26%,282200,219300
E6Z12,2012-10-02,1.2897,1.2979,1.289,1.2925,0.0029,+0.22%,234566,217516
E6Z12,2012-10-03,1.2929,1.2947,1.2888,1.2909,-0.0016,-0.12%,226992,216503
E6Z12,2012-10-04,1.2918,1.3041,1.2909,1.3028,0.0119,+0.92%,308545,221440
E6Z12,2012-10-05,1.3025,1.308,1.3002,1.3042,0.0014,+0.11%,247493,222122
E6Z12,2012-10-08,1.3033,1.3034,1.2945,1.2984,-0.0058,-0.44%,162437,221051
E6Z12,2012-10-09,1.2977,1.3,1.2864,1.2892,-0.0092,-0.71%,308488,227541
E6Z12,2012-10-10,1.2892,1.2922,1.2844,1.2905,0.0013,+0.10%,217781,223902
E6Z12,2012-10-11,1.2866,1.296,1.2833,1.2938,0.0033,+0.26%,223780,223276
E6Z12,2012-10-12,1.2939,1.3,1.293,1.2965,0.0027,+0.21%,199987,223204
E6Z12,2012-10-15,1.2963,1.2987,1.2898,1.2949,-0.0016,-0.12%,194562,225287
E6Z12,2012-10-16,1.2958,1.3069,1.2949,1.305,0.0101,+0.78%,273704,219809
E6Z12,2012-10-17,1.3098,1.3147,1.305,1.3132,0.0082,+0.63%,237836,221651
E6Z12,2012-10-18,1.3121,1.3136,1.3062,1.307,-0.0062,-0.47%,237391,219803
E6Z12,2012-10-19,1.3075,1.3084,1.3019,1.303,-0.004,-0.31%,217378,220735
E6Z12,2012-10-22,1.3034,1.309,1.3022,1.3052,0.0022,+0.17%,205232,219654
E6Z12,2012-10-23,1.3069,1.3082,1.2957,1.2979,-0.0073,-0.56%,245350,216842
E6Z12,2012-10-24,1.2995,1.3003,1.2926,1.298,0.0001,+0.01%,229158,216067
E6Z12,2012-10-25,1.2976,1.3029,1.2932,1.2955,-0.0025,-0.19%,226723,217634
E6Z12,2012-10-26,1.2945,1.2962,1.2887,1.2939,-0.0016,-0.12%,261956,221684
E6Z12,2012-10-29,1.295,1.295,1.289,1.291,-0.0029,-0.22%,121774,221033
E6Z12,2012-10-30,1.291,1.299,1.2892,1.2969,0.0059,+0.46%,120357,221524
E6Z12,2012-10-31,1.2966,1.3027,1.2952,1.2967,-0.0002,-0.02%,213293,221210
E6Z12,2012-11-01,1.2961,1.2988,1.293,1.2942,-0.0025,-0.19%,189357,219118
E6Z12,2012-11-02,1.2948,1.2956,1.2826,1.2831,-0.0111,-0.86%,276696,224305
E6Z12,2012-11-05,1.2826,1.2847,1.2772,1.2793,-0.0038,-0.30%,219721,224942
E6Z12,2012-11-06,1.28,1.2832,1.2767,1.2821,0.0028,+0.22%,234476,227725
E6Z12,2012-11-07,1.2817,1.2881,1.2741,1.2773,-0.0048,-0.37%,362078,229796
E6Z12,2012-11-08,1.2775,1.2781,1.2721,1.2752,-0.0021,-0.16%,298133,232975
E6Z12,2012-11-09,1.275,1.2794,1.2693,1.2716,-0.0036,-0.28%,287305,232853
E6Z12,2012-11-12,1.2719,1.2743,1.2701,1.2717,0.0001,+0.01%,148103,231664
E6Z12,2012-11-13,1.2712,1.2733,1.2665,1.2709,-0.0008,-0.06%,309706,231660
E6Z12,2012-11-14,1.2707,1.2787,1.2706,1.275,0.0041,+0.32%,270142,235605
E6Z12,2012-11-15,1.2738,1.2807,1.2721,1.2777,0.0027,+0.21%,243994,230596
E6Z12,2012-11-16,1.2784,1.2788,1.2693,1.273,-0.0047,-0.37%,254944,238289
E6Z12,2012-11-19,1.2746,1.2824,1.2743,1.2811,0.0081,+0.64%,215326,233449
E6Z12,2012-11-20,1.2787,1.2832,1.2768,1.2809,-0.0002,-0.02%,239768,232328
E6Z12,2012-11-21,1.2818,1.2836,1.2739,1.2828,0.0019,+0.15%,238896,231884
E6Z12,2012-11-23,1.2851,1.2994,1.283,1.2988,0.016,+1.25%,309767,225946
E6Z12,2012-11-26,1.2974,1.2987,1.2946,1.2965,-0.0023,-0.18%,181424,216205
E6Z12,2012-11-27,1.2993,1.3012,1.2917,1.2936,-0.0029,-0.22%,244759,210234
E6Z12,2012-11-28,1.2941,1.2957,1.2881,1.2934,-0.0002,-0.02%,234892,210662
E6Z12,2012-11-29,1.2953,1.3017,1.2934,1.2976,0.0042,+0.32%,250133,209569
E6Z12,2012-11-30,1.2979,1.3031,1.2969,1.3,0.0024,+0.18%,271451,210576
E6Z12,2012-12-03,1.2995,1.3078,1.299,1.3059,0.0059,+0.45%,278775,210155
E6Z12,2012-12-04,1.3059,1.311,1.3047,1.3101,0.0042,+0.32%,261053,217546
E6Z12,2012-12-05,1.3097,1.313,1.3061,1.308,-0.0021,-0.16%,260090,218652
E6Z12,2012-12-06,1.3072,1.3088,1.2951,1.2964,-0.0116,-0.89%,332243,229932
E6Z12,2012-12-07,1.296,1.2974,1.2877,1.2928,-0.0036,-0.28%,283824,234636
E6Z12,2012-12-10,1.2897,1.2947,1.2886,1.2939,0.0011,+0.09%,193750,235776
E6Z12,2012-12-11,1.2943,1.3016,1.2929,1.3004,0.0065,+0.50%,299563,241932
E6Z12,2012-12-12,1.3009,1.3099,1.2996,1.3082,0.0078,+0.60%,364979,249486
E6Z12,2012-12-13,1.3072,1.3101,1.3041,1.3077,-0.0005,-0.04%,336143,251366
E6H13,2012-12-14,1.3087,1.3186,1.3078,1.3171,0.0094,+0.72%,337113,248920
E6H13,2012-12-17,1.3186,1.3205,1.3156,1.3172,0.0001,+0.01%,160791,185313
E6H13,2012-12-18,1.3174,1.3252,1.3168,1.3231,0.0059,+0.45%,181392,193681
E6H13,2012-12-19,1.3235,1.3321,1.3231,1.3259,0.0028,+0.21%,228658,198454
E6H13,2012-12-20,1.3218,1.3308,1.3212,1.3252,-0.0007,-0.05%,204958,202677
E6H13,2012-12-21,1.3261,1.3261,1.317,1.3187,-0.0065,-0.49%,202166,201124
E6H13,2012-12-24,1.3192,1.3247,1.3183,1.3201,0.0014,+0.11%,59460,202591
E6H13,2012-12-26,1.322,1.3267,1.3199,1.3232,0.0031,+0.23%,53695,205688
E6H13,2012-12-27,1.3235,1.3295,1.3213,1.3249,0.0017,+0.13%,154392,205952
E6H13,2012-12-28,1.3245,1.3266,1.3175,1.3231,-0.0018,-0.14%,132203,206007
E6H13,2012-12-31,1.3227,1.3245,1.3181,1.3208,-0.0023,-0.17%,103163,207608
E6H13,2013-01-02,1.3257,1.3289,1.3162,1.3184,-0.0024,-0.18%,170432,205121
E6H13,2013-01-03,1.3195,1.3198,1.3055,1.3069,-0.0115,-0.87%,254034,198105
E6H13,2013-01-04,1.305,1.31,1.3005,1.308,0.0011,+0.08%,263118,197024
E6H13,2013-01-07,1.3085,1.3128,1.3025,1.312,0.004,+0.31%,229312,193523
E6H13,2013-01-08,1.3136,1.3148,1.3064,1.3091,-0.0029,-0.22%,228200,194251
E6H13,2013-01-09,1.3091,1.3104,1.3044,1.3062,-0.0029,-0.22%,221388,195928
E6H13,2013-01-10,1.3066,1.328,1.3046,1.3259,0.0197,+1.51%,344838,201179
E6H13,2013-01-11,1.3276,1.3373,1.3255,1.3346,0.0087,+0.66%,308519,205069
E6H13,2013-01-14,1.3375,1.3413,1.3342,1.3385,0.0039,+0.29%,225357,210075
E6H13,2013-01-15,1.3382,1.3401,1.327,1.3304,-0.0081,-0.61%,305539,211373
E6H13,2013-01-16,1.3306,1.3332,1.3262,1.3296,-0.0008,-0.06%,265962,210593
E6H13,2013-01-17,1.3297,1.3394,1.3276,1.3392,0.0096,+0.72%,291692,217353
E6H13,2013-01-18,1.3381,1.3404,1.3286,1.3325,-0.0067,-0.50%,298302,212151
E6H13,2013-01-22,1.3317,1.3377,1.3272,1.3324,-0.0001,-0.01%,401046,216059
E6H13,2013-01-23,1.3326,1.336,1.3269,1.3325,0.0001,+0.01%,235219,218594
E6H13,2013-01-24,1.3317,1.3398,1.3291,1.3378,0.0053,+0.40%,287050,226126
E6H13,2013-01-25,1.3383,1.3485,1.3354,1.3469,0.0091,+0.68%,325317,230150
E6H13,2013-01-28,1.3468,1.3482,1.3429,1.346,-0.0009,-0.07%,214774,234304
E6H13,2013-01-29,1.3451,1.3503,1.3418,1.3491,0.0031,+0.23%,275865,237856
E6H13,2013-01-30,1.3493,1.3592,1.3486,1.357,0.0079,+0.59%,288587,240839
E6H13,2013-01-31,1.3571,1.3598,1.3545,1.3578,0.0008,+0.06%,241000,243165
E6H13,2013-02-01,1.3589,1.3715,1.3578,1.3665,0.0087,+0.64%,405819,244671
E6H13,2013-02-04,1.3654,1.3658,1.3509,1.3523,-0.0142,-1.04%,279341,244567
E6H13,2013-02-05,1.3504,1.3602,1.3462,1.3588,0.0065,+0.48%,364669,251236
E6H13,2013-02-06,1.3587,1.36,1.3497,1.3529,-0.0059,-0.43%,277533,247379
E6H13,2013-02-07,1.3523,1.3581,1.3374,1.3407,-0.0122,-0.90%,452064,242764
E6H13,2013-02-08,1.3399,1.3433,1.3356,1.3366,-0.0041,-0.31%,271744,241390
E6H13,2013-02-11,1.3374,1.3431,1.336,1.3392,0.0026,+0.19%,217056,237101
E6H13,2013-02-12,1.3404,1.348,1.3367,1.3446,0.0054,+0.40%,251999,239566
E6H13,2013-02-13,1.3453,1.3523,1.3429,1.3451,0.0005,+0.04%,246638,238454
E6H13,2013-02-14,1.3452,1.3459,1.3317,1.335,-0.0101,-0.75%,261577,236553
E6H13,2013-02-15,1.3362,1.3396,1.3308,1.3358,0.0008,+0.06%,238897,234927
E6H13,2013-02-19,1.3349,1.3399,1.3324,1.3391,0.0033,+0.25%,304843,234039
E6H13,2013-02-20,1.3389,1.3437,1.3273,1.3287,-0.0104,-0.78%,314468,233699
E6H13,2013-02-21,1.3288,1.3292,1.3163,1.3172,-0.0115,-0.87%,370071,233551
E6H13,2013-02-22,1.3193,1.3247,1.3147,1.3181,0.0009,+0.07%,284146,228111
E6H13,2013-02-25,1.3195,1.3321,1.305,1.3122,-0.0059,-0.45%,462565,230406
E6H13,2013-02-26,1.3063,1.3126,1.302,1.3056,-0.0066,-0.50%,452787,230567
E6H13,2013-02-27,1.3067,1.3149,1.3042,1.3129,0.0073,+0.56%,348935,222614
E6H13,2013-02-28,1.3136,1.3164,1.3055,1.3065,-0.0064,-0.49%,283779,221448
E6H13,2013-03-01,1.3068,1.3103,1.2967,1.302,-0.0045,-0.34%,328979,218764
E6H13,2013-03-04,1.3016,1.3033,1.2983,1.3025,0.0005,+0.04%,215226,218132
E6H13,2013-03-05,1.3028,1.3076,1.3011,1.3042,0.0017,+0.13%,217002,218469
E6H13,2013-03-06,1.3045,1.3072,1.2965,1.2996,-0.0046,-0.35%,236929,221521
E6H13,2013-03-07,1.2975,1.3119,1.2974,1.3108,0.0112,+0.86%,406880,215491
E6H13,2013-03-08,1.3105,1.3135,1.2955,1.3003,-0.0105,-0.80%,367301,217525
E6H13,2013-03-11,1.2996,1.3055,1.298,1.3042,0.0039,+0.30%,214488,206878
E6H13,2013-03-12,1.3046,1.3076,1.2991,1.3027,-0.0015,-0.12%,305651,213113
E6H13,2013-03-13,1.303,1.3066,1.2924,1.296,-0.0067,-0.51%,409310,230279
E6H13,2013-03-14,1.296,1.3033,1.2911,1.2999,0.0039,+0.30%,443212,231844
E6M13,2013-03-15,1.301,1.3115,1.3006,1.3062,0.0063,+0.48%,322691,224874
E6M13,2013-03-18,1.2935,1.3005,1.2892,1.2956,-0.0106,-0.81%,349872,188408
E6M13,2013-03-19,1.2968,1.2978,1.2852,1.2884,-0.0072,-0.56%,411189,195073
E6M13,2013-03-20,1.2877,1.2988,1.2866,1.2954,0.007,+0.54%,319932,195264
E6M13,2013-03-21,1.2951,1.2964,1.2887,1.2924,-0.003,-0.23%,314885,196646
E6M13,2013-03-22,1.2903,1.3019,1.2897,1.2991,0.0067,+0.52%,295118,192845
E6M13,2013-03-25,1.2975,1.3094,1.2837,1.2872,-0.0119,-0.92%,400435,202055
E6M13,2013-03-26,1.2858,1.2899,1.2836,1.2865,-0.0007,-0.05%,265775,204257
E6M13,2013-03-27,1.2866,1.2874,1.2758,1.2782,-0.0083,-0.65%,289611,219753
E6M13,2013-03-28,1.2786,1.2852,1.2762,1.2823,0.0041,+0.32%,270938,224366
E6M13,2013-04-01,1.2819,1.2875,1.2778,1.2856,0.0033,+0.26%,95799,224761
E6M13,2013-04-02,1.2852,1.2885,1.2816,1.2822,-0.0034,-0.26%,217546,235871
E6M13,2013-04-03,1.2828,1.2871,1.2797,1.2853,0.0031,+0.24%,216086,236022
E6M13,2013-04-04,1.2851,1.2956,1.2751,1.2944,0.0091,+0.71%,448724,232265
E6M13,2013-04-05,1.2941,1.3047,1.2907,1.3019,0.0075,+0.58%,298647,218629
E6M13,2013-04-08,1.2999,1.3044,1.2975,1.3009,-0.001,-0.08%,185933,218231
E6M13,2013-04-09,1.3022,1.311,1.301,1.3105,0.0096,+0.74%,245614,220353
E6M13,2013-04-10,1.3086,1.3128,1.3058,1.3064,-0.0041,-0.31%,214726,220866
E6M13,2013-04-11,1.3074,1.3145,1.305,1.3118,0.0054,+0.41%,238066,214243
E6M13,2013-04-12,1.311,1.3132,1.3042,1.3085,-0.0033,-0.25%,243383,216270
E6M13,2013-04-15,1.3113,1.3115,1.3027,1.3045,-0.004,-0.31%,250527,218959
E6M13,2013-04-16,1.3049,1.3208,1.3031,1.3196,0.0151,+1.16%,317949,215657
E6M13,2013-04-17,1.3181,1.3205,1.3006,1.302,-0.0176,-1.33%,354523,216016
E6M13,2013-04-18,1.3041,1.3101,1.302,1.3053,0.0033,+0.25%,253348,212597
E6M13,2013-04-19,1.3062,1.3133,1.3051,1.3066,0.0013,+0.10%,218947,213223
E6M13,2013-04-22,1.3073,1.3089,1.3019,1.3064,-0.0002,-0.02%,185874,215925
E6M13,2013-04-23,1.3068,1.309,1.2977,1.2995,-0.0069,-0.53%,274727,220051
E6M13,2013-04-24,1.3007,1.3039,1.2959,1.3027,0.0032,+0.25%,242022,218406
E6M13,2013-04-25,1.3018,1.3098,1.2993,1.3021,-0.0006,-0.05%,271747,220007
E6M13,2013-04-26,1.3015,1.3052,1.2994,1.3033,0.0012,+0.09%,210754,218991
E6M13,2013-04-29,1.3061,1.3121,1.3033,1.3101,0.0068,+0.52%,209656,222701
E6M13,2013-04-30,1.3096,1.3191,1.3057,1.3166,0.0065,+0.50%,285501,222618
E6M13,2013-05-01,1.3171,1.3248,1.3165,1.3217,0.0051,+0.39%,198764,221789
E6M13,2013-05-02,1.3187,1.3222,1.304,1.3061,-0.0156,-1.18%,440801,218547
E6M13,2013-05-03,1.3068,1.3164,1.3035,1.3113,0.0052,+0.40%,298165,211566
E6M13,2013-05-06,1.3121,1.3145,1.3056,1.3081,-0.0032,-0.24%,134193,215899
E6M13,2013-05-07,1.3078,1.3135,1.3071,1.3088,0.0007,+0.05%,183088,214597
E6M13,2013-05-08,1.3083,1.3198,1.3075,1.3162,0.0074,+0.57%,235828,219825
E6M13,2013-05-09,1.316,1.3181,1.3012,1.3019,-0.0143,-1.09%,282443,221357
E6M13,2013-05-10,1.3047,1.3054,1.2938,1.2986,-0.0033,-0.25%,303866,229844
E6M13,2013-05-13,1.2979,1.3003,1.2944,1.2973,-0.0013,-0.10%,213789,227244
E6M13,2013-05-14,1.2983,1.3032,1.2911,1.2939,-0.0034,-0.26%,284651,232417
E6M13,2013-05-15,1.2932,1.2945,1.2845,1.2877,-0.0062,-0.48%,288482,244341
E6M13,2013-05-16,1.2884,1.2932,1.2848,1.2909,0.0032,+0.25%,265701,247558
E6M13,2013-05-17,1.2888,1.2909,1.2798,1.2831,-0.0078,-0.60%,266897,263513
E6M13,2013-05-20,1.2848,1.2903,1.2822,1.2899,0.0068,+0.53%,197035,265383
E6M13,2013-05-21,1.2887,1.2936,1.2843,1.2903,0.0004,+0.03%,259338,265194
E6M13,2013-05-22,1.2909,1.2996,1.2835,1.2844,-0.0059,-0.46%,398857,267198
E6M13,2013-05-23,1.2853,1.2959,1.2823,1.2933,0.0089,+0.69%,326905,263708
E6M13,2013-05-24,1.2934,1.2995,1.2906,1.2919,-0.0014,-0.11%,240073,259703
E6M13,2013-05-28,1.2938,1.2952,1.2851,1.2876,-0.0043,-0.33%,311512,264212
E6M13,2013-05-29,1.2856,1.298,1.2839,1.2936,0.006,+0.47%,310841,261515
E6M13,2013-05-30,1.2939,1.3063,1.2935,1.3046,0.011,+0.85%,319500,264778
E6M13,2013-05-31,1.3047,1.306,1.2945,1.2983,-0.0063,-0.48%,295120,251163
E6M13,2013-06-03,1.2991,1.3109,1.2956,1.3073,0.009,+0.69%,303157,250282
E6M13,2013-06-04,1.3073,1.3103,1.3043,1.3082,0.0009,+0.07%,230430,240733
E6M13,2013-06-05,1.3084,1.3118,1.3054,1.3087,0.0005,+0.04%,257236,238105
E6M13,2013-06-06,1.3092,1.3307,1.3075,1.3247,0.016,+1.22%,499487,250778
E6M13,2013-06-07,1.3241,1.3286,1.3191,1.3224,-0.0023,-0.17%,329033,248055
E6M13,2013-06-10,1.3202,1.327,1.3178,1.3262,0.0038,+0.29%,277448,249756
E6M13,2013-06-11,1.3257,1.3318,1.3232,1.3308,0.0046,+0.35%,383709,260418
E6M13,2013-06-12,1.3313,1.3361,1.3265,1.333,0.0022,+0.17%,403341,272993
E6M13,2013-06-13,1.3338,1.3391,1.3278,1.3346,0.0016,+0.12%,405564,270293
E6U13,2013-06-14,1.3378,1.338,1.3301,1.3347,0.0001,+0.01%,298524,269120
E6U13,2013-06-17,1.3357,1.3389,1.3325,1.3348,0.0001,+0.01%,173399,201233
E6U13,2013-06-18,1.337,1.3423,1.3332,1.3411,0.0063,+0.47%,242924,213331
E6U13,2013-06-19,1.34,1.3424,1.3269,1.3275,-0.0136,-1.01%,224402,214133
E6U13,2013-06-20,1.3302,1.3308,1.3167,1.3201,-0.0074,-0.56%,360215,216740
E6U13,2013-06-21,1.323,1.326,1.3104,1.3146,-0.0055,-0.42%,274453,210902
E6U13,2013-06-24,1.3113,1.315,1.3065,1.313,-0.0016,-0.12%,278856,211714
E6U13,2013-06-25,1.3128,1.3156,1.307,1.3096,-0.0034,-0.26%,246433,211651
E6U13,2013-06-26,1.3087,1.3096,1.2988,1.3008,-0.0088,-0.67%,273536,204825
E6U13,2013-06-27,1.3012,1.3062,1.3004,1.3052,0.0044,+0.34%,231869,202068
E6U13,2013-06-28,1.3043,1.3108,1.2995,1.3023,-0.0029,-0.22%,266847,202787
E6U13,2013-07-01,1.3014,1.3072,1.3009,1.3063,0.004,+0.31%,190043,199401
E6U13,2013-07-02,1.3067,1.3082,1.2967,1.2981,-0.0082,-0.63%,263642,196064
E6U13,2013-07-03,1.2983,1.3037,1.2927,1.3017,0.0036,+0.28%,237653,194197
E6U13,2013-07-05,1.2994,1.3028,1.2808,1.2833,-0.0184,-1.41%,432233,216693
E6U13,2013-07-08,1.2827,1.2886,1.2815,1.2878,0.0045,+0.35%,183087,215604
E6U13,2013-07-09,1.2873,1.2901,1.2755,1.279,-0.0088,-0.68%,283660,225051
E6U13,2013-07-10,1.2789,1.299,1.2768,1.2886,0.0096,+0.75%,299457,222643
E6U13,2013-07-11,1.3016,1.3212,1.3008,1.3101,0.0215,+1.67%,379148,223441
E6U13,2013-07-12,1.3099,1.3103,1.3003,1.3063,-0.0038,-0.29%,220762,220297
E6U13,2013-07-15,1.3069,1.3083,1.2996,1.307,0.0007,+0.05%,180926,221614
E6U13,2013-07-16,1.3068,1.3178,1.3046,1.3163,0.0093,+0.71%,221993,220137
E6U13,2013-07-17,1.3159,1.3185,1.3086,1.3115,-0.0048,-0.36%,253508,220966
E6U13,2013-07-18,1.3128,1.3129,1.3069,1.3105,-0.001,-0.08%,172759,220433
E6U13,2013-07-19,1.3115,1.3158,1.3092,1.3139,0.0034,+0.26%,146892,222515
E6U13,2013-07-22,1.3141,1.3222,1.3139,1.3192,0.0053,+0.40%,170858,223443
E6U13,2013-07-23,1.3186,1.3243,1.3166,1.3237,0.0045,+0.34%,170826,219429
E6U13,2013-07-24,1.3227,1.3259,1.3179,1.3197,-0.004,-0.30%,222467,217976
E6U13,2013-07-25,1.3202,1.3299,1.3168,1.3246,0.0049,+0.37%,232837,219817
E6U13,2013-07-26,1.3276,1.33,1.3246,1.3279,0.0033,+0.25%,154307,218768
E6U13,2013-07-29,1.3284,1.3298,1.3241,1.3268,-0.0011,-0.08%,155885,220592
E6U13,2013-07-30,1.3265,1.3305,1.3236,1.3266,-0.0002,-0.02%,184358,222957
E6U13,2013-07-31,1.3265,1.3347,1.3209,1.3339,0.0073,+0.55%,336390,227617
E6U13,2013-08-01,1.3305,1.3313,1.3193,1.3216,-0.0123,-0.92%,278581,226752
E6U13,2013-08-02,1.3214,1.3297,1.3187,1.3288,0.0072,+0.54%,229851,228360
E6U13,2013-08-05,1.3286,1.3303,1.3234,1.3261,-0.0027,-0.20%,155395,226589
E6U13,2013-08-06,1.3262,1.3326,1.3248,1.3307,0.0046,+0.35%,197286,228726
E6U13,2013-08-07,1.3308,1.3349,1.3267,1.3334,0.0027,+0.20%,210118,227515
E6U13,2013-08-08,1.3338,1.3402,1.3329,1.3391,0.0057,+0.43%,203761,234241
E6U13,2013-08-09,1.3382,1.3392,1.3334,1.3342,-0.0049,-0.37%,143418,230679
E6U13,2013-08-12,1.3341,1.3346,1.3279,1.3312,-0.003,-0.22%,143752,231569
E6U13,2013-08-13,1.3304,1.332,1.3235,1.3262,-0.005,-0.38%,220251,225665
E6U13,2013-08-14,1.3266,1.3284,1.324,1.3261,-0.0001,-0.01%,170372,225986
E6U13,2013-08-15,1.326,1.3364,1.3207,1.3349,0.0088,+0.66%,315563,230531
E6U13,2013-08-16,1.3351,1.3382,1.3312,1.3337,-0.0012,-0.09%,182872,234232
E6U13,2013-08-19,1.3339,1.3377,1.3317,1.3344,0.0007,+0.05%,137104,237482
E6U13,2013-08-20,1.3337,1.3454,1.3325,1.3421,0.0077,+0.58%,246279,249660
E6U13,2013-08-21,1.3419,1.3429,1.3337,1.3376,-0.0045,-0.34%,221501,243851
E6U13,2013-08-22,1.3358,1.3376,1.3299,1.3354,-0.0022,-0.16%,202784,246055
E6U13,2013-08-23,1.3357,1.3412,1.3334,1.3384,0.003,+0.22%,196061,250853
E6U13,2013-08-26,1.3383,1.3396,1.3358,1.3374,-0.001,-0.07%,96323,249645
E6U13,2013-08-27,1.3371,1.34,1.3323,1.3386,0.0012,+0.09%,208610,248672
E6U13,2013-08-28,1.3394,1.3399,1.3304,1.3339,-0.0047,-0.35%,213743,246847
E6U13,2013-08-29,1.3344,1.3344,1.3219,1.3243,-0.0096,-0.72%,235891,250169
E6U13,2013-08-30,1.3243,1.3256,1.3173,1.3208,-0.0035,-0.26%,181365,242949
E6U13,2013-09-03,1.3212,1.3227,1.3138,1.3169,-0.0039,-0.30%,267106,244563
E6U13,2013-09-04,1.3169,1.3219,1.3157,1.3207,0.0038,+0.29%,174961,247361
E6U13,2013-09-05,1.3206,1.3224,1.311,1.312,-0.0087,-0.66%,317218,254235
E6U13,2013-09-06,1.3118,1.319,1.3105,1.3182,0.0062,+0.47%,247430,250932
E6U13,2013-09-09,1.3173,1.3281,1.3166,1.326,0.0078,+0.59%,216487,256720
E6U13,2013-09-10,1.3255,1.3277,1.323,1.3268,0.0008,+0.06%,254070,257969
E6U13,2013-09-11,1.3266,1.3325,1.3245,1.331,0.0042,+0.32%,329886,266589
E6Z13,2013-09-12,1.3314,1.3329,1.326,1.3308,-0.0002,-0.02%,300442,269516
E6Z13,2013-09-13,1.3306,1.3327,1.3257,1.331,0.0002,+0.02%,240766,266020
E6Z13,2013-09-16,1.3368,1.3391,1.3334,1.3337,0.0027,+0.20%,164212,218272
E6Z13,2013-09-17,1.3337,1.3377,1.3329,1.3362,0.0025,+0.19%,103828,218264
E6Z13,2013-09-18,1.3362,1.3547,1.3342,1.3509,0.0147,+1.10%,230010,232318
E6Z13,2013-09-19,1.3513,1.3573,1.3505,1.353,0.0021,+0.16%,225101,237134
E6Z13,2013-09-20,1.3533,1.3552,1.3501,1.3524,-0.0006,-0.04%,166149,249782
E6Z13,2013-09-23,1.3539,1.3548,1.3482,1.3498,-0.0026,-0.19%,151653,253753
E6Z13,2013-09-24,1.3496,1.3522,1.3467,1.3479,-0.0019,-0.14%,138058,254464
E6Z13,2013-09-25,1.3474,1.354,1.3464,1.3525,0.0046,+0.34%,135049,260629
E6Z13,2013-09-26,1.3526,1.3529,1.3474,1.349,-0.0035,-0.26%,140893,252637
E6Z13,2013-09-27,1.349,1.3567,1.3477,1.3521,0.0031,+0.23%,150157,256964
E6Z13,2013-09-30,1.3481,1.3559,1.348,1.3527,0.0006,+0.04%,159426,259039
E6Z13,2013-10-01,1.3524,1.3591,1.3519,1.3533,0.0006,+0.04%,187045,255067
E6Z13,2013-10-02,1.3526,1.361,1.3507,1.3585,0.0052,+0.38%,231480,263986
E6Z13,2013-10-03,1.3582,1.3649,1.358,1.3624,0.0039,+0.29%,165057,263361
E6Z13,2013-10-04,1.3624,1.3635,1.3541,1.3558,-0.0066,-0.48%,153212,262487
E6Z13,2013-10-07,1.3563,1.3594,1.3545,1.358,0.0022,+0.16%,110705,264325
E6Z13,2013-10-08,1.3581,1.3611,1.356,1.3569,-0.0011,-0.08%,133471,263859
E6Z13,2013-10-09,1.3577,1.3609,1.3488,1.3525,-0.0044,-0.32%,198846,254448
E6Z13,2013-10-10,1.3529,1.3552,1.349,1.3538,0.0013,+0.10%,157428,262301
E6Z13,2013-10-11,1.3528,1.3585,1.3523,1.3557,0.0019,+0.14%,156608,266578
E6Z13,2013-10-14,1.3559,1.3602,1.3548,1.358,0.0023,+0.17%,96098,272318
E6Z13,2013-10-15,1.3562,1.358,1.3482,1.3523,-0.0057,-0.42%,208930,257199
E6Z13,2013-10-16,1.3531,1.3571,1.3475,1.3535,0.0012,+0.09%,208849,258971
E6Z13,2013-10-17,1.3538,1.3685,1.3518,1.3679,0.0144,+1.06%,242883,272724
E6Z13,2013-10-18,1.3674,1.3707,1.3662,1.3681,0.0002,+0.01%,131721,272005
E6Z13,2013-10-21,1.3686,1.3691,1.3653,1.368,-0.0001,-0.01%,101257,273868
E6Z13,2013-10-22,1.368,1.3795,1.3664,1.3785,0.0105,+0.77%,197045,278139
E6Z13,2013-10-23,1.3781,1.3795,1.3743,1.3781,-0.0004,-0.03%,168321,278767
E6Z13,2013-10-24,1.3778,1.3827,1.3766,1.3804,0.0023,+0.17%,177315,279670
E6Z13,2013-10-25,1.3801,1.3834,1.3776,1.3807,0.0003,+0.02%,148848,285041
E6Z13,2013-10-28,1.3809,1.3819,1.3776,1.3807,0,0.00%,106064,283138
E6Z13,2013-10-29,1.3789,1.3815,1.3738,1.3749,-0.0058,-0.42%,218723,282923
E6Z13,2013-10-30,1.3747,1.3787,1.3697,1.3728,-0.0021,-0.15%,200527,285881
E6Z13,2013-10-31,1.3739,1.374,1.3576,1.3592,-0.0136,-0.99%,288052,273531
E6Z13,2013-11-01,1.359,1.3592,1.348,1.3493,-0.0099,-0.73%,242434,259969
E6Z13,2013-11-04,1.349,1.3526,1.3442,1.3518,0.0025,+0.19%,142966,253196
E6Z13,2013-11-05,1.3513,1.3524,1.345,1.3475,-0.0043,-0.32%,189554,252554
E6Z13,2013-11-06,1.3474,1.3549,1.3469,1.3522,0.0047,+0.35%,185784,248231
E6Z13,2013-11-07,1.3516,1.353,1.3294,1.3428,-0.0094,-0.70%,439650,238531
E6Z13,2013-11-08,1.3417,1.3453,1.3318,1.3356,-0.0072,-0.54%,260743,233115
E6Z13,2013-11-11,1.3358,1.3418,1.3346,1.3404,0.0048,+0.36%,114137,233723
E6Z13,2013-11-12,1.3406,1.3457,1.3359,1.3428,0.0024,+0.18%,230939,229166
E6Z13,2013-11-13,1.3435,1.3499,1.3391,1.3463,0.0035,+0.26%,231310,230812
E6Z13,2013-11-14,1.3483,1.3495,1.3419,1.3455,-0.0008,-0.06%,193601,227521
E6Z13,2013-11-15,1.3459,1.3507,1.3432,1.349,0.0035,+0.26%,146721,229560
E6Z13,2013-11-18,1.3493,1.3543,1.3475,1.35,0.001,+0.07%,123014,231251
E6Z13,2013-11-19,1.3503,1.3548,1.3488,1.3532,0.0032,+0.24%,201960,232326
E6Z13,2013-11-20,1.3535,1.3582,1.3414,1.342,-0.0112,-0.83%,289289,237684
E6Z13,2013-11-21,1.3439,1.3488,1.34,1.3461,0.0041,+0.31%,231812,235599
E6Z13,2013-11-22,1.3477,1.356,1.3461,1.3551,0.009,+0.67%,153059,234569
E6Z13,2013-11-25,1.3554,1.356,1.349,1.3516,-0.0035,-0.26%,137965,233126
E6Z13,2013-11-26,1.3523,1.3576,1.3516,1.3575,0.0059,+0.44%,185046,243049
E6Z13,2013-11-27,1.3567,1.3615,1.3558,1.3573,-0.0002,-0.01%,160191,246048
E6Z13,2013-11-29,1.3585,1.3623,1.3564,1.3587,0.0014,+0.10%,187504,249961
E6Z13,2013-12-02,1.3588,1.3616,1.3526,1.354,-0.0047,-0.35%,187261,249719
E6Z13,2013-12-03,1.3541,1.3615,1.3524,1.3591,0.0051,+0.38%,175713,253653
E6Z13,2013-12-04,1.359,1.3609,1.3528,1.3588,-0.0003,-0.02%,246143,258902
E6Z13,2013-12-05,1.3591,1.3678,1.3543,1.3676,0.0088,+0.65%,343993,270928
E6Z13,2013-12-06,1.3672,1.3709,1.3616,1.3696,0.002,+0.15%,237419,282889
E6Z13,2013-12-09,1.3711,1.3747,1.3695,1.374,0.0044,+0.32%,160762,289087
E6Z13,2013-12-10,1.3737,1.3796,1.3735,1.3764,0.0024,+0.17%,271954,302100
E6Z13,2013-12-11,1.376,1.3811,1.3741,1.3788,0.0024,+0.17%,371407,298386
E6H14,2013-12-12,1.3786,1.3802,1.3736,1.3743,-0.0045,-0.33%,387214,299100
E6H14,2013-12-13,1.3748,1.3768,1.3708,1.3733,-0.001,-0.07%,227218,295455
E6H14,2013-12-16,1.3737,1.3797,1.3734,1.3762,0.0029,+0.21%,153522,231130
E6H14,2013-12-17,1.3757,1.378,1.3721,1.3765,0.0003,+0.02%,144805,230955
E6H14,2013-12-18,1.3768,1.3846,1.3673,1.3757,-0.0008,-0.06%,228473,233576
E6H14,2013-12-19,1.3674,1.3694,1.3649,1.3655,-0.0102,-0.74%,174929,235264
E6H14,2013-12-20,1.3655,1.3709,1.3625,1.3672,0.0017,+0.12%,181102,239562
E6H14,2013-12-23,1.367,1.3716,1.367,1.3689,0.0017,+0.12%,80975,240274
E6H14,2013-12-24,1.3696,1.3699,1.3654,1.3679,-0.001,-0.07%,34398,240206
E6H14,2013-12-26,1.3686,1.3699,1.3679,1.3691,0.0012,+0.09%,26157,239511
E6H14,2013-12-27,1.3688,1.3893,1.3687,1.3733,0.0042,+0.31%,177105,244274
E6H14,2013-12-30,1.3759,1.3819,1.3728,1.3802,0.0069,+0.50%,98719,244939
E6H14,2013-12-31,1.3796,1.3812,1.3742,1.3788,-0.0014,-0.10%,64905,242071
E6H14,2014-01-02,1.3726,1.3727,1.363,1.3652,-0.0136,-0.99%,177360,242618
E6H14,2014-01-03,1.3667,1.3672,1.3582,1.3598,-0.0054,-0.40%,149964,241290
E6H14,2014-01-06,1.3596,1.3653,1.3571,1.3635,0.0037,+0.27%,164501,237225
E6H14,2014-01-07,1.3634,1.3656,1.3596,1.3617,-0.0018,-0.13%,166136,238570
E6H14,2014-01-08,1.3616,1.3634,1.3552,1.3582,-0.0035,-0.26%,209775,242274
E6H14,2014-01-09,1.3576,1.3633,1.3547,1.359,0.0008,+0.06%,243416,243927
E6H14,2014-01-10,1.3602,1.3687,1.3571,1.366,0.007,+0.52%,232010,240652
E6H14,2014-01-13,1.3666,1.3685,1.3637,1.3673,0.0013,+0.10%,138985,241366
E6H14,2014-01-14,1.3669,1.37,1.3649,1.3673,0,0.00%,167843,243434
E6H14,2014-01-15,1.3675,1.3675,1.3579,1.3599,-0.0074,-0.54%,205296,245351
E6H14,2014-01-16,1.3601,1.3649,1.3581,1.3614,0.0015,+0.11%,210129,245467
E6H14,2014-01-17,1.3615,1.362,1.3515,1.3529,-0.0085,-0.62%,211014,257779
E6H14,2014-01-21,1.353,1.3568,1.3506,1.3559,0.003,+0.22%,248228,255300
E6H14,2014-01-22,1.3559,1.3583,1.3533,1.3546,-0.0013,-0.10%,143876,253660
E6H14,2014-01-23,1.3545,1.3699,1.3529,1.3696,0.015,+1.11%,321124,261583
E6H14,2014-01-24,1.3692,1.374,1.3662,1.3676,-0.002,-0.15%,244810,259628
E6H14,2014-01-27,1.3681,1.3717,1.3652,1.3666,-0.001,-0.07%,162022,259795
E6H14,2014-01-28,1.3674,1.3688,1.3628,1.3665,-0.0001,-0.01%,163830,260799
E6H14,2014-01-29,1.3655,1.3684,1.3602,1.3663,-0.0002,-0.01%,266717,270509
E6H14,2014-01-30,1.3663,1.3664,1.3543,1.355,-0.0113,-0.83%,266225,267373
E6H14,2014-01-31,1.3557,1.3574,1.3479,1.3484,-0.0066,-0.49%,328809,273040
E6H14,2014-02-03,1.3488,1.3536,1.3476,1.3531,0.0047,+0.35%,227327,273420
E6H14,2014-02-04,1.3527,1.3539,1.3493,1.3516,-0.0015,-0.11%,181760,274146
E6H14,2014-02-05,1.3515,1.3556,1.3498,1.3534,0.0018,+0.13%,210155,270792
E6H14,2014-02-06,1.3536,1.362,1.3481,1.3587,0.0053,+0.39%,311407,271082
E6H14,2014-02-07,1.359,1.3646,1.3551,1.3628,0.0041,+0.30%,237579,270463
E6H14,2014-02-10,1.3624,1.3651,1.3618,1.3641,0.0013,+0.10%,124664,275286
E6H14,2014-02-11,1.3644,1.3683,1.3629,1.3638,-0.0003,-0.02%,197672,281037
E6H14,2014-02-12,1.3636,1.3653,1.3562,1.3594,-0.0044,-0.32%,225403,280433
E6H14,2014-02-13,1.3596,1.3692,1.3585,1.3674,0.008,+0.59%,200482,286400
E6H14,2014-02-14,1.3678,1.3716,1.3673,1.37,0.0026,+0.19%,147395,286783
E6H14,2014-02-18,1.3702,1.3771,1.3691,1.3757,0.0057,+0.42%,240935,291360
E6H14,2014-02-19,1.3759,1.3773,1.3725,1.3744,-0.0013,-0.09%,131055,290800
E6H14,2014-02-20,1.3734,1.3762,1.368,1.372,-0.0024,-0.17%,183369,292390
E6H14,2014-02-21,1.3722,1.3759,1.3702,1.3744,0.0024,+0.17%,136228,291930
E6H14,2014-02-24,1.3739,1.3773,1.3708,1.3735,-0.0009,-0.07%,124234,293220
E6H14,2014-02-25,1.3735,1.3767,1.3715,1.3742,0.0007,+0.05%,169423,296924
E6H14,2014-02-26,1.3746,1.3757,1.3661,1.3683,-0.0059,-0.43%,210575,299961
E6H14,2014-02-27,1.3683,1.3727,1.3643,1.3711,0.0028,+0.20%,199242,298935
E6H14,2014-02-28,1.3708,1.3826,1.3694,1.3822,0.0111,+0.81%,274276,304251
E6H14,2014-03-03,1.3786,1.3793,1.3726,1.3733,-0.0089,-0.64%,189571,302459
E6H14,2014-03-04,1.3737,1.3783,1.3721,1.3735,0.0002,+0.01%,162054,304308
E6H14,2014-03-05,1.374,1.375,1.3707,1.3731,-0.0004,-0.03%,165105,304193
E6H14,2014-03-06,1.3736,1.3873,1.3711,1.3861,0.013,+0.95%,354273,314900
E6H14,2014-03-07,1.386,1.3915,1.3852,1.3872,0.0011,+0.08%,264447,318427
E6H14,2014-03-10,1.3873,1.3898,1.3862,1.3869,-0.0003,-0.02%,181445,315827
E6H14,2014-03-11,1.388,1.388,1.3834,1.387,0.0001,+0.01%,242010,322404
E6H14,2014-03-12,1.3859,1.3915,1.3843,1.3903,0.0033,+0.24%,365603,332330
E6H14,2014-03-13,1.3903,1.3967,1.3845,1.3859,-0.0044,-0.32%,562086,353650
E6M14,2014-03-14,1.387,1.3937,1.3847,1.3903,0.0044,+0.32%,314870,339274
E6M14,2014-03-17,1.3912,1.3947,1.3878,1.3919,0.0016,+0.12%,134148,260878
E6M14,2014-03-18,1.392,1.3942,1.3878,1.3928,0.0009,+0.06%,158501,264443
E6M14,2014-03-19,1.3932,1.3933,1.3808,1.3828,-0.01,-0.72%,186611,262632
E6M14,2014-03-20,1.3818,1.3844,1.3747,1.3779,-0.0049,-0.35%,209515,262403
E6M14,2014-03-21,1.378,1.3809,1.3764,1.3792,0.0013,+0.09%,141041,261305
E6M14,2014-03-24,1.3798,1.3875,1.3758,1.3837,0.0045,+0.33%,192523,264800
E6M14,2014-03-25,1.3837,1.3845,1.3747,1.3825,-0.0012,-0.09%,245712,262179
E6M14,2014-03-26,1.3826,1.3826,1.3774,1.3789,-0.0036,-0.26%,144553,260692
E6M14,2014-03-27,1.3782,1.3795,1.3727,1.3746,-0.0043,-0.31%,178312,257524
E6M14,2014-03-28,1.3741,1.3772,1.3702,1.375,0.0004,+0.03%,167824,259838
E6M14,2014-03-31,1.3751,1.3808,1.3717,1.3774,0.0024,+0.17%,210212,260294
E6M14,2014-04-01,1.3773,1.3814,1.3768,1.379,0.0016,+0.12%,115481,260075
E6M14,2014-04-02,1.3793,1.3818,1.3751,1.3762,-0.0028,-0.20%,123070,258462
E6M14,2014-04-03,1.3766,1.3808,1.3696,1.3712,-0.005,-0.36%,284680,266032
E6M14,2014-04-04,1.3716,1.3729,1.3669,1.37,-0.0012,-0.09%,227490,260387
E6M14,2014-04-07,1.3698,1.3747,1.3694,1.3737,0.0037,+0.27%,105161,259469
E6M14,2014-04-08,1.3741,1.381,1.3735,1.3793,0.0056,+0.41%,160442,261439
E6M14,2014-04-09,1.3795,1.386,1.3778,1.385,0.0057,+0.41%,159006,263394
E6M14,2014-04-10,1.3851,1.3898,1.3834,1.3889,0.0039,+0.28%,137346,266737
E6M14,2014-04-11,1.3885,1.3903,1.3861,1.3885,-0.0004,-0.03%,109130,270770
E6M14,2014-04-14,1.3856,1.3862,1.3806,1.3819,-0.0066,-0.48%,138459,272456
E6M14,2014-04-15,1.3817,1.3831,1.3787,1.3808,-0.0011,-0.08%,124438,270722
E6M14,2014-04-16,1.3811,1.3849,1.3802,1.3819,0.0011,+0.08%,126694,268304
E6M14,2014-04-17,1.3814,1.3864,1.3809,1.3817,-0.0002,-0.01%,110060,267066
E6M14,2014-04-21,1.3817,1.3829,1.3785,1.3794,-0.0023,-0.17%,41258,266353
E6M14,2014-04-22,1.3792,1.3824,1.3782,1.3801,0.0007,+0.05%,102760,266259
E6M14,2014-04-23,1.3803,1.3854,1.3797,1.3814,0.0013,+0.09%,163840,270039
E6M14,2014-04-24,1.3814,1.3842,1.3789,1.3823,0.0009,+0.07%,157696,267708
E6M14,2014-04-25,1.3831,1.3849,1.3823,1.3834,0.0011,+0.08%,95027,270279
E6M14,2014-04-28,1.384,1.3878,1.3812,1.3852,0.0018,+0.13%,153385,273493
E6M14,2014-04-29,1.3848,1.3877,1.3804,1.3809,-0.0043,-0.31%,182854,271604
E6M14,2014-04-30,1.381,1.3877,1.3768,1.387,0.0061,+0.44%,228285,275728
E6M14,2014-05-01,1.3865,1.3888,1.3862,1.3863,-0.0007,-0.05%,59322,275905
E6M14,2014-05-02,1.3867,1.388,1.3805,1.387,0.0007,+0.05%,197396,269034
E6M14,2014-05-05,1.3873,1.3885,1.3864,1.3876,0.0006,+0.04%,79978,272167
E6M14,2014-05-06,1.3874,1.395,1.3871,1.3932,0.0056,+0.40%,168779,276987
E6M14,2014-05-07,1.3925,1.3938,1.3908,1.3915,-0.0017,-0.12%,133414,277808
E6M14,2014-05-08,1.391,1.3993,1.3831,1.3852,-0.0063,-0.45%,359200,270775
E6M14,2014-05-09,1.3839,1.3843,1.3743,1.3745,-0.0107,-0.77%,237618,265487
E6M14,2014-05-12,1.3755,1.3773,1.3745,1.3754,0.0009,+0.07%,101905,260041
E6M14,2014-05-13,1.3757,1.377,1.3687,1.3697,-0.0057,-0.41%,216300,268142
E6M14,2014-05-14,1.3701,1.373,1.3697,1.3705,0.0008,+0.06%,148086,268114
E6M14,2014-05-15,1.3712,1.3731,1.3645,1.3714,0.0009,+0.07%,235349,269155
E6M14,2014-05-16,1.3709,1.3726,1.3684,1.3697,-0.0017,-0.12%,119442,266916
E6M14,2014-05-19,1.3697,1.3734,1.3695,1.3711,0.0014,+0.10%,119335,264214
E6M14,2014-05-20,1.3708,1.3712,1.3676,1.3696,-0.0015,-0.11%,114698,268199
E6M14,2014-05-21,1.3698,1.3722,1.3632,1.3678,-0.0018,-0.13%,178680,269442
E6M14,2014-05-22,1.3685,1.3687,1.3644,1.365,-0.0028,-0.20%,141714,271034
E6M14,2014-05-23,1.3655,1.3656,1.3614,1.3626,-0.0024,-0.18%,125459,274690
E6M14,2014-05-27,1.3623,1.3668,1.3612,1.3634,0.0008,+0.06%,158427,274051
E6M14,2014-05-28,1.3634,1.3638,1.3586,1.3593,-0.0041,-0.30%,145299,272345
E6M14,2014-05-29,1.3592,1.3626,1.3586,1.3602,0.0009,+0.07%,132281,275472
E6M14,2014-05-30,1.3601,1.365,1.3598,1.3634,0.0032,+0.24%,165631,279121
E6M14,2014-06-02,1.3631,1.3636,1.3586,1.3595,-0.0039,-0.29%,167884,285482
E6M14,2014-06-03,1.3597,1.3649,1.3585,1.3623,0.0028,+0.21%,173626,280747
E6M14,2014-06-04,1.3626,1.3639,1.3596,1.3599,-0.0024,-0.18%,155989,282741
E6M14,2014-06-05,1.36,1.3671,1.3502,1.3658,0.0059,+0.43%,527863,287702
E6M14,2014-06-06,1.3662,1.3677,1.3621,1.3647,-0.0011,-0.08%,220984,288643
E6M14,2014-06-09,1.3647,1.3669,1.3582,1.3588,-0.0059,-0.43%,226200,304169
E6M14,2014-06-10,1.3592,1.3601,1.3533,1.3544,-0.0044,-0.32%,307522,331636
E6M14,2014-06-11,1.3545,1.3557,1.3522,1.3528,-0.0016,-0.12%,370335,365334
E6U14,2014-06-12,1.3534,1.3576,1.3516,1.3568,0.004,+0.30%,347446,369744
E6U14,2014-06-13,1.3555,1.3583,1.3525,1.3538,-0.003,-0.22%,203091,371482
E6U14,2014-06-16,1.3544,1.3585,1.3517,1.3572,0.0034,+0.25%,131596,283205
E6U14,2014-06-17,1.3578,1.3593,1.3541,1.3547,-0.0025,-0.18%,112745,285489
E6U14,2014-06-18,1.3551,1.3608,1.3546,1.3563,0.0016,+0.12%,168651,283840
E6U14,2014-06-19,1.3591,1.3648,1.3563,1.3611,0.0048,+0.35%,153672,287508
E6U14,2014-06-20,1.3611,1.3638,1.3567,1.3596,-0.0015,-0.11%,132387,287315
E6U14,2014-06-23,1.3597,1.3617,1.3577,1.3607,0.0011,+0.08%,102664,287502
E6U14,2014-06-24,1.3607,1.3632,1.3587,1.3606,-0.0001,-0.01%,157604,291244
E6U14,2014-06-25,1.3608,1.3656,1.3604,1.3631,0.0025,+0.18%,150508,290073
E6U14,2014-06-26,1.3633,1.3645,1.3579,1.3611,-0.002,-0.15%,177201,292031
E6U14,2014-06-27,1.3616,1.3656,1.3611,1.3649,0.0038,+0.28%,118400,291282
E6U14,2014-06-30,1.3649,1.3702,1.3644,1.3698,0.0049,+0.36%,146207,295225
E6U14,2014-07-01,1.3697,1.3705,1.3679,1.3683,-0.0015,-0.11%,120933,291488
E6U14,2014-07-02,1.3683,1.3687,1.3643,1.3658,-0.0025,-0.18%,106557,289926
E6U14,2014-07-03,1.3661,1.3668,1.3599,1.3606,-0.0052,-0.38%,164828,293325
E6U14,2014-07-07,1.3599,1.3614,1.3579,1.3612,0.0006,+0.04%,127015,294958
E6U14,2014-07-08,1.3609,1.3621,1.3592,1.3614,0.0002,+0.01%,100856,294381
E6U14,2014-07-09,1.3616,1.3652,1.3606,1.365,0.0036,+0.26%,155044,296645
E6U14,2014-07-10,1.3645,1.3654,1.3592,1.3607,-0.0043,-0.32%,145614,297310
E6U14,2014-07-11,1.3611,1.3628,1.3595,1.3612,0.0005,+0.04%,96734,297097
E6U14,2014-07-14,1.3611,1.3644,1.3601,1.3622,0.001,+0.07%,107023,296215
E6U14,2014-07-15,1.3623,1.3631,1.3564,1.3571,-0.0051,-0.37%,211064,310661
E6U14,2014-07-16,1.3571,1.3574,1.3523,1.3526,-0.0045,-0.33%,133616,316439
E6U14,2014-07-17,1.3528,1.3543,1.3519,1.3529,0.0003,+0.02%,118751,319913
E6U14,2014-07-18,1.3529,1.3538,1.3493,1.3528,-0.0001,-0.01%,162111,328061
E6U14,2014-07-21,1.3531,1.3552,1.3515,1.3525,-0.0003,-0.02%,96587,330290
E6U14,2014-07-22,1.3527,1.3532,1.3461,1.3468,-0.0057,-0.42%,192846,339706
E6U14,2014-07-23,1.3468,1.3476,1.3456,1.3459,-0.0009,-0.07%,125833,341981
E6U14,2014-07-24,1.3463,1.3486,1.3439,1.3465,0.0006,+0.04%,150680,346105
E6U14,2014-07-25,1.3465,1.3477,1.3422,1.3433,-0.0032,-0.24%,143874,356229
E6U14,2014-07-28,1.3434,1.3446,1.3428,1.3435,0.0002,+0.01%,80347,359727
E6U14,2014-07-29,1.3441,1.3446,1.3405,1.3411,-0.0024,-0.18%,134046,356865
E6U14,2014-07-30,1.3411,1.3417,1.3369,1.3393,-0.0018,-0.13%,203116,365275
E6U14,2014-07-31,1.3396,1.3403,1.3373,1.3392,-0.0001,-0.01%,170955,365074
E6U14,2014-08-01,1.339,1.3447,1.338,1.343,0.0038,+0.28%,219406,368116
E6U14,2014-08-04,1.343,1.3433,1.3411,1.3421,-0.0009,-0.07%,102763,373254
E6U14,2014-08-05,1.3424,1.3427,1.336,1.3374,-0.0047,-0.35%,187032,379004
E6U14,2014-08-06,1.3374,1.339,1.3335,1.3379,0.0005,+0.04%,200534,376386
E6U14,2014-08-07,1.3385,1.3396,1.3339,1.336,-0.0019,-0.14%,202499,382192
E6U14,2014-08-08,1.3363,1.3435,1.3345,1.3413,0.0053,+0.40%,208202,373000
E6U14,2014-08-11,1.3409,1.341,1.3382,1.3384,-0.0029,-0.22%,91160,374739
E6U14,2014-08-12,1.3387,1.3388,1.3338,1.3369,-0.0015,-0.11%,126630,376424
E6U14,2014-08-13,1.337,1.3417,1.3344,1.337,0.0001,+0.01%,197730,381962
E6U14,2014-08-14,1.3365,1.341,1.335,1.3368,-0.0002,-0.01%,152628,386295
E6U14,2014-08-15,1.3367,1.3414,1.336,1.34,0.0032,+0.24%,163016,389303
E6U14,2014-08-18,1.3394,1.34,1.3354,1.3363,-0.0037,-0.28%,109236,393892
E6U14,2014-08-19,1.3364,1.3365,1.3314,1.3321,-0.0042,-0.31%,161771,396460
E6U14,2014-08-20,1.3319,1.3326,1.3257,1.3265,-0.0056,-0.42%,178181,394530
E6U14,2014-08-21,1.3258,1.329,1.3243,1.3282,0.0017,+0.13%,134374,400886
E6U14,2014-08-22,1.3282,1.3298,1.3222,1.3243,-0.0039,-0.29%,209156,405819
E6U14,2014-08-25,1.3208,1.3212,1.3185,1.3194,-0.0049,-0.37%,117665,403253
E6U14,2014-08-26,1.3192,1.3215,1.3166,1.3174,-0.002,-0.15%,167617,402709
E6U14,2014-08-27,1.3171,1.3212,1.3153,1.3197,0.0023,+0.17%,193196,408950
E6U14,2014-08-28,1.3195,1.3222,1.316,1.3185,-0.0012,-0.09%,177400,411211
E6U14,2014-08-29,1.3184,1.3198,1.3134,1.3135,-0.005,-0.38%,207251,414303
E6U14,2014-09-02,1.313,1.3147,1.3111,1.3127,-0.0008,-0.06%,229920,419850
E6U14,2014-09-03,1.3134,1.3161,1.3123,1.3146,0.0019,+0.14%,201029,422799
E6U14,2014-09-04,1.3149,1.3154,1.2921,1.2938,-0.0208,-1.58%,483032,437111
E6U14,2014-09-05,1.2941,1.2992,1.2922,1.2959,0.0021,+0.16%,291717,430106
E6U14,2014-09-08,1.2953,1.296,1.2882,1.2908,-0.0051,-0.39%,317654,443189
E6U14,2014-09-09,1.29,1.2959,1.286,1.2919,0.0011,+0.09%,473784,484306
E6U14,2014-09-10,1.294,1.2964,1.2884,1.2906,-0.0013,-0.10%,558787,525833
E6Z14,2014-09-11,1.2925,1.2962,1.2907,1.2933,0.0027,+0.21%,462957,520035
E6Z14,2014-09-12,1.2934,1.2989,1.2918,1.2958,0.0025,+0.19%,369157,516533
E6Z14,2014-09-15,1.2977,1.298,1.2918,1.2945,-0.0013,-0.10%,157313,400362
E6Z14,2014-09-16,1.2948,1.3006,1.2931,1.2969,0.0024,+0.19%,214151,397652
E6Z14,2014-09-17,1.2967,1.2993,1.2862,1.2925,-0.0044,-0.34%,299790,397432
E6Z14,2014-09-18,1.2859,1.2939,1.2843,1.2924,-0.0001,-0.01%,228998,393758
E6Z14,2014-09-19,1.2925,1.2937,1.2835,1.2844,-0.008,-0.62%,218882,400853
E6Z14,2014-09-22,1.2834,1.2875,1.2824,1.2843,-0.0001,-0.01%,185162,396552
E6Z14,2014-09-23,1.2854,1.2908,1.285,1.2865,0.0022,+0.17%,193045,398937
E6Z14,2014-09-24,1.2855,1.2871,1.2781,1.2787,-0.0078,-0.61%,204413,401435
E6Z14,2014-09-25,1.2787,1.279,1.2703,1.2755,-0.0032,-0.25%,280065,404083
E6Z14,2014-09-26,1.2757,1.2768,1.2683,1.2689,-0.0066,-0.52%,216410,407937
E6Z14,2014-09-29,1.2688,1.2722,1.267,1.27,0.0011,+0.09%,182595,414722
E6Z14,2014-09-30,1.2695,1.271,1.2578,1.2635,-0.0065,-0.51%,328543,409986
E6Z14,2014-10-01,1.2636,1.2646,1.259,1.2614,-0.0021,-0.17%,265428,408909
E6Z14,2014-10-02,1.2625,1.2705,1.262,1.2681,0.0067,+0.53%,355373,408879
E6Z14,2014-10-03,1.2679,1.2679,1.2506,1.2515,-0.0166,-1.31%,285113,431523
E6Z14,2014-10-06,1.252,1.2682,1.2514,1.2633,0.0118,+0.94%,269940,426350
E6Z14,2014-10-07,1.2662,1.2688,1.259,1.267,0.0037,+0.29%,286184,425656
E6Z14,2014-10-08,1.2672,1.2755,1.2628,1.2738,0.0068,+0.54%,332391,428520
E6Z14,2014-10-09,1.2736,1.2797,1.2668,1.2693,-0.0045,-0.35%,341353,429984
E6Z14,2014-10-10,1.2696,1.2722,1.2611,1.2619,-0.0074,-0.58%,222211,430453
E6Z14,2014-10-13,1.2634,1.2767,1.2632,1.2671,0.0052,+0.41%,170739,431857
E6Z14,2014-10-14,1.2747,1.2754,1.2645,1.2654,-0.0017,-0.13%,225637,434729
E6Z14,2014-10-15,1.2662,1.2893,1.263,1.2781,0.0127,+1.00%,565400,430179
E6Z14,2014-10-16,1.2825,1.285,1.2711,1.2805,0.0024,+0.19%,374176,433133
E6Z14,2014-10-17,1.281,1.2842,1.2749,1.2778,-0.0027,-0.21%,175954,430319
E6Z14,2014-10-20,1.2764,1.2822,1.2736,1.2813,0.0035,+0.27%,152446,434628
E6Z14,2014-10-21,1.28,1.2845,1.2717,1.273,-0.0083,-0.65%,227204,439863
E6Z14,2014-10-22,1.2717,1.2744,1.2641,1.2648,-0.0082,-0.64%,207015,445816
E6Z14,2014-10-23,1.265,1.268,1.2617,1.2653,0.0005,+0.04%,169895,445624
E6Z14,2014-10-24,1.265,1.27,1.2638,1.2668,0.0015,+0.12%,145754,441765
E6Z14,2014-10-27,1.2677,1.2727,1.2669,1.2712,0.0044,+0.35%,144074,442235
E6Z14,2014-10-28,1.2702,1.2769,1.2688,1.2739,0.0027,+0.21%,178417,441369
E6Z14,2014-10-29,1.2737,1.2775,1.2633,1.2649,-0.009,-0.71%,192782,444558
E6Z14,2014-10-30,1.2639,1.2643,1.2548,1.2616,-0.0033,-0.26%,251609,451189
E6Z14,2014-10-31,1.2616,1.2619,1.2489,1.253,-0.0086,-0.68%,361161,460276
E6Z14,2014-11-03,1.2515,1.2515,1.2442,1.2494,-0.0036,-0.29%,227351,461237
E6Z14,2014-11-04,1.2492,1.2581,1.2491,1.256,0.0066,+0.53%,220362,465332
E6Z14,2014-11-05,1.2553,1.2571,1.246,1.2483,-0.0077,-0.61%,253444,466567
E6Z14,2014-11-06,1.248,1.2537,1.2367,1.239,-0.0093,-0.75%,351923,470108
E6Z14,2014-11-07,1.2383,1.2474,1.2361,1.2444,0.0054,+0.44%,330262,470417
E6Z14,2014-11-10,1.2466,1.2512,1.2421,1.2425,-0.0019,-0.15%,170743,467870
E6Z14,2014-11-11,1.2425,1.2504,1.2397,1.2467,0.0042,+0.34%,167640,463976
E6Z14,2014-11-12,1.2477,1.2501,1.2422,1.2435,-0.0032,-0.26%,235885,465315
E6Z14,2014-11-13,1.2433,1.2495,1.2429,1.249,0.0055,+0.44%,163908,468036
E6Z14,2014-11-14,1.2478,1.255,1.24,1.2528,0.0038,+0.30%,322101,469959
E6Z14,2014-11-17,1.2521,1.2581,1.2447,1.2454,-0.0074,-0.59%,190369,470236
E6Z14,2014-11-18,1.2454,1.2548,1.2445,1.2537,0.0083,+0.67%,211717,465168
E6Z14,2014-11-19,1.2536,1.2605,1.2514,1.2547,0.001,+0.08%,253737,465906
E6Z14,2014-11-20,1.255,1.2577,1.2506,1.2552,0.0005,+0.04%,268154,465051
E6Z14,2014-11-21,1.2545,1.257,1.2377,1.2389,-0.0163,-1.30%,327554,474866
E6Z14,2014-11-24,1.2376,1.2446,1.2366,1.2436,0.0047,+0.38%,204298,470523
E6Z14,2014-11-25,1.2441,1.2489,1.2403,1.2473,0.0037,+0.30%,209565,465339
E6Z14,2014-11-26,1.2475,1.2534,1.2445,1.2516,0.0043,+0.34%,213346,465322
E6Z14,2014-11-28,1.2506,1.2525,1.2428,1.2436,-0.008,-0.64%,242536,467128
E6Z14,2014-12-01,1.2447,1.2509,1.2421,1.2479,0.0043,+0.35%,248900,465191
E6Z14,2014-12-02,1.2473,1.2478,1.2378,1.2381,-0.0098,-0.79%,204605,462058
E6Z14,2014-12-03,1.2384,1.2392,1.2302,1.2311,-0.007,-0.57%,269986,463655
E6Z14,2014-12-04,1.2309,1.2458,1.2277,1.2368,0.0057,+0.46%,470472,459721
E6Z14,2014-12-05,1.2379,1.2394,1.2272,1.2289,-0.0079,-0.64%,331581,475869
E6Z14,2014-12-08,1.2288,1.2346,1.2248,1.2327,0.0038,+0.31%,253666,469158
E6Z14,2014-12-09,1.2316,1.245,1.2293,1.2378,0.0051,+0.41%,464040,477861
E6Z14,2014-12-10,1.2378,1.2449,1.2362,1.2443,0.0065,+0.53%,536442,507568
E6Z14,2014-12-11,1.2447,1.2496,1.2371,1.2385,-0.0058,-0.47%,573171,541700
E6H15,2014-12-12,1.2412,1.2493,1.2391,1.2459,0.0074,+0.60%,344359,541843
E6H15,2014-12-15,1.248,1.2484,1.2422,1.2444,-0.0015,-0.12%,204726,374791
E6H15,2014-12-16,1.2451,1.2579,1.2443,1.2495,0.0051,+0.41%,320963,368171
E6H15,2014-12-17,1.252,1.2523,1.2328,1.2337,-0.0158,-1.26%,309996,368516
E6H15,2014-12-18,1.2344,1.2362,1.2275,1.2292,-0.0045,-0.36%,219205,375181
E6H15,2014-12-19,1.2295,1.2312,1.2229,1.2235,-0.0057,-0.46%,168629,373381
E6H15,2014-12-22,1.2231,1.2281,1.2226,1.223,-0.0005,-0.04%,96758,373842
E6H15,2014-12-23,1.2237,1.2254,1.2173,1.2185,-0.0045,-0.37%,107039,376849
E6H15,2014-12-24,1.2181,1.2229,1.2178,1.2199,0.0014,+0.11%,43096,376291
E6H15,2014-12-26,1.2229,1.2237,1.2176,1.2185,-0.0014,-0.11%,32365,380311
E6H15,2014-12-29,1.2189,1.223,1.2151,1.2165,-0.002,-0.16%,100933,380196
E6H15,2014-12-30,1.2163,1.2196,1.2132,1.2162,-0.0003,-0.02%,112322,386295
E6H15,2014-12-31,1.2164,1.2178,1.2104,1.2107,-0.0055,-0.45%,73371,388528
E6H15,2015-01-02,1.211,1.2113,1.2007,1.2013,-0.0094,-0.78%,160600,397892
E6H15,2015-01-05,1.196,1.1985,1.1895,1.1947,-0.0066,-0.55%,238081,403761
E6H15,2015-01-06,1.1942,1.1977,1.1892,1.1921,-0.0026,-0.22%,241978,406624
E6H15,2015-01-07,1.1884,1.1904,1.1809,1.1857,-0.0064,-0.54%,270004,407380
E6H15,2015-01-08,1.1842,1.1854,1.1761,1.179,-0.0067,-0.57%,241277,412988
E6H15,2015-01-09,1.1798,1.1854,1.1769,1.1848,0.0058,+0.49%,289361,409482
E6H15,2015-01-12,1.187,1.1878,1.1792,1.1847,-0.0001,-0.01%,185456,412560
E6H15,2015-01-13,1.1837,1.1866,1.1759,1.1771,-0.0076,-0.64%,234383,422426
E6H15,2015-01-14,1.1782,1.1854,1.1734,1.1782,0.0011,+0.09%,315702,413291
E6H15,2015-01-15,1.1794,1.1797,1.1575,1.1622,-0.016,-1.36%,530284,430543
E6H15,2015-01-16,1.1637,1.1656,1.1467,1.159,-0.0032,-0.28%,354309,443345
E6H15,2015-01-20,1.1571,1.1646,1.1546,1.1554,-0.0036,-0.31%,278959,450262
E6H15,2015-01-21,1.1558,1.1683,1.1547,1.1597,0.0043,+0.37%,268549,439379
E6H15,2015-01-22,1.1618,1.1668,1.1321,1.1383,-0.0214,-1.85%,383926,454074
E6H15,2015-01-23,1.1371,1.1379,1.1119,1.1251,-0.0132,-1.16%,398736,453344
E6H15,2015-01-26,1.1152,1.13,1.1102,1.1272,0.0021,+0.19%,222407,450822
E6H15,2015-01-27,1.1244,1.1428,1.1229,1.138,0.0108,+0.96%,305255,449726
E6H15,2015-01-28,1.1376,1.1388,1.1281,1.1314,-0.0066,-0.58%,223850,450241
E6H15,2015-01-29,1.128,1.1372,1.1266,1.1317,0.0003,+0.03%,210988,452702
E6H15,2015-01-30,1.133,1.1368,1.1281,1.1296,-0.0021,-0.19%,206210,458082
E6H15,2015-02-02,1.1314,1.1367,1.1296,1.135,0.0054,+0.48%,170664,459085
E6H15,2015-02-03,1.134,1.1539,1.1317,1.1491,0.0141,+1.24%,296422,457209
E6H15,2015-02-04,1.1472,1.149,1.132,1.1423,-0.0068,-0.59%,208422,462831
E6H15,2015-02-05,1.1342,1.1503,1.1308,1.1479,0.0056,+0.49%,206157,461472
E6H15,2015-02-06,1.148,1.1483,1.1315,1.1323,-0.0156,-1.36%,219115,448284
E6H15,2015-02-09,1.1319,1.1363,1.1275,1.1341,0.0018,+0.16%,149579,443249
E6H15,2015-02-10,1.1328,1.135,1.1277,1.1317,-0.0024,-0.21%,168093,444139
E6H15,2015-02-11,1.132,1.1352,1.1283,1.1307,-0.001,-0.09%,138344,443753
E6H15,2015-02-12,1.1335,1.1427,1.1307,1.1418,0.0111,+0.98%,216042,443087
E6H15,2015-02-13,1.1405,1.1447,1.1383,1.1395,-0.0023,-0.20%,139368,438627
E6H15,2015-02-17,1.1402,1.1452,1.1325,1.1417,0.0022,+0.19%,227697,438411
E6H15,2015-02-18,1.1413,1.1419,1.1337,1.1384,-0.0033,-0.29%,162838,438360
E6H15,2015-02-19,1.1403,1.1454,1.1358,1.1368,-0.0016,-0.14%,151218,438041
E6H15,2015-02-20,1.1368,1.1434,1.1281,1.1399,0.0031,+0.27%,286304,437932
E6H15,2015-02-23,1.1382,1.1397,1.1298,1.1336,-0.0063,-0.55%,129689,432410
E6H15,2015-02-24,1.1338,1.1361,1.129,1.1339,0.0003,+0.03%,177413,431217
E6H15,2015-02-25,1.1342,1.1392,1.1338,1.1362,0.0023,+0.20%,115156,429232
E6H15,2015-02-26,1.1365,1.1382,1.1185,1.1199,-0.0163,-1.43%,247223,433520
E6H15,2015-02-27,1.12,1.1249,1.1177,1.1195,-0.0004,-0.04%,229962,439413
E6H15,2015-03-02,1.1183,1.1242,1.1161,1.1188,-0.0007,-0.06%,161158,440200
E6H15,2015-03-03,1.1182,1.1219,1.1156,1.118,-0.0008,-0.07%,172818,440733
E6H15,2015-03-04,1.1181,1.1187,1.1063,1.1075,-0.0105,-0.94%,291144,459980
E6H15,2015-03-05,1.1082,1.1116,1.0988,1.1028,-0.0047,-0.42%,328178,475652
E6H15,2015-03-06,1.1034,1.1034,1.084,1.0859,-0.0169,-1.53%,396854,473770
E6H15,2015-03-09,1.0836,1.0908,1.0824,1.086,0.0001,+0.01%,253291,478008
E6H15,2015-03-10,1.0853,1.0856,1.0693,1.0698,-0.0162,-1.49%,578333,496465
E6H15,2015-03-11,1.0685,1.0718,1.0512,1.0535,-0.0163,-1.52%,823809,561281
E6M15,2015-03-12,1.0558,1.0696,1.0506,1.061,0.0075,+0.71%,596937,588307
E6M15,2015-03-13,1.0638,1.0647,1.0473,1.0484,-0.0126,-1.19%,429622,597980
E6M15,2015-03-16,1.0498,1.0632,1.0491,1.0595,0.0111,+1.06%,249898,445146
E6M15,2015-03-17,1.0581,1.0663,1.0563,1.0611,0.0016,+0.15%,242043,449508
E6M15,2015-03-18,1.0608,1.1011,1.0591,1.0753,0.0142,+1.34%,474243,452174
E6M15,2015-03-19,1.0845,1.0931,1.0625,1.0653,-0.01,-0.93%,410671,457346
E6M15,2015-03-20,1.067,1.0894,1.0668,1.0823,0.017,+1.60%,322430,457207
E6M15,2015-03-23,1.0877,1.0984,1.078,1.0954,0.0131,+1.21%,350497,454151
E6M15,2015-03-24,1.0958,1.1041,1.0903,1.093,-0.0024,-0.22%,363276,460950
E6M15,2015-03-25,1.0934,1.1027,1.0913,1.0972,0.0042,+0.38%,226467,461541
E6M15,2015-03-26,1.0983,1.1064,1.0867,1.0882,-0.009,-0.82%,322346,462639
E6M15,2015-03-27,1.0888,1.0961,1.0812,1.0916,0.0034,+0.31%,280930,462117
E6M15,2015-03-30,1.09,1.0907,1.0821,1.0834,-0.0082,-0.75%,203310,460110
E6M15,2015-03-31,1.0838,1.0857,1.0724,1.0754,-0.008,-0.74%,230438,459746
E6M15,2015-04-01,1.0752,1.0811,1.0729,1.0775,0.0021,+0.20%,237825,457426
E6M15,2015-04-02,1.0775,1.0916,1.076,1.0905,0.013,+1.21%,226237,450728
E6M15,2015-04-03,1.0893,1.1038,1.0873,1.1003,0.0098,+0.90%,103062,450428
E6M15,2015-04-06,1.1007,1.1047,1.092,1.0987,-0.0016,-0.15%,108840,444343
E6M15,2015-04-07,1.0942,1.0965,1.0813,1.0839,-0.0148,-1.35%,223846,441624
E6M15,2015-04-08,1.0822,1.0897,1.0772,1.0808,-0.0031,-0.29%,262285,438337
E6M15,2015-04-09,1.0791,1.0797,1.0645,1.0648,-0.016,-1.48%,262036,445469
E6M15,2015-04-10,1.0671,1.0692,1.0577,1.0613,-0.0035,-0.33%,229737,451474
E6M15,2015-04-13,1.0603,1.0628,1.0529,1.0578,-0.0035,-0.33%,240155,453534
E6M15,2015-04-14,1.0575,1.0717,1.0539,1.0668,0.009,+0.85%,311270,453518
E6M15,2015-04-15,1.0663,1.0711,1.0579,1.0693,0.0025,+0.23%,344038,453800
E6M15,2015-04-16,1.0688,1.0826,1.0633,1.0806,0.0113,+1.06%,352848,459167
E6M15,2015-04-17,1.0773,1.0857,1.0742,1.08,-0.0006,-0.06%,303084,458244
E6M15,2015-04-20,1.082,1.0827,1.072,1.0744,-0.0056,-0.52%,183175,454866
E6M15,2015-04-21,1.0746,1.0789,1.0667,1.0742,-0.0002,-0.02%,212904,457610
E6M15,2015-04-22,1.0744,1.0809,1.0716,1.0747,0.0005,+0.05%,220393,455693
E6M15,2015-04-23,1.0731,1.0853,1.0672,1.0832,0.0085,+0.79%,278621,461557
E6M15,2015-04-24,1.083,1.0907,1.0791,1.0875,0.0043,+0.40%,284342,460053
E6M15,2015-04-27,1.0874,1.0934,1.0826,1.0887,0.0012,+0.11%,201658,456462
E6M15,2015-04-28,1.0892,1.0998,1.0867,1.0985,0.0098,+0.90%,248856,456919
E6M15,2015-04-29,1.0985,1.1195,1.0965,1.1118,0.0133,+1.21%,461458,455566
E6M15,2015-04-30,1.1124,1.1273,1.1077,1.1266,0.0148,+1.33%,448719,450893
E6M15,2015-05-01,1.1224,1.1297,1.1181,1.1198,-0.0068,-0.60%,196298,443193
E6M15,2015-05-04,1.1199,1.1231,1.1129,1.1145,-0.0053,-0.47%,176028,443856
E6M15,2015-05-05,1.1154,1.1229,1.1072,1.1201,0.0056,+0.50%,277695,449254
E6M15,2015-05-06,1.1193,1.1377,1.1181,1.1357,0.0156,+1.39%,387872,449381
E6M15,2015-05-07,1.1349,1.1398,1.1243,1.1274,-0.0083,-0.73%,302986,447213
E6M15,2015-05-08,1.1261,1.1303,1.1184,1.121,-0.0064,-0.57%,333035,448724
E6M15,2015-05-11,1.1206,1.1211,1.1136,1.1161,-0.0049,-0.44%,216043,441458
E6M15,2015-05-12,1.1157,1.1284,1.1139,1.1225,0.0064,+0.57%,228716,439122
E6M15,2015-05-13,1.1224,1.1387,1.1207,1.1365,0.014,+1.25%,264024,440932
E6M15,2015-05-14,1.1357,1.1457,1.1344,1.14,0.0035,+0.31%,295726,436531
E6M15,2015-05-15,1.1414,1.1472,1.1328,1.1469,0.0069,+0.61%,287355,437240
E6M15,2015-05-18,1.145,1.1452,1.1302,1.1308,-0.0161,-1.40%,207689,429079
E6M15,2015-05-19,1.132,1.1331,1.1122,1.1159,-0.0149,-1.32%,334222,428580
E6M15,2015-05-20,1.1151,1.1156,1.1066,1.112,-0.0039,-0.35%,300587,425020
E6M15,2015-05-21,1.1095,1.1185,1.1082,1.1134,0.0014,+0.13%,243545,423112
E6M15,2015-05-22,1.1111,1.1212,1.1005,1.1043,-0.0091,-0.82%,296951,425731
E6M15,2015-05-26,1.0987,1.1013,1.0866,1.0874,-0.0169,-1.53%,324517,431927
E6M15,2015-05-27,1.0876,1.0932,1.0821,1.0892,0.0018,+0.17%,329128,430568
E6M15,2015-05-28,1.0902,1.0962,1.0869,1.0957,0.0065,+0.60%,293542,430684
E6M15,2015-05-29,1.0959,1.1008,1.0928,1.0983,0.0026,+0.24%,253469,428162
E6M15,2015-06-01,1.0982,1.0983,1.0889,1.0935,-0.0048,-0.44%,251405,428001
E6M15,2015-06-02,1.0924,1.1197,1.0918,1.1169,0.0234,+2.14%,433515,428403
E6M15,2015-06-03,1.1154,1.1288,1.1081,1.1252,0.0083,+0.74%,432944,422900
E6M15,2015-06-04,1.1271,1.1382,1.1223,1.1246,-0.0006,-0.05%,389845,417924
E6M15,2015-06-05,1.1228,1.1283,1.105,1.112,-0.0126,-1.12%,364989,421662
E6M15,2015-06-08,1.1102,1.1309,1.1084,1.1278,0.0158,+1.42%,367049,439807
E6M15,2015-06-09,1.1283,1.1347,1.1215,1.1282,0.0004,+0.04%,415495,436540
E6M15,2015-06-10,1.128,1.1388,1.1261,1.1317,0.0035,+0.31%,582800,466869
E6M15,2015-06-11,1.1323,1.1333,1.118,1.1263,-0.0054,-0.48%,570461,469733
E6U15,2015-06-12,1.1255,1.1312,1.1165,1.1275,0.0012,+0.11%,399726,464380
E6U15,2015-06-15,1.1234,1.1309,1.1204,1.1297,0.0022,+0.20%,203989,349305
E6U15,2015-06-16,1.1297,1.1344,1.1218,1.1254,-0.0043,-0.38%,189829,350145
E6U15,2015-06-17,1.126,1.1372,1.1224,1.1347,0.0093,+0.83%,252151,347408
E6U15,2015-06-18,1.1355,1.145,1.1342,1.1383,0.0036,+0.32%,269940,348324
E6U15,2015-06-19,1.1382,1.1416,1.1305,1.1366,-0.0017,-0.15%,166640,343830
E6U15,2015-06-22,1.138,1.1424,1.1324,1.135,-0.0016,-0.14%,205622,343747
E6U15,2015-06-23,1.1353,1.136,1.1146,1.118,-0.017,-1.50%,272799,345427
E6U15,2015-06-24,1.1179,1.1247,1.1171,1.1218,0.0038,+0.34%,213210,342932
E6U15,2015-06-25,1.1215,1.1239,1.1165,1.1214,-0.0004,-0.04%,178911,342127
E6U15,2015-06-26,1.1211,1.1232,1.1141,1.1172,-0.0042,-0.37%,182393,345994
E6U15,2015-06-29,1.1001,1.1292,1.0962,1.1265,0.0093,+0.83%,373879,352322
E6U15,2015-06-30,1.1242,1.1256,1.1124,1.1156,-0.0109,-0.97%,253656,346115
E6U15,2015-07-01,1.1144,1.1187,1.1054,1.1059,-0.0097,-0.87%,203356,349866
E6U15,2015-07-02,1.1064,1.1134,1.1043,1.1096,0.0037,+0.33%,174426,349619
E6U15,2015-07-06,1.1012,1.1129,1.0992,1.1058,-0.0038,-0.34%,260513,348413
E6U15,2015-07-07,1.1066,1.1068,1.0927,1.0986,-0.0072,-0.65%,275826,354885
E6U15,2015-07-08,1.1008,1.1104,1.0985,1.1071,0.0085,+0.77%,216100,353181
E6U15,2015-07-09,1.1084,1.1136,1.1001,1.1022,-0.0049,-0.44%,173352,352193
E6U15,2015-07-10,1.1053,1.1226,1.1053,1.1138,0.0116,+1.05%,280832,351080
E6U15,2015-07-13,1.1142,1.1207,1.1003,1.1007,-0.0131,-1.18%,254672,357330
E6U15,2015-07-14,1.1015,1.1097,1.0974,1.1018,0.0011,+0.10%,193023,356760
E6U15,2015-07-15,1.1018,1.1044,1.0938,1.0957,-0.0061,-0.55%,190450,360163
E6U15,2015-07-16,1.0953,1.0972,1.0864,1.0883,-0.0074,-0.68%,228204,359741
E6U15,2015-07-17,1.0884,1.0916,1.0836,1.0857,-0.0026,-0.24%,149975,363906
E6U15,2015-07-20,1.084,1.0878,1.0817,1.0837,-0.002,-0.18%,133947,364556
E6U15,2015-07-21,1.083,1.0977,1.082,1.095,0.0113,+1.04%,219529,366892
E6U15,2015-07-22,1.0946,1.0975,1.0877,1.0912,-0.0038,-0.35%,179368,362486
E6U15,2015-07-23,1.0934,1.1026,1.0929,1.1006,0.0094,+0.86%,241599,366621
E6U15,2015-07-24,1.0991,1.1003,1.0932,1.0989,-0.0017,-0.15%,165388,367080
E6U15,2015-07-27,1.0984,1.1137,1.0977,1.1105,0.0116,+1.06%,221941,362266
E6U15,2015-07-28,1.11,1.1106,1.1029,1.1049,-0.0056,-0.50%,154566,357940
E6U15,2015-07-29,1.1069,1.1091,1.0973,1.1015,-0.0034,-0.31%,208779,354907
E6U15,2015-07-30,1.0988,1.0996,1.0899,1.0924,-0.0091,-0.83%,221839,363031
E6U15,2015-07-31,1.0938,1.1121,1.0927,1.0971,0.0047,+0.43%,318357,365182
E6U15,2015-08-03,1.0987,1.1002,1.0947,1.0954,-0.0017,-0.15%,152554,364694
E6U15,2015-08-04,1.0959,1.0994,1.0885,1.0897,-0.0057,-0.52%,172608,367885
E6U15,2015-08-05,1.0896,1.0948,1.0852,1.0901,0.0004,+0.04%,239666,373050
E6U15,2015-08-06,1.0906,1.095,1.0879,1.0926,0.0025,+0.23%,147175,371639
E6U15,2015-08-07,1.0929,1.0984,1.086,1.0976,0.005,+0.46%,265107,368798
E6U15,2015-08-10,1.0965,1.1047,1.093,1.1024,0.0048,+0.44%,167247,364345
E6U15,2015-08-11,1.1022,1.1093,1.0965,1.1035,0.0011,+0.10%,260042,361334
E6U15,2015-08-12,1.1046,1.122,1.1028,1.1174,0.0139,+1.26%,314778,364540
E6U15,2015-08-13,1.1165,1.1193,1.1084,1.1146,-0.0028,-0.25%,199381,362511
E6U15,2015-08-14,1.1157,1.1193,1.1102,1.1124,-0.0022,-0.20%,171467,359526
E6U15,2015-08-17,1.1119,1.113,1.1062,1.1085,-0.0039,-0.35%,168583,358293
E6U15,2015-08-18,1.1084,1.1098,1.102,1.1023,-0.0062,-0.56%,158184,356952
E6U15,2015-08-19,1.1031,1.1139,1.1021,1.1134,0.0111,+1.01%,252033,360283
E6U15,2015-08-20,1.1126,1.1249,1.111,1.1202,0.0068,+0.61%,249935,367851
E6U15,2015-08-21,1.124,1.1394,1.1233,1.1358,0.0156,+1.39%,312652,371922
E6U15,2015-08-24,1.1381,1.1718,1.1373,1.1603,0.0245,+2.16%,578709,381246
E6U15,2015-08-25,1.1585,1.1609,1.1398,1.1429,-0.0174,-1.50%,400759,374977
E6U15,2015-08-26,1.152,1.1564,1.1294,1.1352,-0.0077,-0.67%,355903,371742
E6U15,2015-08-27,1.1316,1.1367,1.1205,1.1268,-0.0084,-0.74%,273893,365516
E6U15,2015-08-28,1.125,1.1312,1.1158,1.1185,-0.0083,-0.74%,222405,366323
E6U15,2015-08-31,1.1181,1.1265,1.1178,1.1239,0.0054,+0.48%,182504,364858
E6U15,2015-09-01,1.121,1.1335,1.121,1.1296,0.0057,+0.51%,254864,363980
E6U15,2015-09-02,1.1312,1.1314,1.1218,1.124,-0.0056,-0.50%,195389,365536
E6U15,2015-09-03,1.1226,1.1245,1.1088,1.1117,-0.0123,-1.09%,319251,374576
E6U15,2015-09-04,1.112,1.12,1.109,1.115,0.0033,+0.30%,270180,373353
E6U15,2015-09-08,1.116,1.1231,1.1122,1.1186,0.0036,+0.32%,394601,383187
E6U15,2015-09-09,1.1204,1.1217,1.1132,1.1197,0.0011,+0.10%,436266,383693
E6Z15,2015-09-10,1.1229,1.1313,1.1189,1.1302,0.0105,+0.94%,561603,395431
E6Z15,2015-09-11,1.1295,1.1368,1.1272,1.1353,0.0051,+0.45%,338144,382562
E6Z15,2015-09-14,1.1354,1.1391,1.1302,1.1332,-0.0021,-0.18%,156237,313196
E6Z15,2015-09-15,1.1333,1.1348,1.1276,1.129,-0.0042,-0.37%,154001,311366
E6Z15,2015-09-16,1.1282,1.1339,1.1232,1.1294,0.0004,+0.04%,178680,313513
E6Z15,2015-09-17,1.1307,1.1457,1.1302,1.1413,0.0119,+1.05%,273743,319163
E6Z15,2015-09-18,1.1433,1.1476,1.1285,1.1368,-0.0045,-0.39%,234105,314693
E6Z15,2015-09-21,1.1304,1.1347,1.1197,1.1206,-0.0162,-1.43%,200693,312805
E6Z15,2015-09-22,1.1205,1.1223,1.1128,1.1147,-0.0059,-0.53%,198670,315450
E6Z15,2015-09-23,1.114,1.1229,1.112,1.1222,0.0075,+0.67%,223718,321105
E6Z15,2015-09-24,1.1201,1.1311,1.1179,1.1234,0.0012,+0.11%,244991,319548
E6Z15,2015-09-25,1.1192,1.1227,1.113,1.1203,-0.0031,-0.28%,216879,321244
E6Z15,2015-09-28,1.1206,1.1262,1.116,1.1244,0.0041,+0.37%,193597,322604
E6Z15,2015-09-29,1.1256,1.1295,1.1207,1.1272,0.0028,+0.25%,210149,322721
E6Z15,2015-09-30,1.1263,1.1275,1.1171,1.1179,-0.0093,-0.83%,203088,323668
E6Z15,2015-10-01,1.1185,1.1223,1.1148,1.1196,0.0017,+0.15%,167703,326222
E6Z15,2015-10-02,1.12,1.1331,1.1162,1.1241,0.0045,+0.40%,297444,329264
E6Z15,2015-10-05,1.1228,1.1301,1.1185,1.1192,-0.0049,-0.44%,168103,328146
E6Z15,2015-10-06,1.1197,1.1292,1.1184,1.1284,0.0092,+0.82%,160191,337606
E6Z15,2015-10-07,1.128,1.1296,1.1222,1.1263,-0.0021,-0.19%,185169,336051
E6Z15,2015-10-08,1.125,1.1338,1.1245,1.1284,0.0021,+0.19%,222256,339584
E6Z15,2015-10-09,1.129,1.1398,1.1278,1.1377,0.0093,+0.82%,210417,345780
E6Z15,2015-10-12,1.1373,1.1408,1.1365,1.1388,0.0011,+0.10%,77691,345363
E6Z15,2015-10-13,1.1367,1.1422,1.1355,1.1395,0.0007,+0.06%,161812,349720
E6Z15,2015-10-14,1.1393,1.15,1.139,1.1489,0.0094,+0.82%,200785,359408
E6Z15,2015-10-15,1.1492,1.1505,1.1372,1.1394,-0.0095,-0.83%,236004,356426
E6Z15,2015-10-16,1.1389,1.1405,1.1344,1.1386,-0.0008,-0.07%,145492,356829
E6Z15,2015-10-19,1.1369,1.1388,1.1314,1.1336,-0.005,-0.44%,134482,355376
E6Z15,2015-10-20,1.1339,1.1397,1.1333,1.1346,0.001,+0.09%,137543,357133
E6Z15,2015-10-21,1.1355,1.1386,1.1343,1.1346,0,0.00%,117529,358650
E6Z15,2015-10-22,1.1347,1.136,1.1109,1.1117,-0.0229,-2.02%,393383,370514
E6Z15,2015-10-23,1.1113,1.1148,1.1004,1.1012,-0.0105,-0.94%,291261,377148
E6Z15,2015-10-26,1.1013,1.1076,1.1011,1.1053,0.0041,+0.37%,177164,380057
E6Z15,2015-10-27,1.106,1.1086,1.1037,1.105,-0.0003,-0.03%,160279,380564
E6Z15,2015-10-28,1.1051,1.1104,1.0904,1.0909,-0.0141,-1.28%,293073,385246
E6Z15,2015-10-29,1.0932,1.0992,1.0908,1.0981,0.0072,+0.66%,237827,391758
E6Z15,2015-10-30,1.0992,1.1079,1.0972,1.1009,0.0028,+0.25%,279586,394779
E6Z15,2015-11-02,1.1037,1.1059,1.1006,1.1017,0.0008,+0.07%,142335,403184
E6Z15,2015-11-03,1.1018,1.1036,1.0942,1.097,-0.0047,-0.43%,170464,405462
E6Z15,2015-11-04,1.0967,1.0974,1.0849,1.0865,-0.0105,-0.96%,258156,416465
E6Z15,2015-11-05,1.0872,1.0903,1.0839,1.0891,0.0026,+0.24%,217504,417561
E6Z15,2015-11-06,1.0887,1.09,1.071,1.075,-0.0141,-1.29%,305524,418128
E6Z15,2015-11-09,1.0735,1.0795,1.0723,1.0762,0.0012,+0.11%,205259,418182
E6Z15,2015-11-10,1.0758,1.0769,1.0679,1.0711,-0.0051,-0.47%,195091,421967
E6Z15,2015-11-11,1.0727,1.0778,1.071,1.0734,0.0023,+0.21%,175077,421863
E6Z15,2015-11-12,1.0761,1.0835,1.0695,1.0798,0.0064,+0.60%,284411,428907
E6Z15,2015-11-13,1.0809,1.0821,1.0718,1.0741,-0.0057,-0.53%,231924,436349
E6Z15,2015-11-16,1.074,1.0762,1.0678,1.0681,-0.006,-0.56%,180546,436319
E6Z15,2015-11-17,1.0687,1.0695,1.0634,1.0652,-0.0029,-0.27%,187123,436801
E6Z15,2015-11-18,1.0648,1.0696,1.062,1.065,-0.0002,-0.02%,199346,439498
E6Z15,2015-11-19,1.0662,1.0767,1.0662,1.0736,0.0086,+0.81%,256133,438503
E6Z15,2015-11-20,1.0731,1.0737,1.0643,1.0656,-0.008,-0.75%,222236,446991
E6Z15,2015-11-23,1.0644,1.066,1.0596,1.0627,-0.0029,-0.27%,212729,447314
E6Z15,2015-11-24,1.0636,1.0677,1.0622,1.0659,0.0032,+0.30%,195990,444626
E6Z15,2015-11-25,1.0647,1.0693,1.0568,1.0619,-0.004,-0.38%,253653,449577
E6Z15,2015-11-27,1.0622,1.0641,1.057,1.0602,-0.0017,-0.16%,163314,457296
E6Z15,2015-11-30,1.0592,1.0598,1.056,1.0576,-0.0026,-0.25%,186175,460018
E6Z15,2015-12-01,1.0572,1.064,1.0566,1.0634,0.0058,+0.55%,229534,462447
E6Z15,2015-12-02,1.0627,1.0634,1.0553,1.0619,-0.0015,-0.14%,272523,466577
E6Z15,2015-12-03,1.0609,1.0984,1.049,1.0974,0.0355,+3.34%,799551,465098
E6Z15,2015-12-04,1.0933,1.0959,1.0837,1.0875,-0.0099,-0.90%,477939,450095
E6Z15,2015-12-07,1.0875,1.0889,1.0797,1.0847,-0.0028,-0.26%,293853,452513
E6Z15,2015-12-08,1.0833,1.0904,1.0831,1.0889,0.0042,+0.39%,313063,474921
E6Z15,2015-12-09,1.0895,1.1044,1.088,1.1027,0.0138,+1.27%,678494,533377
E6H16,2015-12-10,1.1047,1.1048,1.0954,1.0965,-0.0062,-0.56%,631420,485379
E6H16,2015-12-11,1.097,1.106,1.0954,1.102,0.0055,+0.50%,397776,475464
E6H16,2015-12-14,1.1001,1.1077,1.0973,1.1027,0.0007,+0.06%,225467,408083
E6H16,2015-12-15,1.1027,1.1088,1.0933,1.0946,-0.0081,-0.73%,221183,404837
E6H16,2015-12-16,1.096,1.104,1.0915,1.1008,0.0062,+0.57%,292568,401523
E6H16,2015-12-17,1.0922,1.0922,1.0828,1.083,-0.0178,-1.62%,226617,404955
E6H16,2015-12-18,1.086,1.09,1.083,1.0891,0.0061,+0.56%,192607,407063
E6H16,2015-12-21,1.0887,1.0965,1.0874,1.0952,0.0061,+0.56%,135187,406749
E6H16,2015-12-22,1.0938,1.1011,1.0928,1.0979,0.0027,+0.25%,139941,406533
E6H16,2015-12-23,1.0979,1.098,1.0893,1.0936,-0.0043,-0.39%,119730,403893
E6H16,2015-12-24,1.0932,1.0991,1.0928,1.0976,0.004,+0.37%,51459,403171
E6H16,2015-12-28,1.0986,1.1016,1.0978,1.0999,0.0023,+0.21%,71729,401139
E6H16,2015-12-29,1.0996,1.1014,1.0921,1.0961,-0.0038,-0.35%,111591,400497
E6H16,2015-12-30,1.0945,1.0964,1.0922,1.0944,-0.0017,-0.16%,97272,399201
E6H16,2015-12-31,1.0948,1.0958,1.0871,1.0886,-0.0058,-0.53%,85799,400209
E6H16,2016-01-04,1.0884,1.0966,1.0799,1.0846,-0.004,-0.37%,257993,406223
E6H16,2016-01-05,1.0849,1.0857,1.0728,1.0763,-0.0083,-0.77%,188488,407105
E6H16,2016-01-06,1.077,1.0818,1.0732,1.0806,0.0043,+0.40%,190671,405200
E6H16,2016-01-07,1.0796,1.0959,1.0788,1.0952,0.0146,+1.35%,289584,405246
E6H16,2016-01-08,1.0941,1.095,1.0812,1.092,-0.0032,-0.29%,291494,401735
E6H16,2016-01-11,1.096,1.09875,1.0865,1.08895,-0.00305,-0.28%,164375,399256
E6H16,2016-01-12,1.08785,1.09175,1.08365,1.08715,-0.0018,-0.17%,163089,398570
E6H16,2016-01-13,1.08665,1.0905,1.0821,1.0894,0.00225,+0.21%,180112,401015
E6H16,2016-01-14,1.08965,1.09595,1.085,1.0878,-0.0016,-0.15%,229282,398883
E6H16,2016-01-15,1.088,1.10005,1.087,1.09245,0.00465,+0.43%,273871,403803
E6H16,2016-01-19,1.093,1.0954,1.08745,1.09395,0.0015,+0.14%,226336,400362
E6H16,2016-01-20,1.09285,1.0991,1.08915,1.0906,-0.00335,-0.31%,202217,399620
E6H16,2016-01-21,1.0904,1.09355,1.0789,1.08905,-0.00155,-0.14%,307957,398867
E6H16,2016-01-22,1.0885,1.089,1.0801,1.08035,-0.0087,-0.80%,180899,399086
E6H16,2016-01-25,1.08075,1.087,1.0802,1.0849,0.00455,+0.42%,107353,398985
E6H16,2016-01-26,1.08625,1.0887,1.0831,1.0865,0.0016,+0.15%,156439,402227
E6H16,2016-01-27,1.08795,1.093,1.0863,1.09175,0.00525,+0.48%,193160,405465
E6H16,2016-01-28,1.09145,1.098,1.0881,1.0967,0.00495,+0.45%,194793,414727
E6H16,2016-01-29,1.09495,1.096,1.0821,1.08385,-0.01285,-1.17%,279027,403675
E6H16,2016-02-01,1.0841,1.09245,1.0825,1.09035,0.0065,+0.60%,164654,403012
E6H16,2016-02-02,1.0898,1.0951,1.08965,1.0927,0.00235,+0.22%,153371,403939
E6H16,2016-02-03,1.09355,1.11565,1.0914,1.1103,0.0176,+1.61%,343042,421700
E6H16,2016-02-04,1.1096,1.125,1.10795,1.1222,0.0119,+1.07%,310667,433354
E6H16,2016-02-05,1.12125,1.127,1.11185,1.11545,-0.00675,-0.60%,283426,435553
E6H16,2016-02-08,1.1157,1.1226,1.1096,1.12215,0.0067,+0.60%,217022,436388
E6H16,2016-02-09,1.12085,1.13485,1.1172,1.1296,0.00745,+0.66%,283008,441228
E6H16,2016-02-10,1.12965,1.13205,1.117,1.12895,-0.00065,-0.06%,268736,437454
E6H16,2016-02-11,1.1289,1.13855,1.12825,1.1332,0.00425,+0.38%,341116,434937
E6H16,2016-02-12,1.1324,1.1342,1.1222,1.1264,-0.0068,-0.60%,220486,432754
E6H16,2016-02-16,1.1252,1.12535,1.11315,1.11515,-0.01125,-1.00%,254828,429997
E6H16,2016-02-17,1.1148,1.11865,1.1113,1.1146,-0.00055,-0.05%,174267,426303
E6H16,2016-02-18,1.11355,1.1156,1.10765,1.11035,-0.00425,-0.38%,181221,423549
E6H16,2016-02-19,1.11165,1.1145,1.1065,1.11415,0.0038,+0.34%,172766,425006
E6H16,2016-02-22,1.1122,1.1131,1.10085,1.1031,-0.01105,-0.99%,159126,420374
E6H16,2016-02-23,1.10325,1.10585,1.09955,1.10145,-0.00165,-0.15%,161172,422624
E6H16,2016-02-24,1.10245,1.1052,1.0962,1.1019,0.00045,+0.04%,250846,421372
E6H16,2016-02-25,1.10215,1.10545,1.09915,1.1045,0.0026,+0.24%,172945,422847
E6H16,2016-02-26,1.1024,1.10725,1.09155,1.09315,-0.01135,-1.03%,244686,418925
E6H16,2016-02-29,1.0923,1.09665,1.08625,1.0885,-0.00465,-0.43%,202237,420569
E6H16,2016-03-01,1.08865,1.08975,1.08375,1.08695,-0.00155,-0.14%,199402,417624
E6H16,2016-03-02,1.08715,1.0884,1.08285,1.0867,-0.00025,-0.02%,168646,419701
E6H16,2016-03-03,1.087,1.09755,1.0856,1.09585,0.00915,+0.84%,192428,420823
E6H16,2016-03-04,1.09535,1.1046,1.0905,1.10005,0.0042,+0.38%,358688,418648
E6H16,2016-03-07,1.09955,1.1028,1.09415,1.10185,0.0018,+0.16%,196100,422627
E6H16,2016-03-08,1.1018,1.106,1.0994,1.1005,-0.00135,-0.12%,308181,433221
E6H16,2016-03-09,1.1008,1.10365,1.09465,1.1004,-0.0001,-0.01%,506882,431590
E6H16,2016-03-10,1.09985,1.12195,1.08225,1.12005,0.01965,+1.79%,892288,435982
E6M16,2016-03-11,1.1212,1.1241,1.11115,1.11875,-0.0013,-0.12%,415387,438650
E6M16,2016-03-14,1.11785,1.12065,1.11085,1.1124,-0.00635,-0.57%,156233,322321
E6M16,2016-03-15,1.1134,1.11555,1.11025,1.11385,0.00145,+0.13%,133029,322405
E6M16,2016-03-16,1.1136,1.12735,1.1088,1.12245,0.0086,+0.77%,229982,324288
E6M16,2016-03-17,1.12435,1.13715,1.12335,1.13475,0.0123,+1.10%,255779,327528
E6M16,2016-03-18,1.1344,1.1365,1.1284,1.1296,-0.00515,-0.45%,153941,324785
E6M16,2016-03-21,1.12975,1.1313,1.1262,1.128,-0.0016,-0.14%,118337,326023
E6M16,2016-03-22,1.12685,1.12885,1.1216,1.12465,-0.00335,-0.30%,157643,324310
E6M16,2016-03-23,1.1242,1.125,1.1185,1.1208,-0.00385,-0.34%,133689,323318
E6M16,2016-03-24,1.1208,1.12135,1.11695,1.1197,-0.0011,-0.10%,117593,322505
E6M16,2016-03-28,1.1186,1.1246,1.11785,1.12275,0.00305,+0.27%,72760,324281
E6M16,2016-03-29,1.12225,1.13295,1.11945,1.1322,0.00945,+0.84%,231638,330090
E6M16,2016-03-30,1.1317,1.13915,1.1311,1.136,0.0038,+0.34%,214373,335897
E6M16,2016-03-31,1.136,1.1438,1.13345,1.1412,0.0052,+0.46%,231738,342541
E6M16,2016-04-01,1.14045,1.14625,1.13585,1.14165,0.00045,+0.04%,277227,338713
E6M16,2016-04-04,1.142,1.14375,1.13805,1.14195,0.0003,+0.03%,132216,338403
E6M16,2016-04-05,1.1414,1.1429,1.13585,1.14085,-0.0011,-0.10%,182370,338533
E6M16,2016-04-06,1.1406,1.14545,1.1349,1.1429,0.00205,+0.18%,228597,342066
E6M16,2016-04-07,1.1417,1.1476,1.1358,1.14005,-0.00285,-0.25%,225902,340244
E6M16,2016-04-08,1.1394,1.144,1.137,1.1419,0.00185,+0.16%,157768,337610
E6M16,2016-04-11,1.143,1.1469,1.13925,1.1433,0.0014,+0.12%,148184,336225
E6M16,2016-04-12,1.1426,1.1486,1.13665,1.14175,-0.00155,-0.14%,183012,333535
E6M16,2016-04-13,1.1405,1.14115,1.1288,1.13035,-0.0114,-1.00%,198527,335043
E6M16,2016-04-14,1.1295,1.13145,1.1253,1.12855,-0.0018,-0.16%,150935,337667
E6M16,2016-04-15,1.12775,1.1336,1.1264,1.13045,0.0019,+0.17%,132091,340619
E6M16,2016-04-18,1.1313,1.1351,1.12925,1.1332,0.00275,+0.24%,102640,343615
E6M16,2016-04-19,1.1333,1.14035,1.13215,1.1393,0.0061,+0.54%,146446,345563
E6M16,2016-04-20,1.1375,1.1406,1.1308,1.1319,-0.0074,-0.65%,144775,340151
E6M16,2016-04-21,1.13165,1.1417,1.12865,1.13115,-0.00075,-0.07%,255970,342987
E6M16,2016-04-22,1.1301,1.1325,1.1234,1.12445,-0.0067,-0.59%,152453,340129
E6M16,2016-04-25,1.12405,1.12945,1.1236,1.1276,0.00315,+0.28%,109530,338309
E6M16,2016-04-26,1.1283,1.13565,1.12715,1.13055,0.00295,+0.26%,163831,340200
E6M16,2016-04-27,1.1314,1.1378,1.12865,1.1341,0.00355,+0.31%,180985,340615
E6M16,2016-04-28,1.13385,1.13825,1.131,1.1364,0.0023,+0.20%,170714,342825
E6M16,2016-04-29,1.13655,1.1475,1.13625,1.1465,0.0101,+0.89%,243895,362767
E6M16,2016-05-02,1.14735,1.15515,1.1462,1.1537,0.0072,+0.63%,148550,363360
E6M16,2016-05-03,1.15425,1.16305,1.1509,1.15205,-0.00165,-0.14%,231687,360461
E6M16,2016-05-04,1.15135,1.15435,1.14795,1.15145,-0.0006,-0.05%,196185,367303
E6M16,2016-05-05,1.14985,1.15065,1.1398,1.1411,-0.01035,-0.90%,171947,356693
E6M16,2016-05-06,1.1417,1.1498,1.13985,1.141,-0.0001,-0.01%,189125,349144
E6M16,2016-05-09,1.141,1.1432,1.1387,1.13995,-0.00105,-0.09%,119059,346601
E6M16,2016-05-10,1.1392,1.14215,1.137,1.13805,-0.0019,-0.17%,126161,344978
E6M16,2016-05-11,1.1383,1.14575,1.13795,1.14365,0.0056,+0.49%,118796,347860
E6M16,2016-05-12,1.1436,1.14395,1.1379,1.13845,-0.0052,-0.45%,130348,344380
E6M16,2016-05-13,1.1385,1.13895,1.1292,1.13165,-0.0068,-0.60%,177306,347324
E6M16,2016-05-16,1.13115,1.13515,1.13105,1.1327,0.00105,+0.09%,85481,344480
E6M16,2016-05-17,1.1326,1.1358,1.1305,1.1326,-0.0001,-0.01%,128544,349559
E6M16,2016-05-18,1.13215,1.13245,1.12225,1.12375,-0.00885,-0.78%,183591,354381
E6M16,2016-05-19,1.1226,1.1237,1.1187,1.1208,-0.00295,-0.26%,168461,354135
E6M16,2016-05-20,1.1208,1.1244,1.1203,1.12255,0.00175,+0.16%,107181,352975
E6M16,2016-05-23,1.12235,1.1249,1.1194,1.12265,0.0001,+0.01%,112449,349858
E6M16,2016-05-24,1.12265,1.12335,1.1139,1.1152,-0.00745,-0.66%,158929,350242
E6M16,2016-05-25,1.1144,1.1173,1.11345,1.1168,0.0016,+0.14%,124177,350903
E6M16,2016-05-26,1.11615,1.1222,1.11545,1.1195,0.0027,+0.24%,154621,349929
E6M16,2016-05-27,1.1197,1.12055,1.11155,1.11435,-0.00515,-0.46%,140774,351706
E6M16,2016-05-31,1.1118,1.1178,1.11025,1.113,-0.00135,-0.12%,219220,356178
E6M16,2016-06-01,1.11345,1.1198,1.1118,1.11865,0.00565,+0.51%,193419,357846
E6M16,2016-06-02,1.11905,1.12235,1.11485,1.1153,-0.00335,-0.30%,176127,359424
E6M16,2016-06-03,1.1156,1.1377,1.11395,1.1348,0.0195,+1.75%,297699,355720
E6M16,2016-06-06,1.13675,1.1395,1.1328,1.1376,0.0028,+0.25%,247662,365647
E6M16,2016-06-07,1.13595,1.13825,1.13405,1.13645,-0.00115,-0.10%,249930,386010
E6M16,2016-06-08,1.13585,1.1413,1.13565,1.1399,0.00345,+0.30%,371691,405221
E6U16,2016-06-09,1.14375,1.14535,1.1344,1.1369,-0.003,-0.26%,453693,391559
E6U16,2016-06-10,1.1352,1.13595,1.1283,1.1298,-0.0071,-0.62%,375249,379556
E6U16,2016-06-13,1.1285,1.13415,1.1269,1.1332,0.0034,+0.30%,152760,322191
E6U16,2016-06-14,1.1326,1.1336,1.1227,1.1242,-0.009,-0.79%,176793,325402
E6U16,2016-06-15,1.12445,1.1338,1.1228,1.13025,0.00605,+0.54%,167521,328448
E6U16,2016-06-16,1.1299,1.13325,1.1169,1.12755,-0.0027,-0.24%,253119,330101
E6U16,2016-06-17,1.12675,1.13335,1.1259,1.1307,0.00315,+0.28%,150202,323796
E6U16,2016-06-20,1.13535,1.14195,1.1338,1.13515,0.00445,+0.39%,142734,320029
E6U16,2016-06-21,1.1348,1.1386,1.12755,1.1294,-0.00575,-0.51%,148058,317400
E6U16,2016-06-22,1.12835,1.1375,1.1272,1.1346,0.0052,+0.46%,129818,315188
E6U16,2016-06-23,1.1372,1.14575,1.13525,1.13905,0.00445,+0.39%,159819,316083
E6U16,2016-06-24,1.145,1.1455,1.0947,1.11555,-0.0235,-2.06%,390719,322541
E6U16,2016-06-27,1.1087,1.11165,1.10035,1.1036,-0.01195,-1.07%,218952,331107
E6U16,2016-06-28,1.10555,1.1144,1.10435,1.10795,0.00435,+0.39%,151031,337273
E6U16,2016-06-29,1.1113,1.1162,1.1081,1.1138,0.00585,+0.53%,157201,339831
E6U16,2016-06-30,1.11535,1.11845,1.1052,1.11075,-0.00305,-0.27%,221378,343973
E6U16,2016-07-01,1.11325,1.11995,1.1102,1.1165,0.00575,+0.52%,130421,350402
E6U16,2016-07-05,1.1165,1.1216,1.10915,1.11005,-0.00645,-0.58%,183132,362649
E6U16,2016-07-06,1.10955,1.1143,1.10595,1.1134,0.00335,+0.30%,145284,368176
E6U16,2016-07-07,1.11265,1.11375,1.1081,1.1084,-0.005,-0.45%,106530,373118
E6U16,2016-07-08,1.109,1.11495,1.10295,1.10775,-0.00065,-0.06%,175349,373787
E6U16,2016-07-11,1.10795,1.11035,1.1043,1.1085,0.00075,+0.07%,98862,374425
E6U16,2016-07-12,1.1088,1.1155,1.108,1.1096,0.0011,+0.10%,144513,370372
E6U16,2016-07-13,1.109,1.1148,1.10695,1.11355,0.00395,+0.36%,129021,370258
E6U16,2016-07-14,1.1121,1.1192,1.1115,1.11485,0.0013,+0.12%,140341,368368
E6U16,2016-07-15,1.1141,1.11765,1.1052,1.10885,-0.006,-0.54%,142499,377323
E6U16,2016-07-18,1.10795,1.11125,1.10645,1.1096,0.00075,+0.07%,87302,377406
E6U16,2016-07-19,1.11005,1.11075,1.10255,1.10415,-0.00545,-0.49%,147608,388905
E6U16,2016-07-20,1.10445,1.10565,1.10065,1.103,-0.00115,-0.10%,125207,389382
E6U16,2016-07-21,1.10355,1.10855,1.10045,1.10385,0.00085,+0.08%,172315,391620
E6U16,2016-07-22,1.1049,1.1066,1.09795,1.09865,-0.0052,-0.47%,124566,397438
E6U16,2016-07-25,1.09955,1.10235,1.0976,1.1014,0.00275,+0.25%,88562,398237
E6U16,2016-07-26,1.1016,1.10545,1.1003,1.1011,-0.0003,-0.03%,105002,400035
E6U16,2016-07-27,1.10075,1.1089,1.0984,1.1043,0.0032,+0.29%,150667,397715
E6U16,2016-07-28,1.1076,1.1143,1.1075,1.10955,0.00525,+0.48%,143834,389212
E6U16,2016-07-29,1.10975,1.1219,1.1093,1.12015,0.0106,+0.96%,193224,387038
E6U16,2016-08-01,1.12055,1.1206,1.1177,1.1191,-0.00105,-0.09%,99886,380915
E6U16,2016-08-02,1.1185,1.12555,1.11835,1.1248,0.0057,+0.51%,131168,378500
E6U16,2016-08-03,1.12435,1.1245,1.1162,1.1167,-0.0081,-0.72%,117485,370791
E6U16,2016-08-04,1.1169,1.1176,1.11335,1.11495,-0.00175,-0.16%,108770,366581
E6U16,2016-08-05,1.1146,1.11805,1.1064,1.11095,-0.004,-0.36%,162930,372779
E6U16,2016-08-08,1.11035,1.11235,1.10905,1.11005,-0.0009,-0.08%,71350,369437
E6U16,2016-08-09,1.1105,1.11405,1.10885,1.11255,0.0025,+0.23%,104195,368693
E6U16,2016-08-10,1.1132,1.12075,1.11315,1.11915,0.0066,+0.59%,141974,367804
E6U16,2016-08-11,1.11985,1.12085,1.1151,1.1159,-0.00325,-0.29%,103915,367132
E6U16,2016-08-12,1.11545,1.1237,1.11465,1.11775,0.00185,+0.17%,140494,367040
E6U16,2016-08-15,1.11845,1.1219,1.1168,1.11965,0.0019,+0.17%,67513,366425
E6U16,2016-08-16,1.1197,1.13375,1.1192,1.12905,0.0094,+0.84%,211258,366037
E6U16,2016-08-17,1.129,1.13305,1.12535,1.1304,0.00135,+0.12%,140841,364484
E6U16,2016-08-18,1.1301,1.138,1.13,1.1367,0.0063,+0.56%,160940,365299
E6U16,2016-08-19,1.13655,1.1373,1.13165,1.13355,-0.00315,-0.28%,124614,364362
E6U16,2016-08-22,1.1326,1.1343,1.12825,1.13365,0.0001,+0.01%,104848,365989
E6U16,2016-08-23,1.1333,1.13665,1.1315,1.13175,-0.0019,-0.17%,109139,364044
E6U16,2016-08-24,1.1318,1.13225,1.12565,1.12735,-0.0044,-0.39%,122756,361524
E6U16,2016-08-25,1.1274,1.1308,1.12695,1.1289,0.00155,+0.14%,104929,362643
E6U16,2016-08-26,1.1295,1.1352,1.11895,1.11965,-0.00925,-0.82%,264496,363088
E6U16,2016-08-29,1.11965,1.1217,1.1167,1.11955,-0.0001,-0.01%,117385,361530
E6U16,2016-08-30,1.11945,1.12005,1.11405,1.11495,-0.0046,-0.41%,131132,364843
E6U16,2016-08-31,1.1151,1.1173,1.1131,1.11665,0.0017,+0.15%,152613,363967
E6U16,2016-09-01,1.1165,1.1211,1.1133,1.12045,0.0038,+0.34%,178068,361446
E6U16,2016-09-02,1.12025,1.12605,1.114,1.1165,-0.00395,-0.35%,206479,364663
E6U16,2016-09-06,1.1159,1.1268,1.11435,1.12595,0.00945,+0.85%,302293,375985
E6U16,2016-09-07,1.12555,1.1276,1.1233,1.1248,-0.00115,-0.10%,156959,377462
E6U16,2016-09-08,1.1243,1.1331,1.1237,1.1262,0.0014,+0.12%,289799,373768
E6U16,2016-09-09,1.1268,1.12875,1.1201,1.1231,-0.0031,-0.28%,215793,368168
E6U16,2016-09-12,1.12375,1.1273,1.1213,1.1245,0.0014,+0.12%,231756,365666
E6U16,2016-09-13,1.1237,1.12625,1.1206,1.12105,-0.00345,-0.31%,326428,379624
E6U16,2016-09-14,1.1219,1.12765,1.1215,1.1252,0.00415,+0.37%,483309,380257
E6Z16,2016-09-15,1.1293,1.13415,1.1261,1.1285,0.0033,+0.29%,402672,365105
E6Z16,2016-09-16,1.1287,1.12925,1.11915,1.1193,-0.0092,-0.82%,278606,380380
E6Z16,2016-09-19,1.11955,1.124,1.11925,1.1219,0.0026,+0.23%,116943,323157
E6Z16,2016-09-20,1.1218,1.1255,1.1191,1.11985,-0.00205,-0.18%,131522,324525
E6Z16,2016-09-21,1.11935,1.1238,1.1164,1.12175,0.0019,+0.17%,183666,326480
E6Z16,2016-09-22,1.1232,1.12985,1.1224,1.1241,0.00235,+0.21%,165478,320625
E6Z16,2016-09-23,1.1248,1.128,1.12325,1.12715,0.00305,+0.27%,130211,319665
E6Z16,2016-09-26,1.1266,1.132,1.12605,1.12955,0.0024,+0.21%,123866,324308
E6Z16,2016-09-27,1.12925,1.13,1.12315,1.1262,-0.00335,-0.30%,173319,328490
E6Z16,2016-09-28,1.12595,1.1277,1.12215,1.12545,-0.00075,-0.07%,153982,327820
E6Z16,2016-09-29,1.1256,1.12875,1.1233,1.1252,-0.00025,-0.02%,156604,329598
E6Z16,2016-09-30,1.12535,1.12905,1.11915,1.1277,0.0025,+0.22%,254699,338840
E6Z16,2016-10-03,1.12765,1.1285,1.1243,1.1255,-0.0022,-0.20%,107331,340892
E6Z16,2016-10-04,1.125,1.12755,1.11735,1.1232,-0.0023,-0.20%,257756,347643
E6Z16,2016-10-05,1.1242,1.12675,1.12235,1.1247,0.0015,+0.13%,150037,347242
E6Z16,2016-10-06,1.1241,1.12445,1.1171,1.11725,-0.00745,-0.66%,161154,362635
E6Z16,2016-10-07,1.1178,1.12365,1.11355,1.12105,0.0038,+0.34%,245520,362514
E6Z16,2016-10-10,1.1221,1.12315,1.1162,1.1169,-0.00415,-0.37%,89030,359540
E6Z16,2016-10-11,1.1169,1.1173,1.1078,1.108,-0.0089,-0.80%,186929,378774
E6Z16,2016-10-12,1.10855,1.10985,1.10335,1.10405,-0.00395,-0.36%,191551,384125
E6Z16,2016-10-13,1.1035,1.10875,1.1014,1.1084,0.00435,+0.39%,185474,391240
E6Z16,2016-10-14,1.1082,1.10865,1.0998,1.10095,-0.00745,-0.67%,168805,399559
E6Z16,2016-10-17,1.09985,1.1037,1.0992,1.1025,0.00155,+0.14%,110871,402613
E6Z16,2016-10-18,1.1026,1.1054,1.0997,1.1005,-0.002,-0.18%,132767,413183
E6Z16,2016-10-19,1.1005,1.10315,1.0981,1.09935,-0.00115,-0.10%,119103,416609
E6Z16,2016-10-20,1.09985,1.1065,1.09405,1.0951,-0.00425,-0.39%,210681,427194
E6Z16,2016-10-21,1.0952,1.09545,1.08835,1.08985,-0.00525,-0.48%,152441,432640
E6Z16,2016-10-24,1.0903,1.09245,1.0884,1.09015,0.0003,+0.03%,115926,440292
E6Z16,2016-10-25,1.0898,1.0929,1.0875,1.09135,0.0012,+0.11%,154721,448471
E6Z16,2016-10-26,1.09125,1.097,1.0898,1.09315,0.0018,+0.16%,162076,454348
E6Z16,2016-10-27,1.0931,1.09645,1.09045,1.0925,-0.00065,-0.06%,152313,456244
E6Z16,2016-10-28,1.0919,1.1014,1.09145,1.10025,0.00775,+0.71%,179699,454704
E6Z16,2016-10-31,1.1003,1.10165,1.0958,1.0987,-0.00155,-0.14%,122794,455646
E6Z16,2016-11-01,1.0997,1.10905,1.09815,1.1082,0.0095,+0.86%,172800,444502
E6Z16,2016-11-02,1.10785,1.1143,1.10705,1.11155,0.00335,+0.30%,206899,434090
E6Z16,2016-11-03,1.11175,1.1145,1.1078,1.1124,0.00085,+0.08%,173023,432812
E6Z16,2016-11-04,1.11235,1.1163,1.10985,1.1138,0.0014,+0.13%,155774,424981
E6Z16,2016-11-07,1.11095,1.1129,1.10455,1.10565,-0.00815,-0.73%,153675,422313
E6Z16,2016-11-08,1.10615,1.10845,1.10265,1.1047,-0.00095,-0.09%,127514,418007
E6Z16,2016-11-09,1.103,1.1317,1.092,1.0946,-0.0101,-0.91%,467285,416848
E6Z16,2016-11-10,1.094,1.0969,1.0879,1.0906,-0.004,-0.37%,239847,413417
E6Z16,2016-11-11,1.0897,1.09375,1.0844,1.0859,-0.0047,-0.43%,188432,413826
E6Z16,2016-11-14,1.085,1.0856,1.07225,1.0739,-0.012,-1.11%,250712,414784
E6Z16,2016-11-15,1.07585,1.083,1.07275,1.073,-0.0009,-0.08%,216114,415752
E6Z16,2016-11-16,1.0735,1.0773,1.06795,1.06945,-0.00355,-0.33%,225469,417632
E6Z16,2016-11-17,1.07115,1.0757,1.0631,1.06385,-0.0056,-0.52%,228460,419865
E6Z16,2016-11-18,1.0637,1.0654,1.058,1.0611,-0.00275,-0.26%,248384,425482
E6Z16,2016-11-21,1.05985,1.06595,1.05895,1.062,0.0009,+0.08%,183447,428844
E6Z16,2016-11-22,1.064,1.06685,1.05935,1.06345,0.00145,+0.14%,179714,434768
E6Z16,2016-11-23,1.0635,1.0654,1.05365,1.0558,-0.00765,-0.72%,244983,447318
E6Z16,2016-11-25,1.056,1.06365,1.0527,1.06005,0.00425,+0.40%,250143,452459
E6Z16,2016-11-28,1.06085,1.06945,1.05725,1.06045,0.0004,+0.04%,213002,456976
E6Z16,2016-11-29,1.06185,1.0663,1.05735,1.0656,0.00515,+0.49%,198882,447190
E6Z16,2016-11-30,1.0656,1.06745,1.05595,1.06045,-0.00515,-0.48%,272226,450481
E6Z16,2016-12-01,1.06,1.0676,1.05905,1.06535,0.0049,+0.46%,237604,441052
E6Z16,2016-12-02,1.0667,1.0696,1.06305,1.06645,0.0011,+0.10%,199996,437731
E6Z16,2016-12-05,1.055,1.0802,1.051,1.07745,0.011,+1.03%,322164,436620
E6Z16,2016-12-06,1.0767,1.07905,1.0703,1.07215,-0.0053,-0.49%,231557,433237
E6Z16,2016-12-07,1.0724,1.0773,1.07145,1.07635,0.0042,+0.39%,152424,428348
E6Z16,2016-12-08,1.0762,1.0878,1.0601,1.0617,-0.01465,-1.36%,390913,428413
E6Z16,2016-12-09,1.0617,1.06335,1.05335,1.0557,-0.006,-0.57%,275036,418478
E6Z16,2016-12-12,1.0549,1.0655,1.0528,1.0633,0.0076,+0.72%,359705,428199
E6Z16,2016-12-13,1.0646,1.067,1.06065,1.0623,-0.001,-0.09%,320628,447679
E6Z16,2016-12-14,1.06285,1.06725,1.04985,1.05605,-0.00625,-0.59%,599527,462031
E6H17,2016-12-15,1.0572,1.05745,1.04125,1.04715,-0.0089,-0.84%,609477,471860
E6H17,2016-12-16,1.0469,1.0521,1.0447,1.04785,0.0007,+0.07%,289242,467126
E6H17,2016-12-19,1.0493,1.05255,1.0439,1.0449,-0.00295,-0.28%,154646,397705
E6H17,2016-12-20,1.0447,1.0464,1.0398,1.04355,-0.00135,-0.13%,148629,399589
E6H17,2016-12-21,1.0437,1.04965,1.0428,1.04715,0.0036,+0.34%,120418,400854
E6H17,2016-12-22,1.047,1.05435,1.04675,1.0479,0.00075,+0.07%,141463,401137
E6H17,2016-12-23,1.04785,1.0514,1.0471,1.0491,0.0012,+0.11%,71221,402981
E6H17,2016-12-27,1.04985,1.05085,1.0474,1.05015,0.00105,+0.10%,55741,405681
E6H17,2016-12-28,1.0501,1.0524,1.04205,1.0458,-0.00435,-0.41%,127433,409813
E6H17,2016-12-29,1.0457,1.05305,1.04505,1.0521,0.0063,+0.60%,140024,406623
E6H17,2016-12-30,1.0528,1.06935,1.052,1.0574,0.0053,+0.50%,176166,408748
E6H17,2017-01-03,1.05005,1.0524,1.03735,1.04455,-0.01285,-1.22%,244244,416239
E6H17,2017-01-04,1.0442,1.0532,1.0422,1.04985,0.0053,+0.51%,198660,419748
E6H17,2017-01-05,1.0516,1.0646,1.0511,1.0622,0.01235,+1.18%,282546,420112
E6H17,2017-01-06,1.06345,1.06595,1.0554,1.0561,-0.0061,-0.57%,216536,417976
E6H17,2017-01-09,1.056,1.0612,1.05395,1.06065,0.00455,+0.43%,151066,418295
E6H17,2017-01-10,1.061,1.06555,1.0579,1.05865,-0.002,-0.19%,168878,415212
E6H17,2017-01-11,1.0582,1.06505,1.04805,1.06035,0.0017,+0.16%,313274,417407
E6H17,2017-01-12,1.061,1.07105,1.05975,1.0651,0.00475,+0.45%,251933,414991
E6H17,2017-01-13,1.0636,1.07015,1.0621,1.0668,0.0017,+0.16%,186132,416274
E6H17,2017-01-17,1.065,1.0745,1.06035,1.0734,0.0066,+0.62%,314916,415090
E6H17,2017-01-18,1.0736,1.0737,1.06525,1.06915,-0.00425,-0.40%,167331,413236
E6H17,2017-01-19,1.0655,1.07,1.06115,1.0682,-0.00095,-0.09%,242202,413731
E6H17,2017-01-20,1.0683,1.07325,1.0647,1.073,0.0048,+0.45%,193471,418070
E6H17,2017-01-23,1.07275,1.07925,1.0725,1.0768,0.0038,+0.35%,196053,415990
E6H17,2017-01-24,1.079,1.07965,1.0741,1.0743,-0.0025,-0.23%,149267,414447
E6H17,2017-01-25,1.07515,1.079,1.07315,1.07615,0.00185,+0.17%,167139,414119
E6H17,2017-01-26,1.0768,1.07845,1.06765,1.07175,-0.0044,-0.41%,205369,405334
E6H17,2017-01-27,1.07,1.0744,1.0677,1.07175,0,0.00%,176350,404331
E6H17,2017-01-30,1.0729,1.07585,1.06375,1.0711,-0.00065,-0.06%,207093,400533
E6H17,2017-01-31,1.0717,1.0829,1.07015,1.0821,0.011,+1.03%,295952,405541
E6H17,2017-02-01,1.08135,1.0824,1.07465,1.0793,-0.0028,-0.26%,214274,403947
E6H17,2017-02-02,1.07835,1.0844,1.0771,1.07785,-0.00145,-0.13%,192147,404132
E6H17,2017-02-03,1.07775,1.08125,1.0725,1.07815,0.0003,+0.03%,208035,402161
E6H17,2017-02-06,1.0798,1.0803,1.07195,1.0762,-0.00195,-0.18%,152825,404216
E6H17,2017-02-07,1.0761,1.07635,1.06695,1.07085,-0.00535,-0.50%,178084,409178
E6H17,2017-02-08,1.0695,1.07275,1.0653,1.06985,-0.001,-0.09%,192097,402699
E6H17,2017-02-09,1.07055,1.0721,1.0662,1.067,-0.00285,-0.27%,170033,402740
E6H17,2017-02-10,1.06645,1.0679,1.06185,1.06425,-0.00275,-0.26%,177546,403278
E6H17,2017-02-13,1.06415,1.06695,1.06025,1.06095,-0.0033,-0.31%,138977,407912
E6H17,2017-02-14,1.06055,1.0644,1.0571,1.0583,-0.00265,-0.25%,203535,406350
E6H17,2017-02-15,1.05885,1.0619,1.0531,1.06,0.0017,+0.16%,213388,406182
E6H17,2017-02-16,1.06035,1.06885,1.0601,1.0685,0.0085,+0.80%,208753,411880
E6H17,2017-02-17,1.0679,1.06855,1.06135,1.06145,-0.00705,-0.66%,159957,412016
E6H17,2017-02-21,1.0628,1.06415,1.05335,1.0556,-0.00585,-0.55%,247580,417129
E6H17,2017-02-22,1.05425,1.05815,1.05015,1.05785,0.00225,+0.21%,243748,415010
E6H17,2017-02-23,1.05625,1.0602,1.05435,1.05785,0,0.00%,170769,416460
E6H17,2017-02-24,1.0584,1.0624,1.0562,1.05695,-0.0009,-0.09%,209872,421943
E6H17,2017-02-27,1.0565,1.0636,1.0557,1.05935,0.0024,+0.23%,175772,426509
E6H17,2017-02-28,1.05915,1.06355,1.05705,1.05975,0.0004,+0.04%,209651,431635
E6H17,2017-03-01,1.05765,1.05945,1.0518,1.0548,-0.00495,-0.47%,251691,432566
E6H17,2017-03-02,1.0551,1.05545,1.0498,1.05045,-0.00435,-0.41%,217329,439926
E6H17,2017-03-03,1.0508,1.0628,1.05055,1.06015,0.0097,+0.92%,318769,439069
E6H17,2017-03-06,1.06145,1.06425,1.0577,1.05895,-0.0012,-0.11%,262096,435763
E6H17,2017-03-07,1.0583,1.0605,1.056,1.05695,-0.002,-0.19%,296509,435309
E6H17,2017-03-08,1.05665,1.0576,1.05365,1.055,-0.00195,-0.18%,474391,453241
E6M17,2017-03-09,1.059,1.06655,1.0575,1.06425,0.00925,+0.88%,641308,442022
E6M17,2017-03-10,1.0623,1.07485,1.0614,1.07415,0.0099,+0.93%,514367,474582
E6M17,2017-03-13,1.0733,1.0763,1.07005,1.07085,-0.0033,-0.31%,173879,384080
E6M17,2017-03-14,1.07015,1.0711,1.0649,1.066,-0.00485,-0.45%,162155,381474
E6M17,2017-03-15,1.06575,1.07905,1.0654,1.0753,0.0093,+0.87%,231774,386072
E6M17,2017-03-16,1.07825,1.08195,1.07545,1.07975,0.00445,+0.41%,216130,391348
E6M17,2017-03-17,1.0819,1.0831,1.0777,1.07905,-0.0007,-0.06%,189593,398666
E6M17,2017-03-20,1.0789,1.0826,1.07735,1.0781,-0.00095,-0.09%,139661,397010
E6M17,2017-03-21,1.0786,1.0868,1.0767,1.08475,0.00665,+0.62%,241057,406717
E6M17,2017-03-22,1.08555,1.0872,1.08225,1.0844,-0.00035,-0.03%,201748,404450
E6M17,2017-03-23,1.084,1.08505,1.0814,1.08305,-0.00135,-0.12%,159031,405260
E6M17,2017-03-24,1.08285,1.08625,1.08055,1.08505,0.002,+0.18%,151782,406045
E6M17,2017-03-27,1.08725,1.0949,1.08725,1.0911,0.00605,+0.56%,193928,408852
E6M17,2017-03-28,1.0907,1.0915,1.0841,1.08505,-0.00605,-0.55%,168802,408853
E6M17,2017-03-29,1.0855,1.08685,1.07825,1.07995,-0.0051,-0.47%,203748,407486
E6M17,2017-03-30,1.08095,1.08095,1.071,1.07285,-0.0071,-0.66%,200466,404484
E6M17,2017-03-31,1.07205,1.07405,1.0689,1.0722,-0.00065,-0.06%,183997,400549
E6M17,2017-04-03,1.06985,1.0719,1.068,1.07045,-0.00175,-0.16%,147744,400092
E6M17,2017-04-04,1.0704,1.0714,1.0673,1.07055,0.0001,+0.01%,141982,397594
E6M17,2017-04-05,1.0715,1.07255,1.0668,1.07025,-0.0003,-0.03%,185898,398550
E6M17,2017-04-06,1.0699,1.07185,1.0664,1.0682,-0.00205,-0.19%,144177,400926
E6M17,2017-04-07,1.06765,1.0715,1.0615,1.06235,-0.00585,-0.55%,205500,413326
E6M17,2017-04-10,1.0615,1.06415,1.06045,1.06295,0.0006,+0.06%,133636,416158
E6M17,2017-04-11,1.0628,1.06645,1.0613,1.0642,0.00125,+0.12%,139516,420332
E6M17,2017-04-12,1.0637,1.0707,1.06205,1.0627,-0.0015,-0.14%,163202,421895
E6M17,2017-04-13,1.0698,1.07095,1.0641,1.0654,0.0027,+0.25%,148754,432294
E6M17,2017-04-17,1.0641,1.0703,1.0634,1.06745,0.00205,+0.19%,80483,429686
E6M17,2017-04-18,1.06755,1.07675,1.0669,1.07625,0.0088,+0.82%,183874,430589
E6M17,2017-04-19,1.0763,1.07675,1.07305,1.07505,-0.0012,-0.11%,130019,424790
E6M17,2017-04-20,1.0739,1.08065,1.07385,1.07495,-0.0001,-0.01%,163489,419766
E6M17,2017-04-21,1.0738,1.0767,1.07115,1.0724,-0.00255,-0.24%,160884,418056
E6M17,2017-04-24,1.0893,1.09285,1.08485,1.08865,0.01625,+1.52%,259751,416077
E6M17,2017-04-25,1.08955,1.0978,1.0879,1.09675,0.0081,+0.74%,240876,411006
E6M17,2017-04-26,1.09555,1.09785,1.08835,1.09255,-0.0042,-0.38%,243979,408426
E6M17,2017-04-27,1.0931,1.0959,1.0877,1.09085,-0.0017,-0.16%,250311,411126
E6M17,2017-04-28,1.0898,1.0973,1.0882,1.0921,0.00125,+0.11%,229280,412782
E6M17,2017-05-01,1.0921,1.09495,1.09095,1.0931,0.001,+0.09%,70935,413135
E6M17,2017-05-02,1.0924,1.0958,1.0913,1.0952,0.0021,+0.19%,126713,409936
E6M17,2017-05-03,1.09545,1.09615,1.09065,1.0928,-0.0024,-0.22%,146455,407425
E6M17,2017-05-04,1.09085,1.101,1.08975,1.1,0.0072,+0.66%,220508,413566
E6M17,2017-05-05,1.1004,1.10235,1.0968,1.1011,0.0011,+0.10%,183328,419626
E6M17,2017-05-08,1.10355,1.1036,1.09375,1.0954,-0.0057,-0.52%,180460,416836
E6M17,2017-05-09,1.0945,1.0954,1.0884,1.0889,-0.0065,-0.59%,202717,418301
E6M17,2017-05-10,1.08965,1.0918,1.0873,1.08815,-0.00075,-0.07%,149101,416523
E6M17,2017-05-11,1.08865,1.09115,1.0858,1.0885,0.00035,+0.03%,136733,415313
E6M17,2017-05-12,1.08795,1.0953,1.0874,1.0942,0.0057,+0.52%,177107,417572
E6M17,2017-05-15,1.095,1.1008,1.09405,1.09955,0.00535,+0.49%,134455,419084
E6M17,2017-05-16,1.09965,1.1115,1.09945,1.11125,0.0117,+1.06%,232950,431659
E6M17,2017-05-17,1.11,1.118,1.10975,1.1166,0.00535,+0.48%,247714,434109
E6M17,2017-05-18,1.1183,1.1188,1.10915,1.112,-0.0046,-0.41%,260177,435110
E6M17,2017-05-19,1.1116,1.12275,1.1114,1.12205,0.01005,+0.90%,201021,441719
E6M17,2017-05-22,1.12205,1.12785,1.1176,1.1251,0.00305,+0.27%,210745,444937
E6M17,2017-05-23,1.1253,1.12825,1.11895,1.11985,-0.00525,-0.47%,247607,449360
E6M17,2017-05-24,1.11965,1.12355,1.1182,1.1212,0.00135,+0.12%,198262,451299
E6M17,2017-05-25,1.1227,1.12625,1.1205,1.1216,0.0004,+0.04%,149869,448148
E6M17,2017-05-26,1.122,1.1246,1.11725,1.11895,-0.00265,-0.24%,166863,451353
E6M17,2017-05-30,1.1186,1.12165,1.112,1.1199,0.00095,+0.08%,265887,453280
E6M17,2017-05-31,1.11935,1.12625,1.1174,1.1256,0.0057,+0.51%,219427,451481
E6M17,2017-06-01,1.1251,1.12655,1.12095,1.12235,-0.00325,-0.29%,144892,442922
E6M17,2017-06-02,1.1222,1.1294,1.12125,1.12855,0.0062,+0.55%,187800,446930
E6M17,2017-06-05,1.12865,1.1291,1.12415,1.12645,-0.0021,-0.19%,116111,444809
E6M17,2017-06-06,1.1263,1.12915,1.1247,1.12755,0.0011,+0.10%,181566,447178
E6M17,2017-06-07,1.12845,1.12895,1.121,1.12605,-0.0015,-0.13%,312718,459525
E6M17,2017-06-08,1.12635,1.1274,1.11995,1.1228,-0.00325,-0.29%,261002,466405
E6M17,2017-06-09,1.1208,1.122,1.11705,1.1202,-0.0026,-0.23%,223533,458955
E6M17,2017-06-12,1.1209,1.12365,1.11955,1.1212,0.001,+0.09%,219566,463924
E6M17,2017-06-13,1.12075,1.12285,1.11885,1.12155,0.00035,+0.03%,275820,474300
E6M17,2017-06-14,1.1212,1.1299,1.1196,1.1219,0.00035,+0.03%,769288,507791
E6U17,2017-06-15,1.1275,1.12845,1.11875,1.12085,-0.00105,-0.09%,377171,518960
E6U17,2017-06-16,1.1201,1.1257,1.1193,1.12485,0.004,+0.36%,256788,530491
E6U17,2017-06-19,1.1255,1.12675,1.11975,1.1203,-0.00455,-0.40%,139860,374078
E6U17,2017-06-20,1.1202,1.1219,1.1173,1.1183,-0.002,-0.18%,153868,379269
E6U17,2017-06-21,1.1189,1.1226,1.1181,1.1216,0.0033,+0.30%,131482,379313
E6U17,2017-06-22,1.122,1.1229,1.1191,1.11985,-0.00175,-0.16%,124039,377044
E6U17,2017-06-23,1.1201,1.12605,1.1196,1.12485,0.005,+0.45%,129171,382870
E6U17,2017-06-26,1.1244,1.1271,1.12225,1.12315,-0.0017,-0.15%,161004,381290
E6U17,2017-06-27,1.12345,1.1401,1.12295,1.1398,0.01665,+1.48%,301059,400560
E6U17,2017-06-28,1.13885,1.1441,1.1341,1.143,0.0032,+0.28%,389834,409383
E6U17,2017-06-29,1.1425,1.1493,1.14215,1.14795,0.00495,+0.43%,270873,415156
E6U17,2017-06-30,1.1488,1.1491,1.1438,1.1467,-0.00125,-0.11%,209879,422168
E6U17,2017-07-03,1.1467,1.1472,1.14,1.14015,-0.00655,-0.57%,170654,422496
E6U17,2017-07-05,1.1409,1.14215,1.1356,1.13855,-0.0016,-0.14%,261945,426321
E6U17,2017-07-06,1.1394,1.14675,1.1372,1.14645,0.0079,+0.69%,202288,428056
E6U17,2017-07-07,1.1464,1.1482,1.14215,1.14445,-0.002,-0.17%,203701,427000
E6U17,2017-07-10,1.1441,1.14595,1.1423,1.14445,0,0.00%,129651,427924
E6U17,2017-07-11,1.144,1.1521,1.14235,1.1518,0.00735,+0.64%,192016,436899
E6U17,2017-07-12,1.15055,1.153,1.14315,1.1455,-0.0063,-0.55%,245190,434575
E6U17,2017-07-13,1.1452,1.14945,1.1409,1.14435,-0.00115,-0.10%,247733,433566
E6U17,2017-07-14,1.1438,1.15095,1.1429,1.1504,0.00605,+0.53%,206688,436360
E6U17,2017-07-17,1.15105,1.1525,1.1473,1.1518,0.0014,+0.12%,141453,430985
E6U17,2017-07-18,1.1516,1.1622,1.1509,1.15985,0.00805,+0.70%,268740,446259
E6U17,2017-07-19,1.1592,1.1594,1.15465,1.1555,-0.00435,-0.38%,175395,446276
E6U17,2017-07-20,1.15535,1.1694,1.15135,1.1659,0.0104,+0.90%,374875,452997
E6U17,2017-07-21,1.16675,1.1718,1.16535,1.1713,0.0054,+0.46%,207391,447839
E6U17,2017-07-24,1.1701,1.1718,1.166,1.1677,-0.0036,-0.31%,166760,449629
E6U17,2017-07-25,1.16715,1.1746,1.16645,1.16835,0.00065,+0.06%,226752,449086
E6U17,2017-07-26,1.168,1.1773,1.16455,1.1736,0.00525,+0.45%,270941,446471
E6U17,2017-07-27,1.178,1.1808,1.1681,1.17145,-0.00215,-0.18%,277814,446904
E6U17,2017-07-28,1.1707,1.17945,1.1701,1.17915,0.0077,+0.66%,233904,450391
E6U17,2017-07-31,1.17825,1.18755,1.1753,1.18605,0.0069,+0.59%,245755,454577
E6U17,2017-08-01,1.1866,1.18685,1.1814,1.18315,-0.0029,-0.24%,215443,457254
E6U17,2017-08-02,1.1834,1.19395,1.18225,1.18895,0.0058,+0.49%,264244,464897
E6U17,2017-08-03,1.1882,1.192,1.18575,1.1894,0.00045,+0.04%,196218,468295
E6U17,2017-08-04,1.1896,1.1915,1.17535,1.17905,-0.01035,-0.87%,266158,466163
E6U17,2017-08-07,1.17955,1.184,1.17945,1.182,0.00295,+0.25%,147249,461892
E6U17,2017-08-08,1.18215,1.18485,1.17395,1.17775,-0.00425,-0.36%,189398,461152
E6U17,2017-08-09,1.17745,1.1788,1.17125,1.1777,-0.00005,0.00%,211611,460732
E6U17,2017-08-10,1.17825,1.18085,1.17265,1.1792,0.0015,+0.13%,186287,457944
E6U17,2017-08-11,1.17945,1.18695,1.177,1.18455,0.00535,+0.45%,220982,464267
E6U17,2017-08-14,1.1846,1.186,1.17915,1.1805,-0.00405,-0.34%,144467,457860
E6U17,2017-08-15,1.1798,1.1814,1.1708,1.17545,-0.00505,-0.43%,195056,462148
E6U17,2017-08-16,1.17565,1.1799,1.17015,1.17885,0.0034,+0.29%,232028,463935
E6U17,2017-08-17,1.17885,1.18085,1.168,1.1759,-0.00295,-0.25%,255375,462565
E6U17,2017-08-18,1.17435,1.17925,1.17255,1.17765,0.00175,+0.15%,165366,460054
E6U17,2017-08-21,1.1777,1.18455,1.1748,1.18275,0.0051,+0.43%,147237,468666
E6U17,2017-08-22,1.18285,1.1841,1.17615,1.1768,-0.00595,-0.50%,146951,464445
E6U17,2017-08-23,1.17805,1.1839,1.1756,1.18355,0.00675,+0.57%,162614,464290
E6U17,2017-08-24,1.18225,1.1832,1.1798,1.1818,-0.00175,-0.15%,116048,462937
E6U17,2017-08-25,1.1814,1.1955,1.17865,1.1892,0.0074,+0.63%,252282,472096
E6U17,2017-08-28,1.19565,1.1997,1.19295,1.1993,0.0101,+0.85%,154860,468232
E6U17,2017-08-29,1.1991,1.20825,1.1958,1.2003,0.001,+0.08%,295039,469307
E6U17,2017-08-30,1.19815,1.1996,1.1892,1.19025,-0.01005,-0.84%,251963,469761
E6U17,2017-08-31,1.1903,1.1923,1.1832,1.1912,0.00095,+0.08%,264037,464843
E6U17,2017-09-01,1.19275,1.19895,1.18575,1.18755,-0.00365,-0.31%,283171,467727
E6U17,2017-09-05,1.189,1.19485,1.1876,1.19265,0.0051,+0.43%,261414,464988
E6U17,2017-09-06,1.1923,1.1958,1.191,1.19185,-0.0008,-0.07%,201207,464143
E6U17,2017-09-07,1.19255,1.2065,1.19195,1.20105,0.0092,+0.77%,444874,476125
E6U17,2017-09-08,1.2025,1.20975,1.20195,1.20325,0.0022,+0.18%,278653,477264
E6U17,2017-09-11,1.2029,1.2034,1.1951,1.1967,-0.00655,-0.54%,324258,483857
E6U17,2017-09-12,1.19585,1.1982,1.193,1.19735,0.00065,+0.05%,350401,487425
E6U17,2017-09-13,1.1969,1.1998,1.18755,1.18765,-0.0097,-0.81%,604097,501075
E6Z17,2017-09-14,1.1947,1.1981,1.1895,1.19715,0.0095,+0.80%,504109,519157
E6Z17,2017-09-15,1.1974,1.2046,1.19585,1.19975,0.0026,+0.22%,344756,526088
E6Z17,2017-09-18,1.1995,1.2027,1.1972,1.20095,0.0012,+0.10%,165286,423955
E6Z17,2017-09-19,1.20105,1.20645,1.2008,1.2055,0.00455,+0.38%,205079,431108
E6Z17,2017-09-20,1.20545,1.20925,1.19175,1.19465,-0.01085,-0.90%,269073,431751
E6Z17,2017-09-21,1.1948,1.20085,1.192,1.1986,0.00395,+0.33%,216197,431997
E6Z17,2017-09-22,1.1995,1.20595,1.1991,1.19975,0.00115,+0.10%,220088,433184
E6Z17,2017-09-25,1.19705,1.1991,1.1886,1.19,-0.00975,-0.81%,251353,431472
E6Z17,2017-09-26,1.1901,1.1916,1.18105,1.1853,-0.0047,-0.39%,274941,429111
E6Z17,2017-09-27,1.1846,1.1849,1.17705,1.1811,-0.0042,-0.35%,261650,431198
E6Z17,2017-09-28,1.1796,1.1854,1.177,1.1841,0.003,+0.25%,237592,433454
E6Z17,2017-09-29,1.18335,1.18815,1.1821,1.18645,0.00235,+0.20%,224158,436829
E6Z17,2017-10-02,1.18565,1.18635,1.17785,1.1792,-0.00725,-0.61%,207285,437365
E6Z17,2017-10-03,1.178,1.1821,1.17425,1.17965,0.00045,+0.04%,191798,438663
E6Z17,2017-10-04,1.17845,1.1835,1.1782,1.18105,0.0014,+0.12%,181969,439299
E6Z17,2017-10-05,1.1802,1.1823,1.1743,1.17495,-0.0061,-0.52%,202084,438769
E6Z17,2017-10-06,1.17555,1.1783,1.1712,1.17775,0.0028,+0.24%,249824,443838
E6Z17,2017-10-09,1.1779,1.17995,1.1762,1.1793,0.00155,+0.13%,111609,437846
E6Z17,2017-10-10,1.1783,1.18695,1.1782,1.18475,0.00545,+0.46%,243167,450748
E6Z17,2017-10-11,1.185,1.19125,1.18375,1.1897,0.00495,+0.42%,235761,454225
E6Z17,2017-10-12,1.1901,1.1921,1.18675,1.1875,-0.0022,-0.18%,177913,451799
E6Z17,2017-10-13,1.1873,1.1915,1.1845,1.1858,-0.0017,-0.14%,227880,448936
E6Z17,2017-10-16,1.18505,1.1859,1.1819,1.1831,-0.0027,-0.23%,155199,447809
E6Z17,2017-10-17,1.18355,1.1836,1.1774,1.1809,-0.0022,-0.19%,186312,446338
E6Z17,2017-10-18,1.1804,1.1843,1.1767,1.1841,0.0032,+0.27%,196136,446222
E6Z17,2017-10-19,1.1828,1.18945,1.1804,1.18655,0.00245,+0.21%,235862,449358
E6Z17,2017-10-20,1.1883,1.18935,1.17975,1.18145,-0.0051,-0.43%,210458,446288
E6Z17,2017-10-23,1.1808,1.1812,1.17595,1.17725,-0.0042,-0.36%,177392,443767
E6Z17,2017-10-24,1.1784,1.18275,1.1777,1.18205,0.0048,+0.41%,178085,445018
E6Z17,2017-10-25,1.1796,1.18515,1.1787,1.18395,0.0019,+0.16%,214003,444685
E6Z17,2017-10-26,1.1847,1.18685,1.1671,1.16905,-0.0149,-1.26%,397145,443740
E6Z17,2017-10-27,1.1684,1.1686,1.1604,1.1629,-0.00615,-0.53%,334435,440694
E6Z17,2017-10-30,1.1633,1.16885,1.1624,1.1669,0.004,+0.34%,211193,439425
E6Z17,2017-10-31,1.16795,1.16915,1.16515,1.1681,0.0012,+0.10%,179004,440384
E6Z17,2017-11-01,1.1676,1.1686,1.1635,1.1647,-0.0034,-0.29%,189368,441010
E6Z17,2017-11-02,1.1651,1.17145,1.164,1.1688,0.0041,+0.35%,227333,446454
E6Z17,2017-11-03,1.1684,1.17225,1.1625,1.1634,-0.0054,-0.46%,233224,443860
E6Z17,2017-11-06,1.16395,1.16495,1.16055,1.16325,-0.00015,-0.01%,179051,445343
E6Z17,2017-11-07,1.1636,1.16405,1.15785,1.1612,-0.00205,-0.18%,208394,446502
E6Z17,2017-11-08,1.1616,1.16355,1.1603,1.16195,0.00075,+0.06%,161811,448236
E6Z17,2017-11-09,1.16175,1.16775,1.16085,1.167,0.00505,+0.43%,250221,455662
E6Z17,2017-11-10,1.1664,1.17,1.16445,1.1687,0.0017,+0.15%,191109,459078
E6Z17,2017-11-13,1.16775,1.1697,1.16585,1.1689,0.0002,+0.02%,140403,456174
E6Z17,2017-11-14,1.16855,1.1826,1.16825,1.1815,0.0126,+1.08%,295171,467842
E6Z17,2017-11-15,1.18165,1.18815,1.18055,1.1813,-0.0002,-0.02%,295137,473562
E6Z17,2017-11-16,1.1802,1.18195,1.1775,1.1784,-0.0029,-0.25%,183140,473337
E6Z17,2017-11-17,1.17895,1.18395,1.1783,1.1815,0.0031,+0.26%,199865,473688
E6Z17,2017-11-20,1.1787,1.18265,1.17395,1.17495,-0.00655,-0.55%,236896,471162
E6Z17,2017-11-21,1.175,1.1774,1.1728,1.1759,0.00095,+0.08%,188448,465307
E6Z17,2017-11-22,1.1752,1.18435,1.1749,1.184,0.0081,+0.69%,200022,471839
E6Z17,2017-11-24,1.1834,1.1959,1.18275,1.1942,0.0102,+0.86%,271346,495934
E6Z17,2017-11-27,1.19475,1.1975,1.1909,1.19135,-0.00285,-0.24%,210302,496831
E6Z17,2017-11-28,1.1913,1.1933,1.184,1.18495,-0.0064,-0.54%,239154,495561
E6Z17,2017-11-29,1.18605,1.18955,1.1829,1.18745,0.0025,+0.21%,208224,488447
E6Z17,2017-11-30,1.1861,1.1942,1.18185,1.1908,0.00335,+0.28%,284767,496954
E6Z17,2017-12-01,1.19005,1.195,1.186,1.1903,-0.0005,-0.04%,302156,492604
E6Z17,2017-12-04,1.18785,1.18875,1.1838,1.1866,-0.0037,-0.31%,182918,492827
E6Z17,2017-12-05,1.18755,1.18855,1.1808,1.1823,-0.0043,-0.36%,216404,499124
E6Z17,2017-12-06,1.1837,1.1856,1.1788,1.17985,-0.00245,-0.21%,247562,505163
E6Z17,2017-12-07,1.18085,1.1821,1.1777,1.1779,-0.00195,-0.17%,261856,500344
E6Z17,2017-12-08,1.1781,1.1782,1.17345,1.1772,-0.0007,-0.06%,338122,488235
E6Z17,2017-12-11,1.17755,1.1816,1.17685,1.17905,0.00185,+0.16%,301294,495926
E6Z17,2017-12-12,1.1777,1.1797,1.17215,1.17415,-0.0049,-0.42%,473504,505744
E6Z17,2017-12-13,1.17415,1.1835,1.17325,1.1824,0.00825,+0.70%,678516,506341
E6H18,2017-12-14,1.1905,1.1946,1.18535,1.1875,0.0051,+0.43%,580953,548525
E6H18,2017-12-15,1.185,1.1901,1.18355,1.1845,-0.003,-0.25%,449169,580654
E6H18,2017-12-18,1.18345,1.1919,1.1829,1.18675,0.00225,+0.19%,190506,474767
E6H18,2017-12-19,1.18655,1.19255,1.1859,1.1922,0.00545,+0.46%,210275,485622
E6H18,2017-12-20,1.1916,1.1976,1.1905,1.19535,0.00315,+0.26%,207804,496389
E6H18,2017-12-21,1.1947,1.19635,1.19245,1.1948,-0.00055,-0.05%,162456,491464
E6H18,2017-12-22,1.19435,1.1945,1.18925,1.1928,-0.002,-0.17%,141861,493968
E6H18,2017-12-26,1.19455,1.196,1.1922,1.1941,0.0013,+0.11%,57771,497744
E6H18,2017-12-27,1.19375,1.19835,1.1931,1.19695,0.00285,+0.24%,131440,507656
E6H18,2017-12-28,1.196,1.2014,1.19525,1.20075,0.0038,+0.32%,138858,519873
E6H18,2017-12-29,1.19935,1.20795,1.19905,1.20755,0.0068,+0.57%,174610,530121
E6H18,2018-01-02,1.207,1.2135,1.20565,1.2106,0.00305,+0.25%,204440,542622
E6H18,2018-01-03,1.21085,1.21185,1.20535,1.20685,-0.00375,-0.31%,187045,549538
E6H18,2018-01-04,1.2064,1.21405,1.2055,1.2122,0.00535,+0.44%,230600,578386
E6H18,2018-01-05,1.21215,1.2133,1.20705,1.20985,-0.00235,-0.19%,193043,567854
E6H18,2018-01-08,1.2081,1.2102,1.2005,1.20125,-0.0086,-0.71%,203060,568302
E6H18,2018-01-09,1.20145,1.20235,1.1964,1.19795,-0.0033,-0.27%,204287,563400
E6H18,2018-01-10,1.1985,1.2066,1.1971,1.2006,0.00265,+0.22%,297168,563255
E6H18,2018-01-11,1.1995,1.21055,1.19745,1.20845,0.00785,+0.65%,320642,566983
E6H18,2018-01-12,1.20825,1.22655,1.20765,1.22285,0.0144,+1.19%,395613,581519
E6H18,2018-01-16,1.22495,1.23425,1.2233,1.23165,0.0088,+0.72%,550640,594038
E6H18,2018-01-17,1.23015,1.23685,1.22225,1.22835,-0.0033,-0.27%,328269,596428
E6H18,2018-01-18,1.22125,1.23085,1.2209,1.2286,0.00025,+0.02%,237047,600875
E6H18,2018-01-19,1.22845,1.2337,1.2256,1.2275,-0.0011,-0.09%,241348,596267
E6H18,2018-01-22,1.2298,1.2309,1.2255,1.22995,0.00245,+0.20%,175619,603288
E6H18,2018-01-23,1.23005,1.2347,1.22635,1.23355,0.0036,+0.29%,227797,608683
E6H18,2018-01-24,1.23375,1.24555,1.2329,1.24445,0.0109,+0.88%,327883,619147
E6H18,2018-01-25,1.24395,1.25765,1.2402,1.2428,-0.00165,-0.13%,563193,616516
E6H18,2018-01-26,1.2414,1.2531,1.241,1.246,0.0032,+0.26%,335759,615686
E6H18,2018-01-29,1.24555,1.2469,1.2374,1.24265,-0.00335,-0.27%,285620,611843
E6H18,2018-01-30,1.24205,1.2491,1.23715,1.2441,0.00145,+0.12%,305574,603460
E6H18,2018-01-31,1.24385,1.2511,1.24225,1.24475,0.00065,+0.05%,307287,597952
E6H18,2018-02-01,1.24475,1.25575,1.2419,1.25375,0.009,+0.72%,304067,601029
E6H18,2018-02-02,1.254,1.25515,1.24415,1.24855,-0.0052,-0.41%,325065,602418
E6H18,2018-02-05,1.2465,1.2508,1.23945,1.24315,-0.0054,-0.43%,288086,601458
E6H18,2018-02-06,1.2406,1.24665,1.2345,1.2424,-0.00075,-0.06%,376336,596937
E6H18,2018-02-07,1.2411,1.2437,1.22755,1.23055,-0.01185,-0.95%,280001,590861
E6H18,2018-02-08,1.2284,1.23235,1.224,1.2291,-0.00145,-0.12%,333099,585242
E6H18,2018-02-09,1.2277,1.23155,1.22335,1.22595,-0.00315,-0.26%,282532,577699
E6H18,2018-02-12,1.22775,1.2327,1.2262,1.23085,0.0049,+0.40%,177785,571304
E6H18,2018-02-13,1.23185,1.23975,1.2311,1.23805,0.0072,+0.58%,211899,564233
E6H18,2018-02-14,1.23745,1.2491,1.2301,1.24625,0.0082,+0.66%,313461,561548
E6H18,2018-02-15,1.24745,1.25335,1.2471,1.253,0.00675,+0.54%,201597,574231
E6H18,2018-02-16,1.25205,1.25795,1.24155,1.24395,-0.00905,-0.72%,236726,578006
E6H18,2018-02-20,1.24335,1.24575,1.23405,1.23565,-0.0083,-0.67%,329934,567534
E6H18,2018-02-21,1.2354,1.23805,1.2301,1.23215,-0.0035,-0.28%,223565,567922
E6H18,2018-02-22,1.2295,1.237,1.2277,1.2349,0.00275,+0.22%,230253,564600
E6H18,2018-02-23,1.2346,1.2354,1.22965,1.23135,-0.00355,-0.29%,164142,561181
E6H18,2018-02-26,1.23055,1.23715,1.22945,1.23275,0.0014,+0.11%,181953,560213
E6H18,2018-02-27,1.23275,1.2362,1.22365,1.2253,-0.00745,-0.60%,292216,567463
E6H18,2018-02-28,1.2249,1.22565,1.2202,1.2217,-0.0036,-0.29%,232421,566803
E6H18,2018-03-01,1.2206,1.22855,1.2166,1.22655,0.00485,+0.40%,284206,560868
E6H18,2018-03-02,1.22835,1.23475,1.22625,1.2341,0.00755,+0.62%,218595,556491
E6H18,2018-03-05,1.2356,1.236,1.2279,1.23355,-0.00055,-0.04%,220896,556623
E6H18,2018-03-06,1.2344,1.243,1.23375,1.2414,0.00785,+0.64%,229249,557530
E6H18,2018-03-07,1.24295,1.24615,1.2393,1.24135,-0.00005,0.00%,225999,557703
E6H18,2018-03-08,1.24155,1.24535,1.2304,1.2312,-0.01015,-0.82%,458890,562849
E6H18,2018-03-09,1.23175,1.234,1.22785,1.23205,0.00085,+0.07%,276873,557767
E6H18,2018-03-12,1.2318,1.23505,1.22945,1.23415,0.0021,+0.17%,282920,562718
E6H18,2018-03-13,1.23375,1.2412,1.2319,1.2402,0.00605,+0.49%,461422,584759
E6H18,2018-03-14,1.2397,1.24165,1.2351,1.23785,-0.00235,-0.19%,567626,583751
E6M18,2018-03-15,1.24605,1.2474,1.239,1.23935,0.0015,+0.12%,573282,592770
E6M18,2018-03-16,1.2392,1.2424,1.2347,1.2371,-0.00225,-0.18%,485538,609396
E6M18,2018-03-19,1.2376,1.24455,1.2343,1.24435,0.00725,+0.59%,231704,497981
E6M18,2018-03-20,1.24195,1.244,1.23235,1.23355,-0.0108,-0.87%,195941,496964
E6M18,2018-03-21,1.2327,1.2432,1.23255,1.2411,0.00755,+0.61%,265689,497405
E6M18,2018-03-22,1.24195,1.24675,1.23645,1.23865,-0.00245,-0.20%,243880,495901
E6M18,2018-03-23,1.23855,1.24535,1.2385,1.24465,0.006,+0.48%,195808,499537
E6M18,2018-03-26,1.24365,1.254,1.2431,1.2534,0.00875,+0.70%,219418,519330
E6M18,2018-03-27,1.25245,1.25535,1.2448,1.24775,-0.00565,-0.45%,243789,514049
E6M18,2018-03-28,1.2478,1.24915,1.23685,1.2381,-0.00965,-0.77%,239130,503635
E6M18,2018-03-29,1.23795,1.2404,1.2352,1.23585,-0.00225,-0.18%,196555,490597
E6M18,2018-04-02,1.2388,1.2414,1.23485,1.2368,0.00095,+0.08%,101278,492662
E6M18,2018-04-03,1.23695,1.24035,1.232,1.2335,-0.0033,-0.27%,216243,493677
E6M18,2018-04-04,1.234,1.23825,1.23235,1.23485,0.00135,+0.11%,173858,492126
E6M18,2018-04-05,1.2348,1.23555,1.2282,1.23005,-0.0048,-0.39%,202393,495359
E6M18,2018-04-06,1.2303,1.2354,1.22765,1.23485,0.0048,+0.39%,217877,494782
E6M18,2018-04-09,1.2338,1.2393,1.23215,1.2383,0.00345,+0.28%,189866,497944
E6M18,2018-04-10,1.2384,1.24385,1.2363,1.2421,0.0038,+0.31%,232499,508204
E6M18,2018-04-11,1.24135,1.2458,1.2407,1.24225,0.00015,+0.01%,191787,511001
E6M18,2018-04-12,1.2424,1.24375,1.23565,1.2387,-0.00355,-0.29%,204869,505909
E6M18,2018-04-13,1.2382,1.24035,1.2364,1.2389,0.0002,+0.02%,142956,508118
E6M18,2018-04-16,1.2385,1.2451,1.23805,1.24375,0.00485,+0.39%,177525,513362
E6M18,2018-04-17,1.24345,1.24685,1.239,1.2422,-0.00155,-0.12%,193422,509032
E6M18,2018-04-18,1.2429,1.2451,1.2395,1.24305,0.00085,+0.07%,196832,510744
E6M18,2018-04-19,1.24305,1.24525,1.23795,1.23885,-0.0042,-0.34%,219293,508084
E6M18,2018-04-20,1.23945,1.24035,1.2299,1.23325,-0.0056,-0.45%,241248,503909
E6M18,2018-04-23,1.23295,1.2339,1.2247,1.22535,-0.0079,-0.64%,228555,501512
E6M18,2018-04-24,1.22545,1.22935,1.223,1.2285,0.00315,+0.26%,216153,494154
E6M18,2018-04-25,1.22795,1.2286,1.2206,1.2224,-0.0061,-0.50%,209006,494272
E6M18,2018-04-26,1.2206,1.2255,1.21405,1.215,-0.0074,-0.61%,355120,495505
E6M18,2018-04-27,1.2146,1.2179,1.20975,1.2164,0.0014,+0.12%,272508,500806
E6M18,2018-04-30,1.217,1.21805,1.2106,1.2123,-0.0041,-0.34%,226851,505508
E6M18,2018-05-01,1.21175,1.2126,1.20225,1.2036,-0.0087,-0.72%,192117,509659
E6M18,2018-05-02,1.20335,1.2071,1.19765,1.2025,-0.0011,-0.09%,325350,516385
E6M18,2018-05-03,1.1994,1.2045,1.19845,1.2029,0.0004,+0.03%,281805,520890
E6M18,2018-05-04,1.2021,1.2031,1.1945,1.19985,-0.00305,-0.25%,276469,513716
E6M18,2018-05-07,1.1993,1.20125,1.1931,1.19585,-0.004,-0.33%,167696,515291
E6M18,2018-05-08,1.1957,1.1972,1.18715,1.189,-0.00685,-0.57%,292832,515132
E6M18,2018-05-09,1.1893,1.19295,1.18555,1.1894,0.0004,+0.03%,268351,510412
E6M18,2018-05-10,1.1884,1.1977,1.18735,1.19565,0.00625,+0.53%,344694,516528
E6M18,2018-05-11,1.1946,1.1997,1.19205,1.19725,0.0016,+0.13%,229167,517160
E6M18,2018-05-14,1.1978,1.2025,1.19535,1.19715,-0.0001,-0.01%,205440,505547
E6M18,2018-05-15,1.1957,1.1966,1.1848,1.18755,-0.0096,-0.80%,336263,505114
E6M18,2018-05-16,1.1867,1.18815,1.179,1.1828,-0.00475,-0.40%,392148,507809
E6M18,2018-05-17,1.1835,1.1862,1.1801,1.18225,-0.00055,-0.05%,287730,510232
E6M18,2018-05-18,1.182,1.1846,1.17725,1.1797,-0.00255,-0.22%,260158,513951
E6M18,2018-05-21,1.1789,1.1819,1.17395,1.1795,-0.0002,-0.02%,269854,518591
E6M18,2018-05-22,1.18155,1.1852,1.1779,1.18,0.0005,+0.04%,300477,520648
E6M18,2018-05-23,1.1798,1.1811,1.1696,1.1719,-0.0081,-0.69%,445152,529872
E6M18,2018-05-24,1.1719,1.1768,1.1709,1.17455,0.00265,+0.23%,321454,526947
E6M18,2018-05-25,1.1738,1.1752,1.1663,1.16795,-0.0066,-0.56%,379422,535594
E6M18,2018-05-29,1.17045,1.17455,1.1526,1.1548,-0.01315,-1.13%,765925,552251
E6M18,2018-05-30,1.1558,1.16915,1.15335,1.1668,0.012,+1.04%,541872,549546
E6M18,2018-05-31,1.16795,1.1738,1.1653,1.17005,0.00325,+0.28%,426939,556816
E6M18,2018-06-01,1.1705,1.17295,1.1628,1.1675,-0.00255,-0.22%,380219,565940
E6M18,2018-06-04,1.1673,1.17555,1.1672,1.1709,0.0034,+0.29%,274077,576907
E6M18,2018-06-05,1.1706,1.1742,1.16625,1.1724,0.0015,+0.13%,292269,576287
E6M18,2018-06-06,1.1726,1.1805,1.1723,1.17775,0.00535,+0.46%,370735,578768
E6M18,2018-06-07,1.1785,1.1848,1.17815,1.18145,0.0037,+0.31%,340361,586160
E6M18,2018-06-08,1.1805,1.1817,1.1733,1.17765,-0.0038,-0.32%,299385,579461
E6M18,2018-06-11,1.1779,1.18265,1.1777,1.1793,0.00165,+0.14%,296547,575595
E6M18,2018-06-12,1.1786,1.18145,1.17375,1.17545,-0.00385,-0.33%,468698,599561
E6M18,2018-06-13,1.17495,1.18055,1.17295,1.17775,0.0023,+0.20%,703805,606399
E6U18,2018-06-14,1.1876,1.19395,1.16425,1.16725,-0.0105,-0.89%,910789,632127
E6U18,2018-06-15,1.16525,1.1707,1.1622,1.1686,0.00135,+0.12%,412900,628037
E6U18,2018-06-18,1.1676,1.1705,1.16445,1.16955,0.00095,+0.08%,184047,473599
E6U18,2018-06-19,1.17005,1.1724,1.16095,1.1653,-0.00425,-0.36%,299991,478200
E6U18,2018-06-20,1.1664,1.16765,1.1613,1.1663,0.001,+0.09%,238270,482596
E6U18,2018-06-21,1.16485,1.17085,1.1582,1.1698,0.0035,+0.30%,338368,488059
E6U18,2018-06-22,1.168,1.17495,1.16745,1.17375,0.00395,+0.34%,244619,484030
E6U18,2018-06-25,1.1741,1.17875,1.1702,1.1778,0.00405,+0.35%,223194,484713
E6U18,2018-06-26,1.17755,1.17945,1.17075,1.1723,-0.0055,-0.47%,251155,481383
E6U18,2018-06-27,1.1717,1.17445,1.16115,1.1628,-0.0095,-0.81%,307391,485045
E6U18,2018-06-28,1.16255,1.1669,1.15945,1.16235,-0.00045,-0.04%,268801,484300
E6U18,2018-06-29,1.1627,1.17575,1.1625,1.17365,0.0113,+0.97%,345563,484444
E6U18,2018-07-02,1.1738,1.1748,1.16555,1.16745,-0.0062,-0.53%,194177,487514
E6U18,2018-07-03,1.1699,1.17375,1.1685,1.17145,0.004,+0.34%,180373,487131
E6U18,2018-07-05,1.172,1.1782,1.1691,1.1741,0.00265,+0.23%,300624,488587
E6U18,2018-07-06,1.17495,1.183,1.174,1.1805,0.0064,+0.55%,229178,473923
E6U18,2018-07-09,1.1809,1.18515,1.1793,1.1809,0.0004,+0.03%,192388,481503
E6U18,2018-07-10,1.18095,1.18225,1.17495,1.1804,-0.0005,-0.04%,183918,477596
E6U18,2018-07-11,1.1799,1.18165,1.17225,1.173,-0.0074,-0.63%,258419,499107
E6U18,2018-07-12,1.173,1.17505,1.1704,1.17255,-0.00045,-0.04%,171232,493561
E6U18,2018-07-13,1.1723,1.17415,1.16665,1.1731,0.00055,+0.05%,201495,493765
E6U18,2018-07-16,1.17375,1.1779,1.1729,1.1767,0.0036,+0.31%,150969,488804
E6U18,2018-07-17,1.1763,1.17975,1.1701,1.1716,-0.0051,-0.43%,194518,490064
E6U18,2018-07-18,1.17125,1.1717,1.1653,1.16995,-0.00165,-0.14%,205828,490608
E6U18,2018-07-19,1.1695,1.1728,1.16225,1.16935,-0.0006,-0.05%,282981,492006
E6U18,2018-07-20,1.16915,1.17875,1.16745,1.17735,0.008,+0.68%,292997,500998
E6U18,2018-07-23,1.1774,1.18005,1.1731,1.1737,-0.00365,-0.31%,188391,495631
E6U18,2018-07-24,1.17375,1.1764,1.1701,1.173,-0.0007,-0.06%,201021,496665
E6U18,2018-07-25,1.17285,1.1785,1.1709,1.17465,0.00165,+0.14%,226329,496481
E6U18,2018-07-26,1.1768,1.17875,1.16825,1.16885,-0.0058,-0.49%,251444,496889
E6U18,2018-07-27,1.1683,1.17065,1.16625,1.1699,0.00105,+0.09%,204293,494408
E6U18,2018-07-30,1.1698,1.1761,1.16885,1.1751,0.0052,+0.44%,186206,500701
E6U18,2018-07-31,1.17475,1.179,1.1724,1.17375,-0.00135,-0.11%,230307,499721
E6U18,2018-08-01,1.1728,1.1739,1.16965,1.17025,-0.0035,-0.30%,194548,498759
E6U18,2018-08-02,1.16965,1.1704,1.1618,1.1623,-0.00795,-0.68%,234860,513080
E6U18,2018-08-03,1.1622,1.16465,1.1594,1.16135,-0.00095,-0.08%,269038,508521
E6U18,2018-08-06,1.16045,1.16055,1.15645,1.1591,-0.00225,-0.19%,208906,509889
E6U18,2018-08-07,1.1588,1.16425,1.1585,1.1628,0.0037,+0.32%,220618,507186
E6U18,2018-08-08,1.163,1.1662,1.1606,1.1652,0.0024,+0.21%,214736,505638
E6U18,2018-08-09,1.1646,1.165,1.1555,1.15725,-0.00795,-0.68%,234293,510231
E6U18,2018-08-10,1.15575,1.1566,1.1417,1.1429,-0.01435,-1.24%,462342,521794
E6U18,2018-08-13,1.1417,1.14615,1.1394,1.14225,-0.00065,-0.06%,329416,519608
E6U18,2018-08-14,1.1432,1.1457,1.1357,1.1366,-0.00565,-0.49%,267089,526571
E6U18,2018-08-15,1.1371,1.13815,1.13275,1.13725,0.00065,+0.06%,292891,525360
E6U18,2018-08-16,1.1368,1.1433,1.13595,1.13895,0.0017,+0.15%,316023,533078
E6U18,2018-08-17,1.13965,1.14685,1.13895,1.14675,0.0078,+0.68%,253832,530913
E6U18,2018-08-20,1.1461,1.1508,1.14165,1.149,0.00225,+0.20%,217792,531821
E6U18,2018-08-21,1.151,1.1624,1.1507,1.15945,0.01045,+0.91%,326164,532137
E6U18,2018-08-22,1.1594,1.16445,1.1574,1.16095,0.0015,+0.13%,260893,531554
E6U18,2018-08-23,1.1615,1.1619,1.15485,1.15555,-0.0054,-0.47%,229631,533368
E6U18,2018-08-24,1.15605,1.1658,1.15525,1.16435,0.0088,+0.76%,244373,527087
E6U18,2018-08-27,1.1643,1.17115,1.1612,1.1696,0.00525,+0.45%,197003,527875
E6U18,2018-08-28,1.1697,1.17505,1.16795,1.1711,0.0015,+0.13%,240520,529124
E6U18,2018-08-29,1.1708,1.17265,1.1668,1.17145,0.00035,+0.03%,260591,531200
E6U18,2018-08-30,1.17215,1.17315,1.1654,1.1677,-0.00375,-0.32%,256027,532616
E6U18,2018-08-31,1.1678,1.1703,1.15965,1.1609,-0.0068,-0.58%,277977,529780
E6U18,2018-09-04,1.1609,1.16395,1.15405,1.15905,-0.00185,-0.16%,367056,527579
E6U18,2018-09-05,1.1592,1.16505,1.1552,1.16335,0.0043,+0.37%,316774,521856
E6U18,2018-09-06,1.16395,1.1667,1.1613,1.16335,0,0.00%,259502,523236
E6U18,2018-09-07,1.16315,1.1656,1.1557,1.15715,-0.0062,-0.53%,325408,516520
E6U18,2018-09-10,1.15555,1.16225,1.15305,1.16025,0.0031,+0.27%,277571,519325
E6U18,2018-09-11,1.15995,1.1649,1.15705,1.159,-0.00125,-0.11%,497135,550492
E6U18,2018-09-12,1.16045,1.1654,1.1574,1.16365,0.00465,+0.40%,519818,549540
E6Z18,2018-09-13,1.1714,1.1786,1.16925,1.1776,0.01395,+1.20%,751047,562295
E6Z18,2018-09-14,1.17745,1.18055,1.17035,1.17155,-0.00605,-0.51%,418741,544529
E6Z18,2018-09-17,1.17105,1.17805,1.17,1.1768,0.00525,+0.45%,167615,468794
E6Z18,2018-09-18,1.1767,1.1807,1.17335,1.17485,-0.00195,-0.17%,225818,465130
E6Z18,2018-09-19,1.17525,1.17965,1.17305,1.17545,0.0006,+0.05%,198167,468801
E6Z18,2018-09-20,1.17525,1.1864,1.1747,1.1855,0.01005,+0.85%,270845,478256
E6Z18,2018-09-21,1.1857,1.18815,1.1811,1.18255,-0.00295,-0.25%,243559,476530
E6Z18,2018-09-24,1.1822,1.1893,1.18015,1.1836,0.00105,+0.09%,230951,481549
E6Z18,2018-09-25,1.18255,1.18695,1.1807,1.18435,0.00075,+0.06%,247952,477881
E6Z18,2018-09-26,1.1843,1.1875,1.1801,1.1837,-0.00065,-0.05%,266988,473883
E6Z18,2018-09-27,1.1818,1.18305,1.1711,1.17305,-0.01065,-0.90%,314321,472363
E6Z18,2018-09-28,1.17125,1.1723,1.1641,1.1682,-0.00485,-0.41%,304988,479552
E6Z18,2018-10-01,1.1683,1.1695,1.1633,1.16445,-0.00375,-0.32%,223147,475107
E6Z18,2018-10-02,1.1645,1.1649,1.1573,1.16125,-0.0032,-0.27%,274454,479644
E6Z18,2018-10-03,1.1616,1.1661,1.15315,1.1584,-0.00285,-0.25%,279056,482579
E6Z18,2018-10-04,1.1545,1.16065,1.15265,1.15785,-0.00055,-0.05%,242879,482727
E6Z18,2018-10-05,1.1576,1.16135,1.1547,1.1589,0.00105,+0.09%,233200,481918
E6Z18,2018-10-08,1.1586,1.15925,1.15225,1.15515,-0.00375,-0.32%,161847,484061
E6Z18,2018-10-09,1.1555,1.15655,1.14935,1.156,0.00085,+0.07%,261221,483802
E6Z18,2018-10-10,1.1552,1.1607,1.1541,1.15865,0.00265,+0.23%,228097,482811
E6Z18,2018-10-11,1.15875,1.16585,1.1586,1.1653,0.00665,+0.57%,354475,485860
E6Z18,2018-10-12,1.1651,1.16685,1.15925,1.16215,-0.00315,-0.27%,231180,475119
E6Z18,2018-10-15,1.161,1.16635,1.16005,1.16405,0.0019,+0.16%,162764,471390
E6Z18,2018-10-16,1.1637,1.1678,1.16215,1.1634,-0.00065,-0.06%,194404,469299
E6Z18,2018-10-17,1.16275,1.16355,1.155,1.1561,-0.0073,-0.63%,233801,474096
E6Z18,2018-10-18,1.155,1.158,1.1501,1.1517,-0.0044,-0.38%,240448,479817
E6Z18,2018-10-19,1.15055,1.1586,1.14835,1.1561,0.0044,+0.38%,252994,478010
E6Z18,2018-10-22,1.15665,1.16005,1.15055,1.1517,-0.0044,-0.38%,171176,482735
E6Z18,2018-10-23,1.15135,1.15425,1.1488,1.1517,0,0.00%,231396,489829
E6Z18,2018-10-24,1.1518,1.15245,1.14265,1.14355,-0.00815,-0.71%,261579,503791
E6Z18,2018-10-25,1.1444,1.14785,1.1401,1.14075,-0.0028,-0.24%,242919,505928
E6Z18,2018-10-26,1.1417,1.1466,1.138,1.14545,0.0047,+0.41%,254368,504741
E6Z18,2018-10-29,1.1442,1.146,1.14045,1.14345,-0.002,-0.17%,229595,506887
E6Z18,2018-10-30,1.1414,1.1431,1.13825,1.13845,-0.005,-0.44%,194326,504458
E6Z18,2018-10-31,1.13865,1.14015,1.1343,1.13555,-0.0029,-0.25%,257364,506103
E6Z18,2018-11-01,1.1355,1.1463,1.13515,1.1447,0.00915,+0.81%,253420,506100
E6Z18,2018-11-02,1.14435,1.1494,1.14095,1.14225,-0.00245,-0.21%,277900,503284
E6Z18,2018-11-05,1.14265,1.1461,1.1389,1.14555,0.0033,+0.29%,166268,509792
E6Z18,2018-11-06,1.1443,1.14745,1.14275,1.14485,-0.0007,-0.06%,171301,510193
E6Z18,2018-11-07,1.14545,1.15455,1.143,1.14905,0.0042,+0.37%,278827,519591
E6Z18,2018-11-08,1.1459,1.14785,1.13825,1.1388,-0.01025,-0.89%,209441,520661
E6Z18,2018-11-09,1.1397,1.14005,1.1348,1.1367,-0.0021,-0.18%,184520,526586
E6Z18,2018-11-12,1.13495,1.13615,1.12455,1.1271,-0.0096,-0.84%,206305,523432
E6Z18,2018-11-13,1.125,1.13235,1.125,1.1298,0.0027,+0.24%,246931,520240
E6Z18,2018-11-14,1.1325,1.13765,1.12915,1.13665,0.00685,+0.61%,266089,521343
E6Z18,2018-11-15,1.13415,1.1389,1.12965,1.1377,0.00105,+0.09%,266660,526728
E6Z18,2018-11-16,1.135,1.14465,1.13465,1.1438,0.0061,+0.54%,233917,532883
E6Z18,2018-11-19,1.1442,1.1489,1.1418,1.14785,0.00405,+0.35%,149667,520696
E6Z18,2018-11-20,1.14745,1.1495,1.1381,1.13905,-0.0088,-0.77%,215254,535707
E6Z18,2018-11-21,1.1391,1.14475,1.13885,1.1411,0.00205,+0.18%,191713,533249
E6Z18,2018-11-23,1.1407,1.1454,1.135,1.13545,-0.00565,-0.50%,213274,535117
E6Z18,2018-11-26,1.1355,1.14025,1.1342,1.1347,-0.00075,-0.07%,155572,534441
E6Z18,2018-11-27,1.13485,1.1361,1.12945,1.1312,-0.0035,-0.31%,220360,538454
E6Z18,2018-11-28,1.1312,1.14055,1.1283,1.1392,0.008,+0.71%,261071,543347
E6Z18,2018-11-29,1.1382,1.14155,1.13625,1.1404,0.0012,+0.11%,231781,540778
E6Z18,2018-11-30,1.14025,1.14135,1.1318,1.1322,-0.0082,-0.72%,226285,551330
E6Z18,2018-12-03,1.13465,1.13915,1.1331,1.13545,0.00325,+0.29%,224014,547324
E6Z18,2018-12-04,1.13665,1.14305,1.1329,1.1353,-0.00015,-0.01%,273656,545537
E6Z18,2018-12-05,1.13505,1.1372,1.1321,1.1351,-0.0002,-0.02%,154176,535856
E6Z18,2018-12-06,1.1354,1.142,1.13285,1.1381,0.003,+0.26%,282029,535869
E6Z18,2018-12-07,1.13845,1.1431,1.1367,1.14295,0.00485,+0.43%,254308,540050
E6Z18,2018-12-10,1.1407,1.1449,1.1356,1.13585,-0.0071,-0.62%,455201,582854
E6Z18,2018-12-11,1.1357,1.14055,1.1311,1.1332,-0.00265,-0.23%,549932,613745
E6Z18,2018-12-12,1.1325,1.1392,1.1319,1.13715,0.00395,+0.35%,531316,634659
E6H19,2018-12-13,1.1465,1.14885,1.14235,1.14585,0.0087,+0.77%,582300,614381
E6H19,2018-12-14,1.1448,1.1457,1.1362,1.1396,-0.00625,-0.55%,431654,597509
E6H19,2018-12-17,1.13955,1.14495,1.1395,1.1442,0.0046,+0.40%,175254,503683
E6H19,2018-12-18,1.1438,1.1493,1.1426,1.1446,0.0004,+0.03%,173204,505711
E6H19,2018-12-19,1.1458,1.15325,1.14555,1.14635,0.00175,+0.15%,221715,503259
E6H19,2018-12-20,1.147,1.1575,1.1466,1.1558,0.00945,+0.82%,261006,516683
E6H19,2018-12-21,1.1535,1.1558,1.14385,1.1452,-0.0106,-0.92%,187865,506795
E6H19,2018-12-24,1.1452,1.15215,1.145,1.14925,0.00405,+0.35%,71477,508253
E6H19,2018-12-26,1.1495,1.1504,1.1424,1.1433,-0.00595,-0.52%,81725,506385
E6H19,2018-12-27,1.1437,1.15325,1.1434,1.15265,0.00935,+0.82%,184533,507970
E6H19,2018-12-28,1.15065,1.15475,1.15045,1.15155,-0.0011,-0.10%,145697,510071
E6H19,2018-12-31,1.1514,1.15405,1.14945,1.15225,0.0007,+0.06%,95102,505986
E6H19,2019-01-02,1.1533,1.1569,1.1396,1.1414,-0.01085,-0.94%,222102,505944
E6H19,2019-01-03,1.142,1.14805,1.13775,1.1461,0.0047,+0.41%,221957,509091
E6H19,2019-01-04,1.14635,1.14875,1.1413,1.1467,0.0006,+0.05%,214895,510088
E6H19,2019-01-07,1.1475,1.15505,1.1471,1.15465,0.00795,+0.69%,192799,518941
E6H19,2019-01-08,1.15445,1.15515,1.1488,1.1508,-0.00385,-0.33%,181973,514545
E6H19,2019-01-09,1.15065,1.16245,1.1504,1.16095,0.01015,+0.88%,262581,527628
E6H19,2019-01-10,1.16125,1.16325,1.1547,1.1562,-0.00475,-0.41%,210778,526959
E6H19,2019-01-11,1.1559,1.1603,1.15195,1.1527,-0.0035,-0.30%,193081,523812
E6H19,2019-01-14,1.15265,1.1543,1.15115,1.15265,-0.00005,0.00%,140107,522266
E6H19,2019-01-15,1.1527,1.155,1.1441,1.14605,-0.0066,-0.57%,229526,525052
E6H19,2019-01-16,1.1466,1.1483,1.14365,1.14565,-0.0004,-0.03%,151290,525546
E6H19,2019-01-17,1.1451,1.14605,1.14245,1.14445,-0.0012,-0.10%,159652,526080
E6H19,2019-01-18,1.14445,1.14645,1.14075,1.14245,-0.002,-0.17%,152122,523371
E6H19,2019-01-22,1.14185,1.1445,1.1389,1.1415,-0.00095,-0.08%,188036,527176
E6H19,2019-01-23,1.14135,1.14465,1.1402,1.14355,0.00205,+0.18%,140043,530541
E6H19,2019-01-24,1.1431,1.14405,1.13375,1.1348,-0.00875,-0.77%,292153,529804
E6H19,2019-01-25,1.1352,1.1466,1.1347,1.14625,0.01145,+1.01%,237762,530327
E6H19,2019-01-28,1.1455,1.14915,1.14375,1.1476,0.00135,+0.12%,143103,530130
E6H19,2019-01-29,1.14735,1.14965,1.14575,1.1475,-0.0001,-0.01%,154019,527521
E6H19,2019-01-30,1.148,1.15475,1.1451,1.15375,0.00625,+0.54%,223872,528527
E6H19,2019-01-31,1.1525,1.15565,1.14775,1.14865,-0.0051,-0.44%,237247,529890
E6H19,2019-02-01,1.1489,1.15305,1.1476,1.15015,0.0015,+0.13%,177654,526753
E6H19,2019-02-04,1.14955,1.1501,1.1465,1.1472,-0.00295,-0.26%,111901,522906
E6H19,2019-02-05,1.14745,1.148,1.144,1.14485,-0.00235,-0.20%,148339,523868
E6H19,2019-02-06,1.1443,1.14475,1.1398,1.1402,-0.00465,-0.41%,137725,525799
E6H19,2019-02-07,1.14005,1.1404,1.1359,1.13855,-0.00165,-0.14%,170682,533033
E6H19,2019-02-08,1.1373,1.13845,1.13545,1.13565,-0.0029,-0.25%,134474,536659
E6H19,2019-02-11,1.13525,1.1363,1.13,1.13085,-0.0048,-0.42%,187576,539828
E6H19,2019-02-12,1.1308,1.1372,1.12895,1.1364,0.00555,+0.49%,194232,538627
E6H19,2019-02-13,1.13595,1.13725,1.1291,1.1301,-0.0063,-0.55%,175772,537982
E6H19,2019-02-14,1.1284,1.13375,1.12765,1.13285,0.00275,+0.24%,203374,534337
E6H19,2019-02-15,1.132,1.13335,1.1261,1.1322,-0.00065,-0.06%,189300,539564
E6H19,2019-02-19,1.13185,1.13835,1.13005,1.13655,0.00435,+0.38%,286138,537396
E6H19,2019-02-20,1.13625,1.13965,1.1349,1.1375,0.00095,+0.08%,179363,530938
E6H19,2019-02-21,1.13635,1.1388,1.13405,1.13575,-0.00175,-0.15%,210286,528323
E6H19,2019-02-22,1.1355,1.1377,1.1336,1.1359,0.00015,+0.01%,143192,529355
E6H19,2019-02-25,1.1355,1.13875,1.13545,1.13845,0.00255,+0.22%,121870,527345
E6H19,2019-02-26,1.1377,1.14215,1.13635,1.14155,0.0031,+0.27%,191827,528376
E6H19,2019-02-27,1.1411,1.14215,1.138,1.1388,-0.00275,-0.24%,143814,528608
E6H19,2019-02-28,1.13865,1.14365,1.13745,1.13935,0.00055,+0.05%,211362,526677
E6H19,2019-03-01,1.13865,1.1423,1.1367,1.13715,-0.0022,-0.19%,162316,530097
E6H19,2019-03-04,1.1388,1.13935,1.1321,1.13435,-0.0028,-0.25%,169004,534248
E6H19,2019-03-05,1.1349,1.1351,1.13015,1.13145,-0.0029,-0.26%,177533,541753
E6H19,2019-03-06,1.13125,1.13355,1.1296,1.1318,0.00035,+0.03%,167006,539626
E6H19,2019-03-07,1.1315,1.13285,1.11845,1.1191,-0.0127,-1.12%,443479,549347
E6H19,2019-03-08,1.12015,1.12535,1.11925,1.125,0.0059,+0.53%,292693,538702
E6H19,2019-03-11,1.1243,1.12645,1.1228,1.1246,-0.0004,-0.04%,339088,548176
E6H19,2019-03-12,1.1253,1.1311,1.12525,1.1302,0.0056,+0.50%,501338,536724
E6M19,2019-03-13,1.1379,1.14295,1.13675,1.14205,0.01185,+1.05%,556575,533046
E6M19,2019-03-14,1.1417,1.1426,1.13825,1.1388,-0.00325,-0.28%,487683,535858
E6M19,2019-03-15,1.13925,1.1432,1.1387,1.14075,0.00195,+0.17%,301351,538250
E6M19,2019-03-18,1.141,1.14455,1.14055,1.14235,0.0016,+0.14%,144547,480083
E6M19,2019-03-19,1.14225,1.1448,1.14195,1.14385,0.0015,+0.13%,131591,483172
E6M19,2019-03-20,1.1433,1.15345,1.142,1.1532,0.00935,+0.82%,204208,493906
E6M19,2019-03-21,1.1509,1.1521,1.1425,1.14355,-0.00965,-0.84%,230699,485307
E6M19,2019-03-22,1.1458,1.1473,1.1354,1.1375,-0.00605,-0.53%,274691,484855
E6M19,2019-03-25,1.13725,1.1412,1.13685,1.1392,0.0017,+0.15%,155761,485575
E6M19,2019-03-26,1.1393,1.14065,1.13425,1.1358,-0.0034,-0.30%,166322,486804
E6M19,2019-03-27,1.1348,1.1364,1.132,1.13425,-0.00155,-0.14%,219178,485346
E6M19,2019-03-28,1.13255,1.1335,1.12875,1.13005,-0.0042,-0.37%,196888,487078
E6M19,2019-03-29,1.13,1.13205,1.1283,1.12885,-0.0012,-0.11%,191815,490246
E6M19,2019-04-01,1.12985,1.1323,1.12765,1.1285,-0.00035,-0.03%,178813,494697
E6M19,2019-04-02,1.1277,1.12875,1.1255,1.12695,-0.00155,-0.14%,174574,497717
E6M19,2019-04-03,1.1272,1.1326,1.1272,1.131,0.00405,+0.36%,188980,495577
E6M19,2019-04-04,1.13065,1.13155,1.12735,1.1288,-0.0022,-0.19%,133035,498366
E6M19,2019-04-05,1.1289,1.1321,1.1277,1.12845,-0.00035,-0.03%,143687,498110
E6M19,2019-04-08,1.12825,1.13415,1.12805,1.13285,0.0044,+0.39%,154023,496785
E6M19,2019-04-09,1.1328,1.13505,1.13205,1.13325,0.0004,+0.04%,139781,494804
E6M19,2019-04-10,1.1328,1.136,1.12935,1.13355,0.0003,+0.03%,202302,494556
E6M19,2019-04-11,1.1336,1.1349,1.13115,1.1317,-0.00185,-0.16%,137324,493950
E6M19,2019-04-12,1.1316,1.13855,1.1316,1.1357,0.004,+0.35%,220369,500343
E6M19,2019-04-15,1.13635,1.13815,1.1358,1.13635,0.00065,+0.06%,136406,495966
E6M19,2019-04-16,1.13595,1.13735,1.13355,1.1347,-0.00165,-0.15%,205429,499280
E6M19,2019-04-17,1.1339,1.13785,1.13335,1.13535,0.00065,+0.06%,185449,501751
E6M19,2019-04-18,1.135,1.13575,1.12795,1.1283,-0.00705,-0.62%,257330,502519
E6M19,2019-04-22,1.1294,1.1316,1.1289,1.13125,0.00295,+0.26%,72666,503014
E6M19,2019-04-23,1.13095,1.13145,1.12445,1.1268,-0.00445,-0.39%,227981,507722
E6M19,2019-04-24,1.1276,1.1277,1.11915,1.1193,-0.0075,-0.67%,267789,508377
E6M19,2019-04-25,1.1205,1.12105,1.1166,1.11765,-0.00165,-0.15%,228805,511041
E6M19,2019-04-26,1.11805,1.1222,1.11565,1.1201,0.00245,+0.22%,256692,512071
E6M19,2019-04-29,1.11925,1.12335,1.11905,1.1229,0.0028,+0.25%,153601,515227
E6M19,2019-04-30,1.12295,1.1275,1.12205,1.12665,0.00375,+0.33%,250125,517935
E6M19,2019-05-01,1.12615,1.1311,1.12325,1.12405,-0.0026,-0.23%,165790,520547
E6M19,2019-05-02,1.1242,1.12605,1.12125,1.12155,-0.0025,-0.22%,166242,518686
E6M19,2019-05-03,1.1214,1.12455,1.11755,1.1235,0.00195,+0.17%,207766,514268
E6M19,2019-05-06,1.1222,1.1249,1.1218,1.12435,0.00085,+0.08%,123162,514651
E6M19,2019-05-07,1.12345,1.12565,1.12045,1.122,-0.00235,-0.21%,179253,516282
E6M19,2019-05-08,1.12305,1.1251,1.12195,1.1229,0.0009,+0.08%,182140,512399
E6M19,2019-05-09,1.12305,1.1286,1.12075,1.1259,0.003,+0.27%,225551,515785
E6M19,2019-05-10,1.1253,1.12875,1.1251,1.1265,0.0006,+0.05%,150766,511567
E6M19,2019-05-13,1.127,1.12965,1.1254,1.1264,-0.0001,-0.01%,164093,507942
E6M19,2019-05-14,1.12565,1.12755,1.1233,1.1239,-0.0025,-0.22%,164939,504460
E6M19,2019-05-15,1.1239,1.12555,1.1208,1.12345,-0.00045,-0.04%,182402,502689
E6M19,2019-05-16,1.1234,1.1252,1.1194,1.1198,-0.00365,-0.32%,143881,510218
E6M19,2019-05-17,1.12035,1.1211,1.1182,1.11865,-0.00115,-0.10%,147136,512789
E6M19,2019-05-20,1.1185,1.1201,1.11765,1.11935,0.0007,+0.06%,111353,515623
E6M19,2019-05-21,1.1192,1.1214,1.11665,1.1183,-0.00105,-0.09%,176104,516122
E6M19,2019-05-22,1.11855,1.1205,1.11725,1.1184,0.0001,+0.01%,133181,521493
E6M19,2019-05-23,1.1174,1.12085,1.11265,1.12035,0.00195,+0.17%,257802,541890
E6M19,2019-05-24,1.12025,1.1233,1.11975,1.1226,0.00225,+0.20%,155682,535859
E6M19,2019-05-28,1.1228,1.12345,1.1177,1.11835,-0.00425,-0.38%,218424,536798
E6M19,2019-05-29,1.1183,1.119,1.11415,1.1151,-0.00325,-0.29%,199609,533471
E6M19,2019-05-30,1.11495,1.1158,1.11305,1.11495,-0.00015,-0.01%,136277,531776
E6M19,2019-05-31,1.11445,1.1194,1.1139,1.1187,0.00375,+0.34%,287881,519421
E6M19,2019-06-03,1.11805,1.12755,1.11735,1.1271,0.0084,+0.75%,259028,518436
E6M19,2019-06-04,1.1256,1.12895,1.1238,1.1271,0,0.00%,286347,517428
E6M19,2019-06-05,1.12645,1.1318,1.12305,1.12375,-0.00335,-0.30%,299005,528231
E6M19,2019-06-06,1.1234,1.1318,1.12075,1.1281,0.00435,+0.39%,311915,529168
E6M19,2019-06-07,1.12845,1.1355,1.12585,1.13465,0.00655,+0.58%,287196,535442
E6M19,2019-06-10,1.1335,1.13395,1.12965,1.1322,-0.00245,-0.22%,259183,559170
E6M19,2019-06-11,1.13185,1.1343,1.1307,1.1338,0.0016,+0.14%,486270,542810
E6U19,2019-06-12,1.1415,1.143,1.1369,1.13725,0.00345,+0.30%,751690,549379
E6U19,2019-06-13,1.13755,1.13865,1.13525,1.1362,-0.00105,-0.09%,444431,550690
E6U19,2019-06-14,1.1359,1.1372,1.12845,1.12895,-0.00725,-0.64%,357712,550241
E6U19,2019-06-17,1.1295,1.13295,1.1285,1.1299,0.00095,+0.08%,135001,491526
E6U19,2019-06-18,1.13015,1.1324,1.12615,1.1275,-0.0024,-0.21%,259345,503825
E6U19,2019-06-19,1.12745,1.13345,1.12665,1.13265,0.00515,+0.46%,182307,503660
E6U19,2019-06-20,1.13075,1.1394,1.1307,1.1369,0.00425,+0.38%,237113,506898
E6U19,2019-06-21,1.13715,1.14545,1.1359,1.14445,0.00755,+0.66%,225795,514418
E6U19,2019-06-24,1.14495,1.14795,1.14465,1.1476,0.00315,+0.28%,160733,520643
E6U19,2019-06-25,1.1472,1.1486,1.14185,1.1448,-0.0028,-0.24%,218677,521907
E6U19,2019-06-26,1.14435,1.1466,1.1422,1.1443,-0.0005,-0.04%,158531,520738
E6U19,2019-06-27,1.14435,1.1452,1.1418,1.1443,0,0.00%,143623,520358
E6U19,2019-06-28,1.1439,1.1464,1.142,1.14465,0.00035,+0.03%,154442,520747
E6U19,2019-07-01,1.1435,1.144,1.1349,1.13535,-0.0093,-0.81%,219542,522281
E6U19,2019-07-02,1.13565,1.13895,1.1342,1.1358,0.00045,+0.04%,161073,520970
E6U19,2019-07-03,1.1354,1.1379,1.13345,1.13475,-0.00105,-0.09%,139620,516294
E6U19,2019-07-05,1.1344,1.13585,1.1271,1.12855,-0.0062,-0.55%,232011,520104
E6U19,2019-07-08,1.12915,1.1297,1.127,1.1276,-0.00095,-0.08%,122139,520188
E6U19,2019-07-09,1.1276,1.1281,1.12555,1.127,-0.0006,-0.05%,114226,521379
E6U19,2019-07-10,1.12695,1.1325,1.1263,1.1313,0.0043,+0.38%,205766,524769
E6U19,2019-07-11,1.1313,1.1344,1.13035,1.1316,0.0003,+0.03%,184433,527989
E6U19,2019-07-12,1.1311,1.13325,1.12955,1.1329,0.0013,+0.11%,143554,528564
E6U19,2019-07-15,1.13285,1.13405,1.1309,1.1316,-0.0013,-0.11%,105426,530360
E6U19,2019-07-16,1.13155,1.13185,1.12575,1.1262,-0.0054,-0.48%,152227,535848
E6U19,2019-07-17,1.12645,1.1288,1.1254,1.1277,0.0015,+0.13%,119548,536317
E6U19,2019-07-18,1.12795,1.13315,1.12565,1.13195,0.00425,+0.38%,213312,537320
E6U19,2019-07-19,1.13285,1.1332,1.1253,1.12705,-0.0049,-0.43%,189233,532747
E6U19,2019-07-22,1.12715,1.12755,1.1256,1.1261,-0.00095,-0.08%,117430,531964
E6U19,2019-07-23,1.1259,1.1259,1.11945,1.1199,-0.0062,-0.55%,176743,541102
E6U19,2019-07-24,1.12015,1.1204,1.1171,1.11835,-0.00155,-0.14%,174298,549031
E6U19,2019-07-25,1.1187,1.1233,1.11455,1.11895,0.0006,+0.05%,309956,550461
E6U19,2019-07-26,1.11895,1.1195,1.1156,1.117,-0.00195,-0.17%,187375,560671
E6U19,2019-07-29,1.1171,1.1194,1.11555,1.119,0.002,+0.18%,139404,562913
E6U19,2019-07-30,1.1187,1.12035,1.11745,1.1199,0.0009,+0.08%,134832,563024
E6U19,2019-07-31,1.11965,1.12035,1.1102,1.11275,-0.00715,-0.64%,243268,567235
E6U19,2019-08-01,1.1112,1.11345,1.1065,1.1123,-0.00045,-0.04%,287896,569157
E6U19,2019-08-02,1.11205,1.11535,1.1107,1.11485,0.00255,+0.23%,218505,565609
E6U19,2019-08-05,1.11425,1.12495,1.1141,1.1239,0.00905,+0.81%,242274,561681
E6U19,2019-08-06,1.1248,1.1285,1.12025,1.1236,-0.0003,-0.03%,232293,545453
E6U19,2019-08-07,1.1237,1.12765,1.12125,1.1249,0.0013,+0.12%,215199,539576
E6U19,2019-08-08,1.12315,1.1265,1.12085,1.12175,-0.00315,-0.28%,192712,537846
E6U19,2019-08-09,1.1222,1.12535,1.1214,1.12375,0.002,+0.18%,131037,532816
E6U19,2019-08-12,1.123,1.1261,1.1192,1.12515,0.0014,+0.12%,136613,532094
E6U19,2019-08-13,1.1246,1.1259,1.11995,1.12045,-0.0047,-0.42%,211952,550607
E6U19,2019-08-14,1.1201,1.12205,1.1159,1.11675,-0.0037,-0.33%,173590,550483
E6U19,2019-08-15,1.1167,1.1184,1.11165,1.1133,-0.00345,-0.31%,199288,548998
E6U19,2019-08-16,1.11305,1.1137,1.10905,1.11225,-0.00105,-0.09%,149355,550516
E6U19,2019-08-19,1.1116,1.1138,1.1099,1.1106,-0.00165,-0.15%,114487,547358
E6U19,2019-08-20,1.11,1.11295,1.1088,1.11195,0.00135,+0.12%,132552,542806
E6U19,2019-08-21,1.1118,1.1129,1.11015,1.11075,-0.0012,-0.11%,108592,543399
E6U19,2019-08-22,1.11085,1.1133,1.10825,1.1105,-0.00025,-0.02%,206661,527407
E6U19,2019-08-23,1.10975,1.11725,1.107,1.1165,0.006,+0.54%,222394,525922
E6U19,2019-08-26,1.1166,1.11825,1.11125,1.1116,-0.0049,-0.44%,139299,524184
E6U19,2019-08-27,1.1118,1.1133,1.1103,1.111,-0.0006,-0.05%,123374,525065
E6U19,2019-08-28,1.1107,1.1114,1.1089,1.10955,-0.00145,-0.13%,137368,530465
E6U19,2019-08-29,1.1094,1.11065,1.10545,1.1065,-0.00305,-0.27%,192536,533580
E6U19,2019-08-30,1.1069,1.10725,1.09755,1.09895,-0.00755,-0.68%,220952,538905
E6U19,2019-09-03,1.10015,1.1009,1.0936,1.0978,-0.00115,-0.10%,322504,546954
E6U19,2019-09-04,1.0979,1.10485,1.0978,1.1042,0.0064,+0.58%,264724,546197
E6U19,2019-09-05,1.10445,1.10925,1.10235,1.1043,0.0001,+0.01%,273979,552228
E6U19,2019-09-06,1.10425,1.10635,1.10265,1.1037,-0.0006,-0.05%,254792,560201
E6U19,2019-09-09,1.10325,1.10735,1.1021,1.1058,0.0021,+0.19%,254326,564628
E6U19,2019-09-10,1.1054,1.10645,1.10355,1.1052,-0.0006,-0.05%,511703,585117
E6U19,2019-09-11,1.1052,1.10595,1.09895,1.10115,-0.00405,-0.37%,544527,603142
E6Z19,2019-09-12,1.1084,1.11625,1.10015,1.1149,0.01375,+1.25%,998429,589494
E6Z19,2019-09-13,1.114,1.1184,1.113,1.11415,-0.00075,-0.07%,442599,580954
E6Z19,2019-09-16,1.11495,1.11595,1.10675,1.1081,-0.00605,-0.54%,157726,500294
E6Z19,2019-09-17,1.1078,1.11475,1.10655,1.114,0.0059,+0.53%,177851,503272
E6Z19,2019-09-18,1.1145,1.1148,1.1085,1.11035,-0.00365,-0.33%,164388,505388
E6Z19,2019-09-19,1.1104,1.1144,1.10935,1.11235,0.002,+0.18%,154086,506635
E6Z19,2019-09-20,1.1109,1.1137,1.1063,1.1082,-0.00415,-0.37%,154691,508210
E6Z19,2019-09-23,1.1085,1.1091,1.10315,1.10625,-0.00195,-0.18%,168441,500375
E6Z19,2019-09-24,1.10585,1.10925,1.1049,1.10855,0.0023,+0.21%,156293,502612
E6Z19,2019-09-25,1.10855,1.1088,1.10035,1.10075,-0.0078,-0.70%,177191,506913
E6Z19,2019-09-26,1.1009,1.10315,1.0972,1.0992,-0.00155,-0.14%,192688,503940
E6Z19,2019-09-27,1.098,1.102,1.0966,1.1001,0.0009,+0.08%,163385,502575
E6Z19,2019-09-30,1.09995,1.1008,1.09445,1.09625,-0.00385,-0.35%,170424,505577
E6Z19,2019-10-01,1.0957,1.10025,1.09385,1.0996,0.00335,+0.31%,223355,511934
E6Z19,2019-10-02,1.099,1.1021,1.0962,1.10165,0.00205,+0.19%,168425,512136
E6Z19,2019-10-03,1.1015,1.1055,1.09955,1.1029,0.00125,+0.11%,204037,511822
E6Z19,2019-10-04,1.1026,1.1058,1.1012,1.1037,0.0008,+0.07%,152843,509655
E6Z19,2019-10-07,1.10305,1.10535,1.10145,1.1026,-0.0011,-0.10%,108562,509810
E6Z19,2019-10-08,1.10215,1.10475,1.09925,1.1008,-0.0018,-0.16%,166964,514638
E6Z19,2019-10-09,1.10065,1.10425,1.10055,1.10245,0.00165,+0.15%,119323,514988
E6Z19,2019-10-10,1.10205,1.1083,1.10205,1.10555,0.0031,+0.28%,203363,518373
E6Z19,2019-10-11,1.1057,1.11115,1.1049,1.109,0.00345,+0.31%,231552,517707
E6Z19,2019-10-14,1.10855,1.1089,1.10595,1.1077,-0.0013,-0.12%,103376,513226
E6Z19,2019-10-15,1.1073,1.1092,1.1037,1.1081,0.0004,+0.04%,234704,517182
E6Z19,2019-10-16,1.10775,1.11315,1.10675,1.11185,0.00375,+0.34%,228871,522198
E6Z19,2019-10-17,1.1118,1.11835,1.11085,1.1167,0.00485,+0.44%,235607,523324
E6Z19,2019-10-18,1.1171,1.1215,1.1157,1.1204,0.0037,+0.33%,143793,522545
E6Z19,2019-10-21,1.1199,1.12215,1.11805,1.1188,-0.0016,-0.14%,132447,525402
E6Z19,2019-10-22,1.11915,1.1198,1.11585,1.1165,-0.0023,-0.21%,152076,528545
E6Z19,2019-10-23,1.11655,1.11805,1.1146,1.11685,0.00035,+0.03%,115497,525214
E6Z19,2019-10-24,1.117,1.12,1.113,1.11465,-0.0022,-0.20%,188617,524326
E6Z19,2019-10-25,1.11425,1.11595,1.11095,1.11175,-0.0029,-0.26%,116060,525587
E6Z19,2019-10-28,1.1117,1.1143,1.11125,1.1134,0.00165,+0.15%,97637,526796
E6Z19,2019-10-29,1.1136,1.11535,1.1108,1.11455,0.00115,+0.10%,149334,538847
E6Z19,2019-10-30,1.1145,1.1185,1.11135,1.11595,0.0014,+0.13%,205982,545787
E6Z19,2019-10-31,1.11855,1.12075,1.11635,1.11765,0.0017,+0.15%,208759,556961
E6Z19,2019-11-01,1.1184,1.1203,1.11585,1.11945,0.0018,+0.16%,180899,555262
E6Z19,2019-11-04,1.1196,1.12055,1.11545,1.11575,-0.0037,-0.33%,151785,559143
E6Z19,2019-11-05,1.11515,1.1169,1.1092,1.10935,-0.0064,-0.57%,191633,563336
E6Z19,2019-11-06,1.11015,1.1121,1.10905,1.10965,0.0003,+0.03%,132915,563841
E6Z19,2019-11-07,1.10935,1.1117,1.1061,1.10725,-0.0024,-0.22%,191231,568189
E6Z19,2019-11-08,1.10755,1.1081,1.1042,1.10485,-0.0024,-0.22%,134821,570111
E6Z19,2019-11-11,1.1044,1.1067,1.10405,1.1058,0.00095,+0.09%,104472,569273
E6Z19,2019-11-12,1.1057,1.10615,1.10255,1.1035,-0.0023,-0.21%,129173,569527
E6Z19,2019-11-13,1.10335,1.1043,1.1018,1.10245,-0.00105,-0.10%,151327,571728
E6Z19,2019-11-14,1.1029,1.10485,1.10095,1.10425,0.0018,+0.16%,134748,575005
E6Z19,2019-11-15,1.10405,1.10765,1.1034,1.10725,0.003,+0.27%,141848,579406
E6Z19,2019-11-18,1.1072,1.11095,1.10705,1.1094,0.00215,+0.19%,136893,575168
E6Z19,2019-11-19,1.109,1.1102,1.1081,1.10965,0.00025,+0.02%,114016,577689
E6Z19,2019-11-20,1.10945,1.1099,1.10705,1.1087,-0.00095,-0.09%,161752,581146
E6Z19,2019-11-21,1.10915,1.1113,1.1067,1.10745,-0.00125,-0.11%,150437,579803
E6Z19,2019-11-22,1.1076,1.11115,1.1029,1.10355,-0.0039,-0.35%,169562,580744
E6Z19,2019-11-25,1.10355,1.1047,1.10175,1.10235,-0.0012,-0.11%,138905,578748
E6Z19,2019-11-26,1.10265,1.10385,1.102,1.10345,0.0011,+0.10%,114588,578450
E6Z19,2019-11-27,1.1035,1.1037,1.10045,1.10175,-0.0017,-0.15%,145878,582395
E6Z19,2019-11-29,1.1016,1.10385,1.09905,1.1027,0.00095,+0.09%,199175,583293
E6Z19,2019-12-02,1.10295,1.11,1.1012,1.10885,0.00615,+0.56%,282210,591459
E6Z19,2019-12-03,1.10865,1.1103,1.10745,1.10895,0.0001,+0.01%,199784,590124
E6Z19,2019-12-04,1.10895,1.1124,1.10745,1.10825,-0.0007,-0.06%,334511,608194
E6Z19,2019-12-05,1.1083,1.1114,1.1083,1.1106,0.00235,+0.21%,255200,620481
E6Z19,2019-12-06,1.11095,1.1115,1.10445,1.1061,-0.0045,-0.41%,309696,633735
E6Z19,2019-12-09,1.1063,1.1083,1.1058,1.1069,0.0008,+0.07%,302123,666250
E6Z19,2019-12-10,1.1068,1.1102,1.1067,1.11005,0.00315,+0.28%,507757,646417
E6H20,2019-12-11,1.1165,1.12185,1.1145,1.12115,0.0111,+1.00%,993197,603869
E6H20,2019-12-12,1.1204,1.12255,1.11745,1.1185,-0.00265,-0.24%,670589,570083
E6H20,2019-12-13,1.125,1.12635,1.11815,1.1191,0.0006,+0.05%,406048,581063
E6H20,2019-12-16,1.1197,1.12275,1.11915,1.12175,0.00265,+0.24%,176061,544218
E6H20,2019-12-17,1.121,1.1244,1.11985,1.1216,-0.00015,-0.01%,159735,542923
E6H20,2019-12-18,1.12205,1.12215,1.1178,1.1183,-0.0033,-0.29%,158239,539844
E6H20,2019-12-19,1.11835,1.12095,1.11725,1.11885,0.00055,+0.05%,151389,537698
E6H20,2019-12-20,1.1187,1.1189,1.11305,1.114,-0.00485,-0.43%,144406,537866
E6H20,2019-12-23,1.11405,1.1159,1.11325,1.11565,0.00165,+0.15%,107362,537886
E6H20,2019-12-24,1.11515,1.1156,1.113,1.115,-0.00065,-0.06%,46927,540395
E6H20,2019-12-26,1.1154,1.1172,1.1144,1.11655,0.00155,+0.14%,47860,542023
E6H20,2019-12-27,1.116,1.12465,1.1159,1.12445,0.0079,+0.71%,175547,551000
E6H20,2019-12-30,1.12375,1.1275,1.1234,1.12565,0.0012,+0.11%,154367,556590
E6H20,2019-12-31,1.12565,1.1293,1.12515,1.1282,0.00255,+0.23%,120673,557585
E6H20,2020-01-02,1.1267,1.12755,1.12135,1.1217,-0.0065,-0.58%,180883,555585
E6H20,2020-01-03,1.1222,1.1229,1.11735,1.1217,0,0.00%,171069,551151
E6H20,2020-01-06,1.12085,1.12545,1.1206,1.12405,0.00235,+0.21%,141205,556170
E6H20,2020-01-07,1.1246,1.12465,1.1181,1.11925,-0.0048,-0.43%,158238,555940
E6H20,2020-01-08,1.1198,1.12155,1.11485,1.1158,-0.00345,-0.31%,209882,558833
E6H20,2020-01-09,1.1153,1.11655,1.1137,1.11515,-0.00065,-0.06%,149002,561099
E6H20,2020-01-10,1.11515,1.11735,1.1129,1.1166,0.00145,+0.13%,163530,559950
E6H20,2020-01-13,1.11615,1.11905,1.11565,1.1182,0.0016,+0.14%,154922,572105
E6H20,2020-01-14,1.11775,1.11875,1.11465,1.1171,-0.0011,-0.10%,142860,571239
E6H20,2020-01-15,1.1169,1.12055,1.116,1.11925,0.00215,+0.19%,144841,575844
E6H20,2020-01-16,1.1192,1.12125,1.11665,1.1174,-0.00185,-0.17%,148965,573415
E6H20,2020-01-17,1.1176,1.1182,1.1125,1.11325,-0.00415,-0.37%,143635,577243
E6H20,2020-01-21,1.1129,1.1156,1.1115,1.11325,0,0.00%,243463,582164
E6H20,2020-01-22,1.11185,1.11355,1.11065,1.11295,-0.0003,-0.03%,183007,577039
E6H20,2020-01-23,1.1128,1.1144,1.10705,1.1089,-0.00405,-0.36%,238931,586015
E6H20,2020-01-24,1.1089,1.1101,1.1051,1.10635,-0.00255,-0.23%,156204,587764
E6H20,2020-01-27,1.10625,1.1071,1.10425,1.1049,-0.00145,-0.13%,156876,593826
E6H20,2020-01-28,1.1051,1.1058,1.103,1.1049,0,0.00%,143457,598793
E6H20,2020-01-29,1.10525,1.106,1.1024,1.1051,0.0002,+0.02%,163678,601285
E6H20,2020-01-30,1.10415,1.10685,1.10365,1.1059,0.0008,+0.07%,166757,600629
E6H20,2020-01-31,1.1062,1.1125,1.10455,1.11185,0.00595,+0.54%,231067,592601
E6H20,2020-02-03,1.11165,1.112,1.1061,1.10925,-0.0026,-0.23%,183179,591531
E6H20,2020-02-04,1.10875,1.1092,1.10605,1.107,-0.00225,-0.20%,147826,594698
E6H20,2020-02-05,1.10715,1.10745,1.102,1.1023,-0.0047,-0.42%,199975,602379
E6H20,2020-02-06,1.10245,1.10385,1.0989,1.10015,-0.00215,-0.20%,181048,608660
E6H20,2020-02-07,1.10035,1.10085,1.0966,1.097,-0.00315,-0.29%,192921,609234
E6H20,2020-02-10,1.0968,1.0981,1.09305,1.09375,-0.00325,-0.30%,160681,609145
E6H20,2020-02-11,1.09335,1.09475,1.09135,1.09445,0.0007,+0.06%,174514,612444
E6H20,2020-02-12,1.094,1.09475,1.0887,1.08885,-0.0056,-0.51%,193223,618413
E6H20,2020-02-13,1.0892,1.0908,1.08525,1.08625,-0.0026,-0.24%,198476,622327
E6H20,2020-02-14,1.0859,1.08805,1.0846,1.0859,-0.00035,-0.03%,165322,619392
E6H20,2020-02-18,1.0857,1.08695,1.08025,1.08115,-0.00475,-0.44%,318858,617487
E6H20,2020-02-19,1.081,1.0829,1.0799,1.08135,0.0002,+0.02%,182641,620330
E6H20,2020-02-20,1.0822,1.08365,1.0793,1.08045,-0.0009,-0.08%,238296,618251
E6H20,2020-02-21,1.0798,1.08785,1.07975,1.0872,0.00675,+0.62%,265867,623016
E6H20,2020-02-24,1.0845,1.0887,1.0819,1.08565,-0.00155,-0.14%,261656,623351
E6H20,2020-02-25,1.0867,1.09035,1.0843,1.0894,0.00375,+0.35%,281674,625563
E6H20,2020-02-26,1.08945,1.09215,1.08675,1.09115,0.00175,+0.16%,286556,616846
E6H20,2020-02-27,1.08935,1.1018,1.089,1.0998,0.00865,+0.79%,395193,625933
E6H20,2020-02-28,1.1014,1.10635,1.09615,1.10395,0.00415,+0.38%,432404,620226
E6H20,2020-03-02,1.1064,1.11945,1.10465,1.1173,0.01335,+1.21%,502393,632495
E6H20,2020-03-03,1.11545,1.1221,1.1104,1.11865,0.00135,+0.12%,426264,640357
E6H20,2020-03-04,1.1183,1.1195,1.1103,1.1146,-0.00405,-0.36%,352572,634251
E6H20,2020-03-05,1.11395,1.12505,1.1125,1.1207,0.0061,+0.55%,383870,663626
E6H20,2020-03-06,1.1239,1.13605,1.12155,1.1322,0.0115,+1.03%,485668,681624
E6H20,2020-03-09,1.13485,1.1502,1.1344,1.1466,0.0144,+1.27%,499928,692342
E6H20,2020-03-10,1.1453,1.14625,1.1279,1.13,-0.0166,-1.45%,621312,659151
E6H20,2020-03-11,1.1294,1.13695,1.12605,1.1284,-0.0016,-0.14%,810058,704005
E6M20,2020-03-12,1.1306,1.1375,1.11055,1.1216,-0.0068,-0.60%,848211,729583
E6M20,2020-03-13,1.1207,1.12635,1.111,1.11245,-0.00915,-0.82%,467544,764443
E6M20,2020-03-16,1.1214,1.1278,1.1128,1.1227,0.01025,+0.92%,202845,592452
E6M20,2020-03-17,1.12435,1.1244,1.1005,1.10495,-0.01775,-1.58%,198460,588116
E6M20,2020-03-18,1.10515,1.10945,1.085,1.09265,-0.0123,-1.11%,239662,581273
E6M20,2020-03-19,1.0972,1.10345,1.0707,1.0719,-0.02075,-1.90%,280497,582389
E6M20,2020-03-20,1.0714,1.08715,1.0675,1.06915,-0.00275,-0.26%,252490,579472
E6M20,2020-03-23,1.07315,1.08715,1.0671,1.07715,0.008,+0.75%,224227,578421
E6M20,2020-03-24,1.0773,1.09315,1.07665,1.07995,0.0028,+0.26%,197785,571086
E6M20,2020-03-25,1.0822,1.09345,1.08005,1.09085,0.0109,+1.01%,172443,561138
E6M20,2020-03-26,1.0923,1.1096,1.0909,1.108,0.01715,+1.57%,207536,558585
E6M20,2020-03-27,1.107,1.11875,1.0991,1.1157,0.0077,+0.69%,200419,555627
E6M20,2020-03-30,1.1165,1.11835,1.10465,1.10635,-0.00935,-0.84%,150281,555884
E6M20,2020-03-31,1.10815,1.10865,1.0959,1.10495,-0.0014,-0.13%,206814,551752
E6M20,2020-04-01,1.10625,1.10695,1.0931,1.0957,-0.00925,-0.84%,159309,550972
E6M20,2020-04-02,1.0979,1.09905,1.0844,1.0873,-0.0084,-0.77%,173983,552205
E6M20,2020-04-03,1.08805,1.08835,1.07955,1.0834,-0.0039,-0.36%,135281,548779
E6M20,2020-04-06,1.0835,1.0857,1.07915,1.08205,-0.00135,-0.12%,127267,547266
E6M20,2020-04-07,1.0816,1.09525,1.08075,1.09275,0.0107,+0.99%,166654,554697
E6M20,2020-04-08,1.09155,1.09245,1.0851,1.0883,-0.00445,-0.41%,130671,553882
E6M20,2020-04-09,1.08785,1.09715,1.08615,1.09555,0.00725,+0.67%,168436,550696
E6M20,2020-04-13,1.09565,1.09865,1.0912,1.09425,-0.0013,-0.12%,72998,545130
E6M20,2020-04-14,1.093,1.1005,1.0928,1.09995,0.0057,+0.52%,120835,543361
E6M20,2020-04-15,1.1,1.1007,1.08725,1.0939,-0.00605,-0.55%,143129,542824
E6M20,2020-04-16,1.0924,1.0927,1.0832,1.08615,-0.00775,-0.71%,138726,544919
E6M20,2020-04-17,1.0872,1.09095,1.0827,1.08835,0.0022,+0.20%,129946,543353
E6M20,2020-04-20,1.0891,1.0912,1.08555,1.08765,-0.0007,-0.06%,102613,545041
E6M20,2020-04-21,1.08825,1.08955,1.08305,1.08665,-0.001,-0.09%,136945,546661
E6M20,2020-04-22,1.0869,1.0899,1.0816,1.08325,-0.0034,-0.31%,120205,549262
E6M20,2020-04-23,1.0836,1.08595,1.0768,1.07975,-0.0035,-0.32%,178600,546814
E6M20,2020-04-24,1.079,1.08425,1.0739,1.08105,0.0013,+0.12%,130140,543863
E6M20,2020-04-27,1.08325,1.08725,1.08235,1.08435,0.0033,+0.31%,96768,542455
E6M20,2020-04-28,1.08415,1.09005,1.08205,1.0847,0.00035,+0.03%,131701,545082
E6M20,2020-04-29,1.08325,1.0895,1.08305,1.08805,0.00335,+0.31%,118501,538536
E6M20,2020-04-30,1.08835,1.09825,1.08415,1.0962,0.00815,+0.75%,227249,541602
E6M20,2020-05-01,1.0961,1.10285,1.09435,1.09865,0.00245,+0.22%,89041,538233
E6M20,2020-05-04,1.09815,1.0984,1.09035,1.0915,-0.00715,-0.65%,108187,540693
E6M20,2020-05-05,1.09095,1.0935,1.0834,1.086,-0.0055,-0.50%,164941,541624
E6M20,2020-05-06,1.08495,1.08525,1.079,1.08125,-0.00475,-0.44%,119637,541728
E6M20,2020-05-07,1.08015,1.0842,1.0774,1.08345,0.0022,+0.20%,125590,542495
E6M20,2020-05-08,1.08395,1.08835,1.08225,1.085,0.00155,+0.14%,107043,539928
E6M20,2020-05-11,1.08395,1.08575,1.08075,1.08165,-0.00335,-0.31%,110915,546753
E6M20,2020-05-12,1.08145,1.0893,1.0791,1.08605,0.0044,+0.41%,151138,547329
E6M20,2020-05-13,1.08545,1.09045,1.0818,1.0822,-0.00385,-0.35%,148425,549501
E6M20,2020-05-14,1.08245,1.083,1.0781,1.0789,-0.0033,-0.30%,150228,550617
E6M20,2020-05-15,1.08115,1.08575,1.0795,1.082,0.0031,+0.29%,142036,550081
E6M20,2020-05-18,1.082,1.0933,1.0805,1.092,0.01,+0.92%,183936,547610
E6M20,2020-05-19,1.0921,1.09815,1.0908,1.0952,0.0032,+0.29%,155412,547206
E6M20,2020-05-20,1.09285,1.1005,1.0924,1.09915,0.00395,+0.36%,134893,552118
E6M20,2020-05-21,1.0984,1.1014,1.09415,1.09605,-0.0031,-0.28%,140396,553512
E6M20,2020-05-22,1.09525,1.09585,1.089,1.0892,-0.00685,-0.62%,121309,551502
E6M20,2020-05-26,1.09025,1.1,1.0874,1.0998,0.0106,+0.97%,207783,556749
E6M20,2020-05-27,1.09815,1.10345,1.09375,1.09945,-0.00035,-0.03%,261589,567144
E6M20,2020-05-28,1.10105,1.1097,1.09945,1.10925,0.0098,+0.89%,191191,575185
E6M20,2020-05-29,1.1084,1.11485,1.1073,1.1101,0.00085,+0.08%,233825,576738
E6M20,2020-06-01,1.1119,1.11575,1.11035,1.11355,0.00345,+0.31%,132035,574855
E6M20,2020-06-02,1.11345,1.11995,1.11175,1.11745,0.0039,+0.35%,198900,583384
E6M20,2020-06-03,1.11735,1.12605,1.11695,1.12405,0.0066,+0.59%,236621,590997
E6M20,2020-06-04,1.1237,1.13645,1.11965,1.1352,0.01115,+0.99%,332766,596090
E6M20,2020-06-05,1.13385,1.13855,1.12805,1.12955,-0.00565,-0.50%,278042,599012
E6M20,2020-06-08,1.1296,1.1321,1.127,1.1306,0.00105,+0.09%,244750,598534
E6M20,2020-06-09,1.1294,1.13655,1.1242,1.13465,0.00405,+0.36%,450135,592915
E6U20,2020-06-10,1.1365,1.1447,1.13455,1.1418,0.00715,+0.63%,842818,629411
E6U20,2020-06-11,1.1403,1.14275,1.13135,1.13245,-0.00935,-0.82%,520613,646570
E6U20,2020-06-12,1.132,1.1365,1.12365,1.1255,-0.00695,-0.61%,448313,666569
E6U20,2020-06-15,1.12665,1.13565,1.125,1.13405,0.00855,+0.76%,178333,572669
E6U20,2020-06-16,1.1348,1.13775,1.1251,1.12955,-0.0045,-0.40%,185949,574939
E6U20,2020-06-17,1.12845,1.1317,1.1229,1.1254,-0.00415,-0.37%,150793,578204
E6U20,2020-06-18,1.12635,1.12835,1.1208,1.12305,-0.00235,-0.21%,142010,578414
E6U20,2020-06-19,1.12255,1.1277,1.11895,1.12075,-0.0023,-0.20%,171819,579251
E6U20,2020-06-22,1.1202,1.12925,1.11895,1.1282,0.00745,+0.66%,118470,581539
E6U20,2020-06-23,1.1283,1.1371,1.12545,1.1333,0.0051,+0.45%,162513,585421
E6U20,2020-06-24,1.133,1.1347,1.1269,1.128,-0.0053,-0.47%,174778,581721
E6U20,2020-06-25,1.1274,1.12795,1.121,1.1236,-0.0044,-0.39%,158273,579116
E6U20,2020-06-26,1.1236,1.1259,1.12145,1.12465,0.00105,+0.09%,128668,577620
E6U20,2020-06-29,1.124,1.13075,1.12365,1.1254,0.00075,+0.07%,154118,579457
E6U20,2020-06-30,1.12575,1.1281,1.1208,1.12535,-0.00005,0.00%,198938,579738
E6U20,2020-07-01,1.125,1.12935,1.1202,1.12635,0.001,+0.09%,178307,584845
E6U20,2020-07-02,1.12675,1.13205,1.1241,1.12455,-0.0018,-0.16%,170632,582066
E6U20,2020-07-06,1.126,1.1364,1.12365,1.13335,0.0088,+0.78%,247447,595122
E6U20,2020-07-07,1.13265,1.135,1.12755,1.13035,-0.003,-0.26%,173829,593341
E6U20,2020-07-08,1.1292,1.13685,1.1279,1.1353,0.00495,+0.44%,182345,601561
E6U20,2020-07-09,1.135,1.13865,1.1296,1.13125,-0.00405,-0.36%,212426,599948
E6U20,2020-07-10,1.1298,1.1341,1.127,1.13155,0.0003,+0.03%,154572,599098
E6U20,2020-07-13,1.1321,1.1392,1.1318,1.137,0.00545,+0.48%,193058,597763
E6U20,2020-07-14,1.13665,1.14245,1.13405,1.141,0.004,+0.35%,194486,604982
E6U20,2020-07-15,1.14195,1.14675,1.14065,1.14215,0.00115,+0.10%,191862,612656
E6U20,2020-07-16,1.1427,1.14565,1.13845,1.13925,-0.0029,-0.25%,208518,617282
E6U20,2020-07-17,1.1397,1.14585,1.13915,1.1452,0.00595,+0.52%,151921,621234
E6U20,2020-07-20,1.14325,1.14815,1.14165,1.14555,0.00035,+0.03%,204291,623079
E6U20,2020-07-21,1.146,1.1554,1.14365,1.15445,0.0089,+0.78%,255118,636212
E6U20,2020-07-22,1.15465,1.1616,1.15205,1.1583,0.00385,+0.33%,265358,649008
E6U20,2020-07-23,1.1587,1.164,1.15535,1.1622,0.0039,+0.34%,236325,658140
E6U20,2020-07-24,1.161,1.1671,1.15945,1.165,0.0028,+0.24%,216241,665206
E6U20,2020-07-27,1.1659,1.1794,1.1655,1.17635,0.01135,+0.97%,268754,675391
E6U20,2020-07-28,1.17635,1.1786,1.17115,1.1736,-0.00275,-0.23%,213196,678965
E6U20,2020-07-29,1.17325,1.1819,1.1726,1.17775,0.00415,+0.35%,222542,684473
E6U20,2020-07-30,1.18055,1.18595,1.17425,1.18475,0.007,+0.59%,243125,688212
E6U20,2020-07-31,1.18545,1.19195,1.17725,1.17995,-0.0048,-0.41%,325243,693143
E6U20,2020-08-03,1.179,1.18075,1.17065,1.17705,-0.0029,-0.25%,214447,701467
E6U20,2020-08-04,1.1774,1.18165,1.1731,1.1792,0.00215,+0.18%,197097,704875
E6U20,2020-08-05,1.1808,1.1915,1.1803,1.18705,0.00785,+0.67%,216402,711565
E6U20,2020-08-06,1.1874,1.1926,1.18265,1.1884,0.00135,+0.11%,236545,707065
E6U20,2020-08-07,1.1888,1.1892,1.1764,1.1791,-0.0093,-0.78%,239697,708900
E6U20,2020-08-10,1.1795,1.18095,1.17445,1.17525,-0.00385,-0.33%,163061,706093
E6U20,2020-08-11,1.175,1.1817,1.173,1.1754,0.00015,+0.01%,228084,706458
E6U20,2020-08-12,1.1748,1.1826,1.1719,1.17925,0.00385,+0.33%,202581,707290
E6U20,2020-08-13,1.1793,1.1872,1.17915,1.18065,0.0014,+0.12%,197896,708180
E6U20,2020-08-14,1.1823,1.18575,1.17885,1.1845,0.00385,+0.33%,155309,705912
E6U20,2020-08-17,1.18495,1.1888,1.18355,1.18725,0.00275,+0.23%,130521,704141
E6U20,2020-08-18,1.18775,1.1973,1.1875,1.1945,0.00725,+0.61%,210317,704050
E6U20,2020-08-19,1.19405,1.19595,1.1836,1.1862,-0.0083,-0.69%,224044,705210
E6U20,2020-08-20,1.18465,1.18745,1.18075,1.1858,-0.0004,-0.03%,206817,703338
E6U20,2020-08-21,1.1868,1.1888,1.17585,1.17935,-0.00645,-0.54%,199709,705542
E6U20,2020-08-24,1.17995,1.18555,1.17895,1.17975,0.0004,+0.03%,142428,701429
E6U20,2020-08-25,1.17935,1.18485,1.1789,1.1838,0.00405,+0.34%,158833,704077
E6U20,2020-08-26,1.1839,1.1845,1.17765,1.18195,-0.00185,-0.16%,169541,704309
E6U20,2020-08-27,1.18365,1.19065,1.17655,1.1828,0.00085,+0.07%,344056,706262
E6U20,2020-08-28,1.18245,1.19235,1.18145,1.18945,0.00665,+0.56%,246437,703350
E6U20,2020-08-31,1.1914,1.19695,1.18875,1.19395,0.0045,+0.38%,207847,702181
E6U20,2020-09-01,1.1941,1.2015,1.19045,1.1913,-0.00265,-0.22%,277685,698211
E6U20,2020-09-02,1.1918,1.19315,1.18245,1.1828,-0.0085,-0.71%,256009,701456
E6U20,2020-09-03,1.1855,1.1867,1.17905,1.18585,0.00305,+0.26%,244943,697840
E6U20,2020-09-04,1.18505,1.18675,1.17825,1.1853,-0.00055,-0.05%,251397,690710
E6U20,2020-09-08,1.1841,1.18505,1.17665,1.17825,-0.00705,-0.59%,556838,690782
E6U20,2020-09-09,1.17735,1.1836,1.1753,1.1809,0.00265,+0.22%,705386,680741
E6Z20,2020-09-10,1.1829,1.19415,1.1825,1.185,0.0041,+0.35%,855019,789916
E6Z20,2020-09-11,1.18435,1.1898,1.1843,1.1855,0.0005,+0.04%,325101,822155
E6Z20,2020-09-14,1.1864,1.19125,1.18555,1.1889,0.0034,+0.29%,130611,659976
E6Z20,2020-09-15,1.1889,1.1924,1.1862,1.18765,-0.00125,-0.11%,138577,658174
E6Z20,2020-09-16,1.1871,1.1905,1.18095,1.1821,-0.00555,-0.47%,204376,668704
E6Z20,2020-09-17,1.1836,1.18745,1.1759,1.1861,0.004,+0.34%,208325,672824
E6Z20,2020-09-18,1.18665,1.18925,1.1848,1.1874,0.0013,+0.11%,143093,672867
E6Z20,2020-09-21,1.18675,1.18935,1.17515,1.17755,-0.00985,-0.83%,237163,669087
E6Z20,2020-09-22,1.17885,1.1793,1.1712,1.1726,-0.00495,-0.42%,216411,666412
E6Z20,2020-09-23,1.17275,1.1739,1.1671,1.16775,-0.00485,-0.41%,205882,662279
E6Z20,2020-09-24,1.168,1.17065,1.16455,1.16855,0.0008,+0.07%,192846,657167
E6Z20,2020-09-25,1.16875,1.1704,1.16305,1.16415,-0.0044,-0.38%,175298,652631
E6Z20,2020-09-28,1.16475,1.16995,1.16345,1.1683,0.00415,+0.36%,153570,650697
E6Z20,2020-09-29,1.16805,1.1765,1.16805,1.1756,0.0073,+0.62%,178039,655912
E6Z20,2020-09-30,1.17575,1.17735,1.17025,1.17355,-0.00205,-0.17%,217047,652188
E6Z20,2020-10-01,1.17395,1.17875,1.1735,1.17635,0.0028,+0.24%,187783,649503
E6Z20,2020-10-02,1.17645,1.17655,1.17125,1.173,-0.00335,-0.28%,186628,645576
E6Z20,2020-10-05,1.173,1.1815,1.1725,1.17925,0.00625,+0.53%,154008,651281
E6Z20,2020-10-06,1.1801,1.1825,1.1748,1.17695,-0.0023,-0.20%,171193,652135
E6Z20,2020-10-07,1.17505,1.1799,1.17415,1.17835,0.0014,+0.12%,134609,653297
E6Z20,2020-10-08,1.1783,1.1797,1.1748,1.1773,-0.00105,-0.09%,130227,649624
E6Z20,2020-10-09,1.17755,1.18475,1.17735,1.18405,0.00675,+0.57%,158826,654518
E6Z20,2020-10-12,1.18325,1.1842,1.1802,1.1825,-0.00155,-0.13%,115643,651311
E6Z20,2020-10-13,1.1827,1.1831,1.1745,1.176,-0.0065,-0.55%,175132,646165
E6Z20,2020-10-14,1.1758,1.17865,1.17345,1.1766,0.0006,+0.05%,143090,641549
E6Z20,2020-10-15,1.17625,1.17725,1.1702,1.17115,-0.00545,-0.46%,179020,643951
E6Z20,2020-10-16,1.17225,1.17605,1.17075,1.17325,0.0021,+0.18%,150579,640602
E6Z20,2020-10-19,1.1735,1.18075,1.1717,1.17815,0.0049,+0.42%,177948,640236
E6Z20,2020-10-20,1.1779,1.18545,1.17735,1.184,0.00585,+0.50%,169274,644667
E6Z20,2020-10-21,1.1835,1.18945,1.18345,1.1875,0.0035,+0.30%,190668,639847
E6Z20,2020-10-22,1.18745,1.18795,1.18235,1.1831,-0.0044,-0.37%,152566,636397
E6Z20,2020-10-23,1.18325,1.18775,1.1799,1.18715,0.00405,+0.34%,170661,637797
E6Z20,2020-10-26,1.187,1.18725,1.1815,1.1826,-0.00455,-0.38%,155539,635211
E6Z20,2020-10-27,1.1822,1.18515,1.1804,1.1825,-0.0001,-0.01%,141117,636778
E6Z20,2020-10-28,1.18,1.1801,1.1729,1.1763,-0.0062,-0.52%,244450,639642
E6Z20,2020-10-29,1.17555,1.17695,1.1661,1.1682,-0.0081,-0.69%,236627,637809
E6Z20,2020-10-30,1.1684,1.1715,1.1651,1.1655,-0.0027,-0.23%,200523,632770
E6Z20,2020-11-02,1.1655,1.1667,1.1632,1.1642,-0.0013,-0.11%,133741,628747
E6Z20,2020-11-03,1.16505,1.1751,1.1648,1.17165,0.00745,+0.64%,156498,627754
E6Z20,2020-11-04,1.1741,1.17825,1.16125,1.1735,0.00185,+0.16%,262562,630901
E6Z20,2020-11-05,1.1733,1.1869,1.17205,1.1848,0.0113,+0.96%,210153,637074
E6Z20,2020-11-06,1.18335,1.19005,1.18045,1.18915,0.00435,+0.37%,197483,634059
E6Z20,2020-11-09,1.18965,1.19295,1.18035,1.1841,-0.00505,-0.42%,249569,634812
E6Z20,2020-11-10,1.1825,1.1853,1.17885,1.1822,-0.0019,-0.16%,159522,638993
E6Z20,2020-11-11,1.1826,1.18415,1.17535,1.17825,-0.00395,-0.33%,143807,637639
E6Z20,2020-11-12,1.17835,1.1831,1.1767,1.1815,0.00325,+0.28%,124427,636614
E6Z20,2020-11-13,1.18135,1.18455,1.18065,1.18405,0.00255,+0.22%,89848,635811
E6Z20,2020-11-16,1.18465,1.1877,1.1821,1.185,0.00095,+0.08%,126096,633116
E6Z20,2020-11-17,1.18625,1.19015,1.18495,1.18715,0.00215,+0.18%,127138,637946
E6Z20,2020-11-18,1.18695,1.18975,1.1856,1.18695,-0.0002,-0.02%,115056,638698
E6Z20,2020-11-19,1.18595,1.18885,1.1822,1.18815,0.0012,+0.10%,143450,642127
E6Z20,2020-11-20,1.1879,1.18965,1.1855,1.18635,-0.0018,-0.15%,123088,641086
E6Z20,2020-11-23,1.1865,1.1912,1.18045,1.18475,-0.0016,-0.13%,208469,641086
E6Z20,2020-11-24,1.1847,1.1902,1.18435,1.18875,0.004,+0.34%,153010,644566
E6Z20,2020-11-25,1.1898,1.1935,1.18865,1.19215,0.0034,+0.29%,187230,642020
E6Z20,2020-11-27,1.1921,1.19665,1.1889,1.19605,0.0039,+0.33%,200577,646293
E6Z20,2020-11-30,1.1968,1.20075,1.19275,1.19505,-0.001,-0.08%,247705,642434
E6Z20,2020-12-01,1.1932,1.208,1.1932,1.2051,0.01005,+0.84%,263096,654257
E6Z20,2020-12-02,1.2076,1.21215,1.2043,1.2102,0.0051,+0.42%,254095,657301
E6Z20,2020-12-03,1.21155,1.2177,1.2103,1.21445,0.00425,+0.35%,253448,659899
E6Z20,2020-12-04,1.2144,1.2179,1.2112,1.21395,-0.0005,-0.04%,286966,682760
E6Z20,2020-12-07,1.2132,1.2168,1.208,1.21205,-0.0019,-0.16%,355784,685319
E6Z20,2020-12-08,1.21125,1.21355,1.20965,1.21055,-0.0015,-0.12%,399082,683351
E6Z20,2020-12-09,1.21065,1.2149,1.20595,1.20735,-0.0032,-0.26%,734116,693457
E6H21,2020-12-10,1.2113,1.2189,1.2106,1.21635,0.009,+0.75%,820359,731658
E6H21,2020-12-11,1.21705,1.21935,1.2136,1.21425,-0.0021,-0.17%,384996,769235
E6H21,2020-12-14,1.2162,1.2206,1.21455,1.2176,0.00335,+0.28%,187158,654631
E6H21,2020-12-15,1.2174,1.2198,1.2149,1.2187,0.0011,+0.09%,147526,657046
E6H21,2020-12-16,1.2181,1.2241,1.21555,1.2194,0.0007,+0.06%,214791,661920
E6H21,2020-12-17,1.2229,1.23035,1.22195,1.22935,0.00995,+0.82%,195311,663002
E6H21,2020-12-18,1.22995,1.23,1.22555,1.2272,-0.00215,-0.17%,155931,661699
E6H21,2020-12-21,1.22555,1.2285,1.2158,1.228,0.0008,+0.07%,254548,659499
E6H21,2020-12-22,1.2271,1.22905,1.2185,1.2194,-0.0086,-0.70%,188389,669083
E6H21,2020-12-23,1.2195,1.2251,1.2186,1.22085,0.00145,+0.12%,185824,672853
E6H21,2020-12-24,1.22175,1.22435,1.2205,1.2211,0.00025,+0.02%,57184,672492
E6H21,2020-12-28,1.2219,1.2278,1.2208,1.22325,0.00215,+0.18%,122653,671681
E6H21,2020-12-29,1.2234,1.23,1.22335,1.2277,0.00445,+0.36%,127810,671643
E6H21,2020-12-30,1.22745,1.233,1.2271,1.23085,0.00315,+0.26%,134797,670796
E6H21,2020-12-31,1.2319,1.2329,1.2229,1.2246,-0.00625,-0.51%,132454,670003
E6H21,2021-01-04,1.2252,1.23295,1.2249,1.2271,0.0025,+0.20%,183309,672113
E6H21,2021-01-05,1.2268,1.2324,1.22655,1.2322,0.0051,+0.42%,133881,673532
E6H21,2021-01-06,1.2316,1.2368,1.22835,1.23265,0.00045,+0.04%,217715,673626
E6H21,2021-01-07,1.23445,1.2362,1.2262,1.2285,-0.00415,-0.34%,162064,671714
E6H21,2021-01-08,1.2286,1.2302,1.221,1.22325,-0.00525,-0.43%,214626,674504
E6H21,2021-01-11,1.22335,1.2235,1.21485,1.2179,-0.00535,-0.44%,150439,676157
E6H21,2021-01-12,1.21715,1.2226,1.21535,1.2217,0.0038,+0.31%,144661,677952
E6H21,2021-01-13,1.22225,1.22395,1.21555,1.21705,-0.00465,-0.38%,146870,679110
E6H21,2021-01-14,1.21745,1.2195,1.2125,1.21705,0,0.00%,168397,680174
E6H21,2021-01-15,1.2166,1.2178,1.20885,1.20925,-0.0078,-0.64%,143696,678408
E6H21,2021-01-19,1.2096,1.216,1.20675,1.2141,0.00485,+0.40%,230037,676515
E6H21,2021-01-20,1.2145,1.2174,1.2091,1.21215,-0.00195,-0.16%,146038,672752
E6H21,2021-01-21,1.21225,1.2187,1.21215,1.21725,0.0051,+0.42%,163927,682718
E6H21,2021-01-22,1.218,1.2203,1.21645,1.2181,0.00085,+0.07%,137272,678426
E6H21,2021-01-25,1.2183,1.2197,1.2129,1.21515,-0.00295,-0.24%,157053,679454
E6H21,2021-01-26,1.2155,1.2189,1.21205,1.21775,0.0026,+0.21%,165110,677432
E6H21,2021-01-27,1.2172,1.21825,1.20695,1.21125,-0.0065,-0.53%,287601,683137
E6H21,2021-01-28,1.21205,1.21545,1.2092,1.21435,0.0031,+0.26%,200453,678293
E6H21,2021-01-29,1.21345,1.2168,1.21055,1.2143,-0.00005,0.00%,219438,673813
E6H21,2021-02-01,1.21415,1.21475,1.20665,1.2078,-0.0065,-0.54%,183504,676150
E6H21,2021-02-02,1.2072,1.20985,1.20215,1.20305,-0.00475,-0.39%,196046,675520
E6H21,2021-02-03,1.20525,1.206,1.20135,1.2036,0.00055,+0.05%,156452,669837
E6H21,2021-02-04,1.2045,1.2052,1.1966,1.19755,-0.00605,-0.50%,170796,667113
E6H21,2021-02-05,1.1973,1.206,1.19605,1.20525,0.0077,+0.64%,195111,668805
E6H21,2021-02-08,1.2054,1.20745,1.20285,1.20645,0.0012,+0.10%,149024,671755
E6H21,2021-02-09,1.206,1.21295,1.20555,1.2126,0.00615,+0.51%,183665,673116
E6H21,2021-02-10,1.2128,1.21515,1.21165,1.2137,0.0011,+0.09%,156706,674871
E6H21,2021-02-11,1.21275,1.2157,1.21205,1.2138,0.0001,+0.01%,116359,676423
E6H21,2021-02-12,1.21395,1.2141,1.20875,1.2123,-0.0015,-0.12%,147466,673026
E6H21,2021-02-16,1.2129,1.21765,1.2101,1.2122,-0.0001,-0.01%,265360,675761
E6H21,2021-02-17,1.21105,1.2112,1.20295,1.2043,-0.0079,-0.65%,210122,677198
E6H21,2021-02-18,1.20485,1.21005,1.2041,1.20915,0.00485,+0.40%,177501,677725
E6H21,2021-02-19,1.2098,1.21505,1.20875,1.21215,0.003,+0.25%,177944,688339
E6H21,2021-02-22,1.21295,1.21745,1.2096,1.2173,0.00515,+0.42%,199901,695960
E6H21,2021-02-23,1.2164,1.2186,1.214,1.21485,-0.00245,-0.20%,162758,696916
E6H21,2021-02-24,1.21525,1.21795,1.21135,1.2153,0.00045,+0.04%,222032,693330
E6H21,2021-02-25,1.2171,1.2249,1.216,1.21885,0.00355,+0.29%,330320,711565
E6H21,2021-02-26,1.2185,1.2188,1.2066,1.20815,-0.0107,-0.88%,315355,706604
E6H21,2021-03-01,1.208,1.2105,1.2031,1.20505,-0.0031,-0.26%,227973,702414
E6H21,2021-03-02,1.20525,1.20975,1.19945,1.20875,0.0037,+0.31%,231807,698229
E6H21,2021-03-03,1.20875,1.2116,1.20455,1.20685,-0.0019,-0.16%,199733,695681
E6H21,2021-03-04,1.2067,1.20685,1.19635,1.19675,-0.0101,-0.84%,277812,709040
E6H21,2021-03-05,1.1975,1.1977,1.18945,1.1915,-0.00525,-0.44%,308058,710577
E6H21,2021-03-08,1.1919,1.1934,1.18455,1.1859,-0.0056,-0.47%,278538,712592
E6H21,2021-03-09,1.18485,1.19165,1.18365,1.1902,0.0043,+0.36%,363992,722123
E6H21,2021-03-10,1.19045,1.1931,1.187,1.1923,0.0021,+0.18%,797732,744810
E6M21,2021-03-11,1.1952,1.20145,1.19395,1.2007,0.0084,+0.70%,770304,792573
E6M21,2021-03-12,1.20075,1.2012,1.19335,1.1973,-0.0034,-0.28%,313000,797177
E6M21,2021-03-15,1.19745,1.19905,1.1934,1.1949,-0.0024,-0.20%,151605,637345
E6M21,2021-03-16,1.1952,1.19755,1.1905,1.1927,-0.0022,-0.18%,164528,638977
E6M21,2021-03-17,1.19275,1.2009,1.19085,1.20005,0.00735,+0.62%,195109,643300
E6M21,2021-03-18,1.20015,1.2011,1.1928,1.1936,-0.00645,-0.54%,199399,639583
E6M21,2021-03-19,1.19365,1.1959,1.18955,1.193,-0.0006,-0.05%,175134,636444
E6M21,2021-03-22,1.19,1.1969,1.18925,1.19635,0.00335,+0.28%,151124,639784
E6M21,2021-03-23,1.19555,1.19625,1.18635,1.1873,-0.00905,-0.76%,177684,641428
E6M21,2021-03-24,1.1869,1.1873,1.18305,1.18425,-0.00305,-0.26%,168186,642000
E6M21,2021-03-25,1.18335,1.18475,1.178,1.1796,-0.00465,-0.39%,191572,641582
E6M21,2021-03-26,1.17865,1.18245,1.17865,1.18095,0.00135,+0.11%,133760,640401
E6M21,2021-03-29,1.1812,1.18135,1.17795,1.1783,-0.00265,-0.22%,138523,641672
E6M21,2021-03-30,1.1783,1.17925,1.1729,1.1736,-0.0047,-0.40%,155960,645121
E6M21,2021-03-31,1.1736,1.17785,1.17215,1.1742,0.0006,+0.05%,182535,643320
E6M21,2021-04-01,1.17445,1.17975,1.17295,1.17885,0.00465,+0.40%,162637,641665
E6M21,2021-04-05,1.17765,1.18375,1.17535,1.1829,0.00405,+0.34%,99053,640019
E6M21,2021-04-06,1.18305,1.18945,1.18115,1.18875,0.00585,+0.49%,172026,642671
E6M21,2021-04-07,1.18895,1.19315,1.1877,1.18825,-0.0005,-0.04%,175012,646094
E6M21,2021-04-08,1.18875,1.1943,1.1876,1.1933,0.00505,+0.42%,153105,644869
E6M21,2021-04-09,1.193,1.19355,1.18825,1.19185,-0.00145,-0.12%,151283,641662
E6M21,2021-04-12,1.1916,1.1935,1.1886,1.19205,0.0002,+0.02%,142034,643428
E6M21,2021-04-13,1.1928,1.19715,1.18925,1.19615,0.0041,+0.34%,183269,648681
E6M21,2021-04-14,1.1965,1.2003,1.19635,1.1986,0.00245,+0.20%,153443,655423
E6M21,2021-04-15,1.19945,1.2008,1.19705,1.1989,0.0003,+0.03%,153665,655869
E6M21,2021-04-16,1.198,1.20085,1.19645,1.19925,0.00035,+0.03%,131334,655592
E6M21,2021-04-19,1.19915,1.20625,1.1956,1.2053,0.00605,+0.50%,205362,663704
E6M21,2021-04-20,1.205,1.20935,1.20355,1.2044,-0.0009,-0.07%,151829,661640
E6M21,2021-04-21,1.20505,1.2057,1.2012,1.20425,-0.00015,-0.01%,122882,662717
E6M21,2021-04-22,1.2047,1.2083,1.20065,1.202,-0.00225,-0.19%,176240,661844
E6M21,2021-04-23,1.20285,1.2113,1.2025,1.2105,0.0085,+0.71%,152159,670631
E6M21,2021-04-26,1.2109,1.2129,1.2073,1.21045,-0.00005,0.00%,150103,668029
E6M21,2021-04-27,1.21015,1.2105,1.2069,1.2099,-0.00055,-0.05%,127571,672072
E6M21,2021-04-28,1.21025,1.21465,1.20675,1.21365,0.00375,+0.31%,194558,674978
E6M21,2021-04-29,1.2138,1.21615,1.2113,1.21355,-0.0001,-0.01%,154819,679480
E6M21,2021-04-30,1.21355,1.2137,1.20265,1.20325,-0.0103,-0.85%,220253,671510
E6M21,2021-05-03,1.20395,1.20865,1.2023,1.20765,0.0044,+0.37%,126483,677693
E6M21,2021-05-04,1.20725,1.20745,1.20085,1.20215,-0.0055,-0.46%,161586,677397
E6M21,2021-05-05,1.20195,1.2036,1.1995,1.2009,-0.00125,-0.10%,135083,675943
E6M21,2021-05-06,1.2015,1.2081,1.20015,1.20635,0.00545,+0.45%,149922,683731
E6M21,2021-05-07,1.2072,1.218,1.2061,1.21735,0.011,+0.91%,228716,699394
E6M21,2021-05-10,1.21755,1.2187,1.2136,1.2154,-0.00195,-0.16%,154864,698979
E6M21,2021-05-11,1.2139,1.21895,1.2131,1.216,0.0006,+0.05%,155832,697211
E6M21,2021-05-12,1.21575,1.216,1.2071,1.20875,-0.00725,-0.60%,230685,682657
E6M21,2021-05-13,1.2079,1.2113,1.2058,1.20835,-0.0004,-0.03%,161252,689384
E6M21,2021-05-14,1.2088,1.2155,1.20775,1.215,0.00665,+0.55%,169765,708097
E6M21,2021-05-17,1.2153,1.21755,1.2133,1.21655,0.00155,+0.13%,125523,710020
E6M21,2021-05-18,1.21605,1.22415,1.2159,1.22355,0.007,+0.58%,180148,727631
E6M21,2021-05-19,1.22305,1.22515,1.21655,1.21785,-0.0057,-0.47%,194762,724872
E6M21,2021-05-20,1.21815,1.22345,1.2174,1.2225,0.00465,+0.38%,125403,727500
E6M21,2021-05-21,1.2235,1.22455,1.2166,1.21865,-0.00385,-0.31%,165318,720270
E6M21,2021-05-24,1.21885,1.22355,1.2176,1.2218,0.00315,+0.26%,131161,731708
E6M21,2021-05-25,1.222,1.2271,1.22165,1.22605,0.00425,+0.35%,173918,738138
E6M21,2021-05-26,1.22555,1.22675,1.21865,1.2197,-0.00635,-0.52%,171024,731149
E6M21,2021-05-27,1.2197,1.2218,1.21785,1.22025,0.00055,+0.05%,159007,735249
E6M21,2021-05-28,1.2198,1.22085,1.2136,1.22045,0.0002,+0.02%,187764,730708
E6M21,2021-06-01,1.22005,1.2258,1.21865,1.22315,0.0027,+0.22%,216909,742079
E6M21,2021-06-02,1.2217,1.22295,1.21665,1.2214,-0.00175,-0.14%,180237,738911
E6M21,2021-06-03,1.2216,1.22165,1.212,1.21275,-0.00865,-0.71%,223094,736330
E6M21,2021-06-04,1.2128,1.21885,1.21055,1.2167,0.00395,+0.33%,194495,733382
E6M21,2021-06-07,1.21675,1.2204,1.21465,1.21965,0.00295,+0.24%,195900,740925
E6M21,2021-06-08,1.2193,1.2196,1.21655,1.2181,-0.00155,-0.13%,309482,743159
E6M21,2021-06-09,1.2174,1.22195,1.2172,1.21805,-0.00005,0.00%,787532,785569
E6U21,2021-06-10,1.2202,1.22175,1.21565,1.2194,0.00135,+0.11%,777179,828190
E6U21,2021-06-11,1.21965,1.2215,1.21145,1.2124,-0.007,-0.57%,348762,833309
E6U21,2021-06-14,1.213,1.2152,1.2116,1.21395,0.00155,+0.13%,122481,697743
E6U21,2021-06-15,1.21415,1.2169,1.2122,1.21465,0.0007,+0.06%,126947,694722
E6U21,2021-06-16,1.215,1.2156,1.2015,1.2039,-0.01075,-0.89%,207396,703138
E6U21,2021-06-17,1.20145,1.20265,1.19115,1.1931,-0.0108,-0.90%,310535,705224
E6U21,2021-06-18,1.19255,1.1945,1.1867,1.1892,-0.0039,-0.33%,228684,702790
E6U21,2021-06-21,1.1882,1.1942,1.18675,1.19295,0.00375,+0.32%,207214,695550
E6U21,2021-06-22,1.19365,1.19725,1.19005,1.1956,0.00265,+0.22%,162779,694804
E6U21,2021-06-23,1.1961,1.199,1.19305,1.19485,-0.00075,-0.06%,160267,693894
E6U21,2021-06-24,1.19465,1.19755,1.1936,1.195,0.00015,+0.01%,117632,693002
E6U21,2021-06-25,1.19505,1.19945,1.1945,1.19495,-0.00005,0.00%,131596,692852
E6U21,2021-06-28,1.1956,1.19635,1.1921,1.1942,-0.00075,-0.06%,145123,697114
E6U21,2021-06-29,1.19435,1.1948,1.18955,1.192,-0.0022,-0.18%,143984,697425
E6U21,2021-06-30,1.1917,1.1927,1.18625,1.1865,-0.0055,-0.46%,169466,696676
E6U21,2021-07-01,1.1874,1.19015,1.1854,1.1858,-0.0007,-0.06%,155905,694150
E6U21,2021-07-02,1.18655,1.1891,1.18235,1.18605,0.00025,+0.02%,190868,694727
E6U21,2021-07-06,1.1883,1.19115,1.18205,1.18395,-0.0021,-0.18%,268299,699383
E6U21,2021-07-07,1.18365,1.18535,1.1797,1.18215,-0.0018,-0.15%,159098,700690
E6U21,2021-07-08,1.1808,1.18835,1.17985,1.1855,0.00335,+0.28%,179257,700131
E6U21,2021-07-09,1.186,1.1896,1.184,1.1892,0.0037,+0.31%,135904,697322
E6U21,2021-07-12,1.1892,1.1895,1.1851,1.1873,-0.0019,-0.16%,118973,693514
E6U21,2021-07-13,1.1876,1.189,1.1786,1.1796,-0.0077,-0.65%,221539,688952
E6U21,2021-07-14,1.1792,1.18535,1.17855,1.1844,0.0048,+0.41%,170724,685998
E6U21,2021-07-15,1.1847,1.1864,1.18095,1.18205,-0.00235,-0.20%,128596,688822
E6U21,2021-07-16,1.18245,1.18355,1.1805,1.1822,0.00015,+0.01%,123789,694799
E6U21,2021-07-19,1.1821,1.1838,1.17765,1.1804,-0.0018,-0.15%,224886,683029
E6U21,2021-07-20,1.1808,1.1815,1.1768,1.17945,-0.00095,-0.08%,172620,683075
E6U21,2021-07-21,1.17925,1.18175,1.1764,1.18125,0.0018,+0.15%,138170,680544
E6U21,2021-07-22,1.1809,1.18425,1.1769,1.1783,-0.00295,-0.25%,208390,682213
E6U21,2021-07-23,1.1783,1.1798,1.1766,1.17825,-0.00005,0.00%,128250,682577
E6U21,2021-07-26,1.1783,1.18285,1.1774,1.18125,0.003,+0.25%,132819,679244
E6U21,2021-07-27,1.18135,1.18525,1.17805,1.1834,0.00215,+0.18%,166044,678008
E6U21,2021-07-28,1.18295,1.1861,1.1783,1.18495,0.00155,+0.13%,193088,673782
E6U21,2021-07-29,1.18545,1.1903,1.1851,1.1901,0.00515,+0.43%,151108,671461
E6U21,2021-07-30,1.18965,1.1919,1.18615,1.1866,-0.0035,-0.29%,164869,671453
E6U21,2021-08-02,1.18755,1.19065,1.18685,1.18825,0.00165,+0.14%,109248,672621
E6U21,2021-08-03,1.18805,1.1903,1.18625,1.1872,-0.00105,-0.09%,93627,674491
E6U21,2021-08-04,1.1872,1.1909,1.18415,1.18475,-0.00245,-0.21%,155225,679262
E6U21,2021-08-05,1.1845,1.18655,1.18365,1.18445,-0.0003,-0.03%,121705,682109
E6U21,2021-08-06,1.18425,1.1844,1.1762,1.17655,-0.0079,-0.67%,168047,694199
E6U21,2021-08-09,1.17665,1.1777,1.1742,1.17485,-0.0017,-0.14%,133448,698307
E6U21,2021-08-10,1.1747,1.17505,1.1717,1.17295,-0.0019,-0.16%,116566,702098
E6U21,2021-08-11,1.17275,1.1762,1.1713,1.17455,0.0016,+0.14%,141239,703627
E6U21,2021-08-12,1.17485,1.1755,1.173,1.17365,-0.0009,-0.08%,113959,700823
E6U21,2021-08-13,1.17365,1.18115,1.1736,1.18015,0.0065,+0.55%,144084,687383
E6U21,2021-08-16,1.1803,1.18075,1.1774,1.17815,-0.002,-0.17%,101196,685120
E6U21,2021-08-17,1.17845,1.17905,1.17135,1.17165,-0.0065,-0.55%,144368,694792
E6U21,2021-08-18,1.17175,1.1749,1.1699,1.1718,0.00015,+0.01%,137624,698810
E6U21,2021-08-19,1.17135,1.1721,1.16705,1.16805,-0.00375,-0.32%,137148,700195
E6U21,2021-08-20,1.16815,1.17095,1.1669,1.17015,0.0021,+0.18%,118360,705279
E6U21,2021-08-23,1.17005,1.1755,1.16975,1.1753,0.00515,+0.44%,130673,699014
E6U21,2021-08-24,1.1751,1.17695,1.1732,1.17595,0.00065,+0.06%,119501,698547
E6U21,2021-08-25,1.1762,1.1779,1.17305,1.17755,0.0016,+0.14%,122560,699075
E6U21,2021-08-26,1.17755,1.17825,1.17495,1.1755,-0.00205,-0.17%,114943,701776
E6U21,2021-08-27,1.1759,1.1806,1.17375,1.1798,0.0043,+0.37%,186322,699710
E6U21,2021-08-30,1.1801,1.18135,1.1786,1.1807,0.0009,+0.08%,100130,701734
E6U21,2021-08-31,1.18005,1.1849,1.17985,1.18155,0.00085,+0.07%,195390,705110
E6U21,2021-09-01,1.1813,1.18605,1.1796,1.1849,0.00335,+0.28%,162140,696421
E6U21,2021-09-02,1.1843,1.1878,1.1836,1.18765,0.00275,+0.23%,142609,695050
E6U21,2021-09-03,1.1876,1.19115,1.1868,1.18925,0.0016,+0.13%,205889,694397
E6U21,2021-09-07,1.18815,1.1888,1.1839,1.1847,-0.00455,-0.38%,520244,696734
E6Z21,2021-09-08,1.1867,1.18735,1.18245,1.1847,0,0.00%,909836,731336
E6Z21,2021-09-09,1.1841,1.18635,1.18265,1.18515,0.00045,+0.04%,585160,736744
E6Z21,2021-09-10,1.1844,1.18725,1.18305,1.1836,-0.00155,-0.13%,308547,745215
E6Z21,2021-09-13,1.18365,1.18385,1.17905,1.18245,-0.00115,-0.10%,158343,653596
E6Z21,2021-09-14,1.18305,1.1867,1.18205,1.18285,0.0004,+0.03%,128329,653102
E6Z21,2021-09-15,1.18255,1.1853,1.1819,1.1828,-0.00005,0.00%,120904,655769
E6Z21,2021-09-16,1.1836,1.1841,1.177,1.17735,-0.00545,-0.46%,168330,651764
E6Z21,2021-09-17,1.1786,1.1809,1.1743,1.1749,-0.00245,-0.21%,169259,658708
E6Z21,2021-09-20,1.1746,1.1756,1.17195,1.1744,-0.0005,-0.04%,144910,664264
E6Z21,2021-09-21,1.17495,1.1768,1.17335,1.1745,0.0001,+0.01%,129179,663519
E6Z21,2021-09-22,1.1744,1.1775,1.1703,1.17115,-0.00335,-0.29%,181834,663392
E6Z21,2021-09-23,1.1711,1.17685,1.1701,1.1765,0.00535,+0.46%,156098,667898
E6Z21,2021-09-24,1.1757,1.17655,1.17185,1.17335,-0.00315,-0.27%,133909,657733
E6Z21,2021-09-27,1.1735,1.1743,1.17005,1.1717,-0.00165,-0.14%,132004,662443
E6Z21,2021-09-28,1.1715,1.17205,1.16855,1.16945,-0.00225,-0.19%,189070,668067
E6Z21,2021-09-29,1.17,1.1707,1.16055,1.16175,-0.0077,-0.66%,213191,681938
E6Z21,2021-09-30,1.16125,1.16255,1.1578,1.16,-0.00175,-0.15%,216842,686562
E6Z21,2021-10-01,1.1597,1.1623,1.1578,1.1613,0.0013,+0.11%,165571,692597
E6Z21,2021-10-04,1.16095,1.1656,1.16035,1.164,0.0027,+0.23%,143448,695605
E6Z21,2021-10-05,1.16335,1.1638,1.1596,1.16125,-0.00275,-0.24%,136452,693591
E6Z21,2021-10-06,1.1611,1.1616,1.15445,1.1565,-0.00475,-0.41%,181718,696557
E6Z21,2021-10-07,1.1571,1.15865,1.15615,1.1566,0.0001,+0.01%,121988,697968
E6Z21,2021-10-08,1.1569,1.16005,1.15555,1.1591,0.0025,+0.22%,161904,695711
E6Z21,2021-10-11,1.1586,1.1601,1.1562,1.15735,-0.00175,-0.15%,110054,695155
E6Z21,2021-10-12,1.1568,1.1584,1.15375,1.15435,-0.003,-0.26%,132932,695329
E6Z21,2021-10-13,1.15435,1.1611,1.15425,1.1603,0.00595,+0.52%,168065,685424
E6Z21,2021-10-14,1.16105,1.1637,1.15965,1.1612,0.0009,+0.08%,145745,689807
E6Z21,2021-10-15,1.16135,1.16315,1.16005,1.16185,0.00065,+0.06%,136071,688384
E6Z21,2021-10-18,1.16115,1.1635,1.1584,1.1623,0.00045,+0.04%,155786,681616
E6Z21,2021-10-19,1.16245,1.16815,1.16205,1.16515,0.00285,+0.25%,165308,679418
E6Z21,2021-10-20,1.1645,1.16705,1.16285,1.1668,0.00165,+0.14%,134485,675412
E6Z21,2021-10-21,1.16585,1.1679,1.1631,1.16345,-0.00335,-0.29%,139149,675665
E6Z21,2021-10-22,1.16365,1.1667,1.1632,1.16475,0.0013,+0.11%,150048,678493
E6Z21,2021-10-25,1.1651,1.1676,1.1601,1.16235,-0.0024,-0.21%,161527,685440
E6Z21,2021-10-26,1.16225,1.16365,1.15955,1.16075,-0.0016,-0.14%,136996,680374
E6Z21,2021-10-27,1.16055,1.1638,1.1595,1.16195,0.0012,+0.10%,187398,677073
E6Z21,2021-10-28,1.16135,1.17025,1.15915,1.16945,0.0075,+0.65%,280935,677599
E6Z21,2021-10-29,1.1692,1.17,1.15445,1.15685,-0.0126,-1.08%,293348,681666
E6Z21,2021-11-01,1.15715,1.16185,1.15555,1.1616,0.00475,+0.41%,142688,678259
E6Z21,2021-11-02,1.16145,1.1623,1.15845,1.1591,-0.0025,-0.22%,131837,678024
E6Z21,2021-11-03,1.15875,1.1625,1.1571,1.162,0.0029,+0.25%,166342,680321
E6Z21,2021-11-04,1.16205,1.1625,1.1535,1.1561,-0.0059,-0.51%,173980,689664
E6Z21,2021-11-05,1.15605,1.15815,1.15205,1.1558,-0.0003,-0.03%,186372,686697
E6Z21,2021-11-08,1.1573,1.1603,1.1558,1.1597,0.0039,+0.34%,132906,680273
E6Z21,2021-11-09,1.1594,1.1616,1.15765,1.16015,0.00045,+0.04%,139272,678368
E6Z21,2021-11-10,1.16015,1.16025,1.1482,1.14905,-0.0111,-0.96%,227333,690187
E6Z21,2021-11-11,1.1485,1.1494,1.14495,1.14515,-0.0039,-0.34%,147945,694652
E6Z21,2021-11-12,1.1457,1.14685,1.1439,1.145,-0.00015,-0.01%,137725,696452
E6Z21,2021-11-15,1.145,1.14695,1.1362,1.1391,-0.0059,-0.52%,168563,701524
E6Z21,2021-11-16,1.1373,1.13915,1.13145,1.1322,-0.0069,-0.61%,189590,705698
E6Z21,2021-11-17,1.1326,1.13375,1.12685,1.132,-0.0002,-0.02%,201585,709829
E6Z21,2021-11-18,1.1324,1.1379,1.1318,1.13755,0.00555,+0.49%,176113,708110
E6Z21,2021-11-19,1.1377,1.13775,1.1254,1.12935,-0.0082,-0.72%,256869,706503
E6Z21,2021-11-22,1.1289,1.12945,1.1235,1.1236,-0.00575,-0.51%,202165,707979
E6Z21,2021-11-23,1.12395,1.12785,1.123,1.1254,0.0018,+0.16%,184105,711685
E6Z21,2021-11-24,1.12525,1.1259,1.119,1.1202,-0.0052,-0.46%,211032,716175
E6Z21,2021-11-26,1.1203,1.1325,1.1203,1.1306,0.0104,+0.93%,279592,712530
E6Z21,2021-11-29,1.13,1.1304,1.12615,1.1276,-0.003,-0.27%,154807,716863
E6Z21,2021-11-30,1.1294,1.1386,1.12375,1.13265,0.00505,+0.45%,329936,705409
E6Z21,2021-12-01,1.1342,1.1363,1.1305,1.13205,-0.0006,-0.05%,220130,700369
E6Z21,2021-12-02,1.132,1.135,1.1297,1.1299,-0.00215,-0.19%,186006,704331
E6Z21,2021-12-03,1.1304,1.1336,1.12685,1.13135,0.00145,+0.13%,216404,703329
E6Z21,2021-12-06,1.13125,1.13155,1.1268,1.12805,-0.0033,-0.29%,293119,699867
E6Z21,2021-12-07,1.1286,1.13,1.12285,1.12625,-0.0018,-0.16%,428395,716213
E6Z21,2021-12-08,1.127,1.1356,1.1267,1.1351,0.00885,+0.79%,632907,702173
E6H22,2021-12-09,1.1368,1.13715,1.1305,1.13145,-0.00365,-0.32%,893962,724339
E6H22,2021-12-10,1.1319,1.13515,1.1291,1.13385,0.0024,+0.21%,343449,728996
E6H22,2021-12-13,1.1341,1.1346,1.12865,1.1316,-0.00225,-0.20%,156953,658328
E6H22,2021-12-14,1.1309,1.1351,1.12805,1.12835,-0.00325,-0.29%,135082,661711
E6H22,2021-12-15,1.1285,1.1326,1.12475,1.1298,0.00145,+0.13%,164861,663532
E6H22,2021-12-16,1.132,1.1388,1.1308,1.13505,0.00525,+0.46%,173180,666146
E6H22,2021-12-17,1.13575,1.1375,1.126,1.1277,-0.00735,-0.65%,141135,668436
E6H22,2021-12-20,1.12635,1.1327,1.12585,1.12975,0.00205,+0.18%,125555,668711
E6H22,2021-12-21,1.12985,1.1325,1.12815,1.13025,0.0005,+0.04%,125513,672239
E6H22,2021-12-22,1.13035,1.1364,1.1285,1.1354,0.00515,+0.46%,127812,680202
E6H22,2021-12-23,1.13465,1.1363,1.1311,1.13575,0.00035,+0.03%,116159,674505
E6H22,2021-12-27,1.13445,1.13555,1.1323,1.13455,-0.0012,-0.11%,74931,671774
E6H22,2021-12-28,1.13465,1.13535,1.1309,1.1322,-0.00235,-0.21%,92898,673273
E6H22,2021-12-29,1.13285,1.13905,1.1292,1.1363,0.0041,+0.36%,189403,686877
E6H22,2021-12-30,1.13665,1.13775,1.1315,1.1345,-0.0018,-0.16%,135267,685273
E6H22,2021-12-31,1.134,1.14035,1.132,1.14025,0.00575,+0.51%,124518,686562
E6H22,2022-01-03,1.1394,1.1395,1.1295,1.1313,-0.00895,-0.78%,144594,685176
E6H22,2022-01-04,1.1311,1.1338,1.1287,1.1303,-0.001,-0.09%,155075,678218
E6H22,2022-01-05,1.1301,1.1362,1.12915,1.13255,0.00225,+0.20%,151638,677668
E6H22,2022-01-06,1.13245,1.13465,1.12985,1.13015,-0.0024,-0.21%,137465,679890
E6H22,2022-01-07,1.1311,1.138,1.13045,1.1378,0.00765,+0.68%,150299,681595
E6H22,2022-01-10,1.13745,1.13765,1.1299,1.1338,-0.004,-0.35%,143995,678269
E6H22,2022-01-11,1.1342,1.139,1.1327,1.13825,0.00445,+0.39%,145171,682293
E6H22,2022-01-12,1.13845,1.14675,1.1369,1.14635,0.0081,+0.71%,205216,696692
E6H22,2022-01-13,1.1456,1.1495,1.1449,1.14745,0.0011,+0.10%,171233,696052
E6H22,2022-01-14,1.1468,1.1496,1.14115,1.1428,-0.00465,-0.41%,155209,689163
E6H22,2022-01-18,1.1431,1.1447,1.1328,1.1339,-0.0089,-0.78%,290482,691882
E6H22,2022-01-19,1.13415,1.13695,1.13315,1.1364,0.0025,+0.22%,150256,692300
E6H22,2022-01-20,1.1355,1.1381,1.13145,1.13245,-0.00395,-0.35%,148533,695964
E6H22,2022-01-21,1.1323,1.1372,1.13125,1.1353,0.00285,+0.25%,140753,692804
E6H22,2022-01-24,1.1355,1.13565,1.13015,1.1332,-0.0021,-0.18%,166064,687419
E6H22,2022-01-25,1.1337,1.1341,1.1274,1.13155,-0.00165,-0.15%,151621,682952
E6H22,2022-01-26,1.13155,1.1322,1.12455,1.12645,-0.0051,-0.45%,165817,682777
E6H22,2022-01-27,1.1252,1.1253,1.1141,1.11505,-0.0114,-1.01%,269402,690137
E6H22,2022-01-28,1.11555,1.11835,1.11305,1.11545,0.0004,+0.04%,191317,682269
E6H22,2022-01-31,1.11555,1.12575,1.11435,1.12535,0.0099,+0.89%,196946,684616
E6H22,2022-02-01,1.12405,1.12885,1.123,1.1262,0.00085,+0.08%,180534,685431
E6H22,2022-02-02,1.12775,1.134,1.12755,1.1319,0.0057,+0.51%,177379,695813
E6H22,2022-02-03,1.13125,1.146,1.1275,1.1442,0.0123,+1.09%,286777,697997
E6H22,2022-02-04,1.1449,1.14925,1.142,1.14565,0.00145,+0.13%,242602,696474
E6H22,2022-02-07,1.1464,1.14675,1.14235,1.1452,-0.00045,-0.04%,183297,704927
E6H22,2022-02-08,1.1449,1.14565,1.1404,1.1422,-0.003,-0.26%,134512,700098
E6H22,2022-02-09,1.1425,1.1456,1.14105,1.144,0.0018,+0.16%,128648,700494
E6H22,2022-02-10,1.1429,1.15035,1.13815,1.1457,0.0017,+0.15%,273458,700494
E6H22,2022-02-11,1.1437,1.1437,1.1336,1.1343,-0.0114,-1.00%,218682,695118
E6H22,2022-02-14,1.13515,1.13765,1.12875,1.13025,-0.00405,-0.36%,198992,699784
E6H22,2022-02-15,1.13125,1.13745,1.131,1.1366,0.00635,+0.56%,167302,702047
E6H22,2022-02-16,1.13625,1.1402,1.13515,1.1396,0.003,+0.26%,136852,698617
E6H22,2022-02-17,1.138,1.1392,1.13285,1.1369,-0.0027,-0.24%,169232,695118
E6H22,2022-02-18,1.1367,1.13825,1.13185,1.13375,-0.00315,-0.28%,133979,694173
E6H22,2022-02-22,1.13235,1.13965,1.1293,1.134,0.00025,+0.02%,302251,696682
E6H22,2022-02-23,1.13315,1.1364,1.13055,1.13125,-0.00275,-0.24%,135962,695451
E6H22,2022-02-24,1.131,1.1313,1.11105,1.1191,-0.01215,-1.07%,387030,707251
E6H22,2022-02-25,1.12,1.12785,1.117,1.12675,0.00765,+0.68%,244874,704064
E6H22,2022-02-28,1.11635,1.1252,1.11485,1.12265,-0.0041,-0.36%,283297,710846
E6H22,2022-03-01,1.12235,1.12365,1.10935,1.11265,-0.01,-0.89%,266414,719975
E6H22,2022-03-02,1.11245,1.1146,1.106,1.1126,-0.00005,0.00%,294176,730373
E6H22,2022-03-03,1.11215,1.1125,1.1035,1.106,-0.0066,-0.59%,211576,737527
E6H22,2022-03-04,1.10675,1.10695,1.08875,1.0913,-0.0147,-1.33%,341199,748081
E6H22,2022-03-07,1.0928,1.0934,1.08065,1.08485,-0.00645,-0.59%,451156,747348
E6H22,2022-03-08,1.0854,1.0959,1.085,1.09075,0.0059,+0.54%,555741,738990
E6H22,2022-03-09,1.09005,1.10965,1.089,1.1079,0.01715,+1.57%,974348,753211
E6M22,2022-03-10,1.1107,1.11595,1.10135,1.10235,-0.00555,-0.50%,791140,762667
E6M22,2022-03-11,1.10255,1.10815,1.0939,1.0944,-0.00795,-0.72%,480406,791453
E6M22,2022-03-14,1.09565,1.10315,1.09365,1.09955,0.00515,+0.47%,181487,660065
E6M22,2022-03-15,1.09805,1.10565,1.09635,1.0978,-0.00175,-0.16%,186252,666010
E6M22,2022-03-16,1.0989,1.10835,1.09865,1.104,0.0062,+0.56%,234553,657771
E6M22,2022-03-17,1.1065,1.11725,1.1042,1.11355,0.00955,+0.87%,189860,662481
E6M22,2022-03-18,1.1126,1.1153,1.1037,1.10835,-0.0052,-0.47%,169145,665741
E6M22,2022-03-21,1.10845,1.11045,1.1044,1.1049,-0.00345,-0.31%,112462,664037
E6M22,2022-03-22,1.10505,1.10795,1.0994,1.10555,0.00065,+0.06%,167189,658817
E6M22,2022-03-23,1.1064,1.1078,1.09965,1.1042,-0.00135,-0.12%,147192,655592
E6M22,2022-03-24,1.10405,1.1047,1.0998,1.1032,-0.001,-0.09%,154377,654984
E6M22,2022-03-25,1.10335,1.1071,1.101,1.102,-0.0012,-0.11%,142283,653259
E6M22,2022-03-28,1.1017,1.1033,1.0977,1.1023,0.0003,+0.03%,169831,663389
E6M22,2022-03-29,1.10205,1.117,1.1002,1.1121,0.0098,+0.89%,281982,662415
E6M22,2022-03-30,1.1119,1.1202,1.11175,1.11925,0.00715,+0.64%,191521,667973
E6M22,2022-03-31,1.11875,1.12155,1.109,1.1099,-0.00935,-0.84%,242158,658648
E6M22,2022-04-01,1.10955,1.11055,1.10565,1.10685,-0.00305,-0.27%,160373,661797
E6M22,2022-04-04,1.1069,1.10835,1.0989,1.10005,-0.0068,-0.61%,148551,664085
E6M22,2022-04-05,1.10005,1.1017,1.0928,1.09325,-0.0068,-0.62%,153997,663589
E6M22,2022-04-06,1.09325,1.0966,1.09025,1.0928,-0.00045,-0.04%,168486,664599
E6M22,2022-04-07,1.0926,1.09655,1.08915,1.0907,-0.0021,-0.19%,188502,665450
E6M22,2022-04-08,1.09075,1.0918,1.0863,1.09105,0.00035,+0.03%,163115,672273
E6M22,2022-04-11,1.0939,1.09595,1.0899,1.09165,0.0006,+0.05%,133232,675928
E6M22,2022-04-12,1.09125,1.093,1.08465,1.0855,-0.00615,-0.56%,165597,678607
E6M22,2022-04-13,1.08505,1.09185,1.0833,1.09095,0.00545,+0.50%,155072,677253
E6M22,2022-04-14,1.09155,1.0948,1.0781,1.0854,-0.00555,-0.51%,277274,677911
E6M22,2022-04-18,1.08315,1.08465,1.0794,1.08085,-0.00455,-0.42%,62317,674482
E6M22,2022-04-19,1.0804,1.08385,1.07845,1.08135,0.0005,+0.05%,117965,675939
E6M22,2022-04-20,1.0811,1.089,1.08075,1.08645,0.0051,+0.47%,170898,682237
E6M22,2022-04-21,1.0874,1.09585,1.0845,1.08605,-0.0004,-0.04%,208866,685918
E6M22,2022-04-22,1.0856,1.08735,1.07925,1.0808,-0.00525,-0.48%,176359,687762
E6M22,2022-04-25,1.0831,1.084,1.0718,1.07315,-0.00765,-0.71%,198023,688712
E6M22,2022-04-26,1.07335,1.07595,1.0657,1.06665,-0.0065,-0.61%,187768,688449
E6M22,2022-04-27,1.06605,1.06765,1.05345,1.0581,-0.00855,-0.80%,260393,691392
E6M22,2022-04-28,1.0579,1.05845,1.04905,1.05245,-0.00565,-0.53%,232786,693845
E6M22,2022-04-29,1.05185,1.0612,1.051,1.0589,0.00645,+0.61%,252884,695379
E6M22,2022-05-02,1.0569,1.05875,1.0509,1.0511,-0.0078,-0.74%,134212,695854
E6M22,2022-05-03,1.05275,1.0596,1.05105,1.05445,0.00335,+0.32%,165511,694926
E6M22,2022-05-04,1.05405,1.065,1.0524,1.06355,0.0091,+0.86%,199829,699891
E6M22,2022-05-05,1.06395,1.06585,1.0509,1.05315,-0.0104,-0.98%,243835,701678
E6M22,2022-05-06,1.0556,1.0615,1.04985,1.0563,0.00315,+0.30%,259313,699511
E6M22,2022-05-09,1.05595,1.0608,1.0511,1.0581,0.0018,+0.17%,203213,703729
E6M22,2022-05-10,1.0575,1.06,1.05405,1.05455,-0.00355,-0.34%,176465,705046
E6M22,2022-05-11,1.0546,1.0592,1.05165,1.0545,-0.00005,0.00%,226494,705456
E6M22,2022-05-12,1.05275,1.05425,1.0366,1.03825,-0.01625,-1.54%,280309,701254
E6M22,2022-05-13,1.0392,1.0434,1.03615,1.0417,0.00345,+0.33%,186300,698907
E6M22,2022-05-16,1.04135,1.0455,1.0401,1.04495,0.00325,+0.31%,133450,702070
E6M22,2022-05-17,1.04495,1.05675,1.04395,1.0556,0.01065,+1.02%,197943,706712
E6M22,2022-05-18,1.056,1.0575,1.04715,1.04855,-0.00705,-0.67%,159181,707288
E6M22,2022-05-19,1.04755,1.06175,1.0471,1.0609,0.01235,+1.18%,209393,707223
E6M22,2022-05-20,1.0595,1.06085,1.0542,1.05555,-0.00535,-0.50%,148174,702458
E6M22,2022-05-23,1.05755,1.0707,1.05695,1.0702,0.01465,+1.39%,213668,709103
E6M22,2022-05-24,1.0702,1.0757,1.067,1.07335,0.00315,+0.29%,204927,708938
E6M22,2022-05-25,1.07415,1.07475,1.06505,1.0696,-0.00375,-0.35%,163217,706465
E6M22,2022-05-26,1.06885,1.0739,1.0669,1.0727,0.0031,+0.29%,126564,710745
E6M22,2022-05-27,1.0737,1.0772,1.0703,1.07385,0.00115,+0.11%,161612,701924
E6M22,2022-05-31,1.0741,1.07935,1.0685,1.0742,0.00035,+0.03%,278675,706317
E6M22,2022-06-01,1.07385,1.07445,1.06325,1.06605,-0.00815,-0.76%,229635,706660
E6M22,2022-06-02,1.0654,1.07545,1.06485,1.0743,0.00825,+0.77%,152266,709339
E6M22,2022-06-03,1.0752,1.0768,1.0707,1.07245,-0.00185,-0.17%,129365,709405
E6M22,2022-06-06,1.07215,1.07555,1.06875,1.06935,-0.0031,-0.29%,174938,706694
E6M22,2022-06-07,1.0697,1.0717,1.0655,1.07095,0.0016,+0.15%,395371,730667
E6M22,2022-06-08,1.07075,1.0751,1.06735,1.07175,0.0008,+0.07%,913973,757954
E6U22,2022-06-09,1.0782,1.08365,1.06725,1.06895,-0.0028,-0.26%,909558,801699
E6U22,2022-06-10,1.06795,1.0704,1.0567,1.05845,-0.0105,-0.98%,463359,783393
E6U22,2022-06-13,1.05765,1.05825,1.04685,1.04885,-0.0096,-0.91%,239387,672375
E6U22,2022-06-14,1.04775,1.05535,1.0464,1.0481,-0.00075,-0.07%,221860,668164
E6U22,2022-06-15,1.04835,1.05775,1.0428,1.04925,0.00115,+0.11%,302068,666857
E6U22,2022-06-16,1.05115,1.0668,1.04465,1.06425,0.015,+1.43%,270711,669099
E6U22,2022-06-17,1.0617,1.0627,1.0511,1.05575,-0.0085,-0.80%,197270,667580
E6U22,2022-06-21,1.0555,1.06485,1.05405,1.05975,0.004,+0.38%,239307,671718
E6U22,2022-06-22,1.0602,1.0673,1.05345,1.0633,0.00355,+0.33%,177056,676149
E6U22,2022-06-23,1.0631,1.0646,1.0546,1.05845,-0.00485,-0.46%,194255,671315
E6U22,2022-06-24,1.05865,1.06345,1.0576,1.0612,0.00275,+0.26%,145787,671206
E6U22,2022-06-27,1.06145,1.06785,1.0613,1.06465,0.00345,+0.33%,139693,675272
E6U22,2022-06-28,1.06445,1.0668,1.0564,1.0584,-0.00625,-0.59%,175322,671472
E6U22,2022-06-29,1.0582,1.0596,1.0495,1.0501,-0.0083,-0.78%,189159,675476
E6U22,2022-06-30,1.05005,1.05465,1.04395,1.0538,0.0037,+0.35%,239506,665327
E6U22,2022-07-01,1.0536,1.0542,1.04205,1.0481,-0.0057,-0.54%,207498,668331
E6U22,2022-07-05,1.04815,1.052,1.02895,1.0316,-0.0165,-1.57%,351159,673772
E6U22,2022-07-06,1.03205,1.0331,1.0215,1.0235,-0.0081,-0.79%,227481,671015
E6U22,2022-07-07,1.02365,1.0273,1.0195,1.02085,-0.00265,-0.26%,187375,673101
E6U22,2022-07-08,1.0214,1.0242,1.01215,1.02245,0.0016,+0.16%,228678,672902
E6U22,2022-07-11,1.02285,1.02345,1.00835,1.0112,-0.01125,-1.10%,188826,679804
E6U22,2022-07-12,1.0089,1.01235,1.0048,1.0094,-0.0018,-0.18%,226310,682031
E6U22,2022-07-13,1.0086,1.01725,1.0046,1.0114,0.002,+0.20%,297287,680006
E6U22,2022-07-14,1.0107,1.01085,1,1.0077,-0.0037,-0.37%,306444,685653
E6U22,2022-07-15,1.00675,1.01455,1.0053,1.0127,0.005,+0.50%,196202,683595
E6U22,2022-07-18,1.0134,1.0249,1.01255,1.01975,0.00705,+0.70%,193438,687403
E6U22,2022-07-19,1.01915,1.03155,1.0165,1.02775,0.008,+0.78%,247579,694106
E6U22,2022-07-20,1.0271,1.03175,1.02,1.02215,-0.0056,-0.54%,242000,692914
E6U22,2022-07-21,1.0224,1.032,1.0194,1.02335,0.0012,+0.12%,305772,690694
E6U22,2022-07-22,1.0268,1.0296,1.01695,1.02355,0.0002,+0.02%,235538,689774
E6U22,2022-07-25,1.0255,1.0298,1.0218,1.02605,0.0025,+0.24%,168941,689591
E6U22,2022-07-26,1.0259,1.029,1.01465,1.01605,-0.01,-0.97%,209090,694099
E6U22,2022-07-27,1.01565,1.02585,1.01345,1.02355,0.0075,+0.74%,240223,687527
E6U22,2022-07-28,1.02345,1.027,1.0149,1.02115,-0.0024,-0.23%,269143,684363
E6U22,2022-07-29,1.023,1.02895,1.01805,1.02545,0.0043,+0.42%,269195,679641
E6U22,2022-08-01,1.0258,1.03095,1.02395,1.02875,0.0033,+0.32%,194130,683322
E6U22,2022-08-02,1.02905,1.03275,1.0196,1.02055,-0.0082,-0.80%,203581,683883
E6U22,2022-08-03,1.01975,1.02425,1.01545,1.0186,-0.00195,-0.19%,213209,686172
E6U22,2022-08-04,1.0201,1.0284,1.01835,1.028,0.0094,+0.92%,173335,688295
E6U22,2022-08-05,1.0277,1.0281,1.01705,1.02055,-0.00745,-0.72%,191961,687760
E6U22,2022-08-08,1.02055,1.0251,1.01875,1.02155,0.001,+0.10%,140792,692287
E6U22,2022-08-09,1.0223,1.02755,1.0217,1.0233,0.00175,+0.17%,135138,692398
E6U22,2022-08-10,1.0239,1.03965,1.0229,1.03315,0.00985,+0.96%,278125,694810
E6U22,2022-08-11,1.03265,1.039,1.03005,1.035,0.00185,+0.18%,218767,693832
E6U22,2022-08-12,1.03475,1.0353,1.02625,1.029,-0.006,-0.58%,174766,689651
E6U22,2022-08-15,1.0283,1.0292,1.0178,1.0179,-0.0111,-1.08%,174154,694168
E6U22,2022-08-16,1.01815,1.02175,1.01445,1.0191,0.0012,+0.12%,198808,698570
E6U22,2022-08-17,1.0191,1.0225,1.0167,1.02065,0.00155,+0.15%,173998,700104
E6U22,2022-08-18,1.0197,1.02125,1.00985,1.01095,-0.0097,-0.95%,236610,707133
E6U22,2022-08-19,1.0106,1.0114,1.00505,1.0051,-0.00585,-0.58%,188565,711322
E6U22,2022-08-22,1.00565,1.0065,0.99435,0.99505,-0.01005,-1.00%,232178,720991
E6U22,2022-08-23,0.99585,1.00355,0.9916,0.9978,0.00275,+0.28%,279349,717921
E6U22,2022-08-24,0.99835,1.00165,0.9926,0.9979,0.0001,+0.01%,252119,722650
E6U22,2022-08-25,0.99835,1.0048,0.99635,0.9984,0.0005,+0.05%,227816,718792
E6U22,2022-08-26,0.99895,1.0104,0.996,0.9978,-0.0006,-0.06%,330859,715322
E6U22,2022-08-29,0.997,1.00425,0.99265,1.0004,0.0026,+0.26%,249433,720445
E6U22,2022-08-30,1.001,1.0067,0.99935,1.0033,0.0029,+0.29%,269555,720081
E6U22,2022-08-31,1.00285,1.00905,0.99825,1.0056,0.0023,+0.23%,281060,718410
E6U22,2022-09-01,1.00615,1.0064,0.9919,0.99535,-0.01025,-1.02%,296648,723044
E6U22,2022-09-02,0.99545,1.00425,0.99505,0.9974,0.00205,+0.21%,297332,717999
E6U22,2022-09-06,0.99375,0.9994,0.9871,0.99165,-0.00575,-0.58%,507200,721678
E6U22,2022-09-07,0.9911,1.00185,0.98825,0.9989,0.00725,+0.73%,378377,722656
E6U22,2022-09-08,1.0014,1.005,0.9935,0.99965,0.00075,+0.08%,440085,739319
E6U22,2022-09-09,0.99995,1.01175,0.99995,1.0048,0.00515,+0.52%,313192,735325
E6U22,2022-09-12,1.0092,1.0202,1.0062,1.01215,0.00735,+0.73%,493420,747380
E6U22,2022-09-13,1.01245,1.019,0.99685,0.998,-0.01415,-1.40%,578847,742244
E6Z22,2022-09-14,1.00365,1.00955,1.0026,1.00495,0.00695,+0.70%,945555,799726
E6Z22,2022-09-15,1.00495,1.0086,1.0024,1.006,0.00105,+0.10%,592518,789039
E6Z22,2022-09-16,1.00645,1.0103,1.0011,1.0069,0.0009,+0.09%,362093,772591
E6Z22,2022-09-19,1.0078,1.0096,1.0032,1.00785,0.00095,+0.09%,146097,658118
E6Z22,2022-09-20,1.0093,1.01165,1.0021,1.00345,-0.0044,-0.44%,209655,657952
E6Z22,2022-09-21,1.004,1.00405,0.98775,0.99715,-0.0063,-0.63%,336275,658470
E6Z22,2022-09-22,0.99035,0.99695,0.98685,0.98915,-0.008,-0.80%,324725,655294
E6Z22,2022-09-23,0.98975,0.9913,0.9728,0.9732,-0.01595,-1.61%,317557,656065
E6Z22,2022-09-26,0.97325,0.977,0.96095,0.96705,-0.00615,-0.63%,348339,657611
E6Z22,2022-09-27,0.96675,0.9729,0.9627,0.9657,-0.00135,-0.14%,248553,654142
E6Z22,2022-09-28,0.9651,0.98085,0.9592,0.98025,0.01455,+1.51%,329358,650790
E6Z22,2022-09-29,0.9792,0.9871,0.969,0.98465,0.0044,+0.45%,298239,646695
E6Z22,2022-09-30,0.98785,0.99085,0.9788,0.98615,0.0015,+0.15%,343318,645638
E6Z22,2022-10-03,0.9847,0.98985,0.98065,0.9871,0.00095,+0.10%,212259,642533
E6Z22,2022-10-04,0.98775,1.00545,0.98595,1.00525,0.01815,+1.84%,262157,640458
E6Z22,2022-10-05,1.0036,1.0049,0.9887,0.99465,-0.0106,-1.05%,252183,637665
E6Z22,2022-10-06,0.99375,0.9977,0.98375,0.98425,-0.0104,-1.05%,202876,639559
E6Z22,2022-10-07,0.9842,0.9867,0.9776,0.97855,-0.0057,-0.58%,193190,642737
E6Z22,2022-10-10,0.97855,0.9803,0.973,0.9753,-0.00325,-0.33%,181667,642098
E6Z22,2022-10-11,0.97535,0.98235,0.97185,0.97565,0.00035,+0.04%,191561,639348
E6Z22,2022-10-12,0.975,0.97835,0.9716,0.9746,-0.00105,-0.11%,170800,635662
E6Z22,2022-10-13,0.9752,0.98535,0.9675,0.9834,0.0088,+0.90%,261226,638714
E6Z22,2022-10-14,0.9826,0.98555,0.97535,0.977,-0.0064,-0.65%,217311,639621
E6Z22,2022-10-17,0.97675,0.98985,0.9766,0.98935,0.01235,+1.26%,186604,643914
E6Z22,2022-10-18,0.98855,0.9921,0.9857,0.98945,0.0001,+0.01%,172927,640469
E6Z22,2022-10-19,0.9905,0.99165,0.9801,0.981,-0.00845,-0.85%,199304,641984
E6Z22,2022-10-20,0.98165,0.9888,0.9796,0.9826,0.0016,+0.16%,207845,645589
E6Z22,2022-10-21,0.9829,0.99115,0.97455,0.9887,0.0061,+0.62%,353524,648285
E6Z22,2022-10-24,0.99205,0.99405,0.9848,0.99165,0.00295,+0.30%,230306,651550
E6Z22,2022-10-25,0.9915,1.00175,0.9888,1,0.00835,+0.84%,221110,666719
E6Z22,2022-10-26,1.00065,1.01285,0.9983,1.0121,0.0121,+1.21%,266222,677770
E6Z22,2022-10-27,1.0121,1.01315,0.99945,0.99995,-0.01215,-1.20%,295179,677434
E6Z22,2022-10-28,1.0004,1.00345,0.9963,0.9992,-0.00075,-0.08%,206906,679654
E6Z22,2022-10-31,0.99995,1.0001,0.99085,0.99235,-0.00685,-0.69%,167553,669995
E6Z22,2022-11-01,0.99165,0.99895,0.98875,0.99175,-0.0006,-0.06%,190368,671729
E6Z22,2022-11-02,0.9912,1.00115,0.98465,0.9921,0.00035,+0.04%,238481,670389
E6Z22,2022-11-03,0.9846,0.98715,0.97605,0.97835,-0.01375,-1.39%,212827,675992
E6Z22,2022-11-04,0.9779,0.9998,0.9773,0.99795,0.0196,+2.00%,298007,668510
E6Z22,2022-11-07,0.99615,1.00645,0.9948,1.00565,0.0077,+0.77%,181241,670508
E6Z22,2022-11-08,1.0049,1.0126,1.0001,1.01035,0.0047,+0.47%,191440,667902
E6Z22,2022-11-09,1.0103,1.01155,1.002,1.0029,-0.00745,-0.74%,189982,666478
E6Z22,2022-11-10,1.00415,1.0249,0.9962,1.0208,0.0179,+1.78%,344352,679226
E6Z22,2022-11-11,1.0227,1.03915,1.01895,1.039,0.0182,+1.78%,288195,684598
E6Z22,2022-11-14,1.03545,1.03855,1.0297,1.03795,-0.00105,-0.10%,222896,681806
E6Z22,2022-11-15,1.03495,1.05085,1.03055,1.039,0.00105,+0.10%,359421,682575
E6Z22,2022-11-16,1.0372,1.04635,1.0356,1.0417,0.0027,+0.26%,246160,680173
E6Z22,2022-11-17,1.0419,1.0429,1.03275,1.0387,-0.003,-0.29%,185186,679032
E6Z22,2022-11-18,1.0388,1.0418,1.03355,1.035,-0.0037,-0.36%,152637,677915
E6Z22,2022-11-21,1.03495,1.03545,1.02435,1.026,-0.009,-0.87%,147317,686574
E6Z22,2022-11-22,1.02635,1.0328,1.02595,1.0315,0.0055,+0.54%,128711,680873
E6Z22,2022-11-23,1.0323,1.0425,1.0316,1.042,0.0105,+1.02%,184721,683143
E6Z22,2022-11-25,1.0415,1.0466,1.0371,1.0422,0.0002,+0.02%,229657,689518
E6Z22,2022-11-28,1.03955,1.05135,1.0346,1.0354,-0.0068,-0.65%,226785,692922
E6Z22,2022-11-29,1.03595,1.041,1.03345,1.0342,-0.0012,-0.12%,185768,695776
E6Z22,2022-11-30,1.03455,1.0443,1.03045,1.04285,0.00865,+0.84%,283023,698974
E6Z22,2022-12-01,1.0421,1.05485,1.04055,1.05315,0.0103,+0.99%,278638,720441
E6Z22,2022-12-02,1.0537,1.0557,1.04395,1.05475,0.0016,+0.15%,258044,714747
E6Z22,2022-12-05,1.0549,1.0606,1.04915,1.05045,-0.0043,-0.41%,242063,710250
E6Z22,2022-12-06,1.0507,1.05435,1.04695,1.04735,-0.0031,-0.30%,189489,711537
E6Z22,2022-12-07,1.04735,1.056,1.04525,1.05235,0.005,+0.48%,299386,725083
E6Z22,2022-12-08,1.0517,1.0573,1.04965,1.05675,0.0044,+0.42%,202778,727009
E6Z22,2022-12-09,1.05635,1.05955,1.05,1.0553,-0.00145,-0.14%,260956,724805
E6Z22,2022-12-12,1.0543,1.05865,1.0512,1.0529,-0.0024,-0.23%,362110,742371
E6Z22,2022-12-13,1.0544,1.06795,1.0533,1.0642,0.0113,+1.07%,702188,772800
E6H23,2022-12-14,1.07065,1.0768,1.069,1.07375,0.00955,+0.90%,964903,808395
E6H23,2022-12-15,1.0752,1.0807,1.0662,1.0699,-0.00385,-0.36%,754163,864043
E6H23,2022-12-16,1.06955,1.07315,1.06515,1.06685,-0.00305,-0.29%,277325,855214
E6H23,2022-12-19,1.0658,1.0726,1.06435,1.0672,0.00035,+0.03%,147268,723443
E6H23,2022-12-20,1.06755,1.07265,1.0646,1.06895,0.00175,+0.16%,177497,725968
E6H23,2022-12-21,1.0688,1.0712,1.0655,1.06795,-0.001,-0.09%,154121,724758
E6H23,2022-12-22,1.067,1.0723,1.0634,1.06565,-0.0023,-0.22%,176340,726182
E6H23,2022-12-23,1.0666,1.0695,1.0649,1.0683,0.00265,+0.25%,125483,726931
E6H23,2022-12-27,1.0696,1.07315,1.0672,1.07025,0.00195,+0.18%,133215,728387
E6H23,2022-12-28,1.06995,1.07335,1.0665,1.0675,-0.00275,-0.26%,136902,722502
E6H23,2022-12-29,1.0671,1.07455,1.0665,1.07325,0.00575,+0.54%,132025,725201
E6H23,2022-12-30,1.0712,1.0767,1.06915,1.0754,0.00215,+0.20%,157939,721877
E6H23,2023-01-03,1.0723,1.0736,1.057,1.0617,-0.0137,-1.27%,264726,712030
E6H23,2023-01-04,1.06,1.0686,1.05905,1.0656,0.0039,+0.37%,209031,716489
E6H23,2023-01-05,1.0652,1.06795,1.0562,1.0578,-0.0078,-0.73%,207770,713745
E6H23,2023-01-06,1.05705,1.06965,1.0529,1.0694,0.0116,+1.10%,236813,735757
E6H23,2023-01-09,1.069,1.0812,1.0689,1.07995,0.01055,+0.99%,203683,744729
E6H23,2023-01-10,1.07815,1.0806,1.07585,1.0787,-0.00125,-0.12%,149713,746163
E6H23,2023-01-11,1.07795,1.0822,1.07705,1.0809,0.0022,+0.20%,155852,742754
E6H23,2023-01-12,1.0803,1.09115,1.0758,1.0892,0.0083,+0.77%,292602,753762
E6H23,2023-01-13,1.0892,1.09105,1.08225,1.0871,-0.0021,-0.19%,179109,750422
E6H23,2023-01-17,1.0877,1.0916,1.08145,1.0833,-0.0038,-0.35%,289015,753915
E6H23,2023-01-18,1.0828,1.09275,1.08055,1.08355,0.00025,+0.02%,249992,759876
E6H23,2023-01-19,1.08305,1.08775,1.0819,1.08685,0.0033,+0.30%,178490,768311
E6H23,2023-01-20,1.0867,1.08955,1.08385,1.08905,0.0022,+0.20%,144125,770685
E6H23,2023-01-23,1.09005,1.09625,1.0882,1.08935,0.0003,+0.03%,177331,776045
E6H23,2023-01-24,1.09055,1.0933,1.087,1.0919,0.00255,+0.23%,151804,777569
E6H23,2023-01-25,1.09195,1.0958,1.08915,1.09485,0.00295,+0.27%,162754,782228
E6H23,2023-01-26,1.0948,1.09615,1.08815,1.09205,-0.0028,-0.26%,172157,782836
E6H23,2023-01-27,1.0924,1.09315,1.08685,1.09,-0.00205,-0.19%,165925,789010
E6H23,2023-01-30,1.0898,1.09445,1.0869,1.08765,-0.00235,-0.22%,166074,799013
E6H23,2023-01-31,1.08815,1.09045,1.08305,1.08925,0.0016,+0.15%,187452,796738
E6H23,2023-02-01,1.08915,1.10395,1.088,1.10055,0.0113,+1.04%,252228,802352
E6H23,2023-02-02,1.1018,1.1059,1.0911,1.09335,-0.0072,-0.65%,318894,792028
E6H23,2023-02-03,1.09345,1.09645,1.08165,1.08285,-0.0105,-0.96%,295488,788054
E6H23,2023-02-06,1.08215,1.0822,1.07325,1.07475,-0.0081,-0.75%,179162,785131
E6H23,2023-02-07,1.0748,1.07895,1.06915,1.0742,-0.00055,-0.05%,243580,781287
E6H23,2023-02-08,1.075,1.07825,1.0731,1.07455,0.00035,+0.03%,153607,782465
E6H23,2023-02-09,1.07335,1.0811,1.07285,1.07575,0.0012,+0.11%,178266,782899
E6H23,2023-02-10,1.07595,1.0772,1.0685,1.0692,-0.00655,-0.61%,185840,780304
E6H23,2023-02-13,1.0698,1.07485,1.0674,1.0735,0.0043,+0.40%,145000,781131
E6H23,2023-02-14,1.07425,1.08245,1.07245,1.07565,0.00215,+0.20%,277047,788633
E6H23,2023-02-15,1.07515,1.0762,1.06775,1.0698,-0.00585,-0.54%,190703,786125
E6H23,2023-02-16,1.0703,1.07365,1.06675,1.07045,0.00065,+0.06%,190835,786767
E6H23,2023-02-17,1.0686,1.0713,1.06265,1.0711,0.00065,+0.06%,191756,788687
E6H23,2023-02-21,1.0706,1.07185,1.06505,1.06615,-0.00495,-0.46%,253807,789898
E6H23,2023-02-22,1.0665,1.0676,1.0611,1.06125,-0.0049,-0.46%,165963,791613
E6H23,2023-02-23,1.06165,1.0638,1.0587,1.06055,-0.0007,-0.07%,169523,791338
E6H23,2023-02-24,1.06055,1.0624,1.05455,1.05605,-0.0045,-0.42%,207196,792342
E6H23,2023-02-27,1.05535,1.06295,1.0542,1.0618,0.00575,+0.54%,182827,794956
E6H23,2023-02-28,1.0617,1.0654,1.0583,1.0592,-0.0026,-0.24%,212883,803963
E6H23,2023-03-01,1.0589,1.06995,1.05735,1.06655,0.00735,+0.69%,239293,810376
E6H23,2023-03-02,1.06775,1.0679,1.0582,1.05965,-0.0069,-0.65%,223754,814917
E6H23,2023-03-03,1.06025,1.0644,1.05935,1.06405,0.0044,+0.42%,223395,821266
E6H23,2023-03-06,1.06345,1.0699,1.06265,1.068,0.00395,+0.37%,292849,835311
E6H23,2023-03-07,1.06855,1.06985,1.05495,1.0555,-0.0125,-1.17%,507524,821057
E6H23,2023-03-08,1.0553,1.05775,1.05275,1.05495,-0.00055,-0.05%,1130560,828494
E6M23,2023-03-09,1.06045,1.0655,1.06025,1.06405,0.0091,+0.86%,728793,840426
E6M23,2023-03-10,1.06475,1.07705,1.064,1.071,0.00695,+0.65%,593551,842048
E6M23,2023-03-13,1.0744,1.08165,1.07135,1.08025,0.00925,+0.86%,356129,745049
E6M23,2023-03-14,1.07995,1.0815,1.07405,1.0803,0.00005,0.00%,260474,745403
E6M23,2023-03-15,1.0797,1.08225,1.05805,1.06525,-0.01505,-1.39%,380297,740972
E6M23,2023-03-16,1.0641,1.06955,1.06125,1.0672,0.00195,+0.18%,303645,732157
E6M23,2023-03-17,1.0669,1.0744,1.06685,1.07405,0.00685,+0.64%,203895,731993
E6M23,2023-03-20,1.0734,1.07905,1.06905,1.07815,0.0041,+0.38%,206287,733725
E6M23,2023-03-21,1.0782,1.08445,1.07615,1.0821,0.00395,+0.37%,179511,737437
E6M23,2023-03-22,1.0826,1.0968,1.0814,1.0935,0.0114,+1.05%,213801,737324
E6M23,2023-03-23,1.09165,1.09835,1.08775,1.08955,-0.00395,-0.36%,250149,751474
E6M23,2023-03-24,1.0884,1.08915,1.0768,1.0814,-0.00815,-0.75%,249946,733694
E6M23,2023-03-27,1.08165,1.0853,1.07975,1.08485,0.00345,+0.32%,126848,732306
E6M23,2023-03-28,1.0851,1.09005,1.08495,1.08955,0.0047,+0.43%,142080,732506
E6M23,2023-03-29,1.08955,1.0923,1.087,1.08965,0.0001,+0.01%,149056,737164
E6M23,2023-03-30,1.08935,1.0976,1.0873,1.09545,0.0058,+0.53%,172096,740637
E6M23,2023-03-31,1.0955,1.09745,1.0885,1.09035,-0.0051,-0.47%,197666,743516
E6M23,2023-04-03,1.08875,1.0964,1.08355,1.09435,0.004,+0.37%,185005,739271
E6M23,2023-04-04,1.09505,1.10195,1.09295,1.09995,0.0056,+0.51%,186307,747095
E6M23,2023-04-05,1.0998,1.10125,1.09345,1.0953,-0.00465,-0.42%,173481,748218
E6M23,2023-04-06,1.0952,1.0981,1.09285,1.0975,0.0022,+0.20%,123949,750009
E6M23,2023-04-07,1.09635,1.0968,1.092,1.09585,-0.00165,-0.15%,32003,748704
E6M23,2023-04-10,1.09515,1.09605,1.08745,1.09025,-0.0056,-0.51%,96294,754249
E6M23,2023-04-11,1.09075,1.0971,1.0903,1.095,0.00475,+0.44%,131941,759439
E6M23,2023-04-12,1.0956,1.10425,1.0954,1.1037,0.0087,+0.79%,202079,766661
E6M23,2023-04-13,1.10325,1.11075,1.10165,1.1088,0.0051,+0.46%,183653,773503
E6M23,2023-04-14,1.10865,1.11145,1.1012,1.10375,-0.00505,-0.46%,199690,768105
E6M23,2023-04-17,1.10355,1.1038,1.0947,1.09655,-0.0072,-0.65%,176240,769991
E6M23,2023-04-18,1.0964,1.10215,1.09595,1.101,0.00445,+0.41%,143015,766374
E6M23,2023-04-19,1.1012,1.10215,1.0954,1.099,-0.002,-0.18%,163478,768446
E6M23,2023-04-20,1.0994,1.10255,1.09685,1.10005,0.00105,+0.10%,150649,769009
E6M23,2023-04-21,1.1003,1.1029,1.09725,1.10115,0.0011,+0.10%,159599,770830
E6M23,2023-04-24,1.1024,1.1085,1.10005,1.10815,0.007,+0.64%,158514,776574
E6M23,2023-04-25,1.1081,1.11025,1.0998,1.1006,-0.00755,-0.68%,197137,772882
E6M23,2023-04-26,1.101,1.1129,1.1002,1.10725,0.00665,+0.60%,287504,778906
E6M23,2023-04-27,1.1076,1.10945,1.1023,1.10575,-0.0015,-0.14%,207854,779043
E6M23,2023-04-28,1.10585,1.1076,1.0993,1.10485,-0.0009,-0.08%,244521,778739
E6M23,2023-05-01,1.1049,1.10665,1.0995,1.1001,-0.00475,-0.43%,123220,778774
E6M23,2023-05-02,1.1001,1.10385,1.0972,1.1031,0.003,+0.27%,200479,779458
E6M23,2023-05-03,1.1032,1.11215,1.10295,1.10905,0.00595,+0.54%,221408,785431
E6M23,2023-05-04,1.10935,1.11195,1.10145,1.1044,-0.00465,-0.42%,283632,787618
E6M23,2023-05-05,1.10405,1.1076,1.09945,1.1054,0.001,+0.09%,205216,792061
E6M23,2023-05-08,1.10465,1.10805,1.10265,1.10325,-0.00215,-0.19%,126248,795573
E6M23,2023-05-09,1.10295,1.1031,1.09665,1.0992,-0.00405,-0.37%,184610,794721
E6M23,2023-05-10,1.0985,1.1032,1.09665,1.10015,0.00095,+0.09%,237855,792933
E6M23,2023-05-11,1.10075,1.1021,1.0923,1.09415,-0.006,-0.55%,223728,794145
E6M23,2023-05-12,1.0938,1.0958,1.087,1.08755,-0.0066,-0.60%,207182,794473
E6M23,2023-05-15,1.08685,1.09125,1.0867,1.0896,0.00205,+0.19%,155004,790726
E6M23,2023-05-16,1.0897,1.0926,1.08755,1.0889,-0.0007,-0.06%,153325,789930
E6M23,2023-05-17,1.08835,1.0894,1.0831,1.0858,-0.0031,-0.28%,174698,791963
E6M23,2023-05-18,1.08595,1.08665,1.0781,1.0785,-0.0073,-0.67%,169637,793546
E6M23,2023-05-19,1.07885,1.08475,1.0778,1.0826,0.0041,+0.38%,213641,784714
E6M23,2023-05-22,1.0827,1.08485,1.0813,1.0836,0.001,+0.09%,165558,784187
E6M23,2023-05-23,1.08295,1.0837,1.0777,1.07925,-0.00435,-0.40%,207390,781123
E6M23,2023-05-24,1.07885,1.08175,1.0763,1.0766,-0.00265,-0.25%,232389,781762
E6M23,2023-05-25,1.07655,1.07705,1.07215,1.0735,-0.0031,-0.29%,210264,781728
E6M23,2023-05-26,1.074,1.0774,1.07155,1.07435,0.00085,+0.08%,223138,775500
E6M23,2023-05-30,1.07385,1.07595,1.0685,1.0732,-0.00115,-0.11%,263904,775142
E6M23,2023-05-31,1.0749,1.0749,1.0647,1.06855,-0.00465,-0.43%,290296,782170
E6M23,2023-06-01,1.07005,1.07785,1.06715,1.07715,0.0086,+0.80%,236473,774208
E6M23,2023-06-02,1.07725,1.0788,1.0714,1.07205,-0.0051,-0.47%,213331,775530
E6M23,2023-06-05,1.07165,1.0731,1.06825,1.07225,0.0002,+0.02%,203930,774817
E6M23,2023-06-06,1.0721,1.07405,1.06745,1.0702,-0.00205,-0.19%,213877,781967
E6M23,2023-06-07,1.0701,1.0747,1.06755,1.0709,0.0007,+0.07%,324541,780051
E6M23,2023-06-08,1.07055,1.07925,1.07025,1.0785,0.0076,+0.71%,264097,782342
E6M23,2023-06-09,1.0788,1.07905,1.07475,1.07545,-0.00305,-0.28%,306810,778368
E6M23,2023-06-12,1.07525,1.07945,1.07375,1.076,0.00055,+0.05%,545059,793759
E6U23,2023-06-13,1.0816,1.0881,1.08155,1.08465,0.00865,+0.80%,887101,818294
E6U23,2023-06-14,1.0848,1.09195,1.083,1.0889,0.00425,+0.39%,663051,844267
E6U23,2023-06-15,1.0889,1.10045,1.08555,1.10025,0.01135,+1.04%,373192,855805
E6U23,2023-06-16,1.0997,1.10225,1.097,1.0996,-0.00065,-0.06%,210593,727842
E6U23,2023-06-20,1.0993,1.0997,1.0943,1.0968,-0.0028,-0.25%,203495,732979
E6U23,2023-06-21,1.0968,1.1041,1.0956,1.1035,0.0067,+0.61%,136676,737292
E6U23,2023-06-22,1.10355,1.10615,1.0996,1.1007,-0.0028,-0.25%,166776,742083
E6U23,2023-06-23,1.1003,1.1007,1.0891,1.09385,-0.00685,-0.62%,203715,737017
E6U23,2023-06-26,1.09455,1.0967,1.09335,1.0961,0.00225,+0.21%,137846,730187
E6U23,2023-06-27,1.0954,1.10225,1.09475,1.10055,0.00445,+0.41%,144919,732123
E6U23,2023-06-28,1.1007,1.1008,1.09415,1.0968,-0.00375,-0.34%,198381,730636
E6U23,2023-06-29,1.09575,1.09845,1.09035,1.09105,-0.00575,-0.52%,208199,727868
E6U23,2023-06-30,1.09065,1.09735,1.0876,1.0953,0.00425,+0.39%,199364,725122
E6U23,2023-07-03,1.09515,1.09755,1.0911,1.0953,0,0.00%,133511,725927
E6U23,2023-07-05,1.0955,1.09575,1.0891,1.08935,-0.00595,-0.54%,245938,715986
E6U23,2023-07-06,1.08945,1.09405,1.08715,1.092,0.00265,+0.24%,228567,717644
E6U23,2023-07-07,1.0929,1.10125,1.0906,1.1007,0.0087,+0.80%,206530,724176
E6U23,2023-07-10,1.1005,1.104,1.0982,1.10375,0.00305,+0.28%,150932,731911
E6U23,2023-07-11,1.1039,1.10655,1.1014,1.1037,-0.00005,0.00%,154729,736056
E6U23,2023-07-12,1.1046,1.11785,1.1044,1.1176,0.0139,+1.26%,242295,758978
E6U23,2023-07-13,1.11675,1.12645,1.1166,1.12585,0.00825,+0.74%,232672,770590
E6U23,2023-07-14,1.126,1.12805,1.12405,1.12695,0.0011,+0.10%,200596,771061
E6U23,2023-07-17,1.12655,1.12845,1.1239,1.1278,0.00085,+0.08%,148624,774103
E6U23,2023-07-18,1.1273,1.13105,1.12435,1.12635,-0.00145,-0.13%,214742,783132
E6U23,2023-07-19,1.1262,1.12745,1.1208,1.12355,-0.0028,-0.25%,192636,784540
E6U23,2023-07-20,1.12355,1.12615,1.11505,1.1158,-0.00775,-0.69%,174851,779765
E6U23,2023-07-21,1.1165,1.1176,1.1139,1.1156,-0.0002,-0.02%,138551,779597
E6U23,2023-07-24,1.116,1.11775,1.10905,1.11015,-0.00545,-0.49%,199779,777662
E6U23,2023-07-25,1.1094,1.1117,1.1051,1.1075,-0.00265,-0.24%,185283,772408
E6U23,2023-07-26,1.10855,1.11365,1.1067,1.11325,0.00575,+0.52%,176097,769244
E6U23,2023-07-27,1.1116,1.1177,1.0993,1.1,-0.01325,-1.19%,332168,763398
E6U23,2023-07-28,1.1006,1.10745,1.097,1.10505,0.00505,+0.46%,255617,753475
E6U23,2023-07-31,1.10445,1.10725,1.10195,1.10245,-0.0026,-0.24%,149138,748653
E6U23,2023-08-01,1.1023,1.1029,1.09775,1.0999,-0.00255,-0.23%,157286,755156
E6U23,2023-08-02,1.10395,1.1043,1.09425,1.09675,-0.00315,-0.29%,199009,753166
E6U23,2023-08-03,1.09625,1.0986,1.0935,1.0966,-0.00015,-0.01%,170256,746299
E6U23,2023-08-04,1.0972,1.1065,1.0952,1.1032,0.0066,+0.60%,211154,753745
E6U23,2023-08-07,1.10325,1.1037,1.09875,1.1029,-0.0003,-0.03%,155439,761194
E6U23,2023-08-08,1.1024,1.1033,1.09505,1.09805,-0.00485,-0.44%,169155,760968
E6U23,2023-08-09,1.09775,1.10165,1.0973,1.0996,0.00155,+0.14%,122414,761189
E6U23,2023-08-10,1.0997,1.1085,1.09865,1.101,0.0014,+0.13%,210802,762449
E6U23,2023-08-11,1.1002,1.10245,1.09615,1.09695,-0.00405,-0.37%,159541,761685
E6U23,2023-08-14,1.0967,1.0978,1.0892,1.09225,-0.0047,-0.43%,176437,760026
E6U23,2023-08-15,1.09235,1.09705,1.0914,1.0922,-0.00005,0.00%,187712,760233
E6U23,2023-08-16,1.09215,1.0951,1.08885,1.08975,-0.00245,-0.22%,137003,756547
E6U23,2023-08-17,1.0896,1.09345,1.08715,1.08725,-0.0025,-0.23%,158748,758541
E6U23,2023-08-18,1.0888,1.0909,1.08595,1.0893,0.00205,+0.19%,146130,761145
E6U23,2023-08-21,1.0889,1.0929,1.0884,1.0913,0.002,+0.18%,122731,761039
E6U23,2023-08-22,1.0911,1.09445,1.08465,1.0866,-0.0047,-0.43%,198362,750486
E6U23,2023-08-23,1.08575,1.0885,1.08155,1.08725,0.00065,+0.06%,218827,751058
E6U23,2023-08-24,1.08765,1.08885,1.08165,1.08205,-0.0052,-0.48%,158669,753334
E6U23,2023-08-25,1.0824,1.0853,1.07765,1.08185,-0.0002,-0.02%,235113,751369
E6U23,2023-08-28,1.08085,1.08325,1.0804,1.0822,0.00035,+0.03%,114504,749567
E6U23,2023-08-29,1.083,1.0902,1.0792,1.0882,0.006,+0.55%,248150,748127
E6U23,2023-08-30,1.08885,1.09555,1.08645,1.09335,0.00515,+0.47%,245781,753553
E6U23,2023-08-31,1.0937,1.09475,1.08425,1.08525,-0.0081,-0.74%,263902,750372
E6U23,2023-09-01,1.08505,1.08895,1.0779,1.0786,-0.00665,-0.61%,228399,756087
E6U23,2023-09-05,1.07815,1.08155,1.07125,1.0728,-0.0058,-0.54%,309988,754263
E6U23,2023-09-06,1.07285,1.0755,1.07085,1.07315,0.00035,+0.03%,277390,749411
E6U23,2023-09-07,1.07315,1.0736,1.06905,1.0699,-0.00325,-0.30%,206839,746974
E6U23,2023-09-08,1.06995,1.0748,1.0698,1.07015,0.00025,+0.02%,294499,739258
E6U23,2023-09-11,1.07175,1.0763,1.0711,1.07485,0.0047,+0.44%,328754,738267
E6U23,2023-09-12,1.0755,1.07725,1.07085,1.07355,-0.0013,-0.12%,531027,743759
E6Z23,2023-09-13,1.08075,1.08115,1.0759,1.078,0.00445,+0.41%,952530,808502
E6Z23,2023-09-14,1.0776,1.07975,1.0675,1.0678,-0.0102,-0.95%,643812,830086
E6Z23,2023-09-15,1.06845,1.07305,1.06755,1.07035,0.00255,+0.24%,321371,820311
E6Z23,2023-09-18,1.0707,1.0741,1.06965,1.072,0.00165,+0.15%,117735,692943
E6Z23,2023-09-19,1.0733,1.07595,1.0716,1.07185,-0.00015,-0.01%,148262,695343
E6Z23,2023-09-20,1.07175,1.0778,1.069,1.07265,0.0008,+0.07%,211865,696779
E6Z23,2023-09-21,1.07015,1.0713,1.0656,1.0701,-0.00255,-0.24%,239388,698584
E6Z23,2023-09-22,1.07015,1.0711,1.0653,1.0686,-0.0015,-0.14%,165734,694616
E6Z23,2023-09-25,1.06845,1.06935,1.0613,1.0625,-0.0061,-0.57%,167382,700899
E6Z23,2023-09-26,1.0631,1.06475,1.05995,1.06035,-0.00215,-0.20%,160512,699271
E6Z23,2023-09-27,1.0609,1.06115,1.05255,1.05445,-0.0059,-0.56%,249267,701758
E6Z23,2023-09-28,1.0543,1.06145,1.05265,1.059,0.00455,+0.43%,275048,701879
E6Z23,2023-09-29,1.06,1.06525,1.0593,1.06125,0.00225,+0.21%,248888,699106
E6Z23,2023-10-02,1.0602,1.0627,1.05115,1.0527,-0.00855,-0.81%,239437,702322
E6Z23,2023-10-03,1.0513,1.05275,1.0482,1.0509,-0.0018,-0.17%,246666,702433
E6Z23,2023-10-04,1.0498,1.0566,1.0484,1.05365,0.00275,+0.26%,239264,695773
E6Z23,2023-10-05,1.054,1.05835,1.05315,1.05825,0.0046,+0.44%,180423,697529
E6Z23,2023-10-06,1.05805,1.0632,1.0514,1.06245,0.0042,+0.40%,285542,686987
E6Z23,2023-10-09,1.05855,1.06055,1.0551,1.05955,-0.0029,-0.27%,167510,685157
E6Z23,2023-10-10,1.05985,1.0651,1.0585,1.063,0.00345,+0.33%,195840,687382
E6Z23,2023-10-11,1.0635,1.0665,1.0611,1.0637,0.0007,+0.07%,203171,691374
E6Z23,2023-10-12,1.06495,1.06685,1.05545,1.0555,-0.0082,-0.77%,214745,697320
E6Z23,2023-10-13,1.0559,1.0587,1.05235,1.05395,-0.00155,-0.15%,196591,700529
E6Z23,2023-10-16,1.0548,1.0591,1.05435,1.0582,0.00425,+0.40%,167853,696348
E6Z23,2023-10-17,1.05885,1.06225,1.056,1.0596,0.0014,+0.13%,227070,695676
E6Z23,2023-10-18,1.06045,1.06215,1.05495,1.0562,-0.0034,-0.32%,179236,696268
E6Z23,2023-10-19,1.05625,1.06415,1.0553,1.06065,0.00445,+0.42%,241163,692782
E6Z23,2023-10-20,1.06045,1.06285,1.05895,1.0617,0.00105,+0.10%,174118,695648
E6Z23,2023-10-23,1.0619,1.07025,1.05955,1.0699,0.0082,+0.77%,228312,703725
E6Z23,2023-10-24,1.06945,1.07215,1.0607,1.06125,-0.00865,-0.81%,245328,702668
E6Z23,2023-10-25,1.0614,1.063,1.05885,1.05895,-0.0023,-0.22%,188066,699139
E6Z23,2023-10-26,1.059,1.0591,1.05425,1.05825,-0.0007,-0.07%,208947,697995
E6Z23,2023-10-27,1.05835,1.06185,1.0557,1.0589,0.00065,+0.06%,213519,693598
E6Z23,2023-10-30,1.05855,1.06465,1.0568,1.0639,0.005,+0.47%,174663,696845
E6Z23,2023-10-31,1.0635,1.0696,1.0578,1.06025,-0.00365,-0.34%,245895,694962
E6Z23,2023-11-01,1.0596,1.0601,1.05365,1.0562,-0.00405,-0.38%,231068,698031
E6Z23,2023-11-02,1.05895,1.06865,1.05885,1.06445,0.00825,+0.78%,224669,703437
E6Z23,2023-11-03,1.064,1.07655,1.0633,1.07545,0.011,+1.03%,268909,701990
E6Z23,2023-11-06,1.0747,1.07745,1.07345,1.07425,-0.0012,-0.11%,187603,701210
E6Z23,2023-11-07,1.07395,1.07405,1.06815,1.0713,-0.00295,-0.27%,188790,697624
E6Z23,2023-11-08,1.0716,1.07335,1.06765,1.07185,0.00055,+0.05%,154637,692642
E6Z23,2023-11-09,1.07255,1.0741,1.0676,1.0683,-0.00355,-0.33%,168312,694108
E6Z23,2023-11-10,1.0684,1.07085,1.06715,1.06955,0.00125,+0.12%,149067,692794
E6Z23,2023-11-13,1.0701,1.0722,1.06795,1.0717,0.00215,+0.20%,139393,688108
E6Z23,2023-11-14,1.0713,1.0902,1.06725,1.08965,0.01795,+1.67%,319486,702463
E6Z23,2023-11-15,1.0892,1.0901,1.0846,1.08605,-0.0036,-0.33%,252319,707052
E6Z23,2023-11-16,1.0863,1.09085,1.08435,1.08685,0.0008,+0.07%,201013,705917
E6Z23,2023-11-17,1.0866,1.0931,1.08375,1.0913,0.00445,+0.41%,181116,704732
E6Z23,2023-11-20,1.09235,1.09645,1.09095,1.09585,0.00455,+0.42%,186002,706676
E6Z23,2023-11-21,1.09535,1.09765,1.09115,1.0927,-0.00315,-0.29%,199485,712364
E6Z23,2023-11-22,1.0922,1.09345,1.0864,1.08955,-0.00315,-0.29%,237280,719544
E6Z23,2023-11-24,1.08985,1.09555,1.08925,1.09505,0.0055,+0.50%,201969,720111
E6Z23,2023-11-27,1.09545,1.09685,1.09345,1.09655,0.0015,+0.14%,158690,718055
E6Z23,2023-11-28,1.0964,1.1018,1.09435,1.10005,0.0035,+0.32%,216451,727138
E6Z23,2023-11-29,1.1002,1.1025,1.09685,1.09915,-0.0009,-0.08%,235972,726453
E6Z23,2023-11-30,1.09785,1.0991,1.0886,1.0897,-0.00945,-0.86%,305299,730038
E6Z23,2023-12-01,1.0897,1.09195,1.0835,1.0879,-0.0018,-0.17%,280009,738950
E6Z23,2023-12-04,1.08905,1.0901,1.08095,1.0834,-0.0045,-0.41%,293970,749315
E6Z23,2023-12-05,1.0839,1.0853,1.0784,1.07895,-0.00445,-0.41%,287351,756615
E6Z23,2023-12-06,1.0802,1.08095,1.07635,1.0773,-0.00165,-0.15%,216914,754625
E6Z23,2023-12-07,1.0771,1.08215,1.0759,1.0802,0.0029,+0.27%,221085,750934
E6Z23,2023-12-08,1.07985,1.08035,1.0727,1.0762,-0.004,-0.37%,262165,754059
E6Z23,2023-12-11,1.0765,1.0782,1.07445,1.07645,0.00025,+0.02%,371754,764124
E6Z23,2023-12-12,1.0768,1.08325,1.07635,1.07925,0.0028,+0.26%,623294,792149
E6H24,2023-12-13,1.084,1.0942,1.0818,1.0933,0.01405,+1.30%,922698,829755
E6H24,2023-12-14,1.0925,1.1053,1.09195,1.1036,0.0103,+0.94%,636272,864437
E6H24,2023-12-15,1.1038,1.10475,1.09315,1.09425,-0.00935,-0.85%,368323,850533
E6H24,2023-12-18,1.0938,1.09745,1.0935,1.0959,0.00165,+0.15%,166366,701075
E6H24,2023-12-19,1.0966,1.1029,1.0957,1.1018,0.0059,+0.54%,157420,700244
E6H24,2023-12-20,1.1024,1.1025,1.097,1.09865,-0.00315,-0.29%,186244,699421
E6H24,2023-12-21,1.098,1.10525,1.0974,1.1039,0.00525,+0.48%,172192,697985
E6H24,2023-12-22,1.1049,1.10815,1.10335,1.1055,0.0016,+0.14%,168326,705595
E6H24,2023-12-26,1.10535,1.1085,1.1048,1.1084,0.0029,+0.26%,60930,705627
E6H24,2023-12-27,1.1083,1.11605,1.1068,1.11385,0.00545,+0.49%,155983,707628
E6H24,2023-12-28,1.11415,1.11745,1.10905,1.11,-0.00385,-0.35%,169834,705701
E6H24,2023-12-29,1.1097,1.11195,1.10685,1.1075,-0.0025,-0.23%,183183,716670
E6H24,2024-01-02,1.1076,1.10785,1.09725,1.09795,-0.00955,-0.86%,217331,718885
E6H24,2024-01-03,1.09745,1.09985,1.0926,1.095,-0.00295,-0.27%,217935,718781
E6H24,2024-01-04,1.0956,1.1004,1.09475,1.09795,0.00295,+0.27%,194196,717206
E6H24,2024-01-05,1.09765,1.1031,1.0908,1.0977,-0.00025,-0.02%,263980,710066
E6H24,2024-01-08,1.0977,1.101,1.09535,1.09925,0.00155,+0.14%,143202,710684
E6H24,2024-01-09,1.0984,1.09965,1.0941,1.09555,-0.0037,-0.34%,182098,714079
E6H24,2024-01-10,1.096,1.10035,1.0953,1.1001,0.00455,+0.42%,167248,730536
E6H24,2024-01-11,1.1003,1.10405,1.0958,1.10105,0.00095,+0.09%,247654,725720
E6H24,2024-01-12,1.1,1.10155,1.09645,1.09845,-0.0026,-0.24%,186892,729273
E6H24,2024-01-16,1.09775,1.09955,1.08895,1.09005,-0.0084,-0.76%,366650,733091
E6H24,2024-01-17,1.0902,1.09115,1.0871,1.0901,0.00005,0.00%,213477,727624
E6H24,2024-01-18,1.091,1.09325,1.0872,1.0887,-0.0014,-0.13%,189513,726568
E6H24,2024-01-19,1.09015,1.09235,1.08905,1.09175,0.00305,+0.28%,151206,725529
E6H24,2024-01-22,1.09195,1.09335,1.0904,1.09085,-0.0009,-0.08%,131325,724625
E6H24,2024-01-23,1.0905,1.09405,1.08455,1.0869,-0.00395,-0.36%,223751,725423
E6H24,2024-01-24,1.0878,1.0956,1.0875,1.0912,0.0043,+0.40%,240429,726015
E6H24,2024-01-25,1.09095,1.09255,1.0844,1.08585,-0.00535,-0.49%,240586,725913
E6H24,2024-01-26,1.08685,1.0909,1.08345,1.088,0.00215,+0.20%,200569,725374
E6H24,2024-01-29,1.08715,1.08725,1.08175,1.084,-0.004,-0.37%,197939,726761
E6H24,2024-01-30,1.08565,1.08795,1.0833,1.08665,0.00265,+0.24%,186937,727210
E6H24,2024-01-31,1.08655,1.09085,1.081,1.08605,-0.0006,-0.06%,348572,728724
E6H24,2024-02-01,1.08355,1.08955,1.0799,1.0892,0.00315,+0.29%,269068,724323
E6H24,2024-02-02,1.0893,1.0917,1.0799,1.0811,-0.0081,-0.74%,289635,732029
E6H24,2024-02-05,1.08,1.08045,1.0741,1.07605,-0.00505,-0.47%,223733,731541
E6H24,2024-02-06,1.07605,1.078,1.074,1.0767,0.00065,+0.06%,187478,731991
E6H24,2024-02-07,1.0772,1.08015,1.07715,1.0789,0.0022,+0.20%,170057,732142
E6H24,2024-02-08,1.0789,1.0805,1.07575,1.07905,0.00015,+0.01%,157840,734605
E6H24,2024-02-09,1.0794,1.08115,1.07775,1.07975,0.0007,+0.06%,162089,733484
E6H24,2024-02-12,1.0801,1.08205,1.07715,1.07835,-0.0014,-0.13%,147445,732735
E6H24,2024-02-13,1.07875,1.083,1.07145,1.07155,-0.0068,-0.63%,262266,740105
E6H24,2024-02-14,1.07225,1.07485,1.0709,1.0742,0.00265,+0.25%,183958,736313
E6H24,2024-02-15,1.07405,1.07975,1.0737,1.07815,0.00395,+0.37%,212359,729885
E6H24,2024-02-16,1.0787,1.08,1.07445,1.07895,0.0008,+0.07%,206714,726663
E6H24,2024-02-20,1.07895,1.08505,1.0773,1.0818,0.00285,+0.26%,339755,722299
E6H24,2024-02-21,1.0822,1.08355,1.0801,1.0828,0.001,+0.09%,162537,717583
E6H24,2024-02-22,1.0831,1.0899,1.08125,1.0832,0.0004,+0.04%,275316,722217
E6H24,2024-02-23,1.0832,1.0849,1.08215,1.0833,0.0001,+0.01%,175756,714990
E6H24,2024-02-26,1.0831,1.0869,1.0822,1.08555,0.00225,+0.21%,152488,718455
E6H24,2024-02-27,1.08605,1.08745,1.08415,1.08535,-0.0002,-0.02%,173931,715545
E6H24,2024-02-28,1.08525,1.0854,1.08045,1.0842,-0.00115,-0.11%,187338,714658
E6H24,2024-02-29,1.08455,1.0863,1.08025,1.0809,-0.0033,-0.30%,278331,715655
E6H24,2024-03-01,1.0811,1.085,1.0804,1.0848,0.0039,+0.36%,229879,713830
E6H24,2024-03-04,1.08485,1.08725,1.08435,1.0862,0.0014,+0.13%,159856,710824
E6H24,2024-03-05,1.08635,1.0882,1.0845,1.08585,-0.00035,-0.03%,165988,707108
E6H24,2024-03-06,1.0862,1.09205,1.0847,1.0902,0.00435,+0.40%,213089,706873
E6H24,2024-03-07,1.09015,1.0953,1.08715,1.0951,0.0049,+0.45%,305191,708097
E6H24,2024-03-08,1.09525,1.0985,1.09215,1.09455,-0.00055,-0.05%,332712,707277
E6H24,2024-03-11,1.09425,1.09515,1.0917,1.09275,-0.0018,-0.16%,329006,725487
E6H24,2024-03-12,1.09275,1.09465,1.09045,1.0927,-0.00005,0.00%,516782,717720
E6M24,2024-03-13,1.09685,1.1007,1.0964,1.0995,0.0068,+0.62%,946677,736864
E6M24,2024-03-14,1.09925,1.0997,1.0922,1.0927,-0.0068,-0.62%,606417,766054
E6M24,2024-03-15,1.0928,1.0941,1.09145,1.09315,0.00045,+0.04%,276764,759151
E6M24,2024-03-18,1.0932,1.09465,1.0907,1.0911,-0.00205,-0.19%,150873,656135
E6M24,2024-03-19,1.0912,1.09165,1.08745,1.0903,-0.0008,-0.07%,188554,656182
E6M24,2024-03-20,1.09045,1.09625,1.08755,1.09545,0.00515,+0.47%,235008,660271
E6M24,2024-03-21,1.0962,1.09815,1.08935,1.09005,-0.0054,-0.49%,292039,658360
E6M24,2024-03-22,1.0902,1.09055,1.08395,1.08415,-0.0059,-0.54%,252544,658782
E6M24,2024-03-25,1.08435,1.088,1.0839,1.0873,0.00315,+0.29%,158131,657867
E6M24,2024-03-26,1.08745,1.09015,1.08615,1.08695,-0.00035,-0.03%,173417,657300
E6M24,2024-03-27,1.0868,1.08735,1.08455,1.0857,-0.00125,-0.12%,159255,656743
E6M24,2024-03-28,1.0862,1.0862,1.08085,1.08215,-0.00355,-0.33%,244594,661664
E6M24,2024-04-01,1.0812,1.0833,1.07645,1.07705,-0.0051,-0.47%,153630,680901
E6M24,2024-04-02,1.07765,1.0813,1.0758,1.0797,0.00265,+0.25%,241585,682768
E6M24,2024-04-03,1.08045,1.087,1.0797,1.0868,0.0071,+0.66%,201816,673661
E6M24,2024-04-04,1.08675,1.09085,1.08635,1.0882,0.0014,+0.13%,203735,662340
E6M24,2024-04-05,1.0871,1.08795,1.08225,1.0866,-0.0016,-0.15%,213156,652065
E6M24,2024-04-08,1.0869,1.0893,1.0852,1.08885,0.00225,+0.21%,150482,647020
E6M24,2024-04-09,1.08915,1.0916,1.0878,1.08835,-0.0005,-0.05%,143942,643496
E6M24,2024-04-10,1.0886,1.08965,1.07585,1.0766,-0.01175,-1.08%,298241,654229
E6M24,2024-04-11,1.0771,1.0785,1.0728,1.07545,-0.00115,-0.11%,265437,655211
E6M24,2024-04-12,1.0754,1.0758,1.0651,1.06675,-0.0087,-0.81%,286440,665227
E6M24,2024-04-15,1.06665,1.0693,1.0648,1.06525,-0.0015,-0.14%,255501,659218
E6M24,2024-04-16,1.06525,1.0681,1.06285,1.0658,0.00055,+0.05%,261253,658865
E6M24,2024-04-17,1.06445,1.0706,1.0633,1.0697,0.0039,+0.37%,202153,668348
E6M24,2024-04-18,1.06995,1.07155,1.0667,1.06705,-0.00265,-0.25%,159003,665052
E6M24,2024-04-19,1.06675,1.0703,1.06355,1.06755,0.0005,+0.05%,211541,670912
E6M24,2024-04-22,1.06775,1.0695,1.06485,1.06835,0.0008,+0.07%,134700,670098
E6M24,2024-04-23,1.06775,1.0736,1.06625,1.0728,0.00445,+0.42%,224566,665771
E6M24,2024-04-24,1.07285,1.0738,1.0702,1.0717,-0.0011,-0.10%,147237,665938
E6M24,2024-04-25,1.07235,1.0764,1.0701,1.07505,0.00335,+0.31%,225444,660961
E6M24,2024-04-26,1.07535,1.07755,1.0696,1.0728,-0.00225,-0.21%,226629,653790
E6M24,2024-04-29,1.0715,1.07555,1.07115,1.0746,0.0018,+0.17%,208156,652837
E6M24,2024-04-30,1.07435,1.07565,1.06855,1.06985,-0.00475,-0.44%,253695,652297
E6M24,2024-05-01,1.06875,1.0754,1.067,1.07485,0.005,+0.47%,203925,650348
E6M24,2024-05-02,1.0732,1.07505,1.0694,1.075,0.00015,+0.01%,185170,652697
E6M24,2024-05-03,1.0746,1.08325,1.0744,1.07865,0.00365,+0.34%,246504,656620
E6M24,2024-05-06,1.07815,1.08095,1.0774,1.0794,0.00075,+0.07%,111023,653044
E6M24,2024-05-07,1.07865,1.08055,1.0766,1.07695,-0.00245,-0.23%,139837,654804
E6M24,2024-05-08,1.07725,1.0776,1.0753,1.07635,-0.0006,-0.06%,129857,652770
E6M24,2024-05-09,1.07675,1.08015,1.07405,1.07985,0.0035,+0.33%,170986,652966
E6M24,2024-05-10,1.08,1.0807,1.07765,1.079,-0.00085,-0.08%,142542,649851
E6M24,2024-05-13,1.0788,1.0823,1.0782,1.08055,0.00155,+0.14%,133794,648544
E6M24,2024-05-14,1.0807,1.08415,1.07805,1.08355,0.003,+0.28%,200772,656802
E6M24,2024-05-15,1.0834,1.09015,1.08285,1.08935,0.0058,+0.54%,236301,654429
E6M24,2024-05-16,1.08995,1.09095,1.0868,1.0885,-0.00085,-0.08%,195678,656134
E6M24,2024-05-17,1.08815,1.0892,1.08495,1.0889,0.0004,+0.04%,164615,656270
E6M24,2024-05-20,1.08825,1.08975,1.0867,1.0878,-0.0011,-0.10%,132153,649912
E6M24,2024-05-21,1.08715,1.08875,1.08555,1.0865,-0.0013,-0.12%,145252,653081
E6M24,2024-05-22,1.0868,1.0876,1.08295,1.0834,-0.0031,-0.29%,177060,653662
E6M24,2024-05-23,1.0837,1.0872,1.0815,1.08155,-0.00185,-0.17%,214897,654333
E6M24,2024-05-24,1.0825,1.08685,1.0816,1.08605,0.0045,+0.42%,146547,658216
E6M24,2024-05-28,1.08585,1.0899,1.0851,1.08685,0.0008,+0.07%,261694,664864
E6M24,2024-05-29,1.0868,1.08715,1.0809,1.08155,-0.0053,-0.49%,260113,666112
E6M24,2024-05-30,1.0812,1.0853,1.0796,1.08445,0.0029,+0.27%,228156,662761
E6M24,2024-05-31,1.084,1.089,1.0818,1.085,0.00055,+0.05%,280338,668869
E6M24,2024-06-03,1.08575,1.09125,1.08345,1.09045,0.00545,+0.50%,262938,671347
E6M24,2024-06-04,1.0912,1.0923,1.08655,1.0889,-0.00155,-0.14%,279652,671736
E6M24,2024-06-05,1.0885,1.0898,1.08605,1.08815,-0.00075,-0.07%,240071,678553
E6M24,2024-06-06,1.0874,1.09075,1.08665,1.08985,0.0017,+0.16%,234126,684145
E6M24,2024-06-07,1.08955,1.0919,1.08035,1.081,-0.00885,-0.81%,340958,690935
E6M24,2024-06-10,1.07745,1.07855,1.07365,1.0766,-0.0044,-0.41%,431747,698442
E6M24,2024-06-11,1.0768,1.0777,1.0723,1.07465,-0.00195,-0.18%,660586,712894
E6U24,2024-06-12,1.0789,1.09015,1.07835,1.0863,0.01165,+1.08%,948676,741614
E6U24,2024-06-13,1.086,1.08635,1.07805,1.0787,-0.0076,-0.70%,682887,782289
E6U24,2024-06-14,1.0783,1.0792,1.0715,1.07465,-0.00405,-0.38%,394924,798746
E6U24,2024-06-17,1.075,1.07845,1.07325,1.0782,0.00355,+0.33%,172943,655082
E6U24,2024-06-18,1.07795,1.08075,1.0756,1.07855,0.00035,+0.03%,170923,650388
E6U24,2024-06-20,1.07855,1.07995,1.07455,1.07545,-0.0031,-0.29%,239571,654598
E6U24,2024-06-21,1.0749,1.0764,1.07145,1.0738,-0.00165,-0.15%,194566,652043
E6U24,2024-06-24,1.0735,1.079,1.0727,1.0779,0.0041,+0.38%,155187,651861
E6U24,2024-06-25,1.07765,1.07865,1.07325,1.07585,-0.00205,-0.19%,141852,650087
E6U24,2024-06-26,1.0756,1.076,1.07075,1.0721,-0.00375,-0.35%,204941,652038
E6U24,2024-06-27,1.0722,1.0767,1.0717,1.07455,0.00245,+0.23%,181276,648826
E6U24,2024-06-28,1.0744,1.0765,1.07245,1.0752,0.00065,+0.06%,228313,639820
E6U24,2024-07-01,1.07705,1.08155,1.07585,1.07685,0.00165,+0.15%,245852,640905
E6U24,2024-07-02,1.0779,1.0785,1.0748,1.078,0.00115,+0.11%,177281,636895
E6U24,2024-07-03,1.0788,1.0855,1.0774,1.08175,0.00375,+0.35%,212223,641768
E6U24,2024-07-05,1.08245,1.08785,1.08195,1.0873,0.00555,+0.51%,259745,636027
E6U24,2024-07-08,1.08515,1.0881,1.08505,1.0861,-0.0012,-0.11%,148789,636981
E6U24,2024-07-09,1.0859,1.0868,1.08405,1.0848,-0.0013,-0.12%,122391,637266
E6U24,2024-07-10,1.0847,1.0865,1.08455,1.08595,0.00115,+0.11%,126319,636701
E6U24,2024-07-11,1.08665,1.0933,1.08635,1.0901,0.00415,+0.38%,289508,644056
E6U24,2024-07-12,1.0901,1.0944,1.08945,1.0939,0.0038,+0.35%,207781,644626
E6U24,2024-07-15,1.09255,1.0954,1.09155,1.09335,-0.00055,-0.05%,190448,644617
E6U24,2024-07-16,1.0927,1.09375,1.0903,1.0928,-0.00055,-0.05%,184611,649251
E6U24,2024-07-17,1.093,1.09795,1.0926,1.09685,0.00405,+0.37%,232349,659301
E6U24,2024-07-18,1.09695,1.0971,1.09235,1.0929,-0.00395,-0.36%,198904,662648
E6U24,2024-07-19,1.09255,1.09305,1.0905,1.0908,-0.0021,-0.19%,179956,677029
E6U24,2024-07-22,1.0913,1.0932,1.09015,1.0918,0.001,+0.09%,165051,683633
E6U24,2024-07-23,1.092,1.0925,1.08715,1.088,-0.0038,-0.35%,188377,672022
E6U24,2024-07-24,1.08815,1.0894,1.0852,1.0865,-0.0015,-0.14%,203144,671216
E6U24,2024-07-25,1.08665,1.0896,1.0854,1.0874,0.0009,+0.08%,215883,669340
E6U24,2024-07-26,1.0871,1.0894,1.08675,1.08825,0.00085,+0.08%,146589,669278
E6U24,2024-07-29,1.08815,1.0895,1.08275,1.08465,-0.0036,-0.33%,204614,667503
E6U24,2024-07-30,1.0846,1.086,1.08225,1.0835,-0.00115,-0.11%,174073,667299
E6U24,2024-07-31,1.08395,1.08755,1.0825,1.085,0.0015,+0.14%,261507,663604
E6U24,2024-08-01,1.0849,1.08575,1.0799,1.08065,-0.00435,-0.40%,267079,666625
E6U24,2024-08-02,1.08125,1.09485,1.08035,1.0935,0.01285,+1.19%,410003,676206
E6U24,2024-08-05,1.094,1.10305,1.0914,1.09725,0.00375,+0.34%,434381,681595
E6U24,2024-08-06,1.09735,1.0984,1.09245,1.0949,-0.00235,-0.21%,265639,671104
E6U24,2024-08-07,1.09515,1.0957,1.09255,1.09425,-0.00065,-0.06%,187352,664949
E6U24,2024-08-08,1.0943,1.0964,1.09,1.09375,-0.0005,-0.05%,194617,661165
E6U24,2024-08-09,1.09365,1.09495,1.0927,1.09385,0.0001,+0.01%,144818,663499
E6U24,2024-08-12,1.0935,1.0957,1.0928,1.09485,0.001,+0.09%,132304,664226
E6U24,2024-08-13,1.09495,1.10175,1.09305,1.1017,0.00685,+0.63%,189757,667350
E6U24,2024-08-14,1.1011,1.10645,1.10035,1.10335,0.00165,+0.15%,256468,685217
E6U24,2024-08-15,1.103,1.1031,1.09645,1.09935,-0.004,-0.36%,220456,680882
E6U24,2024-08-16,1.09885,1.10445,1.09855,1.10355,0.0042,+0.38%,156154,682863
E6U24,2024-08-19,1.10435,1.1101,1.1037,1.10965,0.0061,+0.55%,182443,686881
E6U24,2024-08-20,1.11,1.1145,1.10855,1.1135,0.00385,+0.35%,186680,692017
E6U24,2024-08-21,1.11415,1.11875,1.1113,1.1175,0.004,+0.36%,238057,703252
E6U24,2024-08-22,1.1162,1.11895,1.111,1.11225,-0.00525,-0.47%,206514,712098
E6U24,2024-08-23,1.1124,1.12125,1.1117,1.1199,0.00765,+0.69%,255825,720729
E6U24,2024-08-26,1.12025,1.12125,1.11605,1.11745,-0.00245,-0.22%,173095,717186
E6U24,2024-08-27,1.117,1.1201,1.11595,1.11965,0.0022,+0.20%,148596,726519
E6U24,2024-08-28,1.11935,1.11955,1.11145,1.11255,-0.0071,-0.63%,223308,727979
E6U24,2024-08-29,1.11275,1.11475,1.10635,1.10865,-0.0039,-0.35%,211951,728795
E6U24,2024-08-30,1.1085,1.1103,1.1051,1.10595,-0.0027,-0.24%,205236,733121
E6U24,2024-09-03,1.1054,1.1085,1.1033,1.1045,-0.00145,-0.13%,309401,740311
E6U24,2024-09-04,1.10505,1.11015,1.1045,1.1082,0.0037,+0.33%,214997,737897
E6U24,2024-09-05,1.10885,1.11255,1.1079,1.11085,0.00265,+0.24%,225056,734179
E6U24,2024-09-06,1.1115,1.11595,1.10695,1.10905,-0.0018,-0.16%,372776,731367
E6U24,2024-09-09,1.10895,1.1095,1.1037,1.1047,-0.00435,-0.39%,260476,731763
E6U24,2024-09-10,1.1039,1.1053,1.1018,1.10275,-0.00195,-0.18%,629165,741888
E6Z24,2024-09-11,1.1064,1.11005,1.1048,1.10655,0.0038,+0.34%,913354,796902
E6Z24,2024-09-12,1.1059,1.11185,1.10505,1.1105,0.00395,+0.36%,616188,839183
E6Z24,2024-09-13,1.1118,1.11445,1.11125,1.112,0.0015,+0.14%,269651,831750
E6Z24,2024-09-16,1.1121,1.11785,1.1118,1.1162,0.0042,+0.38%,152240,679647
E6Z24,2024-09-17,1.1174,1.1186,1.11495,1.1163,0.0001,+0.01%,136526,678001
E6Z24,2024-09-18,1.1156,1.1227,1.1134,1.11865,0.00235,+0.21%,189158,683683
E6Z24,2024-09-19,1.11575,1.1215,1.1104,1.12015,0.0015,+0.13%,228160,681059
E6Z24,2024-09-20,1.1197,1.1217,1.1171,1.12,-0.00015,-0.01%,175460,680306
E6Z24,2024-09-23,1.11975,1.12015,1.1118,1.11515,-0.00485,-0.43%,245546,677008
E6Z24,2024-09-24,1.1146,1.12165,1.1138,1.1202,0.00505,+0.45%,172373,679514
E6Z24,2024-09-25,1.12145,1.12495,1.1156,1.11685,-0.00335,-0.30%,224399,680847
E6Z24,2024-09-26,1.1165,1.12225,1.1159,1.1213,0.00445,+0.40%,217006,684778
E6Z24,2024-09-27,1.12105,1.12365,1.1158,1.1201,-0.0012,-0.11%,223051,683424
E6Z24,2024-09-30,1.1196,1.1242,1.11475,1.11665,-0.00345,-0.31%,235323,678850
E6Z24,2024-10-01,1.11665,1.1177,1.1079,1.1105,-0.00615,-0.55%,259097,674734
E6Z24,2024-10-02,1.1104,1.1116,1.1066,1.10715,-0.00335,-0.30%,157798,670113
E6Z24,2024-10-03,1.108,1.10815,1.10385,1.10575,-0.0014,-0.13%,175039,668181
E6Z24,2024-10-04,1.10615,1.10705,1.0983,1.10045,-0.0053,-0.48%,253676,677594
E6Z24,2024-10-07,1.10025,1.1019,1.09865,1.10015,-0.0003,-0.03%,152478,674559
E6Z24,2024-10-08,1.10065,1.1029,1.0992,1.1004,0.00025,+0.02%,124584,669131
E6Z24,2024-10-09,1.10115,1.10125,1.0967,1.0968,-0.0036,-0.33%,127480,665606
E6Z24,2024-10-10,1.097,1.0984,1.09295,1.0951,-0.0017,-0.15%,183700,664709
E6Z24,2024-10-11,1.0966,1.0983,1.09555,1.0968,0.0017,+0.16%,152401,660108
E6Z24,2024-10-14,1.09635,1.0965,1.0917,1.09255,-0.00425,-0.39%,121592,660914
E6Z24,2024-10-15,1.0935,1.0945,1.091,1.0915,-0.00105,-0.10%,146667,658481
E6Z24,2024-10-16,1.09185,1.0929,1.08805,1.0883,-0.0032,-0.29%,146407,653777
E6Z24,2024-10-17,1.08885,1.09005,1.08375,1.08515,-0.00315,-0.29%,215892,656188
E6Z24,2024-10-18,1.08575,1.08955,1.0851,1.08915,0.004,+0.37%,144312,654988
E6Z24,2024-10-21,1.0893,1.08975,1.0836,1.0837,-0.00545,-0.50%,147847,655434
E6Z24,2024-10-22,1.08405,1.08635,1.08175,1.0825,-0.0012,-0.11%,165196,650759
E6Z24,2024-10-23,1.08235,1.0831,1.07855,1.0805,-0.002,-0.18%,178224,660392
E6Z24,2024-10-24,1.08065,1.0853,1.07935,1.08455,0.00405,+0.37%,200193,669293
E6Z24,2024-10-25,1.08495,1.0862,1.0816,1.08255,-0.002,-0.18%,164495,666843
E6Z24,2024-10-28,1.0819,1.08495,1.08045,1.08335,0.0008,+0.07%,144160,660911
E6Z24,2024-10-29,1.08345,1.0848,1.07905,1.0835,0.00015,+0.01%,225742,661675
E6Z24,2024-10-30,1.0838,1.08925,1.0826,1.08905,0.00555,+0.51%,211425,658671
E6Z24,2024-10-31,1.08785,1.0908,1.0864,1.089,-0.00005,0.00%,230327,659417
E6Z24,2024-11-01,1.0901,1.09245,1.08505,1.08575,-0.00325,-0.30%,195135,656092
E6Z24,2024-11-04,1.0889,1.09335,1.0888,1.0897,0.00395,+0.36%,189448,652571
E6Z24,2024-11-05,1.0897,1.0955,1.08905,1.09495,0.00525,+0.48%,148719,645597
E6Z24,2024-11-06,1.0946,1.09545,1.0699,1.0752,-0.01975,-1.80%,395411,643383
E6Z24,2024-11-07,1.07475,1.084,1.07285,1.0799,0.0047,+0.44%,256262,637384
E6Z24,2024-11-08,1.0818,1.082,1.0702,1.0729,-0.007,-0.65%,224982,632284
E6Z24,2024-11-11,1.07245,1.0743,1.06435,1.06655,-0.00635,-0.59%,232916,630289
E6Z24,2024-11-12,1.0671,1.06775,1.0609,1.0627,-0.00385,-0.36%,216347,637105
E6Z24,2024-11-13,1.06355,1.0669,1.05695,1.05795,-0.00475,-0.45%,322196,641092
E6Z24,2024-11-14,1.0577,1.05955,1.05085,1.056,-0.00195,-0.18%,298028,645588
E6Z24,2024-11-15,1.0543,1.06055,1.05285,1.05495,-0.00105,-0.10%,236588,646411
E6Z24,2024-11-18,1.05495,1.0619,1.05415,1.0602,0.00525,+0.50%,175096,653267
E6Z24,2024-11-19,1.06115,1.06125,1.05345,1.0605,0.0003,+0.03%,222161,658774
E6Z24,2024-11-20,1.0608,1.06205,1.05175,1.05505,-0.00545,-0.51%,179403,664014
E6Z24,2024-11-21,1.05535,1.05645,1.04715,1.0494,-0.00565,-0.54%,233741,663298
E6Z24,2024-11-22,1.0484,1.05085,1.03405,1.042,-0.0074,-0.71%,335866,664444
E6Z24,2024-11-25,1.046,1.05395,1.0451,1.0514,0.0094,+0.90%,272378,664113
E6Z24,2024-11-26,1.0503,1.05525,1.0433,1.04815,-0.00325,-0.31%,285193,665553
E6Z24,2024-11-27,1.0497,1.0596,1.04825,1.05705,0.0089,+0.85%,276130,666342
E6Z24,2024-11-29,1.0574,1.0603,1.05345,1.05735,0.0003,+0.03%,252943,671885
E6Z24,2024-12-02,1.0575,1.0575,1.04665,1.04955,-0.0078,-0.74%,295125,682757
E6Z24,2024-12-03,1.05035,1.05405,1.0486,1.051,0.00145,+0.14%,228187,675059
E6Z24,2024-12-04,1.0515,1.0549,1.0477,1.0519,0.0009,+0.09%,267393,674336
E6Z24,2024-12-05,1.05145,1.05935,1.05115,1.05915,0.00725,+0.69%,246905,679195
E6Z24,2024-12-06,1.059,1.06335,1.05455,1.05575,-0.0034,-0.32%,329055,689529
E6Z24,2024-12-09,1.05655,1.05975,1.0535,1.05575,0,0.00%,363601,712736
E6Z24,2024-12-10,1.0559,1.05705,1.0501,1.0529,-0.00285,-0.27%,672944,727276
E6H25,2024-12-11,1.05745,1.05855,1.05255,1.0537,0.0008,+0.08%,765246,762781
E6H25,2024-12-12,1.05415,1.05755,1.05075,1.0516,-0.0021,-0.20%,649299,750380
E6H25,2024-12-13,1.051,1.05675,1.0496,1.05375,0.00215,+0.20%,315749,723504
E6H25,2024-12-16,1.05405,1.05675,1.0517,1.0553,0.00155,+0.15%,160912,592318
E6H25,2024-12-17,1.0553,1.0577,1.05215,1.0531,-0.0022,-0.21%,165844,584000
E6H25,2024-12-18,1.05335,1.05545,1.03845,1.0418,-0.0113,-1.07%,254120,594820
E6H25,2024-12-19,1.0388,1.0463,1.03875,1.0402,-0.0016,-0.15%,277902,603138
E6H25,2024-12-20,1.0404,1.04875,1.03825,1.04845,0.00825,+0.79%,247912,600388
E6H25,2024-12-23,1.04715,1.0484,1.0423,1.04505,-0.0034,-0.32%,159783,595959
E6H25,2024-12-24,1.0445,1.0448,1.0421,1.0427,-0.00235,-0.22%,67398,597583
E6H25,2024-12-26,1.04365,1.04685,1.04285,1.04565,0.00295,+0.28%,63912,599146
E6H25,2024-12-27,1.0461,1.0482,1.04425,1.0466,0.00095,+0.09%,143395,604536
E6H25,2024-12-30,1.04645,1.04935,1.04065,1.0431,-0.0035,-0.33%,177792,610318
E6H25,2024-12-31,1.0441,1.04585,1.0378,1.03885,-0.00425,-0.41%,129616,609159
E6H25,2025-01-02,1.0388,1.0408,1.0256,1.02825,-0.0106,-1.02%,282417,612968
E6H25,2025-01-03,1.0297,1.03415,1.02965,1.03335,0.0051,+0.50%,177275,612770
E6H25,2025-01-06,1.03345,1.04685,1.0327,1.0419,0.00855,+0.83%,287738,603574
E6H25,2025-01-07,1.042,1.04655,1.03705,1.03865,-0.00325,-0.31%,192139,603187
E6H25,2025-01-08,1.0373,1.0388,1.03035,1.03395,-0.0047,-0.45%,192937,604996
E6H25,2025-01-09,1.0348,1.03505,1.0313,1.03275,-0.0012,-0.12%,98129,603034
E6H25,2025-01-10,1.0329,1.0341,1.02415,1.0274,-0.00535,-0.52%,246501,602509
E6H25,2025-01-13,1.0274,1.02785,1.02045,1.0236,-0.0038,-0.37%,203772,603687
E6H25,2025-01-14,1.0291,1.0337,1.02665,1.0326,0.009,+0.88%,224710,604225
E6H25,2025-01-15,1.0335,1.03825,1.0285,1.03215,-0.00045,-0.04%,209624,604437
E6H25,2025-01-16,1.0316,1.03415,1.02865,1.0328,0.00065,+0.06%,193002,604099
E6H25,2025-01-17,1.0327,1.0357,1.0291,1.03025,-0.00255,-0.25%,187633,602431
E6H25,2025-01-21,1.0302,1.0461,1.0292,1.0444,0.01415,+1.37%,477686,609492
E6H25,2025-01-22,1.04505,1.0483,1.0418,1.04455,0.00015,+0.01%,186579,608371
E6H25,2025-01-23,1.04345,1.0462,1.03955,1.04475,0.0002,+0.02%,203403,614455
E6H25,2025-01-24,1.0441,1.05455,1.04355,1.05195,0.0072,+0.69%,256598,620711
E6H25,2025-01-27,1.05095,1.05575,1.04775,1.0516,-0.00035,-0.03%,195664,620430
E6H25,2025-01-28,1.05145,1.0515,1.0437,1.04585,-0.00575,-0.55%,178045,618908
E6H25,2025-01-29,1.04535,1.04665,1.04045,1.0438,-0.00205,-0.20%,232949,621658
E6H25,2025-01-30,1.04425,1.0489,1.04075,1.04495,0.00115,+0.11%,223303,618696
E6H25,2025-01-31,1.0412,1.0455,1.03705,1.0397,-0.00525,-0.50%,308590,613117
E6H25,2025-02-03,1.0281,1.0372,1.0231,1.0304,-0.0093,-0.89%,439172,621421
E6H25,2025-02-04,1.03645,1.0408,1.0292,1.0402,0.0098,+0.95%,219282,616623
E6H25,2025-02-05,1.0401,1.0464,1.03895,1.04265,0.00245,+0.24%,184412,616483
E6H25,2025-02-06,1.0424,1.0424,1.0371,1.04035,-0.0023,-0.22%,183118,617386
E6H25,2025-02-07,1.0402,1.04325,1.0323,1.035,-0.00535,-0.51%,297349,623871
E6H25,2025-02-10,1.0315,1.0354,1.03065,1.0324,-0.0026,-0.25%,135806,627932
E6H25,2025-02-11,1.03235,1.03985,1.0309,1.03745,0.00505,+0.49%,158476,622873
E6H25,2025-02-12,1.0377,1.04465,1.03295,1.04075,0.0033,+0.32%,286388,624565
E6H25,2025-02-13,1.03995,1.04835,1.03875,1.0451,0.00435,+0.42%,308927,630465
E6H25,2025-02-14,1.04805,1.0529,1.04615,1.0514,0.0063,+0.60%,207907,632673
E6H25,2025-02-18,1.0505,1.05205,1.04485,1.04585,-0.00555,-0.53%,252226,638024
E6H25,2025-02-19,1.04635,1.0474,1.0414,1.04385,-0.002,-0.19%,158574,640154
E6H25,2025-02-20,1.04355,1.05155,1.04305,1.0513,0.00745,+0.71%,188711,651717
E6H25,2025-02-21,1.0511,1.0517,1.04605,1.0474,-0.0039,-0.37%,191892,650958
E6H25,2025-02-24,1.04835,1.05395,1.04635,1.04845,0.00105,+0.10%,206984,656864
E6H25,2025-02-25,1.0479,1.05295,1.04665,1.05205,0.0036,+0.34%,180604,658684
E6H25,2025-02-26,1.0525,1.0539,1.04845,1.05015,-0.0019,-0.18%,213992,658293
E6H25,2025-02-27,1.0495,1.0505,1.0405,1.0413,-0.00885,-0.84%,253118,661813
E6H25,2025-02-28,1.04,1.0428,1.0367,1.0375,-0.0038,-0.36%,250748,659333
E6H25,2025-03-03,1.04095,1.0512,1.0396,1.0481,0.0106,+1.02%,326893,668387
E6H25,2025-03-04,1.0492,1.0635,1.0478,1.0608,0.0127,+1.21%,448575,683819
E6H25,2025-03-05,1.0629,1.0804,1.06085,1.0797,0.0189,+1.78%,517268,692129
E6H25,2025-03-06,1.0798,1.0859,1.0771,1.08075,0.00105,+0.10%,436555,692409
E6H25,2025-03-07,1.07935,1.0894,1.0786,1.0847,0.00395,+0.37%,393000,708513
E6H25,2025-03-10,1.08465,1.08795,1.08095,1.0834,-0.0013,-0.12%,416967,714123
E6H25,2025-03-11,1.08375,1.09505,1.0837,1.0935,0.0101,+0.93%,775999,729760
E6M25,2025-03-12,1.0972,1.0989,1.09325,1.09415,0.00065,+0.06%,921690,777823
E6M25,2025-03-13,1.09455,1.0952,1.08775,1.0909,-0.00325,-0.30%,497533,792102
E6M25,2025-03-14,1.09075,1.0967,1.08845,1.09355,0.00265,+0.24%,339220,801585
E6M25,2025-03-17,1.0937,1.0984,1.09225,1.09805,0.0045,+0.41%,142081,649282
E6M25,2025-03-18,1.09765,1.10085,1.0947,1.0998,0.00175,+0.16%,189732,652620
E6M25,2025-03-19,1.0996,1.1,1.091,1.0962,-0.0036,-0.33%,197955,655421
E6M25,2025-03-20,1.09545,1.0969,1.0866,1.09,-0.0062,-0.57%,183668,654547
E6M25,2025-03-21,1.0906,1.09125,1.0847,1.08715,-0.00285,-0.26%,159748,654114
E6M25,2025-03-24,1.08715,1.09085,1.0832,1.08565,-0.0015,-0.14%,169920,658158
E6M25,2025-03-25,1.0853,1.08805,1.0827,1.0848,-0.00085,-0.08%,154177,672875
E6M25,2025-03-26,1.0843,1.0853,1.07935,1.08045,-0.00435,-0.40%,174616,674372
E6M25,2025-03-27,1.07885,1.0869,1.0781,1.0839,0.00345,+0.32%,193455,674441
E6M25,2025-03-28,1.08455,1.08925,1.0812,1.08725,0.00335,+0.31%,184043,676416
E6M25,2025-03-31,1.08665,1.0897,1.0831,1.0862,-0.00105,-0.10%,230123,675537
E6M25,2025-04-01,1.0864,1.0876,1.08245,1.0833,-0.0029,-0.27%,164150,670827
E6M25,2025-04-02,1.0838,1.09715,1.0825,1.09005,0.00675,+0.62%,230173,678184
E6M25,2025-04-03,1.08755,1.1192,1.0848,1.1082,0.01815,+1.67%,473048,710391
E6M25,2025-04-04,1.1097,1.11515,1.09685,1.09885,-0.00935,-0.84%,454212,705680
E6M25,2025-04-07,1.0966,1.1095,1.09445,1.098,-0.00085,-0.08%,347924,697261
E6M25,2025-04-08,1.09585,1.1036,1.0932,1.0995,0.0015,+0.14%,255641,697776
E6M25,2025-04-09,1.1,1.114,1.09575,1.1006,0.0011,+0.10%,415089,715500
E6M25,2025-04-10,1.0998,1.12845,1.0985,1.12595,0.02535,+2.30%,371618,713892
E6M25,2025-04-11,1.12445,1.15175,1.12335,1.1356,0.00965,+0.86%,459981,714963
E6M25,2025-04-14,1.13655,1.14675,1.1338,1.1397,0.0041,+0.36%,256673,712067
E6M25,2025-04-15,1.1395,1.14215,1.1306,1.1316,-0.0081,-0.71%,204053,708122
E6M25,2025-04-16,1.1321,1.14525,1.1321,1.14265,0.01105,+0.98%,226018,717334
E6M25,2025-04-17,1.14395,1.14475,1.1374,1.14135,-0.0013,-0.11%,183105,718113
E6M25,2025-04-21,1.14305,1.1613,1.143,1.1562,0.01485,+1.30%,196852,722509
E6M25,2025-04-22,1.1553,1.1586,1.14555,1.14655,-0.00965,-0.83%,231240,719232
E6M25,2025-04-23,1.14065,1.1478,1.13455,1.1361,-0.01045,-0.91%,313064,721061
E6M25,2025-04-24,1.1354,1.14335,1.1354,1.14145,0.00535,+0.47%,206054,730120
E6M25,2025-04-25,1.1426,1.1427,1.135,1.1415,0.00005,0.00%,174433,729051
E6M25,2025-04-28,1.1398,1.146,1.1364,1.14475,0.00325,+0.28%,189464,733621
E6M25,2025-04-29,1.14545,1.14555,1.14025,1.1415,-0.00325,-0.28%,168802,730212
E6M25,2025-04-30,1.1421,1.1431,1.13475,1.138,-0.0035,-0.31%,207506,739741
E6M25,2025-05-01,1.1361,1.13715,1.12965,1.13165,-0.00635,-0.56%,139810,736884
E6M25,2025-05-02,1.13215,1.14115,1.1304,1.133,0.00135,+0.12%,193224,736504
E6M25,2025-05-05,1.1341,1.13945,1.1326,1.13435,0.00135,+0.12%,133342,735939
E6M25,2025-05-06,1.13465,1.14105,1.13085,1.14005,0.0057,+0.50%,176441,737013
E6M25,2025-05-07,1.14015,1.14065,1.13195,1.1363,-0.00375,-0.33%,169183,736255
E6M25,2025-05-08,1.13345,1.13625,1.1237,1.1251,-0.0112,-0.99%,236874,738858
E6M25,2025-05-09,1.12515,1.1318,1.12215,1.1284,0.0033,+0.29%,159931,746557
E6M25,2025-05-12,1.1248,1.12675,1.1089,1.1113,-0.0171,-1.52%,281439,749667
E6M25,2025-05-13,1.11115,1.12185,1.11115,1.1208,0.0095,+0.85%,177325,750906
E6M25,2025-05-14,1.121,1.12885,1.1187,1.12015,-0.00065,-0.06%,199371,750371
E6M25,2025-05-15,1.1199,1.12495,1.1191,1.11975,-0.0004,-0.04%,148934,750320
E6M25,2025-05-16,1.12075,1.124,1.1151,1.1172,-0.00255,-0.23%,159121,748369
E6M25,2025-05-19,1.1193,1.13075,1.119,1.12545,0.00825,+0.74%,185950,764870
E6M25,2025-05-20,1.12615,1.13055,1.1237,1.12915,0.0037,+0.33%,145806,759249
E6M25,2025-05-21,1.1303,1.1382,1.12985,1.1352,0.00605,+0.54%,193178,766780
E6M25,2025-05-22,1.13475,1.13605,1.1271,1.1294,-0.0058,-0.51%,166959,763314
E6M25,2025-05-23,1.1298,1.1394,1.12945,1.1376,0.0082,+0.73%,227392,760684
E6M25,2025-05-27,1.1382,1.1434,1.1338,1.13525,-0.00235,-0.21%,207530,760471
E6M25,2025-05-28,1.1342,1.13595,1.12975,1.13075,-0.0045,-0.40%,175718,767764
E6M25,2025-05-29,1.13055,1.1396,1.12215,1.1387,0.00795,+0.70%,200921,765719
E6M25,2025-05-30,1.1382,1.1401,1.1323,1.137,-0.0017,-0.15%,182399,763798
E6M25,2025-06-02,1.1365,1.14605,1.13575,1.1452,0.0082,+0.72%,199625,776254
E6M25,2025-06-03,1.1452,1.14645,1.13725,1.13845,-0.00675,-0.59%,145138,781284
E6M25,2025-06-04,1.1381,1.14435,1.13655,1.14295,0.0045,+0.40%,165117,781330
E6M25,2025-06-05,1.1427,1.1502,1.14115,1.14495,0.002,+0.17%,257076,779810
E6M25,2025-06-06,1.1452,1.14635,1.13775,1.1403,-0.00465,-0.41%,268638,786612
E6M25,2025-06-09,1.1397,1.14445,1.13915,1.14335,0.00305,+0.27%,312798,790153
E6M25,2025-06-10,1.1425,1.14525,1.1377,1.1425,-0.00085,-0.07%,504125,810517
E6U25,2025-06-11,1.14985,1.1575,1.1478,1.1561,0.0136,+1.19%,990823,857691
E6U25,2025-06-12,1.156,1.1704,1.156,1.1651,0.009,+0.78%,726023,947789
E6U25,2025-06-13,1.166,1.16855,1.156,1.1613,-0.0038,-0.33%,550446,987701
E6U25,2025-06-16,1.16095,1.16855,1.15935,1.16515,0.00385,+0.33%,160029,754010
E6U25,2025-06-17,1.16335,1.165,1.1543,1.1548,-0.01035,-0.89%,174641,755861
E6U25,2025-06-18,1.1549,1.1599,1.1529,1.1544,-0.0004,-0.03%,174875,753426
E6U25,2025-06-20,1.1549,1.161,1.1512,1.15945,0.00505,+0.44%,239139,752361
E6U25,2025-06-23,1.15425,1.16475,1.15185,1.16395,0.0045,+0.39%,209723,756477
E6U25,2025-06-24,1.164,1.17065,1.16375,1.16885,0.0049,+0.42%,204840,762607
E6U25,2025-06-25,1.1672,1.1729,1.1653,1.17245,0.0036,+0.31%,132392,769824
E6U25,2025-06-26,1.1719,1.18075,1.1717,1.1782,0.00575,+0.49%,217209,773506
E6U25,2025-06-27,1.1761,1.18155,1.17415,1.17605,-0.00215,-0.18%,172726,776476
E6U25,2025-06-30,1.179,1.1849,1.1768,1.1836,0.00755,+0.64%,177779,776106
E6U25,2025-07-01,1.1844,1.18895,1.1821,1.18395,0.00035,+0.03%,179423,779031
E6U25,2025-07-02,1.1863,1.1867,1.1803,1.1856,0.00165,+0.14%,164651,784635
E6U25,2025-07-03,1.1856,1.1867,1.17745,1.18055,-0.00505,-0.43%,158038,802144
E6U25,2025-07-07,1.1834,1.18455,1.1741,1.17745,-0.0031,-0.26%,200247,804795
E6U25,2025-07-08,1.1764,1.18195,1.1737,1.178,0.00055,+0.05%,153403,805847
E6U25,2025-07-09,1.1779,1.1783,1.17435,1.17665,-0.00135,-0.11%,103507,804757
E6U25,2025-07-10,1.1778,1.1801,1.17135,1.17435,-0.0023,-0.20%,137021,813258
E6U25,2025-07-11,1.17515,1.17645,1.17155,1.1739,-0.00045,-0.04%,134197,820430
E6U25,2025-07-14,1.1717,1.1747,1.17035,1.172,-0.0019,-0.16%,125877,823058
E6U25,2025-07-15,1.1714,1.1756,1.1641,1.16515,-0.00685,-0.58%,162135,820440
E6U25,2025-07-16,1.165,1.17695,1.161,1.16755,0.0024,+0.21%,293638,823731
E6U25,2025-07-17,1.16855,1.16885,1.16015,1.163,-0.00455,-0.39%,136617,823522
E6U25,2025-07-18,1.1641,1.17165,1.1641,1.16665,0.00365,+0.31%,128873,829028
E6U25,2025-07-21,1.16745,1.1761,1.1658,1.1737,0.00705,+0.60%,149723,832475
E6U25,2025-07-22,1.174,1.1804,1.17215,1.1791,0.0054,+0.46%,177407,843447
E6U25,2025-07-23,1.17955,1.1818,1.1753,1.1814,0.0023,+0.20%,178322,832820
E6U25,2025-07-24,1.1812,1.1829,1.1771,1.18065,-0.00075,-0.06%,153127,833582
E6U25,2025-07-25,1.1788,1.18005,1.17425,1.17855,-0.0021,-0.18%,143694,835192
E6U25,2025-07-28,1.17975,1.1809,1.1623,1.16325,-0.0153,-1.30%,217131,841768
E6U25,2025-07-29,1.1625,1.1636,1.1556,1.15865,-0.0046,-0.40%,238739,828577
E6U25,2025-07-30,1.1581,1.16085,1.1437,1.14615,-0.0125,-1.08%,236782,831621
E6U25,2025-07-31,1.14375,1.1494,1.1437,1.14605,-0.0001,-0.01%,187577,832112
E6U25,2025-08-01,1.145,1.16305,1.1424,1.1559,0.00985,+0.86%,310893,827588
E6U25,2025-08-04,1.16205,1.1629,1.1582,1.15965,0.00375,+0.32%,161589,820949
E6U25,2025-08-05,1.1604,1.162,1.1559,1.1605,0.00085,+0.07%,129396,818360
E6U25,2025-08-06,1.16065,1.16995,1.1595,1.1693,0.0088,+0.76%,145282,818272
E6U25,2025-08-07,1.16895,1.1727,1.16395,1.16505,-0.00425,-0.36%,179969,819743
E6U25,2025-08-08,1.16925,1.1707,1.1657,1.1684,0.00335,+0.29%,110176,825634
E6U25,2025-08-11,1.16715,1.1703,1.16175,1.1639,-0.0045,-0.39%,105580,822137
E6U25,2025-08-12,1.16455,1.1724,1.1625,1.1695,0.0056,+0.48%,166632,824972
E6U25,2025-08-13,1.1701,1.17565,1.1696,1.17265,0.00315,+0.27%,135019,819728
E6U25,2025-08-14,1.173,1.17395,1.16545,1.16645,-0.0062,-0.53%,138104,824288
E6U25,2025-08-15,1.16725,1.1738,1.16685,1.17255,0.0061,+0.52%,112364,826122
E6U25,2025-08-18,1.17345,1.1741,1.16775,1.16815,-0.0044,-0.38%,92980,826078
E6U25,2025-08-19,1.16815,1.1714,1.166,1.1668,-0.00135,-0.12%,88609,825219
E6U25,2025-08-20,1.16675,1.16945,1.1642,1.1675,0.0007,+0.06%,110959,823956
E6U25,2025-08-21,1.16725,1.16805,1.1619,1.16275,-0.00475,-0.41%,136436,827905
E6U25,2025-08-22,1.1624,1.17605,1.16,1.1739,0.01115,+0.96%,216344,838837
E6U25,2025-08-25,1.1738,1.17425,1.1619,1.1636,-0.0103,-0.88%,162849,844501
E6U25,2025-08-26,1.1637,1.1681,1.1618,1.1659,0.0023,+0.20%,154633,842215
E6U25,2025-08-27,1.16575,1.16625,1.15885,1.16455,-0.00135,-0.12%,145013,836519
E6U25,2025-08-28,1.16485,1.17095,1.16405,1.17005,0.0055,+0.47%,155799,835817
E6U25,2025-08-29,1.16925,1.17205,1.16625,1.17105,0.001,+0.09%,192750,835072
E6U25,2025-09-02,1.16985,1.17475,1.1623,1.16435,-0.0067,-0.57%,311757,845820
E6U25,2025-09-03,1.16525,1.16915,1.16175,1.1671,0.00275,+0.24%,199438,860866
E6U25,2025-09-04,1.167,1.1676,1.16365,1.1651,-0.002,-0.17%,163405,850688
E6U25,2025-09-05,1.1656,1.1766,1.1655,1.17225,0.00715,+0.61%,320856,870324
E6U25,2025-09-08,1.1727,1.1771,1.17095,1.17665,0.0044,+0.38%,277989,860685
E6U25,2025-09-09,1.1771,1.1785,1.17085,1.1711,-0.00555,-0.47%,678757,878104
E6Z25,2025-09-10,1.178,1.17965,1.1749,1.17705,0.00595,+0.51%,999574,925285
E6Z25,2025-09-11,1.17635,1.1809,1.17175,1.1799,0.00285,+0.24%,691349,985204
E6Z25,2025-09-12,1.1798,1.181,1.17635,1.1804,0.0005,+0.04%,337847,977744
E6Z25,2025-09-15,1.17965,1.18365,1.17785,1.18315,0.00275,+0.23%,120991,842759
E6Z25,2025-09-16,1.18255,1.19405,1.18185,1.1929,0.00975,+0.82%,189214,855448
E6Z25,2025-09-17,1.1927,1.19795,1.18685,1.1895,-0.0034,-0.29%,227834,854854
E6Z25,2025-09-18,1.18765,1.1907,1.18085,1.18465,-0.00485,-0.41%,204770,852084
E6Z25,2025-09-19,1.18425,1.1851,1.17865,1.1806,-0.00405,-0.34%,134037,852655
E6Z25,2025-09-22,1.1802,1.18615,1.1783,1.1854,0.0048,+0.41%,132798,855451
E6Z25,2025-09-23,1.1859,1.18765,1.1835,1.18675,0.00135,+0.11%,112147,859215
E6Z25,2025-09-24,1.18705,1.18765,1.17835,1.17925,-0.0075,-0.63%,135591,859010
E6Z25,2025-09-25,1.1794,1.1808,1.16985,1.17055,-0.0087,-0.74%,192621,855054
E6Z25,2025-09-26,1.1717,1.176,1.17105,1.17565,0.0051,+0.44%,138830,848823
E6Z25,2025-09-29,1.1755,1.1807,1.17545,1.1784,0.00275,+0.23%,133579,849029
E6Z25,2025-09-30,1.1779,1.1813,1.1764,1.1792,0.0008,+0.07%,135517,845775
E6Z25,2025-10-01,1.17865,1.18295,1.17655,1.1785,-0.0007,-0.06%,234590,854549
E6Z25,2025-10-02,1.178,1.18065,1.1731,1.17695,-0.00155,-0.13%,141154,853264
E6Z25,2025-10-03,1.1763,1.1807,1.17625,1.1787,0.00175,+0.15%,109818,853481
E6Z25,2025-10-06,1.17775,1.17775,1.1698,1.17595,-0.00275,-0.23%,204915,856846
E6Z25,2025-10-07,1.176,1.17605,1.1693,1.17035,-0.0056,-0.48%,154468,855286
E6Z25,2025-10-08,1.1701,1.1706,1.1642,1.16645,-0.0039,-0.33%,210798,850986
E6Z25,2025-10-09,1.1673,1.169,1.15835,1.15875,-0.0077,-0.66%,198231,849870
E6Z25,2025-10-10,1.1605,1.1672,1.1598,1.16505,0.0063,+0.54%,203709,844470
E6Z25,2025-10-13,1.1651,1.1671,1.1598,1.16085,-0.0042,-0.36%,122292,844247
E6Z25,2025-10-14,1.161,1.16555,1.1582,1.1645,0.00365,+0.31%,183085,841079
E6Z25,2025-10-15,1.16495,1.16885,1.16415,1.16735,0.00285,+0.24%,140560,837212
E6Z25,2025-10-16,1.1685,1.1732,1.168,1.17275,0.0054,+0.46%,149296,835517
E6Z25,2025-10-17,1.17265,1.17655,1.16875,1.17055,-0.0022,-0.19%,163136,834110
E6Z25,2025-10-20,1.16925,1.1712,1.1675,1.1683,-0.00225,-0.19%,114088,838701
E6Z25,2025-10-21,1.1679,1.1691,1.16335,1.1641,-0.0042,-0.36%,153790,835887
E6Z25,2025-10-22,1.16395,1.16575,1.1612,1.16445,0.00035,+0.03%,152215,835344
E6Z25,2025-10-23,1.1645,1.1653,1.1618,1.16505,0.0006,+0.05%,115442,835446
E6Z25,2025-10-24,1.16505,1.169,1.16325,1.16585,0.0008,+0.07%,150985,840084
E6Z25,2025-10-27,1.16585,1.1684,1.16495,1.16825,0.0024,+0.21%,126868,843837
E6Z25,2025-10-28,1.16775,1.17005,1.1656,1.16935,0.0011,+0.09%,154315,843717
E6Z25,2025-10-29,1.16835,1.16965,1.16085,1.1625,-0.00685,-0.59%,226369,849326
E6Z25,2025-10-30,1.16315,1.1666,1.1575,1.15955,-0.00295,-0.25%,198514,839293
E6Z25,2025-10-31,1.15955,1.16055,1.1549,1.1552,-0.00435,-0.38%,183479,838017
E6Z25,2025-11-03,1.1562,1.1568,1.1532,1.15455,-0.00065,-0.06%,148794,834362
E6Z25,2025-11-04,1.1548,1.156,1.1499,1.15055,-0.004,-0.35%,148046,835176
E6Z25,2025-11-05,1.1509,1.1523,1.1488,1.1511,0.00055,+0.05%,117324,833502
E6Z25,2025-11-06,1.15175,1.1576,1.15145,1.15675,0.00565,+0.49%,142544,836118
E6Z25,2025-11-07,1.1568,1.1613,1.15515,1.15815,0.0014,+0.12%,143876,831234
E6Z25,2025-11-10,1.1586,1.16055,1.15635,1.15835,0.0002,+0.02%,112878,831275
E6Z25,2025-11-11,1.158,1.16275,1.1569,1.1606,0.00225,+0.19%,123384,829257
E6Z25,2025-11-12,1.1605,1.1619,1.1584,1.1608,0.0002,+0.02%,124702,822316
E6Z25,2025-11-13,1.1612,1.1676,1.15985,1.16555,0.00475,+0.41%,153634,828051
E6Z25,2025-11-14,1.16535,1.16725,1.1625,1.1637,-0.00185,-0.16%,165758,828928
E6Z25,2025-11-17,1.16385,1.1643,1.15995,1.1602,-0.0035,-0.30%,140126,826261
E6Z25,2025-11-18,1.16065,1.1625,1.15885,1.1603,0.0001,+0.01%,140430,827015
E6Z25,2025-11-19,1.1597,1.1614,1.15345,1.15375,-0.00655,-0.56%,195928,828884
E6Z25,2025-11-20,1.1554,1.15645,1.1511,1.15525,0.0015,+0.13%,187594,827791
E6Z25,2025-11-21,1.15415,1.15665,1.15045,1.15275,-0.0025,-0.22%,207855,829453
E6Z25,2025-11-24,1.15295,1.15635,1.1515,1.1541,0.00135,+0.12%,129963,827699
E6Z25,2025-11-25,1.15355,1.15985,1.15235,1.1596,0.0055,+0.48%,217489,830589
E6Z25,2025-11-26,1.1582,1.16135,1.15595,1.1606,0.001,+0.09%,168786,833956
E6Z25,2025-11-28,1.1604,1.16235,1.15755,1.16115,0.00055,+0.05%,102331,834071
E6Z25,2025-12-01,1.1608,1.16615,1.15975,1.16175,0.0006,+0.05%,188031,847463
E6Z25,2025-12-02,1.1617,1.1635,1.1599,1.1629,0.00115,+0.10%,157123,851184
E6Z25,2025-12-03,1.1633,1.1685,1.16315,1.16805,0.00515,+0.44%,240952,860160
E6Z25,2025-12-04,1.1677,1.16875,1.1646,1.1658,-0.00225,-0.19%,232549,880656
E6Z25,2025-12-05,1.1649,1.16765,1.1633,1.1648,-0.001,-0.09%,223204,881225
E6Z25,2025-12-08,1.1648,1.1676,1.16205,1.1644,-0.0004,-0.03%,301987,909719
E6Z25,2025-12-09,1.16415,1.1661,1.1618,1.1632,-0.0012,-0.10%,775909,942794
E6H26,2025-12-10,1.16815,1.1756,1.16775,1.1735,0.0103,+0.89%,1014154,964957
E6H26,2025-12-11,1.1752,1.18175,1.17365,1.1796,0.0061,+0.52%,704289,981396
E6H26,2025-12-12,1.17915,1.1803,1.1773,1.1794,-0.0002,-0.02%,303479,977679
E6H26,2025-12-15,1.1794,1.18215,1.17795,1.18025,0.00085,+0.07%,124400,831606
E6H26,2025-12-16,1.1805,1.18565,1.17855,1.181,0.00075,+0.06%,180665,840214
E6H26,2025-12-17,1.18005,1.18095,1.1754,1.1796,-0.0014,-0.12%,150911,842246
E6H26,2025-12-18,1.17895,1.1812,1.17615,1.17745,-0.00215,-0.18%,172725,853613
E6H26,2025-12-19,1.1775,1.1787,1.1751,1.17725,-0.0002,-0.02%,123195,853100
E6H26,2025-12-22,1.17615,1.18175,1.17545,1.1803,0.00305,+0.26%,111980,862428
E6H26,2025-12-23,1.1806,1.18475,1.18055,1.18355,0.00325,+0.28%,114353,866951
E6H26,2025-12-24,1.1841,1.1853,1.18175,1.18215,-0.0014,-0.12%,54411,869810
E6H26,2025-12-26,1.18245,1.18415,1.1806,1.18205,-0.0001,-0.01%,54583,869579
E6H26,2025-12-29,1.18175,1.18335,1.1793,1.18115,-0.0009,-0.08%,119929,869811
E6H26,2025-12-30,1.1813,1.1822,1.1785,1.17885,-0.0023,-0.19%,86300,869169
"Downloaded from Barchart.com as of 08-28-2026 12:41am CDT"
