Symbol,Time,Open,High,Low,Latest,Change,%Change,Volume,"Open Int"
J6Z10,2010-12-01,0.011956,0.011995,0.011838,0.011878,-0.000081,-0.68%,166934,129322
J6Z10,2010-12-02,0.011884,0.01198,0.011853,0.011914,0.000036,+0.30%,137337,128444
J6Z10,2010-12-03,0.011926,0.01212,0.011914,0.012061,0.000147,+1.23%,176484,135787
J6Z10,2010-12-06,0.012089,0.012111,0.01205,0.012109,0.000048,+0.40%,102822,133853
J6Z10,2010-12-07,0.012101,0.012146,0.011953,0.011979,-0.00013,-1.07%,169942,132233
J6Z10,2010-12-08,0.011976,0.011982,0.011862,0.011906,-0.000073,-0.61%,222477,131679
J6Z10,2010-12-09,0.011901,0.011974,0.011888,0.011949,0.000043,+0.36%,185944,136985
J6H11,2010-12-10,0.011952,0.011995,0.011914,0.011932,-0.000017,-0.14%,111897,134431
J6H11,2010-12-13,0.011919,0.012045,0.011866,0.012013,0.000081,+0.68%,120585,94661
J6H11,2010-12-14,0.011995,0.012084,0.011946,0.011965,-0.000048,-0.40%,115967,96110
J6H11,2010-12-15,0.011969,0.011969,0.011842,0.011852,-0.000113,-0.94%,131847,91338
J6H11,2010-12-16,0.011877,0.011932,0.011852,0.011894,0.000042,+0.35%,101618,91184
J6H11,2010-12-17,0.011911,0.011961,0.011887,0.011932,0.000038,+0.32%,92074,87141
J6H11,2010-12-20,0.01192,0.011971,0.011899,0.011949,0.000017,+0.14%,71252,89061
J6H11,2010-12-21,0.011948,0.01199,0.011929,0.01195,0.000001,+0.01%,73127,90072
J6H11,2010-12-22,0.01195,0.012,0.011938,0.011974,0.000024,+0.20%,69518,90172
J6H11,2010-12-23,0.011975,0.01208,0.011974,0.012072,0.000098,+0.82%,94740,98503
J6H11,2010-12-27,0.012074,0.012112,0.012062,0.012084,0.000012,+0.10%,47686,102238
J6H11,2010-12-28,0.012088,0.012235,0.012084,0.012147,0.000063,+0.52%,100018,109343
J6H11,2010-12-29,0.012145,0.012264,0.01214,0.01226,0.000113,+0.93%,81536,117415
J6H11,2010-12-30,0.012255,0.012311,0.012224,0.012278,0.000018,+0.15%,86529,118901
J6H11,2010-12-31,0.012275,0.012365,0.012272,0.012328,0.00005,+0.41%,32742,121596
J6H11,2011-01-03,0.012345,0.012345,0.012243,0.01226,-0.000068,-0.55%,79086,125651
J6H11,2011-01-04,0.012246,0.012263,0.012163,0.012206,-0.000054,-0.44%,114243,128483
J6H11,2011-01-05,0.012191,0.012222,0.012,0.01201,-0.000196,-1.61%,185580,116766
J6H11,2011-01-06,0.012021,0.012075,0.011998,0.012016,0.000006,+0.05%,115437,115040
J6H11,2011-01-07,0.012013,0.012078,0.011952,0.012051,0.000035,+0.29%,171195,111984
J6H11,2011-01-10,0.012031,0.012104,0.012015,0.012085,0.000034,+0.28%,87848,109136
J6H11,2011-01-11,0.012098,0.0121,0.011983,0.01202,-0.000065,-0.54%,112326,107132
J6H11,2011-01-12,0.012005,0.012084,0.011987,0.01207,0.00005,+0.42%,126262,106508
J6H11,2011-01-13,0.012051,0.012121,0.012032,0.012096,0.000026,+0.22%,124092,106634
J6H11,2011-01-14,0.012086,0.01214,0.012044,0.012054,-0.000042,-0.35%,123508,105639
J6H11,2011-01-18,0.012067,0.012152,0.012053,0.012117,0.000063,+0.52%,154043,110405
J6H11,2011-01-19,0.012112,0.012223,0.012099,0.01219,0.000073,+0.60%,127377,114266
J6H11,2011-01-20,0.012187,0.012194,0.012034,0.012049,-0.000141,-1.16%,156515,107102
J6H11,2011-01-21,0.012053,0.012122,0.01204,0.012109,0.00006,+0.50%,103359,107781
J6H11,2011-01-24,0.012103,0.012155,0.012064,0.012124,0.000015,+0.12%,89651,109875
J6H11,2011-01-25,0.01212,0.012204,0.012101,0.012174,0.00005,+0.41%,136685,116661
J6H11,2011-01-26,0.012169,0.012202,0.012106,0.012127,-0.000047,-0.39%,97465,111979
J6H11,2011-01-27,0.012161,0.012198,0.012019,0.012078,-0.000049,-0.40%,176710,111280
J6H11,2011-01-28,0.012073,0.012201,0.012062,0.012175,0.000097,+0.80%,160282,111386
J6H11,2011-01-31,0.01218,0.012217,0.012161,0.012196,0.000021,+0.17%,100901,111595
J6H11,2011-02-01,0.01219,0.012303,0.012176,0.012285,0.000089,+0.73%,131382,116384
J6H11,2011-02-02,0.012289,0.0123,0.012219,0.012256,-0.000029,-0.24%,100863,118940
J6H11,2011-02-03,0.012271,0.012289,0.012188,0.012251,-0.000005,-0.04%,118749,123615
J6H11,2011-02-04,0.01226,0.012341,0.012127,0.012162,-0.000089,-0.73%,169010,117525
J6H11,2011-02-07,0.012165,0.012174,0.012128,0.012153,-0.000009,-0.07%,84332,114435
J6H11,2011-02-08,0.012147,0.012233,0.012133,0.012137,-0.000016,-0.13%,123068,117705
J6H11,2011-02-09,0.012152,0.012168,0.012098,0.012142,0.000005,+0.04%,129114,114870
J6H11,2011-02-10,0.012146,0.012147,0.011996,0.012003,-0.000139,-1.14%,190183,115184
J6H11,2011-02-11,0.012004,0.012015,0.011953,0.011979,-0.000024,-0.20%,116122,112739
J6H11,2011-02-14,0.01198,0.012037,0.011978,0.012004,0.000025,+0.21%,92566,110959
J6H11,2011-02-15,0.012007,0.012022,0.011918,0.011931,-0.000073,-0.61%,144921,116803
J6H11,2011-02-16,0.011943,0.011979,0.011909,0.01197,0.000039,+0.33%,146380,122897
J6H11,2011-02-17,0.011951,0.012027,0.011941,0.012,0.00003,+0.25%,129369,122559
J6H11,2011-02-18,0.012002,0.012047,0.011972,0.012032,0.000032,+0.27%,116835,121875
J6H11,2011-02-22,0.012032,0.012112,0.011987,0.012093,0.000061,+0.51%,214548,124016
J6H11,2011-02-23,0.01208,0.01215,0.012065,0.012122,0.000029,+0.24%,147590,118428
J6H11,2011-02-24,0.012132,0.012253,0.012122,0.012233,0.000111,+0.92%,169584,125216
J6H11,2011-02-25,0.012203,0.012251,0.012187,0.01224,0.000007,+0.06%,121328,128965
J6H11,2011-02-28,0.012246,0.012255,0.012199,0.012234,-0.000006,-0.05%,126247,132944
J6H11,2011-03-01,0.012247,0.012247,0.012161,0.012208,-0.000026,-0.21%,143803,136561
J6H11,2011-03-02,0.012212,0.012261,0.012178,0.012214,0.000006,+0.05%,139677,134976
J6H11,2011-03-03,0.01222,0.012237,0.012118,0.01214,-0.000074,-0.61%,188851,137354
J6H11,2011-03-04,0.012134,0.012165,0.012036,0.012144,0.000004,+0.03%,195029,132474
J6H11,2011-03-07,0.012162,0.012205,0.012137,0.012151,0.000007,+0.06%,130877,128916
J6H11,2011-03-08,0.012152,0.012164,0.012069,0.012096,-0.000055,-0.45%,157620,131247
J6H11,2011-03-09,0.012096,0.01211,0.012058,0.012094,-0.000002,-0.02%,191012,129330
J6H11,2011-03-10,0.012084,0.012093,0.012022,0.012047,-0.000047,-0.39%,235021,126526
J6M11,2011-03-11,0.012067,0.01226,0.012011,0.012222,0.000175,+1.45%,284377,135788
J6M11,2011-03-14,0.01224,0.012444,0.012136,0.012258,0.000036,+0.29%,176268,101197
J6M11,2011-03-15,0.012252,0.012415,0.012196,0.012378,0.00012,+0.98%,236388,114701
J6M11,2011-03-16,0.01239,0.012577,0.012328,0.012488,0.00011,+0.89%,224214,114459
J6M11,2011-03-17,0.012719,0.012957,0.012488,0.012655,0.000167,+1.34%,243084,119977
J6M11,2011-03-18,0.012653,0.012658,0.0122,0.012356,-0.000299,-2.36%,268469,119673
J6M11,2011-03-21,0.012371,0.012395,0.012305,0.012342,-0.000014,-0.11%,87387,113991
J6M11,2011-03-22,0.012343,0.012376,0.01231,0.012363,0.000021,+0.17%,81043,112051
J6M11,2011-03-23,0.012356,0.012398,0.01234,0.012376,0.000013,+0.11%,109927,111674
J6M11,2011-03-24,0.012361,0.01239,0.012342,0.01236,-0.000016,-0.13%,79619,111265
J6M11,2011-03-25,0.01235,0.012374,0.012276,0.012289,-0.000071,-0.57%,87944,111789
J6M11,2011-03-28,0.012293,0.012294,0.012223,0.012251,-0.000038,-0.31%,81080,108345
J6M11,2011-03-29,0.012245,0.01227,0.012128,0.012135,-0.000116,-0.95%,132082,100377
J6M11,2011-03-30,0.012133,0.012146,0.012026,0.012072,-0.000063,-0.52%,144486,92536
J6M11,2011-03-31,0.012068,0.012115,0.01202,0.01204,-0.000032,-0.27%,136559,91184
J6M11,2011-04-01,0.012026,0.01204,0.011806,0.011897,-0.000143,-1.19%,221016,112952
J6M11,2011-04-04,0.011887,0.011931,0.011855,0.011898,0.000001,+0.01%,88335,112020
J6M11,2011-04-05,0.011891,0.011901,0.011785,0.011793,-0.000105,-0.88%,125667,120632
J6M11,2011-04-06,0.011754,0.011793,0.011697,0.011713,-0.00008,-0.68%,137923,126683
J6M11,2011-04-07,0.011711,0.011825,0.011699,0.011779,0.000066,+0.56%,159015,128499
J6M11,2011-04-08,0.011766,0.011814,0.011714,0.011793,0.000014,+0.12%,127845,133616
J6M11,2011-04-11,0.011781,0.011838,0.011746,0.011816,0.000023,+0.20%,98413,133093
J6M11,2011-04-12,0.011813,0.011986,0.011798,0.011948,0.000132,+1.12%,172290,130084
J6M11,2011-04-13,0.011967,0.01198,0.011871,0.011932,-0.000016,-0.13%,119076,132993
J6M11,2011-04-14,0.011922,0.012059,0.011918,0.01199,0.000058,+0.49%,146097,137136
J6M11,2011-04-15,0.011977,0.012058,0.011937,0.012033,0.000043,+0.36%,93763,133390
J6M11,2011-04-18,0.01203,0.012171,0.012013,0.012104,0.000071,+0.59%,152650,132500
J6M11,2011-04-19,0.012121,0.01215,0.012086,0.012139,0.000035,+0.29%,107914,127838
J6M11,2011-04-20,0.012114,0.01216,0.012035,0.012139,0,0.00%,117618,127073
J6M11,2011-04-21,0.012111,0.012256,0.012111,0.012232,0.000093,+0.77%,115055,123357
J6M11,2011-04-25,0.012226,0.012247,0.012134,0.012231,-0.000001,-0.01%,55531,117848
J6M11,2011-04-26,0.012224,0.012275,0.012202,0.012256,0.000025,+0.20%,89970,114129
J6M11,2011-04-27,0.012259,0.012309,0.012075,0.012165,-0.000091,-0.74%,131355,114673
J6M11,2011-04-28,0.012164,0.012288,0.012156,0.012272,0.000107,+0.88%,113410,105402
J6M11,2011-04-29,0.012266,0.012342,0.012248,0.01233,0.000058,+0.47%,65497,101905
J6M11,2011-05-02,0.012333,0.012349,0.012242,0.01231,-0.00002,-0.16%,81953,103693
J6M11,2011-05-03,0.012308,0.012395,0.012304,0.012361,0.000051,+0.41%,74325,104590
J6M11,2011-05-04,0.012355,0.012435,0.012318,0.01241,0.000049,+0.40%,92796,103120
J6M11,2011-05-05,0.012405,0.01257,0.012395,0.012468,0.000058,+0.47%,162732,104586
J6M11,2011-05-06,0.012456,0.01247,0.012356,0.012429,-0.000039,-0.31%,157562,103471
J6M11,2011-05-09,0.012405,0.012475,0.012372,0.01245,0.000021,+0.17%,91990,102857
J6M11,2011-05-10,0.012456,0.012479,0.012346,0.01238,-0.00007,-0.56%,84350,102289
J6M11,2011-05-11,0.01237,0.012408,0.012297,0.012359,-0.000021,-0.17%,122350,102643
J6M11,2011-05-12,0.012327,0.012396,0.012295,0.01236,0.000001,+0.01%,112462,103246
J6M11,2011-05-13,0.01235,0.012449,0.012333,0.012371,0.000011,+0.09%,117603,106828
J6M11,2011-05-16,0.01237,0.012403,0.012337,0.012384,0.000013,+0.11%,87269,107119
J6M11,2011-05-17,0.01237,0.012387,0.01223,0.012277,-0.000107,-0.86%,121911,103453
J6M11,2011-05-18,0.012285,0.012357,0.012236,0.012258,-0.000019,-0.15%,112309,102782
J6M11,2011-05-19,0.012246,0.012277,0.012161,0.012257,-0.000001,-0.01%,119667,102477
J6M11,2011-05-20,0.012244,0.012273,0.012215,0.012257,0,0.00%,78624,101577
J6M11,2011-05-23,0.012232,0.012298,0.012186,0.012206,-0.000051,-0.42%,104119,99626
J6M11,2011-05-24,0.012207,0.012254,0.012163,0.01221,0.000004,+0.03%,95192,99264
J6M11,2011-05-25,0.012199,0.012227,0.012168,0.012195,-0.000015,-0.12%,96594,97730
J6M11,2011-05-26,0.012192,0.012324,0.012183,0.012298,0.000103,+0.84%,131335,102544
J6M11,2011-05-27,0.012293,0.012393,0.012291,0.012375,0.000077,+0.63%,109569,98268
J6M11,2011-05-31,0.01237,0.012391,0.012229,0.012273,-0.000102,-0.82%,143156,95929
J6M11,2011-06-01,0.012273,0.0124,0.012269,0.012363,0.00009,+0.73%,131792,99619
J6M11,2011-06-02,0.01236,0.012424,0.012296,0.012368,0.000005,+0.04%,108670,97753
J6M11,2011-06-03,0.012356,0.012493,0.012345,0.01246,0.000092,+0.74%,144542,101051
J6M11,2011-06-06,0.01246,0.012504,0.012439,0.012491,0.000031,+0.25%,92090,100902
J6M11,2011-06-07,0.012486,0.012512,0.012448,0.012483,-0.000008,-0.06%,103809,106199
J6M11,2011-06-08,0.012483,0.012548,0.012452,0.012512,0.000029,+0.23%,196649,120535
J6M11,2011-06-09,0.012513,0.012525,0.012434,0.012452,-0.00006,-0.48%,197184,127998
J6U11,2011-06-10,0.012446,0.012512,0.012434,0.012454,0.000002,+0.02%,130518,126043
J6U11,2011-06-13,0.012466,0.012488,0.012379,0.012475,0.000021,+0.17%,82970,97957
J6U11,2011-06-14,0.01247,0.012492,0.012407,0.012431,-0.000044,-0.35%,105644,94483
J6U11,2011-06-15,0.012426,0.012446,0.012341,0.012361,-0.00007,-0.56%,134943,96812
J6U11,2011-06-16,0.01236,0.012433,0.012348,0.0124,0.000039,+0.32%,120634,95672
J6U11,2011-06-17,0.012411,0.012505,0.0124,0.012498,0.000098,+0.79%,108442,99413
J6U11,2011-06-20,0.012485,0.012504,0.01245,0.012461,-0.000037,-0.30%,78296,96955
J6U11,2011-06-21,0.012466,0.012499,0.01245,0.012488,0.000027,+0.22%,63972,99421
J6U11,2011-06-22,0.01247,0.012506,0.012424,0.012458,-0.00003,-0.24%,77199,102038
J6U11,2011-06-23,0.012459,0.01246,0.012382,0.012418,-0.00004,-0.32%,130362,94298
J6U11,2011-06-24,0.012441,0.012487,0.012412,0.012437,0.000019,+0.15%,99983,101013
J6U11,2011-06-27,0.012438,0.012443,0.012353,0.012366,-0.000071,-0.57%,113208,95759
J6U11,2011-06-28,0.012374,0.012404,0.01231,0.012331,-0.000035,-0.28%,104832,94286
J6U11,2011-06-29,0.012344,0.012428,0.012323,0.012367,0.000036,+0.29%,107276,95180
J6U11,2011-06-30,0.012378,0.012464,0.012367,0.012433,0.000066,+0.53%,126540,94396
J6U11,2011-07-01,0.012416,0.012433,0.012328,0.012372,-0.000061,-0.49%,96523,94797
J6U11,2011-07-05,0.012378,0.012422,0.012321,0.012342,-0.00003,-0.24%,105669,94901
J6U11,2011-07-06,0.012336,0.012387,0.012333,0.012363,0.000021,+0.17%,83146,98265
J6U11,2011-07-07,0.012362,0.012382,0.012287,0.012313,-0.00005,-0.40%,106616,96531
J6U11,2011-07-08,0.012321,0.012429,0.012243,0.012408,0.000095,+0.77%,133286,101647
J6U11,2011-07-11,0.012424,0.012491,0.012377,0.012482,0.000074,+0.60%,110096,105831
J6U11,2011-07-12,0.012468,0.012639,0.012448,0.0126,0.000118,+0.95%,160344,116218
J6U11,2011-07-13,0.012644,0.012682,0.012572,0.012666,0.000066,+0.52%,114652,119455
J6U11,2011-07-14,0.012679,0.012749,0.012567,0.012642,-0.000024,-0.19%,131438,124001
J6U11,2011-07-15,0.012637,0.012681,0.01262,0.012654,0.000012,+0.09%,77681,126606
J6U11,2011-07-18,0.01265,0.012672,0.012634,0.012653,-0.000001,-0.01%,56240,129585
J6U11,2011-07-19,0.012656,0.012693,0.012619,0.012633,-0.00002,-0.16%,100712,129653
J6U11,2011-07-20,0.012638,0.012711,0.012613,0.0127,0.000067,+0.53%,79142,131269
J6U11,2011-07-21,0.01269,0.01278,0.012657,0.01275,0.00005,+0.39%,119402,133039
J6U11,2011-07-22,0.01274,0.012779,0.012706,0.012754,0.000004,+0.03%,74153,132911
J6U11,2011-07-25,0.01278,0.012817,0.012734,0.012782,0.000028,+0.22%,82381,133390
J6U11,2011-07-26,0.012778,0.012854,0.012692,0.012845,0.000063,+0.49%,95108,138932
J6U11,2011-07-27,0.012833,0.012896,0.012797,0.012819,-0.000026,-0.20%,87715,135941
J6U11,2011-07-28,0.01284,0.012887,0.012821,0.012859,0.00004,+0.31%,77075,140935
J6U11,2011-07-29,0.012877,0.013043,0.012846,0.012982,0.000123,+0.96%,130363,146293
J6U11,2011-08-01,0.01293,0.013113,0.012817,0.012976,-0.000006,-0.05%,190946,144892
J6U11,2011-08-02,0.012931,0.013001,0.012854,0.01296,-0.000016,-0.12%,113545,148888
J6U11,2011-08-03,0.01294,0.013031,0.012926,0.013011,0.000051,+0.39%,118432,147490
J6U11,2011-08-04,0.012985,0.013011,0.012467,0.012656,-0.000355,-2.73%,368422,128474
J6U11,2011-08-05,0.012652,0.012775,0.012596,0.012755,0.000099,+0.78%,181798,122790
J6U11,2011-08-08,0.012798,0.012918,0.012749,0.012891,0.000136,+1.07%,125104,122575
J6U11,2011-08-09,0.012857,0.013048,0.012856,0.012977,0.000086,+0.67%,179813,119904
J6U11,2011-08-10,0.012959,0.013108,0.012944,0.013032,0.000055,+0.42%,128860,123000
J6U11,2011-08-11,0.013028,0.013127,0.012957,0.013017,-0.000015,-0.12%,136468,123301
J6U11,2011-08-12,0.013016,0.013078,0.012992,0.013029,0.000012,+0.09%,78054,122957
J6U11,2011-08-15,0.013013,0.013061,0.012977,0.013032,0.000003,+0.02%,61577,123486
J6U11,2011-08-16,0.01302,0.013053,0.013003,0.013034,0.000002,+0.02%,67522,126262
J6U11,2011-08-17,0.013021,0.013092,0.013021,0.013079,0.000045,+0.35%,60450,127548
J6U11,2011-08-18,0.013053,0.013087,0.013041,0.013073,-0.000006,-0.05%,70107,130446
J6U11,2011-08-19,0.013069,0.013173,0.012997,0.013076,0.000003,+0.02%,118189,132873
J6U11,2011-08-22,0.013025,0.013076,0.012953,0.013034,-0.000042,-0.32%,75751,130652
J6U11,2011-08-23,0.013021,0.013081,0.013,0.013036,0.000002,+0.02%,82517,131217
J6U11,2011-08-24,0.013046,0.01308,0.012975,0.012991,-0.000045,-0.35%,104655,126770
J6U11,2011-08-25,0.012997,0.013015,0.012871,0.012896,-0.000095,-0.73%,113908,123962
J6U11,2011-08-26,0.012917,0.013075,0.012896,0.013041,0.000145,+1.12%,117082,124974
J6U11,2011-08-29,0.013036,0.013061,0.012985,0.013005,-0.000036,-0.28%,59837,123255
J6U11,2011-08-30,0.013015,0.013053,0.012991,0.013045,0.00004,+0.31%,69121,126180
J6U11,2011-08-31,0.013034,0.013088,0.013015,0.01306,0.000015,+0.11%,79638,127659
J6U11,2011-09-01,0.013044,0.01306,0.012944,0.013019,-0.000041,-0.31%,105320,128007
J6U11,2011-09-02,0.013002,0.013068,0.012993,0.013032,0.000013,+0.10%,76939,130342
J6U11,2011-09-06,0.013012,0.013041,0.012864,0.012882,-0.00015,-1.15%,206436,124079
J6U11,2011-09-07,0.012893,0.012978,0.012867,0.012933,0.000051,+0.40%,104221,123989
J6U11,2011-09-08,0.012949,0.012964,0.012887,0.012909,-0.000024,-0.19%,102386,124190
J6U11,2011-09-09,0.012902,0.012973,0.012844,0.01291,0.000001,+0.01%,149891,126822
J6U11,2011-09-12,0.012897,0.01303,0.012889,0.012925,0.000015,+0.12%,144454,135381
J6U11,2011-09-13,0.012962,0.013022,0.012925,0.013012,0.000087,+0.67%,153560,151535
J6U11,2011-09-14,0.012999,0.013055,0.012976,0.013045,0.000033,+0.25%,181460,169714
J6Z11,2011-09-15,0.013057,0.013081,0.012949,0.013063,0.000018,+0.14%,171519,177014
J6Z11,2011-09-16,0.013055,0.013063,0.013007,0.013026,-0.000037,-0.28%,92087,175762
J6Z11,2011-09-19,0.013017,0.01312,0.013003,0.013089,0.000063,+0.48%,71370,126781
J6Z11,2011-09-20,0.01307,0.013113,0.013044,0.013111,0.000022,+0.17%,79110,127828
J6Z11,2011-09-21,0.013098,0.013154,0.013045,0.013069,-0.000042,-0.32%,95755,126978
J6Z11,2011-09-22,0.013096,0.013156,0.012987,0.013103,0.000034,+0.26%,118966,132995
J6Z11,2011-09-23,0.013121,0.013149,0.013019,0.013049,-0.000054,-0.41%,73212,128846
J6Z11,2011-09-26,0.013071,0.013143,0.013041,0.01309,0.000041,+0.31%,104126,128548
J6Z11,2011-09-27,0.01311,0.013125,0.01301,0.01304,-0.00005,-0.38%,92527,125868
J6Z11,2011-09-28,0.013041,0.013114,0.013022,0.013082,0.000042,+0.32%,86590,124447
J6Z11,2011-09-29,0.013076,0.013102,0.012995,0.013049,-0.000033,-0.25%,88102,124397
J6Z11,2011-09-30,0.013031,0.013088,0.012965,0.012987,-0.000062,-0.48%,94438,126506
J6Z11,2011-10-03,0.012987,0.013086,0.01294,0.013063,0.000076,+0.59%,91489,127771
J6Z11,2011-10-04,0.01306,0.013081,0.013005,0.013016,-0.000047,-0.36%,90078,134724
J6Z11,2011-10-05,0.013029,0.013068,0.012988,0.013049,0.000033,+0.25%,91932,140714
J6Z11,2011-10-06,0.013036,0.013076,0.013025,0.013066,0.000017,+0.13%,95799,147489
J6Z11,2011-10-07,0.013051,0.01307,0.013,0.01303,-0.000036,-0.28%,88421,153012
J6Z11,2011-10-10,0.01303,0.013073,0.013023,0.013053,0.000023,+0.18%,43300,152441
J6Z11,2011-10-11,0.013055,0.013067,0.01304,0.013059,0.000006,+0.05%,54757,153849
J6Z11,2011-10-12,0.013055,0.01312,0.012912,0.012947,-0.000112,-0.86%,139632,150907
J6Z11,2011-10-13,0.012951,0.013054,0.012947,0.013022,0.000075,+0.58%,83684,147729
J6Z11,2011-10-14,0.013018,0.013022,0.012921,0.012961,-0.000061,-0.47%,96670,148108
J6Z11,2011-10-17,0.012978,0.013068,0.012921,0.013029,0.000068,+0.52%,108196,152258
J6Z11,2011-10-18,0.013022,0.013062,0.013012,0.013039,0.00001,+0.08%,81091,152255
J6Z11,2011-10-19,0.013032,0.013056,0.01302,0.013034,-0.000005,-0.04%,57748,151194
J6Z11,2011-10-20,0.013024,0.013052,0.01298,0.013023,-0.000011,-0.08%,102841,148820
J6Z11,2011-10-21,0.013033,0.013216,0.013011,0.01315,0.000127,+0.98%,156541,158222
J6Z11,2011-10-24,0.013126,0.01317,0.013083,0.013158,0.000008,+0.06%,65757,160698
J6Z11,2011-10-25,0.013148,0.013214,0.013115,0.013181,0.000023,+0.17%,96494,165616
J6Z11,2011-10-26,0.013152,0.013219,0.013112,0.013139,-0.000042,-0.32%,77780,165124
J6Z11,2011-10-27,0.013127,0.013226,0.013118,0.013175,0.000036,+0.27%,94569,166493
J6Z11,2011-10-28,0.013171,0.013224,0.013167,0.01321,0.000035,+0.27%,52990,167204
J6Z11,2011-10-31,0.013217,0.013264,0.012582,0.012821,-0.000389,-2.94%,366152,142945
J6Z11,2011-11-01,0.012823,0.012832,0.012667,0.012783,-0.000038,-0.30%,109244,138045
J6Z11,2011-11-02,0.012774,0.012841,0.012768,0.012822,0.000039,+0.31%,57571,136526
J6Z11,2011-11-03,0.012817,0.012849,0.012804,0.012819,-0.000003,-0.02%,44656,135725
J6Z11,2011-11-04,0.012823,0.012834,0.012784,0.012802,-0.000017,-0.13%,48768,139350
J6Z11,2011-11-07,0.012806,0.012834,0.0128,0.012818,0.000016,+0.12%,45860,137930
J6Z11,2011-11-08,0.012818,0.012897,0.012814,0.012878,0.00006,+0.47%,62171,138981
J6Z11,2011-11-09,0.012872,0.012905,0.012847,0.012854,-0.000024,-0.19%,56045,137455
J6Z11,2011-11-10,0.012866,0.01291,0.01285,0.012886,0.000032,+0.25%,58042,138126
J6Z11,2011-11-11,0.012885,0.012988,0.012879,0.012964,0.000078,+0.61%,55676,140643
J6Z11,2011-11-14,0.012961,0.013027,0.012954,0.012975,0.000011,+0.08%,53768,142118
J6Z11,2011-11-15,0.01298,0.013011,0.012885,0.012989,0.000014,+0.11%,65252,142233
J6Z11,2011-11-16,0.012989,0.013019,0.012971,0.013005,0.000016,+0.12%,51170,142906
J6Z11,2011-11-17,0.012988,0.01301,0.012979,0.013003,-0.000002,-0.02%,53578,144579
J6Z11,2011-11-18,0.012996,0.013067,0.012989,0.013,-0.000003,-0.02%,80958,147853
J6Z11,2011-11-21,0.013005,0.013034,0.012994,0.013004,0.000004,+0.03%,58140,149519
J6Z11,2011-11-22,0.013009,0.01302,0.012934,0.012997,-0.000007,-0.05%,69184,149571
J6Z11,2011-11-23,0.013,0.013005,0.012894,0.012935,-0.000062,-0.48%,57001,156260
J6Z11,2011-11-25,0.012968,0.012992,0.012858,0.012873,-0.000062,-0.48%,105821,165856
J6Z11,2011-11-28,0.012909,0.012915,0.012785,0.012827,-0.000046,-0.36%,74824,164481
J6Z11,2011-11-29,0.012823,0.012887,0.012778,0.012838,0.000011,+0.09%,86370,166279
J6Z11,2011-11-30,0.012833,0.012941,0.012799,0.012899,0.000061,+0.48%,120449,167616
J6Z11,2011-12-01,0.012892,0.01291,0.012852,0.012855,-0.000044,-0.34%,83262,172811
J6Z11,2011-12-02,0.012871,0.012871,0.012809,0.012814,-0.000041,-0.32%,68571,175183
J6Z11,2011-12-05,0.012814,0.012874,0.012807,0.012861,0.000047,+0.37%,64201,176301
J6Z11,2011-12-06,0.012849,0.012883,0.012846,0.012871,0.00001,+0.08%,67391,178625
J6Z11,2011-12-07,0.012868,0.012884,0.012856,0.012878,0.000007,+0.05%,56605,178826
J6Z11,2011-12-08,0.012878,0.012969,0.012853,0.012876,-0.000002,-0.02%,126663,189975
J6Z11,2011-12-09,0.012881,0.012907,0.012857,0.012901,0.000025,+0.19%,80875,192513
J6Z11,2011-12-12,0.012884,0.012901,0.012819,0.012837,-0.000064,-0.50%,109182,195461
J6Z11,2011-12-13,0.012831,0.012881,0.012817,0.012823,-0.000014,-0.11%,111036,204818
J6Z11,2011-12-14,0.012821,0.012834,0.012793,0.012808,-0.000015,-0.12%,131797,220878
J6H12,2011-12-15,0.01284,0.012895,0.012828,0.012867,0.000059,+0.46%,103418,219396
J6H12,2011-12-16,0.012868,0.012912,0.012855,0.01287,0.000003,+0.02%,67324,222046
J6H12,2011-12-19,0.012886,0.012886,0.012699,0.012856,-0.000014,-0.11%,47088,132719
J6H12,2011-12-20,0.012848,0.012893,0.012836,0.012865,0.000009,+0.07%,46524,132006
J6H12,2011-12-21,0.01287,0.012903,0.012822,0.012831,-0.000034,-0.26%,56848,131358
J6H12,2011-12-22,0.012834,0.012845,0.01281,0.012815,-0.000016,-0.12%,38770,129652
J6H12,2011-12-23,0.012821,0.012845,0.012806,0.012836,0.000021,+0.16%,20461,129502
J6H12,2011-12-27,0.012859,0.012899,0.012836,0.012867,0.000031,+0.24%,21784,132557
J6H12,2011-12-28,0.012863,0.012918,0.012833,0.012853,-0.000014,-0.11%,70618,135516
J6H12,2011-12-29,0.012851,0.012906,0.012846,0.012898,0.000045,+0.35%,47381,139341
J6H12,2011-12-30,0.012901,0.013024,0.012881,0.01301,0.000112,+0.87%,89509,158363
J6H12,2012-01-03,0.013046,0.01307,0.01301,0.013056,0.000046,+0.35%,45841,158719
J6H12,2012-01-04,0.013049,0.013067,0.013028,0.013043,-0.000013,-0.10%,58561,163127
J6H12,2012-01-05,0.013046,0.01306,0.012958,0.01297,-0.000073,-0.56%,69851,163836
J6H12,2012-01-06,0.012976,0.013007,0.012943,0.012996,0.000026,+0.20%,58528,165994
J6H12,2012-01-09,0.013027,0.013039,0.012998,0.01302,0.000024,+0.18%,33662,164713
J6H12,2012-01-10,0.01302,0.013036,0.013013,0.013031,0.000011,+0.08%,42541,163533
J6H12,2012-01-11,0.013023,0.013031,0.012991,0.01302,-0.000011,-0.08%,50001,164974
J6H12,2012-01-12,0.013021,0.013053,0.013,0.013037,0.000017,+0.13%,51622,167735
J6H12,2012-01-13,0.01303,0.013054,0.012987,0.013004,-0.000033,-0.25%,61644,164213
J6H12,2012-01-17,0.013013,0.013075,0.013004,0.013025,0.000021,+0.16%,86479,168070
J6H12,2012-01-18,0.013022,0.013055,0.013016,0.013032,0.000007,+0.05%,59512,168052
J6H12,2012-01-19,0.013028,0.013046,0.01294,0.012967,-0.000065,-0.50%,90072,160930
J6H12,2012-01-20,0.012975,0.01301,0.012943,0.012998,0.000031,+0.24%,69858,163908
J6H12,2012-01-23,0.012997,0.013016,0.01298,0.012994,-0.000004,-0.03%,63479,164481
J6H12,2012-01-24,0.012994,0.013,0.01285,0.012871,-0.000123,-0.95%,112454,152061
J6H12,2012-01-25,0.012883,0.012899,0.012779,0.01286,-0.000011,-0.09%,135851,150520
J6H12,2012-01-26,0.012873,0.012945,0.012856,0.012912,0.000052,+0.40%,81019,148835
J6H12,2012-01-27,0.012915,0.013054,0.01291,0.013044,0.000132,+1.02%,124834,160477
J6H12,2012-01-30,0.013035,0.013129,0.01303,0.013114,0.00007,+0.54%,81242,169399
J6H12,2012-01-31,0.013103,0.01314,0.013092,0.013134,0.00002,+0.15%,68687,172967
J6H12,2012-02-01,0.013116,0.01316,0.013104,0.013126,-0.000008,-0.06%,65369,178313
J6H12,2012-02-02,0.013128,0.013156,0.013122,0.013134,0.000008,+0.06%,50873,180561
J6H12,2012-02-03,0.013129,0.013138,0.013036,0.013064,-0.00007,-0.53%,95259,177141
J6H12,2012-02-06,0.013073,0.013077,0.013024,0.013062,-0.000002,-0.02%,56776,178747
J6H12,2012-02-07,0.013065,0.013073,0.012997,0.013034,-0.000028,-0.21%,77260,178512
J6H12,2012-02-08,0.013029,0.01304,0.012959,0.012988,-0.000046,-0.35%,75931,176447
J6H12,2012-02-09,0.012985,0.012988,0.012868,0.012881,-0.000107,-0.82%,93250,171719
J6H12,2012-02-10,0.012881,0.012905,0.012855,0.012892,0.000011,+0.09%,76818,162676
J6H12,2012-02-13,0.012883,0.012925,0.01286,0.012886,-0.000006,-0.05%,54291,162112
J6H12,2012-02-14,0.012891,0.01293,0.012734,0.012746,-0.00014,-1.09%,124704,153683
J6H12,2012-02-15,0.012758,0.012794,0.012716,0.012745,-0.000001,-0.01%,93670,154081
J6H12,2012-02-16,0.01276,0.012762,0.012666,0.012675,-0.00007,-0.55%,86665,150214
J6H12,2012-02-17,0.012678,0.012694,0.012562,0.012589,-0.000086,-0.68%,88799,150379
J6H12,2012-02-21,0.012544,0.012603,0.012519,0.01255,-0.000039,-0.31%,111514,150551
J6H12,2012-02-22,0.012544,0.012545,0.012439,0.012468,-0.000082,-0.65%,96121,149189
J6H12,2012-02-23,0.012456,0.012526,0.012447,0.012489,0.000021,+0.17%,78815,145765
J6H12,2012-02-24,0.012505,0.012512,0.012315,0.012351,-0.000138,-1.10%,96723,146232
J6H12,2012-02-27,0.01226,0.012482,0.012256,0.01243,0.000079,+0.64%,119369,147720
J6H12,2012-02-28,0.012424,0.012499,0.012379,0.012417,-0.000013,-0.10%,104110,148310
J6H12,2012-02-29,0.012427,0.012463,0.0123,0.012321,-0.000096,-0.77%,126141,142429
J6H12,2012-03-01,0.012308,0.012373,0.012287,0.012334,0.000013,+0.11%,93696,144616
J6H12,2012-03-02,0.012327,0.012334,0.012214,0.012225,-0.000109,-0.88%,97432,147302
J6H12,2012-03-05,0.012218,0.012324,0.012216,0.012279,0.000054,+0.44%,99179,149665
J6H12,2012-03-06,0.012268,0.01241,0.012258,0.012384,0.000105,+0.86%,122802,147952
J6H12,2012-03-07,0.012381,0.012411,0.012312,0.012314,-0.00007,-0.57%,103521,156711
J6H12,2012-03-08,0.012323,0.012333,0.012236,0.012252,-0.000062,-0.50%,137957,170705
J6H12,2012-03-09,0.012263,0.012276,0.0121,0.012115,-0.000137,-1.12%,176664,189057
J6H12,2012-03-12,0.012123,0.01218,0.012117,0.012156,0.000041,+0.34%,97678,190694
J6H12,2012-03-13,0.012152,0.012201,0.012036,0.012065,-0.000091,-0.75%,200254,196396
J6H12,2012-03-14,0.012064,0.012067,0.011929,0.011947,-0.000118,-0.98%,176630,207729
J6M12,2012-03-15,0.011957,0.012032,0.011889,0.012002,0.000055,+0.46%,173655,216500
J6M12,2012-03-16,0.01198,0.012031,0.011922,0.012005,0.000003,+0.02%,118085,220837
J6M12,2012-03-19,0.011999,0.012055,0.011976,0.012,-0.000005,-0.04%,84350,140901
J6M12,2012-03-20,0.012002,0.012013,0.011938,0.011958,-0.000042,-0.35%,70423,139769
J6M12,2012-03-21,0.011955,0.012015,0.0119,0.01199,0.000032,+0.27%,111590,137686
J6M12,2012-03-22,0.011997,0.012157,0.01199,0.012119,0.000129,+1.08%,136565,137220
J6M12,2012-03-23,0.012121,0.01221,0.012065,0.012132,0.000013,+0.11%,99895,135951
J6M12,2012-03-26,0.01214,0.01214,0.012056,0.012086,-0.000046,-0.38%,92238,141885
J6M12,2012-03-27,0.012076,0.012109,0.012,0.012046,-0.00004,-0.33%,99979,145497
J6M12,2012-03-28,0.012029,0.012113,0.012029,0.012089,0.000043,+0.36%,99492,142722
J6M12,2012-03-29,0.012073,0.01222,0.012061,0.012145,0.000056,+0.46%,103981,144503
J6M12,2012-03-30,0.012139,0.012229,0.01207,0.012078,-0.000067,-0.55%,110886,149587
J6M12,2012-04-02,0.012057,0.012222,0.012011,0.012177,0.000099,+0.82%,123857,144617
J6M12,2012-04-03,0.012189,0.012272,0.012057,0.012058,-0.000119,-0.98%,104255,150382
J6M12,2012-04-04,0.012083,0.012189,0.012058,0.012115,0.000057,+0.47%,86913,152648
J6M12,2012-04-05,0.012138,0.012229,0.012133,0.012149,0.000034,+0.28%,96262,151969
J6M12,2012-04-06,0.01215,0.012309,0.01212,0.012274,0.000125,+1.03%,40616,150998
J6M12,2012-04-09,0.01227,0.012325,0.012253,0.012257,-0.000017,-0.14%,53739,153594
J6M12,2012-04-10,0.012274,0.012409,0.012225,0.012389,0.000132,+1.08%,108957,150875
J6M12,2012-04-11,0.012396,0.01242,0.012335,0.012368,-0.000021,-0.17%,82085,149492
J6M12,2012-04-12,0.012375,0.012393,0.012333,0.012384,0.000016,+0.13%,83089,148411
J6M12,2012-04-13,0.012375,0.012384,0.012322,0.012336,-0.000048,-0.39%,67339,145595
J6M12,2012-04-16,0.01236,0.012458,0.012336,0.01243,0.000094,+0.76%,90229,143494
J6M12,2012-04-17,0.012443,0.012456,0.012363,0.012383,-0.000047,-0.38%,80324,144168
J6M12,2012-04-18,0.012371,0.012383,0.012266,0.012317,-0.000066,-0.53%,79698,144201
J6M12,2012-04-19,0.01231,0.012327,0.01224,0.012283,-0.000034,-0.28%,80763,142913
J6M12,2012-04-20,0.012263,0.012283,0.012233,0.012263,-0.00002,-0.16%,53825,143622
J6M12,2012-04-23,0.012263,0.012356,0.012251,0.01233,0.000067,+0.55%,80191,139488
J6M12,2012-04-24,0.012323,0.012374,0.012291,0.012312,-0.000018,-0.15%,70258,137636
J6M12,2012-04-25,0.012304,0.01234,0.012245,0.012303,-0.000009,-0.07%,96309,140567
J6M12,2012-04-26,0.012304,0.012402,0.012286,0.012359,0.000056,+0.46%,94056,139999
J6M12,2012-04-27,0.01235,0.012473,0.012283,0.012445,0.000086,+0.70%,103868,140620
J6M12,2012-04-30,0.012452,0.012547,0.012445,0.012536,0.000091,+0.73%,75445,140149
J6M12,2012-05-01,0.012531,0.012561,0.012457,0.012472,-0.000064,-0.51%,65223,140349
J6M12,2012-05-02,0.012489,0.012496,0.012409,0.01248,0.000008,+0.06%,75800,143302
J6M12,2012-05-03,0.012482,0.012488,0.012418,0.012459,-0.000021,-0.17%,58925,142389
J6M12,2012-05-04,0.012475,0.012537,0.012442,0.012525,0.000066,+0.53%,79220,147314
J6M12,2012-05-07,0.012535,0.012561,0.012504,0.012514,-0.000011,-0.09%,57110,145244
J6M12,2012-05-08,0.012519,0.01255,0.012491,0.012535,0.000021,+0.17%,67418,141842
J6M12,2012-05-09,0.012521,0.012595,0.012513,0.012554,0.000019,+0.15%,87410,142754
J6M12,2012-05-10,0.012557,0.012566,0.012501,0.012518,-0.000036,-0.29%,76728,141158
J6M12,2012-05-11,0.012521,0.012547,0.012505,0.012523,0.000005,+0.04%,65695,139807
J6M12,2012-05-14,0.012515,0.012553,0.012475,0.012525,0.000002,+0.02%,70199,139739
J6M12,2012-05-15,0.012527,0.012533,0.012451,0.012459,-0.000066,-0.53%,92531,139275
J6M12,2012-05-16,0.01247,0.012472,0.012416,0.012459,0,0.00%,100147,138581
J6M12,2012-05-17,0.012453,0.012641,0.012442,0.012619,0.00016,+1.28%,138113,145015
J6M12,2012-05-18,0.01261,0.012663,0.012587,0.01265,0.000031,+0.25%,90981,143731
J6M12,2012-05-21,0.012629,0.01265,0.012589,0.012604,-0.000046,-0.36%,63088,144338
J6M12,2012-05-22,0.012612,0.012617,0.012476,0.012483,-0.000121,-0.96%,92598,142168
J6M12,2012-05-23,0.012507,0.012627,0.012483,0.012589,0.000106,+0.85%,93968,142766
J6M12,2012-05-24,0.012586,0.012606,0.01256,0.012571,-0.000018,-0.14%,66582,142257
J6M12,2012-05-25,0.012568,0.01258,0.012528,0.012559,-0.000012,-0.10%,49588,141576
J6M12,2012-05-29,0.012554,0.012616,0.01255,0.012579,0.00002,+0.16%,87120,140684
J6M12,2012-05-30,0.012575,0.012682,0.01257,0.01265,0.000071,+0.56%,105675,151459
J6M12,2012-05-31,0.012642,0.012787,0.012639,0.012767,0.000117,+0.92%,136746,155076
J6M12,2012-06-01,0.012764,0.012881,0.012705,0.012806,0.000039,+0.31%,189739,162479
J6M12,2012-06-04,0.012808,0.012825,0.012746,0.012767,-0.000039,-0.30%,80860,164365
J6M12,2012-06-05,0.012766,0.012805,0.012663,0.012704,-0.000063,-0.49%,93825,169663
J6M12,2012-06-06,0.012698,0.012721,0.012614,0.012635,-0.000069,-0.54%,123207,169617
J6M12,2012-06-07,0.012618,0.012635,0.012532,0.01255,-0.000085,-0.67%,111144,168266
J6M12,2012-06-08,0.012554,0.012641,0.01254,0.012584,0.000034,+0.27%,101641,173225
J6M12,2012-06-11,0.012579,0.012602,0.012544,0.012586,0.000002,+0.02%,94240,176897
J6M12,2012-06-12,0.012598,0.012633,0.012548,0.012579,-0.000007,-0.06%,102141,174468
J6M12,2012-06-13,0.01257,0.012612,0.012539,0.012606,0.000027,+0.21%,138428,186168
J6U12,2012-06-14,0.012604,0.012649,0.012598,0.01263,0.000024,+0.19%,115325,193778
J6U12,2012-06-15,0.012607,0.012737,0.012591,0.012724,0.000094,+0.74%,118320,202950
J6U12,2012-06-18,0.01268,0.012724,0.012623,0.012654,-0.00007,-0.55%,65228,125358
J6U12,2012-06-19,0.012657,0.012699,0.012654,0.012667,0.000013,+0.10%,49139,123868
J6U12,2012-06-20,0.012677,0.012705,0.012558,0.012593,-0.000074,-0.58%,94708,123188
J6U12,2012-06-21,0.012596,0.01261,0.01246,0.012465,-0.000128,-1.02%,106085,129444
J6U12,2012-06-22,0.012476,0.012512,0.012423,0.012444,-0.000021,-0.17%,66571,126714
J6U12,2012-06-25,0.012437,0.012602,0.012416,0.012564,0.00012,+0.96%,80413,125864
J6U12,2012-06-26,0.012568,0.012636,0.012547,0.012598,0.000034,+0.27%,69495,123247
J6U12,2012-06-27,0.012589,0.012616,0.012535,0.012554,-0.000044,-0.35%,56721,122354
J6U12,2012-06-28,0.012561,0.012637,0.012552,0.012606,0.000052,+0.41%,65731,121077
J6U12,2012-06-29,0.012603,0.012653,0.012514,0.012535,-0.000071,-0.56%,113379,118583
J6U12,2012-07-02,0.012528,0.012624,0.012516,0.012596,0.000061,+0.49%,73119,116520
J6U12,2012-07-03,0.01259,0.012606,0.012523,0.012534,-0.000062,-0.49%,51827,117463
J6U12,2012-07-05,0.012549,0.012581,0.012492,0.012527,-0.000007,-0.06%,99007,117182
J6U12,2012-07-06,0.012524,0.012623,0.012508,0.012566,0.000039,+0.31%,85082,116490
J6U12,2012-07-09,0.012561,0.012602,0.012547,0.012576,0.00001,+0.08%,46240,114926
J6U12,2012-07-10,0.01258,0.012636,0.012575,0.012602,0.000026,+0.21%,59754,115522
J6U12,2012-07-11,0.012601,0.012647,0.012542,0.012565,-0.000037,-0.29%,78500,117262
J6U12,2012-07-12,0.012553,0.012641,0.012514,0.012619,0.000054,+0.43%,76355,117394
J6U12,2012-07-13,0.01262,0.012665,0.012604,0.012624,0.000005,+0.04%,49075,118577
J6U12,2012-07-16,0.012628,0.012719,0.012624,0.012697,0.000073,+0.58%,50863,123068
J6U12,2012-07-17,0.012685,0.012701,0.012639,0.012651,-0.000046,-0.36%,65895,121806
J6U12,2012-07-18,0.012655,0.012706,0.012642,0.0127,0.000049,+0.39%,50258,123439
J6U12,2012-07-19,0.012694,0.012766,0.012694,0.012733,0.000033,+0.26%,65541,128561
J6U12,2012-07-20,0.012724,0.012756,0.012697,0.012752,0.000019,+0.15%,63442,135083
J6U12,2012-07-23,0.012755,0.012839,0.012742,0.012762,0.00001,+0.08%,80587,137756
J6U12,2012-07-24,0.012773,0.012813,0.012762,0.012799,0.000037,+0.29%,58421,139033
J6U12,2012-07-25,0.0128,0.012818,0.012782,0.012811,0.000012,+0.09%,61149,141648
J6U12,2012-07-26,0.012804,0.012854,0.012775,0.012797,-0.000014,-0.11%,78824,144979
J6U12,2012-07-27,0.01279,0.012815,0.012717,0.012731,-0.000066,-0.52%,86997,142635
J6U12,2012-07-30,0.012746,0.012808,0.012731,0.012802,0.000071,+0.56%,58939,143906
J6U12,2012-07-31,0.012797,0.01282,0.012777,0.012807,0.000005,+0.04%,57558,144095
J6U12,2012-08-01,0.012807,0.012842,0.012744,0.012759,-0.000048,-0.37%,77938,145065
J6U12,2012-08-02,0.012756,0.012805,0.012739,0.012787,0.000028,+0.22%,91658,147700
J6U12,2012-08-03,0.012787,0.012815,0.0127,0.012728,-0.000059,-0.46%,107740,149122
J6U12,2012-08-06,0.012728,0.012803,0.01272,0.012789,0.000061,+0.48%,66458,147196
J6U12,2012-08-07,0.012784,0.0128,0.012704,0.012723,-0.000066,-0.52%,71967,148998
J6U12,2012-08-08,0.012728,0.012787,0.012717,0.012742,0.000019,+0.15%,71099,147152
J6U12,2012-08-09,0.012753,0.012779,0.012693,0.01273,-0.000012,-0.09%,75504,148076
J6U12,2012-08-10,0.01273,0.012799,0.01272,0.012785,0.000055,+0.43%,71005,149202
J6U12,2012-08-13,0.012774,0.012798,0.012762,0.012765,-0.00002,-0.16%,50905,147352
J6U12,2012-08-14,0.012768,0.012772,0.012671,0.012697,-0.000068,-0.53%,82952,151036
J6U12,2012-08-15,0.012709,0.012727,0.012653,0.012677,-0.00002,-0.16%,75051,145522
J6U12,2012-08-16,0.01266,0.012677,0.012595,0.012618,-0.000059,-0.47%,101500,144391
J6U12,2012-08-17,0.012607,0.012623,0.012566,0.012574,-0.000044,-0.35%,70137,143144
J6U12,2012-08-20,0.012569,0.012609,0.012556,0.012597,0.000023,+0.18%,59807,144542
J6U12,2012-08-21,0.012584,0.012625,0.012576,0.01262,0.000023,+0.18%,77229,141458
J6U12,2012-08-22,0.012616,0.012778,0.0126,0.012753,0.000133,+1.05%,120710,143497
J6U12,2012-08-23,0.012734,0.012764,0.012708,0.012749,-0.000004,-0.03%,84500,146776
J6U12,2012-08-24,0.012736,0.012749,0.012705,0.012707,-0.000042,-0.33%,70573,148245
J6U12,2012-08-27,0.012715,0.012719,0.012684,0.012698,-0.000009,-0.07%,42241,148461
J6U12,2012-08-28,0.012699,0.012748,0.012697,0.012737,0.000039,+0.31%,54721,149444
J6U12,2012-08-29,0.012734,0.012743,0.012693,0.01271,-0.000027,-0.21%,54628,145381
J6U12,2012-08-30,0.012713,0.012741,0.0127,0.012718,0.000008,+0.06%,50423,150553
J6U12,2012-08-31,0.01272,0.012793,0.012717,0.012767,0.000049,+0.39%,92754,156050
J6U12,2012-09-04,0.012766,0.012789,0.012744,0.012748,-0.000019,-0.15%,103827,152452
J6U12,2012-09-05,0.012752,0.012772,0.012733,0.012755,0.000007,+0.05%,70841,156692
J6U12,2012-09-06,0.012755,0.012758,0.012652,0.012681,-0.000074,-0.58%,152835,154834
J6U12,2012-09-07,0.012683,0.012819,0.012654,0.012776,0.000095,+0.75%,196802,165025
J6U12,2012-09-10,0.012779,0.012792,0.012767,0.01278,0.000004,+0.03%,92318,159637
J6U12,2012-09-11,0.012776,0.01287,0.012774,0.012859,0.000079,+0.62%,170559,176618
J6U12,2012-09-12,0.012856,0.012864,0.012826,0.012844,-0.000015,-0.12%,191812,190039
J6Z12,2012-09-13,0.012856,0.012977,0.012851,0.012924,0.00008,+0.62%,229024,203519
J6Z12,2012-09-14,0.012914,0.012924,0.012764,0.012782,-0.000142,-1.10%,185809,189212
J6Z12,2012-09-17,0.012769,0.012802,0.012676,0.012708,-0.000074,-0.58%,107763,133600
J6Z12,2012-09-18,0.012712,0.01275,0.012686,0.012689,-0.000019,-0.15%,83959,128862
J6Z12,2012-09-19,0.0127,0.012788,0.012631,0.012766,0.000077,+0.61%,141977,126753
J6Z12,2012-09-20,0.01277,0.012826,0.012754,0.012787,0.000021,+0.16%,84443,126878
J6Z12,2012-09-21,0.012791,0.012812,0.012768,0.012806,0.000019,+0.15%,63409,125379
J6Z12,2012-09-24,0.012807,0.012863,0.012802,0.012857,0.000051,+0.40%,58878,130210
J6Z12,2012-09-25,0.012851,0.012886,0.012836,0.012868,0.000011,+0.09%,72652,137692
J6Z12,2012-09-26,0.012861,0.012898,0.012845,0.012875,0.000007,+0.05%,64721,141357
J6Z12,2012-09-27,0.012872,0.012899,0.012869,0.012894,0.000019,+0.15%,66321,145337
J6Z12,2012-09-28,0.012892,0.012922,0.01281,0.012832,-0.000062,-0.48%,81952,145888
J6Z12,2012-10-01,0.012837,0.012863,0.012803,0.012825,-0.000007,-0.05%,74517,142768
J6Z12,2012-10-02,0.01283,0.012834,0.012793,0.012809,-0.000016,-0.12%,49662,141693
J6Z12,2012-10-03,0.012797,0.012809,0.012727,0.012741,-0.000068,-0.53%,84347,135263
J6Z12,2012-10-04,0.01275,0.012778,0.01271,0.012748,0.000007,+0.05%,77129,132841
J6Z12,2012-10-05,0.012747,0.012783,0.012685,0.012717,-0.000031,-0.24%,97798,127731
J6Z12,2012-10-08,0.012722,0.012815,0.012704,0.012797,0.00008,+0.63%,59446,129322
J6Z12,2012-10-09,0.012778,0.012804,0.012757,0.012793,-0.000004,-0.03%,63673,127442
J6Z12,2012-10-10,0.012787,0.012807,0.012766,0.012797,0.000004,+0.03%,54219,126161
J6Z12,2012-10-11,0.012802,0.012836,0.01273,0.012772,-0.000025,-0.20%,94079,130354
J6Z12,2012-10-12,0.012764,0.01278,0.01274,0.012764,-0.000008,-0.06%,55237,128061
J6Z12,2012-10-15,0.012756,0.012774,0.012686,0.012715,-0.000049,-0.38%,81854,129497
J6Z12,2012-10-16,0.012714,0.012715,0.012668,0.01268,-0.000035,-0.28%,76694,131343
J6Z12,2012-10-17,0.012686,0.012727,0.012656,0.012668,-0.000012,-0.09%,86818,132634
J6Z12,2012-10-18,0.012655,0.012668,0.012588,0.012623,-0.000045,-0.36%,135098,135701
J6Z12,2012-10-19,0.012619,0.012641,0.012594,0.012617,-0.000006,-0.05%,71045,133071
J6Z12,2012-10-22,0.012617,0.012628,0.01251,0.01252,-0.000097,-0.77%,103136,136241
J6Z12,2012-10-23,0.012513,0.01255,0.012503,0.012516,-0.000004,-0.03%,108119,137135
J6Z12,2012-10-24,0.012525,0.012553,0.012515,0.012535,0.000019,+0.15%,79849,141528
J6Z12,2012-10-25,0.012535,0.012537,0.01245,0.012462,-0.000073,-0.58%,115956,149103
J6Z12,2012-10-26,0.012452,0.012585,0.012444,0.012558,0.000096,+0.77%,127595,146221
J6Z12,2012-10-29,0.01256,0.012578,0.012529,0.012533,-0.000025,-0.20%,62607,148117
J6Z12,2012-10-30,0.012536,0.01264,0.012481,0.012567,0.000034,+0.27%,65936,147135
J6Z12,2012-10-31,0.012565,0.012581,0.012509,0.012541,-0.000026,-0.21%,87187,147294
J6Z12,2012-11-01,0.012534,0.012541,0.012472,0.012476,-0.000065,-0.52%,76021,148836
J6Z12,2012-11-02,0.012481,0.012484,0.012399,0.012441,-0.000035,-0.28%,106774,153880
J6Z12,2012-11-05,0.012426,0.012481,0.012416,0.012462,0.000021,+0.17%,63861,155901
J6Z12,2012-11-06,0.012465,0.01251,0.012434,0.01244,-0.000022,-0.18%,68575,161552
J6Z12,2012-11-07,0.012442,0.012542,0.01244,0.012519,0.000079,+0.64%,150289,158390
J6Z12,2012-11-08,0.012508,0.012611,0.012503,0.012601,0.000082,+0.66%,108402,158035
J6Z12,2012-11-09,0.012586,0.01265,0.012565,0.012593,-0.000008,-0.06%,114266,155686
J6Z12,2012-11-12,0.01259,0.012606,0.012573,0.012591,-0.000002,-0.02%,44303,155652
J6Z12,2012-11-13,0.012573,0.012629,0.01256,0.012598,0.000007,+0.06%,84471,155931
J6Z12,2012-11-14,0.012594,0.012599,0.012454,0.012477,-0.000121,-0.96%,118979,160264
J6Z12,2012-11-15,0.012478,0.012483,0.012278,0.012317,-0.00016,-1.28%,154236,168075
J6Z12,2012-11-16,0.012326,0.012364,0.012281,0.012314,-0.000003,-0.02%,109121,171757
J6Z12,2012-11-19,0.012287,0.012335,0.01226,0.012294,-0.00002,-0.16%,84088,176630
J6Z12,2012-11-20,0.012297,0.012327,0.012233,0.012241,-0.000053,-0.43%,104440,180979
J6Z12,2012-11-21,0.012243,0.012249,0.012116,0.012125,-0.000116,-0.95%,125993,189363
J6Z12,2012-11-23,0.012127,0.012187,0.012074,0.012141,0.000016,+0.13%,140931,199325
J6Z12,2012-11-26,0.01214,0.012208,0.012104,0.012172,0.000031,+0.26%,99552,204320
J6Z12,2012-11-27,0.012186,0.012218,0.012148,0.012172,0,0.00%,82021,208130
J6Z12,2012-11-28,0.01218,0.012243,0.012164,0.012209,0.000037,+0.30%,112258,215252
J6Z12,2012-11-29,0.012184,0.012209,0.012163,0.012178,-0.000031,-0.25%,99415,215827
J6Z12,2012-11-30,0.012178,0.01219,0.012086,0.012138,-0.00004,-0.33%,141401,218408
J6Z12,2012-12-03,0.012139,0.012197,0.012121,0.012163,0.000025,+0.21%,108566,222838
J6Z12,2012-12-04,0.012169,0.012238,0.012163,0.01222,0.000057,+0.47%,100717,220982
J6Z12,2012-12-05,0.01221,0.012226,0.012124,0.012147,-0.000073,-0.60%,141782,237754
J6Z12,2012-12-06,0.012134,0.012166,0.012105,0.012142,-0.000005,-0.04%,88520,231144
J6Z12,2012-12-07,0.012133,0.012169,0.012073,0.012138,-0.000004,-0.03%,156823,236080
J6Z12,2012-12-10,0.012116,0.012178,0.012101,0.012146,0.000008,+0.07%,126536,253326
J6Z12,2012-12-11,0.012145,0.012151,0.01211,0.012122,-0.000024,-0.20%,166325,267582
J6Z12,2012-12-12,0.012117,0.012122,0.012005,0.012021,-0.000101,-0.83%,274017,290980
J6Z12,2012-12-13,0.012021,0.012025,0.011951,0.011966,-0.000055,-0.46%,269257,311517
J6H13,2012-12-14,0.011966,0.012011,0.01192,0.011992,0.000026,+0.22%,237085,309183
J6H13,2012-12-17,0.0119,0.011992,0.011881,0.011939,-0.000053,-0.44%,118702,192895
J6H13,2012-12-18,0.01193,0.011939,0.011876,0.011888,-0.000051,-0.43%,104536,196662
J6H13,2012-12-19,0.011877,0.011885,0.011827,0.011858,-0.00003,-0.25%,111362,193633
J6H13,2012-12-20,0.0119,0.011934,0.011848,0.011853,-0.000005,-0.04%,125869,191559
J6H13,2012-12-21,0.011862,0.011934,0.01185,0.011882,0.000029,+0.24%,118459,192656
J6H13,2012-12-24,0.011858,0.011882,0.01179,0.011804,-0.000078,-0.66%,38791,195705
J6H13,2012-12-26,0.01173,0.011739,0.011673,0.011688,-0.000116,-0.98%,64225,194944
J6H13,2012-12-27,0.011705,0.011707,0.011613,0.011632,-0.000056,-0.48%,119613,193310
J6H13,2012-12-28,0.011607,0.011654,0.011548,0.011625,-0.000007,-0.06%,90956,195917
J6H13,2012-12-31,0.011656,0.01166,0.011527,0.01155,-0.000075,-0.65%,64517,194632
J6H13,2013-01-02,0.0115,0.011508,0.011453,0.011485,-0.000065,-0.56%,71643,196298
J6H13,2013-01-03,0.011459,0.011531,0.011453,0.011478,-0.000007,-0.06%,114787,194948
J6H13,2013-01-04,0.01144,0.011478,0.011317,0.011352,-0.000126,-1.10%,214542,195878
J6H13,2013-01-07,0.011328,0.011418,0.011325,0.011391,0.000039,+0.34%,120963,193860
J6H13,2013-01-08,0.01144,0.011514,0.011393,0.011474,0.000083,+0.73%,151708,193295
J6H13,2013-01-09,0.011521,0.011522,0.011367,0.011401,-0.000073,-0.64%,138240,200777
J6H13,2013-01-10,0.011367,0.011401,0.011267,0.011346,-0.000055,-0.48%,163362,202539
J6H13,2013-01-11,0.011252,0.011275,0.011185,0.011219,-0.000127,-1.12%,191234,200272
J6H13,2013-01-14,0.011183,0.011232,0.01116,0.011193,-0.000026,-0.23%,124329,199694
J6H13,2013-01-15,0.011183,0.011332,0.011162,0.011266,0.000073,+0.65%,233172,196509
J6H13,2013-01-16,0.011266,0.011396,0.011259,0.011304,0.000038,+0.34%,216011,196584
J6H13,2013-01-17,0.011296,0.011352,0.011097,0.01111,-0.000194,-1.72%,259210,202818
J6H13,2013-01-18,0.011123,0.011162,0.011091,0.011111,0.000001,+0.01%,187213,204489
J6H13,2013-01-22,0.011097,0.011322,0.011086,0.011274,0.000163,+1.47%,384598,202225
J6H13,2013-01-23,0.01127,0.01136,0.011265,0.011282,0.000008,+0.07%,187989,205727
J6H13,2013-01-24,0.011296,0.011313,0.011045,0.011119,-0.000163,-1.44%,214367,210689
J6H13,2013-01-25,0.011062,0.011119,0.010969,0.010993,-0.000126,-1.13%,200232,214828
J6H13,2013-01-28,0.010989,0.011045,0.010961,0.011023,0.00003,+0.27%,155354,215978
J6H13,2013-01-29,0.011034,0.011074,0.010989,0.011027,0.000004,+0.04%,163600,219635
J6H13,2013-01-30,0.011021,0.011027,0.010943,0.010968,-0.000059,-0.54%,180649,217587
J6H13,2013-01-31,0.010983,0.011023,0.010897,0.010945,-0.000023,-0.21%,158141,217891
J6H13,2013-02-01,0.010903,0.010945,0.01076,0.010785,-0.00016,-1.46%,261114,219213
J6H13,2013-02-04,0.010776,0.010848,0.010734,0.010827,0.000042,+0.39%,185058,218071
J6H13,2013-02-05,0.010858,0.010866,0.01068,0.010712,-0.000115,-1.06%,249903,217709
J6H13,2013-02-06,0.010673,0.010724,0.010633,0.010711,-0.000001,-0.01%,203432,220521
J6H13,2013-02-07,0.010694,0.010748,0.01065,0.010691,-0.00002,-0.19%,211945,219838
J6H13,2013-02-08,0.010675,0.010854,0.01067,0.010777,0.000086,+0.80%,250579,215702
J6H13,2013-02-11,0.010804,0.010819,0.010588,0.010707,-0.00007,-0.65%,149155,218695
J6H13,2013-02-12,0.010612,0.010766,0.010595,0.010695,-0.000012,-0.11%,292679,215036
J6H13,2013-02-13,0.010726,0.010777,0.010666,0.010701,0.000006,+0.06%,162989,213761
J6H13,2013-02-14,0.010725,0.010793,0.010672,0.010753,0.000052,+0.49%,177905,214054
J6H13,2013-02-15,0.010769,0.010846,0.010658,0.010706,-0.000047,-0.44%,268416,214124
J6H13,2013-02-19,0.010654,0.010721,0.010615,0.010704,-0.000002,-0.02%,208463,218241
J6H13,2013-02-20,0.01069,0.01074,0.010635,0.010659,-0.000045,-0.42%,164185,216637
J6H13,2013-02-21,0.010676,0.010782,0.010655,0.010742,0.000083,+0.78%,198475,213069
J6H13,2013-02-22,0.010752,0.010763,0.010692,0.010707,-0.000035,-0.33%,152070,216344
J6H13,2013-02-25,0.010632,0.011009,0.010605,0.010798,0.000091,+0.85%,306889,218757
J6H13,2013-02-26,0.010853,0.010977,0.010783,0.010876,0.000078,+0.72%,338063,216323
J6H13,2013-02-27,0.010874,0.010974,0.010818,0.010834,-0.000042,-0.39%,233090,223648
J6H13,2013-02-28,0.010846,0.010869,0.01077,0.01079,-0.000044,-0.41%,161247,231521
J6H13,2013-03-01,0.010798,0.010819,0.010675,0.010685,-0.000105,-0.97%,185857,235550
J6H13,2013-03-04,0.010689,0.010733,0.01067,0.010704,0.000019,+0.18%,124475,231418
J6H13,2013-03-05,0.010698,0.010764,0.010693,0.010719,0.000015,+0.14%,149253,241938
J6H13,2013-03-06,0.010712,0.010755,0.010625,0.010632,-0.000087,-0.81%,148706,251571
J6H13,2013-03-07,0.01064,0.010662,0.010515,0.010544,-0.000088,-0.83%,202811,259863
J6H13,2013-03-08,0.010537,0.010544,0.010357,0.010438,-0.000106,-1.01%,313678,266845
J6H13,2013-03-11,0.010422,0.010425,0.010375,0.010389,-0.000049,-0.47%,161775,272928
J6H13,2013-03-12,0.010381,0.010457,0.01034,0.010426,0.000037,+0.36%,299991,288474
J6H13,2013-03-13,0.010417,0.010478,0.010388,0.010414,-0.000012,-0.12%,304282,286890
J6M13,2013-03-14,0.010411,0.010458,0.010358,0.010416,0.000002,+0.02%,279734,308494
J6M13,2013-03-15,0.010413,0.010525,0.010392,0.010483,0.000067,+0.64%,264899,314338
J6M13,2013-03-18,0.010568,0.010611,0.010464,0.010486,0.000003,+0.03%,189318,213317
J6M13,2013-03-19,0.010502,0.010564,0.010451,0.010521,0.000035,+0.33%,153117,216674
J6M13,2013-03-20,0.010519,0.010552,0.010407,0.010436,-0.000085,-0.81%,128936,222526
J6M13,2013-03-21,0.010423,0.010585,0.01041,0.010544,0.000108,+1.03%,185137,219945
J6M13,2013-03-22,0.010533,0.010623,0.010517,0.010593,0.000049,+0.46%,155036,219272
J6M13,2013-03-25,0.010584,0.010698,0.010536,0.010641,0.000048,+0.45%,173912,220683
J6M13,2013-03-26,0.010623,0.01066,0.010574,0.010588,-0.000053,-0.50%,131948,220896
J6M13,2013-03-27,0.010586,0.010643,0.010542,0.010602,0.000014,+0.13%,122364,219921
J6M13,2013-03-28,0.010599,0.010659,0.010594,0.010633,0.000031,+0.29%,123624,217575
J6M13,2013-04-01,0.010614,0.01074,0.010601,0.010716,0.000083,+0.78%,119278,214173
J6M13,2013-04-02,0.010734,0.010809,0.010693,0.010717,0.000001,+0.01%,148393,213997
J6M13,2013-04-03,0.010717,0.010792,0.010679,0.010773,0.000056,+0.52%,148557,209837
J6M13,2013-04-04,0.01075,0.010789,0.010376,0.010406,-0.000367,-3.41%,372173,225490
J6M13,2013-04-05,0.010382,0.010448,0.010226,0.010242,-0.000164,-1.58%,362103,228465
J6M13,2013-04-08,0.010186,0.010242,0.010064,0.010086,-0.000156,-1.52%,248150,220876
J6M13,2013-04-09,0.010059,0.010148,0.010037,0.010077,-0.000009,-0.09%,214844,220626
J6M13,2013-04-10,0.01009,0.010114,0.010016,0.010027,-0.00005,-0.50%,205949,219182
J6M13,2013-04-11,0.010021,0.010093,0.010008,0.010012,-0.000015,-0.15%,197881,214912
J6M13,2013-04-12,0.010027,0.010198,0.010012,0.010118,0.000106,+1.06%,206832,211023
J6M13,2013-04-15,0.010175,0.010383,0.010134,0.010285,0.000167,+1.65%,297632,215494
J6M13,2013-04-16,0.010354,0.010365,0.01019,0.010267,-0.000018,-0.18%,220231,214577
J6M13,2013-04-17,0.010234,0.010291,0.010162,0.010223,-0.000044,-0.43%,215988,207917
J6M13,2013-04-18,0.010178,0.010246,0.010153,0.010197,-0.000026,-0.25%,173264,205183
J6M13,2013-04-19,0.010185,0.010197,0.010034,0.010049,-0.000148,-1.45%,188901,209654
J6M13,2013-04-22,0.010027,0.010107,0.010013,0.010063,0.000014,+0.14%,171893,208412
J6M13,2013-04-23,0.010073,0.010158,0.01005,0.010063,0,0.00%,222930,204150
J6M13,2013-04-24,0.010062,0.010086,0.010026,0.010052,-0.000011,-0.11%,136327,205558
J6M13,2013-04-25,0.010052,0.010106,0.010047,0.010069,0.000017,+0.17%,143439,206554
J6M13,2013-04-26,0.010071,0.010254,0.010061,0.010183,0.000114,+1.13%,257061,198553
J6M13,2013-04-29,0.010206,0.010276,0.010185,0.010206,0.000023,+0.23%,108121,200098
J6M13,2013-04-30,0.010224,0.010312,0.010193,0.010258,0.000052,+0.51%,150586,198106
J6M13,2013-05-01,0.010268,0.01031,0.010239,0.010271,0.000013,+0.13%,113158,198055
J6M13,2013-05-02,0.010278,0.010303,0.010165,0.01021,-0.000061,-0.59%,160952,202237
J6M13,2013-05-03,0.010213,0.010217,0.010075,0.010099,-0.000111,-1.09%,172736,208685
J6M13,2013-05-06,0.01009,0.010099,0.010057,0.010063,-0.000036,-0.36%,66529,209967
J6M13,2013-05-07,0.010069,0.010122,0.010058,0.010106,0.000043,+0.43%,130133,209370
J6M13,2013-05-08,0.010105,0.010147,0.010087,0.010123,0.000017,+0.17%,121475,209323
J6M13,2013-05-09,0.010105,0.01014,0.009922,0.009944,-0.000179,-1.77%,247171,224878
J6M13,2013-05-10,0.00994,0.009947,0.009807,0.00985,-0.000094,-0.95%,243794,230723
J6M13,2013-05-13,0.00983,0.009852,0.00979,0.009811,-0.000039,-0.40%,159607,229311
J6M13,2013-05-14,0.009826,0.009877,0.009762,0.009782,-0.000029,-0.30%,181003,229746
J6M13,2013-05-15,0.009776,0.00982,0.009732,0.009775,-0.000007,-0.07%,185593,229571
J6M13,2013-05-16,0.009782,0.009822,0.009739,0.009799,0.000024,+0.25%,201185,226197
J6M13,2013-05-17,0.009784,0.009799,0.00968,0.009692,-0.000107,-1.09%,167047,234945
J6M13,2013-05-20,0.009745,0.00979,0.009692,0.009781,0.000089,+0.92%,126837,229977
J6M13,2013-05-21,0.009778,0.009797,0.00972,0.009752,-0.000029,-0.30%,141346,227826
J6M13,2013-05-22,0.009756,0.009772,0.00964,0.00969,-0.000062,-0.64%,256470,230099
J6M13,2013-05-23,0.009699,0.009919,0.009656,0.009817,0.000127,+1.31%,398189,226918
J6M13,2013-05-24,0.009807,0.009937,0.009749,0.0099,0.000083,+0.85%,294310,226493
J6M13,2013-05-28,0.00988,0.009928,0.009756,0.009797,-0.000103,-1.04%,284421,231012
J6M13,2013-05-29,0.009777,0.009931,0.009754,0.009886,0.000089,+0.91%,256192,225415
J6M13,2013-05-30,0.00989,0.009955,0.009823,0.009907,0.000021,+0.21%,273806,222409
J6M13,2013-05-31,0.009922,0.009978,0.009873,0.009934,0.000027,+0.27%,249770,222161
J6M13,2013-06-03,0.009947,0.010116,0.009928,0.010056,0.000122,+1.23%,279148,220116
J6M13,2013-06-04,0.010053,0.010066,0.009959,0.009996,-0.00006,-0.60%,207587,219135
J6M13,2013-06-05,0.009998,0.010105,0.009954,0.010078,0.000082,+0.82%,251976,219443
J6M13,2013-06-06,0.010085,0.010422,0.010053,0.010287,0.000209,+2.07%,454554,222880
J6M13,2013-06-07,0.010266,0.010528,0.010226,0.010265,-0.000022,-0.21%,550553,235423
J6M13,2013-06-10,0.01023,0.010234,0.010072,0.010131,-0.000134,-1.31%,284591,243256
J6M13,2013-06-11,0.010105,0.010462,0.010102,0.010402,0.000271,+2.67%,493062,243644
J6M13,2013-06-12,0.010413,0.010513,0.010307,0.010453,0.000051,+0.49%,368152,253822
J6M13,2013-06-13,0.01043,0.010663,0.010421,0.010543,0.00009,+0.86%,469324,256328
J6U13,2013-06-14,0.010467,0.010647,0.010452,0.010612,0.000069,+0.65%,312483,257807
J6U13,2013-06-17,0.010622,0.010623,0.010505,0.010547,-0.000065,-0.61%,150207,162973
J6U13,2013-06-18,0.010571,0.010594,0.010446,0.0105,-0.000047,-0.45%,146296,163921
J6U13,2013-06-19,0.010489,0.01055,0.01031,0.010368,-0.000132,-1.26%,175996,161133
J6U13,2013-06-20,0.010386,0.0104,0.010179,0.010285,-0.000083,-0.80%,263721,163876
J6U13,2013-06-21,0.010273,0.010328,0.010195,0.010234,-0.000051,-0.50%,169810,162972
J6U13,2013-06-24,0.010214,0.010296,0.010136,0.010239,0.000005,+0.05%,195551,157677
J6U13,2013-06-25,0.010238,0.010318,0.010202,0.010234,-0.000005,-0.05%,156327,161160
J6U13,2013-06-26,0.010212,0.010289,0.010184,0.010223,-0.000011,-0.11%,138799,158866
J6U13,2013-06-27,0.01023,0.010254,0.010148,0.010168,-0.000055,-0.54%,141893,164921
J6U13,2013-06-28,0.010165,0.010168,0.010059,0.010087,-0.000081,-0.80%,160702,170380
J6U13,2013-07-01,0.010085,0.010087,0.010016,0.010031,-0.000056,-0.56%,115342,170760
J6U13,2013-07-02,0.010042,0.010053,0.00993,0.009945,-0.000086,-0.86%,139344,178926
J6U13,2013-07-03,0.00994,0.010079,0.009918,0.009994,0.000049,+0.49%,160556,178251
J6U13,2013-07-05,0.010015,0.010054,0.009881,0.009886,-0.000108,-1.08%,190818,183592
J6U13,2013-07-08,0.009879,0.009926,0.009852,0.009907,0.000021,+0.21%,92658,185023
J6U13,2013-07-09,0.009917,0.009927,0.009873,0.009912,0.000005,+0.05%,96023,185249
J6U13,2013-07-10,0.009893,0.010064,0.009883,0.009987,0.000075,+0.76%,172219,184645
J6U13,2013-07-11,0.010043,0.010184,0.010038,0.010098,0.000111,+1.11%,185505,184994
J6U13,2013-07-12,0.010104,0.010137,0.010033,0.010065,-0.000033,-0.33%,115150,184279
J6U13,2013-07-15,0.010071,0.010097,0.009949,0.010017,-0.000048,-0.48%,82736,186421
J6U13,2013-07-16,0.01001,0.010116,0.009996,0.010086,0.000069,+0.69%,99338,182429
J6U13,2013-07-17,0.010089,0.0101,0.010006,0.010044,-0.000042,-0.42%,133015,184587
J6U13,2013-07-18,0.010044,0.010056,0.009937,0.009956,-0.000088,-0.88%,110117,190436
J6U13,2013-07-19,0.009952,0.010023,0.009916,0.00998,0.000024,+0.24%,121266,187985
J6U13,2013-07-22,0.009963,0.010075,0.00994,0.010044,0.000064,+0.64%,119477,186003
J6U13,2013-07-23,0.01004,0.01009,0.009984,0.010059,0.000015,+0.15%,108601,187250
J6U13,2013-07-24,0.010055,0.010065,0.009958,0.009984,-0.000075,-0.75%,124861,191899
J6U13,2013-07-25,0.009974,0.010116,0.009957,0.010046,0.000062,+0.62%,129165,186491
J6U13,2013-07-26,0.010075,0.010211,0.010063,0.010186,0.00014,+1.39%,155010,182043
J6U13,2013-07-29,0.010174,0.010245,0.010172,0.010221,0.000035,+0.34%,118264,176527
J6U13,2013-07-30,0.010213,0.010232,0.010158,0.01021,-0.000011,-0.11%,106352,174872
J6U13,2013-07-31,0.010202,0.010251,0.010145,0.010231,0.000021,+0.21%,173297,172055
J6U13,2013-08-01,0.010222,0.010242,0.010041,0.010051,-0.00018,-1.76%,143708,175106
J6U13,2013-08-02,0.01005,0.010137,0.010002,0.010116,0.000065,+0.65%,160265,178938
J6U13,2013-08-05,0.010105,0.010194,0.010087,0.010174,0.000058,+0.57%,104294,172776
J6U13,2013-08-06,0.010179,0.010258,0.010145,0.010243,0.000069,+0.68%,131949,172059
J6U13,2013-08-07,0.010229,0.010385,0.010229,0.010378,0.000135,+1.32%,168234,166196
J6U13,2013-08-08,0.010376,0.01044,0.010317,0.010362,-0.000016,-0.15%,155375,163913
J6U13,2013-08-09,0.01035,0.010404,0.010312,0.010384,0.000022,+0.21%,106724,161751
J6U13,2013-08-12,0.010384,0.010427,0.010318,0.010346,-0.000038,-0.37%,103479,159334
J6U13,2013-08-13,0.010308,0.010308,0.01017,0.010183,-0.000163,-1.58%,154140,159496
J6U13,2013-08-14,0.010178,0.010219,0.010161,0.010192,0.000009,+0.09%,104305,161956
J6U13,2013-08-15,0.010203,0.010309,0.010137,0.01027,0.000078,+0.77%,205975,163281
J6U13,2013-08-16,0.010281,0.010305,0.010228,0.01025,-0.00002,-0.19%,111791,163059
J6U13,2013-08-19,0.010244,0.010273,0.010192,0.010249,-0.000001,-0.01%,101273,164963
J6U13,2013-08-20,0.010246,0.010321,0.010219,0.010286,0.000037,+0.36%,135539,162168
J6U13,2013-08-21,0.010278,0.010297,0.010206,0.010234,-0.000052,-0.51%,136743,167175
J6U13,2013-08-22,0.010239,0.010239,0.010121,0.010145,-0.000089,-0.87%,146759,177813
J6U13,2013-08-23,0.010129,0.010165,0.010086,0.010137,-0.000008,-0.08%,132441,177783
J6U13,2013-08-26,0.010143,0.010178,0.010117,0.010139,0.000002,+0.02%,78129,174939
J6U13,2013-08-27,0.010157,0.010315,0.010139,0.010301,0.000162,+1.60%,164174,175588
J6U13,2013-08-28,0.010304,0.010329,0.010222,0.010237,-0.000064,-0.62%,117059,166557
J6U13,2013-08-29,0.010236,0.010262,0.01015,0.010178,-0.000059,-0.58%,111718,168320
J6U13,2013-08-30,0.010172,0.010217,0.010154,0.010188,0.00001,+0.10%,111420,165671
J6U13,2013-09-03,0.010167,0.010188,0.010014,0.010053,-0.000135,-1.33%,242150,178360
J6U13,2013-09-04,0.010043,0.010068,0.010019,0.010025,-0.000028,-0.28%,117049,184514
J6U13,2013-09-05,0.010024,0.010045,0.009981,0.009987,-0.000038,-0.38%,158501,183938
J6U13,2013-09-06,0.009985,0.010148,0.009977,0.010078,0.000091,+0.91%,216375,181828
J6U13,2013-09-09,0.010027,0.010068,0.009989,0.010041,-0.000037,-0.37%,133779,185737
J6U13,2013-09-10,0.010039,0.010054,0.009951,0.009965,-0.000076,-0.76%,210724,197099
J6U13,2013-09-11,0.009962,0.01002,0.009939,0.010006,0.000041,+0.41%,262682,208430
J6Z13,2013-09-12,0.010006,0.010105,0.010006,0.010061,0.000055,+0.55%,252773,218778
J6Z13,2013-09-13,0.010056,0.010086,0.010007,0.010078,0.000017,+0.17%,181691,238770
J6Z13,2013-09-16,0.010119,0.010142,0.010078,0.010089,0.000011,+0.11%,94536,176166
J6Z13,2013-09-17,0.010094,0.010105,0.010066,0.010093,0.000004,+0.04%,75502,177045
J6Z13,2013-09-18,0.010092,0.010234,0.010071,0.010213,0.00012,+1.19%,162672,169925
J6Z13,2013-09-19,0.010192,0.01021,0.010041,0.010073,-0.00014,-1.37%,164319,177394
J6Z13,2013-09-20,0.010061,0.010088,0.010037,0.01007,-0.000003,-0.03%,95360,174739
J6Z13,2013-09-23,0.010075,0.010142,0.010069,0.010123,0.000053,+0.53%,74598,173837
J6Z13,2013-09-24,0.010125,0.01016,0.010088,0.010124,0.000001,+0.01%,106267,174892
J6Z13,2013-09-25,0.01013,0.010169,0.010124,0.010161,0.000037,+0.37%,91730,172203
J6Z13,2013-09-26,0.010162,0.01018,0.01009,0.010126,-0.000035,-0.34%,135067,173619
J6Z13,2013-09-27,0.010108,0.010199,0.010101,0.010178,0.000052,+0.51%,117366,170880
J6Z13,2013-09-30,0.010229,0.010262,0.010161,0.010186,0.000008,+0.08%,140000,168948
J6Z13,2013-10-01,0.010181,0.010244,0.010133,0.010222,0.000036,+0.35%,160385,170525
J6Z13,2013-10-02,0.010207,0.010299,0.010199,0.010272,0.00005,+0.49%,160090,170767
J6Z13,2013-10-03,0.010271,0.01032,0.010221,0.010288,0.000016,+0.16%,129140,169966
J6Z13,2013-10-04,0.010287,0.010319,0.010258,0.010268,-0.00002,-0.19%,106931,169453
J6Z13,2013-10-07,0.010278,0.010349,0.010268,0.010325,0.000057,+0.56%,104151,170541
J6Z13,2013-10-08,0.010344,0.010357,0.010286,0.010316,-0.000009,-0.09%,113215,165957
J6Z13,2013-10-09,0.010327,0.010333,0.010245,0.010275,-0.000041,-0.40%,115026,165323
J6Z13,2013-10-10,0.010275,0.010276,0.010179,0.010193,-0.000082,-0.80%,126194,162071
J6Z13,2013-10-11,0.01018,0.010217,0.010143,0.010157,-0.000036,-0.35%,100998,159385
J6Z13,2013-10-14,0.010186,0.010198,0.010146,0.010175,0.000018,+0.18%,48177,161823
J6Z13,2013-10-15,0.010138,0.010191,0.010135,0.010177,0.000002,+0.02%,106778,159871
J6Z13,2013-10-16,0.010188,0.010193,0.010107,0.01013,-0.000047,-0.46%,132018,166896
J6Z13,2013-10-17,0.010127,0.010243,0.010104,0.010223,0.000093,+0.92%,144588,160297
J6Z13,2013-10-18,0.010216,0.010254,0.010191,0.010221,-0.000002,-0.02%,85605,157658
J6Z13,2013-10-21,0.010216,0.010224,0.010182,0.010187,-0.000034,-0.33%,66733,152861
J6Z13,2013-10-22,0.010188,0.010225,0.010157,0.010198,0.000011,+0.11%,129525,152938
J6Z13,2013-10-23,0.010194,0.010296,0.010187,0.010278,0.00008,+0.78%,134235,149389
J6Z13,2013-10-24,0.010273,0.010294,0.010246,0.010275,-0.000003,-0.03%,88853,148189
J6Z13,2013-10-25,0.01028,0.010318,0.01026,0.010274,-0.000001,-0.01%,102621,151833
J6Z13,2013-10-28,0.010247,0.010274,0.010228,0.01024,-0.000034,-0.33%,66051,149437
J6Z13,2013-10-29,0.010239,0.010263,0.010177,0.010194,-0.000046,-0.45%,109295,151987
J6Z13,2013-10-30,0.010187,0.010202,0.010134,0.010146,-0.000048,-0.47%,112596,159041
J6Z13,2013-10-31,0.010159,0.010198,0.010146,0.010172,0.000026,+0.26%,121711,161086
J6Z13,2013-11-01,0.010165,0.010227,0.010117,0.010127,-0.000045,-0.44%,134921,167375
J6Z13,2013-11-04,0.010131,0.010151,0.010118,0.010149,0.000022,+0.22%,63426,169880
J6Z13,2013-11-05,0.010139,0.010189,0.010137,0.010145,-0.000004,-0.04%,106229,169004
J6Z13,2013-11-06,0.010149,0.010164,0.010128,0.010135,-0.00001,-0.10%,94295,180386
J6Z13,2013-11-07,0.010138,0.010246,0.01006,0.010218,0.000083,+0.82%,266373,182107
J6Z13,2013-11-08,0.010188,0.010218,0.01008,0.010087,-0.000131,-1.28%,183460,184061
J6Z13,2013-11-11,0.010084,0.01011,0.010071,0.010078,-0.000009,-0.09%,57155,185233
J6Z13,2013-11-12,0.010085,0.010092,0.010021,0.010034,-0.000044,-0.44%,126005,195690
J6Z13,2013-11-13,0.010039,0.010098,0.010034,0.010065,0.000031,+0.31%,101882,194109
J6Z13,2013-11-14,0.010072,0.010089,0.009985,0.009996,-0.000069,-0.69%,164703,207401
J6Z13,2013-11-15,0.009995,0.010007,0.009957,0.009979,-0.000017,-0.17%,102191,212392
J6Z13,2013-11-18,0.009974,0.010022,0.009962,0.009995,0.000016,+0.16%,90374,212754
J6Z13,2013-11-19,0.010006,0.010045,0.009975,0.009982,-0.000013,-0.13%,106926,214211
J6Z13,2013-11-20,0.009983,0.010023,0.009976,0.009992,0.00001,+0.10%,134270,216193
J6Z13,2013-11-21,0.009995,0.009998,0.009885,0.009892,-0.0001,-1.00%,137129,221687
J6Z13,2013-11-22,0.009886,0.009907,0.009867,0.009871,-0.000021,-0.21%,104437,231796
J6Z13,2013-11-25,0.009875,0.009888,0.009812,0.009838,-0.000033,-0.33%,97718,233354
J6Z13,2013-11-26,0.009849,0.009889,0.009838,0.009879,0.000041,+0.42%,94330,236713
J6Z13,2013-11-27,0.009873,0.009884,0.009786,0.009793,-0.000086,-0.87%,100766,237252
J6Z13,2013-11-29,0.00979,0.009811,0.009746,0.009761,-0.000032,-0.33%,113213,237026
J6Z13,2013-12-02,0.009756,0.009784,0.009697,0.0097,-0.000061,-0.62%,124003,240273
J6Z13,2013-12-03,0.009714,0.009807,0.009674,0.00977,0.00007,+0.72%,169315,245167
J6Z13,2013-12-04,0.009763,0.009823,0.009725,0.009791,0.000021,+0.21%,182356,247980
J6Z13,2013-12-05,0.009774,0.009841,0.009762,0.009834,0.000043,+0.44%,148344,249652
J6Z13,2013-12-06,0.009824,0.009839,0.009712,0.009717,-0.000117,-1.19%,215209,258885
J6Z13,2013-12-09,0.0097,0.00972,0.009678,0.009687,-0.00003,-0.31%,113498,253550
J6Z13,2013-12-10,0.009681,0.009749,0.009672,0.009735,0.000048,+0.50%,199702,262229
J6Z13,2013-12-11,0.009722,0.009791,0.009714,0.009748,0.000013,+0.13%,317870,291020
J6H14,2013-12-12,0.009764,0.00977,0.009672,0.009689,-0.000059,-0.61%,315939,311277
J6H14,2013-12-13,0.009662,0.009716,0.009628,0.009696,0.000007,+0.07%,211220,313910
J6H14,2013-12-16,0.009701,0.009748,0.009688,0.009715,0.000019,+0.20%,109071,232533
J6H14,2013-12-17,0.009707,0.009762,0.009702,0.009745,0.00003,+0.31%,88507,232743
J6H14,2013-12-18,0.009752,0.009793,0.009587,0.009666,-0.000079,-0.81%,172356,242929
J6H14,2013-12-19,0.009595,0.009666,0.009585,0.009605,-0.000061,-0.63%,110081,243885
J6H14,2013-12-20,0.009597,0.009633,0.00956,0.009616,0.000011,+0.11%,126258,242300
J6H14,2013-12-23,0.009612,0.009641,0.009608,0.009611,-0.000005,-0.05%,40313,240029
J6H14,2013-12-24,0.009603,0.009608,0.009582,0.009595,-0.000016,-0.17%,32630,239160
J6H14,2013-12-26,0.00955,0.009595,0.009543,0.009553,-0.000042,-0.44%,19562,238996
J6H14,2013-12-27,0.009547,0.009559,0.009508,0.009515,-0.000038,-0.40%,73961,238873
J6H14,2013-12-30,0.009502,0.00953,0.009489,0.009518,0.000003,+0.03%,56287,233060
J6H14,2013-12-31,0.00952,0.00954,0.009495,0.009503,-0.000015,-0.16%,35893,232225
J6H14,2014-01-02,0.009486,0.009568,0.009486,0.009555,0.000052,+0.55%,85567,231131
J6H14,2014-01-03,0.009544,0.009612,0.009534,0.009558,0.000003,+0.03%,93268,230697
J6H14,2014-01-06,0.00954,0.009629,0.009531,0.009594,0.000036,+0.38%,143828,229614
J6H14,2014-01-07,0.009599,0.009602,0.00955,0.009573,-0.000021,-0.22%,114656,230156
J6H14,2014-01-08,0.009558,0.009573,0.009515,0.009544,-0.000029,-0.30%,133801,230946
J6H14,2014-01-09,0.009539,0.009565,0.009521,0.009549,0.000005,+0.05%,103170,230017
J6H14,2014-01-10,0.009541,0.009635,0.00949,0.009615,0.000066,+0.69%,198735,224618
J6H14,2014-01-13,0.00961,0.009726,0.009606,0.009719,0.000104,+1.08%,169404,219600
J6H14,2014-01-14,0.009708,0.009719,0.009591,0.0096,-0.000119,-1.22%,143738,218324
J6H14,2014-01-15,0.009596,0.00961,0.009554,0.009564,-0.000036,-0.38%,109225,217681
J6H14,2014-01-16,0.009563,0.009604,0.009533,0.00959,0.000026,+0.27%,117518,216499
J6H14,2014-01-17,0.009585,0.0096,0.009573,0.009589,-0.000001,-0.01%,79716,216381
J6H14,2014-01-21,0.009591,0.009631,0.009548,0.009593,0.000004,+0.04%,172651,217548
J6H14,2014-01-22,0.009591,0.009621,0.009562,0.009581,-0.000012,-0.13%,107665,218529
J6H14,2014-01-23,0.00957,0.009714,0.009541,0.009695,0.000114,+1.19%,255169,211163
J6H14,2014-01-24,0.00968,0.009806,0.009656,0.009777,0.000082,+0.85%,295276,207141
J6H14,2014-01-27,0.009798,0.009816,0.009717,0.009733,-0.000044,-0.45%,216317,204429
J6H14,2014-01-28,0.009747,0.009756,0.009686,0.009724,-0.000009,-0.09%,147659,203014
J6H14,2014-01-29,0.009673,0.009822,0.009672,0.009804,0.00008,+0.82%,245210,206773
J6H14,2014-01-30,0.009791,0.009804,0.009721,0.009738,-0.000066,-0.67%,187401,201017
J6H14,2014-01-31,0.009731,0.00981,0.009717,0.009775,0.000037,+0.38%,215152,203222
J6H14,2014-02-03,0.009792,0.009926,0.009766,0.009918,0.000143,+1.46%,252193,202364
J6H14,2014-02-04,0.009894,0.009927,0.009837,0.009843,-0.000075,-0.76%,201688,199361
J6H14,2014-02-05,0.009842,0.009923,0.009829,0.009873,0.00003,+0.30%,210096,200127
J6H14,2014-02-06,0.009855,0.009879,0.009788,0.009794,-0.000079,-0.80%,155925,200049
J6H14,2014-02-07,0.009805,0.00986,0.009751,0.009777,-0.000017,-0.17%,195624,196934
J6H14,2014-02-10,0.009751,0.009806,0.009744,0.009786,0.000009,+0.09%,95860,196657
J6H14,2014-02-11,0.009784,0.009798,0.009738,0.009745,-0.000041,-0.42%,114071,196435
J6H14,2014-02-12,0.009743,0.009784,0.009743,0.00976,0.000015,+0.15%,104061,197956
J6H14,2014-02-13,0.009754,0.009835,0.009754,0.009777,0.000017,+0.17%,155463,200956
J6H14,2014-02-14,0.009781,0.009847,0.009765,0.009817,0.00004,+0.41%,122855,199433
J6H14,2014-02-18,0.009831,0.009865,0.009734,0.009775,-0.000042,-0.43%,204725,200057
J6H14,2014-02-19,0.009768,0.009825,0.00976,0.009773,-0.000002,-0.02%,129988,201325
J6H14,2014-02-20,0.009774,0.009837,0.009765,0.009775,0.000002,+0.02%,161221,206320
J6H14,2014-02-21,0.009772,0.009776,0.009725,0.009755,-0.00002,-0.20%,104307,206522
J6H14,2014-02-24,0.009752,0.009789,0.00974,0.009757,0.000002,+0.02%,90990,204968
J6H14,2014-02-25,0.00976,0.009808,0.009744,0.009789,0.000032,+0.33%,106082,203743
J6H14,2014-02-26,0.009784,0.009795,0.009746,0.00976,-0.000029,-0.30%,124479,205041
J6H14,2014-02-27,0.009769,0.009831,0.00976,0.009798,0.000038,+0.39%,162904,204567
J6H14,2014-02-28,0.009787,0.009848,0.009776,0.009825,0.000027,+0.28%,172684,203583
J6H14,2014-03-03,0.00984,0.009882,0.00984,0.009859,0.000034,+0.35%,151568,202428
J6H14,2014-03-04,0.009859,0.009862,0.009776,0.00978,-0.000079,-0.80%,140563,205886
J6H14,2014-03-05,0.009781,0.009793,0.009752,0.009774,-0.000006,-0.06%,114926,207797
J6H14,2014-03-06,0.009771,0.009774,0.009692,0.009705,-0.000069,-0.71%,186722,218233
J6H14,2014-03-07,0.009702,0.009724,0.009637,0.009681,-0.000024,-0.25%,163917,214343
J6H14,2014-03-10,0.009694,0.009714,0.009671,0.009691,0.00001,+0.10%,140767,216350
J6H14,2014-03-11,0.009684,0.009724,0.009668,0.009718,0.000027,+0.28%,205348,242170
J6H14,2014-03-12,0.00971,0.009752,0.0097,0.009739,0.000021,+0.22%,269167,244175
J6H14,2014-03-13,0.009732,0.009849,0.009722,0.009839,0.0001,+1.03%,366715,231574
J6M14,2014-03-14,0.009822,0.009886,0.00982,0.009879,0.00004,+0.41%,271445,239997
J6M14,2014-03-17,0.009867,0.009878,0.009821,0.009835,-0.000044,-0.45%,106637,157081
J6M14,2014-03-18,0.009828,0.009881,0.009814,0.009855,0.00002,+0.20%,130518,156922
J6M14,2014-03-19,0.009863,0.009877,0.009742,0.009761,-0.000094,-0.95%,144245,156207
J6M14,2014-03-20,0.009769,0.009788,0.009756,0.009764,0.000003,+0.03%,112853,158193
J6M14,2014-03-21,0.009768,0.009807,0.009764,0.009787,0.000023,+0.24%,82730,156969
J6M14,2014-03-24,0.009785,0.009796,0.009746,0.009785,-0.000002,-0.02%,114985,160000
J6M14,2014-03-25,0.009787,0.009799,0.00976,0.009783,-0.000002,-0.02%,99371,158280
J6M14,2014-03-26,0.009783,0.00982,0.00975,0.009802,0.000019,+0.19%,109833,159066
J6M14,2014-03-27,0.009803,0.009836,0.009766,0.009791,-0.000011,-0.11%,139581,158213
J6M14,2014-03-28,0.009787,0.009805,0.009714,0.009731,-0.00006,-0.61%,137525,170652
J6M14,2014-03-31,0.009725,0.009732,0.009671,0.009692,-0.000039,-0.40%,132907,181208
J6M14,2014-04-01,0.00969,0.009704,0.009643,0.009646,-0.000046,-0.47%,102795,188464
J6M14,2014-04-02,0.009648,0.009657,0.009624,0.00964,-0.000006,-0.06%,96673,194947
J6M14,2014-04-03,0.00963,0.00964,0.009598,0.009626,-0.000014,-0.15%,104381,198355
J6M14,2014-04-04,0.009625,0.009694,0.0096,0.009689,0.000063,+0.65%,141193,199545
J6M14,2014-04-07,0.009681,0.009713,0.009675,0.0097,0.000011,+0.11%,100843,194882
J6M14,2014-04-08,0.009706,0.009852,0.009701,0.009842,0.000142,+1.46%,205611,181814
J6M14,2014-04-09,0.009823,0.009842,0.009793,0.00983,-0.000012,-0.12%,119943,174422
J6M14,2014-04-10,0.009809,0.009872,0.009794,0.00986,0.00003,+0.31%,158641,170780
J6M14,2014-04-11,0.00986,0.009873,0.009819,0.009848,-0.000012,-0.12%,126515,169448
J6M14,2014-04-14,0.009845,0.009864,0.009806,0.009835,-0.000013,-0.13%,95204,169047
J6M14,2014-04-15,0.009821,0.009856,0.009808,0.009824,-0.000011,-0.11%,135867,164843
J6M14,2014-04-16,0.009821,0.009826,0.009772,0.009782,-0.000042,-0.43%,96319,166938
J6M14,2014-04-17,0.009784,0.009821,0.009762,0.009769,-0.000013,-0.13%,91423,163014
J6M14,2014-04-21,0.009766,0.00977,0.009739,0.009746,-0.000023,-0.24%,42285,164815
J6M14,2014-04-22,0.009746,0.009767,0.009737,0.009746,0,0.00%,78371,165674
J6M14,2014-04-23,0.009749,0.00979,0.00974,0.009767,0.000021,+0.22%,93578,163464
J6M14,2014-04-24,0.009757,0.009798,0.009744,0.009775,0.000008,+0.08%,131879,164289
J6M14,2014-04-25,0.009779,0.009811,0.009758,0.009795,0.00002,+0.20%,99482,164652
J6M14,2014-04-28,0.009794,0.009803,0.009745,0.009766,-0.000029,-0.30%,112938,167859
J6M14,2014-04-29,0.009758,0.009766,0.009732,0.009752,-0.000014,-0.14%,70668,168871
J6M14,2014-04-30,0.009745,0.009804,0.009743,0.009795,0.000043,+0.44%,130459,168978
J6M14,2014-05-01,0.009785,0.009795,0.009768,0.009777,-0.000018,-0.18%,57218,167698
J6M14,2014-05-02,0.009774,0.009794,0.009687,0.009784,0.000007,+0.07%,179968,171440
J6M14,2014-05-05,0.009783,0.009819,0.009782,0.009795,0.000011,+0.11%,64536,169479
J6M14,2014-05-06,0.009792,0.009856,0.009788,0.009848,0.000053,+0.54%,114289,167113
J6M14,2014-05-07,0.009834,0.009861,0.009806,0.009827,-0.000021,-0.21%,139851,162013
J6M14,2014-05-08,0.009817,0.009858,0.00981,0.009856,0.000029,+0.30%,118614,163491
J6M14,2014-05-09,0.009841,0.009856,0.00982,0.009826,-0.00003,-0.30%,82486,160068
J6M14,2014-05-12,0.009821,0.009824,0.009788,0.00979,-0.000036,-0.37%,81130,163316
J6M14,2014-05-13,0.009791,0.0098,0.009771,0.009777,-0.000013,-0.13%,93866,164707
J6M14,2014-05-14,0.00978,0.009833,0.009777,0.009827,0.00005,+0.51%,102554,163336
J6M14,2014-05-15,0.00982,0.009875,0.009794,0.009851,0.000024,+0.24%,187268,166187
J6M14,2014-05-16,0.009848,0.009868,0.009837,0.009853,0.000002,+0.02%,101236,160997
J6M14,2014-05-19,0.009854,0.009893,0.009845,0.009872,0.000019,+0.19%,115702,163957
J6M14,2014-05-20,0.009856,0.009885,0.009844,0.009876,0.000004,+0.04%,93012,164819
J6M14,2014-05-21,0.009873,0.00992,0.00984,0.009863,-0.000013,-0.13%,146612,162198
J6M14,2014-05-22,0.009862,0.009867,0.009823,0.009824,-0.000039,-0.40%,102535,161353
J6M14,2014-05-23,0.00983,0.009844,0.009804,0.009807,-0.000017,-0.17%,85748,160923
J6M14,2014-05-27,0.009807,0.009831,0.009787,0.009808,0.000001,+0.01%,112702,162820
J6M14,2014-05-28,0.009804,0.00984,0.009801,0.009819,0.000011,+0.11%,93658,160667
J6M14,2014-05-29,0.009823,0.00986,0.009819,0.00983,0.000011,+0.11%,112824,164089
J6M14,2014-05-30,0.009829,0.009854,0.009819,0.009834,0.000004,+0.04%,99313,162708
J6M14,2014-06-02,0.009823,0.009834,0.009757,0.00976,-0.000074,-0.75%,151847,172032
J6M14,2014-06-03,0.009767,0.009779,0.009751,0.009756,-0.000004,-0.04%,98721,171804
J6M14,2014-06-04,0.009753,0.009762,0.009728,0.009737,-0.000019,-0.19%,106667,181152
J6M14,2014-06-05,0.009734,0.009772,0.009734,0.009761,0.000024,+0.25%,151662,180209
J6M14,2014-06-06,0.009765,0.009793,0.009745,0.009753,-0.000008,-0.08%,138199,179846
J6M14,2014-06-09,0.009751,0.009768,0.009742,0.009753,0,0.00%,131253,187531
J6M14,2014-06-10,0.009753,0.009784,0.009749,0.00977,0.000017,+0.17%,178952,201094
J6M14,2014-06-11,0.009771,0.009817,0.009766,0.009802,0.000032,+0.33%,234784,202121
J6M14,2014-06-12,0.009804,0.009842,0.00979,0.009837,0.000035,+0.36%,230449,213187
J6U14,2014-06-13,0.009837,0.009842,0.009796,0.009808,-0.000029,-0.29%,168510,217290
J6U14,2014-06-16,0.009806,0.009837,0.009806,0.009825,0.000017,+0.17%,73669,145428
J6U14,2014-06-17,0.009828,0.009828,0.009785,0.009793,-0.000032,-0.33%,90965,153007
J6U14,2014-06-18,0.009793,0.00982,0.009762,0.009798,0.000005,+0.05%,108109,150487
J6U14,2014-06-19,0.009817,0.009834,0.009798,0.009816,0.000018,+0.18%,84617,152167
J6U14,2014-06-20,0.009814,0.009826,0.00979,0.009799,-0.000017,-0.17%,75347,153111
J6U14,2014-06-23,0.009802,0.009827,0.009796,0.009818,0.000019,+0.19%,75676,150154
J6U14,2014-06-24,0.009816,0.009827,0.009792,0.009812,-0.000006,-0.06%,94679,148257
J6U14,2014-06-25,0.009813,0.009956,0.009811,0.009822,0.00001,+0.10%,129383,152826
J6U14,2014-06-26,0.009823,0.009859,0.009822,0.00984,0.000018,+0.18%,106613,155939
J6U14,2014-06-27,0.009838,0.009875,0.009824,0.009869,0.000029,+0.29%,101932,156334
J6U14,2014-06-30,0.009864,0.009883,0.00986,0.00988,0.000011,+0.11%,80756,160290
J6U14,2014-07-01,0.009875,0.00988,0.009848,0.009856,-0.000024,-0.24%,85108,156480
J6U14,2014-07-02,0.009853,0.009866,0.009823,0.009825,-0.000031,-0.31%,93304,154333
J6U14,2014-07-03,0.00983,0.009831,0.009768,0.009788,-0.000037,-0.38%,118113,158821
J6U14,2014-07-07,0.009805,0.009829,0.009788,0.009822,0.000034,+0.35%,98537,153918
J6U14,2014-07-08,0.009821,0.009858,0.009819,0.009854,0.000032,+0.33%,89223,157710
J6U14,2014-07-09,0.009851,0.009862,0.009819,0.009851,-0.000003,-0.03%,84800,154986
J6U14,2014-07-10,0.009842,0.009899,0.009842,0.009879,0.000028,+0.28%,131928,163020
J6U14,2014-07-11,0.009874,0.009884,0.009867,0.009873,-0.000006,-0.06%,66295,163278
J6U14,2014-07-14,0.009873,0.009873,0.009843,0.009848,-0.000025,-0.25%,67864,157045
J6U14,2014-07-15,0.009852,0.009862,0.009828,0.009836,-0.000012,-0.12%,108131,155127
J6U14,2014-07-16,0.009838,0.009843,0.009827,0.009836,0,0.00%,57163,155233
J6U14,2014-07-17,0.009839,0.009891,0.009836,0.009876,0.00004,+0.41%,125769,163522
J6U14,2014-07-18,0.009889,0.009896,0.009861,0.00987,-0.000006,-0.06%,97457,164114
J6U14,2014-07-21,0.009871,0.009887,0.009865,0.009868,-0.000002,-0.02%,57573,165092
J6U14,2014-07-22,0.009865,0.009873,0.009846,0.009861,-0.000007,-0.07%,104637,162029
J6U14,2014-07-23,0.009859,0.009873,0.00985,0.009851,-0.00001,-0.10%,71587,163100
J6U14,2014-07-24,0.009852,0.009864,0.009821,0.009823,-0.000028,-0.28%,113452,166997
J6U14,2014-07-25,0.009824,0.009835,0.009812,0.009826,0.000003,+0.03%,93189,166331
J6U14,2014-07-28,0.009826,0.009832,0.009816,0.009819,-0.000007,-0.07%,53591,165264
J6U14,2014-07-29,0.009821,0.009824,0.009791,0.009794,-0.000025,-0.25%,106200,172210
J6U14,2014-07-30,0.009794,0.009803,0.009702,0.009723,-0.000071,-0.72%,172267,184534
J6U14,2014-07-31,0.009729,0.009737,0.00971,0.009724,0.000001,+0.01%,147142,192975
J6U14,2014-08-01,0.009729,0.009774,0.009707,0.009753,0.000029,+0.30%,184680,190251
J6U14,2014-08-04,0.009749,0.009767,0.009736,0.009754,0.000001,+0.01%,80640,192715
J6U14,2014-08-05,0.009752,0.009762,0.009717,0.009752,-0.000002,-0.02%,127225,192906
J6U14,2014-08-06,0.009748,0.009828,0.009745,0.009803,0.000051,+0.52%,178922,189254
J6U14,2014-08-07,0.009795,0.009807,0.009762,0.009802,-0.000001,-0.01%,118629,189040
J6U14,2014-08-08,0.009797,0.009854,0.009792,0.009802,0,0.00%,165940,191322
J6U14,2014-08-11,0.009796,0.009804,0.009784,0.009788,-0.000014,-0.14%,73694,191286
J6U14,2014-08-12,0.009787,0.009797,0.009771,0.009786,-0.000002,-0.02%,80619,192140
J6U14,2014-08-13,0.00978,0.009786,0.009754,0.009762,-0.000024,-0.25%,96738,194134
J6U14,2014-08-14,0.009765,0.009776,0.009742,0.009761,-0.000001,-0.01%,80979,193627
J6U14,2014-08-15,0.009758,0.009792,0.009737,0.009774,0.000013,+0.13%,154376,192649
J6U14,2014-08-18,0.009771,0.009782,0.009748,0.009749,-0.000025,-0.26%,66624,197275
J6U14,2014-08-19,0.00975,0.009756,0.009717,0.009718,-0.000031,-0.32%,78046,203180
J6U14,2014-08-20,0.009716,0.009719,0.009631,0.009644,-0.000074,-0.76%,144154,208164
J6U14,2014-08-21,0.009643,0.009652,0.009621,0.009636,-0.000008,-0.08%,104459,212289
J6U14,2014-08-22,0.009631,0.009663,0.009599,0.009623,-0.000013,-0.13%,148522,212150
J6U14,2014-08-25,0.009606,0.009629,0.009593,0.009618,-0.000005,-0.05%,70483,214489
J6U14,2014-08-26,0.009613,0.00964,0.0096,0.009608,-0.00001,-0.10%,91770,218009
J6U14,2014-08-27,0.009609,0.009636,0.009601,0.009628,0.00002,+0.21%,81116,218110
J6U14,2014-08-28,0.009626,0.009657,0.009621,0.009647,0.000019,+0.20%,106529,224463
J6U14,2014-08-29,0.009642,0.009648,0.009605,0.009606,-0.000041,-0.43%,101406,226405
J6U14,2014-09-02,0.009602,0.009606,0.009505,0.009513,-0.000093,-0.97%,185217,230937
J6U14,2014-09-03,0.009518,0.009548,0.009496,0.009539,0.000026,+0.27%,143658,227298
J6U14,2014-09-04,0.009538,0.009546,0.009491,0.009503,-0.000036,-0.38%,172571,230141
J6U14,2014-09-05,0.009497,0.009553,0.009461,0.009518,0.000015,+0.16%,191256,228451
J6U14,2014-09-08,0.009513,0.009524,0.009426,0.009445,-0.000073,-0.77%,238361,244171
J6U14,2014-09-09,0.009438,0.00944,0.009392,0.009405,-0.00004,-0.42%,295397,255624
J6U14,2014-09-10,0.009416,0.009431,0.009356,0.009361,-0.000044,-0.47%,334383,263822
J6U14,2014-09-11,0.009361,0.009377,0.009329,0.009341,-0.00002,-0.21%,339304,271690
J6Z14,2014-09-12,0.009352,0.009352,0.009318,0.009324,-0.000017,-0.18%,160843,285969
J6Z14,2014-09-15,0.009326,0.009351,0.00932,0.009335,0.000011,+0.12%,85158,207736
J6Z14,2014-09-16,0.009335,0.009369,0.009323,0.009338,0.000003,+0.03%,137630,208235
J6Z14,2014-09-17,0.009339,0.009343,0.009233,0.009266,-0.000072,-0.77%,191551,211153
J6Z14,2014-09-18,0.009228,0.009234,0.009185,0.009202,-0.000064,-0.69%,165879,215823
J6Z14,2014-09-19,0.0092,0.009217,0.009143,0.009186,-0.000016,-0.17%,198727,219766
J6Z14,2014-09-22,0.009176,0.009211,0.009165,0.009196,0.00001,+0.11%,122644,217045
J6Z14,2014-09-23,0.009195,0.009245,0.009182,0.009187,-0.000009,-0.10%,133931,222214
J6Z14,2014-09-24,0.009191,0.009227,0.009167,0.009182,-0.000005,-0.05%,122548,227785
J6Z14,2014-09-25,0.009175,0.009221,0.009149,0.009207,0.000025,+0.27%,185678,226097
J6Z14,2014-09-26,0.0092,0.009225,0.00913,0.009149,-0.000058,-0.63%,173957,244101
J6Z14,2014-09-29,0.00915,0.009168,0.009117,0.009143,-0.000006,-0.07%,155092,238214
J6Z14,2014-09-30,0.009139,0.009163,0.009107,0.00912,-0.000023,-0.25%,167827,239477
J6Z14,2014-10-01,0.009126,0.00919,0.009088,0.009164,0.000044,+0.48%,215214,234054
J6Z14,2014-10-02,0.009181,0.009263,0.009168,0.009229,0.000065,+0.71%,294859,230648
J6Z14,2014-10-03,0.009233,0.009234,0.009103,0.009107,-0.000122,-1.32%,203296,235608
J6Z14,2014-10-06,0.009118,0.009208,0.009107,0.009181,0.000074,+0.81%,159889,224149
J6Z14,2014-10-07,0.009203,0.00928,0.009159,0.009258,0.000077,+0.84%,208837,223255
J6Z14,2014-10-08,0.009255,0.009285,0.0092,0.00925,-0.000008,-0.09%,247663,221443
J6Z14,2014-10-09,0.009251,0.009304,0.009236,0.009283,0.000033,+0.36%,233286,221999
J6Z14,2014-10-10,0.00928,0.009297,0.009251,0.009279,-0.000004,-0.04%,168086,221698
J6Z14,2014-10-13,0.00931,0.009378,0.0093,0.00931,0.000031,+0.33%,128327,213509
J6Z14,2014-10-14,0.009354,0.009378,0.009322,0.009355,0.000045,+0.48%,190787,212552
J6Z14,2014-10-15,0.009339,0.00951,0.009306,0.009437,0.000082,+0.88%,435124,207866
J6Z14,2014-10-16,0.009437,0.009483,0.009397,0.009424,-0.000013,-0.14%,308738,198877
J6Z14,2014-10-17,0.009414,0.009426,0.009354,0.009378,-0.000046,-0.49%,171321,196377
J6Z14,2014-10-20,0.009347,0.009369,0.009315,0.009364,-0.000014,-0.15%,149503,191267
J6Z14,2014-10-21,0.009351,0.009416,0.009347,0.009363,-0.000001,-0.01%,162575,185412
J6Z14,2014-10-22,0.009344,0.009369,0.009317,0.009333,-0.00003,-0.32%,131293,184412
J6Z14,2014-10-23,0.009333,0.00934,0.009233,0.009245,-0.000088,-0.94%,166814,182419
J6Z14,2014-10-24,0.009238,0.009281,0.009237,0.009256,0.000011,+0.12%,148185,182686
J6Z14,2014-10-27,0.009241,0.009297,0.00924,0.00929,0.000034,+0.37%,116146,186052
J6Z14,2014-10-28,0.009276,0.009289,0.009245,0.009255,-0.000035,-0.38%,130263,184120
J6Z14,2014-10-29,0.009251,0.009269,0.00918,0.009196,-0.000059,-0.64%,135719,186678
J6Z14,2014-10-30,0.009191,0.009197,0.009137,0.009149,-0.000047,-0.51%,187834,194844
J6Z14,2014-10-31,0.009154,0.009162,0.008893,0.008908,-0.000241,-2.63%,434582,211603
J6Z14,2014-11-03,0.008874,0.008887,0.008758,0.008793,-0.000115,-1.29%,245083,211548
J6Z14,2014-11-04,0.008788,0.008839,0.008786,0.008807,0.000014,+0.16%,214403,208005
J6Z14,2014-11-05,0.008817,0.008819,0.00871,0.00872,-0.000087,-0.99%,236049,210084
J6Z14,2014-11-06,0.008719,0.00877,0.008659,0.008701,-0.000019,-0.22%,261421,216080
J6Z14,2014-11-07,0.008682,0.008755,0.008652,0.008733,0.000032,+0.37%,279614,212009
J6Z14,2014-11-10,0.008735,0.008784,0.008704,0.008704,-0.000029,-0.33%,154492,217697
J6Z14,2014-11-11,0.00871,0.008725,0.008613,0.008643,-0.000061,-0.70%,207834,227576
J6Z14,2014-11-12,0.008635,0.008706,0.008628,0.008656,0.000013,+0.15%,209802,227513
J6Z14,2014-11-13,0.008654,0.008674,0.00863,0.008646,-0.00001,-0.12%,156277,231403
J6Z14,2014-11-14,0.008638,0.008643,0.008561,0.008605,-0.000041,-0.47%,224131,233545
J6Z14,2014-11-17,0.00858,0.008663,0.008544,0.008587,-0.000018,-0.21%,199742,234281
J6Z14,2014-11-18,0.008574,0.008597,0.008545,0.008556,-0.000031,-0.36%,179320,238898
J6Z14,2014-11-19,0.008553,0.008562,0.00847,0.008485,-0.000071,-0.83%,193263,245049
J6Z14,2014-11-20,0.008465,0.008492,0.008406,0.008479,-0.000006,-0.07%,263704,249075
J6Z14,2014-11-21,0.008459,0.008522,0.008449,0.008491,0.000012,+0.14%,226300,248638
J6Z14,2014-11-24,0.008483,0.008506,0.00844,0.008454,-0.000037,-0.44%,96395,251760
J6Z14,2014-11-25,0.008452,0.008498,0.008431,0.008481,0.000027,+0.32%,156650,253976
J6Z14,2014-11-26,0.008481,0.008516,0.00848,0.008496,0.000015,+0.18%,117171,255270
J6Z14,2014-11-28,0.008524,0.008531,0.00842,0.008424,-0.000072,-0.85%,169641,262272
J6Z14,2014-12-01,0.008417,0.008486,0.008394,0.008456,0.000032,+0.38%,235215,257625
J6Z14,2014-12-02,0.00845,0.00846,0.008383,0.008386,-0.00007,-0.83%,142032,257828
J6Z14,2014-12-03,0.008388,0.008396,0.008343,0.008346,-0.00004,-0.48%,150496,257008
J6Z14,2014-12-04,0.008346,0.008381,0.008317,0.008348,0.000002,+0.02%,216063,257441
J6Z14,2014-12-05,0.008346,0.008355,0.008218,0.008237,-0.000111,-1.33%,259820,270405
J6Z14,2014-12-08,0.008212,0.00832,0.008207,0.0083,0.000063,+0.76%,277382,280805
J6Z14,2014-12-09,0.008296,0.008478,0.008265,0.008368,0.000068,+0.82%,542371,280398
J6Z14,2014-12-10,0.008364,0.008498,0.008339,0.008469,0.000101,+1.21%,425661,296716
J6Z14,2014-12-11,0.008479,0.008515,0.008364,0.008397,-0.000072,-0.85%,414700,338798
J6H15,2014-12-12,0.008426,0.00848,0.008398,0.00843,0.000033,+0.39%,300978,329551
J6H15,2014-12-15,0.008463,0.008515,0.008407,0.008504,0.000074,+0.88%,276240,240426
J6H15,2014-12-16,0.008498,0.008663,0.008485,0.008539,0.000035,+0.41%,393279,227685
J6H15,2014-12-17,0.008595,0.008597,0.008418,0.008443,-0.000096,-1.12%,270790,234222
J6H15,2014-12-18,0.008423,0.008464,0.008389,0.008422,-0.000021,-0.25%,182039,228723
J6H15,2014-12-19,0.008415,0.008423,0.008366,0.008373,-0.000049,-0.58%,135062,225196
J6H15,2014-12-22,0.008372,0.008387,0.008331,0.008342,-0.000031,-0.37%,68039,224232
J6H15,2014-12-23,0.008333,0.008337,0.008282,0.008289,-0.000053,-0.64%,53499,226107
J6H15,2014-12-24,0.008289,0.008321,0.008288,0.008308,0.000019,+0.23%,37903,224993
J6H15,2014-12-26,0.008321,0.008328,0.008307,0.008313,0.000005,+0.06%,21842,223472
J6H15,2014-12-29,0.008314,0.008326,0.008287,0.008289,-0.000024,-0.29%,67513,225799
J6H15,2014-12-30,0.008291,0.008419,0.008291,0.008371,0.000082,+0.99%,128424,226629
J6H15,2014-12-31,0.008379,0.008391,0.008341,0.008349,-0.000022,-0.26%,50713,224087
J6H15,2015-01-02,0.008352,0.008353,0.008286,0.008315,-0.000034,-0.41%,101524,228194
J6H15,2015-01-05,0.008305,0.008382,0.008293,0.008371,0.000056,+0.67%,165719,227759
J6H15,2015-01-06,0.008387,0.008476,0.008372,0.008435,0.000064,+0.76%,268530,228954
J6H15,2015-01-07,0.008439,0.008443,0.008362,0.008412,-0.000023,-0.27%,194374,230659
J6H15,2015-01-08,0.008384,0.008397,0.00834,0.00836,-0.000052,-0.62%,145407,229529
J6H15,2015-01-09,0.008353,0.00845,0.008347,0.008439,0.000079,+0.94%,259762,229746
J6H15,2015-01-12,0.008454,0.008471,0.008385,0.008456,0.000017,+0.20%,189524,229394
J6H15,2015-01-13,0.008451,0.008513,0.008418,0.0085,0.000044,+0.52%,256838,231255
J6H15,2015-01-14,0.008487,0.00862,0.008482,0.008533,0.000033,+0.39%,322634,222997
J6H15,2015-01-15,0.008533,0.008615,0.008483,0.008587,0.000054,+0.63%,308694,217184
J6H15,2015-01-16,0.008611,0.008637,0.008497,0.008517,-0.00007,-0.82%,248301,217813
J6H15,2015-01-20,0.008523,0.008558,0.008417,0.00842,-0.000097,-1.14%,232481,215413
J6H15,2015-01-21,0.00843,0.008539,0.008425,0.008483,0.000063,+0.75%,214214,210566
J6H15,2015-01-22,0.008483,0.008532,0.00843,0.008452,-0.000031,-0.37%,164543,207626
J6H15,2015-01-23,0.008435,0.008512,0.00842,0.008497,0.000045,+0.53%,171952,206579
J6H15,2015-01-26,0.008502,0.008532,0.008442,0.008444,-0.000053,-0.62%,119118,207493
J6H15,2015-01-27,0.008448,0.008527,0.008431,0.008497,0.000053,+0.63%,171263,202571
J6H15,2015-01-28,0.008495,0.008535,0.00846,0.008503,0.000006,+0.07%,156019,203578
J6H15,2015-01-29,0.008514,0.008523,0.00844,0.008451,-0.000052,-0.61%,174821,209201
J6H15,2015-01-30,0.008454,0.008529,0.008445,0.008514,0.000063,+0.75%,176192,205734
J6H15,2015-02-02,0.008539,0.008549,0.008486,0.008534,0.00002,+0.23%,149658,205553
J6H15,2015-02-03,0.008501,0.008561,0.008496,0.008507,-0.000027,-0.32%,178168,203963
J6H15,2015-02-04,0.008512,0.008546,0.008478,0.008525,0.000018,+0.21%,136761,202848
J6H15,2015-02-05,0.008528,0.008549,0.008507,0.008508,-0.000017,-0.20%,108117,203241
J6H15,2015-02-06,0.008512,0.008538,0.00839,0.008396,-0.000112,-1.32%,204252,212447
J6H15,2015-02-09,0.0084,0.008454,0.008399,0.008448,0.000052,+0.62%,127752,204337
J6H15,2015-02-10,0.008435,0.008449,0.008362,0.008375,-0.000073,-0.86%,143255,204193
J6H15,2015-02-11,0.008375,0.008386,0.008302,0.008317,-0.000058,-0.69%,136019,218238
J6H15,2015-02-12,0.008313,0.008441,0.00831,0.008414,0.000097,+1.17%,253926,207282
J6H15,2015-02-13,0.008397,0.008447,0.008391,0.00842,0.000006,+0.07%,110532,203039
J6H15,2015-02-17,0.008429,0.008469,0.008376,0.008385,-0.000035,-0.42%,153335,203555
J6H15,2015-02-18,0.008391,0.008438,0.008376,0.008422,0.000037,+0.44%,132245,202421
J6H15,2015-02-19,0.008424,0.008447,0.008392,0.008406,-0.000016,-0.19%,98548,201209
J6H15,2015-02-20,0.008403,0.008455,0.008391,0.008401,-0.000005,-0.06%,120961,198813
J6H15,2015-02-23,0.008398,0.008424,0.008381,0.008413,0.000012,+0.14%,74905,202726
J6H15,2015-02-24,0.008419,0.008422,0.008345,0.008413,0,0.00%,154069,202438
J6H15,2015-02-25,0.008406,0.008431,0.0084,0.008416,0.000003,+0.04%,84026,199726
J6H15,2015-02-26,0.008414,0.008428,0.008369,0.008375,-0.000041,-0.49%,118455,207474
J6H15,2015-02-27,0.008376,0.008396,0.008348,0.008354,-0.000021,-0.25%,108241,207521
J6H15,2015-03-02,0.008354,0.008358,0.00832,0.008323,-0.000031,-0.37%,87306,213747
J6H15,2015-03-03,0.008323,0.008378,0.008316,0.008355,0.000032,+0.38%,114701,210611
J6H15,2015-03-04,0.008356,0.008371,0.008347,0.008353,-0.000002,-0.02%,96939,211073
J6H15,2015-03-05,0.008354,0.00836,0.008296,0.008322,-0.000031,-0.37%,134466,220626
J6H15,2015-03-06,0.008325,0.008342,0.008245,0.008286,-0.000036,-0.43%,211459,230330
J6H15,2015-03-09,0.008278,0.008291,0.008236,0.008251,-0.000035,-0.42%,172297,232989
J6H15,2015-03-10,0.00825,0.008271,0.008195,0.008258,0.000007,+0.08%,273941,235089
J6H15,2015-03-11,0.00825,0.008275,0.008222,0.00823,-0.000028,-0.34%,265483,243092
J6H15,2015-03-12,0.008233,0.008288,0.008219,0.008241,0.000011,+0.13%,244124,254411
J6M15,2015-03-13,0.00825,0.008265,0.008235,0.008252,0.000011,+0.13%,149739,270137
J6M15,2015-03-16,0.008245,0.008268,0.008243,0.008246,-0.000006,-0.07%,86775,192802
J6M15,2015-03-17,0.008246,0.008267,0.008238,0.008247,0.000001,+0.01%,83177,195913
J6M15,2015-03-18,0.008247,0.008395,0.008246,0.008297,0.00005,+0.61%,168175,189576
J6M15,2015-03-19,0.008328,0.008365,0.008271,0.008277,-0.00002,-0.24%,145925,191523
J6M15,2015-03-20,0.008286,0.00835,0.00826,0.00833,0.000053,+0.64%,127965,186784
J6M15,2015-03-23,0.008351,0.008371,0.008331,0.008356,0.000026,+0.31%,101651,186074
J6M15,2015-03-24,0.008361,0.008396,0.008342,0.008364,0.000008,+0.10%,126590,181026
J6M15,2015-03-25,0.008362,0.008414,0.008353,0.008368,0.000004,+0.05%,105026,180274
J6M15,2015-03-26,0.00838,0.00846,0.008372,0.008394,0.000026,+0.31%,153091,179592
J6M15,2015-03-27,0.008397,0.008418,0.008377,0.008405,0.000011,+0.13%,101749,178620
J6M15,2015-03-30,0.008398,0.008403,0.008326,0.008329,-0.000076,-0.90%,102236,178648
J6M15,2015-03-31,0.008336,0.008358,0.008316,0.008346,0.000017,+0.20%,106680,177478
J6M15,2015-04-01,0.008338,0.008383,0.008319,0.008369,0.000023,+0.28%,145960,183723
J6M15,2015-04-02,0.008359,0.008379,0.008348,0.008362,-0.000007,-0.08%,84879,181428
J6M15,2015-04-03,0.008359,0.008431,0.008339,0.008418,0.000056,+0.67%,44728,183411
J6M15,2015-04-06,0.00842,0.008425,0.008362,0.008386,-0.000032,-0.38%,67809,187100
J6M15,2015-04-07,0.008376,0.008379,0.008309,0.008315,-0.000071,-0.85%,102260,189444
J6M15,2015-04-08,0.008321,0.008365,0.008315,0.008342,0.000027,+0.32%,109594,188532
J6M15,2015-04-09,0.008327,0.008349,0.008287,0.008292,-0.00005,-0.60%,104632,196329
J6M15,2015-04-10,0.008297,0.008336,0.008296,0.008327,0.000035,+0.42%,89011,195355
J6M15,2015-04-13,0.008319,0.008362,0.00828,0.008335,0.000008,+0.10%,127752,195663
J6M15,2015-04-14,0.008328,0.008405,0.008327,0.008384,0.000049,+0.59%,150933,195230
J6M15,2015-04-15,0.008384,0.008424,0.008356,0.008416,0.000032,+0.38%,106162,196799
J6M15,2015-04-16,0.0084,0.008423,0.008375,0.008419,0.000003,+0.04%,112916,193849
J6M15,2015-04-17,0.008409,0.008439,0.00839,0.008424,0.000005,+0.06%,129837,194620
J6M15,2015-04-20,0.008413,0.008442,0.008377,0.008388,-0.000036,-0.43%,85239,192223
J6M15,2015-04-21,0.008392,0.008395,0.008349,0.008357,-0.000031,-0.37%,93762,189332
J6M15,2015-04-22,0.008361,0.008385,0.00834,0.008348,-0.000009,-0.11%,92684,192234
J6M15,2015-04-23,0.00834,0.008378,0.00833,0.008373,0.000025,+0.30%,101264,191241
J6M15,2015-04-24,0.008366,0.00842,0.008361,0.008416,0.000043,+0.51%,122693,190857
J6M15,2015-04-27,0.008416,0.008424,0.008377,0.008402,-0.000014,-0.17%,98689,189090
J6M15,2015-04-28,0.008402,0.008423,0.008394,0.008416,0.000014,+0.17%,116284,188079
J6M15,2015-04-29,0.008418,0.008435,0.008381,0.008408,-0.000008,-0.10%,162954,188974
J6M15,2015-04-30,0.008402,0.008446,0.008343,0.008378,-0.00003,-0.36%,212409,193461
J6M15,2015-05-01,0.008378,0.008378,0.008315,0.008316,-0.000062,-0.74%,113377,203174
J6M15,2015-05-04,0.008318,0.008337,0.008316,0.008328,0.000012,+0.14%,70165,200365
J6M15,2015-05-05,0.008325,0.008356,0.008301,0.008347,0.000019,+0.23%,137258,198886
J6M15,2015-05-06,0.008346,0.008393,0.008333,0.008384,0.000037,+0.44%,133437,192428
J6M15,2015-05-07,0.008376,0.008402,0.008345,0.008351,-0.000033,-0.39%,124694,194791
J6M15,2015-05-08,0.008353,0.008372,0.008319,0.00835,-0.000001,-0.01%,127295,191238
J6M15,2015-05-11,0.00835,0.008356,0.008325,0.00833,-0.00002,-0.24%,74433,191538
J6M15,2015-05-12,0.008327,0.008351,0.008316,0.008345,0.000015,+0.18%,100289,193296
J6M15,2015-05-13,0.008345,0.008404,0.008338,0.008399,0.000054,+0.65%,131150,195041
J6M15,2015-05-14,0.008396,0.008414,0.008382,0.008391,-0.000008,-0.10%,106734,193254
J6M15,2015-05-15,0.008393,0.008394,0.00834,0.008387,-0.000004,-0.05%,124545,192495
J6M15,2015-05-18,0.008377,0.008382,0.008332,0.008334,-0.000053,-0.63%,92212,203747
J6M15,2015-05-19,0.008337,0.008347,0.008283,0.008284,-0.00005,-0.60%,139425,231658
J6M15,2015-05-20,0.008289,0.008295,0.008233,0.008255,-0.000029,-0.35%,156283,243905
J6M15,2015-05-21,0.008244,0.008276,0.008243,0.008269,0.000014,+0.17%,102955,249568
J6M15,2015-05-22,0.008261,0.008291,0.008226,0.008233,-0.000036,-0.44%,113727,248355
J6M15,2015-05-26,0.008228,0.008236,0.00811,0.008128,-0.000105,-1.28%,213519,251744
J6M15,2015-05-27,0.008127,0.008146,0.008061,0.008074,-0.000054,-0.66%,177641,254463
J6M15,2015-05-28,0.008086,0.008098,0.008035,0.008073,-0.000001,-0.01%,171742,257275
J6M15,2015-05-29,0.008068,0.008091,0.008053,0.008062,-0.000011,-0.14%,137237,258597
J6M15,2015-06-01,0.008054,0.008074,0.008006,0.008011,-0.000051,-0.63%,139465,261789
J6M15,2015-06-02,0.008013,0.008081,0.007997,0.008061,0.00005,+0.62%,189967,260104
J6M15,2015-06-03,0.008057,0.008079,0.008021,0.008042,-0.000019,-0.24%,171695,271847
J6M15,2015-06-04,0.008048,0.008079,0.00802,0.00804,-0.000002,-0.02%,153531,285244
J6M15,2015-06-05,0.008033,0.008042,0.007945,0.007962,-0.000078,-0.97%,181737,284838
J6M15,2015-06-08,0.007966,0.008046,0.007957,0.008026,0.000064,+0.80%,251610,298743
J6M15,2015-06-09,0.008029,0.008074,0.008017,0.008041,0.000015,+0.19%,249816,306449
J6M15,2015-06-10,0.008045,0.008167,0.008024,0.008152,0.000111,+1.38%,429723,325626
J6U15,2015-06-11,0.008157,0.008159,0.008064,0.008112,-0.00004,-0.49%,317141,362144
J6U15,2015-06-12,0.008107,0.00813,0.008085,0.008111,-0.000001,-0.01%,214707,358161
J6U15,2015-06-15,0.008123,0.008126,0.008096,0.008113,0.000002,+0.02%,81045,262095
J6U15,2015-06-16,0.008111,0.008121,0.008085,0.008115,0.000002,+0.02%,76301,262329
J6U15,2015-06-17,0.008114,0.008128,0.008043,0.008113,-0.000002,-0.02%,132108,262272
J6U15,2015-06-18,0.008111,0.00818,0.008099,0.008138,0.000025,+0.31%,162920,252322
J6U15,2015-06-19,0.008141,0.008169,0.008124,0.008161,0.000023,+0.28%,81079,252904
J6U15,2015-06-22,0.00813,0.00813,0.0081135,0.0081135,-0.0000475,-0.58%,60340,249321
J6U15,2015-06-23,0.008116,0.008117,0.00806,0.0080765,-0.000037,-0.46%,91809,247839
J6U15,2015-06-24,0.0080835,0.0080915,0.008048,0.0080835,0.000007,+0.09%,85122,248191
J6U15,2015-06-25,0.0080785,0.008117,0.008075,0.0080975,0.000014,+0.17%,77012,251633
J6U15,2015-06-26,0.008096,0.008123,0.0080725,0.008083,-0.0000145,-0.18%,84685,252742
J6U15,2015-06-29,0.008149,0.0081975,0.0081245,0.008175,0.000092,+1.14%,165662,255347
J6U15,2015-06-30,0.0081685,0.0082085,0.008156,0.0081825,0.0000075,+0.09%,139347,254014
J6U15,2015-07-01,0.008167,0.0081745,0.00812,0.0081265,-0.000056,-0.68%,99821,251077
J6U15,2015-07-02,0.008125,0.0081395,0.0080875,0.0081315,0.000005,+0.06%,91683,249203
J6U15,2015-07-06,0.0082045,0.0082145,0.0081245,0.008175,0.0000435,+0.53%,154401,250456
J6U15,2015-07-07,0.008167,0.008203,0.008145,0.0081745,-0.0000005,-0.01%,121643,250828
J6U15,2015-07-08,0.008173,0.0083125,0.0081665,0.008297,0.0001225,+1.50%,216037,256856
J6U15,2015-07-09,0.008298,0.0083075,0.008232,0.0082485,-0.0000485,-0.58%,127393,252022
J6U15,2015-07-10,0.0082405,0.0082405,0.008144,0.008146,-0.0001025,-1.24%,144577,244927
J6U15,2015-07-13,0.008164,0.0081745,0.0081,0.008106,-0.00004,-0.49%,114363,248555
J6U15,2015-07-14,0.0081065,0.0081425,0.0080875,0.008113,0.000007,+0.09%,82658,247704
J6U15,2015-07-15,0.0081105,0.0081185,0.008071,0.0080885,-0.0000245,-0.30%,87309,249879
J6U15,2015-07-16,0.0080825,0.0080865,0.0080575,0.0080605,-0.000028,-0.35%,74262,250069
J6U15,2015-07-17,0.0080605,0.0080745,0.008054,0.0080625,0.000002,+0.02%,54524,247823
J6U15,2015-07-20,0.008061,0.0080635,0.008037,0.0080505,-0.000012,-0.15%,50979,249071
J6U15,2015-07-21,0.00805,0.008084,0.008038,0.008072,0.0000215,+0.27%,78054,251136
J6U15,2015-07-22,0.008076,0.0080965,0.0080575,0.0080635,-0.0000085,-0.11%,74306,250380
J6U15,2015-07-23,0.00807,0.008089,0.0080555,0.0080825,0.000019,+0.24%,77664,248686
J6U15,2015-07-24,0.008074,0.008095,0.0080615,0.008085,0.0000025,+0.03%,67173,248722
J6U15,2015-07-27,0.008085,0.008134,0.0080785,0.0081185,0.0000335,+0.41%,113069,251039
J6U15,2015-07-28,0.008119,0.0081295,0.0080815,0.008093,-0.0000255,-0.31%,85223,246269
J6U15,2015-07-29,0.008096,0.008112,0.0080665,0.0080775,-0.0000155,-0.19%,76898,245628
J6U15,2015-07-30,0.0080705,0.0080755,0.00803,0.008052,-0.0000255,-0.32%,114586,251638
J6U15,2015-07-31,0.0080555,0.0080995,0.008043,0.0080675,0.0000155,+0.19%,129402,247913
J6U15,2015-08-03,0.008074,0.008077,0.00805,0.008071,0.0000035,+0.04%,87692,249457
J6U15,2015-08-04,0.008067,0.008081,0.008041,0.008046,-0.000025,-0.31%,95977,252655
J6U15,2015-08-05,0.0080435,0.0080665,0.0080015,0.008011,-0.000035,-0.43%,145305,266322
J6U15,2015-08-06,0.0080115,0.0080315,0.0080045,0.0080215,0.0000105,+0.13%,91701,270586
J6U15,2015-08-07,0.0080205,0.0080605,0.0079975,0.008058,0.0000365,+0.46%,137722,263813
J6U15,2015-08-10,0.0080545,0.0080545,0.008017,0.008028,-0.00003,-0.37%,95481,261786
J6U15,2015-08-11,0.0080305,0.0080335,0.007989,0.007992,-0.000036,-0.45%,134665,264608
J6U15,2015-08-12,0.0079935,0.008081,0.0079845,0.0080565,0.0000645,+0.81%,192674,255396
J6U15,2015-08-13,0.008055,0.0080625,0.008026,0.0080385,-0.000018,-0.22%,103302,252747
J6U15,2015-08-14,0.0080415,0.008063,0.0080325,0.0080505,0.000012,+0.15%,72895,253412
J6U15,2015-08-17,0.008049,0.0080525,0.008029,0.008039,-0.0000115,-0.14%,88845,253181
J6U15,2015-08-18,0.00804,0.0080545,0.008033,0.0080405,0.0000015,+0.02%,84667,251418
J6U15,2015-08-19,0.008043,0.0080865,0.0080355,0.0080835,0.000043,+0.53%,159374,253832
J6U15,2015-08-20,0.0080755,0.0081105,0.0080555,0.0081025,0.000019,+0.24%,149575,256264
J6U15,2015-08-21,0.008106,0.0082115,0.0080985,0.0081915,0.000089,+1.10%,262261,263774
J6U15,2015-08-24,0.008203,0.0085915,0.008196,0.0084455,0.000254,+3.10%,438824,260171
J6U15,2015-08-25,0.008439,0.008459,0.0083075,0.0083535,-0.000092,-1.09%,315123,260458
J6U15,2015-08-26,0.0084135,0.0084445,0.008333,0.008374,0.0000205,+0.25%,278512,261134
J6U15,2015-08-27,0.008321,0.0083495,0.008238,0.008291,-0.000083,-0.99%,205702,262714
J6U15,2015-08-28,0.008257,0.0082895,0.0082145,0.0082405,-0.0000505,-0.61%,151406,265223
J6U15,2015-08-31,0.0082255,0.0082735,0.0082235,0.008258,0.0000175,+0.21%,118508,266604
J6U15,2015-09-01,0.0082485,0.0083865,0.0082475,0.008349,0.000091,+1.10%,240824,273205
J6U15,2015-09-02,0.0083765,0.0083775,0.0083015,0.0083185,-0.0000305,-0.37%,190665,269732
J6U15,2015-09-03,0.008309,0.0083595,0.008285,0.008335,0.0000165,+0.20%,151916,273715
J6U15,2015-09-04,0.0083275,0.008433,0.0083205,0.0084075,0.0000725,+0.87%,248168,274543
J6U15,2015-09-08,0.0084085,0.008418,0.0083175,0.008336,-0.0000715,-0.85%,314400,279712
J6U15,2015-09-09,0.0083425,0.0083435,0.008251,0.008292,-0.000044,-0.53%,346979,274981
J6U15,2015-09-10,0.0083075,0.0083355,0.0082385,0.008292,0,0.00%,351433,285669
J6Z15,2015-09-11,0.0083005,0.0083205,0.008279,0.008305,0.000013,+0.16%,168050,285264
J6Z15,2015-09-14,0.0083075,0.008357,0.008288,0.0083435,0.0000385,+0.46%,120843,168565
J6Z15,2015-09-15,0.0083305,0.008389,0.008301,0.008314,-0.0000295,-0.35%,158766,166081
J6Z15,2015-09-16,0.0083175,0.008339,0.008297,0.0082995,-0.0000145,-0.17%,110109,163372
J6Z15,2015-09-17,0.0083075,0.0083615,0.008274,0.008333,0.0000335,+0.40%,159798,167956
J6Z15,2015-09-18,0.008333,0.0084135,0.0083185,0.00836,0.000027,+0.32%,174532,174121
J6Z15,2015-09-21,0.0083395,0.008367,0.008302,0.0083075,-0.0000525,-0.63%,99607,180761
J6Z15,2015-09-22,0.0083105,0.008369,0.008308,0.008344,0.0000365,+0.44%,122038,177439
J6Z15,2015-09-23,0.0083385,0.0083735,0.0083085,0.0083385,-0.0000055,-0.07%,111290,178616
J6Z15,2015-09-24,0.008331,0.008401,0.0083185,0.008343,0.0000045,+0.05%,203357,176101
J6Z15,2015-09-25,0.0083295,0.008344,0.0082595,0.0082985,-0.0000445,-0.53%,193222,181893
J6Z15,2015-09-28,0.008308,0.0083645,0.0083025,0.008356,0.0000575,+0.69%,132760,176787
J6Z15,2015-09-29,0.008348,0.0083945,0.0083295,0.008365,0.000009,+0.11%,173674,174697
J6Z15,2015-09-30,0.0083565,0.008372,0.0083165,0.008343,-0.000022,-0.26%,151334,172423
J6Z15,2015-10-01,0.008349,0.008377,0.008321,0.008345,0.000002,+0.02%,158758,173262
J6Z15,2015-10-02,0.0083475,0.008434,0.0083125,0.00835,0.000005,+0.06%,274791,172605
J6Z15,2015-10-05,0.0083415,0.0083495,0.0083025,0.0083075,-0.0000425,-0.51%,128352,169586
J6Z15,2015-10-06,0.0083095,0.0083335,0.0083015,0.0083245,0.000017,+0.20%,116646,170780
J6Z15,2015-10-07,0.008327,0.0083585,0.008316,0.008345,0.0000205,+0.25%,133790,170141
J6Z15,2015-10-08,0.008341,0.0083655,0.0083315,0.00834,-0.000005,-0.06%,122750,168532
J6Z15,2015-10-09,0.0083465,0.0083505,0.0083145,0.008321,-0.000019,-0.23%,118147,166450
J6Z15,2015-10-12,0.008325,0.008347,0.008321,0.0083445,0.0000235,+0.28%,57678,166746
J6Z15,2015-10-13,0.0083375,0.00837,0.008334,0.00835,0.0000055,+0.07%,110669,169873
J6Z15,2015-10-14,0.0083555,0.0084415,0.0083535,0.0084225,0.0000725,+0.87%,167962,186819
J6Z15,2015-10-15,0.0084265,0.008475,0.0083965,0.008425,0.0000025,+0.03%,164171,189176
J6Z15,2015-10-16,0.0084185,0.0084205,0.0083615,0.0083825,-0.0000425,-0.50%,109305,183591
J6Z15,2015-10-19,0.0083875,0.0083985,0.0083655,0.008376,-0.0000065,-0.08%,82063,181718
J6Z15,2015-10-20,0.0083735,0.0083795,0.00834,0.008344,-0.000032,-0.38%,106564,184281
J6Z15,2015-10-21,0.008346,0.008355,0.0083315,0.008341,-0.000003,-0.04%,101806,181542
J6Z15,2015-10-22,0.0083435,0.008365,0.0082835,0.0082865,-0.0000545,-0.65%,163560,185069
J6Z15,2015-10-23,0.0082885,0.008322,0.008232,0.008241,-0.0000455,-0.55%,180486,198121
J6Z15,2015-10-26,0.008237,0.0082965,0.0082345,0.008266,0.000025,+0.30%,106744,196707
J6Z15,2015-10-27,0.008267,0.008327,0.008263,0.0083155,0.0000495,+0.60%,114864,189472
J6Z15,2015-10-28,0.008309,0.00835,0.0082495,0.008252,-0.0000635,-0.76%,144324,192523
J6Z15,2015-10-29,0.00826,0.0082965,0.0082555,0.0082595,0.0000075,+0.09%,123292,193649
J6Z15,2015-10-30,0.008263,0.008331,0.008234,0.008288,0.0000285,+0.35%,198278,194923
J6Z15,2015-11-02,0.008302,0.008319,0.00828,0.008283,-0.000005,-0.06%,88965,195587
J6Z15,2015-11-03,0.0082845,0.008295,0.008251,0.008263,-0.00002,-0.24%,83769,204271
J6Z15,2015-11-04,0.008263,0.008267,0.0082175,0.008228,-0.000035,-0.42%,137128,217300
J6Z15,2015-11-05,0.008229,0.0082405,0.0081985,0.008223,-0.000005,-0.06%,122775,222551
J6Z15,2015-11-06,0.0082195,0.008224,0.0081145,0.0081165,-0.0001065,-1.30%,188975,231631
J6Z15,2015-11-09,0.008111,0.008134,0.0080925,0.0081265,0.00001,+0.12%,127794,228797
J6Z15,2015-11-10,0.008126,0.00813,0.008103,0.008116,-0.0000105,-0.13%,102477,234202
J6Z15,2015-11-11,0.0081185,0.0081495,0.008117,0.0081355,0.0000195,+0.24%,91925,234127
J6Z15,2015-11-12,0.0081445,0.0081615,0.008127,0.0081565,0.000021,+0.26%,120635,241107
J6Z15,2015-11-13,0.0081545,0.0081695,0.008132,0.008151,-0.0000055,-0.07%,114385,244803
J6Z15,2015-11-16,0.008173,0.0081835,0.008113,0.0081145,-0.0000365,-0.45%,114540,247878
J6Z15,2015-11-17,0.008116,0.00812,0.008099,0.0081045,-0.00001,-0.12%,111203,250346
J6Z15,2015-11-18,0.008103,0.0081175,0.008081,0.0080945,-0.00001,-0.12%,108060,251690
J6Z15,2015-11-19,0.008092,0.008157,0.008092,0.0081405,0.000046,+0.57%,123008,247744
J6Z15,2015-11-20,0.008136,0.0081495,0.008128,0.008142,0.0000015,+0.02%,88988,253520
J6Z15,2015-11-23,0.0081405,0.008146,0.008114,0.0081425,0.0000005,+0.01%,87965,254606
J6Z15,2015-11-24,0.0081385,0.0081775,0.0081335,0.008168,0.0000255,+0.31%,117604,247513
J6Z15,2015-11-25,0.008162,0.008181,0.0081355,0.008148,-0.00002,-0.24%,87441,249092
J6Z15,2015-11-27,0.00815,0.008177,0.0081385,0.008142,-0.000006,-0.07%,87284,245222
J6Z15,2015-11-30,0.0081455,0.008152,0.0081085,0.0081245,-0.0000175,-0.21%,96294,253267
J6Z15,2015-12-01,0.008122,0.0081545,0.0081125,0.008142,0.0000175,+0.22%,116560,253505
J6Z15,2015-12-02,0.008137,0.0081425,0.008086,0.008119,-0.000023,-0.28%,116863,260473
J6Z15,2015-12-03,0.008113,0.008178,0.008093,0.0081765,0.0000575,+0.71%,239915,246912
J6Z15,2015-12-04,0.0081545,0.008165,0.0081025,0.008118,-0.0000585,-0.72%,161985,242578
J6Z15,2015-12-07,0.0081175,0.0081205,0.008099,0.00811,-0.000008,-0.10%,149160,239653
J6Z15,2015-12-08,0.008104,0.008149,0.008104,0.0081265,0.0000165,+0.20%,149500,246055
J6Z15,2015-12-09,0.008137,0.00826,0.0081275,0.0082535,0.000127,+1.56%,432622,237205
J6H16,2015-12-10,0.008243,0.0082665,0.0082255,0.0082415,-0.000012,-0.15%,269410,241151
J6H16,2015-12-11,0.0082415,0.0083135,0.0082,0.008301,0.0000595,+0.72%,247677,235313
J6H16,2015-12-14,0.0082815,0.008332,0.008261,0.0082985,-0.0000025,-0.03%,135445,196047
J6H16,2015-12-15,0.008291,0.008314,0.0082305,0.008234,-0.0000645,-0.78%,115541,194196
J6H16,2015-12-16,0.008241,0.008259,0.008187,0.00823,-0.000004,-0.05%,130095,191361
J6H16,2015-12-17,0.008196,0.0082,0.0081545,0.0081555,-0.0000745,-0.91%,125225,205515
J6H16,2015-12-18,0.0081775,0.008278,0.0080575,0.0082665,0.000111,+1.36%,208496,208584
J6H16,2015-12-21,0.008258,0.008292,0.0082475,0.008279,0.0000125,+0.15%,84698,201212
J6H16,2015-12-22,0.0082665,0.008299,0.0082595,0.0082775,-0.0000015,-0.02%,72505,197375
J6H16,2015-12-23,0.0082785,0.0082925,0.0082715,0.008289,0.0000115,+0.14%,48329,197832
J6H16,2015-12-24,0.0082855,0.0083315,0.00828,0.008327,0.000038,+0.46%,54381,196503
J6H16,2015-12-28,0.0083325,0.0083365,0.0083045,0.0083245,-0.0000025,-0.03%,49900,195108
J6H16,2015-12-29,0.0083215,0.0083295,0.0083105,0.008321,-0.0000035,-0.04%,53793,196825
J6H16,2015-12-30,0.0083125,0.0083215,0.0083005,0.0083085,-0.0000125,-0.15%,51155,198233
J6H16,2015-12-31,0.008312,0.008346,0.008306,0.0083325,0.000024,+0.29%,57473,204256
J6H16,2016-01-04,0.008328,0.0084365,0.008313,0.0083935,0.000061,+0.73%,193663,215884
J6H16,2016-01-05,0.0083915,0.0084285,0.008365,0.008416,0.0000225,+0.27%,137190,220707
J6H16,2016-01-06,0.008406,0.008467,0.0084015,0.008459,0.000043,+0.51%,179683,229140
J6H16,2016-01-07,0.0084485,0.008533,0.008431,0.008524,0.000065,+0.77%,268249,239781
J6H16,2016-01-08,0.008511,0.0085415,0.008422,0.008511,-0.000013,-0.15%,241286,240296
J6H16,2016-01-11,0.0085695,0.008573,0.008483,0.008522,0.000011,+0.13%,150969,239359
J6H16,2016-01-12,0.008505,0.0085415,0.0084795,0.008513,-0.000009,-0.11%,163116,241366
J6H16,2016-01-13,0.008505,0.0085105,0.0084565,0.0085005,-0.0000125,-0.15%,150121,246717
J6H16,2016-01-14,0.0085105,0.008535,0.008463,0.0084725,-0.000028,-0.33%,184060,245496
J6H16,2016-01-15,0.0084735,0.0085925,0.0084635,0.008555,0.0000825,+0.97%,221196,255758
J6H16,2016-01-19,0.00856,0.0085655,0.008474,0.008524,-0.000031,-0.36%,232754,247614
J6H16,2016-01-20,0.0085115,0.008631,0.0085055,0.008571,0.000047,+0.55%,239483,254114
J6H16,2016-01-21,0.008559,0.008594,0.008495,0.0085185,-0.0000525,-0.61%,259011,248305
J6H16,2016-01-22,0.0084985,0.0085145,0.008419,0.008427,-0.0000915,-1.07%,194749,245959
J6H16,2016-01-25,0.008427,0.008469,0.008421,0.008447,0.00002,+0.24%,122958,248683
J6H16,2016-01-26,0.0084585,0.008506,0.008437,0.0084485,0.0000015,+0.02%,109636,250711
J6H16,2016-01-27,0.0084505,0.008478,0.0084045,0.0084325,-0.000016,-0.19%,128002,250135
J6H16,2016-01-28,0.008438,0.008451,0.0084095,0.008425,-0.0000075,-0.09%,127987,250518
J6H16,2016-01-29,0.0084245,0.008475,0.0082095,0.0082635,-0.0001615,-1.92%,333659,256948
J6H16,2016-02-01,0.0082425,0.0082935,0.0082365,0.0082605,-0.000003,-0.04%,131541,245928
J6H16,2016-02-02,0.008269,0.0083505,0.008268,0.0083335,0.000073,+0.88%,150840,237289
J6H16,2016-02-03,0.0083565,0.00855,0.0083365,0.0085035,0.00017,+2.04%,333647,232083
J6H16,2016-02-04,0.008477,0.0085885,0.008464,0.008574,0.0000705,+0.83%,230789,229251
J6H16,2016-02-05,0.008564,0.008608,0.008523,0.0085635,-0.0000105,-0.12%,187412,233256
J6H16,2016-02-08,0.0085585,0.008691,0.008516,0.0086775,0.000114,+1.33%,226770,236535
J6H16,2016-02-09,0.008664,0.0087645,0.008648,0.0087025,0.000025,+0.29%,273276,237081
J6H16,2016-02-10,0.0086955,0.008847,0.008682,0.008805,0.0001025,+1.18%,316903,239801
J6H16,2016-02-11,0.0088205,0.009017,0.008812,0.0089045,0.0000995,+1.13%,335111,238857
J6H16,2016-02-12,0.008894,0.0089635,0.0088135,0.0088365,-0.000068,-0.76%,230834,243726
J6H16,2016-02-16,0.0088155,0.008834,0.00871,0.008788,-0.0000485,-0.55%,244681,248985
J6H16,2016-02-17,0.008762,0.0088255,0.008738,0.008795,0.000007,+0.08%,159278,251554
J6H16,2016-02-18,0.008769,0.008843,0.0087515,0.0088105,0.0000155,+0.18%,124126,254589
J6H16,2016-02-19,0.008829,0.0089085,0.0088245,0.0088895,0.000079,+0.90%,138883,256268
J6H16,2016-02-22,0.008883,0.008899,0.0088235,0.008867,-0.0000225,-0.25%,123866,254213
J6H16,2016-02-23,0.00886,0.008951,0.00885,0.008929,0.000062,+0.70%,173202,257064
J6H16,2016-02-24,0.008932,0.00901,0.008911,0.0089605,0.0000315,+0.35%,170812,257646
J6H16,2016-02-25,0.0089265,0.0089395,0.00885,0.008869,-0.0000915,-1.02%,159001,256876
J6H16,2016-02-26,0.008861,0.008887,0.008772,0.008785,-0.000084,-0.95%,145006,258026
J6H16,2016-02-29,0.0087965,0.0088795,0.008785,0.008867,0.000082,+0.93%,141164,261927
J6H16,2016-03-01,0.008899,0.008918,0.00876,0.00877,-0.000097,-1.09%,142692,261679
J6H16,2016-03-02,0.0087705,0.0088345,0.0087295,0.008818,0.000048,+0.55%,126890,262170
J6H16,2016-03-03,0.008806,0.008828,0.0087525,0.0088065,-0.0000115,-0.13%,106859,260915
J6H16,2016-03-04,0.0087965,0.0088425,0.0087535,0.008769,-0.0000375,-0.43%,191956,267839
J6H16,2016-03-07,0.008785,0.0088335,0.0087815,0.0088315,0.0000625,+0.71%,145507,269878
J6H16,2016-03-08,0.0088225,0.008896,0.00881,0.0088815,0.00005,+0.57%,208967,289879
J6H16,2016-03-09,0.0088775,0.0089115,0.0088145,0.0088195,-0.000062,-0.70%,260556,276413
J6H16,2016-03-10,0.0088245,0.0088815,0.008738,0.008844,0.0000245,+0.28%,335406,275660
J6M16,2016-03-11,0.0088625,0.0088915,0.008801,0.008817,-0.000027,-0.31%,170741,273250
J6M16,2016-03-14,0.008799,0.0088335,0.0087945,0.008809,-0.000008,-0.09%,70211,139618
J6M16,2016-03-15,0.008811,0.008902,0.008776,0.008865,0.000056,+0.64%,128886,140084
J6M16,2016-03-16,0.008858,0.008925,0.0088075,0.0088905,0.0000255,+0.29%,134313,139907
J6M16,2016-03-17,0.0088965,0.0090565,0.008874,0.0089945,0.000104,+1.17%,210361,146958
J6M16,2016-03-18,0.0089975,0.0090445,0.00897,0.008981,-0.0000135,-0.15%,107230,144930
J6M16,2016-03-21,0.0089875,0.0090135,0.008952,0.008961,-0.00002,-0.22%,56954,146314
J6M16,2016-03-22,0.0089555,0.0090005,0.008911,0.008926,-0.000035,-0.39%,110667,146421
J6M16,2016-03-23,0.008922,0.0089375,0.008876,0.0089175,-0.0000085,-0.10%,90725,146396
J6M16,2016-03-24,0.0089185,0.0089245,0.008867,0.008896,-0.0000215,-0.24%,81968,146850
J6M16,2016-03-28,0.0088495,0.008857,0.008815,0.0088485,-0.0000475,-0.53%,48471,147336
J6M16,2016-03-29,0.008838,0.0089005,0.0088055,0.008889,0.0000405,+0.46%,109028,148292
J6M16,2016-03-30,0.0088925,0.008945,0.0088815,0.0089095,0.0000205,+0.23%,92059,148805
J6M16,2016-03-31,0.008912,0.0089365,0.008892,0.008904,-0.0000055,-0.06%,89078,149927
J6M16,2016-04-01,0.0089045,0.008979,0.0088995,0.0089685,0.0000645,+0.72%,135529,156092
J6M16,2016-04-04,0.008977,0.009017,0.0089615,0.0090045,0.000036,+0.40%,85760,157795
J6M16,2016-04-05,0.0089995,0.009113,0.0089965,0.0090665,0.000062,+0.69%,180418,166831
J6M16,2016-04-06,0.009079,0.0091625,0.009054,0.0091365,0.00007,+0.77%,165731,171749
J6M16,2016-04-07,0.0091265,0.009304,0.009115,0.009254,0.0001175,+1.29%,224915,170533
J6M16,2016-04-08,0.009249,0.009271,0.009181,0.0092465,-0.0000075,-0.08%,143284,167397
J6M16,2016-04-11,0.009271,0.009308,0.009236,0.0092815,0.000035,+0.38%,114008,167281
J6M16,2016-04-12,0.00928,0.009286,0.0092075,0.009229,-0.0000525,-0.57%,104584,173515
J6M16,2016-04-13,0.0092235,0.0092315,0.0091545,0.0091685,-0.0000605,-0.66%,100460,178507
J6M16,2016-04-14,0.0091645,0.0091965,0.0091425,0.009165,-0.0000035,-0.04%,108518,181958
J6M16,2016-04-15,0.0091535,0.0092215,0.0091255,0.0092135,0.0000485,+0.53%,81942,183472
J6M16,2016-04-18,0.0092575,0.0092865,0.0091875,0.0092025,-0.000011,-0.12%,110660,177503
J6M16,2016-04-19,0.009202,0.009204,0.0091455,0.009175,-0.0000275,-0.30%,103049,179888
J6M16,2016-04-20,0.0091655,0.009207,0.0091115,0.00912,-0.000055,-0.60%,95259,179315
J6M16,2016-04-21,0.0091225,0.009159,0.009111,0.0091425,0.0000225,+0.25%,111548,178521
J6M16,2016-04-22,0.0091485,0.009164,0.0089545,0.0089645,-0.000178,-1.95%,183592,173957
J6M16,2016-04-25,0.008954,0.009033,0.008953,0.0089955,0.000031,+0.35%,104862,170622
J6M16,2016-04-26,0.009003,0.009047,0.0089815,0.008987,-0.0000085,-0.09%,85449,168767
J6M16,2016-04-27,0.008997,0.0090165,0.008958,0.0089945,0.0000075,+0.08%,88757,166142
J6M16,2016-04-28,0.008981,0.0092795,0.008947,0.009261,0.0002665,+2.96%,243062,168841
J6M16,2016-04-29,0.009255,0.009421,0.0092505,0.009378,0.000117,+1.26%,165401,162848
J6M16,2016-05-02,0.00941,0.0094295,0.0093695,0.0094015,0.0000235,+0.25%,103570,163294
J6M16,2016-05-03,0.0094065,0.009483,0.009382,0.0094055,0.000004,+0.04%,110619,161529
J6M16,2016-05-04,0.009362,0.009421,0.0093225,0.0093605,-0.000045,-0.48%,107178,163558
J6M16,2016-05-05,0.0093525,0.0093715,0.00931,0.009332,-0.0000285,-0.30%,73571,164103
J6M16,2016-05-06,0.009329,0.0094035,0.009317,0.009342,0.00001,+0.11%,118433,162465
J6M16,2016-05-09,0.009335,0.0093395,0.0092145,0.009226,-0.000116,-1.24%,102836,164771
J6M16,2016-05-10,0.0092285,0.009243,0.009151,0.0091565,-0.0000695,-0.75%,100409,165549
J6M16,2016-05-11,0.009153,0.009235,0.009152,0.0092265,0.00007,+0.76%,85252,163495
J6M16,2016-05-12,0.009229,0.0092465,0.0091465,0.00917,-0.0000565,-0.61%,97373,163111
J6M16,2016-05-13,0.009179,0.0092215,0.0091335,0.009212,0.000042,+0.46%,114698,161245
J6M16,2016-05-16,0.00921,0.009226,0.0091725,0.009182,-0.00003,-0.33%,65686,162648
J6M16,2016-05-17,0.009176,0.0091935,0.009125,0.0091705,-0.0000115,-0.13%,105270,158909
J6M16,2016-05-18,0.0091685,0.009203,0.0090715,0.0090975,-0.000073,-0.80%,129811,164156
J6M16,2016-05-19,0.009082,0.0091195,0.0090635,0.009103,0.0000055,+0.06%,100635,161954
J6M16,2016-05-20,0.0091,0.009107,0.0090465,0.0090755,-0.0000275,-0.30%,80501,159851
J6M16,2016-05-23,0.0090855,0.00917,0.0090755,0.009161,0.0000855,+0.94%,101654,157575
J6M16,2016-05-24,0.0091585,0.009164,0.009084,0.009098,-0.000063,-0.69%,81207,159833
J6M16,2016-05-25,0.009098,0.0091065,0.0090575,0.009088,-0.00001,-0.11%,85842,157936
J6M16,2016-05-26,0.0090805,0.0091425,0.009075,0.0091165,0.0000285,+0.31%,111376,156323
J6M16,2016-05-27,0.0091145,0.0091375,0.009057,0.0091015,-0.000015,-0.16%,90224,158907
J6M16,2016-05-31,0.0090595,0.0090615,0.008975,0.0090445,-0.000057,-0.63%,175733,156499
J6M16,2016-06-01,0.0090315,0.009172,0.0090245,0.0091285,0.000084,+0.93%,174836,154870
J6M16,2016-06-02,0.0091345,0.0092165,0.009127,0.009185,0.0000565,+0.62%,129774,153511
J6M16,2016-06-03,0.0091895,0.0093905,0.0091645,0.009374,0.000189,+2.06%,259452,170436
J6M16,2016-06-06,0.009384,0.0093975,0.00929,0.009314,-0.00006,-0.64%,197512,174172
J6M16,2016-06-07,0.009298,0.009333,0.0092685,0.0093205,0.0000065,+0.07%,164994,180894
J6M16,2016-06-08,0.009317,0.009383,0.009313,0.0093505,0.00003,+0.32%,222689,195775
J6M16,2016-06-09,0.009354,0.0094115,0.009331,0.0093575,0.000007,+0.07%,228196,197140
J6U16,2016-06-10,0.009379,0.009417,0.0093535,0.0093975,0.00004,+0.43%,168792,197984
J6U16,2016-06-13,0.009392,0.0094905,0.009391,0.009451,0.0000535,+0.57%,156225,138869
J6U16,2016-06-14,0.009452,0.0094995,0.0094285,0.00947,0.000019,+0.20%,140151,139052
J6U16,2016-06-15,0.009465,0.009519,0.009432,0.0094655,-0.0000045,-0.05%,122735,140959
J6U16,2016-06-16,0.009468,0.00969,0.009464,0.0096195,0.000154,+1.63%,260884,142035
J6U16,2016-06-17,0.0096165,0.0096385,0.0095695,0.009625,0.0000055,+0.06%,129878,141707
J6U16,2016-06-20,0.0095805,0.009667,0.0095675,0.009648,0.000023,+0.24%,113423,144298
J6U16,2016-06-21,0.0096495,0.0096845,0.009547,0.009574,-0.000074,-0.77%,121895,144710
J6U16,2016-06-22,0.0095725,0.009616,0.0095675,0.0096045,0.0000305,+0.32%,75837,148225
J6U16,2016-06-23,0.0095705,0.0096435,0.009445,0.009482,-0.0001225,-1.28%,133557,145900
J6U16,2016-06-24,0.00942,0.010131,0.0094,0.0098115,0.0003295,+3.48%,291817,147660
J6U16,2016-06-27,0.009836,0.009892,0.009787,0.0098355,0.000024,+0.24%,145994,143171
J6U16,2016-06-28,0.0098395,0.009877,0.009752,0.0097595,-0.000076,-0.77%,104044,143117
J6U16,2016-06-29,0.009762,0.0098135,0.0097395,0.009777,0.0000175,+0.18%,87822,142682
J6U16,2016-06-30,0.0097435,0.009794,0.0097045,0.009707,-0.00007,-0.72%,113345,143939
J6U16,2016-07-01,0.0097055,0.0097855,0.009704,0.009778,0.000071,+0.73%,81788,147669
J6U16,2016-07-05,0.009769,0.0098805,0.00975,0.0098705,0.0000925,+0.95%,110986,150417
J6U16,2016-07-06,0.0098535,0.010005,0.009851,0.009886,0.0000155,+0.16%,137488,148915
J6U16,2016-07-07,0.0098885,0.009965,0.009884,0.009947,0.000061,+0.62%,88242,148960
J6U16,2016-07-08,0.0099465,0.010025,0.009897,0.009979,0.000032,+0.32%,139181,149966
J6U16,2016-07-11,0.0099655,0.009971,0.00974,0.0097515,-0.0002275,-2.28%,126342,155541
J6U16,2016-07-12,0.009751,0.0097835,0.0095465,0.0095655,-0.000186,-1.91%,187576,161262
J6U16,2016-07-13,0.0095675,0.009646,0.009556,0.0096065,0.000041,+0.43%,144023,160140
J6U16,2016-07-14,0.009601,0.009639,0.00946,0.0095035,-0.000103,-1.07%,170903,159091
J6U16,2016-07-15,0.0095105,0.00958,0.0094275,0.009499,-0.0000045,-0.05%,155106,159231
J6U16,2016-07-18,0.009501,0.009522,0.009433,0.009446,-0.000053,-0.56%,92091,158167
J6U16,2016-07-19,0.009443,0.009489,0.0094075,0.0094505,0.0000045,+0.05%,100315,158366
J6U16,2016-07-20,0.009441,0.0094695,0.0093645,0.009379,-0.0000715,-0.76%,92228,160423
J6U16,2016-07-21,0.0093495,0.0095065,0.009323,0.0094645,0.0000855,+0.91%,163413,157932
J6U16,2016-07-22,0.0094355,0.0094925,0.0094175,0.0094415,-0.000023,-0.24%,89421,156641
J6U16,2016-07-25,0.009438,0.009477,0.0093875,0.0094685,0.000027,+0.29%,79462,158011
J6U16,2016-07-26,0.009468,0.0096355,0.0094625,0.009578,0.0001095,+1.16%,126998,159869
J6U16,2016-07-27,0.009568,0.009573,0.0094045,0.0095045,-0.0000735,-0.77%,157612,158643
J6U16,2016-07-28,0.009516,0.009589,0.009496,0.0095025,-0.000002,-0.02%,104943,158735
J6U16,2016-07-29,0.009517,0.009823,0.009479,0.0098195,0.000317,+3.34%,284774,160085
J6U16,2016-08-01,0.009805,0.009809,0.009755,0.0097855,-0.000034,-0.35%,89915,156338
J6U16,2016-08-02,0.0097865,0.009949,0.00974,0.009927,0.0001415,+1.45%,146054,156696
J6U16,2016-08-03,0.0099265,0.009942,0.009861,0.0099025,-0.0000245,-0.25%,92304,155641
J6U16,2016-08-04,0.009891,0.00993,0.00985,0.0098995,-0.000003,-0.03%,75946,158302
J6U16,2016-08-05,0.0098975,0.0099285,0.009813,0.009846,-0.0000535,-0.54%,112977,160349
J6U16,2016-08-08,0.009824,0.0098295,0.0097565,0.009773,-0.000073,-0.74%,74613,165410
J6U16,2016-08-09,0.009777,0.009839,0.0097675,0.0098295,0.0000565,+0.58%,60883,167011
J6U16,2016-08-10,0.009832,0.0099175,0.009822,0.0098845,0.000055,+0.56%,86931,165646
J6U16,2016-08-11,0.009894,0.009912,0.009811,0.009824,-0.0000605,-0.61%,59905,164857
J6U16,2016-08-12,0.009822,0.0099315,0.00979,0.009889,0.000065,+0.66%,111209,165395
J6U16,2016-08-15,0.009888,0.009926,0.0098685,0.009888,-0.000001,-0.01%,60186,166937
J6U16,2016-08-16,0.0098885,0.010058,0.009884,0.0099845,0.0000965,+0.98%,133016,165905
J6U16,2016-08-17,0.009984,0.0100075,0.0098955,0.0099915,0.000007,+0.07%,117365,165566
J6U16,2016-08-18,0.009986,0.010046,0.009956,0.0100175,0.000026,+0.26%,121342,164016
J6U16,2016-08-19,0.0100175,0.0100215,0.009964,0.0099865,-0.000031,-0.31%,75142,164454
J6U16,2016-08-22,0.0099415,0.0099875,0.009916,0.0099815,-0.000005,-0.05%,83940,165181
J6U16,2016-08-23,0.009978,0.010015,0.0099695,0.0099865,0.000005,+0.05%,76638,164756
J6U16,2016-08-24,0.009989,0.009999,0.009947,0.009962,-0.0000245,-0.25%,78557,164236
J6U16,2016-08-25,0.009962,0.0099765,0.009942,0.009951,-0.000011,-0.11%,58119,165702
J6U16,2016-08-26,0.009952,0.010001,0.0098155,0.0098225,-0.0001285,-1.29%,177072,166642
J6U16,2016-08-29,0.009816,0.009826,0.009772,0.0098125,-0.00001,-0.10%,91171,166783
J6U16,2016-08-30,0.009821,0.009834,0.0097015,0.009717,-0.0000955,-0.97%,130369,164329
J6U16,2016-08-31,0.009714,0.0097275,0.009664,0.009674,-0.000043,-0.44%,112178,164346
J6U16,2016-09-01,0.009677,0.0097075,0.0096185,0.009682,0.000008,+0.08%,133302,162542
J6U16,2016-09-02,0.00969,0.009737,0.0095895,0.009625,-0.000057,-0.59%,178864,157684
J6U16,2016-09-06,0.009612,0.0098135,0.009604,0.0097995,0.0001745,+1.81%,232317,159342
J6U16,2016-09-07,0.0097975,0.0098845,0.009792,0.009829,0.0000295,+0.30%,135912,159582
J6U16,2016-09-08,0.0098335,0.0098625,0.009748,0.0097595,-0.0000695,-0.71%,161749,162094
J6U16,2016-09-09,0.009766,0.009809,0.0097045,0.009739,-0.0000205,-0.21%,157624,160789
J6U16,2016-09-12,0.0097495,0.0098475,0.0097415,0.0098215,0.0000825,+0.85%,198619,168738
J6U16,2016-09-13,0.009813,0.0098615,0.0097335,0.009737,-0.0000845,-0.86%,227556,167340
J6U16,2016-09-14,0.009751,0.0097815,0.009676,0.0097665,0.0000295,+0.30%,262057,167247
J6Z16,2016-09-15,0.009809,0.009865,0.00977,0.0098265,0.00006,+0.61%,215305,167938
J6Z16,2016-09-16,0.009837,0.0098705,0.0097985,0.0098015,-0.000025,-0.25%,130232,168303
J6Z16,2016-09-19,0.0098175,0.009885,0.009803,0.0098615,0.00006,+0.61%,80875,141166
J6Z16,2016-09-20,0.009856,0.009888,0.0098365,0.009856,-0.0000055,-0.06%,71885,140738
J6Z16,2016-09-21,0.009869,0.0100075,0.0097645,0.009984,0.000128,+1.30%,254994,143712
J6Z16,2016-09-22,0.009992,0.0100275,0.0099435,0.009946,-0.000038,-0.38%,100075,143827
J6Z16,2016-09-23,0.0099585,0.009968,0.0099125,0.009928,-0.000018,-0.18%,102400,146985
J6Z16,2016-09-26,0.009931,0.0100105,0.0099275,0.0099995,0.0000715,+0.72%,94325,153998
J6Z16,2016-09-27,0.0100035,0.0100265,0.0099365,0.0100075,0.000008,+0.08%,129288,155170
J6Z16,2016-09-28,0.009996,0.0100095,0.0099535,0.0099605,-0.000047,-0.47%,93632,157065
J6Z16,2016-09-29,0.009961,0.009964,0.0098485,0.0099255,-0.000035,-0.35%,153168,156914
J6Z16,2016-09-30,0.0099225,0.009957,0.00985,0.0098905,-0.000035,-0.35%,144885,153054
J6Z16,2016-10-03,0.0099035,0.00991,0.0098635,0.009874,-0.0000165,-0.17%,83149,150129
J6Z16,2016-10-04,0.0098665,0.009871,0.009738,0.0097545,-0.0001195,-1.21%,157543,157574
J6Z16,2016-10-05,0.009741,0.0097665,0.009671,0.009675,-0.0000795,-0.82%,131852,157855
J6Z16,2016-10-06,0.0096815,0.0097005,0.009624,0.009626,-0.000049,-0.51%,121280,157786
J6Z16,2016-10-07,0.00964,0.0097475,0.009638,0.0097275,0.0001015,+1.05%,173474,152217
J6Z16,2016-10-10,0.009725,0.0097525,0.0096595,0.0096695,-0.000058,-0.60%,67038,150681
J6Z16,2016-10-11,0.0096715,0.0097165,0.009633,0.0096905,0.000021,+0.22%,122315,150394
J6Z16,2016-10-12,0.009682,0.009706,0.0095925,0.0096095,-0.000081,-0.84%,117429,154133
J6Z16,2016-10-13,0.009614,0.009699,0.0095775,0.0096735,0.000064,+0.67%,135084,151170
J6Z16,2016-10-14,0.009666,0.009673,0.009592,0.0096215,-0.000052,-0.54%,126450,155457
J6Z16,2016-10-17,0.009606,0.0096555,0.009602,0.009649,0.0000275,+0.29%,99156,154314
J6Z16,2016-10-18,0.009643,0.009666,0.0096165,0.0096465,-0.0000025,-0.03%,86602,156607
J6Z16,2016-10-19,0.0096455,0.0097125,0.0096395,0.009689,0.0000425,+0.44%,83917,157048
J6Z16,2016-10-20,0.009688,0.009694,0.0096235,0.009637,-0.000052,-0.54%,96407,160484
J6Z16,2016-10-21,0.0096335,0.0096775,0.009613,0.0096485,0.0000115,+0.12%,89441,159104
J6Z16,2016-10-24,0.009643,0.0096585,0.0096025,0.009611,-0.0000375,-0.39%,83991,162375
J6Z16,2016-10-25,0.0096115,0.009622,0.0095505,0.009611,0,0.00%,126049,163040
J6Z16,2016-10-26,0.009612,0.009631,0.009575,0.009582,-0.000029,-0.30%,88121,162700
J6Z16,2016-10-27,0.009584,0.009604,0.0095075,0.009513,-0.000069,-0.72%,112617,166661
J6Z16,2016-10-28,0.009514,0.0095895,0.009491,0.0095635,0.0000505,+0.53%,153402,169157
J6Z16,2016-10-31,0.009575,0.009585,0.009518,0.0095455,-0.000018,-0.19%,87840,168839
J6Z16,2016-11-01,0.0095565,0.00965,0.0095275,0.0096335,0.000088,+0.92%,142894,165124
J6Z16,2016-11-02,0.009621,0.009722,0.009614,0.009692,0.0000585,+0.61%,148170,160518
J6Z16,2016-11-03,0.009692,0.0097665,0.009681,0.0097235,0.0000315,+0.33%,123159,160569
J6Z16,2016-11-04,0.009723,0.0097385,0.009689,0.0097095,-0.000014,-0.14%,125950,162888
J6Z16,2016-11-07,0.009644,0.009644,0.0095705,0.0095745,-0.000135,-1.39%,116497,162769
J6Z16,2016-11-08,0.009577,0.0096015,0.0095195,0.0095325,-0.000042,-0.44%,109111,164328
J6Z16,2016-11-09,0.009523,0.0098965,0.0094545,0.0094595,-0.000073,-0.77%,583063,164915
J6Z16,2016-11-10,0.009474,0.009539,0.0093605,0.009373,-0.0000865,-0.91%,278811,171886
J6Z16,2016-11-11,0.009373,0.009442,0.0093615,0.0093755,0.0000025,+0.03%,158536,172595
J6Z16,2016-11-14,0.009373,0.00938,0.0092225,0.0092265,-0.000149,-1.59%,185476,171433
J6Z16,2016-11-15,0.009243,0.009289,0.009155,0.0091565,-0.00007,-0.76%,161656,170967
J6Z16,2016-11-16,0.009181,0.0092015,0.0091205,0.0091705,0.000014,+0.15%,141583,173660
J6Z16,2016-11-17,0.0091905,0.0092205,0.0090835,0.0091075,-0.000063,-0.69%,157899,182141
J6Z16,2016-11-18,0.0090825,0.0091155,0.009018,0.009047,-0.0000605,-0.66%,170725,181815
J6Z16,2016-11-21,0.0090225,0.0090615,0.008987,0.009006,-0.000041,-0.45%,150911,184739
J6Z16,2016-11-22,0.0090315,0.0090765,0.0089875,0.009005,-0.000001,-0.01%,148801,187684
J6Z16,2016-11-23,0.0090055,0.009028,0.008859,0.008889,-0.000116,-1.29%,165132,187552
J6Z16,2016-11-25,0.0088905,0.008903,0.008786,0.008841,-0.000048,-0.54%,230785,194048
J6Z16,2016-11-28,0.0088605,0.008987,0.0088575,0.008913,0.000072,+0.81%,198839,195864
J6Z16,2016-11-29,0.008947,0.0089645,0.008829,0.008911,-0.000002,-0.02%,174847,202171
J6Z16,2016-11-30,0.008896,0.00893,0.0087355,0.0087535,-0.0001575,-1.77%,216527,214852
J6Z16,2016-12-01,0.008745,0.008789,0.0087125,0.008774,0.0000205,+0.23%,179695,217824
J6Z16,2016-12-02,0.008763,0.0088275,0.0087595,0.008799,0.000025,+0.28%,172031,223703
J6Z16,2016-12-05,0.008844,0.008854,0.008716,0.008794,-0.000005,-0.06%,180883,232523
J6Z16,2016-12-06,0.00879,0.0088135,0.0087605,0.008768,-0.000026,-0.30%,110890,235915
J6Z16,2016-12-07,0.0087715,0.00882,0.0087435,0.008785,0.000017,+0.19%,109647,238098
J6Z16,2016-12-08,0.0088005,0.008843,0.008743,0.008771,-0.000014,-0.16%,188573,251421
J6Z16,2016-12-09,0.0087655,0.0087725,0.008666,0.0086815,-0.0000895,-1.02%,169564,261107
J6Z16,2016-12-12,0.008661,0.0087085,0.008613,0.0086895,0.000008,+0.09%,223807,278360
J6Z16,2016-12-13,0.008708,0.0087145,0.008661,0.008678,-0.0000115,-0.13%,173812,285274
J6Z16,2016-12-14,0.0086775,0.0087145,0.0085195,0.0085945,-0.0000835,-0.96%,337895,318632
J6Z16,2016-12-15,0.008533,0.00854,0.0084275,0.008481,-0.0001135,-1.32%,313456,343579
J6H17,2016-12-16,0.008493,0.008546,0.008478,0.0085055,0.0000245,+0.29%,180517,352165
J6H17,2016-12-19,0.008515,0.0086135,0.008515,0.008561,0.0000555,+0.65%,133140,211614
J6H17,2016-12-20,0.008575,0.0085805,0.00849,0.008521,-0.00004,-0.47%,122777,220435
J6H17,2016-12-21,0.008515,0.00857,0.0085005,0.0085365,0.0000155,+0.18%,119974,218782
J6H17,2016-12-22,0.008541,0.0085575,0.0085135,0.008535,-0.0000015,-0.02%,68954,217656
J6H17,2016-12-23,0.008536,0.008566,0.008533,0.0085635,0.0000285,+0.33%,39937,217236
J6H17,2016-12-27,0.00857,0.00857,0.008532,0.0085465,-0.000017,-0.20%,44002,219343
J6H17,2016-12-28,0.008545,0.0085765,0.00852,0.0085665,0.00002,+0.23%,71733,221940
J6H17,2016-12-29,0.008569,0.0086315,0.008561,0.0086005,0.000034,+0.40%,113388,210106
J6H17,2016-12-30,0.008607,0.0086445,0.0085595,0.008597,-0.0000035,-0.04%,94482,212942
J6H17,2017-01-03,0.008556,0.0085665,0.008454,0.0085245,-0.0000725,-0.84%,154840,220120
J6H17,2017-01-04,0.0085195,0.0085665,0.0084845,0.0085265,0.000002,+0.02%,137353,217034
J6H17,2017-01-05,0.008548,0.008701,0.0085375,0.008673,0.0001465,+1.72%,271748,210619
J6H17,2017-01-06,0.008686,0.008712,0.008554,0.0085665,-0.0001065,-1.23%,197370,210528
J6H17,2017-01-09,0.0085575,0.0086445,0.0085285,0.0086375,0.000071,+0.83%,141821,205422
J6H17,2017-01-10,0.008647,0.008701,0.008614,0.008658,0.0000205,+0.24%,174862,209488
J6H17,2017-01-11,0.008653,0.008772,0.0085735,0.0086825,0.0000245,+0.28%,281983,208594
J6H17,2017-01-12,0.008681,0.0088085,0.008681,0.008737,0.0000545,+0.63%,233327,209665
J6H17,2017-01-13,0.008733,0.0087765,0.0086785,0.008752,0.000015,+0.17%,184746,208106
J6H17,2017-01-17,0.0087565,0.008898,0.0087525,0.0088915,0.0001395,+1.59%,291482,211752
J6H17,2017-01-18,0.0088835,0.0088935,0.0087285,0.0088175,-0.000074,-0.83%,148895,208585
J6H17,2017-01-19,0.008743,0.0087555,0.008662,0.008726,-0.0000915,-1.04%,191111,203075
J6H17,2017-01-20,0.008708,0.0087695,0.00868,0.008765,0.000039,+0.45%,196443,199257
J6H17,2017-01-23,0.008756,0.008888,0.008754,0.0088635,0.0000985,+1.12%,215557,200169
J6H17,2017-01-24,0.008895,0.008901,0.0087925,0.0087955,-0.000068,-0.77%,151638,196765
J6H17,2017-01-25,0.008794,0.008859,0.008785,0.008816,0.0000205,+0.23%,155859,199242
J6H17,2017-01-26,0.008837,0.0088585,0.0087185,0.0087585,-0.0000575,-0.65%,158373,199353
J6H17,2017-01-27,0.008745,0.008754,0.0086785,0.008704,-0.0000545,-0.62%,137399,199980
J6H17,2017-01-30,0.0087165,0.0088255,0.00871,0.008808,0.000104,+1.19%,157144,201032
J6H17,2017-01-31,0.0088015,0.008933,0.0087855,0.008883,0.000075,+0.85%,262052,204494
J6H17,2017-02-01,0.0088845,0.0088865,0.008785,0.008857,-0.000026,-0.29%,171516,202353
J6H17,2017-02-02,0.008838,0.0089335,0.0088305,0.008881,0.000024,+0.27%,172764,202358
J6H17,2017-02-03,0.008871,0.008913,0.0088205,0.008863,-0.000018,-0.20%,183704,201154
J6H17,2017-02-06,0.0088895,0.0089675,0.008876,0.0089545,0.0000915,+1.03%,141338,204158
J6H17,2017-02-07,0.0089545,0.008971,0.0088915,0.008925,-0.0000295,-0.33%,128782,201632
J6H17,2017-02-08,0.0089105,0.008967,0.0088935,0.00893,0.000005,+0.06%,130129,201965
J6H17,2017-02-09,0.008948,0.008949,0.008829,0.0088335,-0.0000965,-1.08%,151748,200195
J6H17,2017-02-10,0.008834,0.008868,0.008789,0.0088255,-0.000008,-0.09%,151586,202814
J6H17,2017-02-13,0.0088055,0.0088225,0.0087655,0.008807,-0.0000185,-0.21%,104262,201951
J6H17,2017-02-14,0.008796,0.0088365,0.0087395,0.008764,-0.000043,-0.49%,156102,204277
J6H17,2017-02-15,0.008754,0.0087895,0.0087045,0.0087575,-0.0000065,-0.07%,143442,205053
J6H17,2017-02-16,0.008757,0.00885,0.008754,0.0088455,0.000088,+1.00%,136275,204872
J6H17,2017-02-17,0.0088325,0.0088855,0.0088155,0.0088595,0.000014,+0.16%,117661,202935
J6H17,2017-02-21,0.0088595,0.008871,0.0087935,0.0088095,-0.00005,-0.56%,132447,205223
J6H17,2017-02-22,0.0088,0.008862,0.0087965,0.0088445,0.000035,+0.40%,143610,205590
J6H17,2017-02-23,0.0088275,0.008889,0.0088175,0.008873,0.0000285,+0.32%,120035,208458
J6H17,2017-02-24,0.008875,0.0089375,0.0088565,0.008934,0.000061,+0.69%,132939,209586
J6H17,2017-02-27,0.008913,0.008939,0.008865,0.0088675,-0.0000665,-0.74%,130331,206425
J6H17,2017-02-28,0.008873,0.0089565,0.00886,0.008916,0.0000485,+0.55%,191240,204602
J6H17,2017-03-01,0.008866,0.0088705,0.0087685,0.008798,-0.000118,-1.32%,245168,210557
J6H17,2017-03-02,0.008793,0.008796,0.008727,0.008734,-0.000064,-0.73%,149001,219663
J6H17,2017-03-03,0.008743,0.008788,0.0087155,0.008764,0.00003,+0.34%,186509,219445
J6H17,2017-03-06,0.0087665,0.008807,0.0087635,0.008779,0.000015,+0.17%,163904,222276
J6H17,2017-03-07,0.008776,0.0087935,0.0087605,0.00877,-0.000009,-0.10%,207865,217982
J6H17,2017-03-08,0.0087715,0.008803,0.0087135,0.0087405,-0.0000295,-0.34%,369767,236133
J6M17,2017-03-09,0.008775,0.0087825,0.0087295,0.0087435,0.000003,+0.03%,255928,256120
J6M17,2017-03-10,0.008725,0.0087595,0.0086945,0.0087465,0.000003,+0.03%,236540,268598
J6M17,2017-03-13,0.00875,0.0087715,0.008738,0.0087505,0.000004,+0.05%,82292,202397
J6M17,2017-03-14,0.008742,0.0087695,0.0087175,0.008754,0.0000035,+0.04%,99046,202647
J6M17,2017-03-15,0.008754,0.008875,0.0087415,0.0088525,0.0000985,+1.13%,167793,198369
J6M17,2017-03-16,0.008851,0.008894,0.008843,0.008865,0.0000125,+0.14%,147556,197615
J6M17,2017-03-17,0.008864,0.00892,0.0088465,0.0089105,0.0000455,+0.51%,104227,194930
J6M17,2017-03-20,0.008912,0.0089285,0.008893,0.008918,0.0000075,+0.08%,78631,192691
J6M17,2017-03-21,0.008923,0.0089995,0.008894,0.008969,0.000051,+0.57%,195341,191626
J6M17,2017-03-22,0.008981,0.009064,0.008979,0.009049,0.00008,+0.89%,247166,194055
J6M17,2017-03-23,0.009023,0.0090695,0.008995,0.009034,-0.000015,-0.17%,210724,192683
J6M17,2017-03-24,0.0090395,0.0090715,0.0090005,0.009058,0.000024,+0.27%,161399,196546
J6M17,2017-03-27,0.0090435,0.009113,0.0090395,0.009075,0.000017,+0.19%,140099,195607
J6M17,2017-03-28,0.009068,0.0091065,0.009023,0.009033,-0.000042,-0.46%,144160,197542
J6M17,2017-03-29,0.009033,0.0090625,0.009013,0.009035,0.000002,+0.02%,143280,199477
J6M17,2017-03-30,0.009034,0.009041,0.008959,0.0089875,-0.0000475,-0.53%,158462,197586
J6M17,2017-03-31,0.008965,0.009015,0.008938,0.0090115,0.000024,+0.27%,146742,194857
J6M17,2017-04-03,0.0090015,0.009047,0.0089875,0.0090375,0.000026,+0.29%,134388,195481
J6M17,2017-04-04,0.0090435,0.0090935,0.009043,0.0090625,0.000025,+0.28%,142036,194368
J6M17,2017-04-05,0.009057,0.009071,0.0089955,0.0090405,-0.000022,-0.24%,183993,193550
J6M17,2017-04-06,0.009071,0.0090905,0.009021,0.0090535,0.000013,+0.14%,158384,193255
J6M17,2017-04-07,0.009046,0.009105,0.0090035,0.009021,-0.0000325,-0.36%,246180,193770
J6M17,2017-04-10,0.0090245,0.009049,0.0089855,0.0090365,0.0000155,+0.17%,124516,192604
J6M17,2017-04-11,0.009045,0.009148,0.009042,0.0091405,0.000104,+1.15%,183921,198381
J6M17,2017-04-12,0.0091505,0.009202,0.0091255,0.0091365,-0.000004,-0.04%,193244,198022
J6M17,2017-04-13,0.009199,0.0092205,0.0091645,0.00919,0.0000535,+0.59%,148984,200923
J6M17,2017-04-17,0.009219,0.009271,0.009193,0.009215,0.000025,+0.27%,116406,198819
J6M17,2017-04-18,0.0091975,0.0092545,0.0091785,0.0092465,0.0000315,+0.34%,158032,203617
J6M17,2017-04-19,0.009245,0.0092485,0.0091805,0.009221,-0.0000255,-0.28%,117754,201718
J6M17,2017-04-20,0.009207,0.009218,0.009153,0.0091675,-0.0000535,-0.58%,149983,204660
J6M17,2017-04-21,0.009168,0.0092045,0.009158,0.0091765,0.000009,+0.10%,110891,206433
J6M17,2017-04-24,0.00909,0.0091385,0.009075,0.00913,-0.0000465,-0.51%,163986,205933
J6M17,2017-04-25,0.009128,0.009144,0.009012,0.0090205,-0.0001095,-1.20%,166199,204179
J6M17,2017-04-26,0.009023,0.009037,0.0089635,0.008996,-0.0000245,-0.27%,219107,201303
J6M17,2017-04-27,0.009016,0.009023,0.008977,0.009007,0.000011,+0.12%,135433,200314
J6M17,2017-04-28,0.009003,0.0090195,0.008968,0.008994,-0.000013,-0.14%,135912,200588
J6M17,2017-05-01,0.008991,0.009007,0.0089485,0.008957,-0.000037,-0.41%,93761,200478
J6M17,2017-05-02,0.008957,0.0089605,0.008918,0.008943,-0.000014,-0.16%,116433,196845
J6M17,2017-05-03,0.008942,0.008946,0.008881,0.008894,-0.000049,-0.55%,122143,196399
J6M17,2017-05-04,0.0088875,0.0089175,0.0088595,0.0089085,0.0000145,+0.16%,146296,201895
J6M17,2017-05-05,0.008903,0.0089355,0.0088785,0.008893,-0.0000155,-0.17%,135646,194560
J6M17,2017-05-08,0.0088735,0.00891,0.0088385,0.008859,-0.000034,-0.38%,139564,199149
J6M17,2017-05-09,0.00884,0.008851,0.0087585,0.008763,-0.000096,-1.08%,157005,203140
J6M17,2017-05-10,0.008786,0.0088125,0.008755,0.0087575,-0.0000055,-0.06%,144228,205352
J6M17,2017-05-11,0.008763,0.008825,0.0087545,0.008793,0.0000355,+0.41%,152522,210915
J6M17,2017-05-12,0.0087975,0.0088455,0.0087865,0.0088275,0.0000345,+0.39%,147861,214221
J6M17,2017-05-15,0.0088425,0.008845,0.008794,0.008808,-0.0000195,-0.22%,123580,222458
J6M17,2017-05-16,0.0088115,0.0088655,0.0088,0.008858,0.00005,+0.57%,151701,222510
J6M17,2017-05-17,0.0088515,0.0090365,0.0088505,0.00901,0.000152,+1.72%,259178,221988
J6M17,2017-05-18,0.0090435,0.009082,0.008959,0.0089845,-0.0000255,-0.28%,316588,214799
J6M17,2017-05-19,0.0089735,0.0090155,0.008962,0.008987,0.0000025,+0.03%,163235,212450
J6M17,2017-05-22,0.0090025,0.0090235,0.0089685,0.009002,0.000015,+0.17%,118959,210040
J6M17,2017-05-23,0.0089925,0.009029,0.008948,0.0089575,-0.0000445,-0.49%,165686,211298
J6M17,2017-05-24,0.0089505,0.0089785,0.008926,0.0089555,-0.000002,-0.02%,148945,213532
J6M17,2017-05-25,0.0089685,0.008974,0.0089385,0.0089515,-0.000004,-0.04%,112501,216300
J6M17,2017-05-26,0.008949,0.0090255,0.008947,0.008987,0.0000355,+0.40%,127955,214129
J6M17,2017-05-30,0.008994,0.009043,0.0089775,0.0090315,0.0000445,+0.50%,166527,213727
J6M17,2017-05-31,0.0090265,0.009057,0.0089965,0.009052,0.0000205,+0.23%,145270,212603
J6M17,2017-06-01,0.0090285,0.0090375,0.0089745,0.0089895,-0.0000625,-0.69%,136921,213208
J6M17,2017-06-02,0.008985,0.0090685,0.008956,0.0090565,0.000067,+0.75%,182831,213881
J6M17,2017-06-05,0.00906,0.0090695,0.009035,0.0090565,0,0.00%,90438,211241
J6M17,2017-06-06,0.0090535,0.0091595,0.009052,0.0091325,0.000076,+0.84%,221699,225549
J6M17,2017-06-07,0.009149,0.0091685,0.009104,0.009108,-0.0000245,-0.27%,160835,223273
J6M17,2017-06-08,0.009109,0.009145,0.0090615,0.0090995,-0.0000085,-0.09%,173791,222326
J6M17,2017-06-09,0.009102,0.0091085,0.0090265,0.009079,-0.0000205,-0.23%,209314,212720
J6M17,2017-06-12,0.009058,0.009124,0.0090565,0.00911,0.000031,+0.34%,140746,212480
J6M17,2017-06-13,0.009099,0.0091075,0.0090705,0.009096,-0.000014,-0.15%,151051,210617
J6M17,2017-06-14,0.009087,0.009192,0.009064,0.0091285,0.0000325,+0.36%,436513,224574
J6M17,2017-06-15,0.00912,0.009152,0.0090115,0.009021,-0.0001075,-1.18%,299470,216884
J6U17,2017-06-16,0.0090585,0.0090755,0.0090115,0.009059,0.000038,+0.42%,193108,222238
J6U17,2017-06-19,0.009062,0.0090635,0.0089955,0.0090015,-0.0000575,-0.63%,101788,171155
J6U17,2017-06-20,0.009,0.0090195,0.0089815,0.0090125,0.000011,+0.12%,121476,171840
J6U17,2017-06-21,0.0090065,0.009038,0.0089835,0.009018,0.0000055,+0.06%,113315,172466
J6U17,2017-06-22,0.0090095,0.0090475,0.009006,0.0090145,-0.0000035,-0.04%,109821,172535
J6U17,2017-06-23,0.009018,0.0090305,0.009008,0.0090215,0.000007,+0.08%,77528,171586
J6U17,2017-06-26,0.00902,0.0090265,0.008966,0.008971,-0.0000505,-0.56%,124279,178850
J6U17,2017-06-27,0.008972,0.0090045,0.008924,0.0089495,-0.0000215,-0.24%,174005,183705
J6U17,2017-06-28,0.008939,0.0089735,0.0089265,0.0089385,-0.000011,-0.12%,175401,183470
J6U17,2017-06-29,0.008934,0.0089735,0.008884,0.0089525,0.000014,+0.16%,204819,189577
J6U17,2017-06-30,0.008945,0.008979,0.008908,0.00891,-0.0000425,-0.47%,164011,195361
J6U17,2017-07-03,0.0089385,0.0089415,0.0088405,0.008845,-0.000065,-0.73%,125051,207597
J6U17,2017-07-05,0.0088465,0.0088975,0.0088235,0.00885,0.000005,+0.06%,207822,218058
J6U17,2017-07-06,0.0088605,0.008885,0.00884,0.008856,0.000006,+0.07%,142065,222722
J6U17,2017-07-07,0.008863,0.0088675,0.008784,0.008799,-0.000057,-0.64%,183614,229806
J6U17,2017-07-10,0.0087935,0.0088045,0.0087745,0.0087945,-0.0000045,-0.05%,101598,232273
J6U17,2017-07-11,0.008794,0.0088205,0.0087605,0.008811,0.0000165,+0.19%,149343,239786
J6U17,2017-07-12,0.008801,0.0088815,0.0088,0.008854,0.000043,+0.49%,151617,244174
J6U17,2017-07-13,0.0088575,0.008884,0.008832,0.0088545,0.0000005,+0.01%,124885,254704
J6U17,2017-07-14,0.008852,0.0089325,0.008827,0.0089085,0.000054,+0.61%,140599,251225
J6U17,2017-07-17,0.008912,0.008927,0.0088835,0.008904,-0.0000045,-0.05%,85941,252974
J6U17,2017-07-18,0.0089025,0.0089785,0.0089005,0.008956,0.000052,+0.58%,157282,250071
J6U17,2017-07-19,0.00895,0.008988,0.0089345,0.0089695,0.0000135,+0.15%,112770,249344
J6U17,2017-07-20,0.008959,0.008993,0.008917,0.0089525,-0.000017,-0.19%,171504,250073
J6U17,2017-07-21,0.008961,0.00903,0.008944,0.0090275,0.000075,+0.84%,130263,243808
J6U17,2017-07-24,0.00902,0.0090615,0.0090045,0.009022,-0.0000055,-0.06%,118609,237430
J6U17,2017-07-25,0.009017,0.009044,0.008953,0.008958,-0.000064,-0.71%,139641,235140
J6U17,2017-07-26,0.0089585,0.009025,0.008933,0.009004,0.000046,+0.51%,148180,234483
J6U17,2017-07-27,0.009018,0.0090465,0.0089705,0.009021,0.000017,+0.19%,166585,235681
J6U17,2017-07-28,0.0090035,0.0090655,0.0090025,0.0090605,0.0000395,+0.44%,146246,239912
J6U17,2017-07-31,0.009057,0.0090925,0.009047,0.009091,0.0000305,+0.34%,116156,241145
J6U17,2017-08-01,0.0090895,0.009116,0.0090605,0.009085,-0.000006,-0.07%,147803,242876
J6U17,2017-08-02,0.009077,0.0090855,0.009028,0.0090615,-0.0000235,-0.26%,138578,242225
J6U17,2017-08-03,0.009046,0.00912,0.0090395,0.0091045,0.000043,+0.47%,141803,242559
J6U17,2017-08-04,0.009109,0.0091205,0.009021,0.009049,-0.0000555,-0.61%,146182,234526
J6U17,2017-08-07,0.009047,0.009054,0.0090315,0.0090465,-0.0000025,-0.03%,70845,234053
J6U17,2017-08-08,0.0090425,0.0090865,0.009038,0.0090715,0.000025,+0.28%,133155,232827
J6U17,2017-08-09,0.009078,0.0091425,0.009078,0.0091195,0.000048,+0.53%,189807,227314
J6U17,2017-08-10,0.009109,0.009178,0.0090905,0.0091655,0.000046,+0.50%,173185,224878
J6U17,2017-08-11,0.009175,0.0092125,0.0091545,0.0091895,0.000024,+0.26%,159396,221790
J6U17,2017-08-14,0.009179,0.00918,0.009121,0.009137,-0.0000525,-0.57%,115393,220181
J6U17,2017-08-15,0.009138,0.009138,0.0090345,0.009057,-0.00008,-0.88%,133736,215090
J6U17,2017-08-16,0.009055,0.009102,0.009026,0.0090905,0.0000335,+0.37%,133889,215565
J6U17,2017-08-17,0.0090945,0.009149,0.009072,0.009129,0.0000385,+0.42%,173245,213968
J6U17,2017-08-18,0.0091475,0.0092195,0.0091355,0.0091655,0.0000365,+0.40%,215562,214967
J6U17,2017-08-21,0.009162,0.009216,0.00915,0.009198,0.0000325,+0.35%,130143,217462
J6U17,2017-08-22,0.009188,0.009194,0.0091295,0.0091415,-0.0000565,-0.61%,120248,215457
J6U17,2017-08-23,0.0091355,0.0091915,0.009115,0.0091835,0.000042,+0.46%,133231,217349
J6U17,2017-08-24,0.009186,0.009196,0.009132,0.009141,-0.0000425,-0.46%,124261,214911
J6U17,2017-08-25,0.009135,0.0091735,0.009112,0.0091615,0.0000205,+0.22%,143754,214906
J6U17,2017-08-28,0.009159,0.0091805,0.0091475,0.009175,0.0000135,+0.15%,93791,215853
J6U17,2017-08-29,0.009192,0.0092445,0.0091065,0.009123,-0.000052,-0.57%,257055,209890
J6U17,2017-08-30,0.009126,0.009136,0.0090615,0.009069,-0.000054,-0.59%,159859,205652
J6U17,2017-08-31,0.009075,0.009107,0.009041,0.0090985,0.0000295,+0.33%,163523,206474
J6U17,2017-09-01,0.0091,0.0091335,0.009055,0.0090765,-0.000022,-0.24%,162145,203745
J6U17,2017-09-05,0.009119,0.0092115,0.009102,0.0092095,0.000133,+1.47%,288303,213200
J6U17,2017-09-06,0.009203,0.0092255,0.009145,0.0091515,-0.000058,-0.63%,210855,206758
J6U17,2017-09-07,0.0091585,0.00926,0.009156,0.0092055,0.000054,+0.59%,238301,212618
J6U17,2017-09-08,0.0092275,0.0093215,0.009221,0.009279,0.0000735,+0.80%,297125,212581
J6U17,2017-09-11,0.009243,0.009248,0.009134,0.009148,-0.000131,-1.41%,218067,204198
J6U17,2017-09-12,0.009145,0.009156,0.0090715,0.0090845,-0.0000635,-0.69%,303319,200444
J6U17,2017-09-13,0.009081,0.009101,0.009036,0.0090375,-0.000047,-0.52%,363737,234092
J6U17,2017-09-14,0.009052,0.009086,0.009006,0.009046,0.0000085,+0.09%,328054,249455
J6Z17,2017-09-15,0.009109,0.0091655,0.0090185,0.0090565,0.0000105,+0.12%,287213,230882
J6Z17,2017-09-18,0.009034,0.009046,0.008992,0.009009,-0.0000475,-0.52%,128205,183549
J6Z17,2017-09-19,0.0089985,0.00903,0.0089745,0.0090065,-0.0000025,-0.03%,166680,185352
J6Z17,2017-09-20,0.008998,0.009038,0.0089215,0.0089375,-0.000069,-0.77%,194166,189241
J6Z17,2017-09-21,0.00894,0.0089525,0.0089055,0.008917,-0.0000205,-0.23%,197487,197880
J6Z17,2017-09-22,0.0089275,0.0089905,0.0089185,0.0089585,0.0000415,+0.47%,172579,204397
J6Z17,2017-09-25,0.00895,0.0090065,0.008921,0.0089955,0.000037,+0.41%,203488,203551
J6Z17,2017-09-26,0.0089855,0.009004,0.008925,0.0089505,-0.000045,-0.50%,189287,207097
J6Z17,2017-09-27,0.008945,0.008945,0.008863,0.0089045,-0.000046,-0.51%,257708,216647
J6Z17,2017-09-28,0.008897,0.00894,0.0088645,0.0089275,0.000023,+0.26%,196400,223151
J6Z17,2017-09-29,0.008933,0.008943,0.0089005,0.00892,-0.0000075,-0.08%,205306,234194
J6Z17,2017-10-02,0.008916,0.008918,0.0088755,0.0089075,-0.0000125,-0.14%,158287,237689
J6Z17,2017-10-03,0.008901,0.0089065,0.0088635,0.008885,-0.0000225,-0.25%,150316,246889
J6Z17,2017-10-04,0.008886,0.008932,0.008883,0.008898,0.000013,+0.15%,156346,247643
J6Z17,2017-10-05,0.008894,0.008924,0.0088825,0.008889,-0.000009,-0.10%,141274,250976
J6Z17,2017-10-06,0.0088935,0.008908,0.008828,0.0088995,0.0000105,+0.12%,199353,246782
J6Z17,2017-10-09,0.008906,0.00893,0.0088965,0.0089015,0.000002,+0.02%,64566,250731
J6Z17,2017-10-10,0.008903,0.0089565,0.00889,0.008926,0.0000245,+0.28%,152185,254124
J6Z17,2017-10-11,0.008925,0.008949,0.008905,0.008922,-0.000004,-0.04%,134728,256302
J6Z17,2017-10-12,0.0089155,0.008944,0.008912,0.008936,0.000014,+0.16%,119798,258505
J6Z17,2017-10-13,0.008932,0.0089785,0.008928,0.0089625,0.0000265,+0.30%,161016,257031
J6Z17,2017-10-16,0.008965,0.00898,0.008929,0.0089365,-0.000026,-0.29%,124514,257360
J6Z17,2017-10-17,0.008939,0.008949,0.008913,0.0089375,0.000001,+0.01%,127454,257087
J6Z17,2017-10-18,0.008935,0.0089405,0.0088675,0.0088805,-0.000057,-0.64%,159317,267084
J6Z17,2017-10-19,0.008874,0.008927,0.0088595,0.0088985,0.000018,+0.20%,193268,259060
J6Z17,2017-10-20,0.0089055,0.008909,0.008826,0.008831,-0.0000675,-0.76%,195707,274804
J6Z17,2017-10-23,0.008809,0.0088515,0.0087845,0.008814,-0.000017,-0.19%,161632,274537
J6Z17,2017-10-24,0.008834,0.008852,0.00879,0.008826,0.000012,+0.14%,175424,282230
J6Z17,2017-10-25,0.008799,0.0088325,0.008768,0.0088135,-0.0000125,-0.14%,207443,280570
J6Z17,2017-10-26,0.0088145,0.0088415,0.0087845,0.0087925,-0.000021,-0.24%,172855,282483
J6Z17,2017-10-27,0.0087895,0.00882,0.0087555,0.0088065,0.000014,+0.16%,190985,277503
J6Z17,2017-10-30,0.0088145,0.0088665,0.008803,0.008855,0.0000485,+0.55%,146604,272677
J6Z17,2017-10-31,0.008856,0.008871,0.0088095,0.0088135,-0.0000415,-0.47%,131696,277706
J6Z17,2017-11-01,0.008815,0.0088195,0.0087665,0.0087705,-0.000043,-0.49%,159238,278494
J6Z17,2017-11-02,0.008777,0.0088235,0.0087705,0.0087875,0.000017,+0.19%,170291,279859
J6Z17,2017-11-03,0.008782,0.00882,0.008754,0.008774,-0.0000135,-0.15%,138870,286477
J6Z17,2017-11-06,0.008777,0.008812,0.0087305,0.0088045,0.0000305,+0.35%,148831,286401
J6Z17,2017-11-07,0.0088045,0.008809,0.00876,0.008797,-0.0000075,-0.09%,137983,287936
J6Z17,2017-11-08,0.0087985,0.008833,0.008792,0.008803,0.000006,+0.07%,134921,287706
J6Z17,2017-11-09,0.0087965,0.0088555,0.00878,0.0088475,0.0000445,+0.51%,234232,280912
J6Z17,2017-11-10,0.0088275,0.0088455,0.0088125,0.0088165,-0.000031,-0.35%,153730,285618
J6Z17,2017-11-13,0.008817,0.008843,0.008806,0.0088185,0.000002,+0.02%,126537,283128
J6Z17,2017-11-14,0.008814,0.0088375,0.0087905,0.00883,0.0000115,+0.13%,150383,283628
J6Z17,2017-11-15,0.008826,0.008903,0.0088225,0.0088695,0.0000395,+0.45%,229443,279502
J6Z17,2017-11-16,0.008871,0.0088815,0.008834,0.008861,-0.0000085,-0.10%,144351,274277
J6Z17,2017-11-17,0.008852,0.008944,0.008849,0.0089285,0.0000675,+0.76%,196518,273384
J6Z17,2017-11-20,0.008926,0.0089485,0.008881,0.0088845,-0.000044,-0.49%,166176,264486
J6Z17,2017-11-21,0.008892,0.0089245,0.008882,0.008902,0.0000175,+0.20%,127320,261019
J6Z17,2017-11-22,0.008899,0.009007,0.008899,0.0090045,0.0001025,+1.15%,182309,256822
J6Z17,2017-11-24,0.0090005,0.0090125,0.008968,0.00897,-0.0000345,-0.38%,143044,250887
J6Z17,2017-11-27,0.008969,0.0090295,0.008961,0.0090155,0.0000455,+0.51%,165037,250927
J6Z17,2017-11-28,0.0090115,0.0090225,0.008965,0.008969,-0.0000465,-0.52%,190574,244536
J6Z17,2017-11-29,0.008977,0.0089855,0.0089235,0.0089505,-0.0000185,-0.21%,187197,239164
J6Z17,2017-11-30,0.0089355,0.0089555,0.008883,0.008892,-0.0000585,-0.65%,209265,238625
J6Z17,2017-12-01,0.00888,0.008982,0.0088645,0.00893,0.000038,+0.43%,361263,239268
J6Z17,2017-12-04,0.008878,0.008905,0.0088475,0.008884,-0.000046,-0.52%,151097,236240
J6Z17,2017-12-05,0.008895,0.008903,0.008864,0.008885,0.000001,+0.01%,148329,238077
J6Z17,2017-12-06,0.0088855,0.008934,0.0088835,0.0089085,0.0000235,+0.26%,171873,238750
J6Z17,2017-12-07,0.008911,0.0089145,0.0088405,0.0088425,-0.000066,-0.74%,131415,233650
J6Z17,2017-12-08,0.008847,0.008847,0.0088065,0.0088125,-0.00003,-0.34%,198568,236914
J6Z17,2017-12-11,0.0088075,0.0088335,0.008798,0.008812,-0.0000005,-0.01%,182327,248714
J6Z17,2017-12-12,0.008809,0.008823,0.008793,0.008806,-0.000006,-0.07%,209043,250581
J6Z17,2017-12-13,0.008808,0.0088945,0.0088065,0.00889,0.000084,+0.95%,369011,269184
J6H18,2017-12-14,0.008927,0.0089735,0.008908,0.0089635,0.0000735,+0.83%,253986,280173
J6H18,2017-12-15,0.008949,0.0089775,0.0089235,0.008933,-0.0000305,-0.34%,213628,272500
J6H18,2017-12-18,0.00893,0.008957,0.008916,0.0089355,0.0000025,+0.03%,83947,217413
J6H18,2017-12-19,0.0089365,0.0089375,0.008891,0.008902,-0.0000335,-0.37%,101789,223424
J6H18,2017-12-20,0.0089095,0.0089095,0.008859,0.008863,-0.000039,-0.44%,114477,232600
J6H18,2017-12-21,0.008869,0.00888,0.008847,0.0088705,0.0000075,+0.08%,84545,234940
J6H18,2017-12-22,0.008871,0.0088825,0.0088645,0.008881,0.0000105,+0.12%,71459,233172
J6H18,2017-12-26,0.008879,0.0088985,0.0088735,0.0088915,0.0000105,+0.12%,34730,232428
J6H18,2017-12-27,0.008887,0.008895,0.008869,0.008878,-0.0000135,-0.15%,86611,235504
J6H18,2017-12-28,0.008871,0.0089105,0.008862,0.008894,0.000016,+0.18%,79599,233469
J6H18,2017-12-29,0.008892,0.0089245,0.0088845,0.008914,0.00002,+0.22%,81648,232073
J6H18,2018-01-02,0.0089095,0.0089575,0.0088985,0.0089405,0.0000265,+0.30%,97521,230564
J6H18,2018-01-03,0.008943,0.0089475,0.008913,0.008919,-0.0000215,-0.24%,94449,228743
J6H18,2018-01-04,0.008917,0.0089205,0.008891,0.0089,-0.000019,-0.21%,116125,233234
J6H18,2018-01-05,0.008897,0.008902,0.008854,0.0088685,-0.0000315,-0.35%,137237,240984
J6H18,2018-01-08,0.0088705,0.008889,0.0088495,0.008874,0.0000055,+0.06%,82011,242258
J6H18,2018-01-09,0.008867,0.0089305,0.008865,0.0089085,0.0000345,+0.39%,177589,233144
J6H18,2018-01-10,0.0089105,0.009018,0.0088965,0.009012,0.0001035,+1.16%,254241,240716
J6H18,2018-01-11,0.009007,0.009036,0.0089685,0.009033,0.000021,+0.23%,186546,242954
J6H18,2018-01-12,0.009019,0.0090455,0.008982,0.0090345,0.0000015,+0.02%,198747,233683
J6H18,2018-01-16,0.0090305,0.0091,0.0090235,0.0090955,0.000061,+0.68%,247901,236305
J6H18,2018-01-17,0.0090845,0.0091035,0.009009,0.009029,-0.0000665,-0.73%,161880,234581
J6H18,2018-01-18,0.0090095,0.0090615,0.0089975,0.009037,0.000008,+0.09%,155121,235217
J6H18,2018-01-19,0.009031,0.0090775,0.009025,0.009069,0.000032,+0.35%,123888,239131
J6H18,2018-01-22,0.0090655,0.0090715,0.009017,0.009036,-0.000033,-0.36%,98495,236803
J6H18,2018-01-23,0.009039,0.009097,0.0090205,0.0090905,0.0000545,+0.60%,156729,241136
J6H18,2018-01-24,0.009094,0.0092035,0.0090895,0.009196,0.0001055,+1.16%,215027,247995
J6H18,2018-01-25,0.0091875,0.0092415,0.0091395,0.009164,-0.000032,-0.35%,254770,254905
J6H18,2018-01-26,0.009147,0.00926,0.009134,0.0092265,0.0000625,+0.68%,237988,256493
J6H18,2018-01-29,0.009228,0.00924,0.009182,0.0092035,-0.000023,-0.25%,144799,256872
J6H18,2018-01-30,0.0092,0.009248,0.0091805,0.0092175,0.000014,+0.15%,165846,260237
J6H18,2018-01-31,0.009217,0.009232,0.00916,0.009189,-0.0000285,-0.31%,165568,259237
J6H18,2018-02-01,0.009181,0.009189,0.0091335,0.009162,-0.000027,-0.29%,164699,263806
J6H18,2018-02-02,0.009159,0.009173,0.009073,0.0090915,-0.0000705,-0.77%,210384,260842
J6H18,2018-02-05,0.0090975,0.009197,0.0090875,0.009138,0.0000465,+0.51%,222087,261119
J6H18,2018-02-06,0.0091855,0.0092415,0.0091405,0.009167,0.000029,+0.32%,404925,249478
J6H18,2018-02-07,0.009137,0.009202,0.0091355,0.009161,-0.000006,-0.07%,192747,248679
J6H18,2018-02-08,0.009162,0.009229,0.0091265,0.0092045,0.0000435,+0.47%,231581,254275
J6H18,2018-02-09,0.0092125,0.009275,0.0091665,0.0092305,0.000026,+0.28%,283441,254062
J6H18,2018-02-12,0.0092055,0.009241,0.0092015,0.0092205,-0.00001,-0.11%,108434,254576
J6H18,2018-02-13,0.0092185,0.009329,0.0092115,0.0093035,0.000083,+0.90%,177852,260170
J6H18,2018-02-14,0.0092915,0.0093885,0.009285,0.0093565,0.000053,+0.57%,241165,261845
J6H18,2018-02-15,0.009367,0.0094465,0.009365,0.009427,0.0000705,+0.75%,181744,266358
J6H18,2018-02-16,0.009438,0.0094905,0.0094135,0.0094215,-0.0000055,-0.06%,153342,267172
J6H18,2018-02-20,0.009424,0.0094405,0.009327,0.0093365,-0.000085,-0.90%,168708,271271
J6H18,2018-02-21,0.0093335,0.0093345,0.0092815,0.009292,-0.0000445,-0.48%,132948,271875
J6H18,2018-02-22,0.009294,0.0093935,0.0092915,0.00939,0.000098,+1.05%,140716,265972
J6H18,2018-02-23,0.0093785,0.0094005,0.009346,0.009381,-0.000009,-0.10%,92190,265458
J6H18,2018-02-26,0.0093545,0.009412,0.0093475,0.009365,-0.000016,-0.17%,103454,263995
J6H18,2018-02-27,0.009357,0.0093755,0.0092975,0.009321,-0.000044,-0.47%,119801,263066
J6H18,2018-02-28,0.009327,0.0093945,0.00931,0.009386,0.000065,+0.70%,127637,266066
J6H18,2018-03-01,0.009386,0.0094285,0.0093365,0.00942,0.000034,+0.36%,191648,270043
J6H18,2018-03-02,0.00943,0.00951,0.0094145,0.009482,0.000062,+0.66%,201611,278435
J6H18,2018-03-05,0.009477,0.0095,0.00942,0.0094225,-0.0000595,-0.63%,114494,278044
J6H18,2018-03-06,0.009421,0.009454,0.009399,0.009421,-0.0000015,-0.02%,137581,277327
J6H18,2018-03-07,0.009468,0.0094895,0.0094205,0.009435,0.000014,+0.15%,159399,278970
J6H18,2018-03-08,0.0094285,0.0094485,0.0094105,0.009418,-0.000017,-0.18%,102325,279687
J6H18,2018-03-09,0.009414,0.0094155,0.0093455,0.009371,-0.000047,-0.50%,163110,276381
J6H18,2018-03-12,0.009371,0.009412,0.00935,0.009406,0.000035,+0.37%,200310,280849
J6H18,2018-03-13,0.009397,0.0094155,0.0093225,0.009384,-0.000022,-0.23%,196619,279671
J6H18,2018-03-14,0.009396,0.009431,0.0093705,0.009414,0.00003,+0.32%,261473,293406
J6H18,2018-03-15,0.0094065,0.0094545,0.009399,0.009413,-0.000001,-0.01%,228786,305802
J6M18,2018-03-16,0.0094675,0.0095305,0.009463,0.0094865,0.0000735,+0.78%,201076,318081
J6M18,2018-03-19,0.009489,0.009522,0.0094645,0.0094975,0.000011,+0.12%,127553,163352
J6M18,2018-03-20,0.009491,0.0094985,0.0094375,0.009452,-0.0000455,-0.48%,121518,160250
J6M18,2018-03-21,0.0094465,0.0095025,0.0094335,0.00948,0.000028,+0.30%,122577,161684
J6M18,2018-03-22,0.009484,0.0095555,0.009482,0.009524,0.000044,+0.46%,208862,173017
J6M18,2018-03-23,0.0095495,0.0096135,0.009548,0.0095955,0.0000715,+0.75%,206315,176242
J6M18,2018-03-26,0.00961,0.0096145,0.009534,0.0095575,-0.000038,-0.40%,141432,171467
J6M18,2018-03-27,0.009536,0.0095455,0.009494,0.0095275,-0.00003,-0.31%,141260,162038
J6M18,2018-03-28,0.009542,0.009542,0.009393,0.0094055,-0.000122,-1.28%,210053,152073
J6M18,2018-03-29,0.009408,0.009457,0.0093975,0.0094435,0.000038,+0.40%,134529,148671
J6M18,2018-04-02,0.009454,0.009511,0.0094395,0.0094935,0.00005,+0.53%,96673,151367
J6M18,2018-04-03,0.009492,0.0095065,0.0094205,0.0094275,-0.000066,-0.70%,142101,148818
J6M18,2018-04-04,0.009429,0.009481,0.0094045,0.0094145,-0.000013,-0.14%,153071,151721
J6M18,2018-04-05,0.0094125,0.009414,0.009345,0.00935,-0.0000645,-0.69%,135291,156019
J6M18,2018-04-06,0.00935,0.0094075,0.0093475,0.009401,0.000051,+0.55%,187925,151936
J6M18,2018-04-09,0.009396,0.00942,0.009369,0.0094055,0.0000045,+0.05%,109050,150357
J6M18,2018-04-10,0.009408,0.0094205,0.0093505,0.0093715,-0.000034,-0.36%,148466,151202
J6M18,2018-04-11,0.009371,0.009416,0.009365,0.009391,0.0000195,+0.21%,138360,150654
J6M18,2018-04-12,0.009403,0.0094105,0.009346,0.009365,-0.000026,-0.28%,136847,149813
J6M18,2018-04-13,0.009358,0.009365,0.009315,0.0093465,-0.0000185,-0.20%,120742,149001
J6M18,2018-04-16,0.009336,0.00938,0.00933,0.0093755,0.000029,+0.31%,99926,147741
J6M18,2018-04-17,0.009372,0.0093925,0.0093625,0.0093805,0.000005,+0.05%,84451,147319
J6M18,2018-04-18,0.009381,0.009381,0.0093465,0.0093575,-0.000023,-0.25%,90097,148626
J6M18,2018-04-19,0.009362,0.0093635,0.009334,0.009344,-0.0000135,-0.14%,109287,151393
J6M18,2018-04-20,0.009345,0.009346,0.009304,0.0093275,-0.0000165,-0.18%,117554,148963
J6M18,2018-04-23,0.0093125,0.009321,0.009227,0.0092375,-0.00009,-0.96%,129326,153600
J6M18,2018-04-24,0.009229,0.009244,0.009189,0.0092335,-0.000004,-0.04%,139551,155237
J6M18,2018-04-25,0.009221,0.009223,0.0091665,0.009176,-0.0000575,-0.62%,125035,157459
J6M18,2018-04-26,0.009163,0.0091975,0.0091605,0.0091735,-0.0000025,-0.03%,116935,156735
J6M18,2018-04-27,0.009177,0.0092095,0.009156,0.0092,0.0000265,+0.29%,134374,152955
J6M18,2018-04-30,0.009193,0.0092005,0.009164,0.009178,-0.000022,-0.24%,85665,156720
J6M18,2018-05-01,0.009175,0.00918,0.009125,0.009134,-0.000044,-0.48%,88676,160337
J6M18,2018-05-02,0.009126,0.0091485,0.0091115,0.009136,0.000002,+0.02%,122445,162077
J6M18,2018-05-03,0.009126,0.009204,0.0091245,0.009181,0.000045,+0.49%,150949,164067
J6M18,2018-05-04,0.009184,0.0092285,0.009175,0.0091885,0.0000075,+0.08%,116050,163522
J6M18,2018-05-07,0.009192,0.009219,0.009165,0.009194,0.0000055,+0.06%,82130,159523
J6M18,2018-05-08,0.0091915,0.009212,0.009168,0.009195,0.000001,+0.01%,115376,157576
J6M18,2018-05-09,0.00919,0.009197,0.009127,0.009138,-0.000057,-0.62%,114008,155611
J6M18,2018-05-10,0.0091315,0.009169,0.00911,0.009164,0.000026,+0.28%,133420,152970
J6M18,2018-05-11,0.009158,0.009182,0.0091465,0.00917,0.000006,+0.07%,90256,152591
J6M18,2018-05-14,0.0091655,0.0091765,0.009137,0.009138,-0.000032,-0.35%,84353,155274
J6M18,2018-05-15,0.0091365,0.009138,0.0090715,0.009079,-0.000059,-0.65%,142142,163411
J6M18,2018-05-16,0.00908,0.009106,0.0090755,0.0090875,0.0000085,+0.09%,122812,160902
J6M18,2018-05-17,0.009083,0.0091015,0.009036,0.0090455,-0.000042,-0.46%,150303,165081
J6M18,2018-05-18,0.009041,0.0090575,0.009018,0.009052,0.0000065,+0.07%,124047,164530
J6M18,2018-05-21,0.0090335,0.009039,0.008992,0.0090155,-0.0000365,-0.40%,123984,171268
J6M18,2018-05-22,0.009021,0.0090405,0.009009,0.0090235,0.000008,+0.09%,115426,175316
J6M18,2018-05-23,0.0090305,0.0091425,0.0090295,0.009099,0.0000755,+0.84%,272370,177439
J6M18,2018-05-24,0.009106,0.0091905,0.0091,0.009162,0.000063,+0.69%,212239,175252
J6M18,2018-05-25,0.0091675,0.009177,0.0091245,0.0091515,-0.0000105,-0.11%,161040,171046
J6M18,2018-05-29,0.009121,0.009261,0.009118,0.0092485,0.000097,+1.06%,340940,171339
J6M18,2018-05-30,0.0092185,0.0092395,0.0091785,0.009196,-0.0000525,-0.57%,206764,161032
J6M18,2018-05-31,0.0091925,0.009235,0.0091825,0.009215,0.000019,+0.21%,178216,158744
J6M18,2018-06-01,0.009201,0.009206,0.009121,0.0091395,-0.0000755,-0.82%,154953,151993
J6M18,2018-06-04,0.009141,0.0091505,0.009111,0.0091195,-0.00002,-0.22%,96497,149691
J6M18,2018-06-05,0.009112,0.0091415,0.0090975,0.009118,-0.0000015,-0.02%,118774,146448
J6M18,2018-06-06,0.009112,0.009114,0.0090755,0.009082,-0.000036,-0.39%,120344,145535
J6M18,2018-06-07,0.009083,0.0091395,0.0090775,0.009119,0.000037,+0.41%,141539,155647
J6M18,2018-06-08,0.00912,0.009162,0.009107,0.0091385,0.0000195,+0.21%,153233,158661
J6M18,2018-06-11,0.0091505,0.009153,0.009085,0.009093,-0.0000455,-0.50%,126349,165887
J6M18,2018-06-12,0.0090905,0.0090915,0.009053,0.0090665,-0.0000265,-0.29%,203266,166877
J6M18,2018-06-13,0.0090625,0.0090715,0.009024,0.0090495,-0.000017,-0.19%,212138,177627
J6M18,2018-06-14,0.00907,0.0090985,0.009035,0.009045,-0.0000045,-0.05%,206526,185374
J6U18,2018-06-15,0.0090955,0.009116,0.009073,0.0090985,0.0000535,+0.59%,196016,194051
J6U18,2018-06-18,0.0090905,0.009123,0.0090905,0.0091065,0.000008,+0.09%,77661,151468
J6U18,2018-06-19,0.0091,0.0091865,0.0091,0.009142,0.0000355,+0.39%,176209,154641
J6U18,2018-06-20,0.009144,0.00916,0.009109,0.0091145,-0.0000275,-0.30%,126406,154871
J6U18,2018-06-21,0.009114,0.009159,0.009082,0.009157,0.0000425,+0.47%,151087,153841
J6U18,2018-06-22,0.0091535,0.0091625,0.009127,0.009154,-0.000003,-0.03%,98838,153821
J6U18,2018-06-25,0.009156,0.009198,0.009141,0.0091915,0.0000375,+0.41%,151734,157311
J6U18,2018-06-26,0.009166,0.0091965,0.0091245,0.009133,-0.0000585,-0.64%,128877,153566
J6U18,2018-06-27,0.0091395,0.0091695,0.009101,0.009125,-0.000008,-0.09%,173652,156271
J6U18,2018-06-28,0.0091195,0.0091425,0.0090855,0.0090875,-0.0000375,-0.41%,125649,157645
J6U18,2018-06-29,0.009098,0.009108,0.0090605,0.0090675,-0.00002,-0.22%,153551,166067
J6U18,2018-07-02,0.0090675,0.0090875,0.0090485,0.009065,-0.0000025,-0.03%,115447,171468
J6U18,2018-07-03,0.0090625,0.009095,0.009044,0.0090915,0.0000265,+0.29%,117559,168360
J6U18,2018-07-05,0.009087,0.0091135,0.00907,0.0090785,-0.000013,-0.14%,147050,170362
J6U18,2018-07-06,0.0090775,0.0091025,0.0090685,0.009097,0.0000185,+0.20%,103126,163575
J6U18,2018-07-09,0.009098,0.009105,0.0090585,0.009066,-0.000031,-0.34%,85253,169059
J6U18,2018-07-10,0.0090615,0.009064,0.0090205,0.009025,-0.000041,-0.45%,112581,182066
J6U18,2018-07-11,0.009048,0.0090685,0.0089535,0.008962,-0.000063,-0.70%,184509,196509
J6U18,2018-07-12,0.00897,0.0089725,0.008915,0.008928,-0.000034,-0.38%,155189,204174
J6U18,2018-07-13,0.0089225,0.008942,0.0089015,0.0089385,0.0000105,+0.12%,121577,209282
J6U18,2018-07-16,0.008936,0.008946,0.0089195,0.0089425,0.000004,+0.04%,74083,213402
J6U18,2018-07-17,0.0089405,0.0089465,0.0088905,0.008898,-0.0000445,-0.50%,132795,215413
J6U18,2018-07-18,0.008893,0.0089075,0.008874,0.0088965,-0.0000015,-0.02%,108919,214360
J6U18,2018-07-19,0.008894,0.0089575,0.0088675,0.008925,0.0000285,+0.32%,179370,220375
J6U18,2018-07-20,0.008925,0.0090105,0.0089115,0.0089985,0.0000735,+0.82%,214832,220271
J6U18,2018-07-23,0.009005,0.0090615,0.0089975,0.0090025,0.000004,+0.04%,152489,212750
J6U18,2018-07-24,0.0090145,0.0090445,0.0089995,0.009024,0.0000215,+0.24%,119228,200427
J6U18,2018-07-25,0.0090245,0.0090695,0.0090095,0.0090535,0.0000295,+0.33%,147902,195826
J6U18,2018-07-26,0.0090475,0.009073,0.0090175,0.00902,-0.0000335,-0.37%,115394,193629
J6U18,2018-07-27,0.009018,0.009055,0.009017,0.009039,0.000019,+0.21%,99520,189890
J6U18,2018-07-30,0.0090385,0.0090465,0.009024,0.0090365,-0.0000025,-0.03%,77937,187863
J6U18,2018-07-31,0.009034,0.0090635,0.008959,0.00897,-0.0000665,-0.74%,211087,197566
J6U18,2018-08-01,0.0089705,0.0090045,0.0089435,0.008991,0.000021,+0.23%,133326,195055
J6U18,2018-08-02,0.008977,0.00901,0.0089745,0.008979,-0.000012,-0.13%,112367,189236
J6U18,2018-08-03,0.00898,0.0090265,0.0089625,0.009014,0.000035,+0.39%,105195,187198
J6U18,2018-08-06,0.009017,0.0090205,0.0089905,0.009001,-0.000013,-0.14%,70954,185993
J6U18,2018-08-07,0.009001,0.0090335,0.0089935,0.008999,-0.000002,-0.02%,87591,187902
J6U18,2018-08-08,0.009,0.009046,0.0089965,0.009035,0.000036,+0.40%,100243,190862
J6U18,2018-08-09,0.0090375,0.009055,0.009015,0.0090275,-0.0000075,-0.08%,84232,190219
J6U18,2018-08-10,0.0090215,0.0090705,0.009016,0.0090615,0.000034,+0.38%,193183,192355
J6U18,2018-08-13,0.009067,0.009103,0.0090345,0.009055,-0.0000065,-0.07%,160380,187724
J6U18,2018-08-14,0.009047,0.0090625,0.009003,0.009011,-0.000044,-0.49%,120513,185834
J6U18,2018-08-15,0.009011,0.0090745,0.008993,0.0090625,0.0000515,+0.57%,147382,188206
J6U18,2018-08-16,0.009051,0.009071,0.009016,0.0090365,-0.000026,-0.29%,129380,184403
J6U18,2018-08-17,0.009029,0.0090825,0.0090215,0.009059,0.0000225,+0.25%,110389,190315
J6U18,2018-08-20,0.009065,0.0091065,0.009051,0.0090895,0.0000305,+0.34%,94205,193408
J6U18,2018-08-21,0.009104,0.0091265,0.009061,0.009073,-0.0000165,-0.18%,104071,189698
J6U18,2018-08-22,0.009092,0.009104,0.009055,0.009059,-0.000014,-0.15%,107514,192998
J6U18,2018-08-23,0.009061,0.009062,0.0089955,0.0089985,-0.0000605,-0.67%,115090,193077
J6U18,2018-08-24,0.008998,0.009013,0.008982,0.0090045,0.000006,+0.07%,82466,189364
J6U18,2018-08-27,0.008995,0.0090265,0.0089925,0.0090125,0.000008,+0.09%,65075,186738
J6U18,2018-08-28,0.009017,0.009024,0.0089915,0.009002,-0.0000105,-0.12%,70596,185082
J6U18,2018-08-29,0.0090035,0.0090095,0.0089525,0.0089635,-0.0000385,-0.43%,108857,189670
J6U18,2018-08-30,0.00896,0.0090215,0.008956,0.0090145,0.000051,+0.57%,107356,186230
J6U18,2018-08-31,0.009018,0.0090435,0.009006,0.009017,0.0000025,+0.03%,111878,188021
J6U18,2018-09-04,0.00901,0.0090295,0.0089725,0.008978,-0.000039,-0.43%,148756,185347
J6U18,2018-09-05,0.008979,0.0089835,0.008954,0.008974,-0.000004,-0.04%,120208,189466
J6U18,2018-09-06,0.0089755,0.0090535,0.008971,0.0090265,0.0000525,+0.59%,137948,192135
J6U18,2018-09-07,0.009039,0.0090645,0.0089935,0.0090075,-0.000019,-0.21%,166440,184722
J6U18,2018-09-10,0.0090085,0.009025,0.0089925,0.0089955,-0.000012,-0.13%,107374,186978
J6U18,2018-09-11,0.009006,0.0090065,0.00896,0.0089645,-0.000031,-0.34%,157255,193428
J6U18,2018-09-12,0.008961,0.009003,0.008959,0.008993,0.0000285,+0.32%,257811,212097
J6Z18,2018-09-13,0.009048,0.009055,0.0089875,0.0089975,0.0000045,+0.05%,268507,219549
J6Z18,2018-09-14,0.008994,0.0090075,0.008973,0.0089855,-0.000012,-0.13%,167268,223468
J6Z18,2018-09-17,0.0089835,0.0090065,0.008977,0.008997,0.0000115,+0.13%,65511,187995
J6Z18,2018-09-18,0.0090005,0.0090135,0.0089545,0.0089565,-0.0000405,-0.45%,125461,200221
J6Z18,2018-09-19,0.0089575,0.0089735,0.00895,0.0089655,0.000009,+0.10%,86303,195705
J6Z18,2018-09-20,0.008964,0.0089805,0.0089365,0.0089465,-0.000019,-0.21%,112739,200377
J6Z18,2018-09-21,0.008946,0.008949,0.0089135,0.0089405,-0.000006,-0.07%,109578,201841
J6Z18,2018-09-24,0.00894,0.008949,0.0089165,0.0089265,-0.000014,-0.16%,76133,207968
J6Z18,2018-09-25,0.0089195,0.008924,0.0089045,0.0089085,-0.000018,-0.20%,86124,215376
J6Z18,2018-09-26,0.008907,0.008932,0.008892,0.008916,0.0000075,+0.08%,121614,223178
J6Z18,2018-09-27,0.0089235,0.008935,0.0088625,0.008867,-0.000049,-0.55%,139532,238449
J6Z18,2018-09-28,0.008867,0.008876,0.008842,0.008854,-0.000013,-0.15%,129552,233782
J6Z18,2018-10-01,0.008843,0.0088445,0.0088145,0.0088215,-0.0000325,-0.37%,107166,249557
J6Z18,2018-10-02,0.00882,0.0088555,0.0088175,0.008844,0.0000225,+0.26%,123175,252277
J6Z18,2018-10-03,0.008848,0.008856,0.008775,0.008792,-0.000052,-0.59%,126885,258250
J6Z18,2018-10-04,0.0087805,0.0088445,0.008774,0.008827,0.000035,+0.40%,163673,256113
J6Z18,2018-10-05,0.008825,0.0088495,0.008807,0.0088355,0.0000085,+0.10%,134351,257209
J6Z18,2018-10-08,0.0088345,0.008908,0.00882,0.0088935,0.000058,+0.66%,104423,256097
J6Z18,2018-10-09,0.008881,0.008904,0.0088625,0.0088905,-0.000003,-0.03%,135921,253374
J6Z18,2018-10-10,0.0088935,0.008953,0.0088705,0.0089255,0.000035,+0.39%,155159,247877
J6Z18,2018-10-11,0.0089495,0.008985,0.0089285,0.0089745,0.000049,+0.55%,283033,232492
J6Z18,2018-10-12,0.0089595,0.0089805,0.0089305,0.0089705,-0.000004,-0.04%,156004,223606
J6Z18,2018-10-15,0.0089585,0.0090005,0.0089515,0.008979,0.0000085,+0.09%,137261,218654
J6Z18,2018-10-16,0.008987,0.008991,0.0089415,0.008955,-0.000024,-0.27%,124872,211210
J6Z18,2018-10-17,0.008946,0.008967,0.008914,0.008929,-0.000026,-0.29%,129556,209620
J6Z18,2018-10-18,0.0089125,0.008973,0.008908,0.008951,0.000022,+0.25%,151899,208276
J6Z18,2018-10-19,0.0089505,0.008954,0.0089135,0.0089185,-0.0000325,-0.36%,140939,206788
J6Z18,2018-10-22,0.008924,0.008937,0.0088945,0.0089005,-0.000018,-0.20%,102603,207883
J6Z18,2018-10-23,0.008898,0.008968,0.0088975,0.0089265,0.000026,+0.29%,192006,205643
J6Z18,2018-10-24,0.0089285,0.0089565,0.0089035,0.008929,0.0000025,+0.03%,173679,204628
J6Z18,2018-10-25,0.008948,0.0089765,0.008907,0.0089135,-0.0000155,-0.17%,171399,206621
J6Z18,2018-10-26,0.008929,0.0090115,0.0089255,0.0089735,0.00006,+0.67%,288521,205305
J6Z18,2018-10-29,0.00897,0.0089785,0.0089145,0.0089315,-0.000042,-0.47%,187453,204890
J6Z18,2018-10-30,0.0089325,0.0089355,0.008871,0.008883,-0.0000485,-0.54%,180254,203113
J6Z18,2018-10-31,0.0088715,0.008894,0.008849,0.0088755,-0.0000075,-0.08%,153392,205120
J6Z18,2018-11-01,0.0088825,0.008908,0.008877,0.0088995,0.000024,+0.27%,124958,202341
J6Z18,2018-11-02,0.008905,0.0089115,0.0088505,0.0088545,-0.000045,-0.51%,167193,203100
J6Z18,2018-11-05,0.008858,0.0088695,0.008848,0.0088585,0.000004,+0.05%,76474,202601
J6Z18,2018-11-06,0.008858,0.0088675,0.0088355,0.0088435,-0.000015,-0.17%,102298,209453
J6Z18,2018-11-07,0.008838,0.008879,0.0088105,0.008847,0.0000035,+0.04%,201287,214360
J6Z18,2018-11-08,0.0088295,0.0088325,0.0087875,0.008795,-0.000052,-0.59%,109423,221680
J6Z18,2018-11-09,0.0087905,0.0088225,0.00879,0.0088105,0.0000155,+0.18%,119825,223726
J6Z18,2018-11-12,0.0088025,0.0088205,0.0087675,0.0088055,-0.000005,-0.06%,99316,230569
J6Z18,2018-11-13,0.0088085,0.008826,0.0087815,0.008805,-0.0000005,-0.01%,150020,231730
J6Z18,2018-11-14,0.0088065,0.008847,0.008791,0.0088325,0.0000275,+0.31%,155810,232043
J6Z18,2018-11-15,0.008824,0.008861,0.008813,0.0088225,-0.00001,-0.11%,180234,228117
J6Z18,2018-11-16,0.0088225,0.008896,0.00882,0.008881,0.0000585,+0.66%,180825,224978
J6Z18,2018-11-19,0.008884,0.008913,0.0088765,0.0089035,0.0000225,+0.25%,121804,226126
J6Z18,2018-11-20,0.0089045,0.008919,0.0088755,0.0088855,-0.000018,-0.20%,154789,223144
J6Z18,2018-11-21,0.008885,0.0088915,0.008852,0.008858,-0.0000275,-0.31%,105265,224244
J6Z18,2018-11-23,0.008856,0.00889,0.008853,0.0088765,0.0000185,+0.21%,90666,223485
J6Z18,2018-11-26,0.00887,0.008873,0.008811,0.008812,-0.0000645,-0.73%,113352,229688
J6Z18,2018-11-27,0.0088185,0.0088295,0.0087955,0.0088005,-0.0000115,-0.13%,108661,231711
J6Z18,2018-11-28,0.008802,0.008827,0.0087805,0.0088195,0.000019,+0.22%,128851,230366
J6Z18,2018-11-29,0.0088095,0.008845,0.0088095,0.008825,0.0000055,+0.06%,117064,224721
J6Z18,2018-11-30,0.008822,0.008832,0.008802,0.0088115,-0.0000135,-0.15%,99039,225176
J6Z18,2018-12-03,0.008803,0.008829,0.008794,0.0088045,-0.000007,-0.08%,113593,223343
J6Z18,2018-12-04,0.0088075,0.0088905,0.0088075,0.008872,0.0000675,+0.77%,198465,226835
J6Z18,2018-12-05,0.008877,0.0088845,0.008838,0.0088415,-0.0000305,-0.34%,97625,224873
J6Z18,2018-12-06,0.0088425,0.0089155,0.008842,0.0088835,0.000042,+0.48%,246438,226141
J6Z18,2018-12-07,0.0088785,0.008889,0.00886,0.008883,-0.0000005,-0.01%,160863,220965
J6Z18,2018-12-10,0.0088835,0.008914,0.0088225,0.0088375,-0.0000455,-0.51%,240273,216879
J6Z18,2018-12-11,0.008832,0.0088525,0.0088165,0.008822,-0.0000155,-0.18%,183883,213055
J6Z18,2018-12-12,0.0088225,0.0088415,0.008812,0.0088355,0.0000135,+0.15%,235461,230790
J6H19,2018-12-13,0.0089035,0.0089065,0.0088645,0.0088725,0.000037,+0.42%,289206,274170
J6H19,2018-12-14,0.008871,0.0089055,0.0088675,0.008898,0.0000255,+0.29%,167719,261218
J6H19,2018-12-17,0.0088925,0.0089455,0.008879,0.0089405,0.0000425,+0.48%,124641,210486
J6H19,2018-12-18,0.0089345,0.008979,0.008932,0.008957,0.0000165,+0.18%,129209,214868
J6H19,2018-12-19,0.0089595,0.008994,0.0089455,0.0089695,0.0000125,+0.14%,153329,216128
J6H19,2018-12-20,0.0089615,0.009089,0.0089475,0.0090645,0.000095,+1.06%,225345,227215
J6H19,2018-12-21,0.0090515,0.0090785,0.0090355,0.0090475,-0.000017,-0.19%,176888,219729
J6H19,2018-12-24,0.00907,0.0091335,0.0090565,0.009123,0.0000755,+0.83%,90555,224458
J6H19,2018-12-26,0.00914,0.00914,0.009037,0.0090415,-0.0000815,-0.89%,125803,223489
J6H19,2018-12-27,0.009041,0.009108,0.009039,0.0090835,0.000042,+0.46%,160211,220596
J6H19,2018-12-28,0.0090655,0.0091325,0.009065,0.0091105,0.000027,+0.30%,111568,214774
J6H19,2018-12-31,0.0091175,0.009182,0.009104,0.009171,0.0000605,+0.66%,72437,216224
J6H19,2019-01-02,0.009172,0.0092505,0.009166,0.0092105,0.0000395,+0.43%,178999,224249
J6H19,2019-01-03,0.0094035,0.0094585,0.009286,0.0093345,0.000124,+1.35%,257590,229467
J6H19,2019-01-04,0.009341,0.0093545,0.009261,0.0092675,-0.000067,-0.72%,213330,226520
J6H19,2019-01-07,0.009272,0.00931,0.0092465,0.009259,-0.0000085,-0.09%,144610,228543
J6H19,2019-01-08,0.009252,0.0092715,0.0092165,0.0092545,-0.0000045,-0.05%,123404,230524
J6H19,2019-01-09,0.009242,0.009311,0.0092225,0.009285,0.0000305,+0.33%,142386,230445
J6H19,2019-01-10,0.009293,0.009326,0.009261,0.00927,-0.000015,-0.16%,126917,227818
J6H19,2019-01-11,0.009268,0.0092935,0.009254,0.009263,-0.000007,-0.08%,91258,229524
J6H19,2019-01-14,0.009263,0.0093065,0.0092615,0.009288,0.000025,+0.27%,77293,229345
J6H19,2019-01-15,0.00929,0.009293,0.009237,0.0092555,-0.0000325,-0.35%,123657,229295
J6H19,2019-01-16,0.009248,0.009273,0.0092025,0.0092265,-0.000029,-0.31%,105663,229193
J6H19,2019-01-17,0.009207,0.009243,0.0091805,0.0091945,-0.000032,-0.35%,128368,219783
J6H19,2019-01-18,0.009198,0.0092115,0.0091405,0.00915,-0.0000445,-0.48%,113862,219075
J6H19,2019-01-22,0.0091525,0.009203,0.009151,0.0091905,0.0000405,+0.44%,129876,212563
J6H19,2019-01-23,0.009184,0.009186,0.0091295,0.0091635,-0.000027,-0.29%,103761,205552
J6H19,2019-01-24,0.009162,0.009177,0.009144,0.009153,-0.0000105,-0.11%,86984,205641
J6H19,2019-01-25,0.009161,0.0091725,0.00913,0.009157,0.000004,+0.04%,103991,208796
J6H19,2019-01-28,0.0091655,0.0091965,0.0091625,0.00918,0.000023,+0.25%,83909,207252
J6H19,2019-01-29,0.009184,0.009198,0.009162,0.0091855,0.0000055,+0.06%,80531,204816
J6H19,2019-01-30,0.009177,0.0092245,0.009145,0.0092135,0.000028,+0.30%,141594,200534
J6H19,2019-01-31,0.009202,0.009249,0.009201,0.0092155,0.000002,+0.02%,118536,199141
J6H19,2019-02-01,0.0092185,0.009228,0.0091565,0.0091615,-0.000054,-0.59%,116100,193095
J6H19,2019-02-04,0.0091645,0.009168,0.009107,0.009127,-0.0000345,-0.38%,98732,191478
J6H19,2019-02-05,0.009125,0.0091385,0.009116,0.0091215,-0.0000055,-0.06%,85712,192789
J6H19,2019-02-06,0.0091215,0.0091555,0.0091145,0.009121,-0.0000005,-0.01%,103467,193014
J6H19,2019-02-07,0.0091195,0.00915,0.009109,0.00913,0.000009,+0.10%,122939,190193
J6H19,2019-02-08,0.009133,0.0091455,0.009124,0.009134,0.000004,+0.04%,89219,188278
J6H19,2019-02-11,0.009132,0.009134,0.009077,0.0090825,-0.0000515,-0.56%,106395,186897
J6H19,2019-02-12,0.009082,0.009086,0.009061,0.0090725,-0.00001,-0.11%,101215,185725
J6H19,2019-02-13,0.0090745,0.009078,0.0090265,0.009032,-0.0000405,-0.45%,95378,187209
J6H19,2019-02-14,0.009027,0.009074,0.009018,0.009071,0.000039,+0.43%,140746,187751
J6H19,2019-02-15,0.009069,0.00909,0.0090575,0.009073,0.000002,+0.02%,109574,184491
J6H19,2019-02-19,0.00907,0.0090725,0.0090415,0.0090555,-0.0000175,-0.19%,122772,184023
J6H19,2019-02-20,0.009059,0.009062,0.0090305,0.00904,-0.0000155,-0.17%,87635,183871
J6H19,2019-02-21,0.009038,0.00906,0.009036,0.0090515,0.0000115,+0.13%,98062,185068
J6H19,2019-02-22,0.009048,0.0090605,0.009031,0.009049,-0.0000025,-0.03%,80378,184214
J6H19,2019-02-25,0.0090385,0.0090575,0.0090035,0.0090125,-0.0000365,-0.40%,94654,187401
J6H19,2019-02-26,0.009016,0.0090705,0.009016,0.009063,0.0000505,+0.56%,107761,186158
J6H19,2019-02-27,0.009058,0.009076,0.0090155,0.009019,-0.000044,-0.49%,103038,190827
J6H19,2019-02-28,0.0090245,0.0090475,0.0089795,0.0089875,-0.0000315,-0.35%,149533,198461
J6H19,2019-03-01,0.0089875,0.008992,0.0089315,0.008938,-0.0000495,-0.55%,129100,205554
J6H19,2019-03-04,0.008947,0.0089665,0.0089365,0.0089585,0.0000205,+0.23%,101490,205321
J6H19,2019-03-05,0.0089555,0.008959,0.0089255,0.0089455,-0.000013,-0.15%,96984,207083
J6H19,2019-03-06,0.0089445,0.008967,0.008942,0.008952,0.0000065,+0.07%,101498,208395
J6H19,2019-03-07,0.0089545,0.0089755,0.0089455,0.008972,0.00002,+0.22%,130545,208888
J6H19,2019-03-08,0.008966,0.0090435,0.0089615,0.0090085,0.0000365,+0.41%,167325,195906
J6H19,2019-03-11,0.009001,0.0090235,0.008989,0.008995,-0.0000135,-0.15%,151685,199681
J6H19,2019-03-12,0.0089945,0.009004,0.008975,0.0089905,-0.0000045,-0.05%,166009,196766
J6H19,2019-03-13,0.008983,0.009012,0.0089745,0.0090095,0.000019,+0.21%,210890,207329
J6M19,2019-03-14,0.009053,0.0090625,0.009007,0.0090145,0.000005,+0.06%,235734,214030
J6M19,2019-03-15,0.009021,0.009044,0.0090005,0.0090345,0.00002,+0.22%,159373,207321
J6M19,2019-03-18,0.0090345,0.0090505,0.009023,0.0090415,0.000007,+0.08%,72522,155998
J6M19,2019-03-19,0.009037,0.0090605,0.009034,0.009039,-0.0000025,-0.03%,93000,158074
J6M19,2019-03-20,0.009037,0.009109,0.0090135,0.0091025,0.0000635,+0.70%,135703,159170
J6M19,2019-03-21,0.0091,0.009129,0.0090745,0.009089,-0.0000135,-0.15%,120213,158005
J6M19,2019-03-22,0.009082,0.0091735,0.009079,0.009146,0.000057,+0.63%,186146,158665
J6M19,2019-03-25,0.009153,0.0091815,0.009131,0.0091455,-0.0000005,-0.01%,131737,157826
J6M19,2019-03-26,0.009153,0.009154,0.009094,0.0091075,-0.000038,-0.42%,122665,157145
J6M19,2019-03-27,0.0091,0.00913,0.0090905,0.0091175,0.00001,+0.11%,127136,154976
J6M19,2019-03-28,0.0091085,0.009145,0.009077,0.0090995,-0.000018,-0.20%,127619,155316
J6M19,2019-03-29,0.009092,0.0091015,0.0090665,0.0090785,-0.000021,-0.23%,128491,154970
J6M19,2019-04-01,0.009065,0.00908,0.0090255,0.009031,-0.0000475,-0.52%,110132,157433
J6M19,2019-04-02,0.009031,0.0090415,0.009024,0.00903,-0.000001,-0.01%,78383,156838
J6M19,2019-04-03,0.009032,0.009044,0.0090135,0.009023,-0.000007,-0.08%,103563,164515
J6M19,2019-04-04,0.009024,0.009031,0.009003,0.00901,-0.000013,-0.14%,84389,167903
J6M19,2019-04-05,0.0090065,0.009016,0.008991,0.009002,-0.000008,-0.09%,92135,168522
J6M19,2019-04-08,0.0090025,0.009035,0.0089985,0.0090165,0.0000145,+0.16%,83922,169698
J6M19,2019-04-09,0.009018,0.00906,0.0090105,0.0090495,0.000033,+0.37%,105844,165736
J6M19,2019-04-10,0.009047,0.0090695,0.0090335,0.0090585,0.000009,+0.10%,93782,166206
J6M19,2019-04-11,0.009059,0.0090615,0.008998,0.0089995,-0.000059,-0.65%,105352,176152
J6M19,2019-04-12,0.009001,0.0090065,0.0089655,0.0089665,-0.000033,-0.37%,131607,191093
J6M19,2019-04-15,0.008975,0.0089815,0.0089645,0.0089715,0.000005,+0.06%,92650,193163
J6M19,2019-04-16,0.008971,0.008984,0.0089675,0.008972,0.0000005,+0.01%,104007,200018
J6M19,2019-04-17,0.008969,0.0089775,0.0089575,0.0089655,-0.0000065,-0.07%,106448,201170
J6M19,2019-04-18,0.008965,0.008988,0.008964,0.00897,0.0000045,+0.05%,101820,200915
J6M19,2019-04-22,0.008973,0.008977,0.0089685,0.0089725,0.0000025,+0.03%,50925,205886
J6M19,2019-04-23,0.0089725,0.0089955,0.0089645,0.00898,0.0000075,+0.08%,105422,207316
J6M19,2019-04-24,0.0089745,0.008992,0.008934,0.0089375,-0.0000425,-0.47%,125179,214166
J6M19,2019-04-25,0.0089505,0.009013,0.0089395,0.0089905,0.000053,+0.59%,144358,206823
J6M19,2019-04-26,0.0089925,0.0090045,0.008955,0.0089905,0,0.00%,138808,201176
J6M19,2019-04-29,0.008991,0.0089935,0.008966,0.0089805,-0.00001,-0.11%,62351,205919
J6M19,2019-04-30,0.0089855,0.00902,0.0089835,0.0090095,0.000029,+0.32%,105177,203323
J6M19,2019-05-01,0.009004,0.009035,0.0089885,0.00899,-0.0000195,-0.22%,108825,201457
J6M19,2019-05-02,0.0090055,0.0090105,0.008985,0.008999,0.000009,+0.10%,75622,201355
J6M19,2019-05-03,0.008998,0.0090335,0.0089775,0.009031,0.000032,+0.36%,97737,202185
J6M19,2019-05-06,0.009059,0.0090975,0.009042,0.009046,0.000015,+0.17%,132024,199500
J6M19,2019-05-07,0.0090625,0.0091055,0.00905,0.009098,0.000052,+0.57%,148886,201462
J6M19,2019-05-08,0.009099,0.009127,0.0090955,0.0091085,0.0000105,+0.12%,182446,201794
J6M19,2019-05-09,0.009111,0.009161,0.009109,0.009143,0.0000345,+0.38%,204578,198247
J6M19,2019-05-10,0.009141,0.00916,0.009112,0.009124,-0.000019,-0.21%,206599,192596
J6M19,2019-05-13,0.0091355,0.009198,0.009129,0.009171,0.000047,+0.52%,165250,186318
J6M19,2019-05-14,0.009182,0.009186,0.0091335,0.009146,-0.000025,-0.27%,127971,180573
J6M19,2019-05-15,0.0091455,0.0091845,0.009139,0.009152,0.000006,+0.07%,145545,178624
J6M19,2019-05-16,0.009147,0.0091845,0.009114,0.009124,-0.000028,-0.31%,113748,177366
J6M19,2019-05-17,0.009124,0.0091535,0.009095,0.009102,-0.000022,-0.24%,151292,174461
J6M19,2019-05-20,0.0091045,0.009126,0.009084,0.009112,0.00001,+0.11%,114016,175356
J6M19,2019-05-21,0.0091045,0.009108,0.009054,0.009058,-0.000054,-0.59%,140499,170834
J6M19,2019-05-22,0.0090675,0.009089,0.0090575,0.009085,0.000027,+0.30%,111482,169175
J6M19,2019-05-23,0.0090795,0.0091515,0.0090765,0.0091495,0.0000645,+0.71%,160476,171530
J6M19,2019-05-24,0.009138,0.009167,0.0091275,0.0091585,0.000009,+0.10%,121971,169364
J6M19,2019-05-28,0.009163,0.009171,0.009136,0.0091475,-0.000011,-0.12%,171115,169790
J6M19,2019-05-29,0.0091575,0.009175,0.009128,0.00915,0.0000025,+0.03%,168131,167742
J6M19,2019-05-30,0.0091395,0.009146,0.0091075,0.009139,-0.000011,-0.12%,126045,169580
J6M19,2019-05-31,0.0091335,0.0092465,0.0091325,0.0092365,0.0000975,+1.07%,248533,177698
J6M19,2019-06-03,0.009243,0.009279,0.009231,0.009266,0.0000295,+0.32%,202460,176247
J6M19,2019-06-04,0.0092635,0.009282,0.0092375,0.0092635,-0.0000025,-0.03%,194101,167810
J6M19,2019-06-05,0.0092555,0.009284,0.009226,0.0092315,-0.000032,-0.35%,185559,166130
J6M19,2019-06-06,0.0092405,0.009263,0.009217,0.0092275,-0.000004,-0.04%,136329,167489
J6M19,2019-06-07,0.0092325,0.009275,0.0092125,0.0092505,0.000023,+0.25%,171536,165611
J6M19,2019-06-10,0.009226,0.0092375,0.009203,0.009228,-0.0000225,-0.24%,151232,163599
J6M19,2019-06-11,0.0092255,0.009234,0.009195,0.0092215,-0.0000065,-0.07%,157039,169387
J6M19,2019-06-12,0.0092155,0.009244,0.009215,0.00922,-0.0000015,-0.02%,210436,166027
J6U19,2019-06-13,0.0092815,0.00931,0.0092775,0.0092955,0.0000755,+0.82%,192014,169005
J6U19,2019-06-14,0.009291,0.009315,0.009273,0.009275,-0.0000205,-0.22%,162240,163032
J6U19,2019-06-17,0.009278,0.009279,0.0092605,0.009274,-0.000001,-0.01%,78021,119953
J6U19,2019-06-18,0.009275,0.009317,0.009263,0.009284,0.00001,+0.11%,169264,123629
J6U19,2019-06-19,0.0092825,0.0093305,0.0092685,0.009324,0.00004,+0.43%,134809,128447
J6U19,2019-06-20,0.009313,0.009387,0.0093065,0.009382,0.000058,+0.62%,199651,136570
J6U19,2019-06-21,0.00938,0.009401,0.00934,0.009368,-0.000014,-0.15%,172761,136116
J6U19,2019-06-24,0.0093775,0.009382,0.009356,0.0093755,0.0000075,+0.08%,99636,138849
J6U19,2019-06-25,0.0093765,0.009422,0.009366,0.0093905,0.000015,+0.16%,173651,139439
J6U19,2019-06-26,0.0093905,0.0093925,0.0093285,0.00933,-0.0000605,-0.64%,134766,140768
J6U19,2019-06-27,0.009335,0.009342,0.009298,0.009334,0.000004,+0.04%,125642,138505
J6U19,2019-06-28,0.0093285,0.009349,0.0093165,0.009331,-0.000003,-0.03%,108013,137015
J6U19,2019-07-01,0.009302,0.009302,0.009265,0.0092705,-0.0000605,-0.65%,121085,136725
J6U19,2019-07-02,0.009275,0.00933,0.0092685,0.009325,0.0000545,+0.59%,91422,139355
J6U19,2019-07-03,0.0093195,0.00935,0.009318,0.009324,-0.000001,-0.01%,82630,139618
J6U19,2019-07-05,0.009325,0.0093325,0.009253,0.0092585,-0.0000655,-0.70%,135335,140942
J6U19,2019-07-08,0.009268,0.0092835,0.009238,0.0092445,-0.000014,-0.15%,86431,138549
J6U19,2019-07-09,0.009246,0.0092465,0.009224,0.0092325,-0.000012,-0.13%,75290,135737
J6U19,2019-07-10,0.0092325,0.009276,0.009221,0.0092695,0.000037,+0.40%,118214,134894
J6U19,2019-07-11,0.0092675,0.009315,0.0092565,0.009264,-0.0000055,-0.06%,128751,131256
J6U19,2019-07-12,0.0092595,0.0093195,0.0092495,0.0093185,0.0000545,+0.59%,99763,133079
J6U19,2019-07-15,0.0093115,0.00932,0.009293,0.009311,-0.0000075,-0.08%,58184,129944
J6U19,2019-07-16,0.0093105,0.009317,0.0092685,0.0092725,-0.0000385,-0.41%,87343,130304
J6U19,2019-07-17,0.0092805,0.009306,0.009272,0.0092935,0.000021,+0.23%,75845,132088
J6U19,2019-07-18,0.009306,0.0093665,0.0092965,0.0093435,0.00005,+0.54%,135252,137408
J6U19,2019-07-19,0.0093595,0.0093655,0.009299,0.009317,-0.0000265,-0.28%,114200,135307
J6U19,2019-07-22,0.0093185,0.0093235,0.009291,0.009309,-0.000008,-0.09%,78460,136831
J6U19,2019-07-23,0.009304,0.009311,0.0092705,0.0092735,-0.0000355,-0.38%,87789,136245
J6U19,2019-07-24,0.009275,0.0093015,0.009272,0.009277,0.0000035,+0.04%,78178,138493
J6U19,2019-07-25,0.0092795,0.00929,0.0092285,0.009229,-0.000048,-0.52%,121290,138300
J6U19,2019-07-26,0.009239,0.0092445,0.0092215,0.0092325,0.0000035,+0.04%,82527,138399
J6U19,2019-07-29,0.009233,0.0092555,0.009215,0.0092245,-0.000008,-0.09%,78210,137734
J6U19,2019-07-30,0.009221,0.009253,0.0092105,0.0092405,0.000016,+0.17%,99620,138842
J6U19,2019-07-31,0.0092405,0.0092485,0.0092035,0.0092235,-0.000017,-0.18%,132518,135884
J6U19,2019-08-01,0.009223,0.0093535,0.0091765,0.009344,0.0001205,+1.31%,242377,140212
J6U19,2019-08-02,0.0093475,0.009419,0.0093255,0.0094135,0.0000695,+0.74%,237377,145838
J6U19,2019-08-05,0.009417,0.0094825,0.009403,0.00946,0.0000465,+0.49%,226572,151678
J6U19,2019-08-06,0.009496,0.009505,0.009365,0.0094155,-0.0000445,-0.47%,216288,153338
J6U19,2019-08-07,0.009422,0.0095065,0.00942,0.009451,0.0000355,+0.38%,223990,153367
J6U19,2019-08-08,0.009438,0.0094685,0.00943,0.009462,0.000011,+0.12%,137306,154363
J6U19,2019-08-09,0.0094685,0.009524,0.00945,0.0094965,0.0000345,+0.36%,130474,157274
J6U19,2019-08-12,0.0094925,0.009544,0.009485,0.0095235,0.000027,+0.28%,98724,158092
J6U19,2019-08-13,0.0095255,0.0095415,0.0093705,0.009397,-0.0001265,-1.33%,195089,160271
J6U19,2019-08-14,0.0093925,0.0094875,0.0093915,0.009467,0.00007,+0.74%,173093,163132
J6U19,2019-08-15,0.009475,0.009481,0.009385,0.0094455,-0.0000215,-0.23%,190376,160206
J6U19,2019-08-16,0.009444,0.009452,0.0094095,0.009429,-0.0000165,-0.17%,90099,154547
J6U19,2019-08-19,0.0094235,0.0094315,0.0093905,0.009398,-0.000031,-0.33%,73628,151385
J6U19,2019-08-20,0.009401,0.0094375,0.0093905,0.0094235,0.0000255,+0.27%,83201,154662
J6U19,2019-08-21,0.009428,0.0094305,0.0093935,0.009399,-0.0000245,-0.26%,76089,151891
J6U19,2019-08-22,0.0093985,0.0094265,0.009391,0.009413,0.000014,+0.15%,99903,150736
J6U19,2019-08-23,0.0094105,0.009516,0.0093835,0.009512,0.000099,+1.05%,189371,160266
J6U19,2019-08-26,0.0095485,0.009589,0.00941,0.0094315,-0.0000805,-0.85%,240143,155915
J6U19,2019-08-27,0.009437,0.0094835,0.009434,0.009467,0.0000355,+0.38%,114682,157862
J6U19,2019-08-28,0.0094695,0.0094775,0.009426,0.009444,-0.000023,-0.24%,115320,156294
J6U19,2019-08-29,0.0094435,0.009459,0.0093825,0.0093875,-0.0000565,-0.60%,120738,153041
J6U19,2019-08-30,0.009399,0.0094345,0.009395,0.009421,0.0000335,+0.36%,102872,152498
J6U19,2019-09-03,0.0094475,0.009466,0.009407,0.0094395,0.0000185,+0.20%,182520,157788
J6U19,2019-09-04,0.0094485,0.009457,0.0094015,0.009406,-0.0000335,-0.35%,136113,163500
J6U19,2019-09-05,0.009409,0.009411,0.0093305,0.0093545,-0.0000515,-0.55%,172615,159846
J6U19,2019-09-06,0.0093565,0.0093835,0.0093415,0.0093605,0.000006,+0.06%,153233,159788
J6U19,2019-09-09,0.009365,0.009371,0.009326,0.009336,-0.0000245,-0.26%,126066,156551
J6U19,2019-09-10,0.009329,0.0093335,0.0092985,0.009312,-0.000024,-0.26%,225536,151397
J6U19,2019-09-11,0.0093035,0.0093055,0.009274,0.0092815,-0.0000305,-0.33%,270866,161658
J6U19,2019-09-12,0.009276,0.009301,0.0092435,0.0092465,-0.000035,-0.38%,278802,165094
J6Z19,2019-09-13,0.009307,0.009324,0.0092935,0.009303,0.0000565,+0.61%,157651,167431
J6Z19,2019-09-16,0.009336,0.009359,0.0093025,0.009314,0.000011,+0.12%,111028,131640
J6Z19,2019-09-17,0.009305,0.0093145,0.009284,0.0093,-0.000014,-0.15%,106144,130940
J6Z19,2019-09-18,0.0093065,0.009309,0.0092755,0.0092865,-0.0000135,-0.15%,106500,135737
J6Z19,2019-09-19,0.0092795,0.009333,0.009273,0.0093175,0.000031,+0.33%,134822,139365
J6Z19,2019-09-20,0.009312,0.009352,0.0093075,0.0093405,0.000023,+0.25%,99811,141259
J6Z19,2019-09-23,0.0093345,0.0093705,0.0093305,0.0093585,0.000018,+0.19%,87792,140332
J6Z19,2019-09-24,0.0093535,0.0094025,0.0093275,0.0093955,0.000037,+0.40%,137984,142026
J6Z19,2019-09-25,0.009389,0.009399,0.009321,0.009326,-0.0000695,-0.74%,137604,145079
J6Z19,2019-09-26,0.0093325,0.0093595,0.0093125,0.009326,0,0.00%,118464,142174
J6Z19,2019-09-27,0.0093215,0.009336,0.00929,0.0093205,-0.0000055,-0.06%,150327,148680
J6Z19,2019-09-30,0.0093045,0.0093265,0.0092895,0.009298,-0.0000225,-0.24%,95518,149784
J6Z19,2019-10-01,0.0092985,0.0093365,0.0092645,0.0093285,0.0000305,+0.33%,152528,151860
J6Z19,2019-10-02,0.009325,0.009388,0.0093135,0.0093735,0.000045,+0.48%,142140,145929
J6Z19,2019-10-03,0.009377,0.009434,0.0093625,0.0093975,0.000024,+0.26%,161285,145395
J6Z19,2019-10-04,0.0093985,0.0094465,0.0093765,0.0093995,0.000002,+0.02%,122317,149778
J6Z19,2019-10-07,0.009417,0.0094175,0.009345,0.0093605,-0.000039,-0.41%,97224,149219
J6Z19,2019-10-08,0.0093665,0.0094035,0.0093475,0.0093765,0.000016,+0.17%,135369,150019
J6Z19,2019-10-09,0.009381,0.0093915,0.0093305,0.009338,-0.0000385,-0.41%,99342,149006
J6Z19,2019-10-10,0.0093435,0.0093805,0.0092935,0.0093035,-0.0000345,-0.37%,159886,151958
J6Z19,2019-10-11,0.0093085,0.009309,0.00924,0.009251,-0.0000525,-0.56%,161204,156816
J6Z19,2019-10-14,0.009259,0.009292,0.0092505,0.009265,0.000014,+0.15%,69555,154464
J6Z19,2019-10-15,0.0092645,0.00928,0.0092165,0.0092215,-0.0000435,-0.47%,109517,157707
J6Z19,2019-10-16,0.0092205,0.0092455,0.0092195,0.0092275,0.000006,+0.07%,120298,159565
J6Z19,2019-10-17,0.0092295,0.009253,0.009211,0.009234,0.0000065,+0.07%,111117,158272
J6Z19,2019-10-18,0.009238,0.0092575,0.0092285,0.0092525,0.0000185,+0.20%,80516,160035
J6Z19,2019-10-21,0.009253,0.0092645,0.009233,0.009239,-0.0000135,-0.15%,68947,159506
J6Z19,2019-10-22,0.0092415,0.009252,0.0092275,0.0092515,0.0000125,+0.14%,68519,159250
J6Z19,2019-10-23,0.0092495,0.0092685,0.009228,0.0092325,-0.000019,-0.21%,95835,159314
J6Z19,2019-10-24,0.009231,0.0092445,0.0092225,0.009234,0.0000015,+0.02%,89446,157545
J6Z19,2019-10-25,0.009234,0.0092425,0.00922,0.009227,-0.000007,-0.08%,82813,157980
J6Z19,2019-10-28,0.0092265,0.00923,0.009197,0.0092,-0.000027,-0.29%,82360,163458
J6Z19,2019-10-29,0.0092,0.0092215,0.009194,0.0092155,0.0000155,+0.17%,78776,163486
J6Z19,2019-10-30,0.0092075,0.0092225,0.0091745,0.0092015,-0.000014,-0.15%,110464,164421
J6Z19,2019-10-31,0.009208,0.009289,0.009207,0.0092825,0.000081,+0.88%,162833,160628
J6Z19,2019-11-01,0.009281,0.0092915,0.009253,0.0092585,-0.000024,-0.26%,125541,156788
J6Z19,2019-11-04,0.0092605,0.0092635,0.009225,0.0092265,-0.000032,-0.35%,82098,163375
J6Z19,2019-11-05,0.009231,0.009231,0.009167,0.0091755,-0.000051,-0.55%,132979,177106
J6Z19,2019-11-06,0.00918,0.00921,0.0091785,0.0091995,0.000024,+0.26%,106944,180237
J6Z19,2019-11-07,0.009196,0.0092225,0.009151,0.0091655,-0.000034,-0.37%,181078,185332
J6Z19,2019-11-08,0.0091655,0.009186,0.009152,0.009179,0.0000135,+0.15%,120628,183527
J6Z19,2019-11-11,0.0091715,0.0092005,0.009171,0.009189,0.00001,+0.11%,73152,182382
J6Z19,2019-11-12,0.009185,0.0091975,0.0091655,0.0091945,0.0000055,+0.06%,99215,183480
J6Z19,2019-11-13,0.009192,0.0092195,0.009178,0.0092095,0.000015,+0.16%,117097,184682
J6Z19,2019-11-14,0.009208,0.0092545,0.0092005,0.0092415,0.000032,+0.35%,124543,185021
J6Z19,2019-11-15,0.00924,0.0092405,0.0092005,0.009203,-0.0000385,-0.42%,94288,184654
J6Z19,2019-11-18,0.009208,0.0092295,0.0091815,0.0092175,0.0000145,+0.16%,115107,181840
J6Z19,2019-11-19,0.009217,0.009234,0.009201,0.0092265,0.000009,+0.10%,100966,182445
J6Z19,2019-11-20,0.009225,0.009242,0.0092085,0.009218,-0.0000085,-0.09%,155476,185504
J6Z19,2019-11-21,0.009231,0.009247,0.0092105,0.009214,-0.000004,-0.04%,148054,186542
J6Z19,2019-11-22,0.0092175,0.009229,0.0092075,0.009216,0.000002,+0.02%,105583,187099
J6Z19,2019-11-25,0.009209,0.0092115,0.0091855,0.009186,-0.00003,-0.33%,82775,194525
J6Z19,2019-11-26,0.009189,0.009194,0.0091655,0.00918,-0.000006,-0.07%,106778,196894
J6Z19,2019-11-27,0.009177,0.0091795,0.0091315,0.009134,-0.000046,-0.50%,101080,212977
J6Z19,2019-11-29,0.009138,0.009153,0.009125,0.0091465,0.0000125,+0.14%,129959,218885
J6Z19,2019-12-02,0.0091355,0.009187,0.0091195,0.0091825,0.000036,+0.39%,172416,215558
J6Z19,2019-12-03,0.0091755,0.0092245,0.009163,0.0092165,0.000034,+0.37%,207036,214223
J6Z19,2019-12-04,0.009211,0.009228,0.0091825,0.0091855,-0.000031,-0.34%,216328,209677
J6Z19,2019-12-05,0.009191,0.0092075,0.0091785,0.0092005,0.000015,+0.16%,156574,211052
J6Z19,2019-12-06,0.009198,0.009242,0.0091845,0.009215,0.0000145,+0.16%,149979,201310
J6Z19,2019-12-09,0.009211,0.0092255,0.009205,0.009209,-0.000006,-0.07%,172576,200349
J6Z19,2019-12-10,0.009212,0.0092185,0.0091965,0.0092005,-0.0000085,-0.09%,210342,198700
J6H20,2019-12-11,0.009247,0.0092775,0.009244,0.009274,0.0000735,+0.80%,281193,197699
J6H20,2019-12-12,0.009268,0.009277,0.009191,0.0092015,-0.0000725,-0.78%,358593,202448
J6H20,2019-12-13,0.009189,0.00921,0.0091685,0.009201,-0.0000005,-0.01%,267649,199853
J6H20,2019-12-16,0.0091975,0.0091985,0.0091705,0.009178,-0.000023,-0.25%,91782,176348
J6H20,2019-12-17,0.0091755,0.00919,0.009174,0.0091855,0.0000075,+0.08%,86424,178529
J6H20,2019-12-18,0.009185,0.009193,0.0091735,0.009177,-0.0000085,-0.09%,77612,177178
J6H20,2019-12-19,0.009178,0.0092075,0.009167,0.009199,0.000022,+0.24%,109558,175622
J6H20,2019-12-20,0.009191,0.009199,0.009178,0.009182,-0.000017,-0.18%,83986,176096
J6H20,2019-12-23,0.009181,0.0091915,0.0091755,0.009189,0.000007,+0.08%,53586,173059
J6H20,2019-12-24,0.009186,0.009195,0.0091835,0.0091875,-0.0000015,-0.02%,38863,173142
J6H20,2019-12-26,0.009189,0.0091925,0.0091625,0.0091635,-0.000024,-0.26%,61638,177501
J6H20,2019-12-27,0.009164,0.0091785,0.009161,0.0091775,0.000014,+0.15%,81557,175780
J6H20,2019-12-30,0.009176,0.0092305,0.009169,0.009225,0.0000475,+0.52%,107287,176283
J6H20,2019-12-31,0.009223,0.009256,0.0092205,0.0092455,0.0000205,+0.22%,78458,174966
J6H20,2020-01-02,0.009237,0.009277,0.0092215,0.0092485,0.000003,+0.03%,111307,169075
J6H20,2020-01-03,0.009247,0.0093085,0.009241,0.0092935,0.000045,+0.49%,170184,163244
J6H20,2020-01-06,0.009312,0.0093145,0.0092515,0.0092555,-0.000038,-0.41%,128474,162367
J6H20,2020-01-07,0.0092635,0.009271,0.00924,0.009248,-0.0000075,-0.08%,109278,162094
J6H20,2020-01-08,0.0092535,0.0093235,0.009187,0.0091885,-0.0000595,-0.64%,258067,190739
J6H20,2020-01-09,0.0092,0.0092045,0.0091565,0.0091625,-0.000026,-0.28%,137303,206785
J6H20,2020-01-10,0.0091655,0.009169,0.0091475,0.0091615,-0.000001,-0.01%,106637,167686
J6H20,2020-01-13,0.009157,0.0091605,0.0091255,0.0091275,-0.000034,-0.37%,89782,184021
J6H20,2020-01-14,0.009126,0.009133,0.009103,0.0091215,-0.000006,-0.07%,129646,183863
J6H20,2020-01-15,0.009121,0.009138,0.0091195,0.0091265,0.000005,+0.05%,95815,188672
J6H20,2020-01-16,0.009128,0.0091305,0.009103,0.009107,-0.0000195,-0.21%,89495,196019
J6H20,2020-01-17,0.0091045,0.009114,0.0090935,0.009106,-0.000001,-0.01%,87570,195973
J6H20,2020-01-21,0.0091075,0.009137,0.0090985,0.0091345,0.0000285,+0.31%,169651,203579
J6H20,2020-01-22,0.009127,0.0091305,0.0091065,0.009126,-0.0000085,-0.09%,91622,203488
J6H20,2020-01-23,0.0091285,0.0091765,0.009128,0.009154,0.000028,+0.31%,156070,197586
J6H20,2020-01-24,0.0091525,0.009184,0.009143,0.009177,0.000023,+0.25%,120778,192681
J6H20,2020-01-27,0.0092045,0.0092205,0.0091865,0.0092045,0.0000275,+0.30%,176769,190207
J6H20,2020-01-28,0.0092055,0.009218,0.0091805,0.0091855,-0.000019,-0.21%,147635,184919
J6H20,2020-01-29,0.009178,0.009199,0.009172,0.0091925,0.000007,+0.08%,122527,183077
J6H20,2020-01-30,0.009195,0.009231,0.0091895,0.0092135,0.000021,+0.23%,191465,182706
J6H20,2020-01-31,0.009201,0.0092545,0.0091835,0.0092495,0.000036,+0.39%,204858,188470
J6H20,2020-02-03,0.0092525,0.009254,0.009212,0.009222,-0.0000275,-0.30%,159216,189447
J6H20,2020-02-04,0.009222,0.0092325,0.009148,0.0091515,-0.0000705,-0.76%,151800,190079
J6H20,2020-02-05,0.009156,0.0091675,0.0091225,0.0091235,-0.000028,-0.31%,156841,191543
J6H20,2020-02-06,0.009124,0.009127,0.0091075,0.0091105,-0.000013,-0.14%,124471,195432
J6H20,2020-02-07,0.009107,0.0091465,0.009102,0.0091295,0.000019,+0.21%,155327,193662
J6H20,2020-02-10,0.0091315,0.0091435,0.0091165,0.0091325,0.000003,+0.03%,107248,194374
J6H20,2020-02-11,0.009126,0.0091305,0.009109,0.009128,-0.0000045,-0.05%,85216,193822
J6H20,2020-02-12,0.009124,0.0091245,0.009084,0.0091,-0.000028,-0.31%,108025,199517
J6H20,2020-02-13,0.009098,0.0091365,0.009097,0.009121,0.000021,+0.23%,139207,199003
J6H20,2020-02-14,0.0091185,0.0091305,0.009112,0.009124,0.000003,+0.03%,95655,198170
J6H20,2020-02-18,0.0091235,0.0091325,0.0091065,0.0091145,-0.0000095,-0.10%,170578,203631
J6H20,2020-02-19,0.009113,0.009115,0.008973,0.0089745,-0.00014,-1.54%,235793,225846
J6H20,2020-02-20,0.009003,0.00901,0.0089205,0.0089345,-0.00004,-0.45%,256520,228964
J6H20,2020-02-21,0.0089345,0.008981,0.0089235,0.00897,0.0000355,+0.40%,183692,235404
J6H20,2020-02-24,0.0089835,0.009074,0.0089635,0.009039,0.000069,+0.77%,216961,227790
J6H20,2020-02-25,0.009046,0.0091095,0.009015,0.0090935,0.0000545,+0.60%,253751,223904
J6H20,2020-02-26,0.0090835,0.0090895,0.009042,0.0090825,-0.000011,-0.12%,252276,219308
J6H20,2020-02-27,0.0090635,0.0091345,0.009061,0.009104,0.0000215,+0.24%,305853,217841
J6H20,2020-02-28,0.009135,0.0093095,0.0091245,0.009282,0.000178,+1.96%,463048,207689
J6H20,2020-03-02,0.0093325,0.009334,0.009217,0.0092785,-0.0000035,-0.04%,359632,193159
J6H20,2020-03-03,0.0092445,0.009358,0.0092205,0.009331,0.0000525,+0.57%,325648,198404
J6H20,2020-03-04,0.009339,0.0093655,0.00929,0.0093225,-0.0000085,-0.09%,241089,188985
J6H20,2020-03-05,0.009301,0.009441,0.009285,0.0094025,0.00008,+0.86%,245336,187242
J6H20,2020-03-06,0.0094245,0.0095285,0.0094075,0.0095095,0.000107,+1.14%,366644,182609
J6H20,2020-03-09,0.0095765,0.009887,0.0095645,0.009796,0.0002865,+3.01%,396598,173928
J6H20,2020-03-10,0.0097825,0.0098065,0.0094445,0.0095185,-0.0002775,-2.83%,336277,159128
J6H20,2020-03-11,0.009504,0.0096085,0.00949,0.0095655,0.000047,+0.49%,337903,167802
J6H20,2020-03-12,0.0095735,0.0097025,0.009425,0.0095065,-0.000059,-0.62%,394956,165700
J6M20,2020-03-13,0.009571,0.009603,0.0092675,0.009301,-0.0002055,-2.16%,257509,169577
J6M20,2020-03-16,0.0094135,0.0095545,0.0093405,0.0094795,0.0001785,+1.92%,181247,128695
J6M20,2020-03-17,0.0095105,0.0095105,0.009316,0.0093165,-0.000163,-1.72%,135435,125769
J6M20,2020-03-18,0.0093325,0.009409,0.009244,0.0093065,-0.00001,-0.11%,135728,123329
J6M20,2020-03-19,0.009286,0.009303,0.009068,0.0090925,-0.000214,-2.30%,157715,117185
J6M20,2020-03-20,0.0090625,0.009188,0.0090075,0.009036,-0.0000565,-0.62%,122021,123934
J6M20,2020-03-23,0.00906,0.0091625,0.009009,0.0090175,-0.0000185,-0.20%,162493,122934
J6M20,2020-03-24,0.009033,0.00913,0.0090055,0.009024,0.0000065,+0.07%,149398,125594
J6M20,2020-03-25,0.009036,0.0090795,0.008997,0.009025,0.000001,+0.01%,118103,127989
J6M20,2020-03-26,0.0090445,0.0091945,0.0090335,0.009193,0.000168,+1.86%,162062,126039
J6M20,2020-03-27,0.009171,0.0093305,0.0091665,0.0093195,0.0001265,+1.38%,101647,122374
J6M20,2020-03-30,0.00932,0.0093715,0.009271,0.009297,-0.0000225,-0.24%,91410,119399
J6M20,2020-03-31,0.009308,0.009336,0.009228,0.0093195,0.0000225,+0.24%,101186,120270
J6M20,2020-04-01,0.009326,0.0093785,0.0092915,0.0093525,0.000033,+0.35%,91726,122706
J6M20,2020-04-02,0.0093575,0.009366,0.009272,0.009293,-0.0000595,-0.64%,79719,123688
J6M20,2020-04-03,0.0092905,0.009298,0.0092185,0.0092545,-0.0000385,-0.41%,81593,122353
J6M20,2020-04-06,0.0092345,0.0092425,0.009158,0.0091865,-0.000068,-0.73%,72726,118630
J6M20,2020-04-07,0.0091735,0.0092195,0.009168,0.009206,0.0000195,+0.21%,77536,118595
J6M20,2020-04-08,0.009211,0.009236,0.0091845,0.009208,0.000002,+0.02%,71102,115935
J6M20,2020-04-09,0.0092045,0.0092625,0.009188,0.0092445,0.0000365,+0.40%,73437,119778
J6M20,2020-04-13,0.0092415,0.0093205,0.0092315,0.0093195,0.000075,+0.81%,58000,119990
J6M20,2020-04-14,0.0093005,0.0093635,0.0092975,0.009347,0.0000275,+0.30%,64962,122929
J6M20,2020-04-15,0.009352,0.009368,0.0092825,0.0093205,-0.0000265,-0.28%,79849,123610
J6M20,2020-04-16,0.0093215,0.009344,0.0092645,0.009303,-0.0000175,-0.19%,77465,124803
J6M20,2020-04-17,0.009269,0.009331,0.009263,0.009305,0.000002,+0.02%,77023,124941
J6M20,2020-04-20,0.0093005,0.009315,0.0092735,0.009301,-0.000004,-0.04%,54608,126239
J6M20,2020-04-21,0.0093005,0.009332,0.0092775,0.0092885,-0.0000125,-0.13%,76943,128272
J6M20,2020-04-22,0.0092865,0.0093105,0.0092725,0.009293,0.0000045,+0.05%,53914,131372
J6M20,2020-04-23,0.009289,0.009324,0.009262,0.0093005,0.0000075,+0.08%,86294,132789
J6M20,2020-04-24,0.009306,0.0093215,0.009288,0.009316,0.0000155,+0.17%,50522,136325
J6M20,2020-04-27,0.00931,0.009355,0.0093,0.009332,0.000016,+0.17%,62458,140639
J6M20,2020-04-28,0.0093305,0.009392,0.009324,0.009366,0.000034,+0.36%,69847,143835
J6M20,2020-04-29,0.0093665,0.0094095,0.009362,0.009388,0.000022,+0.23%,57675,144656
J6M20,2020-04-30,0.0093835,0.0094035,0.0093075,0.009333,-0.000055,-0.59%,99795,144590
J6M20,2020-05-01,0.0093365,0.009386,0.009315,0.0093635,0.0000305,+0.33%,59479,147087
J6M20,2020-05-04,0.0093675,0.0093835,0.009345,0.009375,0.0000115,+0.12%,43991,148868
J6M20,2020-05-05,0.0093735,0.0094025,0.00936,0.0093955,0.0000205,+0.22%,55050,152042
J6M20,2020-05-06,0.009392,0.0094415,0.0093895,0.009434,0.0000385,+0.41%,59200,155591
J6M20,2020-05-07,0.0094315,0.00944,0.0093805,0.0094135,-0.0000205,-0.22%,76714,156505
J6M20,2020-05-08,0.0094125,0.0094195,0.0093715,0.0093795,-0.000034,-0.36%,63735,157260
J6M20,2020-05-11,0.009378,0.00938,0.0092825,0.0092845,-0.000095,-1.01%,82825,152551
J6M20,2020-05-12,0.0092925,0.009339,0.009289,0.009327,0.0000425,+0.46%,65016,153370
J6M20,2020-05-13,0.009331,0.0093725,0.0093255,0.0093505,0.0000235,+0.25%,64705,155003
J6M20,2020-05-14,0.009347,0.009369,0.0093175,0.0093295,-0.000021,-0.22%,64173,155779
J6M20,2020-05-15,0.009328,0.0093615,0.0093105,0.009324,-0.0000055,-0.06%,71082,158372
J6M20,2020-05-18,0.009337,0.0093425,0.0093045,0.0093145,-0.0000095,-0.10%,74791,155763
J6M20,2020-05-19,0.009322,0.0093235,0.0092545,0.009284,-0.0000305,-0.33%,102929,147975
J6M20,2020-05-20,0.009284,0.009319,0.0092635,0.009307,0.000023,+0.25%,72500,150435
J6M20,2020-05-21,0.0093015,0.0093035,0.0092745,0.0092965,-0.0000105,-0.11%,63367,151494
J6M20,2020-05-22,0.0092905,0.00932,0.0092815,0.009299,0.0000025,+0.03%,60112,154679
J6M20,2020-05-26,0.0092955,0.0093135,0.0092675,0.009302,0.000003,+0.03%,90460,156827
J6M20,2020-05-27,0.009298,0.009316,0.0092655,0.0092875,-0.0000145,-0.16%,91676,155341
J6M20,2020-05-28,0.009285,0.0092975,0.009269,0.0092915,0.000004,+0.04%,70551,156604
J6M20,2020-05-29,0.009291,0.009341,0.009269,0.0092765,-0.000015,-0.16%,132908,160359
J6M20,2020-06-01,0.0092825,0.009314,0.0092725,0.0092945,0.000018,+0.19%,79105,157581
J6M20,2020-06-02,0.0092885,0.009302,0.009194,0.0091995,-0.000095,-1.02%,132808,158743
J6M20,2020-06-03,0.0092045,0.009224,0.009177,0.009181,-0.0000185,-0.20%,123997,153397
J6M20,2020-06-04,0.0091815,0.009207,0.009158,0.009165,-0.000016,-0.17%,128074,154612
J6M20,2020-06-05,0.009164,0.009171,0.0091035,0.0091235,-0.0000415,-0.45%,119073,157303
J6M20,2020-06-08,0.009121,0.00924,0.0091165,0.0092315,0.000108,+1.18%,149959,154901
J6M20,2020-06-09,0.009224,0.0092925,0.0092135,0.0092825,0.000051,+0.55%,166976,155159
J6M20,2020-06-10,0.009281,0.0093475,0.0092705,0.009337,0.0000545,+0.59%,208905,160197
J6U20,2020-06-11,0.009349,0.009397,0.0093405,0.0093765,0.0000395,+0.42%,239998,160082
J6U20,2020-06-12,0.009377,0.0093965,0.0093125,0.0093215,-0.000055,-0.59%,156365,163837
J6U20,2020-06-15,0.0093205,0.00936,0.0093105,0.009332,0.0000105,+0.11%,76532,127057
J6U20,2020-06-16,0.009328,0.0093405,0.009304,0.0093345,0.0000025,+0.03%,81409,127287
J6U20,2020-06-17,0.0093295,0.0093625,0.00932,0.0093505,0.000016,+0.17%,60335,129684
J6U20,2020-06-18,0.0093575,0.009387,0.0093465,0.0093725,0.000022,+0.24%,73591,132469
J6U20,2020-06-19,0.009362,0.0093785,0.009353,0.009369,-0.0000035,-0.04%,53046,132156
J6U20,2020-06-22,0.009375,0.00938,0.0093565,0.0093635,-0.0000055,-0.06%,43285,132418
J6U20,2020-06-23,0.009365,0.0094395,0.0093375,0.0094035,0.00004,+0.43%,116787,144549
J6U20,2020-06-24,0.0094045,0.0094115,0.00935,0.009362,-0.0000415,-0.44%,71057,141203
J6U20,2020-06-25,0.009354,0.0093555,0.0093165,0.0093375,-0.0000245,-0.26%,60951,138893
J6U20,2020-06-26,0.00934,0.009374,0.0093245,0.009339,0.0000015,+0.02%,57604,139214
J6U20,2020-06-29,0.009341,0.0093515,0.0092775,0.0092945,-0.0000445,-0.48%,79047,138480
J6U20,2020-06-30,0.0093055,0.009309,0.009269,0.009271,-0.0000235,-0.25%,74355,137362
J6U20,2020-07-01,0.0092715,0.009324,0.0092535,0.0093125,0.0000415,+0.45%,80784,137736
J6U20,2020-07-02,0.009315,0.0093255,0.009291,0.009303,-0.0000095,-0.10%,64588,136680
J6U20,2020-07-06,0.009308,0.009332,0.009286,0.009329,0.000026,+0.28%,80890,137995
J6U20,2020-07-07,0.0093205,0.009333,0.009283,0.0093085,-0.0000205,-0.22%,73585,138313
J6U20,2020-07-08,0.0093075,0.0093365,0.009292,0.009336,0.0000275,+0.30%,54416,137848
J6U20,2020-07-09,0.0093295,0.009345,0.009318,0.0093355,-0.0000005,-0.01%,70290,137605
J6U20,2020-07-10,0.009334,0.0093855,0.0093305,0.00936,0.0000245,+0.26%,75476,140877
J6U20,2020-07-13,0.00936,0.009372,0.0093255,0.00933,-0.00003,-0.32%,68673,135276
J6U20,2020-07-14,0.0093305,0.009343,0.009315,0.0093355,0.0000055,+0.06%,59843,135263
J6U20,2020-07-15,0.0093295,0.0093825,0.009326,0.009356,0.0000205,+0.22%,72114,141750
J6U20,2020-07-16,0.0093555,0.0093665,0.0093155,0.009319,-0.000037,-0.40%,71041,138670
J6U20,2020-07-17,0.0093285,0.0093575,0.00932,0.009356,0.000037,+0.40%,52214,138024
J6U20,2020-07-20,0.009349,0.009351,0.0093035,0.0093255,-0.0000305,-0.33%,72803,139268
J6U20,2020-07-21,0.009327,0.0093805,0.0093195,0.0093715,0.000046,+0.49%,80860,142686
J6U20,2020-07-22,0.0093695,0.0093765,0.009325,0.0093305,-0.000041,-0.44%,83074,141031
J6U20,2020-07-23,0.0093365,0.009377,0.0093305,0.0093745,0.000044,+0.47%,58985,142745
J6U20,2020-07-24,0.0093655,0.0094685,0.009362,0.0094395,0.000065,+0.69%,136247,162547
J6U20,2020-07-27,0.009437,0.009519,0.0094315,0.009495,0.0000555,+0.59%,121506,166557
J6U20,2020-07-28,0.0094955,0.0095335,0.0094675,0.0095205,0.0000255,+0.27%,111165,170269
J6U20,2020-07-29,0.009524,0.0095495,0.0095075,0.0095245,0.000004,+0.04%,102944,168531
J6U20,2020-07-30,0.009537,0.0095575,0.009502,0.0095425,0.000018,+0.19%,94200,174182
J6U20,2020-07-31,0.0095495,0.0096025,0.0094335,0.0094595,-0.000083,-0.87%,172623,160812
J6U20,2020-08-03,0.009458,0.0094755,0.009396,0.0094395,-0.00002,-0.21%,109474,159131
J6U20,2020-08-04,0.009441,0.0094705,0.00942,0.009458,0.0000185,+0.20%,70609,157968
J6U20,2020-08-05,0.0094605,0.0094985,0.009449,0.0094715,0.0000135,+0.14%,78801,159114
J6U20,2020-08-06,0.009473,0.0095005,0.009464,0.009475,0.0000035,+0.04%,74381,158052
J6U20,2020-08-07,0.009481,0.0094835,0.009432,0.009443,-0.000032,-0.34%,91528,155341
J6U20,2020-08-10,0.009447,0.0094635,0.009419,0.009442,-0.000001,-0.01%,55807,153434
J6U20,2020-08-11,0.0094425,0.009444,0.0093765,0.0093785,-0.0000635,-0.67%,99616,150149
J6U20,2020-08-12,0.0093925,0.009398,0.009345,0.009361,-0.0000175,-0.19%,89240,146554
J6U20,2020-08-13,0.0093595,0.0093865,0.009344,0.009356,-0.000005,-0.05%,87057,145400
J6U20,2020-08-14,0.0093555,0.0093985,0.009345,0.009387,0.000031,+0.33%,65308,142033
J6U20,2020-08-17,0.009384,0.009442,0.0093785,0.0094335,0.0000465,+0.50%,72400,142839
J6U20,2020-08-18,0.0094355,0.009502,0.0094325,0.00949,0.0000565,+0.60%,87648,147076
J6U20,2020-08-19,0.0094905,0.009517,0.0094225,0.009445,-0.000045,-0.47%,91380,148848
J6U20,2020-08-20,0.0094325,0.009459,0.0094165,0.0094575,0.0000125,+0.13%,75935,148770
J6U20,2020-08-21,0.0094535,0.009486,0.0094295,0.0094525,-0.000005,-0.05%,70707,150268
J6U20,2020-08-24,0.009456,0.0094635,0.009436,0.0094395,-0.000013,-0.14%,49421,147689
J6U20,2020-08-25,0.009436,0.0094475,0.0093845,0.009405,-0.0000345,-0.37%,84710,147553
J6U20,2020-08-26,0.0094005,0.0094395,0.009386,0.009434,0.000029,+0.31%,73924,147073
J6U20,2020-08-27,0.0094355,0.0094715,0.0093725,0.0093815,-0.0000525,-0.56%,133339,147168
J6U20,2020-08-28,0.0093865,0.0095075,0.0093515,0.009487,0.0001055,+1.12%,186247,153993
J6U20,2020-08-31,0.009487,0.009499,0.0094265,0.0094475,-0.0000395,-0.42%,102116,147160
J6U20,2020-09-01,0.0094465,0.0094715,0.009421,0.0094385,-0.000009,-0.10%,82328,145922
J6U20,2020-09-02,0.009438,0.009448,0.009408,0.0094085,-0.00003,-0.32%,69109,146056
J6U20,2020-09-03,0.0094195,0.009434,0.0093855,0.009429,0.0000205,+0.22%,93051,146010
J6U20,2020-09-04,0.009419,0.0094295,0.009389,0.0094165,-0.0000125,-0.13%,100448,143933
J6U20,2020-09-08,0.009413,0.0094475,0.0094,0.0094305,0.000014,+0.15%,160431,151546
J6U20,2020-09-09,0.009438,0.0094535,0.00941,0.009416,-0.0000145,-0.15%,230875,156037
J6Z20,2020-09-10,0.0094305,0.009447,0.0094185,0.009435,0.000019,+0.20%,176382,152950
J6Z20,2020-09-11,0.009431,0.0094405,0.0094215,0.0094355,0.0000005,+0.01%,107178,158938
J6Z20,2020-09-14,0.009436,0.009488,0.0094305,0.009471,0.0000355,+0.38%,69838,146372
J6Z20,2020-09-15,0.0094725,0.009508,0.0094615,0.009493,0.000022,+0.23%,70287,148912
J6Z20,2020-09-16,0.009497,0.009553,0.0094955,0.0095335,0.0000405,+0.43%,102664,149960
J6Z20,2020-09-17,0.009541,0.0095775,0.0095185,0.0095625,0.000029,+0.30%,96875,159861
J6Z20,2020-09-18,0.0095565,0.0096005,0.009546,0.0095755,0.000013,+0.14%,87671,167638
J6Z20,2020-09-21,0.0095725,0.0096255,0.0095405,0.009553,-0.0000225,-0.23%,112074,169972
J6Z20,2020-09-22,0.0095655,0.0095885,0.009527,0.0095405,-0.0000125,-0.13%,69374,169251
J6Z20,2020-09-23,0.00954,0.0095405,0.009485,0.0094955,-0.000045,-0.47%,86737,162760
J6Z20,2020-09-24,0.009503,0.0095135,0.0094845,0.0094945,-0.000001,-0.01%,78793,160347
J6Z20,2020-09-25,0.009495,0.00951,0.009469,0.009478,-0.0000165,-0.17%,66789,157555
J6Z20,2020-09-28,0.009475,0.0095085,0.009472,0.009486,0.000008,+0.08%,57732,157663
J6Z20,2020-09-29,0.009483,0.009501,0.0094655,0.009471,-0.000015,-0.16%,61404,158298
J6Z20,2020-09-30,0.0094735,0.0094955,0.0094595,0.0094875,0.0000165,+0.17%,89105,159942
J6Z20,2020-10-01,0.00949,0.009495,0.0094655,0.009481,-0.0000065,-0.07%,68264,160084
J6Z20,2020-10-02,0.0094845,0.0095365,0.009471,0.0094965,0.0000155,+0.16%,104451,162445
J6Z20,2020-10-05,0.0094905,0.009494,0.0094575,0.009466,-0.0000305,-0.32%,65973,160676
J6Z20,2020-10-06,0.009465,0.009488,0.0094595,0.0094805,0.0000145,+0.15%,64144,163024
J6Z20,2020-10-07,0.009475,0.0094765,0.009431,0.0094375,-0.000043,-0.45%,75728,162077
J6Z20,2020-10-08,0.009443,0.009447,0.0094305,0.009439,0.0000015,+0.02%,45444,162117
J6Z20,2020-10-09,0.0094395,0.009478,0.009437,0.0094735,0.0000345,+0.37%,69645,161722
J6Z20,2020-10-12,0.0094645,0.009509,0.009464,0.009499,0.0000255,+0.27%,63984,167173
J6Z20,2020-10-13,0.009501,0.009505,0.0094735,0.0094855,-0.0000135,-0.14%,59093,165616
J6Z20,2020-10-14,0.0094865,0.009527,0.0094835,0.0095205,0.000035,+0.37%,75011,170719
J6Z20,2020-10-15,0.0095195,0.0095205,0.009485,0.009489,-0.0000315,-0.33%,78920,169498
J6Z20,2020-10-16,0.009491,0.009513,0.0094895,0.009494,0.000005,+0.05%,66416,170172
J6Z20,2020-10-19,0.009495,0.0095025,0.0094825,0.00949,-0.000004,-0.04%,55892,168749
J6Z20,2020-10-20,0.009491,0.009492,0.0094615,0.0094885,-0.0000015,-0.02%,74932,166091
J6Z20,2020-10-21,0.0094855,0.00959,0.0094815,0.009571,0.0000825,+0.87%,147008,182384
J6Z20,2020-10-22,0.0095655,0.0095765,0.009536,0.0095415,-0.0000295,-0.31%,97811,177685
J6Z20,2020-10-23,0.0095435,0.00957,0.0095345,0.009553,0.0000115,+0.12%,74696,175444
J6Z20,2020-10-26,0.0095615,0.0095625,0.009524,0.009542,-0.000011,-0.12%,86751,174949
J6Z20,2020-10-27,0.009543,0.0095855,0.009539,0.009576,0.000034,+0.36%,75310,177622
J6Z20,2020-10-28,0.009578,0.0096095,0.0095695,0.0095895,0.0000135,+0.14%,105277,186256
J6Z20,2020-10-29,0.0095905,0.009618,0.009553,0.0095595,-0.00003,-0.31%,98469,186887
J6Z20,2020-10-30,0.009564,0.009608,0.009551,0.0095575,-0.000002,-0.02%,108902,187992
J6Z20,2020-11-02,0.0095605,0.009568,0.0095325,0.009544,-0.0000135,-0.14%,69143,184720
J6Z20,2020-11-03,0.0095525,0.0095805,0.0095465,0.009565,0.000021,+0.22%,69273,184751
J6Z20,2020-11-04,0.009567,0.0096065,0.0094965,0.009578,0.000013,+0.14%,134060,183694
J6Z20,2020-11-05,0.0095725,0.009671,0.009572,0.0096655,0.0000875,+0.91%,122319,193235
J6Z20,2020-11-06,0.009656,0.009696,0.009642,0.0096915,0.000026,+0.27%,121605,191143
J6Z20,2020-11-09,0.009684,0.0096915,0.0094685,0.009489,-0.0002025,-2.09%,195376,186714
J6Z20,2020-11-10,0.0095035,0.0095435,0.009483,0.009501,0.000012,+0.13%,135635,183518
J6Z20,2020-11-11,0.009503,0.009526,0.0094655,0.0094865,-0.0000145,-0.15%,81031,181653
J6Z20,2020-11-12,0.009488,0.0095205,0.0094835,0.009518,0.0000315,+0.33%,91945,174142
J6Z20,2020-11-13,0.009517,0.0095665,0.0095125,0.0095605,0.0000425,+0.45%,85559,166397
J6Z20,2020-11-16,0.0095565,0.009585,0.009514,0.009564,0.0000035,+0.04%,101563,163507
J6Z20,2020-11-17,0.009565,0.009612,0.009565,0.0095985,0.0000345,+0.36%,79008,165073
J6Z20,2020-11-18,0.009602,0.0096505,0.0096,0.0096345,0.000036,+0.38%,89277,168178
J6Z20,2020-11-19,0.009633,0.009645,0.0095975,0.009637,0.0000025,+0.03%,92050,170446
J6Z20,2020-11-20,0.0096395,0.0096455,0.0096265,0.009634,-0.000003,-0.03%,79034,175228
J6Z20,2020-11-23,0.009636,0.0096475,0.009559,0.009572,-0.000062,-0.64%,99261,177026
J6Z20,2020-11-24,0.0095705,0.0096045,0.0095475,0.009566,-0.000006,-0.06%,110813,179503
J6Z20,2020-11-25,0.009572,0.009594,0.0095625,0.0095785,0.0000125,+0.13%,82811,186897
J6Z20,2020-11-27,0.009577,0.0096255,0.009575,0.0096145,0.000036,+0.38%,115123,191045
J6Z20,2020-11-30,0.009613,0.0096325,0.009579,0.0095865,-0.000028,-0.29%,113278,190664
J6Z20,2020-12-01,0.0095865,0.0096,0.0095635,0.0095795,-0.000007,-0.07%,98322,185873
J6Z20,2020-12-02,0.009588,0.0095955,0.0095465,0.0095655,-0.000014,-0.15%,95252,186197
J6Z20,2020-12-03,0.009578,0.009647,0.009567,0.0096195,0.000054,+0.56%,111195,191151
J6Z20,2020-12-04,0.009628,0.00964,0.0095935,0.0096075,-0.000012,-0.12%,117853,190422
J6Z20,2020-12-07,0.009598,0.0096235,0.009587,0.009618,0.0000105,+0.11%,148043,193962
J6Z20,2020-12-08,0.009613,0.0096205,0.0095955,0.0096,-0.000018,-0.19%,171390,193326
J6Z20,2020-12-09,0.009602,0.009611,0.009578,0.0095945,-0.0000055,-0.06%,283635,231821
J6H21,2020-12-10,0.009605,0.0096145,0.009577,0.009613,0.0000185,+0.19%,267636,265689
J6H21,2020-12-11,0.00961,0.0096465,0.0096055,0.0096295,0.0000165,+0.17%,185827,267096
J6H21,2020-12-14,0.0096325,0.009675,0.009619,0.009623,-0.0000065,-0.07%,115911,193660
J6H21,2020-12-15,0.0096275,0.0096655,0.009614,0.0096575,0.0000345,+0.36%,84969,193317
J6H21,2020-12-16,0.00966,0.0096985,0.0096375,0.0096645,0.000007,+0.07%,115158,196999
J6H21,2020-12-17,0.0096805,0.009736,0.0096705,0.0097125,0.000048,+0.50%,115611,204819
J6H21,2020-12-18,0.009713,0.009713,0.0096665,0.0096945,-0.000018,-0.19%,91975,196818
J6H21,2020-12-21,0.009689,0.0097,0.009638,0.0096925,-0.000002,-0.02%,111024,196845
J6H21,2020-12-22,0.009691,0.0096985,0.0096555,0.009662,-0.0000305,-0.31%,73770,198975
J6H21,2020-12-23,0.009666,0.0096915,0.009662,0.0096655,0.0000035,+0.04%,84523,198529
J6H21,2020-12-24,0.0096735,0.009675,0.0096495,0.0096595,-0.000006,-0.06%,46774,195493
J6H21,2020-12-28,0.0096645,0.0096825,0.0096355,0.0096415,-0.000018,-0.19%,75768,194179
J6H21,2020-12-29,0.0096435,0.0096735,0.009641,0.009668,0.0000265,+0.27%,67095,194454
J6H21,2020-12-30,0.009666,0.009721,0.0096615,0.009692,0.000024,+0.25%,87301,207610
J6H21,2020-12-31,0.009694,0.0097175,0.009686,0.009689,-0.000003,-0.03%,47480,206071
J6H21,2021-01-04,0.0096995,0.0097435,0.0096865,0.009705,0.000016,+0.17%,93033,205407
J6H21,2021-01-05,0.009703,0.0097535,0.009698,0.0097495,0.0000445,+0.46%,82030,206963
J6H21,2021-01-06,0.0097445,0.0097545,0.0096735,0.0097035,-0.000046,-0.47%,133329,200516
J6H21,2021-01-07,0.0097085,0.00972,0.009625,0.0096345,-0.000069,-0.71%,121281,198528
J6H21,2021-01-08,0.009635,0.0096585,0.009613,0.00963,-0.0000045,-0.05%,126311,194227
J6H21,2021-01-11,0.0096255,0.009629,0.009585,0.009607,-0.000023,-0.24%,65211,191407
J6H21,2021-01-12,0.009603,0.0096475,0.00959,0.009638,0.000031,+0.32%,70005,190811
J6H21,2021-01-13,0.0096435,0.0096665,0.0096215,0.009633,-0.000005,-0.05%,82376,192262
J6H21,2021-01-14,0.0096345,0.009662,0.0096025,0.009641,0.000008,+0.08%,87587,192620
J6H21,2021-01-15,0.0096385,0.0096565,0.009629,0.0096335,-0.0000075,-0.08%,60510,194438
J6H21,2021-01-19,0.009637,0.0096545,0.009612,0.009633,-0.0000005,-0.01%,116738,191540
J6H21,2021-01-20,0.009628,0.009672,0.0096265,0.0096635,0.0000305,+0.32%,68456,195632
J6H21,2021-01-21,0.009661,0.0096825,0.0096515,0.0096655,0.000002,+0.02%,78371,193698
J6H21,2021-01-22,0.009667,0.0096685,0.0096305,0.009636,-0.0000295,-0.31%,60536,194618
J6H21,2021-01-25,0.009638,0.0096505,0.009626,0.0096385,0.0000025,+0.03%,65261,193116
J6H21,2021-01-26,0.009641,0.0096615,0.0096355,0.0096525,0.000014,+0.15%,59575,193822
J6H21,2021-01-27,0.009655,0.009658,0.009601,0.009606,-0.0000465,-0.48%,113647,195224
J6H21,2021-01-28,0.0096115,0.009613,0.0095765,0.0095975,-0.0000085,-0.09%,104586,200705
J6H21,2021-01-29,0.009597,0.009599,0.0095325,0.009551,-0.0000465,-0.48%,132333,197595
J6H21,2021-02-01,0.009547,0.0095625,0.009524,0.009532,-0.000019,-0.20%,83663,192632
J6H21,2021-02-02,0.009531,0.0095425,0.009511,0.00952,-0.000012,-0.13%,72944,190948
J6H21,2021-02-03,0.0095275,0.009534,0.009517,0.009522,0.000002,+0.02%,63630,190639
J6H21,2021-02-04,0.0095245,0.009529,0.0094745,0.0094795,-0.0000425,-0.45%,81687,190397
J6H21,2021-02-05,0.009479,0.009496,0.0094575,0.0094865,0.000007,+0.07%,113985,189450
J6H21,2021-02-08,0.009493,0.009521,0.009466,0.0095065,0.00002,+0.21%,84083,186355
J6H21,2021-02-09,0.009506,0.009572,0.009503,0.009568,0.0000615,+0.65%,97591,183901
J6H21,2021-02-10,0.009568,0.0095795,0.00954,0.0095585,-0.0000095,-0.10%,89317,180530
J6H21,2021-02-11,0.0095625,0.0095675,0.0095435,0.009548,-0.0000105,-0.11%,49971,180781
J6H21,2021-02-12,0.009547,0.0095505,0.009509,0.009528,-0.00002,-0.21%,77050,178644
J6H21,2021-02-16,0.0095305,0.0095315,0.0094295,0.009445,-0.000083,-0.87%,150447,188119
J6H21,2021-02-17,0.009426,0.009456,0.0094155,0.0094435,-0.0000015,-0.02%,115410,189505
J6H21,2021-02-18,0.009447,0.0094715,0.009442,0.0094625,0.000019,+0.20%,83029,187885
J6H21,2021-02-19,0.009464,0.009504,0.0094575,0.009481,0.0000185,+0.20%,109929,186704
J6H21,2021-02-22,0.0094805,0.0095265,0.009449,0.0095235,0.0000425,+0.45%,111122,183297
J6H21,2021-02-23,0.0095205,0.0095325,0.009486,0.009496,-0.0000275,-0.29%,84392,183247
J6H21,2021-02-24,0.009504,0.009508,0.0094255,0.0094405,-0.0000555,-0.58%,132314,187017
J6H21,2021-02-25,0.009446,0.0094485,0.0093985,0.0094155,-0.000025,-0.26%,142478,186715
J6H21,2021-02-26,0.009412,0.0094485,0.0093735,0.0093785,-0.000037,-0.39%,146150,188204
J6H21,2021-03-01,0.009383,0.009402,0.0093565,0.009364,-0.0000145,-0.15%,89631,186731
J6H21,2021-03-02,0.0093655,0.009375,0.00935,0.009368,0.000004,+0.04%,77352,189270
J6H21,2021-03-03,0.0093725,0.0093735,0.0093325,0.0093485,-0.0000195,-0.21%,85368,191032
J6H21,2021-03-04,0.009348,0.009349,0.0092605,0.009268,-0.0000805,-0.86%,118543,199256
J6H21,2021-03-05,0.009262,0.0092745,0.0092045,0.009231,-0.000037,-0.40%,139748,200277
J6H21,2021-03-08,0.009227,0.009233,0.009179,0.0091855,-0.0000455,-0.49%,146062,204667
J6H21,2021-03-09,0.009181,0.0092235,0.009155,0.0092195,0.000034,+0.37%,208363,211347
J6H21,2021-03-10,0.009216,0.0092305,0.0091805,0.0092255,0.000006,+0.07%,273013,213828
J6H21,2021-03-11,0.0092245,0.0092285,0.00919,0.0092205,-0.000005,-0.05%,248607,215425
J6M21,2021-03-12,0.0092235,0.0092245,0.0091685,0.009177,-0.0000435,-0.47%,150817,210938
J6M21,2021-03-15,0.009183,0.00919,0.0091515,0.0091695,-0.0000075,-0.08%,77984,142086
J6M21,2021-03-16,0.0091675,0.0092015,0.0091575,0.009183,0.0000135,+0.15%,85125,145951
J6M21,2021-03-17,0.009182,0.009204,0.009155,0.0091945,0.0000115,+0.13%,113181,152864
J6M21,2021-03-18,0.0091945,0.0092135,0.009155,0.009182,-0.0000125,-0.14%,131701,155286
J6M21,2021-03-19,0.009187,0.0092145,0.00917,0.0091915,0.0000095,+0.10%,112783,159371
J6M21,2021-03-22,0.0092175,0.0092175,0.009185,0.009199,0.0000075,+0.08%,77473,159450
J6M21,2021-03-23,0.009195,0.009232,0.009192,0.009203,0.000004,+0.04%,89190,160581
J6M21,2021-03-24,0.009215,0.009228,0.0091845,0.0092075,0.0000045,+0.05%,87994,161984
J6M21,2021-03-25,0.009204,0.009205,0.0091605,0.009171,-0.0000365,-0.40%,86562,163160
J6M21,2021-03-26,0.0091655,0.00917,0.0091095,0.0091235,-0.0000475,-0.52%,101662,168884
J6M21,2021-03-29,0.009123,0.0091495,0.0091105,0.0091125,-0.000011,-0.12%,82888,165245
J6M21,2021-03-30,0.009113,0.0091175,0.0090625,0.0090685,-0.000044,-0.48%,96153,166091
J6M21,2021-03-31,0.0090675,0.009075,0.009018,0.0090355,-0.000033,-0.36%,125310,165473
J6M21,2021-04-01,0.009035,0.0090515,0.009027,0.0090455,0.00001,+0.11%,91755,167346
J6M21,2021-04-05,0.009043,0.0091005,0.0090355,0.0090835,0.000038,+0.42%,75824,166834
J6M21,2021-04-06,0.009086,0.0091245,0.0090505,0.0091085,0.000025,+0.28%,125662,164310
J6M21,2021-04-07,0.009117,0.0091315,0.0091015,0.009113,0.0000045,+0.05%,98408,164692
J6M21,2021-04-08,0.00911,0.00918,0.0091045,0.009158,0.000045,+0.49%,112433,165536
J6M21,2021-04-09,0.0091575,0.0091615,0.009099,0.009125,-0.000033,-0.36%,112860,162544
J6M21,2021-04-12,0.009123,0.0091585,0.009115,0.009144,0.000019,+0.21%,85229,166085
J6M21,2021-04-13,0.0091475,0.009178,0.0091165,0.009173,0.000029,+0.32%,107900,165431
J6M21,2021-04-14,0.0091745,0.0092005,0.0091715,0.0091845,0.0000115,+0.13%,88580,165928
J6M21,2021-04-15,0.009186,0.009212,0.0091825,0.009208,0.0000235,+0.26%,91792,165824
J6M21,2021-04-16,0.0092005,0.0092125,0.0091815,0.0091965,-0.0000115,-0.12%,77353,164776
J6M21,2021-04-19,0.009195,0.009263,0.009193,0.0092545,0.000058,+0.63%,124308,164187
J6M21,2021-04-20,0.0092515,0.009266,0.009217,0.0092535,-0.000001,-0.01%,110509,162649
J6M21,2021-04-21,0.009258,0.0092745,0.009239,0.009255,0.0000015,+0.02%,95399,161665
J6M21,2021-04-22,0.0092585,0.009279,0.0092435,0.009255,0,0.00%,113159,154768
J6M21,2021-04-23,0.009267,0.0093085,0.0092505,0.009269,0.000014,+0.15%,115203,156434
J6M21,2021-04-26,0.009269,0.0092945,0.0092465,0.009253,-0.000016,-0.17%,109559,154079
J6M21,2021-04-27,0.0092555,0.0092555,0.009197,0.009199,-0.000054,-0.58%,100937,154894
J6M21,2021-04-28,0.009202,0.0092135,0.0091705,0.0092045,0.0000055,+0.06%,127636,151371
J6M21,2021-04-29,0.0092095,0.009225,0.009158,0.009188,-0.0000165,-0.18%,102750,150701
J6M21,2021-04-30,0.009184,0.0092015,0.009145,0.0091515,-0.0000365,-0.40%,107611,148889
J6M21,2021-05-03,0.0091505,0.009186,0.0091185,0.009168,0.0000165,+0.18%,81402,150124
J6M21,2021-05-04,0.009172,0.009175,0.0091365,0.009152,-0.000016,-0.17%,87467,152676
J6M21,2021-05-05,0.0091525,0.009165,0.009136,0.0091555,0.0000035,+0.04%,72153,154126
J6M21,2021-05-06,0.00916,0.009176,0.009141,0.0091735,0.000018,+0.20%,104957,150551
J6M21,2021-05-07,0.009172,0.0092325,0.009152,0.009209,0.0000355,+0.39%,137308,151206
J6M21,2021-05-10,0.009208,0.0092215,0.0091715,0.009192,-0.000017,-0.18%,97337,151383
J6M21,2021-05-11,0.0091905,0.009232,0.009178,0.009206,0.000014,+0.15%,109959,152404
J6M21,2021-05-12,0.009209,0.00921,0.0091165,0.009127,-0.000079,-0.86%,149700,162453
J6M21,2021-05-13,0.0091205,0.009142,0.00911,0.0091385,0.0000115,+0.13%,95933,164275
J6M21,2021-05-14,0.009136,0.009161,0.0091215,0.0091465,0.000008,+0.09%,74737,160372
J6M21,2021-05-17,0.0091525,0.00917,0.0091335,0.009161,0.0000145,+0.16%,73408,157880
J6M21,2021-05-18,0.009159,0.009191,0.009152,0.0091875,0.0000265,+0.29%,74743,154727
J6M21,2021-05-19,0.0091865,0.0092125,0.0091475,0.009159,-0.0000285,-0.31%,131999,155339
J6M21,2021-05-20,0.0091595,0.009197,0.00915,0.009192,0.000033,+0.36%,78739,156296
J6M21,2021-05-21,0.0091935,0.0092085,0.009175,0.0091825,-0.0000095,-0.10%,77161,154160
J6M21,2021-05-24,0.009182,0.009201,0.009176,0.009194,0.0000115,+0.13%,64803,153084
J6M21,2021-05-25,0.009195,0.009213,0.009169,0.0092,0.000006,+0.07%,110435,153196
J6M21,2021-05-26,0.0091955,0.009199,0.0091605,0.009165,-0.000035,-0.38%,92695,154873
J6M21,2021-05-27,0.009165,0.0091715,0.0090975,0.009109,-0.000056,-0.61%,128027,164015
J6M21,2021-05-28,0.0091035,0.009113,0.009075,0.0091095,0.0000005,+0.01%,118181,166593
J6M21,2021-06-01,0.009105,0.0091475,0.009097,0.00914,0.0000305,+0.33%,144831,162091
J6M21,2021-06-02,0.009134,0.009137,0.009101,0.0091275,-0.0000125,-0.14%,101399,162790
J6M21,2021-06-03,0.009128,0.0091285,0.009064,0.009066,-0.0000615,-0.67%,100550,168876
J6M21,2021-06-04,0.0090665,0.0091445,0.009064,0.0091315,0.0000655,+0.72%,137826,163857
J6M21,2021-06-07,0.009131,0.0091595,0.009122,0.0091535,0.000022,+0.24%,119923,163328
J6M21,2021-06-08,0.0091545,0.0091585,0.009128,0.009133,-0.0000205,-0.22%,149720,161592
J6M21,2021-06-09,0.009134,0.009156,0.0091195,0.009127,-0.000006,-0.07%,226787,164524
J6U21,2021-06-10,0.009129,0.0091555,0.0091135,0.0091445,0.0000175,+0.19%,206973,176712
J6U21,2021-06-11,0.009153,0.0091545,0.0091095,0.0091215,-0.000023,-0.25%,126098,180730
J6U21,2021-06-14,0.0091255,0.0091295,0.009089,0.009089,-0.0000325,-0.36%,78784,152949
J6U21,2021-06-15,0.0090925,0.0090985,0.0090835,0.009089,0,0.00%,65933,155359
J6U21,2021-06-16,0.0090905,0.009114,0.0090375,0.0090565,-0.0000325,-0.36%,113283,160867
J6U21,2021-06-17,0.009042,0.0090835,0.009029,0.0090765,0.00002,+0.22%,140258,172760
J6U21,2021-06-18,0.009075,0.0091025,0.009057,0.0090855,0.000009,+0.10%,122588,174316
J6U21,2021-06-21,0.009079,0.009121,0.0090685,0.0090745,-0.000011,-0.12%,105549,178085
J6U21,2021-06-22,0.009071,0.0090795,0.009032,0.009046,-0.0000285,-0.31%,84124,190545
J6U21,2021-06-23,0.009042,0.0090455,0.0090065,0.0090175,-0.0000285,-0.32%,90283,193646
J6U21,2021-06-24,0.0090165,0.009041,0.009005,0.0090265,0.000009,+0.10%,61349,196376
J6U21,2021-06-25,0.0090255,0.0090575,0.009016,0.009028,0.0000015,+0.02%,71189,195050
J6U21,2021-06-28,0.009034,0.0090565,0.0090165,0.0090525,0.0000245,+0.27%,83750,194107
J6U21,2021-06-29,0.0090465,0.0090615,0.0090335,0.0090555,0.000003,+0.03%,66596,195698
J6U21,2021-06-30,0.00905,0.0090625,0.0090035,0.009007,-0.0000485,-0.54%,109675,208211
J6U21,2021-07-01,0.0090075,0.0090115,0.008962,0.0089635,-0.0000435,-0.48%,100349,218636
J6U21,2021-07-02,0.008971,0.0090185,0.0089605,0.008996,0.0000325,+0.36%,101778,213419
J6U21,2021-07-06,0.0090105,0.0090535,0.008999,0.0090445,0.0000485,+0.54%,126900,205341
J6U21,2021-07-07,0.009045,0.0090635,0.0090285,0.009045,0.0000005,+0.01%,88995,204400
J6U21,2021-07-08,0.009042,0.009135,0.00904,0.0091115,0.0000665,+0.74%,149934,201136
J6U21,2021-07-09,0.0091165,0.009117,0.0090745,0.0090825,-0.000029,-0.32%,104980,202954
J6U21,2021-07-12,0.009086,0.0090975,0.009062,0.0090685,-0.000014,-0.15%,70209,203323
J6U21,2021-07-13,0.0090665,0.0090795,0.009042,0.009046,-0.0000225,-0.25%,83651,203727
J6U21,2021-07-14,0.009044,0.009101,0.0090375,0.0090945,0.0000485,+0.54%,79929,203475
J6U21,2021-07-15,0.009099,0.0091185,0.009084,0.00911,0.0000155,+0.17%,88097,198946
J6U21,2021-07-16,0.009109,0.0091175,0.0090665,0.009089,-0.000021,-0.23%,83031,200687
J6U21,2021-07-19,0.009092,0.009173,0.009087,0.0091385,0.0000495,+0.54%,147718,196794
J6U21,2021-07-20,0.00914,0.009151,0.0090975,0.0091095,-0.000029,-0.32%,117411,192301
J6U21,2021-07-21,0.0091045,0.0091105,0.0090625,0.0090725,-0.000037,-0.41%,88345,195702
J6U21,2021-07-22,0.00907,0.0090935,0.009065,0.009082,0.0000095,+0.10%,72544,195142
J6U21,2021-07-23,0.009082,0.009087,0.0090455,0.009048,-0.000034,-0.37%,81025,197986
J6U21,2021-07-26,0.009048,0.0090845,0.0090465,0.009063,0.000015,+0.17%,77392,198972
J6U21,2021-07-27,0.0090635,0.009129,0.009062,0.0091175,0.0000545,+0.60%,97272,196102
J6U21,2021-07-28,0.0091145,0.0091155,0.00907,0.0090955,-0.000022,-0.24%,99998,195622
J6U21,2021-07-29,0.0090995,0.009142,0.0090985,0.009138,0.0000425,+0.47%,88321,193503
J6U21,2021-07-30,0.0091365,0.0091475,0.0091075,0.0091135,-0.0000245,-0.27%,80800,192933
J6U21,2021-08-02,0.0091135,0.009162,0.0091125,0.0091565,0.000043,+0.47%,102604,189330
J6U21,2021-08-03,0.009151,0.0091875,0.0091485,0.009168,0.0000115,+0.13%,87531,189242
J6U21,2021-08-04,0.009174,0.0092,0.00912,0.0091375,-0.0000305,-0.33%,138479,187520
J6U21,2021-08-05,0.009138,0.009143,0.0091105,0.009114,-0.0000235,-0.26%,76996,185694
J6U21,2021-08-06,0.009112,0.0091175,0.0090635,0.009075,-0.000039,-0.43%,108817,195565
J6U21,2021-08-09,0.00907,0.009091,0.0090635,0.0090695,-0.0000055,-0.06%,66242,196220
J6U21,2021-08-10,0.009066,0.0090705,0.0090435,0.0090455,-0.000024,-0.26%,76785,206131
J6U21,2021-08-11,0.0090465,0.0090675,0.009027,0.0090555,0.00001,+0.11%,91588,209935
J6U21,2021-08-12,0.0090575,0.0090665,0.0090475,0.009055,-0.0000005,-0.01%,61371,211046
J6U21,2021-08-13,0.009059,0.009131,0.0090555,0.009126,0.000071,+0.78%,93857,201054
J6U21,2021-08-16,0.009125,0.0091665,0.0091135,0.0091565,0.0000305,+0.33%,99909,197350
J6U21,2021-08-17,0.0091545,0.009166,0.009121,0.0091285,-0.000028,-0.31%,102257,196495
J6U21,2021-08-18,0.009127,0.0091355,0.0090865,0.009102,-0.0000265,-0.29%,90224,193765
J6U21,2021-08-19,0.0091075,0.009135,0.0090735,0.0091095,0.0000075,+0.08%,108913,195981
J6U21,2021-08-20,0.009113,0.0091285,0.009102,0.0091085,-0.000001,-0.01%,73828,195090
J6U21,2021-08-23,0.0091105,0.009121,0.00908,0.0091185,0.00001,+0.11%,76178,194705
J6U21,2021-08-24,0.0091195,0.009141,0.0091015,0.009118,-0.0000005,-0.01%,77534,194477
J6U21,2021-08-25,0.009121,0.009121,0.0090815,0.009094,-0.000024,-0.26%,84700,194804
J6U21,2021-08-26,0.009091,0.009098,0.009073,0.00909,-0.000004,-0.04%,82077,197185
J6U21,2021-08-27,0.0090865,0.009111,0.0090655,0.009106,0.000016,+0.18%,95054,193156
J6U21,2021-08-30,0.009105,0.0091165,0.009095,0.009101,-0.000005,-0.05%,48552,192832
J6U21,2021-08-31,0.0090985,0.0091265,0.009085,0.009092,-0.000009,-0.10%,115398,193999
J6U21,2021-09-01,0.0090935,0.009102,0.0090565,0.009097,0.000005,+0.05%,117375,192482
J6U21,2021-09-02,0.0090905,0.0090985,0.0090815,0.009094,-0.000003,-0.03%,65753,190581
J6U21,2021-09-03,0.009096,0.00913,0.0090855,0.009122,0.000028,+0.31%,136465,188607
J6U21,2021-09-07,0.009109,0.0091175,0.0090645,0.0090675,-0.0000545,-0.60%,245326,204435
J6U21,2021-09-08,0.0090685,0.009079,0.009054,0.0090725,0.000005,+0.06%,291258,226837
J6Z21,2021-09-09,0.009074,0.009129,0.009074,0.0091225,0.00005,+0.55%,319241,245033
J6Z21,2021-09-10,0.009119,0.0091225,0.009098,0.0091045,-0.000018,-0.20%,122643,246910
J6Z21,2021-09-13,0.009106,0.0091225,0.0090835,0.009096,-0.0000085,-0.09%,71523,189773
J6Z21,2021-09-14,0.0090955,0.0091365,0.0090805,0.009128,0.000032,+0.35%,105265,192088
J6Z21,2021-09-15,0.0091225,0.0091715,0.0091185,0.009147,0.000019,+0.21%,100160,194220
J6Z21,2021-09-16,0.00915,0.0091625,0.009111,0.0091215,-0.0000255,-0.28%,95675,188885
J6Z21,2021-09-17,0.009119,0.0091245,0.0090895,0.009103,-0.0000185,-0.20%,92109,190018
J6Z21,2021-09-20,0.0091025,0.0091535,0.009093,0.0091495,0.0000465,+0.51%,108675,187510
J6Z21,2021-09-21,0.0091475,0.009165,0.009121,0.0091615,0.000012,+0.13%,98433,191213
J6Z21,2021-09-22,0.0091615,0.0091705,0.0091045,0.009107,-0.0000545,-0.59%,120506,185956
J6Z21,2021-09-23,0.0091135,0.009116,0.009067,0.009076,-0.000031,-0.34%,98368,188684
J6Z21,2021-09-24,0.00907,0.009075,0.00903,0.0090305,-0.0000455,-0.50%,107637,200637
J6Z21,2021-09-27,0.009036,0.0090515,0.0090075,0.0090125,-0.000018,-0.20%,103245,209783
J6Z21,2021-09-28,0.0090145,0.009019,0.0089615,0.0089655,-0.000047,-0.52%,151082,219638
J6Z21,2021-09-29,0.0089725,0.0089965,0.008929,0.0089345,-0.000031,-0.35%,133875,229908
J6Z21,2021-09-30,0.0089355,0.008994,0.008926,0.008981,0.0000465,+0.52%,133066,232813
J6Z21,2021-10-01,0.0089905,0.009022,0.008974,0.0090095,0.0000285,+0.32%,132244,224119
J6Z21,2021-10-04,0.0090145,0.0090275,0.0089885,0.009021,0.0000115,+0.13%,100834,222631
J6Z21,2021-10-05,0.0090205,0.0090235,0.008968,0.008974,-0.000047,-0.52%,92821,226379
J6Z21,2021-10-06,0.008975,0.0089975,0.0089495,0.0089785,0.0000045,+0.05%,113348,221493
J6Z21,2021-10-07,0.0089795,0.0089945,0.0089605,0.008963,-0.0000155,-0.17%,78289,224485
J6Z21,2021-10-08,0.0089615,0.008972,0.008912,0.008917,-0.000046,-0.51%,145206,230309
J6Z21,2021-10-11,0.008913,0.0089185,0.008821,0.008827,-0.00009,-1.01%,97059,236041
J6Z21,2021-10-12,0.008826,0.008853,0.0087915,0.0088015,-0.0000255,-0.29%,134202,243617
J6Z21,2021-10-13,0.008805,0.0088355,0.0087905,0.008825,0.0000235,+0.27%,132576,252547
J6Z21,2021-10-14,0.008834,0.0088365,0.0087965,0.0088015,-0.0000235,-0.27%,96596,257228
J6Z21,2021-10-15,0.008801,0.008801,0.0087395,0.0087555,-0.000046,-0.52%,130350,257201
J6Z21,2021-10-18,0.0087545,0.008774,0.00874,0.008755,-0.0000005,-0.01%,112755,261450
J6Z21,2021-10-19,0.0087495,0.0087845,0.008744,0.0087515,-0.0000035,-0.04%,99346,266750
J6Z21,2021-10-20,0.008748,0.008769,0.0087215,0.00876,0.0000085,+0.10%,102970,264066
J6Z21,2021-10-21,0.00875,0.008802,0.008743,0.0087805,0.0000205,+0.23%,122186,262511
J6Z21,2021-10-22,0.008773,0.0088205,0.0087585,0.0088195,0.000039,+0.44%,118176,259845
J6Z21,2021-10-25,0.0088135,0.0088165,0.0087805,0.008797,-0.0000225,-0.26%,86527,259556
J6Z21,2021-10-26,0.008797,0.0087985,0.0087505,0.008762,-0.000035,-0.40%,87339,265254
J6Z21,2021-10-27,0.0087635,0.008822,0.0087575,0.0087925,0.0000305,+0.35%,129010,254817
J6Z21,2021-10-28,0.0087895,0.0088325,0.008785,0.008817,0.0000245,+0.28%,104423,254778
J6Z21,2021-10-29,0.008809,0.0088215,0.008767,0.00878,-0.000037,-0.42%,115808,258190
J6Z21,2021-11-01,0.008768,0.008779,0.00874,0.008776,-0.000004,-0.05%,93271,257237
J6Z21,2021-11-02,0.0087745,0.008816,0.008764,0.0087775,0.0000015,+0.02%,98229,251058
J6Z21,2021-11-03,0.008778,0.008796,0.0087575,0.0087805,0.000003,+0.03%,76696,250065
J6Z21,2021-11-04,0.008776,0.008812,0.0087525,0.0087945,0.000014,+0.16%,106450,248678
J6Z21,2021-11-05,0.0087925,0.0088285,0.008771,0.0088205,0.000026,+0.30%,122686,244994
J6Z21,2021-11-08,0.008818,0.008845,0.008799,0.008833,0.0000125,+0.14%,79156,243453
J6Z21,2021-11-09,0.008832,0.0088735,0.008829,0.0088645,0.0000315,+0.36%,99849,243087
J6Z21,2021-11-10,0.008859,0.008869,0.0087725,0.008787,-0.0000775,-0.87%,136102,245890
J6Z21,2021-11-11,0.008783,0.0087885,0.0087615,0.008766,-0.000021,-0.24%,68467,242471
J6Z21,2021-11-12,0.008769,0.008792,0.0087505,0.008777,0.000011,+0.13%,88161,241177
J6Z21,2021-11-15,0.008777,0.008793,0.0087565,0.0087665,-0.0000105,-0.12%,63271,240492
J6Z21,2021-11-16,0.008763,0.008765,0.008707,0.0087205,-0.000046,-0.52%,110430,252897
J6Z21,2021-11-17,0.0087095,0.0087785,0.008699,0.008764,0.0000435,+0.50%,117803,247294
J6Z21,2021-11-18,0.0087625,0.008783,0.0087355,0.0087535,-0.0000105,-0.12%,92235,242977
J6Z21,2021-11-19,0.0087535,0.0088055,0.0087315,0.0087775,0.000024,+0.27%,144837,237066
J6Z21,2021-11-22,0.008771,0.0087725,0.0086995,0.0087005,-0.000077,-0.88%,130069,251451
J6Z21,2021-11-23,0.0087075,0.0087355,0.0086815,0.008691,-0.0000095,-0.11%,103418,251801
J6Z21,2021-11-24,0.0086885,0.0087105,0.0086565,0.008662,-0.000029,-0.33%,104544,255302
J6Z21,2021-11-26,0.008665,0.0088475,0.0086615,0.0088425,0.0001805,+2.08%,272476,232818
J6Z21,2021-11-29,0.008817,0.008851,0.0087755,0.008794,-0.0000485,-0.55%,152047,222988
J6Z21,2021-11-30,0.008802,0.008887,0.0087805,0.008842,0.000048,+0.55%,224779,216692
J6Z21,2021-12-01,0.008836,0.008876,0.008801,0.0088675,0.0000255,+0.29%,156138,210278
J6Z21,2021-12-02,0.0088645,0.008873,0.0088235,0.008837,-0.0000305,-0.34%,111480,208719
J6Z21,2021-12-03,0.0088345,0.008885,0.008802,0.00888,0.000043,+0.49%,152088,209619
J6Z21,2021-12-06,0.008858,0.0088615,0.0088065,0.0088115,-0.0000685,-0.77%,148787,206967
J6Z21,2021-12-07,0.008812,0.0088185,0.008789,0.0088005,-0.000011,-0.12%,197021,205970
J6Z21,2021-12-08,0.008806,0.0088255,0.0087755,0.008798,-0.0000025,-0.03%,218264,212322
J6H22,2021-12-09,0.0088015,0.008837,0.008795,0.008822,0.000024,+0.27%,268010,210423
J6H22,2021-12-10,0.008823,0.0088415,0.0087965,0.0088255,0.0000035,+0.04%,128355,217061
J6H22,2021-12-13,0.0088265,0.0088305,0.008802,0.0088185,-0.000007,-0.08%,66165,174479
J6H22,2021-12-14,0.008814,0.008826,0.0088,0.008801,-0.0000175,-0.20%,74448,176584
J6H22,2021-12-15,0.008802,0.0088105,0.0087595,0.008778,-0.000023,-0.26%,90288,180111
J6H22,2021-12-16,0.008778,0.008816,0.008763,0.008813,0.000035,+0.40%,89832,177132
J6H22,2021-12-17,0.0088045,0.0088485,0.0087925,0.0088045,-0.0000085,-0.10%,95378,173297
J6H22,2021-12-20,0.008803,0.0088315,0.0087995,0.0088015,-0.000003,-0.03%,81402,176748
J6H22,2021-12-21,0.0088075,0.008814,0.0087615,0.0087705,-0.000031,-0.35%,76904,183743
J6H22,2021-12-22,0.008773,0.008783,0.0087505,0.008766,-0.0000045,-0.05%,67603,186441
J6H22,2021-12-23,0.0087705,0.008772,0.0087425,0.0087465,-0.0000195,-0.22%,57135,188493
J6H22,2021-12-27,0.008752,0.0087545,0.0087075,0.008708,-0.0000385,-0.44%,61068,201517
J6H22,2021-12-28,0.008711,0.0087245,0.0087055,0.0087145,0.0000065,+0.07%,56014,203814
J6H22,2021-12-29,0.0087155,0.0087265,0.0086975,0.0087035,-0.000011,-0.13%,78093,205499
J6H22,2021-12-30,0.008703,0.008705,0.008673,0.008695,-0.0000085,-0.10%,61939,211129
J6H22,2021-12-31,0.0086955,0.0087,0.008685,0.008698,0.000003,+0.03%,40534,211534
J6H22,2022-01-03,0.0086915,0.008704,0.0086705,0.0086755,-0.0000225,-0.26%,80029,218804
J6H22,2022-01-04,0.008673,0.0086775,0.008598,0.0086155,-0.00006,-0.69%,115893,234068
J6H22,2022-01-05,0.008615,0.008653,0.0086065,0.008613,-0.0000025,-0.03%,99864,232394
J6H22,2022-01-06,0.0086165,0.0086525,0.0086105,0.0086285,0.0000155,+0.18%,99425,236555
J6H22,2022-01-07,0.0086365,0.008665,0.008621,0.008658,0.0000295,+0.34%,96749,235997
J6H22,2022-01-10,0.0086535,0.0086965,0.0086355,0.008684,0.000026,+0.30%,83520,232940
J6H22,2022-01-11,0.008684,0.0086905,0.008648,0.0086735,-0.0000105,-0.12%,79887,234005
J6H22,2022-01-12,0.008675,0.008755,0.008656,0.008746,0.0000725,+0.84%,119120,220439
J6H22,2022-01-13,0.008725,0.008776,0.008722,0.0087705,0.0000245,+0.28%,107962,211626
J6H22,2022-01-14,0.0087625,0.008816,0.0087555,0.0087645,-0.000006,-0.07%,137010,205999
J6H22,2022-01-18,0.00876,0.00876,0.008695,0.0087285,-0.000036,-0.41%,162640,201820
J6H22,2022-01-19,0.008731,0.00876,0.0087155,0.008757,0.0000285,+0.33%,91713,200759
J6H22,2022-01-20,0.008749,0.008778,0.0087335,0.0087615,0.0000045,+0.05%,95359,195760
J6H22,2022-01-21,0.0087675,0.008806,0.008766,0.0088015,0.00004,+0.46%,119257,193254
J6H22,2022-01-24,0.008802,0.008817,0.0087755,0.0087925,-0.000009,-0.10%,120510,198371
J6H22,2022-01-25,0.0087795,0.008801,0.008763,0.0087815,-0.000011,-0.13%,96393,197830
J6H22,2022-01-26,0.008786,0.0087925,0.008721,0.008733,-0.0000485,-0.55%,116714,196953
J6H22,2022-01-27,0.008724,0.008738,0.0086615,0.0086755,-0.0000575,-0.66%,142946,199395
J6H22,2022-01-28,0.0086735,0.0086895,0.0086465,0.008682,0.0000065,+0.07%,107407,198627
J6H22,2022-01-31,0.008676,0.008704,0.008654,0.008699,0.000017,+0.20%,99806,197221
J6H22,2022-02-01,0.008689,0.008732,0.0086835,0.008721,0.000022,+0.25%,90173,194435
J6H22,2022-02-02,0.0087215,0.008765,0.008713,0.0087455,0.0000245,+0.28%,82212,196881
J6H22,2022-02-03,0.0087415,0.0087495,0.008697,0.008703,-0.0000425,-0.49%,90895,195281
J6H22,2022-02-04,0.008699,0.008715,0.008665,0.0086785,-0.0000245,-0.28%,104148,195715
J6H22,2022-02-07,0.008678,0.0087045,0.0086695,0.0086925,0.000014,+0.16%,70263,196798
J6H22,2022-02-08,0.008691,0.008694,0.0086505,0.008657,-0.0000355,-0.41%,80355,196478
J6H22,2022-02-09,0.008658,0.0086735,0.008638,0.0086615,0.0000045,+0.05%,70082,198941
J6H22,2022-02-10,0.0086565,0.0086615,0.0085955,0.0086305,-0.000031,-0.36%,173945,203754
J6H22,2022-02-11,0.008621,0.008697,0.0086105,0.0086795,0.000049,+0.57%,127788,198793
J6H22,2022-02-14,0.0086615,0.0086975,0.0086415,0.0086485,-0.000031,-0.36%,128820,198329
J6H22,2022-02-15,0.008658,0.008678,0.0086315,0.00865,0.0000015,+0.02%,87650,199425
J6H22,2022-02-16,0.0086485,0.0086705,0.008638,0.008667,0.000017,+0.20%,80098,195193
J6H22,2022-02-17,0.0086625,0.0087095,0.008657,0.0087065,0.0000395,+0.46%,135969,197950
J6H22,2022-02-18,0.008702,0.0087135,0.008675,0.008691,-0.0000155,-0.18%,85642,194826
J6H22,2022-02-22,0.0087,0.0087355,0.0086785,0.0086915,0.0000005,+0.01%,162502,194169
J6H22,2022-02-23,0.008694,0.008703,0.0086815,0.0087,0.0000085,+0.10%,65246,194619
J6H22,2022-02-24,0.008698,0.0087425,0.0086445,0.008646,-0.000054,-0.62%,248033,202404
J6H22,2022-02-25,0.00866,0.008686,0.00864,0.0086525,0.0000065,+0.08%,126145,205945
J6H22,2022-02-28,0.0086565,0.0087085,0.008641,0.008707,0.0000545,+0.63%,135841,205215
J6H22,2022-03-01,0.0086985,0.00872,0.0086755,0.0087085,0.0000015,+0.02%,115974,208629
J6H22,2022-03-02,0.008705,0.0087125,0.008643,0.0086525,-0.000056,-0.64%,120135,202398
J6H22,2022-03-03,0.0086575,0.0086675,0.008635,0.008664,0.0000115,+0.13%,92599,202635
J6H22,2022-03-04,0.008662,0.0087315,0.00865,0.0087145,0.0000505,+0.58%,159282,206516
J6H22,2022-03-07,0.0087045,0.0087115,0.00866,0.0086735,-0.000041,-0.47%,163110,205435
J6H22,2022-03-08,0.008672,0.008675,0.008636,0.00864,-0.0000335,-0.39%,216311,208683
J6H22,2022-03-09,0.008643,0.008654,0.0086245,0.0086325,-0.0000075,-0.09%,222865,215443
J6M22,2022-03-10,0.008651,0.008653,0.0086245,0.0086325,0,0.00%,269670,229999
J6M22,2022-03-11,0.00863,0.00863,0.008539,0.00854,-0.0000925,-1.07%,161367,242704
J6M22,2022-03-14,0.0085395,0.0085425,0.0084765,0.0084855,-0.0000545,-0.64%,98639,210252
J6M22,2022-03-15,0.008478,0.0085135,0.0084605,0.0084695,-0.000016,-0.19%,105941,215484
J6M22,2022-03-16,0.00847,0.0084795,0.008412,0.0084435,-0.000026,-0.31%,102984,222246
J6M22,2022-03-17,0.008437,0.008464,0.008418,0.0084485,0.000005,+0.06%,98777,228789
J6M22,2022-03-18,0.008447,0.0084565,0.0083905,0.0084095,-0.000039,-0.46%,82199,233571
J6M22,2022-03-21,0.0084115,0.008412,0.0083835,0.008386,-0.0000235,-0.28%,55790,236508
J6M22,2022-03-22,0.0083855,0.0083885,0.0082775,0.008299,-0.000087,-1.04%,164671,248221
J6M22,2022-03-23,0.0082935,0.0083085,0.0082525,0.0082725,-0.0000265,-0.32%,119195,242540
J6M22,2022-03-24,0.0082705,0.0082835,0.0081855,0.008196,-0.0000765,-0.92%,127986,251162
J6M22,2022-03-25,0.008188,0.0082685,0.0081835,0.0082035,0.0000075,+0.09%,151593,244391
J6M22,2022-03-28,0.00821,0.008211,0.0080085,0.0081095,-0.000094,-1.15%,238508,244620
J6M22,2022-03-29,0.008089,0.0082135,0.0080615,0.008151,0.0000415,+0.51%,205787,239698
J6M22,2022-03-30,0.008155,0.008258,0.008132,0.0082285,0.0000775,+0.95%,177599,238125
J6M22,2022-03-31,0.008221,0.0082595,0.008181,0.0082375,0.000009,+0.11%,166445,240682
J6M22,2022-04-01,0.0082315,0.008233,0.008141,0.008169,-0.0000685,-0.83%,146859,248350
J6M22,2022-04-04,0.008171,0.008193,0.0081465,0.008157,-0.000012,-0.15%,94661,238095
J6M22,2022-04-05,0.0081575,0.0081855,0.0080995,0.008104,-0.000053,-0.65%,110128,242217
J6M22,2022-04-06,0.008105,0.0081145,0.008075,0.0080935,-0.0000105,-0.13%,118054,242613
J6M22,2022-04-07,0.008093,0.008113,0.008078,0.0080805,-0.000013,-0.16%,81917,242061
J6M22,2022-04-08,0.00808,0.0081,0.0080345,0.0080545,-0.000026,-0.32%,101864,239518
J6M22,2022-04-11,0.008062,0.008069,0.007964,0.0079845,-0.00007,-0.87%,124562,248237
J6M22,2022-04-12,0.007988,0.008029,0.007965,0.007995,0.0000105,+0.13%,119834,245403
J6M22,2022-04-13,0.007988,0.0079905,0.007929,0.007974,-0.000021,-0.26%,132883,245057
J6M22,2022-04-14,0.00797,0.008007,0.0079475,0.0079495,-0.0000245,-0.31%,110660,243872
J6M22,2022-04-18,0.0079165,0.007934,0.007885,0.007887,-0.0000625,-0.79%,80749,246458
J6M22,2022-04-19,0.007881,0.0078865,0.007765,0.0077785,-0.0001085,-1.38%,180325,251291
J6M22,2022-04-20,0.0077685,0.0078575,0.0077385,0.0078365,0.000058,+0.75%,218257,245570
J6M22,2022-04-21,0.0078265,0.0078355,0.0077805,0.007808,-0.0000285,-0.36%,154069,244540
J6M22,2022-04-22,0.007798,0.0078395,0.007756,0.0077875,-0.0000205,-0.26%,167487,245832
J6M22,2022-04-25,0.00779,0.0078525,0.0077705,0.007822,0.0000345,+0.44%,174330,242716
J6M22,2022-04-26,0.007814,0.007884,0.007809,0.0078495,0.0000275,+0.35%,166699,237995
J6M22,2022-04-27,0.007873,0.0078885,0.0077865,0.007802,-0.0000475,-0.61%,151355,244923
J6M22,2022-04-28,0.0077935,0.007802,0.007628,0.007649,-0.000153,-1.96%,240547,252395
J6M22,2022-04-29,0.0076525,0.007743,0.0076455,0.007735,0.000086,+1.12%,193937,253383
J6M22,2022-05-02,0.0077095,0.007725,0.007673,0.007694,-0.000041,-0.53%,117411,252535
J6M22,2022-05-03,0.00769,0.0077195,0.0076845,0.007691,-0.000003,-0.04%,81592,254813
J6M22,2022-05-04,0.0076925,0.0077845,0.0076785,0.007776,0.000085,+1.11%,137160,252971
J6M22,2022-05-05,0.0077525,0.007776,0.0076685,0.0076775,-0.0000985,-1.27%,153035,254097
J6M22,2022-05-06,0.00769,0.007696,0.007653,0.007666,-0.0000115,-0.15%,149758,248096
J6M22,2022-05-09,0.007667,0.007694,0.0076215,0.007682,0.000016,+0.21%,147275,249988
J6M22,2022-05-10,0.007681,0.0077125,0.0076655,0.007676,-0.000006,-0.08%,138635,247278
J6M22,2022-05-11,0.007676,0.007733,0.007652,0.0077145,0.0000385,+0.50%,174621,246608
J6M22,2022-05-12,0.0077,0.0078495,0.007696,0.007814,0.0000995,+1.29%,239212,243459
J6M22,2022-05-13,0.0077945,0.0077985,0.0077315,0.0077375,-0.0000765,-0.98%,160169,239269
J6M22,2022-05-16,0.007737,0.0077775,0.0077185,0.0077525,0.000015,+0.19%,125769,241055
J6M22,2022-05-17,0.0077555,0.007768,0.007711,0.007733,-0.0000195,-0.25%,109437,241308
J6M22,2022-05-18,0.0077345,0.0078175,0.007726,0.007812,0.000079,+1.02%,109505,240775
J6M22,2022-05-19,0.007799,0.007878,0.0077605,0.0078345,0.0000225,+0.29%,187775,238822
J6M22,2022-05-20,0.007829,0.0078465,0.0077995,0.0078295,-0.000005,-0.06%,127876,234529
J6M22,2022-05-23,0.007826,0.007869,0.0078135,0.0078235,-0.000006,-0.08%,104274,237218
J6M22,2022-05-24,0.007825,0.007919,0.007812,0.0078905,0.000067,+0.86%,153791,237256
J6M22,2022-05-25,0.007889,0.0078995,0.0078475,0.0078595,-0.000031,-0.39%,119834,239946
J6M22,2022-05-26,0.007862,0.007906,0.0078415,0.0078665,0.000007,+0.09%,118827,237896
J6M22,2022-05-27,0.0078705,0.007898,0.007862,0.0078715,0.000005,+0.06%,95025,236230
J6M22,2022-05-31,0.0078695,0.007886,0.007761,0.0077765,-0.000095,-1.21%,208464,239080
J6M22,2022-06-01,0.007772,0.007776,0.007683,0.0076875,-0.000089,-1.14%,136341,237454
J6M22,2022-06-02,0.007686,0.0077235,0.0076795,0.0077025,0.000015,+0.20%,109408,239271
J6M22,2022-06-03,0.0077015,0.0077125,0.0076365,0.007645,-0.0000575,-0.75%,113856,249780
J6M22,2022-06-06,0.0076415,0.007668,0.0075765,0.007577,-0.000068,-0.89%,204490,261578
J6M22,2022-06-07,0.0075815,0.007583,0.00752,0.007545,-0.000032,-0.42%,264089,266054
J6M22,2022-06-08,0.007541,0.007543,0.007437,0.0074535,-0.0000915,-1.21%,388236,278533
J6U22,2022-06-09,0.0074885,0.0075475,0.007471,0.007486,0.0000325,+0.44%,359251,292641
J6U22,2022-06-10,0.0074805,0.0075375,0.007475,0.0074825,-0.0000035,-0.05%,255690,278835
J6U22,2022-06-13,0.0074805,0.0075275,0.007436,0.007488,0.0000055,+0.07%,207744,231096
J6U22,2022-06-14,0.0074825,0.007515,0.007426,0.0074415,-0.0000465,-0.62%,169120,232513
J6U22,2022-06-15,0.0074225,0.0075375,0.007421,0.0075025,0.000061,+0.82%,202118,229217
J6U22,2022-06-16,0.0075175,0.0076505,0.007469,0.0076215,0.000119,+1.59%,233597,220664
J6U22,2022-06-17,0.0076065,0.007612,0.0074285,0.0074525,-0.000169,-2.22%,222912,213733
J6U22,2022-06-21,0.007456,0.007478,0.007359,0.0073685,-0.000084,-1.13%,189404,218076
J6U22,2022-06-22,0.0073605,0.007415,0.007358,0.007382,0.0000135,+0.18%,145066,216912
J6U22,2022-06-23,0.0073865,0.007491,0.0073845,0.007453,0.000071,+0.96%,161935,212234
J6U22,2022-06-24,0.0074535,0.0074855,0.0074275,0.0074365,-0.0000165,-0.22%,119400,208835
J6U22,2022-06-27,0.0074395,0.0074755,0.007419,0.007426,-0.0000105,-0.14%,107211,208340
J6U22,2022-06-28,0.007423,0.0074425,0.0073735,0.0073775,-0.0000485,-0.65%,116507,213767
J6U22,2022-06-29,0.007387,0.007407,0.007339,0.007365,-0.0000125,-0.17%,131499,217284
J6U22,2022-06-30,0.0073625,0.0074165,0.0073485,0.0074155,0.0000505,+0.69%,137657,217729
J6U22,2022-07-01,0.0074055,0.007461,0.0073925,0.007432,0.0000165,+0.22%,156184,217587
J6U22,2022-07-05,0.0074315,0.0074575,0.0073705,0.0074095,-0.0000225,-0.30%,198074,217672
J6U22,2022-07-06,0.007398,0.0074475,0.007389,0.0073925,-0.000017,-0.23%,172951,217362
J6U22,2022-07-07,0.007394,0.0074135,0.0073765,0.007383,-0.0000095,-0.13%,127001,222446
J6U22,2022-07-08,0.0073875,0.007425,0.0073575,0.007378,-0.000005,-0.07%,198434,222261
J6U22,2022-07-11,0.0073825,0.0073835,0.007294,0.0073185,-0.0000595,-0.81%,137301,228209
J6U22,2022-07-12,0.0073115,0.0073625,0.007306,0.0073475,0.000029,+0.40%,117287,223539
J6U22,2022-07-13,0.007344,0.0073505,0.0072885,0.0073185,-0.000029,-0.39%,158243,223395
J6U22,2022-07-14,0.007313,0.0073165,0.0072085,0.007236,-0.0000825,-1.13%,196506,233095
J6U22,2022-07-15,0.0072285,0.0072595,0.007221,0.0072495,0.0000135,+0.19%,124583,228657
J6U22,2022-07-18,0.0072535,0.007285,0.007249,0.0072765,0.000027,+0.37%,77734,229071
J6U22,2022-07-19,0.0072725,0.0073115,0.007258,0.007268,-0.0000085,-0.12%,112263,229449
J6U22,2022-07-20,0.007267,0.007283,0.0072565,0.007264,-0.000004,-0.06%,84041,230600
J6U22,2022-07-21,0.0072645,0.007314,0.0072305,0.0072935,0.0000295,+0.41%,160288,231468
J6U22,2022-07-22,0.007311,0.0074075,0.0072785,0.0073735,0.00008,+1.10%,194101,232186
J6U22,2022-07-25,0.0073775,0.0073895,0.007341,0.0073445,-0.000029,-0.39%,120275,230129
J6U22,2022-07-26,0.0073475,0.0073685,0.0073305,0.0073455,0.000001,+0.01%,96267,229219
J6U22,2022-07-27,0.0073335,0.0073645,0.0073035,0.0073595,0.000014,+0.19%,138558,228926
J6U22,2022-07-28,0.0073505,0.0074795,0.007349,0.0074715,0.000112,+1.52%,242423,237106
J6U22,2022-07-29,0.007471,0.0075745,0.0074525,0.0075265,0.000055,+0.74%,268383,231375
J6U22,2022-08-01,0.0075325,0.007628,0.0075135,0.007614,0.0000875,+1.16%,225986,237346
J6U22,2022-08-02,0.0076225,0.007696,0.0075335,0.0075455,-0.0000685,-0.90%,259299,236737
J6U22,2022-08-03,0.007523,0.0075855,0.0074575,0.0074815,-0.000064,-0.85%,218533,233614
J6U22,2022-08-04,0.007496,0.007556,0.0074625,0.007548,0.0000665,+0.89%,156625,230125
J6U22,2022-08-05,0.0075425,0.0075695,0.007402,0.0074245,-0.0001235,-1.64%,214134,222507
J6U22,2022-08-08,0.007424,0.007466,0.0073975,0.0074375,0.000013,+0.18%,148465,226433
J6U22,2022-08-09,0.00743,0.007447,0.007417,0.007419,-0.0000185,-0.25%,91498,225834
J6U22,2022-08-10,0.0074225,0.0075945,0.0074105,0.007546,0.000127,+1.71%,203508,228319
J6U22,2022-08-11,0.0075455,0.0076115,0.0075215,0.007543,-0.000003,-0.04%,138923,222915
J6U22,2022-08-12,0.007539,0.0075455,0.0074875,0.0075105,-0.0000325,-0.43%,122535,224241
J6U22,2022-08-15,0.0075125,0.007563,0.007504,0.00752,0.0000095,+0.13%,127346,228789
J6U22,2022-08-16,0.0075215,0.0075395,0.0074425,0.0074675,-0.0000525,-0.70%,135350,228697
J6U22,2022-08-17,0.0074675,0.0074855,0.0073965,0.0074225,-0.000045,-0.60%,140205,228338
J6U22,2022-08-18,0.007418,0.0074425,0.007373,0.007374,-0.0000485,-0.65%,137524,233223
J6U22,2022-08-19,0.0073745,0.0073835,0.0073015,0.0073195,-0.0000545,-0.74%,151583,235731
J6U22,2022-08-22,0.0073205,0.00733,0.0072795,0.0072855,-0.000034,-0.46%,133047,243711
J6U22,2022-08-23,0.0072865,0.0073775,0.0072755,0.0073195,0.000034,+0.47%,165786,242132
J6U22,2022-08-24,0.007329,0.007357,0.007299,0.0073075,-0.000012,-0.16%,155063,241033
J6U22,2022-08-25,0.0073055,0.0073475,0.0073005,0.00734,0.0000325,+0.44%,123097,239338
J6U22,2022-08-26,0.007339,0.0073545,0.0072675,0.00729,-0.00005,-0.68%,174843,239518
J6U22,2022-08-29,0.007274,0.007275,0.007204,0.007214,-0.000076,-1.04%,147715,245251
J6U22,2022-08-30,0.0072185,0.007254,0.0072,0.0072215,0.0000075,+0.10%,137213,247030
J6U22,2022-08-31,0.007217,0.0072415,0.0072035,0.007218,-0.0000035,-0.05%,163638,261952
J6U22,2022-09-01,0.007194,0.007201,0.007138,0.007139,-0.000079,-1.09%,190424,271708
J6U22,2022-09-02,0.00714,0.0071565,0.0071095,0.007143,0.000004,+0.06%,172711,267853
J6U22,2022-09-06,0.007142,0.007144,0.0069945,0.0070045,-0.0001385,-1.94%,293382,281266
J6U22,2022-09-07,0.00701,0.0070105,0.0069025,0.0069435,-0.000061,-0.87%,288247,278426
J6U22,2022-09-08,0.006962,0.006982,0.0069215,0.006948,0.0000045,+0.06%,270421,287240
J6U22,2022-09-09,0.006943,0.007071,0.0069425,0.0070115,0.0000635,+0.91%,280813,279843
J6U22,2022-09-12,0.007023,0.0070375,0.0069725,0.00701,-0.0000015,-0.02%,278229,278156
J6U22,2022-09-13,0.0070045,0.007065,0.006888,0.0069285,-0.0000815,-1.16%,406066,281716
J6U22,2022-09-14,0.0069125,0.0070175,0.0069005,0.00699,0.0000615,+0.89%,553424,298728
J6Z22,2022-09-15,0.0070555,0.007071,0.007022,0.007037,0.000047,+0.67%,294291,302464
J6Z22,2022-09-16,0.007036,0.007069,0.0070265,0.007062,0.000025,+0.36%,170529,295944
J6Z22,2022-09-19,0.007062,0.007078,0.0070285,0.007047,-0.000015,-0.21%,87632,249121
J6Z22,2022-09-20,0.007049,0.0070635,0.0070145,0.0070275,-0.0000195,-0.28%,132631,250892
J6Z22,2022-09-21,0.007022,0.007041,0.0069735,0.0070345,0.000007,+0.10%,207376,252331
J6Z22,2022-09-22,0.0070035,0.0071895,0.006915,0.0070815,0.000047,+0.67%,429246,250829
J6Z22,2022-09-23,0.00709,0.007117,0.0070235,0.0070375,-0.000044,-0.62%,193974,244248
J6Z22,2022-09-26,0.007033,0.0070415,0.006968,0.0069765,-0.000061,-0.87%,185631,242666
J6Z22,2022-09-27,0.006971,0.007002,0.00696,0.006969,-0.0000075,-0.11%,126716,244655
J6Z22,2022-09-28,0.0069665,0.007009,0.006962,0.0070065,0.0000375,+0.54%,169474,242592
J6Z22,2022-09-29,0.0069965,0.006999,0.006963,0.006982,-0.0000245,-0.35%,137445,242438
J6Z22,2022-09-30,0.006979,0.006992,0.0069305,0.0069635,-0.0000185,-0.26%,156863,243003
J6Z22,2022-10-03,0.006968,0.006994,0.0069375,0.006965,0.0000015,+0.02%,155445,241151
J6Z22,2022-10-04,0.006972,0.007006,0.0069555,0.0070035,0.0000385,+0.55%,156585,243289
J6Z22,2022-10-05,0.00699,0.0070235,0.006959,0.0069765,-0.000027,-0.39%,132475,243723
J6Z22,2022-10-06,0.006968,0.0069785,0.006941,0.0069455,-0.000031,-0.44%,107773,244439
J6Z22,2022-10-07,0.006942,0.006981,0.00689,0.0069315,-0.000014,-0.20%,129189,244594
J6Z22,2022-10-10,0.0069315,0.0069375,0.00691,0.006915,-0.0000165,-0.24%,73132,249437
J6Z22,2022-10-11,0.006915,0.006928,0.006905,0.0069085,-0.0000065,-0.09%,113853,245007
J6Z22,2022-10-12,0.006909,0.0069175,0.006854,0.0068595,-0.000049,-0.71%,146871,256585
J6Z22,2022-10-13,0.006859,0.006878,0.00682,0.0068445,-0.000015,-0.22%,210856,257846
J6Z22,2022-10-14,0.0068415,0.0068465,0.006765,0.0067725,-0.000072,-1.05%,174962,266359
J6Z22,2022-10-17,0.006781,0.0067845,0.006754,0.0067625,-0.00001,-0.15%,129052,262214
J6Z22,2022-10-18,0.006757,0.006797,0.0067395,0.0067485,-0.000014,-0.21%,141042,264265
J6Z22,2022-10-19,0.006748,0.0067525,0.0067155,0.0067165,-0.000032,-0.47%,130397,275358
J6Z22,2022-10-20,0.0067175,0.0067305,0.0066975,0.0067035,-0.000013,-0.19%,155644,278810
J6Z22,2022-10-21,0.0067055,0.006891,0.0066235,0.006829,0.0001255,+1.87%,589995,286947
J6Z22,2022-10-24,0.006797,0.0069175,0.006722,0.0067615,-0.0000675,-0.99%,253204,281374
J6Z22,2022-10-25,0.0067535,0.0068205,0.006748,0.0067995,0.000038,+0.56%,157851,272597
J6Z22,2022-10-26,0.006794,0.0068805,0.0067785,0.0068785,0.000079,+1.16%,185726,268982
J6Z22,2022-10-27,0.006871,0.0069315,0.006845,0.0068765,-0.000002,-0.03%,199090,265726
J6Z22,2022-10-28,0.006874,0.0068905,0.0068015,0.006817,-0.0000595,-0.87%,195754,263352
J6Z22,2022-10-31,0.0068065,0.0068165,0.0067555,0.006766,-0.000051,-0.75%,126672,265851
J6Z22,2022-11-01,0.0067585,0.00684,0.006755,0.0067855,0.0000195,+0.29%,166261,258906
J6Z22,2022-11-02,0.0067805,0.0068995,0.0067725,0.00684,0.0000545,+0.80%,177406,256551
J6Z22,2022-11-03,0.006799,0.0068315,0.00677,0.0067795,-0.0000605,-0.88%,111671,260107
J6Z22,2022-11-04,0.0067805,0.0068595,0.00676,0.0068465,0.000067,+0.99%,150997,255455
J6Z22,2022-11-07,0.006838,0.0068785,0.006809,0.006855,0.0000085,+0.12%,93655,253529
J6Z22,2022-11-08,0.0068555,0.0069145,0.0068375,0.0069025,0.0000475,+0.69%,97920,251378
J6Z22,2022-11-09,0.006895,0.006918,0.0068415,0.006848,-0.0000545,-0.79%,121790,249334
J6Z22,2022-11-10,0.006858,0.0071635,0.006851,0.007082,0.000234,+3.42%,260231,247806
J6Z22,2022-11-11,0.00709,0.0072525,0.0070475,0.007251,0.000169,+2.39%,241121,240283
J6Z22,2022-11-14,0.0071945,0.007234,0.0071315,0.007177,-0.000074,-1.02%,186763,234052
J6Z22,2022-11-15,0.0071735,0.0072925,0.0071395,0.0072185,0.0000415,+0.58%,207550,233346
J6Z22,2022-11-16,0.007207,0.0072355,0.007155,0.0072055,-0.000013,-0.18%,126463,233825
J6Z22,2022-11-17,0.007192,0.0072255,0.0071295,0.0071565,-0.000049,-0.68%,108355,229537
J6Z22,2022-11-18,0.0071525,0.0071855,0.0071415,0.007147,-0.0000095,-0.13%,87774,229589
J6Z22,2022-11-21,0.007145,0.007156,0.007051,0.0070555,-0.0000915,-1.28%,106908,228980
J6Z22,2022-11-22,0.007058,0.007109,0.0070505,0.007103,0.0000475,+0.67%,74646,227435
J6Z22,2022-11-23,0.007103,0.007208,0.0070825,0.007195,0.000092,+1.30%,121649,228866
J6Z22,2022-11-25,0.0071845,0.007263,0.0071815,0.0072045,0.0000095,+0.13%,164679,227759
J6Z22,2022-11-28,0.0071985,0.007292,0.0071895,0.0072175,0.000013,+0.18%,149712,228490
J6Z22,2022-11-29,0.007215,0.00727,0.007192,0.0072295,0.000012,+0.17%,110195,228328
J6Z22,2022-11-30,0.0072275,0.0072805,0.0071635,0.0072645,0.000035,+0.48%,172626,230493
J6Z22,2022-12-01,0.007257,0.007455,0.0072565,0.007406,0.0001415,+1.95%,215131,229687
J6Z22,2022-12-02,0.007402,0.007497,0.0073665,0.007452,0.000046,+0.62%,232619,224508
J6Z22,2022-12-05,0.007459,0.0074675,0.007319,0.0073295,-0.0001225,-1.64%,139323,223292
J6Z22,2022-12-06,0.0073255,0.007366,0.007288,0.0073155,-0.000014,-0.19%,136228,223424
J6Z22,2022-12-07,0.00731,0.0073515,0.0072645,0.0073475,0.000032,+0.44%,129950,222653
J6Z22,2022-12-08,0.007337,0.0073475,0.007294,0.007325,-0.0000225,-0.31%,97478,220095
J6Z22,2022-12-09,0.007325,0.007383,0.007311,0.007334,0.000009,+0.12%,160578,207666
J6Z22,2022-12-12,0.007327,0.007329,0.00726,0.0072645,-0.0000695,-0.95%,150873,211385
J6Z22,2022-12-13,0.0072735,0.0074325,0.0072535,0.007387,0.0001225,+1.69%,406324,226964
J6Z22,2022-12-14,0.007385,0.007439,0.007348,0.00739,0.000003,+0.04%,318371,226370
J6H23,2022-12-15,0.0074705,0.0074815,0.007321,0.007343,-0.000047,-0.64%,292353,234723
J6H23,2022-12-16,0.007343,0.0074215,0.00734,0.0074075,0.0000645,+0.88%,133205,228757
J6H23,2022-12-19,0.007429,0.0074505,0.0073745,0.007384,-0.0000235,-0.32%,89409,173055
J6H23,2022-12-20,0.007388,0.007747,0.0073565,0.0076925,0.0003085,+4.18%,300871,182034
J6H23,2022-12-21,0.0076775,0.007692,0.007631,0.0076515,-0.000041,-0.53%,144151,177235
J6H23,2022-12-22,0.0076385,0.0076775,0.0076155,0.0076345,-0.000017,-0.22%,103198,175222
J6H23,2022-12-23,0.0076355,0.007649,0.0075915,0.0076075,-0.000027,-0.35%,77169,171957
J6H23,2022-12-27,0.0076035,0.0076185,0.0075625,0.00757,-0.0000375,-0.49%,69551,173136
J6H23,2022-12-28,0.007569,0.007574,0.0075115,0.007519,-0.000051,-0.67%,95104,170639
J6H23,2022-12-29,0.007512,0.0075975,0.007512,0.0075965,0.0000775,+1.03%,103088,169078
J6H23,2022-12-30,0.0075885,0.007719,0.007583,0.007707,0.0001105,+1.45%,148051,169312
J6H23,2023-01-03,0.0077155,0.0077935,0.007681,0.007718,0.000011,+0.14%,167336,172590
J6H23,2023-01-04,0.007706,0.0077675,0.007604,0.0076095,-0.0001085,-1.41%,167168,175646
J6H23,2023-01-05,0.0076105,0.007659,0.0075245,0.007573,-0.0000365,-0.48%,147632,172233
J6H23,2023-01-06,0.0075565,0.0076405,0.007483,0.007639,0.000066,+0.87%,179692,175607
J6H23,2023-01-09,0.007633,0.0076805,0.007602,0.0076655,0.0000265,+0.35%,98918,176254
J6H23,2023-01-10,0.0076465,0.007675,0.007611,0.0076255,-0.00004,-0.52%,104758,175745
J6H23,2023-01-11,0.007625,0.007634,0.0075875,0.0076135,-0.000012,-0.16%,82891,176908
J6H23,2023-01-12,0.007612,0.0078185,0.00761,0.0077925,0.000179,+2.35%,247105,181626
J6H23,2023-01-13,0.007793,0.007906,0.007785,0.007877,0.0000845,+1.08%,182035,182741
J6H23,2023-01-17,0.007884,0.007919,0.0077995,0.0078485,-0.0000285,-0.36%,230714,176862
J6H23,2023-01-18,0.007855,0.007896,0.007655,0.007828,-0.0000205,-0.26%,309526,178533
J6H23,2023-01-19,0.007818,0.0078805,0.007814,0.0078395,0.0000115,+0.15%,122323,179244
J6H23,2023-01-20,0.0078405,0.0078445,0.007708,0.0077705,-0.000069,-0.88%,144680,176717
J6H23,2023-01-23,0.007768,0.0078005,0.00769,0.007702,-0.0000685,-0.88%,119100,175750
J6H23,2023-01-24,0.007704,0.007758,0.0076755,0.007739,0.000037,+0.48%,122901,173321
J6H23,2023-01-25,0.007733,0.007785,0.007706,0.007769,0.00003,+0.39%,112385,174978
J6H23,2023-01-26,0.007769,0.007797,0.007701,0.007724,-0.000045,-0.58%,114425,171868
J6H23,2023-01-27,0.0077235,0.0077665,0.007721,0.0077425,0.0000185,+0.24%,92315,169462
J6H23,2023-01-30,0.0077445,0.007784,0.0077025,0.0077035,-0.000039,-0.50%,112739,171171
J6H23,2023-01-31,0.007711,0.00775,0.0077035,0.0077235,0.00002,+0.26%,104360,168540
J6H23,2023-02-01,0.0077285,0.007822,0.0077095,0.007807,0.0000835,+1.08%,152122,169689
J6H23,2023-02-02,0.0077975,0.007847,0.0077825,0.007813,0.000006,+0.08%,140633,170265
J6H23,2023-02-03,0.007811,0.0078305,0.007657,0.007667,-0.000146,-1.87%,226845,171164
J6H23,2023-02-06,0.0076255,0.00764,0.007559,0.0075815,-0.0000855,-1.12%,154281,168184
J6H23,2023-02-07,0.007575,0.0076995,0.0075695,0.0076635,0.000082,+1.08%,160040,164069
J6H23,2023-02-08,0.007665,0.007691,0.007636,0.0076465,-0.000017,-0.22%,88370,164782
J6H23,2023-02-09,0.0076425,0.0077045,0.0076165,0.007631,-0.0000155,-0.20%,121111,164828
J6H23,2023-02-10,0.007634,0.007734,0.0076115,0.007634,0.000003,+0.04%,201938,166343
J6H23,2023-02-13,0.0076385,0.0076405,0.007552,0.0075775,-0.0000565,-0.74%,116942,172337
J6H23,2023-02-14,0.0075785,0.007632,0.007528,0.007543,-0.0000345,-0.46%,174858,174955
J6H23,2023-02-15,0.007539,0.0075705,0.0074685,0.007479,-0.000064,-0.85%,132820,180256
J6H23,2023-02-16,0.007483,0.0075065,0.007458,0.0074935,0.0000145,+0.19%,130433,180833
J6H23,2023-02-17,0.007485,0.0074865,0.007422,0.0074765,-0.000017,-0.23%,108831,179507
J6H23,2023-02-21,0.0074705,0.007488,0.007413,0.0074275,-0.000049,-0.66%,153053,186100
J6H23,2023-02-22,0.0074255,0.0074585,0.0074195,0.0074265,-0.000001,-0.01%,93791,190271
J6H23,2023-02-23,0.007428,0.0074515,0.007403,0.007443,0.0000165,+0.22%,92994,193281
J6H23,2023-02-24,0.007439,0.007475,0.0073395,0.0073445,-0.0000985,-1.32%,185639,202730
J6H23,2023-02-27,0.007345,0.007373,0.007335,0.0073535,0.000009,+0.12%,93347,200855
J6H23,2023-02-28,0.007353,0.0073805,0.007316,0.0073595,0.000006,+0.08%,126901,200047
J6H23,2023-03-01,0.0073545,0.007405,0.007339,0.007355,-0.0000045,-0.06%,136130,200865
J6H23,2023-03-02,0.0073545,0.007361,0.007302,0.007321,-0.000034,-0.46%,137435,208246
J6H23,2023-03-03,0.0073225,0.0073745,0.0073195,0.0073695,0.0000485,+0.66%,124360,202718
J6H23,2023-03-06,0.007368,0.007394,0.0073495,0.007356,-0.0000135,-0.18%,165983,202571
J6H23,2023-03-07,0.0073625,0.007384,0.0072945,0.007299,-0.000057,-0.77%,272440,211297
J6H23,2023-03-08,0.0072975,0.007332,0.007255,0.007292,-0.000007,-0.10%,405132,214967
J6M23,2023-03-09,0.0073925,0.007467,0.0073925,0.007455,0.000163,+2.24%,234934,213983
J6M23,2023-03-10,0.007455,0.0075695,0.0074085,0.0075315,0.0000765,+1.03%,321360,214782
J6M23,2023-03-13,0.0075715,0.0076675,0.0075135,0.0076085,0.000077,+1.02%,286052,186039
J6M23,2023-03-14,0.00762,0.007627,0.00752,0.00756,-0.0000485,-0.64%,215613,179782
J6M23,2023-03-15,0.007555,0.007674,0.007506,0.007604,0.000044,+0.58%,268799,178889
J6M23,2023-03-16,0.007612,0.007698,0.0075765,0.0075925,-0.0000115,-0.15%,246899,172891
J6M23,2023-03-17,0.0075805,0.007704,0.0075805,0.007699,0.0001065,+1.40%,184571,174935
J6M23,2023-03-20,0.00771,0.0077625,0.007639,0.0077185,0.0000195,+0.25%,214631,172085
J6M23,2023-03-21,0.007718,0.0077335,0.007639,0.0076445,-0.000074,-0.96%,141649,169188
J6M23,2023-03-22,0.007647,0.007733,0.0076165,0.007709,0.0000645,+0.84%,172895,170634
J6M23,2023-03-23,0.0077115,0.0077705,0.0076915,0.007752,0.000043,+0.56%,185970,175166
J6M23,2023-03-24,0.0077415,0.007811,0.0077335,0.0077455,-0.0000065,-0.08%,192611,171685
J6M23,2023-03-27,0.0077505,0.007758,0.0076835,0.007695,-0.0000505,-0.65%,128008,170431
J6M23,2023-03-28,0.0076935,0.007763,0.0076935,0.0077395,0.0000445,+0.58%,134131,169473
J6M23,2023-03-29,0.0077355,0.0077405,0.007612,0.00763,-0.0001095,-1.41%,180896,167275
J6M23,2023-03-30,0.0076185,0.0076515,0.007608,0.0076375,0.0000075,+0.10%,126250,166841
J6M23,2023-03-31,0.00762,0.007629,0.007571,0.0076225,-0.000015,-0.20%,165824,167721
J6M23,2023-04-03,0.0075895,0.00765,0.0075605,0.00764,0.0000175,+0.23%,131066,172444
J6M23,2023-04-04,0.0076365,0.0076875,0.007593,0.007682,0.000042,+0.55%,166275,178828
J6M23,2023-04-05,0.0076755,0.0077425,0.007668,0.0077115,0.0000295,+0.38%,156177,178633
J6M23,2023-04-06,0.0076985,0.0077275,0.0076615,0.00767,-0.0000415,-0.54%,113585,171370
J6M23,2023-04-07,0.0076725,0.0076825,0.007633,0.0076505,-0.0000195,-0.25%,45017,170756
J6M23,2023-04-10,0.007647,0.0076645,0.0075465,0.00756,-0.0000905,-1.18%,165793,179291
J6M23,2023-04-11,0.00756,0.007597,0.0075495,0.0075515,-0.0000085,-0.11%,119189,176822
J6M23,2023-04-12,0.007555,0.00761,0.007535,0.007584,0.0000325,+0.43%,148962,172935
J6M23,2023-04-13,0.007586,0.0076475,0.0075685,0.007604,0.00002,+0.26%,143802,174667
J6M23,2023-04-14,0.0076135,0.0076375,0.007542,0.007545,-0.000059,-0.78%,161057,177331
J6M23,2023-04-17,0.0075405,0.0075485,0.0075,0.0075095,-0.0000355,-0.47%,113373,178089
J6M23,2023-04-18,0.007508,0.0075395,0.0074915,0.0075275,0.000018,+0.24%,110440,177507
J6M23,2023-04-19,0.007526,0.007533,0.007466,0.0074895,-0.000038,-0.50%,135269,179225
J6M23,2023-04-20,0.0074915,0.007527,0.007473,0.0075085,0.000019,+0.25%,111182,180621
J6M23,2023-04-21,0.0075145,0.007552,0.0074985,0.007514,0.0000055,+0.07%,133687,182667
J6M23,2023-04-24,0.0075215,0.007531,0.007484,0.007511,-0.000003,-0.04%,104704,181513
J6M23,2023-04-25,0.0075125,0.00756,0.007497,0.0075485,0.0000375,+0.50%,144190,184041
J6M23,2023-04-26,0.00754,0.007579,0.007525,0.007548,-0.0000005,-0.01%,174174,183925
J6M23,2023-04-27,0.007541,0.0075645,0.007508,0.00752,-0.000028,-0.37%,145782,187720
J6M23,2023-04-28,0.007522,0.0075555,0.0073775,0.0073945,-0.0001255,-1.67%,281995,198780
J6M23,2023-05-01,0.007392,0.0073925,0.0073185,0.0073215,-0.000073,-0.99%,142822,199229
J6M23,2023-05-02,0.0073225,0.0073835,0.0073055,0.0073635,0.000042,+0.57%,191004,202996
J6M23,2023-05-03,0.0073715,0.0074735,0.0073695,0.007431,0.0000675,+0.92%,191288,197695
J6M23,2023-05-04,0.007475,0.0075395,0.0074625,0.0075045,0.0000735,+0.99%,230694,193524
J6M23,2023-05-05,0.0074975,0.007519,0.0074495,0.007467,-0.0000375,-0.50%,116701,190317
J6M23,2023-05-08,0.007462,0.007474,0.0074385,0.007446,-0.000021,-0.28%,106686,190368
J6M23,2023-05-09,0.007449,0.0074685,0.007433,0.007444,-0.000002,-0.03%,115859,192574
J6M23,2023-05-10,0.007441,0.0075015,0.0074265,0.007494,0.00005,+0.67%,171512,196029
J6M23,2023-05-11,0.0074885,0.0075195,0.007457,0.0074755,-0.0000185,-0.25%,149088,193168
J6M23,2023-05-12,0.0074745,0.0074805,0.007404,0.0074095,-0.000066,-0.88%,135106,194863
J6M23,2023-05-15,0.0074075,0.007409,0.007374,0.007387,-0.0000225,-0.30%,117891,195884
J6M23,2023-05-16,0.0073865,0.007409,0.007353,0.007373,-0.000014,-0.19%,132040,200515
J6M23,2023-05-17,0.0073695,0.007373,0.007297,0.007303,-0.00007,-0.95%,134000,208176
J6M23,2023-05-18,0.007301,0.0073165,0.0072395,0.007244,-0.000059,-0.81%,176068,216809
J6M23,2023-05-19,0.007242,0.007308,0.0072415,0.0072735,0.0000295,+0.41%,200364,217447
J6M23,2023-05-22,0.007278,0.007304,0.0072405,0.007247,-0.0000265,-0.36%,163816,220224
J6M23,2023-05-23,0.0072455,0.0072625,0.0072265,0.0072495,0.0000025,+0.03%,156601,226400
J6M23,2023-05-24,0.007248,0.007263,0.00719,0.0072145,-0.000035,-0.48%,176691,228421
J6M23,2023-05-25,0.0072005,0.007228,0.007155,0.0071675,-0.000047,-0.65%,197974,236050
J6M23,2023-05-26,0.007164,0.0071925,0.0071295,0.0071335,-0.000034,-0.47%,193412,241603
J6M23,2023-05-30,0.007132,0.0071865,0.007117,0.0071705,0.000037,+0.52%,294296,243237
J6M23,2023-05-31,0.007175,0.007203,0.0071415,0.0072,0.0000295,+0.41%,227629,247641
J6M23,2023-06-01,0.0071965,0.007241,0.007161,0.007219,0.000019,+0.26%,188988,239569
J6M23,2023-06-02,0.0072205,0.007231,0.007155,0.007162,-0.000057,-0.79%,181995,248013
J6M23,2023-06-05,0.007158,0.0071965,0.007134,0.0071765,0.0000145,+0.20%,170638,242690
J6M23,2023-06-06,0.00718,0.007203,0.007157,0.007174,-0.0000025,-0.03%,135515,245332
J6M23,2023-06-07,0.007173,0.0072055,0.0071425,0.007149,-0.000025,-0.35%,210259,263994
J6M23,2023-06-08,0.007147,0.0072135,0.00714,0.0072075,0.0000585,+0.82%,181949,257292
J6M23,2023-06-09,0.007208,0.007215,0.007165,0.007182,-0.0000255,-0.35%,209448,248831
J6M23,2023-06-12,0.0071855,0.007199,0.0071615,0.0071695,-0.0000125,-0.17%,277933,251217
J6M23,2023-06-13,0.00717,0.007206,0.007133,0.0071345,-0.000035,-0.49%,371840,252566
J6U23,2023-06-14,0.007238,0.0072875,0.0072355,0.0072645,0.00013,+1.82%,426465,286285
J6U23,2023-06-15,0.0072465,0.007248,0.0071675,0.0072285,-0.000036,-0.50%,354772,289220
J6U23,2023-06-16,0.007231,0.007253,0.0071465,0.007153,-0.0000755,-1.04%,221011,241648
J6U23,2023-06-20,0.007149,0.0071805,0.0071275,0.007173,0.00002,+0.28%,218215,238556
J6U23,2023-06-21,0.007171,0.0071765,0.007121,0.0071515,-0.0000215,-0.30%,149238,240061
J6U23,2023-06-22,0.007145,0.007157,0.0070755,0.007084,-0.0000675,-0.94%,149643,244996
J6U23,2023-06-23,0.007082,0.0071015,0.007042,0.007046,-0.000038,-0.54%,193302,244792
J6U23,2023-06-26,0.0070515,0.007088,0.007049,0.0070625,0.0000165,+0.23%,147714,245789
J6U23,2023-06-27,0.0070595,0.0070695,0.0070255,0.0070325,-0.00003,-0.42%,153526,251524
J6U23,2023-06-28,0.007032,0.007046,0.0070025,0.007018,-0.0000145,-0.21%,160794,251431
J6U23,2023-06-29,0.0070105,0.007023,0.0069855,0.006986,-0.000032,-0.46%,185447,261333
J6U23,2023-06-30,0.0069905,0.0070175,0.0069755,0.0070125,0.0000265,+0.38%,165766,262146
J6U23,2023-07-03,0.0070135,0.0070285,0.0069825,0.006992,-0.0000205,-0.29%,176273,265066
J6U23,2023-07-05,0.006993,0.007021,0.006989,0.0069925,0.0000005,+0.01%,230465,267000
J6U23,2023-07-06,0.006995,0.007044,0.00699,0.0070145,0.000022,+0.31%,246966,271233
J6U23,2023-07-07,0.007019,0.007118,0.0070105,0.0071135,0.000099,+1.41%,256464,258174
J6U23,2023-07-10,0.0071125,0.0071555,0.0070685,0.0071535,0.00004,+0.56%,182221,256312
J6U23,2023-07-11,0.0071525,0.007211,0.007145,0.0071965,0.000043,+0.60%,204720,252349
J6U23,2023-07-12,0.0072005,0.0073145,0.007199,0.0073065,0.00011,+1.53%,270831,240109
J6U23,2023-07-13,0.0072955,0.007323,0.007268,0.007318,0.0000115,+0.16%,228140,236595
J6U23,2023-07-14,0.007315,0.0073585,0.0072565,0.0072745,-0.0000435,-0.59%,233386,236051
J6U23,2023-07-17,0.007281,0.0073185,0.0072435,0.007283,0.0000085,+0.12%,155050,229046
J6U23,2023-07-18,0.0072795,0.007333,0.0072565,0.007272,-0.000011,-0.15%,225355,230932
J6U23,2023-07-19,0.007272,0.007275,0.0072105,0.0072305,-0.0000415,-0.57%,163077,227920
J6U23,2023-07-20,0.0072275,0.0072535,0.0071815,0.0071965,-0.000034,-0.47%,151160,226034
J6U23,2023-07-21,0.007204,0.007219,0.0071065,0.007114,-0.0000825,-1.15%,224216,226438
J6U23,2023-07-24,0.007117,0.007167,0.007113,0.007132,0.000018,+0.25%,156663,224527
J6U23,2023-07-25,0.00713,0.0071605,0.007115,0.0071515,0.0000195,+0.27%,136885,223760
J6U23,2023-07-26,0.007155,0.007207,0.0071425,0.007203,0.0000515,+0.72%,135696,223522
J6U23,2023-07-27,0.0071905,0.0072635,0.007132,0.007234,0.000031,+0.43%,248429,229313
J6U23,2023-07-28,0.00723,0.0073015,0.00705,0.007148,-0.000086,-1.19%,304931,226437
J6U23,2023-07-31,0.007142,0.007162,0.0070615,0.007082,-0.000066,-0.92%,190083,230142
J6U23,2023-08-01,0.0070825,0.007085,0.007018,0.0070245,-0.0000575,-0.81%,151573,229015
J6U23,2023-08-02,0.0070535,0.007082,0.007021,0.007031,0.0000065,+0.09%,164912,228975
J6U23,2023-08-03,0.007028,0.007087,0.006997,0.007056,0.000025,+0.36%,165391,226641
J6U23,2023-08-04,0.0070645,0.0071125,0.007036,0.007097,0.000041,+0.58%,152446,225253
J6U23,2023-08-07,0.0071025,0.007113,0.0070595,0.0070675,-0.0000295,-0.42%,105001,225463
J6U23,2023-08-08,0.0070645,0.007068,0.0070135,0.0070185,-0.000049,-0.69%,140873,229849
J6U23,2023-08-09,0.0070175,0.0070335,0.0069965,0.007,-0.0000185,-0.26%,113031,232442
J6U23,2023-08-10,0.006999,0.0070195,0.006944,0.0069485,-0.0000515,-0.74%,152182,239118
J6U23,2023-08-11,0.0069475,0.006963,0.0069345,0.006937,-0.0000115,-0.17%,108821,243266
J6U23,2023-08-14,0.006937,0.006951,0.006906,0.00691,-0.000027,-0.39%,109088,246461
J6U23,2023-08-15,0.006907,0.006928,0.006892,0.0069015,-0.0000085,-0.12%,123331,247954
J6U23,2023-08-16,0.0069055,0.006917,0.006865,0.0068735,-0.000028,-0.41%,111599,249611
J6U23,2023-08-17,0.0068685,0.0068995,0.0068545,0.006874,0.0000005,+0.01%,137094,253747
J6U23,2023-08-18,0.0068885,0.0069315,0.006887,0.0069135,0.0000395,+0.57%,126355,249388
J6U23,2023-08-21,0.006909,0.0069205,0.006861,0.006874,-0.0000395,-0.57%,114282,250700
J6U23,2023-08-22,0.006869,0.006902,0.006859,0.0068855,0.0000115,+0.17%,88472,246923
J6U23,2023-08-23,0.006884,0.0069465,0.0068825,0.0069355,0.00005,+0.73%,151183,248215
J6U23,2023-08-24,0.006932,0.006941,0.0068745,0.0068805,-0.000055,-0.79%,139920,245823
J6U23,2023-08-25,0.006881,0.006886,0.006843,0.006857,-0.0000235,-0.34%,143400,247079
J6U23,2023-08-28,0.0068515,0.006859,0.006837,0.006847,-0.00001,-0.15%,101559,247948
J6U23,2023-08-29,0.006844,0.0068865,0.0068065,0.0068785,0.0000315,+0.46%,211618,245452
J6U23,2023-08-30,0.0068745,0.0068905,0.0068445,0.0068615,-0.000017,-0.25%,157269,248427
J6U23,2023-08-31,0.006858,0.0068965,0.006852,0.006892,0.0000305,+0.44%,151846,247007
J6U23,2023-09-01,0.0068875,0.00694,0.006851,0.006858,-0.000034,-0.49%,205910,248114
J6U23,2023-09-05,0.006856,0.006863,0.006779,0.006781,-0.000077,-1.12%,229404,268344
J6U23,2023-09-06,0.006784,0.0068145,0.006777,0.0067835,0.0000025,+0.04%,157331,267117
J6U23,2023-09-07,0.006784,0.0068105,0.006772,0.0068045,0.000021,+0.31%,138129,266616
J6U23,2023-09-08,0.0068,0.0068305,0.0067705,0.0067735,-0.000031,-0.46%,166974,266176
J6U23,2023-09-11,0.006823,0.0068615,0.006797,0.0068315,0.000058,+0.86%,325212,262350
J6U23,2023-09-12,0.00683,0.006835,0.006798,0.0068045,-0.000027,-0.40%,255784,270854
J6U23,2023-09-13,0.0068035,0.0068075,0.006772,0.0067875,-0.000017,-0.25%,334966,280858
J6Z23,2023-09-14,0.0068845,0.0069025,0.0068765,0.0068825,0.000095,+1.40%,312650,292832
J6Z23,2023-09-15,0.006881,0.006886,0.0068575,0.0068625,-0.00002,-0.29%,208079,293365
J6Z23,2023-09-18,0.006865,0.0068765,0.006861,0.006867,0.0000045,+0.07%,90674,253456
J6Z23,2023-09-19,0.0068735,0.006878,0.006858,0.0068615,-0.0000055,-0.08%,146894,265860
J6Z23,2023-09-20,0.0068635,0.006878,0.006837,0.0068525,-0.000009,-0.13%,193998,268390
J6Z23,2023-09-21,0.0068415,0.006882,0.006828,0.006872,0.0000195,+0.28%,215285,270331
J6Z23,2023-09-22,0.0068695,0.006872,0.006829,0.006831,-0.000041,-0.60%,174452,277052
J6Z23,2023-09-25,0.00683,0.006837,0.006803,0.006809,-0.000022,-0.32%,102199,282828
J6Z23,2023-09-26,0.006809,0.006814,0.0067925,0.0067975,-0.0000115,-0.17%,131871,285974
J6Z23,2023-09-27,0.006799,0.0068065,0.0067685,0.006774,-0.0000235,-0.35%,133248,291460
J6Z23,2023-09-28,0.006776,0.00679,0.0067715,0.006786,0.000012,+0.18%,159036,284685
J6Z23,2023-09-29,0.006783,0.0068175,0.00677,0.0067775,-0.0000085,-0.13%,197785,284688
J6Z23,2023-10-02,0.006773,0.006776,0.006748,0.006761,-0.0000165,-0.24%,135284,287679
J6Z23,2023-10-03,0.006755,0.006874,0.006739,0.0067995,0.0000385,+0.57%,237724,282682
J6Z23,2023-10-04,0.006791,0.006805,0.0067775,0.0067905,-0.000009,-0.13%,165596,273379
J6Z23,2023-10-05,0.0067875,0.006822,0.0067825,0.006816,0.0000255,+0.38%,170185,273002
J6Z23,2023-10-06,0.006811,0.0068165,0.006762,0.006771,-0.000045,-0.66%,196669,265307
J6Z23,2023-10-09,0.006784,0.006813,0.0067755,0.006812,0.000041,+0.61%,133626,263764
J6Z23,2023-10-10,0.006809,0.0068245,0.006781,0.006798,-0.000014,-0.21%,151019,259937
J6Z23,2023-10-11,0.0068,0.006811,0.0067695,0.0067725,-0.0000255,-0.38%,141540,260342
J6Z23,2023-10-12,0.006777,0.0067835,0.006743,0.0067435,-0.000029,-0.43%,153213,268404
J6Z23,2023-10-13,0.0067445,0.00676,0.0067425,0.0067575,0.000014,+0.21%,143509,261432
J6Z23,2023-10-16,0.0067565,0.0067625,0.0067445,0.0067555,-0.000002,-0.03%,122737,260406
J6Z23,2023-10-17,0.0067535,0.006797,0.0067355,0.006742,-0.0000135,-0.20%,141919,267521
J6Z23,2023-10-18,0.006742,0.0067545,0.006734,0.006736,-0.000006,-0.09%,126876,266428
J6Z23,2023-10-19,0.0067375,0.006743,0.006726,0.006735,-0.000001,-0.01%,136074,266420
J6Z23,2023-10-20,0.0067355,0.006744,0.006727,0.0067335,-0.0000015,-0.02%,133942,266676
J6Z23,2023-10-23,0.006735,0.0067465,0.0067245,0.006746,0.0000125,+0.19%,137750,262491
J6Z23,2023-10-24,0.00674,0.006756,0.006716,0.006729,-0.000017,-0.25%,170944,260909
J6Z23,2023-10-25,0.0067305,0.006733,0.0067095,0.006723,-0.000006,-0.09%,133518,261968
J6Z23,2023-10-26,0.0067145,0.0067295,0.0066855,0.0067045,-0.0000185,-0.28%,203483,259811
J6Z23,2023-10-27,0.0067025,0.0067445,0.0067015,0.006742,0.0000375,+0.56%,180451,265610
J6Z23,2023-10-30,0.006736,0.0067735,0.006725,0.006765,0.000023,+0.34%,206980,272876
J6Z23,2023-10-31,0.006762,0.006762,0.0066395,0.0066465,-0.0001185,-1.75%,353213,277272
J6Z23,2023-11-01,0.006642,0.0066835,0.00664,0.006669,0.0000225,+0.34%,210474,270139
J6Z23,2023-11-02,0.0066715,0.006719,0.0066705,0.0066935,0.0000245,+0.37%,194868,261662
J6Z23,2023-11-03,0.0066935,0.006748,0.0066885,0.006743,0.0000495,+0.74%,187560,261689
J6Z23,2023-11-06,0.006741,0.006741,0.006707,0.0067115,-0.0000315,-0.47%,125417,257460
J6Z23,2023-11-07,0.00671,0.006713,0.0066785,0.0066895,-0.000022,-0.33%,135359,259698
J6Z23,2023-11-08,0.006693,0.006693,0.0066615,0.006662,-0.0000275,-0.41%,133815,264349
J6Z23,2023-11-09,0.006666,0.0066705,0.0066435,0.0066465,-0.0000155,-0.23%,146875,270602
J6Z23,2023-11-10,0.006646,0.00665,0.006633,0.0066335,-0.000013,-0.20%,119890,280043
J6Z23,2023-11-13,0.0066385,0.00665,0.0066185,0.0066325,-0.000001,-0.02%,161729,283617
J6Z23,2023-11-14,0.0066285,0.0066955,0.006611,0.0066865,0.000054,+0.81%,219738,273763
J6Z23,2023-11-15,0.006682,0.006699,0.006638,0.00664,-0.0000465,-0.70%,228812,264369
J6Z23,2023-11-16,0.0066405,0.006685,0.006634,0.0066705,0.0000305,+0.46%,188550,262423
J6Z23,2023-11-17,0.006667,0.006733,0.0066625,0.006713,0.0000425,+0.64%,215932,262384
J6Z23,2023-11-20,0.0067125,0.006782,0.0066965,0.006772,0.000059,+0.88%,248729,263645
J6Z23,2023-11-21,0.0067695,0.0068235,0.006757,0.0067695,-0.0000025,-0.04%,238772,264903
J6Z23,2023-11-22,0.006769,0.0067805,0.0067015,0.006709,-0.0000605,-0.89%,222774,262166
J6Z23,2023-11-24,0.006711,0.0067405,0.006702,0.0067105,0.0000015,+0.02%,169421,262931
J6Z23,2023-11-27,0.0067105,0.006754,0.006703,0.006751,0.0000405,+0.60%,147879,259567
J6Z23,2023-11-28,0.006748,0.006809,0.00674,0.0068045,0.0000535,+0.79%,210825,260781
J6Z23,2023-11-29,0.006805,0.0068385,0.006781,0.0068115,0.000007,+0.10%,221307,264497
J6Z23,2023-11-30,0.006815,0.006827,0.006749,0.0067635,-0.000048,-0.70%,201308,266209
J6Z23,2023-12-01,0.006764,0.0068345,0.0067565,0.0068255,0.000062,+0.92%,210091,268324
J6Z23,2023-12-04,0.006832,0.0068535,0.0067965,0.0068035,-0.000022,-0.32%,182290,264446
J6Z23,2023-12-05,0.0068095,0.006837,0.006798,0.0068045,0.000001,+0.01%,160550,267482
J6Z23,2023-12-06,0.0068095,0.0068205,0.006792,0.006799,-0.0000055,-0.08%,141456,263485
J6Z23,2023-12-07,0.0068015,0.0070725,0.006798,0.006981,0.000182,+2.68%,450064,268509
J6Z23,2023-12-08,0.0069455,0.007026,0.006895,0.006907,-0.000074,-1.06%,357310,260576
J6Z23,2023-12-11,0.006904,0.0069135,0.0068295,0.0068495,-0.0000575,-0.83%,285421,257961
J6Z23,2023-12-12,0.006849,0.0069165,0.0068475,0.006875,0.0000255,+0.37%,263231,257581
J6Z23,2023-12-13,0.0068825,0.007017,0.0068545,0.006992,0.000117,+1.70%,356454,258894
J6H24,2023-12-14,0.007117,0.0072015,0.007103,0.0071525,0.0001605,+2.30%,405197,251831
J6H24,2023-12-15,0.0071535,0.0071765,0.0071245,0.0071385,-0.000014,-0.20%,238158,247998
J6H24,2023-12-18,0.0071395,0.0071435,0.007089,0.0071025,-0.000036,-0.50%,118646,189218
J6H24,2023-12-19,0.007106,0.0071335,0.006999,0.0070505,-0.000052,-0.73%,219340,185940
J6H24,2023-12-20,0.0070535,0.0070815,0.0070405,0.0070545,0.000004,+0.06%,134703,188516
J6H24,2023-12-21,0.007069,0.007138,0.0070625,0.0071285,0.000074,+1.05%,147915,187692
J6H24,2023-12-22,0.007133,0.007147,0.007107,0.0071155,-0.000013,-0.18%,127879,187714
J6H24,2023-12-26,0.0071205,0.007134,0.0071055,0.0071135,-0.000002,-0.03%,61798,188540
J6H24,2023-12-27,0.0071185,0.007159,0.007094,0.007142,0.0000285,+0.40%,137408,192458
J6H24,2023-12-28,0.007145,0.007217,0.0071445,0.007155,0.000013,+0.18%,153964,189352
J6H24,2023-12-29,0.0071575,0.007188,0.0071305,0.007176,0.000021,+0.29%,129497,186680
J6H24,2024-01-02,0.007178,0.007187,0.007115,0.0071285,-0.0000475,-0.66%,134701,184042
J6H24,2024-01-03,0.0071245,0.007134,0.0070405,0.007064,-0.0000645,-0.90%,186360,194899
J6H24,2024-01-04,0.007063,0.007079,0.0069815,0.006994,-0.00007,-0.99%,168884,191689
J6H24,2024-01-05,0.006991,0.0070315,0.0069255,0.0069895,-0.0000045,-0.06%,230327,194095
J6H24,2024-01-08,0.006992,0.0070385,0.006977,0.0070165,0.000027,+0.39%,109594,194352
J6H24,2024-01-09,0.007011,0.007049,0.0069905,0.0069935,-0.000023,-0.33%,144567,200299
J6H24,2024-01-10,0.0069985,0.0070035,0.006931,0.006938,-0.0000555,-0.79%,133590,210331
J6H24,2024-01-11,0.0069345,0.0069735,0.006899,0.0069435,0.0000055,+0.08%,191785,213131
J6H24,2024-01-12,0.0069525,0.0069985,0.0069395,0.006973,0.0000295,+0.42%,168356,203217
J6H24,2024-01-16,0.006969,0.006969,0.006855,0.006857,-0.000116,-1.66%,242689,213309
J6H24,2024-01-17,0.006863,0.006864,0.0067975,0.0068095,-0.0000475,-0.69%,168986,221304
J6H24,2024-01-18,0.006814,0.0068345,0.0068045,0.006808,-0.0000015,-0.02%,139655,228039
J6H24,2024-01-19,0.0068105,0.006825,0.006781,0.0068085,0.0000005,+0.01%,135204,232876
J6H24,2024-01-22,0.006808,0.006835,0.006802,0.006815,0.0000065,+0.10%,110131,234006
J6H24,2024-01-23,0.006816,0.006863,0.006783,0.0067975,-0.0000175,-0.26%,175853,243032
J6H24,2024-01-24,0.006798,0.006877,0.006796,0.006834,0.0000365,+0.54%,173865,232987
J6H24,2024-01-25,0.0068385,0.0068535,0.0068115,0.0068185,-0.0000155,-0.23%,127785,236867
J6H24,2024-01-26,0.0068285,0.006839,0.0068,0.006805,-0.0000135,-0.20%,116496,243314
J6H24,2024-01-29,0.006803,0.0068435,0.006793,0.006825,0.00002,+0.29%,107627,241047
J6H24,2024-01-30,0.006832,0.00685,0.006811,0.006826,0.000001,+0.01%,135716,242029
J6H24,2024-01-31,0.0068255,0.006901,0.006811,0.0068835,0.0000575,+0.84%,319765,245377
J6H24,2024-02-01,0.006857,0.006903,0.006845,0.006885,0.0000015,+0.02%,202034,240874
J6H24,2024-02-02,0.006876,0.0068845,0.0067755,0.006787,-0.000098,-1.42%,232503,263707
J6H24,2024-02-05,0.006782,0.0067885,0.0067605,0.006769,-0.000018,-0.27%,142119,260973
J6H24,2024-02-06,0.00677,0.006809,0.006764,0.006802,0.000033,+0.49%,121335,259542
J6H24,2024-02-07,0.006807,0.006817,0.006788,0.0067935,-0.0000085,-0.12%,114656,258701
J6H24,2024-02-08,0.006793,0.0067985,0.0067275,0.006732,-0.0000615,-0.91%,149753,276600
J6H24,2024-02-09,0.006736,0.0067485,0.0067225,0.006732,0,0.00%,119668,280011
J6H24,2024-02-12,0.0067355,0.006752,0.0067265,0.0067295,-0.0000025,-0.04%,87367,285338
J6H24,2024-02-13,0.006732,0.006748,0.006663,0.006664,-0.0000655,-0.97%,184083,304592
J6H24,2024-02-14,0.006675,0.006686,0.0066665,0.0066765,0.0000125,+0.19%,114266,303962
J6H24,2024-02-15,0.006678,0.006719,0.006672,0.0066995,0.000023,+0.34%,149704,297191
J6H24,2024-02-16,0.0067035,0.006705,0.006666,0.0066875,-0.000012,-0.18%,126121,301262
J6H24,2024-02-20,0.0066925,0.0067095,0.006675,0.006694,0.0000065,+0.10%,163753,305438
J6H24,2024-02-21,0.0066945,0.006698,0.0066735,0.006682,-0.000012,-0.18%,95824,313082
J6H24,2024-02-22,0.006675,0.0066895,0.0066595,0.0066655,-0.0000165,-0.25%,130325,315545
J6H24,2024-02-23,0.0066665,0.0066775,0.006656,0.00667,0.0000045,+0.07%,115563,313905
J6H24,2024-02-26,0.006669,0.0066765,0.006652,0.006655,-0.000015,-0.22%,95169,316514
J6H24,2024-02-27,0.0066575,0.006685,0.006657,0.0066645,0.0000095,+0.14%,122887,309633
J6H24,2024-02-28,0.006666,0.0066705,0.0066495,0.0066565,-0.000008,-0.12%,101674,310320
J6H24,2024-02-29,0.0066555,0.00672,0.0066545,0.006686,0.0000295,+0.44%,257783,308375
J6H24,2024-03-01,0.0066845,0.0066855,0.0066505,0.0066785,-0.0000075,-0.11%,201150,307794
J6H24,2024-03-04,0.0066775,0.0066895,0.0066565,0.0066575,-0.000021,-0.31%,116438,312843
J6H24,2024-03-05,0.006663,0.0066945,0.0066565,0.0066835,0.000026,+0.39%,151340,314586
J6H24,2024-03-06,0.0066795,0.0067205,0.006676,0.0067095,0.000026,+0.39%,185770,316861
J6H24,2024-03-07,0.006708,0.0067865,0.0067065,0.006767,0.0000575,+0.86%,276185,317200
J6H24,2024-03-08,0.006769,0.006837,0.0067605,0.0068095,0.0000425,+0.63%,296669,310609
J6H24,2024-03-11,0.0068095,0.006835,0.0068045,0.0068135,0.000004,+0.06%,248102,316131
J6H24,2024-03-12,0.006812,0.0068275,0.006755,0.006778,-0.0000355,-0.52%,391304,325675
J6H24,2024-03-13,0.006778,0.006798,0.006761,0.006774,-0.000004,-0.06%,379295,329083
J6M24,2024-03-14,0.00687,0.006881,0.006838,0.0068405,0.0000665,+0.98%,406155,353552
J6M24,2024-03-15,0.006841,0.006852,0.0068005,0.0068055,-0.000035,-0.51%,233461,362074
J6M24,2024-03-18,0.006805,0.0068105,0.0067905,0.0068005,-0.000005,-0.07%,132610,272249
J6M24,2024-03-19,0.006798,0.006809,0.0067155,0.0067175,-0.000083,-1.22%,250124,302500
J6M24,2024-03-20,0.006722,0.0067265,0.0066775,0.006723,0.0000055,+0.08%,220256,305754
J6M24,2024-03-21,0.006703,0.0067435,0.0066765,0.0066805,-0.0000425,-0.63%,205345,310236
J6M24,2024-03-22,0.006684,0.006709,0.006671,0.006689,0.0000085,+0.13%,150711,305271
J6M24,2024-03-25,0.0066885,0.0067055,0.006684,0.0066875,-0.0000015,-0.02%,116271,305367
J6M24,2024-03-26,0.0066905,0.0066985,0.0066805,0.0066835,-0.000004,-0.06%,100345,305701
J6M24,2024-03-27,0.0066835,0.0067055,0.0066635,0.00669,0.0000065,+0.10%,197137,297734
J6M24,2024-03-28,0.006692,0.0066965,0.0066785,0.0066855,-0.0000045,-0.07%,135935,304851
J6M24,2024-04-01,0.006686,0.0066915,0.0066645,0.006672,-0.0000135,-0.20%,116648,319789
J6M24,2024-04-02,0.006672,0.0066795,0.0066645,0.0066735,0.0000015,+0.02%,100617,316809
J6M24,2024-04-03,0.006675,0.006679,0.0066555,0.0066695,-0.000004,-0.06%,130744,319658
J6M24,2024-04-04,0.006668,0.0066905,0.0066615,0.0066865,0.000017,+0.25%,136150,317881
J6M24,2024-04-05,0.0066815,0.0067035,0.0066615,0.0066705,-0.000016,-0.24%,154324,319896
J6M24,2024-04-08,0.006667,0.0066675,0.0066525,0.0066595,-0.000011,-0.16%,108597,325238
J6M24,2024-04-09,0.006658,0.006668,0.0066515,0.0066605,0.000001,+0.02%,114227,324479
J6M24,2024-04-10,0.0066555,0.006662,0.0065935,0.006606,-0.0000545,-0.82%,222219,336173
J6M24,2024-04-11,0.006599,0.0066115,0.0065875,0.0065915,-0.0000145,-0.22%,150097,335056
J6M24,2024-04-12,0.0065905,0.0066185,0.006584,0.0065915,0,0.00%,188521,328678
J6M24,2024-04-15,0.006589,0.0065945,0.0065375,0.006548,-0.0000435,-0.66%,176553,330984
J6M24,2024-04-16,0.006547,0.006561,0.006522,0.006528,-0.00002,-0.31%,152232,331110
J6M24,2024-04-17,0.0065255,0.006548,0.0065235,0.00654,0.000012,+0.18%,134647,334242
J6M24,2024-04-18,0.0065365,0.0065535,0.0065225,0.006526,-0.000014,-0.21%,121431,339608
J6M24,2024-04-19,0.006526,0.0065685,0.006522,0.0065265,0.0000005,+0.01%,193290,335242
J6M24,2024-04-22,0.006527,0.0065285,0.0065135,0.0065155,-0.000011,-0.17%,107353,335610
J6M24,2024-04-23,0.006516,0.006528,0.0065115,0.0065165,0.000001,+0.02%,145218,336167
J6M24,2024-04-24,0.0065145,0.006517,0.0064895,0.0064945,-0.000022,-0.34%,146446,348735
J6M24,2024-04-25,0.0064935,0.0064935,0.00647,0.006477,-0.0000175,-0.27%,157754,358406
J6M24,2024-04-26,0.006474,0.006503,0.006341,0.0063885,-0.0000885,-1.37%,305944,364084
J6M24,2024-04-29,0.0063785,0.0065215,0.0062875,0.006466,0.0000775,+1.21%,487124,345191
J6M24,2024-04-30,0.006447,0.006456,0.006382,0.0063885,-0.0000775,-1.20%,193588,334848
J6M24,2024-05-01,0.006384,0.0065795,0.0063715,0.006407,0.0000185,+0.29%,280806,337372
J6M24,2024-05-02,0.006514,0.0065765,0.00644,0.0065755,0.0001685,+2.63%,308676,328720
J6M24,2024-05-03,0.006552,0.006628,0.0065465,0.0065815,0.000006,+0.09%,265786,308897
J6M24,2024-05-06,0.006587,0.006587,0.006535,0.00654,-0.0000415,-0.63%,130894,303178
J6M24,2024-05-07,0.0065425,0.0065425,0.006503,0.006503,-0.000037,-0.57%,184491,299859
J6M24,2024-05-08,0.0065065,0.0065085,0.006463,0.006466,-0.000037,-0.57%,138207,300224
J6M24,2024-05-09,0.006467,0.0064825,0.006449,0.00647,0.000004,+0.06%,118994,301228
J6M24,2024-05-10,0.006468,0.006477,0.00645,0.006452,-0.000018,-0.28%,98653,299050
J6M24,2024-05-13,0.0064545,0.006466,0.0064345,0.0064365,-0.0000155,-0.24%,93615,298054
J6M24,2024-05-14,0.006435,0.006437,0.00641,0.006426,-0.0000105,-0.16%,97263,297606
J6M24,2024-05-15,0.006426,0.006498,0.00642,0.006489,0.000063,+0.98%,200337,294672
J6M24,2024-05-16,0.006494,0.006541,0.0064595,0.006468,-0.000021,-0.32%,191187,292391
J6M24,2024-05-17,0.006465,0.0064705,0.006439,0.0064525,-0.0000155,-0.24%,111867,291581
J6M24,2024-05-20,0.006453,0.006459,0.006425,0.006427,-0.0000255,-0.40%,111651,297236
J6M24,2024-05-21,0.006428,0.0064435,0.0064145,0.0064285,0.0000015,+0.02%,114041,301315
J6M24,2024-05-22,0.0064295,0.0064305,0.006401,0.00641,-0.0000185,-0.29%,86131,306696
J6M24,2024-05-23,0.006407,0.006411,0.006383,0.0063955,-0.0000145,-0.23%,157756,318669
J6M24,2024-05-24,0.006393,0.006399,0.006382,0.0063925,-0.000003,-0.05%,72122,318980
J6M24,2024-05-28,0.006392,0.006407,0.0063805,0.0063835,-0.000009,-0.14%,149861,325231
J6M24,2024-05-29,0.0063815,0.0063925,0.0063595,0.006362,-0.0000215,-0.34%,126725,337466
J6M24,2024-05-30,0.006359,0.0064115,0.006358,0.006393,0.000031,+0.49%,170735,319337
J6M24,2024-05-31,0.006394,0.0064025,0.00637,0.0063735,-0.0000195,-0.31%,168415,319920
J6M24,2024-06-03,0.0063735,0.0064265,0.0063645,0.0064155,0.000042,+0.66%,220067,305171
J6M24,2024-06-04,0.006419,0.0064855,0.0064035,0.006477,0.0000615,+0.96%,286107,303009
J6M24,2024-06-05,0.0064725,0.006473,0.0064025,0.0064185,-0.0000585,-0.90%,256718,307327
J6M24,2024-06-06,0.006419,0.0064465,0.006401,0.006433,0.0000145,+0.23%,158267,312603
J6M24,2024-06-07,0.006435,0.0064555,0.0063745,0.006393,-0.00004,-0.62%,215224,317204
J6M24,2024-06-10,0.0063835,0.0063885,0.006369,0.006374,-0.000019,-0.30%,178732,312316
J6M24,2024-06-11,0.006374,0.006384,0.0063595,0.006375,0.000001,+0.02%,328128,319274
J6M24,2024-06-12,0.0063685,0.006428,0.0063595,0.0063925,0.0000175,+0.27%,509501,325399
J6U24,2024-06-13,0.0064735,0.0064765,0.006446,0.006464,0.0000715,+1.12%,512992,360441
J6U24,2024-06-14,0.00646,0.006467,0.006407,0.0064475,-0.0000165,-0.26%,356968,368758
J6U24,2024-06-17,0.0064465,0.006451,0.0064175,0.0064285,-0.000019,-0.29%,128230,291589
J6U24,2024-06-18,0.0064255,0.006436,0.0064065,0.0064245,-0.000004,-0.06%,129375,297117
J6U24,2024-06-20,0.0064205,0.006431,0.006372,0.0063795,-0.000045,-0.70%,187257,323834
J6U24,2024-06-21,0.0063755,0.006384,0.006333,0.006349,-0.0000305,-0.48%,151805,334590
J6U24,2024-06-24,0.0063385,0.0063805,0.0063325,0.0063445,-0.0000045,-0.07%,127247,337181
J6U24,2024-06-25,0.0063445,0.0063615,0.0063385,0.0063425,-0.000002,-0.03%,86306,340237
J6U24,2024-06-26,0.006343,0.006344,0.006293,0.0063005,-0.000042,-0.66%,156072,346734
J6U24,2024-06-27,0.006294,0.0063135,0.0062925,0.0062945,-0.000006,-0.10%,109336,347949
J6U24,2024-06-28,0.0062945,0.0063185,0.006273,0.0062925,-0.000002,-0.03%,166032,346796
J6U24,2024-07-01,0.0062885,0.0062935,0.006255,0.006264,-0.0000285,-0.45%,123006,346582
J6U24,2024-07-02,0.0062645,0.0062715,0.0062525,0.0062625,-0.0000015,-0.02%,92107,349817
J6U24,2024-07-03,0.0062625,0.006291,0.0062445,0.006256,-0.0000065,-0.10%,147682,349018
J6U24,2024-07-05,0.0062565,0.0063045,0.0062525,0.0062885,0.0000325,+0.52%,203484,343386
J6U24,2024-07-08,0.006284,0.006306,0.0062725,0.0062845,-0.000004,-0.06%,112136,344578
J6U24,2024-07-09,0.0062825,0.0062865,0.0062555,0.0062635,-0.000021,-0.33%,110600,348954
J6U24,2024-07-10,0.006264,0.0062655,0.0062435,0.0062445,-0.000019,-0.30%,94943,348351
J6U24,2024-07-11,0.0062485,0.006414,0.0062415,0.006362,0.0001175,+1.88%,410875,332772
J6U24,2024-07-12,0.006352,0.006417,0.006331,0.006393,0.000031,+0.49%,333573,317634
J6U24,2024-07-15,0.0063835,0.006424,0.006372,0.006395,0.000002,+0.03%,131327,313936
J6U24,2024-07-16,0.0063855,0.0063865,0.0063535,0.006374,-0.000021,-0.33%,129012,307205
J6U24,2024-07-17,0.006375,0.0064675,0.0063625,0.0064655,0.0000915,+1.44%,264984,301200
J6U24,2024-07-18,0.0064615,0.0064925,0.006408,0.0064135,-0.000052,-0.80%,210455,303089
J6U24,2024-07-19,0.00641,0.006426,0.0063895,0.006404,-0.0000095,-0.15%,156204,299308
J6U24,2024-07-22,0.0064075,0.006453,0.006398,0.006421,0.000017,+0.27%,141085,301950
J6U24,2024-07-23,0.006423,0.006485,0.006418,0.0064785,0.0000575,+0.90%,158584,307183
J6U24,2024-07-24,0.0064805,0.0065845,0.006463,0.006546,0.0000675,+1.04%,290897,307329
J6U24,2024-07-25,0.0065515,0.006632,0.00653,0.006552,0.000006,+0.09%,411869,302429
J6U24,2024-07-26,0.0065465,0.0065815,0.006511,0.0065545,0.0000025,+0.04%,246909,301601
J6U24,2024-07-29,0.0065505,0.0065835,0.006526,0.0065425,-0.000012,-0.18%,189945,299499
J6U24,2024-07-30,0.0065395,0.006598,0.006488,0.0065725,0.00003,+0.46%,259914,303151
J6U24,2024-07-31,0.006594,0.0067305,0.0065425,0.006692,0.0001195,+1.82%,420397,307676
J6U24,2024-08-01,0.006717,0.0067775,0.006671,0.0067305,0.0000385,+0.58%,303807,310872
J6U24,2024-08-02,0.0067415,0.006874,0.0067195,0.006871,0.0001405,+2.09%,379712,309053
J6U24,2024-08-05,0.0068685,0.0071035,0.0068655,0.0070135,0.0001425,+2.07%,469686,299802
J6U24,2024-08-06,0.006985,0.007005,0.006874,0.0069375,-0.000076,-1.08%,342843,298937
J6U24,2024-08-07,0.006966,0.006972,0.006801,0.006849,-0.0000885,-1.28%,285441,302474
J6U24,2024-08-08,0.006855,0.006913,0.006814,0.006829,-0.00002,-0.29%,196598,305517
J6U24,2024-08-09,0.00683,0.0068725,0.0068,0.006856,0.000027,+0.40%,138796,313623
J6U24,2024-08-12,0.0068545,0.006855,0.0067815,0.0068245,-0.0000315,-0.46%,135250,313852
J6U24,2024-08-13,0.006829,0.0068565,0.0067935,0.0068525,0.000028,+0.41%,122741,315338
J6U24,2024-08-14,0.0068455,0.0068805,0.006809,0.006825,-0.0000275,-0.40%,143721,311524
J6U24,2024-08-15,0.0068205,0.006831,0.0067235,0.006741,-0.000084,-1.23%,161953,307900
J6U24,2024-08-16,0.0067285,0.006806,0.006724,0.006801,0.00006,+0.89%,146848,317735
J6U24,2024-08-19,0.006801,0.006916,0.006782,0.006847,0.000046,+0.68%,166252,314537
J6U24,2024-08-20,0.00685,0.0069145,0.006814,0.006906,0.000059,+0.86%,153393,316197
J6U24,2024-08-21,0.0069145,0.0069495,0.0068315,0.006935,0.000029,+0.42%,211128,315044
J6U24,2024-08-22,0.0069115,0.0069275,0.0068475,0.006862,-0.000073,-1.05%,145180,311630
J6U24,2024-08-23,0.0068615,0.0069645,0.006849,0.006953,0.000091,+1.33%,196452,320699
J6U24,2024-08-26,0.006961,0.0069925,0.0069345,0.0069415,-0.0000115,-0.17%,150004,318666
J6U24,2024-08-27,0.0069415,0.006969,0.006908,0.006964,0.0000225,+0.32%,121417,318259
J6U24,2024-08-28,0.006967,0.006979,0.0069135,0.0069325,-0.0000315,-0.45%,130816,319476
J6U24,2024-08-29,0.006935,0.006949,0.0068855,0.006922,-0.0000105,-0.15%,142920,319763
J6U24,2024-08-30,0.006913,0.0069285,0.0068525,0.00686,-0.000062,-0.90%,130189,320833
J6U24,2024-09-03,0.0068555,0.006905,0.006806,0.0068715,0.0000115,+0.17%,268300,326795
J6U24,2024-09-04,0.006889,0.006971,0.0068815,0.006963,0.0000915,+1.33%,204199,331805
J6U24,2024-09-05,0.006971,0.0070095,0.0069425,0.0069815,0.0000185,+0.27%,259481,336387
J6U24,2024-09-06,0.006982,0.0070625,0.006948,0.007033,0.0000515,+0.74%,391599,364445
J6U24,2024-09-09,0.0070365,0.007052,0.006961,0.0070095,-0.0000235,-0.33%,249176,368605
J6U24,2024-09-10,0.006992,0.007039,0.006964,0.007031,0.0000215,+0.31%,276313,376514
J6U24,2024-09-11,0.007027,0.007112,0.00702,0.007037,0.000006,+0.09%,474967,386119
J6U24,2024-09-12,0.00703,0.007057,0.006992,0.007042,0.000005,+0.07%,335460,382676
J6Z24,2024-09-13,0.007138,0.0072175,0.0071355,0.0071835,0.0001415,+2.01%,236695,384601
J6Z24,2024-09-16,0.007196,0.007253,0.0071835,0.007194,0.0000105,+0.15%,156516,200454
J6Z24,2024-09-17,0.0072,0.0072135,0.0071045,0.0071375,-0.0000565,-0.79%,169195,199463
J6Z24,2024-09-18,0.007107,0.0072045,0.00709,0.0071665,0.000029,+0.41%,192310,208967
J6Z24,2024-09-19,0.007115,0.0071275,0.0070245,0.0070885,-0.000078,-1.09%,233663,208938
J6Z24,2024-09-20,0.0070885,0.007134,0.006997,0.007027,-0.0000615,-0.87%,235036,204414
J6Z24,2024-09-23,0.007025,0.007062,0.006999,0.007055,0.000028,+0.40%,141345,209747
J6Z24,2024-09-24,0.007042,0.007064,0.006987,0.0070505,-0.0000045,-0.06%,163408,207702
J6Z24,2024-09-25,0.0070605,0.007074,0.0069785,0.006986,-0.0000645,-0.91%,145382,206242
J6Z24,2024-09-26,0.006984,0.0070115,0.006958,0.006986,0,0.00%,188103,205109
J6Z24,2024-09-27,0.0069775,0.007111,0.0068935,0.007105,0.000119,+1.70%,330772,209314
J6Z24,2024-09-30,0.0071015,0.007131,0.0070185,0.0070305,-0.0000745,-1.05%,182450,202374
J6Z24,2024-10-01,0.007037,0.007064,0.0069875,0.0070295,-0.000001,-0.01%,211800,196200
J6Z24,2024-10-02,0.007033,0.007041,0.006892,0.006901,-0.0001285,-1.83%,207024,198861
J6Z24,2024-10-03,0.006896,0.0069005,0.006855,0.0068725,-0.0000285,-0.41%,179493,191617
J6Z24,2024-10-04,0.006869,0.0069165,0.0067735,0.00678,-0.0000925,-1.35%,215299,199889
J6Z24,2024-10-07,0.0067805,0.0068265,0.006767,0.0068145,0.0000345,+0.51%,141698,196609
J6Z24,2024-10-08,0.0068085,0.006848,0.0068005,0.0068015,-0.000013,-0.19%,115498,196685
J6Z24,2024-10-09,0.006805,0.0068165,0.0067545,0.0067555,-0.000046,-0.68%,91994,197434
J6Z24,2024-10-10,0.006758,0.006806,0.006738,0.0067795,0.000024,+0.36%,153379,199601
J6Z24,2024-10-11,0.0067855,0.0067945,0.006754,0.0067625,-0.000017,-0.25%,83896,195540
J6Z24,2024-10-14,0.0067585,0.006763,0.006723,0.0067265,-0.000036,-0.53%,70137,195430
J6Z24,2024-10-15,0.00673,0.006773,0.006729,0.006753,0.0000265,+0.39%,104798,197871
J6Z24,2024-10-16,0.006756,0.006773,0.006729,0.00673,-0.000023,-0.34%,93407,197388
J6Z24,2024-10-17,0.0067365,0.0067515,0.006703,0.006705,-0.000025,-0.37%,117750,199998
J6Z24,2024-10-18,0.006708,0.006745,0.0067035,0.0067375,0.0000325,+0.48%,112233,198407
J6Z24,2024-10-21,0.006737,0.006757,0.0066755,0.00668,-0.0000575,-0.85%,138662,203323
J6Z24,2024-10-22,0.0066795,0.006692,0.0066615,0.006667,-0.000013,-0.19%,116809,207338
J6Z24,2024-10-23,0.0066665,0.006668,0.006574,0.0065965,-0.0000705,-1.06%,187002,217919
J6Z24,2024-10-24,0.0065935,0.0066425,0.0065865,0.0066305,0.000034,+0.52%,135712,216289
J6Z24,2024-10-25,0.00663,0.0066465,0.006605,0.0066115,-0.000019,-0.29%,104271,218683
J6Z24,2024-10-28,0.00658,0.006603,0.0065395,0.0065665,-0.000045,-0.68%,143003,217034
J6Z24,2024-10-29,0.0065655,0.0065875,0.006539,0.006558,-0.0000085,-0.13%,129220,225894
J6Z24,2024-10-30,0.006559,0.006585,0.006554,0.006565,0.000007,+0.11%,126056,226999
J6Z24,2024-10-31,0.006559,0.0066225,0.0065455,0.006613,0.000048,+0.73%,182154,229957
J6Z24,2024-11-01,0.006614,0.006624,0.0065665,0.006573,-0.00004,-0.60%,185402,239925
J6Z24,2024-11-04,0.0065965,0.006635,0.0065915,0.006607,0.000034,+0.52%,122341,231842
J6Z24,2024-11-05,0.0066075,0.0066425,0.0065895,0.0066375,0.0000305,+0.46%,108095,235762
J6Z24,2024-11-06,0.0066295,0.006644,0.0064965,0.006508,-0.0001295,-1.95%,274209,256797
J6Z24,2024-11-07,0.0064995,0.0065795,0.006493,0.006562,0.000054,+0.83%,170398,254062
J6Z24,2024-11-08,0.006569,0.006603,0.00655,0.00658,0.000018,+0.27%,120869,247396
J6Z24,2024-11-11,0.0065815,0.0065815,0.006524,0.006532,-0.000048,-0.73%,88100,252721
J6Z24,2024-11-12,0.0065335,0.006547,0.0064825,0.00649,-0.000042,-0.64%,130232,257688
J6Z24,2024-11-13,0.006497,0.006506,0.006452,0.006456,-0.000034,-0.52%,136046,256218
J6Z24,2024-11-14,0.006459,0.0064615,0.0064175,0.0064375,-0.0000185,-0.29%,109849,260814
J6Z24,2024-11-15,0.006422,0.0065235,0.006403,0.0065085,0.000071,+1.10%,194952,258829
J6Z24,2024-11-18,0.006496,0.006523,0.006459,0.0064845,-0.000024,-0.37%,132285,255179
J6Z24,2024-11-19,0.00649,0.0065465,0.006482,0.0064865,0.000002,+0.03%,201654,254087
J6Z24,2024-11-20,0.00649,0.0064925,0.0064355,0.006457,-0.0000295,-0.45%,132513,261645
J6Z24,2024-11-21,0.0064545,0.006516,0.006454,0.0064905,0.0000335,+0.52%,181768,253454
J6Z24,2024-11-22,0.006491,0.006513,0.006468,0.0064775,-0.000013,-0.20%,131202,252859
J6Z24,2024-11-25,0.006507,0.00653,0.0064805,0.006505,0.0000275,+0.42%,186244,253797
J6Z24,2024-11-26,0.0065045,0.006552,0.0064875,0.0065475,0.0000425,+0.65%,178672,253566
J6Z24,2024-11-27,0.006548,0.0066625,0.006541,0.0066375,0.00009,+1.37%,240064,250589
J6Z24,2024-11-29,0.006634,0.006703,0.006594,0.006697,0.0000595,+0.90%,259618,249342
J6Z24,2024-12-02,0.006699,0.00672,0.0066445,0.0066995,0.0000025,+0.04%,201000,256603
J6Z24,2024-12-03,0.0066995,0.0067385,0.0066665,0.006699,-0.0000005,-0.01%,211689,256849
J6Z24,2024-12-04,0.006696,0.006698,0.006622,0.006658,-0.000041,-0.61%,222159,252088
J6Z24,2024-12-05,0.0066505,0.0066895,0.00664,0.0066735,0.0000155,+0.23%,142873,250923
J6Z24,2024-12-06,0.0066685,0.006702,0.006642,0.0066745,0.000001,+0.01%,221410,262081
J6Z24,2024-12-09,0.00667,0.0066865,0.0066125,0.006617,-0.0000575,-0.86%,262294,288625
J6Z24,2024-12-10,0.0066195,0.006632,0.006576,0.006587,-0.00003,-0.45%,244905,274834
J6Z24,2024-12-11,0.006587,0.0066275,0.006546,0.0065555,-0.0000315,-0.48%,308800,256864
J6H25,2024-12-12,0.006635,0.0066615,0.00662,0.0066305,0.000075,+1.14%,265211,253814
J6H25,2024-12-13,0.006626,0.006633,0.0065745,0.0065795,-0.000051,-0.77%,191356,248393
J6H25,2024-12-16,0.006584,0.006594,0.006545,0.00656,-0.0000195,-0.30%,131022,181823
J6H25,2024-12-17,0.0065585,0.006601,0.0065505,0.006593,0.000033,+0.50%,110158,181673
J6H25,2024-12-18,0.006588,0.006593,0.0065275,0.0065365,-0.0000565,-0.86%,143932,188048
J6H25,2024-12-19,0.006531,0.006543,0.0064035,0.0064195,-0.000117,-1.79%,234981,205017
J6H25,2024-12-20,0.0064195,0.00648,0.0063985,0.006477,0.0000575,+0.90%,139531,196705
J6H25,2024-12-23,0.0064565,0.006462,0.006422,0.0064285,-0.0000485,-0.75%,80113,200960
J6H25,2024-12-24,0.006425,0.0064385,0.006417,0.006421,-0.0000075,-0.12%,39183,200720
J6H25,2024-12-26,0.0064205,0.006428,0.006384,0.00639,-0.000031,-0.48%,66141,204752
J6H25,2024-12-27,0.006387,0.0064095,0.0063845,0.0063845,-0.0000055,-0.09%,87990,208638
J6H25,2024-12-30,0.0063915,0.0064365,0.006379,0.0064185,0.000034,+0.53%,93410,205352
J6H25,2024-12-31,0.0064285,0.0064635,0.0064,0.00641,-0.0000085,-0.13%,81220,206971
J6H25,2025-01-02,0.0064135,0.0064455,0.0063875,0.0063965,-0.0000135,-0.21%,110830,206790
J6H25,2025-01-03,0.006402,0.006428,0.006399,0.006414,0.0000175,+0.27%,68673,203837
J6H25,2025-01-06,0.00641,0.006453,0.0063825,0.0063985,-0.0000155,-0.24%,148390,208486
J6H25,2025-01-07,0.006397,0.0064065,0.006363,0.0063895,-0.000009,-0.14%,132976,212456
J6H25,2025-01-08,0.0063765,0.0063835,0.006357,0.006361,-0.0000285,-0.45%,106029,216180
J6H25,2025-01-09,0.0063645,0.006394,0.0063605,0.006372,0.000011,+0.17%,78624,213394
J6H25,2025-01-10,0.006372,0.0064075,0.006333,0.006381,0.000009,+0.14%,206601,218345
J6H25,2025-01-13,0.0063865,0.00642,0.006377,0.0063835,0.0000025,+0.04%,120153,218320
J6H25,2025-01-14,0.006401,0.0064135,0.006367,0.0063765,-0.000007,-0.11%,150845,223952
J6H25,2025-01-15,0.0063765,0.006459,0.006371,0.006437,0.0000605,+0.95%,184002,216149
J6H25,2025-01-16,0.006439,0.00649,0.006431,0.006482,0.000045,+0.70%,160426,217066
J6H25,2025-01-17,0.0064885,0.006495,0.006437,0.0064465,-0.0000355,-0.55%,120741,214855
J6H25,2025-01-21,0.006441,0.006502,0.006427,0.0064695,0.000023,+0.36%,244138,211620
J6H25,2025-01-22,0.006475,0.0064775,0.0064205,0.0064285,-0.000041,-0.63%,127736,215052
J6H25,2025-01-23,0.006429,0.0064585,0.006416,0.006456,0.0000275,+0.43%,115844,212396
J6H25,2025-01-24,0.006445,0.0064955,0.0064225,0.0064545,-0.0000015,-0.02%,230254,210371
J6H25,2025-01-27,0.006454,0.0065425,0.006436,0.0065075,0.000053,+0.82%,307258,221795
J6H25,2025-01-28,0.0065085,0.0065085,0.0064465,0.0064655,-0.000042,-0.65%,152104,216788
J6H25,2025-01-29,0.0064655,0.0064885,0.006454,0.006476,0.0000105,+0.16%,122828,219456
J6H25,2025-01-30,0.006475,0.006535,0.0064725,0.0065215,0.0000455,+0.70%,185103,225674
J6H25,2025-01-31,0.006514,0.006529,0.0064735,0.0064775,-0.000044,-0.67%,181085,222949
J6H25,2025-02-03,0.0064785,0.006525,0.006444,0.006487,0.0000095,+0.15%,252741,228708
J6H25,2025-02-04,0.006491,0.006517,0.0064595,0.006512,0.000025,+0.39%,165386,231911
J6H25,2025-02-05,0.006509,0.0066045,0.0065035,0.006586,0.000074,+1.14%,279284,253434
J6H25,2025-02-06,0.006583,0.00664,0.0065675,0.006633,0.000047,+0.71%,205669,260102
J6H25,2025-02-07,0.0066305,0.006652,0.0065865,0.006633,0,0.00%,247897,269120
J6H25,2025-02-10,0.006625,0.006628,0.0065815,0.0066055,-0.0000275,-0.41%,118903,271412
J6H25,2025-02-11,0.006608,0.00662,0.0065785,0.006583,-0.0000225,-0.34%,108326,273314
J6H25,2025-02-12,0.006582,0.0065855,0.006484,0.0064995,-0.0000835,-1.27%,206652,275368
J6H25,2025-02-13,0.006501,0.00657,0.006487,0.0065605,0.000061,+0.94%,172498,272839
J6H25,2025-02-14,0.0065645,0.0065995,0.006551,0.006592,0.0000315,+0.48%,135498,275334
J6H25,2025-02-18,0.006589,0.0066325,0.006583,0.0066025,0.0000105,+0.16%,189290,281163
J6H25,2025-02-19,0.006597,0.0066315,0.0065845,0.006619,0.0000165,+0.25%,128831,287680
J6H25,2025-02-20,0.0066215,0.006711,0.00662,0.0066935,0.0000745,+1.13%,226531,306123
J6H25,2025-02-21,0.006701,0.006731,0.00665,0.0067245,0.000031,+0.46%,201808,310431
J6H25,2025-02-24,0.0067165,0.0067345,0.006688,0.006697,-0.0000275,-0.41%,194976,325496
J6H25,2025-02-25,0.0066955,0.0067465,0.0066685,0.006723,0.000026,+0.39%,193883,329186
J6H25,2025-02-26,0.006721,0.006743,0.0066855,0.006734,0.000011,+0.16%,182541,328045
J6H25,2025-02-27,0.0067255,0.006735,0.006671,0.006685,-0.000049,-0.73%,197169,335200
J6H25,2025-02-28,0.0066865,0.0067185,0.0066345,0.0066535,-0.0000315,-0.47%,239890,337453
J6H25,2025-03-03,0.006643,0.0067175,0.006619,0.0066655,0.000012,+0.18%,247571,341125
J6H25,2025-03-04,0.006696,0.0067625,0.0066815,0.0067065,0.000041,+0.62%,339404,354415
J6H25,2025-03-05,0.0066855,0.0067485,0.006667,0.00673,0.0000235,+0.35%,341291,382509
J6H25,2025-03-06,0.0067265,0.006795,0.0067025,0.006778,0.000048,+0.71%,265658,382549
J6H25,2025-03-07,0.0067665,0.006812,0.0067535,0.006762,-0.000016,-0.24%,272217,379134
J6H25,2025-03-10,0.006775,0.0068265,0.0067685,0.006797,0.000035,+0.52%,330436,404584
J6H25,2025-03-11,0.006798,0.0068285,0.0067545,0.0067695,-0.0000275,-0.40%,525876,446178
J6H25,2025-03-12,0.0067715,0.0067725,0.0067055,0.0067445,-0.000025,-0.37%,370301,444851
J6M25,2025-03-13,0.0068205,0.006855,0.006811,0.0068395,0.000095,+1.41%,293839,427978
J6M25,2025-03-14,0.006835,0.006837,0.0067805,0.006803,-0.0000365,-0.53%,229471,430124
J6M25,2025-03-17,0.006795,0.006818,0.006768,0.0067725,-0.0000305,-0.45%,163986,298971
J6M25,2025-03-18,0.006773,0.006775,0.006737,0.0067685,-0.000004,-0.06%,134918,296567
J6M25,2025-03-19,0.0067665,0.006795,0.0067245,0.006784,0.0000155,+0.23%,177571,297183
J6M25,2025-03-20,0.006787,0.006815,0.0067785,0.006786,0.000002,+0.03%,129277,300272
J6M25,2025-03-21,0.0067845,0.006795,0.006746,0.006766,-0.00002,-0.29%,167291,298982
J6M25,2025-03-24,0.00676,0.00676,0.0066955,0.006705,-0.000061,-0.90%,156360,296812
J6M25,2025-03-25,0.006698,0.0067495,0.0066865,0.006736,0.000031,+0.46%,162296,303778
J6M25,2025-03-26,0.006732,0.0067355,0.0066945,0.006707,-0.000029,-0.43%,125537,304344
J6M25,2025-03-27,0.0067025,0.0067235,0.006674,0.006676,-0.000031,-0.46%,152592,305386
J6M25,2025-03-28,0.0066785,0.006739,0.0066705,0.0067265,0.0000505,+0.76%,160888,309279
J6M25,2025-03-31,0.006739,0.006783,0.006712,0.006719,-0.0000075,-0.11%,207675,310797
J6M25,2025-04-01,0.006726,0.00677,0.0067175,0.0067505,0.0000315,+0.47%,151501,311162
J6M25,2025-04-02,0.0067395,0.006764,0.0067005,0.0067265,-0.000024,-0.36%,182285,311046
J6M25,2025-04-03,0.00678,0.006944,0.006776,0.0068855,0.000159,+2.36%,428352,332636
J6M25,2025-04-04,0.0069075,0.0069745,0.0068375,0.0068635,-0.000022,-0.32%,467578,319609
J6M25,2025-04-07,0.0069265,0.00696,0.0068035,0.006817,-0.0000465,-0.68%,438670,312112
J6M25,2025-04-08,0.0068215,0.006904,0.0068045,0.006884,0.000067,+0.98%,282771,320758
J6M25,2025-04-09,0.006893,0.006999,0.006796,0.006833,-0.000051,-0.74%,437831,317113
J6M25,2025-04-10,0.006831,0.006996,0.0068205,0.006968,0.000135,+1.98%,295467,318824
J6M25,2025-04-11,0.006968,0.007093,0.006968,0.0070055,0.0000375,+0.54%,359004,329950
J6M25,2025-04-14,0.007013,0.0070825,0.006991,0.00705,0.0000445,+0.64%,217516,332331
J6M25,2025-04-15,0.0070425,0.007063,0.0070135,0.007035,-0.000015,-0.21%,134948,338849
J6M25,2025-04-16,0.0070315,0.0071095,0.007028,0.007087,0.000052,+0.74%,173229,347556
J6M25,2025-04-17,0.007099,0.007109,0.0070345,0.007067,-0.00002,-0.28%,148331,348505
J6M25,2025-04-21,0.007081,0.0071645,0.007078,0.0071595,0.0000925,+1.31%,151741,352097
J6M25,2025-04-22,0.007147,0.0071935,0.0071025,0.0071115,-0.000048,-0.67%,195689,351226
J6M25,2025-04-23,0.007058,0.0071085,0.007007,0.007014,-0.0000975,-1.37%,278179,351977
J6M25,2025-04-24,0.0070215,0.007069,0.0070165,0.0070465,0.0000325,+0.46%,141397,351886
J6M25,2025-04-25,0.0070495,0.00705,0.006981,0.007005,-0.0000415,-0.59%,179481,353405
J6M25,2025-04-28,0.006997,0.007081,0.006987,0.0070745,0.0000695,+0.99%,156529,364139
J6M25,2025-04-29,0.0070785,0.007082,0.0070425,0.0070665,-0.000008,-0.11%,136362,366246
J6M25,2025-04-30,0.0070685,0.0070715,0.0070205,0.0070415,-0.000025,-0.35%,154148,374636
J6M25,2025-05-01,0.0070265,0.007032,0.006894,0.0068965,-0.000145,-2.06%,201188,372907
J6M25,2025-05-02,0.006909,0.00699,0.006884,0.006927,0.0000305,+0.44%,198928,368117
J6M25,2025-05-05,0.006938,0.0069995,0.006929,0.0069815,0.0000545,+0.79%,122818,372544
J6M25,2025-05-06,0.006993,0.007058,0.006963,0.007053,0.0000715,+1.02%,146206,375546
J6M25,2025-05-07,0.0070535,0.007055,0.006975,0.007,-0.000053,-0.75%,152117,369901
J6M25,2025-05-08,0.006984,0.007,0.0068695,0.006883,-0.000117,-1.67%,195445,367396
J6M25,2025-05-09,0.006881,0.006933,0.0068675,0.0069115,0.0000285,+0.41%,145808,362102
J6M25,2025-05-12,0.006872,0.0068905,0.006753,0.0067675,-0.000144,-2.08%,243589,359831
J6M25,2025-05-13,0.0067645,0.006811,0.0067615,0.0068055,0.000038,+0.56%,146589,359521
J6M25,2025-05-14,0.0068035,0.0068935,0.006797,0.006841,0.0000355,+0.52%,206077,360429
J6M25,2025-05-15,0.006841,0.0069005,0.0068375,0.006887,0.000046,+0.67%,133683,360248
J6M25,2025-05-16,0.0068885,0.0069225,0.0068665,0.006876,-0.000011,-0.16%,122024,362991
J6M25,2025-05-19,0.0068985,0.0069345,0.006895,0.00692,0.000044,+0.64%,130279,362824
J6M25,2025-05-20,0.006925,0.0069615,0.006893,0.0069385,0.0000185,+0.27%,145306,366865
J6M25,2025-05-21,0.0069405,0.006999,0.00694,0.0069825,0.000044,+0.63%,148462,367648
J6M25,2025-05-22,0.0069755,0.0070195,0.0069415,0.006954,-0.0000285,-0.41%,170130,364206
J6M25,2025-05-23,0.0069595,0.0070385,0.0069565,0.0070345,0.0000805,+1.16%,175727,360941
J6M25,2025-05-27,0.007031,0.0070525,0.0069375,0.0069475,-0.000087,-1.24%,293444,377011
J6M25,2025-05-28,0.006947,0.0069665,0.0069075,0.0069185,-0.000029,-0.42%,201319,378648
J6M25,2025-05-29,0.0069165,0.006959,0.006846,0.006957,0.0000385,+0.56%,226989,370106
J6M25,2025-05-30,0.00695,0.006983,0.0069345,0.0069615,0.0000045,+0.06%,175897,370778
J6M25,2025-06-02,0.006963,0.0070265,0.006956,0.007013,0.0000515,+0.74%,182311,370655
J6M25,2025-06-03,0.007019,0.0070335,0.0069485,0.0069585,-0.0000545,-0.78%,166616,366008
J6M25,2025-06-04,0.006954,0.0070215,0.006934,0.0070115,0.000053,+0.76%,182275,361349
J6M25,2025-06-05,0.007012,0.007023,0.006952,0.006969,-0.0000425,-0.61%,183077,360700
J6M25,2025-06-06,0.006975,0.006977,0.006898,0.0069095,-0.0000595,-0.85%,237605,367889
J6M25,2025-06-09,0.006911,0.006951,0.006904,0.006923,0.0000135,+0.20%,218422,371486
J6M25,2025-06-10,0.006918,0.0069295,0.006887,0.0069025,-0.0000205,-0.30%,247675,388263
J6U25,2025-06-11,0.006975,0.0070045,0.006944,0.0069955,0.000093,+1.35%,332539,396662
J6U25,2025-06-12,0.006992,0.0070575,0.00699,0.0070415,0.000046,+0.66%,353643,417056
J6U25,2025-06-13,0.007042,0.007078,0.0069935,0.007019,-0.0000225,-0.32%,239032,404859
J6U25,2025-06-16,0.0070035,0.007033,0.0069735,0.0069865,-0.0000325,-0.46%,128685,311237
J6U25,2025-06-17,0.006981,0.0069975,0.006948,0.006948,-0.0000385,-0.55%,132483,317523
J6U25,2025-06-18,0.0069505,0.0069985,0.006945,0.006964,0.000016,+0.23%,108702,315874
J6U25,2025-06-20,0.0069625,0.0069765,0.0069045,0.006916,-0.000048,-0.69%,183714,317395
J6U25,2025-06-23,0.0068985,0.006914,0.006819,0.0069065,-0.0000095,-0.14%,205006,321460
J6U25,2025-06-24,0.006905,0.0069845,0.006903,0.0069765,0.00007,+1.01%,151984,314767
J6U25,2025-06-25,0.0069645,0.0069795,0.0069145,0.006953,-0.0000235,-0.34%,110532,312535
J6U25,2025-06-26,0.0069455,0.0070185,0.006945,0.0069965,0.0000435,+0.63%,134136,314221
J6U25,2025-06-27,0.006987,0.0069965,0.006959,0.006971,-0.0000255,-0.36%,106293,313166
J6U25,2025-06-30,0.006978,0.007015,0.0069675,0.0069945,0.0000235,+0.34%,103899,311602
J6U25,2025-07-01,0.0070045,0.0070685,0.0070025,0.007016,0.0000215,+0.31%,157410,314251
J6U25,2025-07-02,0.00703,0.007034,0.006989,0.0070195,0.0000035,+0.05%,118425,311411
J6U25,2025-07-03,0.007018,0.007029,0.006941,0.0069475,-0.000072,-1.03%,150527,316129
J6U25,2025-07-07,0.006981,0.006989,0.0068915,0.0068945,-0.000053,-0.76%,158738,312055
J6U25,2025-07-08,0.0069005,0.00691,0.0068565,0.006871,-0.0000235,-0.34%,119924,308621
J6U25,2025-07-09,0.0068765,0.0068905,0.0068465,0.006886,0.000015,+0.22%,100127,306172
J6U25,2025-07-10,0.006886,0.0069115,0.006862,0.006888,0.000002,+0.03%,93506,303927
J6U25,2025-07-11,0.0068885,0.0068925,0.0068275,0.0068305,-0.0000575,-0.83%,114831,306928
J6U25,2025-07-14,0.0068375,0.0068575,0.0068145,0.0068155,-0.000015,-0.22%,112876,310679
J6U25,2025-07-15,0.0068165,0.006829,0.006757,0.0067645,-0.000051,-0.75%,141205,321350
J6U25,2025-07-16,0.006766,0.006854,0.0067495,0.0068055,0.000041,+0.61%,226907,313655
J6U25,2025-07-17,0.006809,0.0068125,0.0067505,0.0067665,-0.000039,-0.57%,109832,313872
J6U25,2025-07-18,0.0067765,0.006791,0.0067585,0.006764,-0.0000025,-0.04%,86381,315150
J6U25,2025-07-21,0.0067825,0.0068415,0.006769,0.00683,0.000066,+0.98%,105158,315209
J6U25,2025-07-22,0.006828,0.006877,0.006801,0.0068645,0.0000345,+0.51%,122292,313040
J6U25,2025-07-23,0.0068615,0.006886,0.006834,0.006869,0.0000045,+0.07%,158269,314672
J6U25,2025-07-24,0.0068665,0.0068955,0.0068405,0.006845,-0.000024,-0.35%,111554,318414
J6U25,2025-07-25,0.0068345,0.0068495,0.006797,0.006815,-0.00003,-0.44%,137641,323934
J6U25,2025-07-28,0.0068105,0.0068165,0.006767,0.0067675,-0.0000475,-0.70%,116751,327439
J6U25,2025-07-29,0.0067685,0.0067855,0.006756,0.006773,0.0000055,+0.08%,109591,329115
J6U25,2025-07-30,0.006773,0.006802,0.006722,0.006731,-0.000042,-0.62%,168941,336338
J6U25,2025-07-31,0.006723,0.006763,0.0066615,0.006666,-0.000065,-0.97%,181611,348870
J6U25,2025-08-01,0.006667,0.006822,0.0066575,0.0067955,0.0001295,+1.94%,248615,344742
J6U25,2025-08-04,0.0068235,0.006841,0.0067845,0.006837,0.0000415,+0.61%,139270,337845
J6U25,2025-08-05,0.00683,0.0068515,0.006795,0.006805,-0.000032,-0.47%,99692,337378
J6U25,2025-08-06,0.006805,0.006834,0.006792,0.00683,0.000025,+0.37%,88629,336564
J6U25,2025-08-07,0.0068155,0.0068445,0.006797,0.0068035,-0.0000265,-0.39%,118766,336339
J6U25,2025-08-08,0.0068285,0.006842,0.0067875,0.006798,-0.0000055,-0.08%,95510,340369
J6U25,2025-08-11,0.006797,0.0068135,0.0067715,0.006776,-0.000022,-0.32%,76697,346167
J6U25,2025-08-12,0.0067785,0.006802,0.0067585,0.006794,0.000018,+0.27%,130190,351163
J6U25,2025-08-13,0.0067895,0.006824,0.0067735,0.006808,0.000014,+0.21%,103097,347648
J6U25,2025-08-14,0.00681,0.006862,0.0067805,0.0067845,-0.0000235,-0.35%,173488,344904
J6U25,2025-08-15,0.006788,0.006837,0.006784,0.006815,0.0000305,+0.45%,113705,345522
J6U25,2025-08-18,0.006814,0.0068205,0.006778,0.006784,-0.000031,-0.45%,87512,350283
J6U25,2025-08-19,0.006784,0.0068025,0.006772,0.006799,0.000015,+0.22%,73081,348982
J6U25,2025-08-20,0.0067945,0.0068285,0.0067845,0.00681,0.000011,+0.16%,123886,347992
J6U25,2025-08-21,0.006807,0.0068085,0.0067555,0.0067585,-0.0000515,-0.76%,127261,356236
J6U25,2025-08-22,0.0067575,0.0068395,0.0067375,0.006826,0.0000675,+1.00%,178370,351915
J6U25,2025-08-25,0.0068245,0.0068285,0.0067755,0.006781,-0.000045,-0.66%,113633,350733
J6U25,2025-08-26,0.006784,0.0068185,0.006776,0.0068,0.000019,+0.28%,140490,357366
J6U25,2025-08-27,0.0068015,0.0068035,0.0067625,0.0067985,-0.0000015,-0.02%,135432,365922
J6U25,2025-08-28,0.006798,0.00683,0.006792,0.006822,0.0000235,+0.35%,100909,365677
J6U25,2025-08-29,0.0068155,0.006825,0.006795,0.0068135,-0.0000085,-0.12%,101693,367021
J6U25,2025-09-02,0.006814,0.0068235,0.0067235,0.0067445,-0.000069,-1.01%,394069,414249
J6U25,2025-09-03,0.00675,0.006771,0.0067145,0.006767,0.0000225,+0.33%,220880,426568
J6U25,2025-09-04,0.00676,0.0067735,0.006728,0.006738,-0.000029,-0.43%,144434,423833
J6U25,2025-09-05,0.0067425,0.006817,0.006739,0.006787,0.000049,+0.73%,273140,423543
J6U25,2025-09-08,0.0067665,0.0067925,0.006735,0.006787,0,0.00%,268299,428897
J6U25,2025-09-09,0.0067855,0.00684,0.0067825,0.0067885,0.0000015,+0.02%,350068,410799
J6Z25,2025-09-10,0.006852,0.006866,0.0068375,0.006855,0.0000665,+0.98%,276080,398729
J6Z25,2025-09-11,0.0068495,0.0068675,0.006811,0.006859,0.000004,+0.06%,314943,391176
J6Z25,2025-09-12,0.0068555,0.0068605,0.0068165,0.006844,-0.000015,-0.22%,171884,376459
J6Z25,2025-09-15,0.0068355,0.006856,0.006829,0.0068515,0.0000075,+0.11%,60939,292688
J6Z25,2025-09-16,0.0068495,0.0068995,0.00684,0.0068965,0.000045,+0.66%,128834,299620
J6Z25,2025-09-17,0.0068915,0.0069365,0.006862,0.006878,-0.0000185,-0.27%,191827,299712
J6Z25,2025-09-18,0.0068655,0.006873,0.0068035,0.006821,-0.000057,-0.83%,174853,306173
J6Z25,2025-09-19,0.006815,0.0068515,0.0068015,0.0068155,-0.0000055,-0.08%,130865,305390
J6Z25,2025-09-22,0.006819,0.0068295,0.006796,0.0068255,0.00001,+0.15%,97629,307877
J6Z25,2025-09-23,0.006826,0.006838,0.0068165,0.0068325,0.000007,+0.10%,86569,309893
J6Z25,2025-09-24,0.006831,0.006835,0.0067705,0.006774,-0.0000585,-0.86%,142741,316662
J6Z25,2025-09-25,0.0067725,0.006785,0.006723,0.006725,-0.000049,-0.72%,177090,319780
J6Z25,2025-09-26,0.006728,0.0067455,0.0067195,0.006744,0.000019,+0.28%,124699,317836
J6Z25,2025-09-29,0.006738,0.0067875,0.006738,0.0067795,0.0000355,+0.53%,121962,308535
J6Z25,2025-09-30,0.006782,0.006824,0.0067695,0.006814,0.0000345,+0.51%,136243,305711
J6Z25,2025-10-01,0.006814,0.006873,0.006797,0.006849,0.000035,+0.51%,197030,302505
J6Z25,2025-10-02,0.00685,0.00687,0.006827,0.006841,-0.000008,-0.12%,133033,302702
J6Z25,2025-10-03,0.0068385,0.0068475,0.0068125,0.006827,-0.000014,-0.20%,111914,297351
J6Z25,2025-10-06,0.006755,0.0067585,0.0066915,0.0067005,-0.0001265,-1.85%,273388,314202
J6Z25,2025-10-07,0.006698,0.0067015,0.006622,0.0066315,-0.000069,-1.03%,186623,305134
J6Z25,2025-10-08,0.0066285,0.006635,0.00658,0.006592,-0.0000395,-0.60%,181119,302948
J6Z25,2025-10-09,0.0065935,0.0066165,0.0065675,0.0065695,-0.0000225,-0.34%,252393,312303
J6Z25,2025-10-10,0.006574,0.006659,0.006565,0.006633,0.0000635,+0.97%,230076,310726
J6Z25,2025-10-13,0.006627,0.0066325,0.0066,0.006607,-0.000026,-0.39%,96773,307518
J6Z25,2025-10-14,0.0066095,0.006637,0.006593,0.00663,0.000023,+0.35%,156354,305003
J6Z25,2025-10-15,0.006629,0.0066675,0.006625,0.0066485,0.0000185,+0.28%,140380,304887
J6Z25,2025-10-16,0.006659,0.006696,0.0066435,0.0066905,0.000042,+0.63%,168600,306809
J6Z25,2025-10-17,0.006686,0.0067335,0.0066765,0.006683,-0.0000075,-0.11%,185163,302949
J6Z25,2025-10-20,0.006683,0.006692,0.006651,0.0066735,-0.0000095,-0.14%,135190,303637
J6Z25,2025-10-21,0.0066725,0.006682,0.0066075,0.0066185,-0.000055,-0.82%,198279,307569
J6Z25,2025-10-22,0.0066195,0.006637,0.006613,0.00662,0.0000015,+0.02%,119447,311733
J6Z25,2025-10-23,0.006616,0.00662,0.0065775,0.0065895,-0.0000305,-0.46%,96798,312332
J6Z25,2025-10-24,0.0065885,0.006605,0.0065655,0.0065745,-0.000015,-0.23%,120232,314092
J6Z25,2025-10-27,0.00656,0.0065865,0.0065565,0.006576,0.0000015,+0.02%,100338,317868
J6Z25,2025-10-28,0.0065765,0.006621,0.006575,0.0066055,0.0000295,+0.45%,142035,321889
J6Z25,2025-10-29,0.006605,0.0066295,0.006564,0.006574,-0.0000315,-0.48%,178166,329125
J6Z25,2025-10-30,0.006579,0.0066,0.0065025,0.006518,-0.000056,-0.85%,201800,318489
J6Z25,2025-10-31,0.0065195,0.0065355,0.006503,0.0065165,-0.0000015,-0.02%,132950,310146
J6Z25,2025-11-03,0.00652,0.0065245,0.0065085,0.0065125,-0.000004,-0.06%,93281,313342
J6Z25,2025-11-04,0.0065105,0.0065495,0.0064995,0.0065355,0.000023,+0.35%,125285,314190
J6Z25,2025-11-05,0.0065355,0.0065635,0.006504,0.006514,-0.0000215,-0.33%,135326,311389
J6Z25,2025-11-06,0.0065145,0.0065675,0.0065115,0.0065535,0.0000395,+0.61%,118118,311623
J6Z25,2025-11-07,0.0065565,0.006566,0.0065335,0.0065345,-0.000019,-0.29%,119931,309883
J6Z25,2025-11-10,0.00653,0.0065415,0.0065055,0.0065135,-0.000021,-0.32%,102901,312845
J6Z25,2025-11-11,0.0065115,0.00653,0.0064945,0.00651,-0.0000035,-0.05%,109671,316951
J6Z25,2025-11-12,0.0065105,0.006513,0.006471,0.0064855,-0.0000245,-0.38%,128946,319028
J6Z25,2025-11-13,0.006482,0.006508,0.00647,0.0064935,0.000008,+0.12%,135366,317394
J6Z25,2025-11-14,0.006489,0.006529,0.0064805,0.006489,-0.0000045,-0.07%,169305,320949
J6Z25,2025-11-17,0.0064875,0.0064945,0.006456,0.006459,-0.00003,-0.46%,110052,331727
J6Z25,2025-11-18,0.00646,0.006477,0.0064385,0.006447,-0.000012,-0.19%,112801,329456
J6Z25,2025-11-19,0.006448,0.0064595,0.006378,0.0063845,-0.0000625,-0.97%,145323,332973
J6Z25,2025-11-20,0.006381,0.0063885,0.006345,0.006361,-0.0000235,-0.37%,178716,333529
J6Z25,2025-11-21,0.0063655,0.006416,0.0063605,0.00641,0.000049,+0.77%,205210,337057
J6Z25,2025-11-24,0.0064045,0.006405,0.006375,0.006394,-0.000016,-0.25%,108267,338759
J6Z25,2025-11-25,0.006386,0.006431,0.006382,0.00643,0.000036,+0.56%,150735,344420
J6Z25,2025-11-26,0.006422,0.006437,0.006392,0.006404,-0.000026,-0.40%,153078,355120
J6Z25,2025-11-28,0.006404,0.006432,0.0063955,0.0064105,0.0000065,+0.10%,93557,358609
J6Z25,2025-12-01,0.006413,0.0064745,0.006412,0.0064405,0.00003,+0.47%,242662,384930
J6Z25,2025-12-02,0.0064405,0.006442,0.0064105,0.0064225,-0.000018,-0.28%,132971,394859
J6Z25,2025-12-03,0.006424,0.006459,0.006421,0.0064525,0.00003,+0.47%,138428,398015
J6Z25,2025-12-04,0.0064495,0.0064775,0.006434,0.0064565,0.000004,+0.06%,199774,403878
J6Z25,2025-12-05,0.006453,0.006484,0.0064355,0.006444,-0.0000125,-0.19%,213256,430115
J6Z25,2025-12-08,0.0064495,0.00646,0.006415,0.006418,-0.000026,-0.40%,221627,458488
J6Z25,2025-12-09,0.006418,0.0064245,0.0063745,0.0063795,-0.0000385,-0.60%,310572,465416
J6H26,2025-12-10,0.006433,0.0064755,0.0064295,0.006456,0.0000765,+1.20%,373007,428205
J6H26,2025-12-11,0.0064635,0.006509,0.0064585,0.006482,0.000026,+0.40%,360463,396517
J6H26,2025-12-12,0.006482,0.006487,0.006459,0.0064685,-0.0000135,-0.21%,158764,377333
J6H26,2025-12-15,0.006471,0.006512,0.006464,0.0064955,0.000027,+0.42%,113943,294900
J6H26,2025-12-16,0.006495,0.00653,0.006495,0.006518,0.0000225,+0.35%,150298,294152
J6H26,2025-12-17,0.006516,0.0065245,0.006472,0.006477,-0.000041,-0.63%,112193,294722
J6H26,2025-12-18,0.006476,0.006494,0.006461,0.0064805,0.0000035,+0.05%,128862,300203
J6H26,2025-12-19,0.006479,0.0064795,0.0063855,0.006396,-0.0000845,-1.30%,247081,297340
J6H26,2025-12-22,0.0063965,0.006429,0.0063885,0.0064215,0.0000255,+0.40%,161678,288389
J6H26,2025-12-23,0.006416,0.006472,0.006415,0.0064495,0.000028,+0.44%,130828,285084
J6H26,2025-12-24,0.0064485,0.0064755,0.006445,0.006459,0.0000095,+0.15%,84877,285259
J6H26,2025-12-26,0.0064605,0.006466,0.006425,0.006434,-0.000025,-0.39%,82784,287468
J6H26,2025-12-29,0.0064255,0.0064545,0.0064255,0.0064495,0.0000155,+0.24%,97451,285806
J6H26,2025-12-30,0.0064495,0.006461,0.0064265,0.006429,-0.0000205,-0.32%,86773,286132
"Downloaded from Barchart.com as of 08-28-2026 12:42am CDT"
