Symbol,Time,Open,High,Low,Latest,Change,%Change,Volume,"Open Int"
S6Z10,2010-12-01,0.9962,1.0016,0.9935,0.9966,-0.0002,-0.02%,55353,42972
S6Z10,2010-12-02,0.9972,1.0114,0.9945,1.0062,0.0096,+0.96%,54590,45264
S6Z10,2010-12-03,1.0075,1.0283,1.005,1.0229,0.0167,+1.66%,56374,45013
S6Z10,2010-12-06,1.0255,1.0283,1.0127,1.019,-0.0039,-0.38%,43556,42830
S6Z10,2010-12-07,1.0185,1.025,1.0117,1.0131,-0.0059,-0.58%,58592,42914
S6Z10,2010-12-08,1.0126,1.0155,1.0085,1.0134,0.0003,+0.03%,65036,45614
S6Z10,2010-12-09,1.0146,1.0195,1.0105,1.0163,0.0029,+0.29%,67809,45929
S6H11,2010-12-10,1.018,1.0221,1.0172,1.0201,0.0038,+0.37%,42359,47689
S6H11,2010-12-13,1.0199,1.0376,1.0161,1.0341,0.014,+1.37%,41581,38651
S6H11,2010-12-14,1.0339,1.0472,1.0328,1.0442,0.0101,+0.98%,48258,39804
S6H11,2010-12-15,1.0433,1.046,1.0329,1.0338,-0.0104,-1.00%,50666,42547
S6H11,2010-12-16,1.0351,1.0385,1.0286,1.0362,0.0024,+0.23%,47148,43978
S6H11,2010-12-17,1.0377,1.0477,1.0301,1.0341,-0.0021,-0.20%,44760,43277
S6H11,2010-12-20,1.0317,1.0397,1.0302,1.0363,0.0022,+0.21%,27323,44209
S6H11,2010-12-21,1.0378,1.0471,1.0371,1.0442,0.0079,+0.76%,29089,44704
S6H11,2010-12-22,1.0443,1.0539,1.0442,1.0512,0.007,+0.67%,29900,45161
S6H11,2010-12-23,1.0515,1.0543,1.036,1.0426,-0.0086,-0.82%,33020,45349
S6H11,2010-12-27,1.0431,1.0459,1.0379,1.0423,-0.0003,-0.03%,19273,44945
S6H11,2010-12-28,1.0429,1.0612,1.0429,1.0518,0.0095,+0.91%,29403,46356
S6H11,2010-12-29,1.0511,1.0592,1.0502,1.0578,0.006,+0.57%,24335,46933
S6H11,2010-12-30,1.0599,1.0704,1.0578,1.0696,0.0118,+1.12%,28692,46969
S6H11,2010-12-31,1.0704,1.0762,1.065,1.0714,0.0018,+0.17%,16293,47017
S6H11,2011-01-03,1.0716,1.0738,1.0666,1.0729,0.0015,+0.14%,32029,48857
S6H11,2011-01-04,1.0717,1.073,1.0514,1.0538,-0.0191,-1.78%,53337,47484
S6H11,2011-01-05,1.0555,1.0567,1.0329,1.0347,-0.0191,-1.81%,58805,46228
S6H11,2011-01-06,1.0366,1.0411,1.0306,1.0372,0.0025,+0.24%,41708,44345
S6H11,2011-01-07,1.0367,1.0421,1.0325,1.0362,-0.001,-0.10%,42101,44066
S6H11,2011-01-10,1.0328,1.0389,1.0283,1.0337,-0.0025,-0.24%,36167,42986
S6H11,2011-01-11,1.0341,1.0359,1.0225,1.0277,-0.006,-0.58%,38712,42839
S6H11,2011-01-12,1.0274,1.0357,1.0256,1.0346,0.0069,+0.67%,42946,42706
S6H11,2011-01-13,1.0357,1.0408,1.0246,1.0385,0.0039,+0.38%,49821,41282
S6H11,2011-01-14,1.0374,1.0416,1.0327,1.0369,-0.0016,-0.15%,41654,40358
S6H11,2011-01-18,1.0387,1.0475,1.0339,1.0386,0.0017,+0.16%,59352,41839
S6H11,2011-01-19,1.0386,1.0509,1.0371,1.0474,0.0088,+0.85%,38160,42571
S6H11,2011-01-20,1.0469,1.0501,1.033,1.0342,-0.0132,-1.26%,51290,40854
S6H11,2011-01-21,1.0338,1.0449,1.0327,1.043,0.0088,+0.85%,35661,39972
S6H11,2011-01-24,1.0437,1.0564,1.0395,1.0535,0.0105,+1.01%,42312,38755
S6H11,2011-01-25,1.0539,1.0638,1.0505,1.0617,0.0082,+0.78%,44701,40470
S6H11,2011-01-26,1.0611,1.0643,1.0569,1.0598,-0.0019,-0.18%,30229,40927
S6H11,2011-01-27,1.0612,1.0655,1.055,1.0577,-0.0021,-0.20%,38978,42332
S6H11,2011-01-28,1.0576,1.064,1.0562,1.0619,0.0042,+0.40%,31425,41876
S6H11,2011-01-31,1.0619,1.0678,1.0586,1.0604,-0.0015,-0.14%,39399,42414
S6H11,2011-02-01,1.0597,1.0716,1.0579,1.0684,0.008,+0.75%,56068,46750
S6H11,2011-02-02,1.0696,1.0723,1.0593,1.0621,-0.0063,-0.59%,45061,48581
S6H11,2011-02-03,1.0639,1.0647,1.0501,1.0585,-0.0036,-0.34%,51542,49860
S6H11,2011-02-04,1.0575,1.0582,1.0426,1.047,-0.0115,-1.09%,60032,47927
S6H11,2011-02-07,1.046,1.0497,1.0421,1.0474,0.0004,+0.04%,40491,48445
S6H11,2011-02-08,1.0468,1.0503,1.0372,1.0381,-0.0093,-0.89%,54423,47876
S6H11,2011-02-09,1.0383,1.0472,1.0352,1.0443,0.0062,+0.60%,51368,47570
S6H11,2011-02-10,1.0439,1.0443,1.0309,1.0315,-0.0128,-1.23%,56712,46469
S6H11,2011-02-11,1.0315,1.0333,1.0231,1.027,-0.0045,-0.44%,53273,43824
S6H11,2011-02-14,1.0277,1.0322,1.0263,1.0307,0.0037,+0.36%,43784,41566
S6H11,2011-02-15,1.0309,1.0366,1.028,1.0345,0.0038,+0.37%,45820,41934
S6H11,2011-02-16,1.0344,1.0471,1.027,1.0435,0.009,+0.87%,92404,43448
S6H11,2011-02-17,1.0419,1.0553,1.0416,1.0534,0.0099,+0.95%,58973,41459
S6H11,2011-02-18,1.0534,1.0598,1.0485,1.0579,0.0045,+0.43%,44844,42095
S6H11,2011-02-22,1.0568,1.0678,1.0521,1.0662,0.0083,+0.78%,80559,43931
S6H11,2011-02-23,1.0656,1.0746,1.0649,1.0717,0.0055,+0.52%,50136,47875
S6H11,2011-02-24,1.0717,1.0833,1.0717,1.0817,0.01,+0.93%,59852,50689
S6H11,2011-02-25,1.0806,1.0825,1.0732,1.0772,-0.0045,-0.42%,42659,52048
S6H11,2011-02-28,1.0783,1.0802,1.0746,1.0768,-0.0004,-0.04%,37598,54114
S6H11,2011-03-01,1.0772,1.0784,1.0728,1.0753,-0.0015,-0.14%,52926,57360
S6H11,2011-03-02,1.0769,1.0869,1.0764,1.0827,0.0074,+0.69%,62747,60995
S6H11,2011-03-03,1.0827,1.0832,1.072,1.0731,-0.0096,-0.89%,68191,58175
S6H11,2011-03-04,1.0731,1.0843,1.0717,1.0797,0.0066,+0.62%,74890,62837
S6H11,2011-03-07,1.0808,1.0827,1.0781,1.0798,0.0001,+0.01%,53811,62999
S6H11,2011-03-08,1.0795,1.0798,1.068,1.0688,-0.011,-1.02%,72565,62936
S6H11,2011-03-09,1.0694,1.079,1.0672,1.0754,0.0066,+0.62%,80895,76841
S6M11,2011-03-10,1.0765,1.0782,1.0687,1.0738,-0.0016,-0.15%,103766,89311
S6M11,2011-03-11,1.0741,1.0799,1.0691,1.0767,0.0029,+0.27%,74157,90959
S6M11,2011-03-14,1.0778,1.0844,1.0741,1.0832,0.0065,+0.60%,39628,61335
S6M11,2011-03-15,1.0825,1.095,1.0816,1.0911,0.0079,+0.73%,76525,61506
S6M11,2011-03-16,1.0916,1.1031,1.088,1.1004,0.0093,+0.85%,63953,59996
S6M11,2011-03-17,1.1134,1.1163,1.1047,1.1113,0.0109,+0.99%,51860,58588
S6M11,2011-03-18,1.1135,1.1149,1.1009,1.1096,-0.0017,-0.15%,47992,56997
S6M11,2011-03-21,1.1089,1.1102,1.1026,1.106,-0.0036,-0.32%,33664,57204
S6M11,2011-03-22,1.1062,1.1102,1.1048,1.1081,0.0021,+0.19%,30910,56786
S6M11,2011-03-23,1.1077,1.1145,1.1007,1.1021,-0.006,-0.54%,47292,58073
S6M11,2011-03-24,1.1018,1.1082,1.0966,1.1029,0.0008,+0.07%,36719,57703
S6M11,2011-03-25,1.1018,1.1029,1.0856,1.0882,-0.0147,-1.33%,43140,57775
S6M11,2011-03-28,1.0862,1.0933,1.0835,1.0913,0.0031,+0.28%,35016,56726
S6M11,2011-03-29,1.0911,1.0948,1.0845,1.0854,-0.0059,-0.54%,38231,56730
S6M11,2011-03-30,1.0869,1.0904,1.0785,1.0884,0.003,+0.28%,39632,55603
S6M11,2011-03-31,1.089,1.0962,1.0873,1.0918,0.0034,+0.31%,37104,55463
S6M11,2011-04-01,1.0891,1.0918,1.071,1.0831,-0.0087,-0.80%,70219,60275
S6M11,2011-04-04,1.0819,1.0884,1.0802,1.0831,0,0.00%,31329,58847
S6M11,2011-04-05,1.0832,1.0869,1.0788,1.0808,-0.0023,-0.21%,36397,59954
S6M11,2011-04-06,1.0814,1.0957,1.076,1.088,0.0072,+0.67%,48998,59269
S6M11,2011-04-07,1.0888,1.093,1.0872,1.0918,0.0038,+0.35%,37409,58788
S6M11,2011-04-08,1.0916,1.1039,1.0912,1.0993,0.0075,+0.69%,38694,57157
S6M11,2011-04-11,1.1011,1.1057,1.0985,1.1036,0.0043,+0.39%,28919,57944
S6M11,2011-04-12,1.1037,1.1188,1.1021,1.1156,0.012,+1.09%,56527,61505
S6M11,2011-04-13,1.1157,1.1204,1.1123,1.1163,0.0007,+0.06%,38964,63157
S6M11,2011-04-14,1.1162,1.1244,1.1151,1.121,0.0047,+0.42%,39816,65204
S6M11,2011-04-15,1.1209,1.1221,1.1165,1.12,-0.001,-0.09%,25777,64862
S6M11,2011-04-18,1.1207,1.1233,1.1112,1.1155,-0.0045,-0.40%,55549,67416
S6M11,2011-04-19,1.1162,1.1182,1.1105,1.1124,-0.0031,-0.28%,37397,69282
S6M11,2011-04-20,1.112,1.1272,1.1115,1.1253,0.0129,+1.16%,44328,72030
S6M11,2011-04-21,1.1256,1.1392,1.1249,1.1324,0.0071,+0.63%,48446,70774
S6M11,2011-04-25,1.1303,1.1403,1.1273,1.1357,0.0033,+0.29%,19524,70925
S6M11,2011-04-26,1.135,1.1438,1.1293,1.1396,0.0039,+0.34%,38239,71635
S6M11,2011-04-27,1.145,1.1539,1.1322,1.1411,0.0015,+0.13%,51815,73325
S6M11,2011-04-28,1.1427,1.151,1.1411,1.1458,0.0047,+0.41%,34669,73228
S6M11,2011-04-29,1.1449,1.1596,1.1434,1.1581,0.0123,+1.07%,43956,71887
S6M11,2011-05-02,1.1566,1.1597,1.15,1.1573,-0.0008,-0.07%,33297,72353
S6M11,2011-05-03,1.1564,1.1636,1.153,1.1609,0.0036,+0.31%,38577,72849
S6M11,2011-05-04,1.1613,1.1697,1.1562,1.1633,0.0024,+0.21%,43085,74304
S6M11,2011-05-05,1.1614,1.169,1.1478,1.1492,-0.0141,-1.21%,58485,73817
S6M11,2011-05-06,1.1493,1.1529,1.1366,1.1382,-0.011,-0.96%,65628,74396
S6M11,2011-05-09,1.1406,1.1484,1.1381,1.1462,0.008,+0.70%,37911,71027
S6M11,2011-05-10,1.1463,1.1488,1.1334,1.1353,-0.0109,-0.95%,47656,72312
S6M11,2011-05-11,1.1361,1.1387,1.1257,1.1263,-0.009,-0.79%,42043,71559
S6M11,2011-05-12,1.1281,1.1331,1.123,1.1301,0.0038,+0.34%,37810,70653
S6M11,2011-05-13,1.1308,1.1369,1.1177,1.1211,-0.009,-0.80%,41835,70381
S6M11,2011-05-16,1.1191,1.1365,1.1189,1.1323,0.0112,+1.00%,37429,69987
S6M11,2011-05-17,1.1306,1.137,1.1259,1.1358,0.0035,+0.31%,33290,68304
S6M11,2011-05-18,1.1362,1.1386,1.1308,1.1348,-0.001,-0.09%,40872,69687
S6M11,2011-05-19,1.1346,1.1409,1.1262,1.1345,-0.0003,-0.03%,45238,70258
S6M11,2011-05-20,1.1348,1.1434,1.1292,1.1405,0.006,+0.53%,54951,69175
S6M11,2011-05-23,1.1384,1.1422,1.1301,1.133,-0.0075,-0.66%,35632,67376
S6M11,2011-05-24,1.1317,1.1388,1.124,1.1374,0.0044,+0.39%,39211,66776
S6M11,2011-05-25,1.1366,1.1484,1.1346,1.146,0.0086,+0.76%,50740,66946
S6M11,2011-05-26,1.146,1.1562,1.1452,1.1546,0.0086,+0.75%,45001,67019
S6M11,2011-05-27,1.1557,1.1749,1.1545,1.1721,0.0175,+1.52%,48395,70256
S6M11,2011-05-31,1.1749,1.1811,1.1702,1.172,-0.0001,-0.01%,51424,68246
S6M11,2011-06-01,1.1715,1.1929,1.1706,1.1872,0.0152,+1.30%,62664,70496
S6M11,2011-06-02,1.1876,1.1903,1.1815,1.1873,0.0001,+0.01%,38413,70457
S6M11,2011-06-03,1.1872,1.2005,1.184,1.1958,0.0085,+0.72%,56487,71226
S6M11,2011-06-06,1.1978,1.2008,1.1924,1.1952,-0.0006,-0.05%,33887,71210
S6M11,2011-06-07,1.1976,1.201,1.1917,1.1941,-0.0011,-0.09%,56580,74339
S6M11,2011-06-08,1.1953,1.198,1.1933,1.1949,0.0008,+0.07%,79065,86363
S6M11,2011-06-09,1.1959,1.1969,1.1838,1.1875,-0.0074,-0.62%,87494,91192
S6U11,2011-06-10,1.1889,1.1915,1.1854,1.1883,0.0008,+0.07%,57411,90116
S6U11,2011-06-13,1.187,1.1978,1.1815,1.1941,0.0058,+0.49%,33894,57731
S6U11,2011-06-14,1.195,1.1986,1.183,1.1849,-0.0092,-0.77%,48653,54048
S6U11,2011-06-15,1.1837,1.1851,1.1701,1.1728,-0.0121,-1.02%,55400,53279
S6U11,2011-06-16,1.1727,1.1807,1.1705,1.1771,0.0043,+0.37%,48103,52746
S6U11,2011-06-17,1.1805,1.1853,1.1759,1.1795,0.0024,+0.20%,40618,52092
S6U11,2011-06-20,1.1786,1.1904,1.1748,1.1822,0.0027,+0.23%,36592,52513
S6U11,2011-06-21,1.1825,1.1912,1.1822,1.1905,0.0083,+0.70%,28861,51304
S6U11,2011-06-22,1.1903,1.1997,1.1866,1.1926,0.0021,+0.18%,39595,50521
S6U11,2011-06-23,1.192,1.1963,1.1855,1.1936,0.001,+0.08%,47984,49965
S6U11,2011-06-24,1.1936,1.2052,1.1918,1.1946,0.001,+0.08%,36011,50351
S6U11,2011-06-27,1.199,1.2029,1.1934,1.1963,0.0017,+0.14%,37017,49717
S6U11,2011-06-28,1.1983,1.2091,1.1963,1.2026,0.0063,+0.53%,42871,51227
S6U11,2011-06-29,1.2026,1.2059,1.1956,1.1988,-0.0038,-0.32%,46952,50330
S6U11,2011-06-30,1.1988,1.2047,1.1819,1.1907,-0.0081,-0.68%,58976,48564
S6U11,2011-07-01,1.1892,1.1908,1.1731,1.1792,-0.0115,-0.97%,53443,47811
S6U11,2011-07-05,1.1803,1.1934,1.1761,1.1908,0.0116,+0.98%,49713,47566
S6U11,2011-07-06,1.1899,1.1962,1.185,1.1907,-0.0001,-0.01%,45206,48253
S6U11,2011-07-07,1.1919,1.194,1.1775,1.1842,-0.0065,-0.55%,47928,46709
S6U11,2011-07-08,1.1844,1.1968,1.1738,1.196,0.0118,+1.00%,60120,46637
S6U11,2011-07-11,1.1966,1.2012,1.1928,1.1981,0.0021,+0.18%,49771,47500
S6U11,2011-07-12,1.197,1.208,1.191,1.2056,0.0075,+0.63%,60850,48630
S6U11,2011-07-13,1.2057,1.2239,1.201,1.2202,0.0146,+1.21%,58631,49543
S6U11,2011-07-14,1.2338,1.2372,1.2202,1.2239,0.0037,+0.30%,60249,50515
S6U11,2011-07-15,1.2267,1.2318,1.2214,1.229,0.0051,+0.42%,40988,49692
S6U11,2011-07-18,1.2352,1.2355,1.2211,1.2221,-0.0069,-0.56%,39114,50385
S6U11,2011-07-19,1.2233,1.2273,1.2084,1.2142,-0.0079,-0.65%,46253,52133
S6U11,2011-07-20,1.2139,1.2232,1.2119,1.2214,0.0072,+0.59%,35398,52491
S6U11,2011-07-21,1.2204,1.2294,1.2144,1.2256,0.0042,+0.34%,45805,52585
S6U11,2011-07-22,1.225,1.2269,1.2128,1.2228,-0.0028,-0.23%,32343,53264
S6U11,2011-07-25,1.2304,1.2472,1.2228,1.2411,0.0183,+1.50%,40886,54417
S6U11,2011-07-26,1.241,1.2507,1.2396,1.2491,0.008,+0.64%,33005,53513
S6U11,2011-07-27,1.2487,1.2511,1.243,1.2474,-0.0017,-0.14%,33719,53557
S6U11,2011-07-28,1.2485,1.2522,1.2432,1.2481,0.0007,+0.06%,31669,53783
S6U11,2011-07-29,1.249,1.2746,1.2455,1.2682,0.0201,+1.61%,71099,55327
S6U11,2011-08-01,1.2606,1.2944,1.2582,1.2802,0.012,+0.95%,68019,54476
S6U11,2011-08-02,1.2774,1.3129,1.2737,1.3031,0.0229,+1.79%,64344,56911
S6U11,2011-08-03,1.3087,1.3119,1.285,1.3026,-0.0005,-0.04%,82968,57932
S6U11,2011-08-04,1.3008,1.3121,1.2829,1.3033,0.0007,+0.05%,62811,57451
S6U11,2011-08-05,1.3049,1.3206,1.2927,1.3048,0.0015,+0.12%,70000,56007
S6U11,2011-08-08,1.3185,1.3375,1.3048,1.3242,0.0194,+1.49%,65981,55351
S6U11,2011-08-09,1.3251,1.4167,1.3182,1.3996,0.0754,+5.69%,108288,53055
S6U11,2011-08-10,1.3887,1.3949,1.3655,1.3736,-0.026,-1.86%,61267,51185
S6U11,2011-08-11,1.3783,1.3845,1.3026,1.3117,-0.0619,-4.51%,84169,49603
S6U11,2011-08-12,1.3104,1.3264,1.2858,1.2898,-0.0219,-1.67%,49602,49470
S6U11,2011-08-15,1.2805,1.2898,1.2518,1.2765,-0.0133,-1.03%,39218,49660
S6U11,2011-08-16,1.2787,1.2884,1.2577,1.2615,-0.015,-1.18%,36861,48498
S6U11,2011-08-17,1.2561,1.2798,1.2488,1.2693,0.0078,+0.62%,51582,49076
S6U11,2011-08-18,1.2685,1.275,1.2531,1.2636,-0.0057,-0.45%,29661,48360
S6U11,2011-08-19,1.2607,1.283,1.258,1.2713,0.0077,+0.61%,24316,48678
S6U11,2011-08-22,1.2675,1.2779,1.2664,1.2673,-0.004,-0.31%,16801,48994
S6U11,2011-08-23,1.2675,1.2751,1.2626,1.2662,-0.0011,-0.09%,16915,48964
S6U11,2011-08-24,1.2636,1.2717,1.2576,1.2599,-0.0063,-0.50%,19842,49340
S6U11,2011-08-25,1.2578,1.2655,1.2523,1.2601,0.0002,+0.02%,25053,47239
S6U11,2011-08-26,1.261,1.2678,1.2265,1.2395,-0.0206,-1.63%,39431,46226
S6U11,2011-08-29,1.2399,1.2404,1.2143,1.2274,-0.0121,-0.98%,27099,46064
S6U11,2011-08-30,1.2259,1.2324,1.2152,1.2203,-0.0071,-0.58%,20952,45566
S6U11,2011-08-31,1.219,1.2514,1.2187,1.243,0.0227,+1.86%,32802,44612
S6U11,2011-09-01,1.2404,1.2621,1.2364,1.2596,0.0166,+1.34%,26522,43751
S6U11,2011-09-02,1.2589,1.2978,1.2569,1.269,0.0094,+0.75%,38676,44562
S6U11,2011-09-06,1.2685,1.2792,1.1595,1.1612,-0.1078,-8.49%,83808,45785
S6U11,2011-09-07,1.1602,1.1714,1.1599,1.1659,0.0047,+0.40%,29621,43038
S6U11,2011-09-08,1.1657,1.1664,1.1403,1.1435,-0.0224,-1.92%,33916,45900
S6U11,2011-09-09,1.1427,1.1487,1.1284,1.131,-0.0125,-1.09%,29363,44863
S6U11,2011-09-12,1.1253,1.1365,1.1201,1.1273,-0.0037,-0.33%,26791,45243
S6U11,2011-09-13,1.1355,1.1419,1.1261,1.1392,0.0119,+1.06%,35543,43828
S6U11,2011-09-14,1.1356,1.1456,1.1296,1.1414,0.0022,+0.19%,38417,43668
S6U11,2011-09-15,1.1406,1.1565,1.1369,1.1499,0.0085,+0.74%,36998,44240
S6Z11,2011-09-16,1.1535,1.1539,1.1422,1.1447,-0.0052,-0.45%,23154,45162
S6Z11,2011-09-19,1.1359,1.1447,1.1289,1.136,-0.0087,-0.76%,20203,20891
S6Z11,2011-09-20,1.1371,1.1407,1.1237,1.1276,-0.0084,-0.74%,30678,21500
S6Z11,2011-09-21,1.1304,1.1321,1.1125,1.1207,-0.0069,-0.61%,28071,22089
S6Z11,2011-09-22,1.113,1.1207,1.0916,1.1035,-0.0172,-1.53%,34594,22395
S6Z11,2011-09-23,1.1041,1.1143,1.1035,1.1047,0.0012,+0.11%,26927,22063
S6Z11,2011-09-26,1.1084,1.1128,1.0958,1.1061,0.0014,+0.13%,22562,22701
S6Z11,2011-09-27,1.1111,1.1222,1.1059,1.119,0.0129,+1.17%,18838,23123
S6Z11,2011-09-28,1.1164,1.1224,1.1127,1.1162,-0.0028,-0.25%,18719,22856
S6Z11,2011-09-29,1.1121,1.1235,1.1103,1.1142,-0.002,-0.18%,18260,22348
S6Z11,2011-09-30,1.1157,1.117,1.1022,1.1061,-0.0081,-0.73%,20884,23407
S6Z11,2011-10-03,1.1023,1.1045,1.0864,1.0909,-0.0152,-1.37%,26654,23704
S6Z11,2011-10-04,1.0874,1.0956,1.0815,1.0836,-0.0073,-0.67%,23403,24996
S6Z11,2011-10-05,1.0922,1.0938,1.0829,1.0841,0.0005,+0.05%,27662,25448
S6Z11,2011-10-06,1.0841,1.0902,1.0749,1.0861,0.002,+0.18%,32975,26454
S6Z11,2011-10-07,1.0873,1.0947,1.0788,1.0804,-0.0057,-0.52%,26147,25910
S6Z11,2011-10-10,1.0812,1.1125,1.08,1.1091,0.0287,+2.66%,25046,23914
S6Z11,2011-10-11,1.1072,1.1093,1.0977,1.1038,-0.0053,-0.48%,20985,24384
S6Z11,2011-10-12,1.1028,1.1227,1.0987,1.1195,0.0157,+1.42%,26688,23428
S6Z11,2011-10-13,1.1176,1.1213,1.1073,1.1153,-0.0042,-0.38%,21279,25834
S6Z11,2011-10-14,1.1148,1.1244,1.1114,1.1209,0.0056,+0.50%,20205,26018
S6Z11,2011-10-17,1.123,1.1272,1.1115,1.1134,-0.0075,-0.67%,16686,26485
S6Z11,2011-10-18,1.1133,1.1192,1.1062,1.1127,-0.0007,-0.06%,26290,26144
S6Z11,2011-10-19,1.1129,1.1183,1.1075,1.1085,-0.0042,-0.38%,24231,26350
S6Z11,2011-10-20,1.1092,1.1208,1.102,1.1191,0.0106,+0.96%,36648,27041
S6Z11,2011-10-21,1.1188,1.1368,1.1179,1.1316,0.0125,+1.12%,27931,27649
S6Z11,2011-10-24,1.1324,1.1385,1.1274,1.1372,0.0056,+0.49%,19740,27585
S6Z11,2011-10-25,1.1366,1.1412,1.1315,1.1399,0.0027,+0.24%,32367,27697
S6Z11,2011-10-26,1.1402,1.1467,1.1296,1.1348,-0.0051,-0.45%,27384,25968
S6Z11,2011-10-27,1.1349,1.1682,1.1342,1.1642,0.0294,+2.59%,34190,24677
S6Z11,2011-10-28,1.1638,1.1642,1.1569,1.161,-0.0032,-0.27%,18918,25258
S6Z11,2011-10-31,1.1602,1.1621,1.1389,1.146,-0.015,-1.29%,24137,24599
S6Z11,2011-11-01,1.1419,1.1421,1.1168,1.1292,-0.0168,-1.47%,30511,23607
S6Z11,2011-11-02,1.1288,1.138,1.1242,1.1335,0.0043,+0.38%,18445,23407
S6Z11,2011-11-03,1.1322,1.1424,1.125,1.1399,0.0064,+0.56%,24646,22788
S6Z11,2011-11-04,1.1387,1.1411,1.1235,1.1298,-0.0101,-0.89%,21140,25117
S6Z11,2011-11-07,1.1277,1.1298,1.1081,1.1103,-0.0195,-1.73%,26971,26068
S6Z11,2011-11-08,1.111,1.1215,1.1035,1.1189,0.0086,+0.77%,22701,25539
S6Z11,2011-11-09,1.118,1.1215,1.0981,1.0996,-0.0193,-1.72%,26003,26867
S6Z11,2011-11-10,1.0984,1.1094,1.0926,1.1024,0.0028,+0.25%,22876,28170
S6Z11,2011-11-11,1.1045,1.1175,1.1013,1.1102,0.0078,+0.71%,16594,28393
S6Z11,2011-11-14,1.1124,1.1164,1.1001,1.1017,-0.0085,-0.77%,19373,29352
S6Z11,2011-11-15,1.1015,1.1017,1.0876,1.0933,-0.0084,-0.76%,20725,30206
S6Z11,2011-11-16,1.0922,1.0947,1.0845,1.091,-0.0023,-0.21%,20205,30331
S6Z11,2011-11-17,1.0874,1.0931,1.083,1.0873,-0.0037,-0.34%,26331,30470
S6Z11,2011-11-18,1.086,1.1013,1.0846,1.0901,0.0028,+0.26%,23371,30934
S6Z11,2011-11-21,1.0907,1.0945,1.0863,1.0912,0.0011,+0.10%,19756,30580
S6Z11,2011-11-22,1.0909,1.0983,1.089,1.0935,0.0023,+0.21%,18364,31022
S6Z11,2011-11-23,1.094,1.0959,1.0847,1.0865,-0.007,-0.64%,21930,33565
S6Z11,2011-11-25,1.0881,1.0927,1.0705,1.0755,-0.011,-1.01%,30127,36672
S6Z11,2011-11-28,1.0769,1.0905,1.0748,1.0832,0.0077,+0.72%,20592,36320
S6Z11,2011-11-29,1.0837,1.0946,1.0821,1.0871,0.0039,+0.36%,19164,37224
S6Z11,2011-11-30,1.0872,1.1035,1.0813,1.0956,0.0085,+0.78%,39647,38506
S6Z11,2011-12-01,1.0947,1.1027,1.0877,1.0912,-0.0044,-0.40%,28023,39848
S6Z11,2011-12-02,1.0918,1.0979,1.0821,1.0859,-0.0053,-0.49%,18848,40534
S6Z11,2011-12-05,1.0851,1.0913,1.0835,1.0867,0.0008,+0.07%,20204,41065
S6Z11,2011-12-06,1.0862,1.0867,1.0755,1.0803,-0.0064,-0.59%,24968,42548
S6Z11,2011-12-07,1.0803,1.0839,1.0766,1.0819,0.0016,+0.15%,24723,43410
S6Z11,2011-12-08,1.0826,1.0898,1.0764,1.0788,-0.0031,-0.29%,41658,47177
S6Z11,2011-12-09,1.0796,1.0893,1.0771,1.0819,0.0031,+0.29%,26831,48507
S6Z11,2011-12-12,1.0796,1.0819,1.0652,1.0675,-0.0144,-1.33%,44437,53670
S6Z11,2011-12-13,1.0649,1.0706,1.055,1.0574,-0.0101,-0.95%,48094,56102
S6Z11,2011-12-14,1.0573,1.0605,1.0484,1.049,-0.0084,-0.79%,50535,59015
S6Z11,2011-12-15,1.049,1.0653,1.0474,1.0633,0.0143,+1.36%,58691,64034
S6H12,2011-12-16,1.0664,1.0716,1.0644,1.0691,0.0058,+0.55%,26420,64927
S6H12,2011-12-19,1.0699,1.0722,1.0657,1.0704,0.0013,+0.12%,15198,35817
S6H12,2011-12-20,1.0689,1.0813,1.0683,1.076,0.0056,+0.52%,20267,33020
S6H12,2011-12-21,1.0755,1.0839,1.0668,1.0704,-0.0056,-0.52%,35763,35316
S6H12,2011-12-22,1.0704,1.0767,1.066,1.0702,-0.0002,-0.02%,13067,35226
S6H12,2011-12-23,1.0704,1.0734,1.0672,1.0701,-0.0001,-0.01%,8847,35757
S6H12,2011-12-27,1.0721,1.0742,1.0701,1.0729,0.0028,+0.26%,6022,35741
S6H12,2011-12-28,1.0729,1.075,1.0609,1.0629,-0.01,-0.93%,20231,38891
S6H12,2011-12-29,1.0629,1.0664,1.0576,1.0635,0.0006,+0.06%,11321,38060
S6H12,2011-12-30,1.0647,1.0723,1.0625,1.067,0.0035,+0.33%,16749,37433
S6H12,2012-01-03,1.0742,1.0768,1.0694,1.0745,0.0075,+0.70%,15496,37999
S6H12,2012-01-04,1.0744,1.0747,1.0596,1.0626,-0.0119,-1.11%,22982,39617
S6H12,2012-01-05,1.0624,1.0635,1.0498,1.0502,-0.0124,-1.17%,26737,42559
S6H12,2012-01-06,1.0514,1.0533,1.0451,1.0483,-0.0019,-0.18%,22527,41983
S6H12,2012-01-09,1.0458,1.055,1.0431,1.0528,0.0045,+0.43%,23170,41726
S6H12,2012-01-10,1.0541,1.0576,1.0525,1.0556,0.0028,+0.27%,20109,41881
S6H12,2012-01-11,1.0542,1.0558,1.0464,1.0481,-0.0075,-0.71%,24206,41811
S6H12,2012-01-12,1.0495,1.0635,1.0481,1.0607,0.0126,+1.20%,28075,39645
S6H12,2012-01-13,1.0601,1.0641,1.0453,1.0494,-0.0113,-1.07%,33002,41507
S6H12,2012-01-17,1.048,1.0594,1.0457,1.0532,0.0038,+0.36%,39133,41577
S6H12,2012-01-18,1.0542,1.0668,1.0532,1.0636,0.0104,+0.99%,35040,40475
S6H12,2012-01-19,1.0649,1.0742,1.0632,1.0715,0.0079,+0.74%,26185,40035
S6H12,2012-01-20,1.0731,1.0755,1.068,1.0699,-0.0016,-0.15%,21035,40485
S6H12,2012-01-23,1.0675,1.0817,1.0674,1.0791,0.0092,+0.86%,31496,40062
S6H12,2012-01-24,1.0791,1.0836,1.0747,1.0777,-0.0014,-0.13%,25342,39314
S6H12,2012-01-25,1.0789,1.0872,1.0715,1.0842,0.0065,+0.60%,37825,40573
S6H12,2012-01-26,1.0856,1.0927,1.0842,1.0876,0.0034,+0.31%,31813,40242
S6H12,2012-01-27,1.0868,1.0979,1.0841,1.0959,0.0083,+0.76%,35765,40279
S6H12,2012-01-30,1.0962,1.0966,1.0866,1.0897,-0.0062,-0.57%,26476,41382
S6H12,2012-01-31,1.0907,1.0969,1.0845,1.0876,-0.0021,-0.19%,26505,40836
S6H12,2012-02-01,1.0876,1.0979,1.0819,1.0928,0.0052,+0.48%,29190,41807
S6H12,2012-02-02,1.094,1.0959,1.0867,1.0914,-0.0014,-0.13%,31047,41811
S6H12,2012-02-03,1.0913,1.0963,1.0833,1.0901,-0.0013,-0.12%,37528,42883
S6H12,2012-02-06,1.0884,1.0902,1.0802,1.0888,-0.0013,-0.12%,24687,42105
S6H12,2012-02-07,1.0882,1.0984,1.0842,1.0963,0.0075,+0.69%,34514,42826
S6H12,2012-02-08,1.098,1.0986,1.0934,1.0959,-0.0004,-0.04%,28535,44515
S6H12,2012-02-09,1.0959,1.1008,1.0929,1.0975,0.0016,+0.15%,27993,45480
S6H12,2012-02-10,1.0973,1.0989,1.0873,1.0903,-0.0072,-0.66%,30984,47480
S6H12,2012-02-13,1.0946,1.099,1.0903,1.0923,0.002,+0.18%,25956,48191
S6H12,2012-02-14,1.091,1.0941,1.0837,1.0852,-0.0071,-0.65%,32117,48092
S6H12,2012-02-15,1.0875,1.0926,1.0813,1.0827,-0.0025,-0.23%,44647,49106
S6H12,2012-02-16,1.0828,1.0901,1.0755,1.0888,0.0061,+0.56%,42148,49566
S6H12,2012-02-17,1.0883,1.0921,1.0864,1.089,0.0002,+0.02%,31910,51086
S6H12,2012-02-21,1.0914,1.1023,1.089,1.097,0.008,+0.73%,60561,51197
S6H12,2012-02-22,1.0961,1.0995,1.0946,1.0984,0.0014,+0.13%,32922,51826
S6H12,2012-02-23,1.0987,1.1102,1.0974,1.1062,0.0078,+0.71%,52263,52957
S6H12,2012-02-24,1.1101,1.12,1.1062,1.1177,0.0115,+1.04%,43621,53698
S6H12,2012-02-27,1.1182,1.1185,1.11,1.1116,-0.0061,-0.55%,49209,50743
S6H12,2012-02-28,1.1118,1.1181,1.1111,1.1169,0.0053,+0.48%,48767,52360
S6H12,2012-02-29,1.117,1.1193,1.1049,1.1069,-0.01,-0.90%,65314,54703
S6H12,2012-03-01,1.1059,1.1086,1.1024,1.104,-0.0029,-0.26%,50590,54426
S6H12,2012-03-02,1.1044,1.1054,1.093,1.0945,-0.0095,-0.86%,45714,52913
S6H12,2012-03-05,1.0939,1.0983,1.0915,1.0968,0.0023,+0.21%,32631,52330
S6H12,2012-03-06,1.0962,1.0973,1.0875,1.0878,-0.009,-0.82%,40900,53649
S6H12,2012-03-07,1.0883,1.0921,1.0869,1.091,0.0032,+0.29%,42379,52654
S6H12,2012-03-08,1.0917,1.1024,1.0899,1.1011,0.0101,+0.93%,52192,52498
S6H12,2012-03-09,1.1015,1.1015,1.086,1.0869,-0.0142,-1.29%,71071,55429
S6H12,2012-03-12,1.0878,1.0914,1.0848,1.0905,0.0036,+0.33%,46295,53813
S6H12,2012-03-13,1.0906,1.0941,1.0812,1.0836,-0.0069,-0.63%,61705,56305
S6H12,2012-03-14,1.0828,1.0836,1.0717,1.0749,-0.0087,-0.80%,101626,64720
S6M12,2012-03-15,1.0755,1.0878,1.0725,1.0862,0.0113,+1.05%,73231,64021
S6M12,2012-03-16,1.0847,1.0939,1.0816,1.0932,0.007,+0.64%,56828,63704
S6M12,2012-03-19,1.0939,1.1011,1.0906,1.0985,0.0053,+0.48%,38297,44128
S6M12,2012-03-20,1.0988,1.1001,1.0937,1.0983,-0.0002,-0.02%,29308,43616
S6M12,2012-03-21,1.0979,1.103,1.0941,1.0964,-0.0019,-0.17%,40113,42477
S6M12,2012-03-22,1.0971,1.1008,1.0905,1.0946,-0.0018,-0.16%,35314,42353
S6M12,2012-03-23,1.096,1.1042,1.0946,1.1018,0.0072,+0.66%,34079,42234
S6M12,2012-03-26,1.1026,1.1095,1.0956,1.1079,0.0061,+0.55%,37729,41813
S6M12,2012-03-27,1.1085,1.1102,1.1057,1.1073,-0.0006,-0.05%,32617,42852
S6M12,2012-03-28,1.1062,1.1101,1.1021,1.1063,-0.001,-0.09%,36399,42735
S6M12,2012-03-29,1.1057,1.1083,1.1008,1.1034,-0.0029,-0.26%,34066,43245
S6M12,2012-03-30,1.104,1.1111,1.1038,1.1086,0.0052,+0.47%,39820,43893
S6M12,2012-04-02,1.1108,1.1119,1.1034,1.1082,-0.0004,-0.04%,34246,43361
S6M12,2012-04-03,1.107,1.1117,1.0982,1.0984,-0.0098,-0.88%,46805,43624
S6M12,2012-04-04,1.1002,1.1008,1.0898,1.0925,-0.0059,-0.54%,55616,41208
S6M12,2012-04-05,1.0929,1.0946,1.0854,1.0881,-0.0044,-0.40%,47665,39641
S6M12,2012-04-06,1.0888,1.0928,1.0875,1.0903,0.0022,+0.20%,8169,39606
S6M12,2012-04-09,1.0916,1.094,1.0862,1.0927,0.0024,+0.22%,16530,39316
S6M12,2012-04-10,1.0919,1.0946,1.087,1.0897,-0.003,-0.27%,49356,39995
S6M12,2012-04-11,1.0901,1.0967,1.0889,1.0913,0.0016,+0.15%,44554,39515
S6M12,2012-04-12,1.0912,1.1009,1.0906,1.0992,0.0079,+0.72%,47266,39834
S6M12,2012-04-13,1.0983,1.0993,1.0876,1.0882,-0.011,-1.00%,49291,40648
S6M12,2012-04-16,1.0878,1.0952,1.0817,1.094,0.0058,+0.53%,55573,42507
S6M12,2012-04-17,1.0932,1.0967,1.09,1.0944,0.0004,+0.04%,33232,41358
S6M12,2012-04-18,1.0936,1.0944,1.0866,1.093,-0.0014,-0.13%,43391,42000
S6M12,2012-04-19,1.0926,1.0964,1.0883,1.0931,0.0001,+0.01%,43150,41912
S6M12,2012-04-20,1.0938,1.1016,1.093,1.1007,0.0076,+0.70%,47556,39703
S6M12,2012-04-23,1.0987,1.1007,1.091,1.0943,-0.0064,-0.58%,43651,40333
S6M12,2012-04-24,1.0958,1.1008,1.0943,1.0984,0.0041,+0.37%,37128,40155
S6M12,2012-04-25,1.0992,1.1022,1.0969,1.1018,0.0034,+0.31%,42448,40421
S6M12,2012-04-26,1.1007,1.1046,1.0992,1.1021,0.0003,+0.03%,41676,41058
S6M12,2012-04-27,1.0989,1.1054,1.0955,1.1045,0.0024,+0.22%,40754,42249
S6M12,2012-04-30,1.1034,1.1048,1.0999,1.1027,-0.0018,-0.16%,37124,41129
S6M12,2012-05-01,1.1026,1.1065,1.0995,1.1015,-0.0012,-0.11%,29598,41657
S6M12,2012-05-02,1.102,1.1026,1.0923,1.0956,-0.0059,-0.54%,49002,40358
S6M12,2012-05-03,1.0956,1.0977,1.0904,1.095,-0.0006,-0.05%,41667,39846
S6M12,2012-05-04,1.0954,1.0976,1.0893,1.0901,-0.0049,-0.45%,39567,40285
S6M12,2012-05-07,1.0836,1.0901,1.0792,1.0869,-0.0032,-0.29%,43830,43525
S6M12,2012-05-08,1.0872,1.0878,1.0814,1.0851,-0.0018,-0.17%,46934,45717
S6M12,2012-05-09,1.0829,1.0851,1.0754,1.0785,-0.0066,-0.61%,68371,50394
S6M12,2012-05-10,1.0772,1.0807,1.0764,1.0786,0.0001,+0.01%,48637,56076
S6M12,2012-05-11,1.0769,1.0789,1.0748,1.0761,-0.0025,-0.23%,37619,59461
S6M12,2012-05-14,1.0745,1.0761,1.0679,1.0697,-0.0064,-0.59%,44846,60978
S6M12,2012-05-15,1.0684,1.0717,1.0596,1.0607,-0.009,-0.84%,51188,63543
S6M12,2012-05-16,1.0607,1.0626,1.0563,1.0596,-0.0011,-0.10%,55914,64562
S6M12,2012-05-17,1.0593,1.0618,1.055,1.059,-0.0006,-0.06%,51753,65775
S6M12,2012-05-18,1.0561,1.0656,1.053,1.0609,0.0019,+0.18%,50366,68167
S6M12,2012-05-21,1.0641,1.0678,1.0598,1.065,0.0041,+0.39%,52754,68235
S6M12,2012-05-22,1.067,1.0675,1.0542,1.0593,-0.0057,-0.54%,55510,71832
S6M12,2012-05-23,1.0559,1.0593,1.0451,1.0472,-0.0121,-1.14%,80007,68177
S6M12,2012-05-24,1.0485,1.0492,1.0425,1.0428,-0.0044,-0.42%,69106,69556
S6M12,2012-05-25,1.0437,1.0484,1.0407,1.0425,-0.0003,-0.03%,46690,70131
S6M12,2012-05-29,1.0469,1.0497,1.038,1.0403,-0.0022,-0.21%,61755,71895
S6M12,2012-05-30,1.0404,1.0406,1.0296,1.0313,-0.009,-0.87%,56949,71898
S6M12,2012-05-31,1.0302,1.0347,1.0274,1.03,-0.0013,-0.13%,58424,72777
S6M12,2012-06-01,1.0295,1.0366,1.0235,1.0337,0.0037,+0.36%,76605,70316
S6M12,2012-06-04,1.0348,1.0421,1.0315,1.0403,0.0066,+0.64%,38759,69766
S6M12,2012-06-05,1.0404,1.0443,1.0336,1.0364,-0.0039,-0.37%,39845,71967
S6M12,2012-06-06,1.0368,1.0483,1.0361,1.0451,0.0087,+0.84%,55374,72009
S6M12,2012-06-07,1.0476,1.0512,1.0441,1.0494,0.0043,+0.41%,54403,72784
S6M12,2012-06-08,1.0464,1.0494,1.0355,1.0415,-0.0079,-0.75%,68277,79615
S6M12,2012-06-11,1.0543,1.0573,1.0393,1.0409,-0.0006,-0.06%,66596,83041
S6M12,2012-06-12,1.0381,1.0434,1.0363,1.0409,0,0.00%,82773,92023
S6M12,2012-06-13,1.041,1.0503,1.0387,1.0483,0.0074,+0.71%,85947,91968
S6M12,2012-06-14,1.0469,1.0522,1.0445,1.0491,0.0008,+0.08%,76792,98269
S6U12,2012-06-15,1.0541,1.0902,1.0509,1.0548,0.0057,+0.54%,58525,103498
S6U12,2012-06-18,1.0638,1.0638,1.0477,1.0499,-0.0049,-0.46%,47816,60780
S6U12,2012-06-19,1.0492,1.0625,1.049,1.0591,0.0092,+0.88%,51488,55756
S6U12,2012-06-20,1.0586,1.0621,1.0547,1.0568,-0.0023,-0.22%,60836,54033
S6U12,2012-06-21,1.0594,1.0596,1.0457,1.0474,-0.0094,-0.89%,55400,55106
S6U12,2012-06-22,1.0468,1.05,1.0447,1.0483,0.0009,+0.09%,41463,51843
S6U12,2012-06-25,1.0475,1.0483,1.0407,1.0428,-0.0055,-0.52%,29691,51980
S6U12,2012-06-26,1.0434,1.0456,1.0383,1.0428,0,0.00%,33917,52447
S6U12,2012-06-27,1.0427,1.0437,1.0384,1.0394,-0.0034,-0.33%,30983,52477
S6U12,2012-06-28,1.0401,1.0447,1.0353,1.0368,-0.0026,-0.25%,41376,54271
S6U12,2012-06-29,1.0381,1.0588,1.0368,1.0561,0.0193,+1.86%,66172,54431
S6U12,2012-07-02,1.0565,1.0566,1.0482,1.0497,-0.0064,-0.61%,38754,53843
S6U12,2012-07-03,1.0496,1.0533,1.0476,1.0522,0.0025,+0.24%,21742,53327
S6U12,2012-07-05,1.0501,1.0522,1.031,1.0332,-0.019,-1.81%,60776,57642
S6U12,2012-07-06,1.0331,1.0343,1.0227,1.0235,-0.0097,-0.94%,44738,56646
S6U12,2012-07-09,1.0227,1.0278,1.0221,1.0266,0.0031,+0.30%,31002,58833
S6U12,2012-07-10,1.0271,1.0286,1.0204,1.0218,-0.0048,-0.47%,35316,58117
S6U12,2012-07-11,1.0218,1.0254,1.0186,1.0193,-0.0025,-0.24%,32462,58504
S6U12,2012-07-12,1.021,1.0215,1.0146,1.017,-0.0023,-0.23%,35670,58476
S6U12,2012-07-13,1.0173,1.0219,1.0142,1.0206,0.0036,+0.35%,40804,59747
S6U12,2012-07-16,1.0217,1.0247,1.0153,1.0236,0.003,+0.29%,32429,60458
S6U12,2012-07-17,1.0232,1.0268,1.0164,1.024,0.0004,+0.04%,41058,62836
S6U12,2012-07-18,1.0241,1.0258,1.0186,1.0223,-0.0017,-0.17%,32407,64655
S6U12,2012-07-19,1.0238,1.0274,1.0195,1.0236,0.0013,+0.13%,37625,64280
S6U12,2012-07-20,1.0235,1.0238,1.0124,1.0137,-0.0099,-0.97%,41956,66340
S6U12,2012-07-23,1.0102,1.0137,1.0062,1.0109,-0.0028,-0.28%,55409,64750
S6U12,2012-07-24,1.01,1.0119,1.004,1.0056,-0.0053,-0.52%,41475,64375
S6U12,2012-07-25,1.0054,1.0146,1.0049,1.0135,0.0079,+0.79%,49185,64424
S6U12,2012-07-26,1.0128,1.0279,1.0101,1.0242,0.0107,+1.06%,71697,60989
S6U12,2012-07-27,1.0237,1.0324,1.0204,1.0259,0.0017,+0.17%,58958,59471
S6U12,2012-07-30,1.0252,1.026,1.019,1.0218,-0.0041,-0.40%,29251,60130
S6U12,2012-07-31,1.0213,1.0277,1.0209,1.0257,0.0039,+0.38%,37316,59536
S6U12,2012-08-01,1.0248,1.0281,1.018,1.0196,-0.0061,-0.59%,33052,59585
S6U12,2012-08-02,1.0189,1.0312,1.0112,1.0142,-0.0054,-0.53%,85785,57715
S6U12,2012-08-03,1.0153,1.0324,1.0139,1.0309,0.0167,+1.65%,50856,56643
S6U12,2012-08-06,1.0324,1.0366,1.0261,1.0327,0.0018,+0.17%,40903,55822
S6U12,2012-08-07,1.033,1.0362,1.0312,1.0341,0.0014,+0.14%,35525,56379
S6U12,2012-08-08,1.0327,1.0341,1.0269,1.0292,-0.0049,-0.47%,30830,55332
S6U12,2012-08-09,1.03,1.0318,1.0221,1.0244,-0.0048,-0.47%,28159,55080
S6U12,2012-08-10,1.0251,1.0264,1.0201,1.0245,0.0001,+0.01%,28314,55456
S6U12,2012-08-13,1.0238,1.0309,1.0216,1.0274,0.0029,+0.28%,29415,57250
S6U12,2012-08-14,1.0272,1.0319,1.026,1.0274,0,0.00%,30153,56773
S6U12,2012-08-15,1.026,1.0281,1.0217,1.0237,-0.0037,-0.36%,28234,59278
S6U12,2012-08-16,1.0234,1.0308,1.0209,1.0298,0.0061,+0.60%,41563,56898
S6U12,2012-08-17,1.0293,1.0314,1.0237,1.0265,-0.0033,-0.32%,31029,56545
S6U12,2012-08-20,1.0275,1.0303,1.0242,1.0284,0.0019,+0.19%,26712,56748
S6U12,2012-08-21,1.0284,1.0401,1.0283,1.0385,0.0101,+0.98%,50502,54619
S6U12,2012-08-22,1.039,1.0445,1.0356,1.0436,0.0051,+0.49%,43640,54079
S6U12,2012-08-23,1.0437,1.0488,1.0431,1.0466,0.003,+0.29%,38553,53335
S6U12,2012-08-24,1.0466,1.0471,1.0396,1.0428,-0.0038,-0.36%,42034,55470
S6U12,2012-08-27,1.0418,1.0441,1.0403,1.0414,-0.0014,-0.13%,20796,55635
S6U12,2012-08-28,1.0408,1.0476,1.0382,1.0465,0.0051,+0.49%,33339,55426
S6U12,2012-08-29,1.0465,1.0471,1.0427,1.0434,-0.0031,-0.30%,25300,55253
S6U12,2012-08-30,1.0438,1.0464,1.04,1.0417,-0.0017,-0.16%,30728,57158
S6U12,2012-08-31,1.0413,1.0527,1.0406,1.048,0.0063,+0.60%,49853,56462
S6U12,2012-09-04,1.0476,1.0518,1.0455,1.0467,-0.0013,-0.12%,43108,55949
S6U12,2012-09-05,1.0464,1.0494,1.0409,1.0466,-0.0001,-0.01%,49273,55907
S6U12,2012-09-06,1.0468,1.0507,1.0421,1.0495,0.0029,+0.28%,59179,56267
S6U12,2012-09-07,1.0488,1.06,1.0438,1.0577,0.0082,+0.78%,66404,55666
S6U12,2012-09-10,1.0592,1.0599,1.0545,1.0565,-0.0012,-0.11%,59168,56635
S6U12,2012-09-11,1.0567,1.0663,1.0564,1.0654,0.0089,+0.84%,45014,58031
S6U12,2012-09-12,1.065,1.0705,1.0633,1.0668,0.0014,+0.13%,72819,64148
S6U12,2012-09-13,1.0667,1.0699,1.061,1.0698,0.003,+0.28%,60831,65052
S6Z12,2012-09-14,1.0707,1.0838,1.0703,1.0801,0.0103,+0.96%,52501,62542
S6Z12,2012-09-17,1.0809,1.0829,1.077,1.0791,-0.001,-0.09%,31250,39305
S6Z12,2012-09-18,1.0792,1.0831,1.0771,1.0774,-0.0017,-0.16%,27431,38449
S6Z12,2012-09-19,1.0781,1.0816,1.076,1.0796,0.0022,+0.20%,28848,36282
S6Z12,2012-09-20,1.0793,1.081,1.0702,1.0735,-0.0061,-0.57%,29394,36280
S6Z12,2012-09-21,1.0733,1.0785,1.0715,1.074,0.0005,+0.05%,34730,36896
S6Z12,2012-09-24,1.0731,1.074,1.0661,1.0702,-0.0038,-0.35%,28635,36556
S6Z12,2012-09-25,1.0702,1.0733,1.0669,1.0696,-0.0006,-0.06%,29496,37328
S6Z12,2012-09-26,1.0681,1.0696,1.0632,1.0653,-0.0043,-0.40%,30711,38081
S6Z12,2012-09-27,1.066,1.0696,1.0632,1.0686,0.0033,+0.31%,33321,38600
S6Z12,2012-09-28,1.0686,1.0726,1.0636,1.0649,-0.0037,-0.35%,40303,38060
S6Z12,2012-10-01,1.0651,1.0707,1.0609,1.0671,0.0022,+0.21%,36162,37865
S6Z12,2012-10-02,1.0672,1.0728,1.0665,1.0692,0.0021,+0.20%,29199,37313
S6Z12,2012-10-03,1.0691,1.0701,1.0652,1.0661,-0.0031,-0.29%,29540,36479
S6Z12,2012-10-04,1.0668,1.0771,1.0661,1.0759,0.0098,+0.92%,30444,36284
S6Z12,2012-10-05,1.0761,1.0793,1.0738,1.0771,0.0012,+0.11%,29055,35506
S6Z12,2012-10-08,1.0766,1.0774,1.0698,1.073,-0.0041,-0.38%,24370,34757
S6Z12,2012-10-09,1.0728,1.0738,1.063,1.0646,-0.0084,-0.78%,37981,35264
S6Z12,2012-10-10,1.0646,1.0678,1.0614,1.0666,0.002,+0.19%,25868,35323
S6Z12,2012-10-11,1.0659,1.0723,1.0628,1.0711,0.0045,+0.42%,27890,34298
S6Z12,2012-10-12,1.0708,1.0756,1.0698,1.0729,0.0018,+0.17%,23306,34295
S6Z12,2012-10-15,1.0728,1.0743,1.0681,1.0718,-0.0011,-0.10%,22093,34727
S6Z12,2012-10-16,1.0725,1.0813,1.0718,1.0801,0.0083,+0.77%,30610,36487
S6Z12,2012-10-17,1.0845,1.0861,1.0801,1.0857,0.0056,+0.52%,33369,38214
S6Z12,2012-10-18,1.085,1.086,1.0812,1.0817,-0.004,-0.37%,28027,40712
S6Z12,2012-10-19,1.0824,1.0832,1.0773,1.078,-0.0037,-0.34%,24570,41071
S6Z12,2012-10-22,1.0782,1.0821,1.0774,1.0788,0.0008,+0.07%,22806,40734
S6Z12,2012-10-23,1.0799,1.0807,1.0711,1.0723,-0.0065,-0.60%,30430,36769
S6Z12,2012-10-24,1.0728,1.0744,1.0689,1.0732,0.0009,+0.08%,27040,36262
S6Z12,2012-10-25,1.073,1.0771,1.0696,1.071,-0.0022,-0.20%,24846,36383
S6Z12,2012-10-26,1.0701,1.0721,1.066,1.07,-0.001,-0.09%,29415,36591
S6Z12,2012-10-29,1.0713,1.0713,1.0668,1.0686,-0.0014,-0.13%,14422,36791
S6Z12,2012-10-30,1.0689,1.0761,1.0675,1.0735,0.0049,+0.46%,16797,37591
S6Z12,2012-10-31,1.0733,1.0787,1.0722,1.0745,0.001,+0.09%,25529,38002
S6Z12,2012-11-01,1.0741,1.0764,1.0711,1.0735,-0.001,-0.09%,23204,37613
S6Z12,2012-11-02,1.0736,1.0744,1.0534,1.0632,-0.0103,-0.96%,40722,38222
S6Z12,2012-11-05,1.063,1.0644,1.059,1.0604,-0.0028,-0.26%,26990,38551
S6Z12,2012-11-06,1.0606,1.0621,1.058,1.0608,0.0004,+0.04%,29508,40311
S6Z12,2012-11-07,1.0611,1.0666,1.0563,1.059,-0.0018,-0.17%,40256,42669
S6Z12,2012-11-08,1.0592,1.0597,1.0551,1.0578,-0.0012,-0.11%,26593,43529
S6Z12,2012-11-09,1.0576,1.061,1.053,1.0546,-0.0032,-0.30%,26833,46290
S6Z12,2012-11-12,1.0551,1.0567,1.0536,1.0554,0.0008,+0.08%,15347,46469
S6Z12,2012-11-13,1.055,1.057,1.0517,1.0561,0.0007,+0.07%,23871,46940
S6Z12,2012-11-14,1.0557,1.0618,1.0555,1.0595,0.0034,+0.32%,24052,47253
S6Z12,2012-11-15,1.0585,1.0639,1.0571,1.0617,0.0022,+0.21%,23562,46535
S6Z12,2012-11-16,1.0616,1.0618,1.054,1.057,-0.0047,-0.44%,30950,47844
S6Z12,2012-11-19,1.0579,1.0648,1.057,1.064,0.007,+0.66%,28592,45929
S6Z12,2012-11-20,1.0624,1.0651,1.0609,1.0635,-0.0005,-0.05%,25134,46210
S6Z12,2012-11-21,1.0641,1.0662,1.0575,1.0655,0.002,+0.19%,22140,45365
S6Z12,2012-11-23,1.0667,1.0837,1.0655,1.0786,0.0131,+1.23%,40650,43692
S6Z12,2012-11-26,1.0776,1.0786,1.0756,1.0771,-0.0015,-0.14%,33664,41138
S6Z12,2012-11-27,1.0794,1.0804,1.0727,1.0747,-0.0024,-0.22%,29441,42767
S6Z12,2012-11-28,1.0749,1.0766,1.0708,1.0748,0.0001,+0.01%,31124,40113
S6Z12,2012-11-29,1.0768,1.081,1.0748,1.0779,0.0031,+0.29%,27860,41195
S6Z12,2012-11-30,1.0782,1.0818,1.0763,1.0787,0.0008,+0.07%,28993,41082
S6Z12,2012-12-03,1.0781,1.0823,1.0779,1.0805,0.0018,+0.17%,32802,42124
S6Z12,2012-12-04,1.081,1.0819,1.0762,1.0801,-0.0004,-0.04%,34057,44798
S6Z12,2012-12-05,1.0794,1.0812,1.0754,1.0797,-0.0004,-0.04%,33527,44640
S6Z12,2012-12-06,1.0794,1.0805,1.0708,1.0719,-0.0078,-0.72%,40821,46819
S6Z12,2012-12-07,1.0719,1.073,1.0658,1.0701,-0.0018,-0.17%,31976,47399
S6Z12,2012-12-10,1.068,1.0723,1.0673,1.0717,0.0016,+0.15%,32846,50936
S6Z12,2012-12-11,1.071,1.0734,1.0673,1.0723,0.0006,+0.06%,34380,48835
S6Z12,2012-12-12,1.073,1.1026,1.0723,1.0808,0.0085,+0.79%,66792,49934
S6Z12,2012-12-13,1.0791,1.0839,1.0782,1.0826,0.0018,+0.17%,56225,53391
S6H13,2012-12-14,1.0839,1.0925,1.083,1.0911,0.0085,+0.79%,47004,58270
S6H13,2012-12-17,1.0924,1.0928,1.0891,1.0912,0.0001,+0.01%,23230,41214
S6H13,2012-12-18,1.0913,1.0979,1.0903,1.0964,0.0052,+0.48%,22197,43412
S6H13,2012-12-19,1.0967,1.1021,1.0962,1.0983,0.0019,+0.17%,30282,43945
S6H13,2012-12-20,1.0952,1.1026,1.0945,1.0984,0.0001,+0.01%,26943,47332
S6H13,2012-12-21,1.0991,1.0991,1.0915,1.0927,-0.0057,-0.52%,25788,47736
S6H13,2012-12-24,1.0936,1.0979,1.0923,1.0947,0.002,+0.18%,8474,48634
S6H13,2012-12-26,1.0955,1.0996,1.0943,1.0969,0.0022,+0.20%,6223,48850
S6H13,2012-12-27,1.0967,1.1013,1.0938,1.0963,-0.0006,-0.05%,18731,49654
S6H13,2012-12-28,1.0961,1.0983,1.0905,1.0965,0.0002,+0.02%,14924,50180
S6H13,2012-12-31,1.0961,1.0979,1.0925,1.0948,-0.0017,-0.16%,15167,50182
S6H13,2013-01-02,1.0971,1.0998,1.0883,1.09,-0.0048,-0.44%,27307,48275
S6H13,2013-01-03,1.0914,1.0915,1.0801,1.0811,-0.0089,-0.82%,39684,47573
S6H13,2013-01-04,1.0785,1.0844,1.076,1.0822,0.0011,+0.10%,34822,46739
S6H13,2013-01-07,1.083,1.0867,1.078,1.0861,0.0039,+0.36%,21959,46405
S6H13,2013-01-08,1.0877,1.0878,1.0813,1.0834,-0.0027,-0.25%,24770,46716
S6H13,2013-01-09,1.0835,1.0842,1.0794,1.081,-0.0024,-0.22%,23581,46744
S6H13,2013-01-10,1.0812,1.096,1.0799,1.0944,0.0134,+1.24%,39170,46750
S6H13,2013-01-11,1.095,1.0986,1.0904,1.0962,0.0018,+0.16%,38640,46326
S6H13,2013-01-14,1.0959,1.0974,1.0843,1.0856,-0.0106,-0.97%,32531,45500
S6H13,2013-01-15,1.0852,1.0864,1.0721,1.0737,-0.0119,-1.10%,54530,43176
S6H13,2013-01-16,1.0735,1.0775,1.0726,1.0738,0.0001,+0.01%,37464,41759
S6H13,2013-01-17,1.0746,1.0761,1.0689,1.0727,-0.0011,-0.10%,42414,40891
S6H13,2013-01-18,1.073,1.0757,1.0657,1.0701,-0.0026,-0.24%,43876,40157
S6H13,2013-01-22,1.0702,1.0788,1.0701,1.0768,0.0067,+0.63%,51320,39483
S6H13,2013-01-23,1.0769,1.0784,1.074,1.0763,-0.0005,-0.05%,32933,40621
S6H13,2013-01-24,1.0758,1.0782,1.073,1.0779,0.0016,+0.15%,32706,40230
S6H13,2013-01-25,1.0772,1.0849,1.0749,1.0801,0.0022,+0.20%,44324,42000
S6H13,2013-01-28,1.079,1.0807,1.0766,1.0802,0.0001,+0.01%,29903,40496
S6H13,2013-01-29,1.0799,1.0883,1.0794,1.0851,0.0049,+0.45%,31255,38618
S6H13,2013-01-30,1.0854,1.1003,1.0843,1.0982,0.0131,+1.21%,44432,37707
S6H13,2013-01-31,1.0982,1.1024,1.0969,1.0999,0.0017,+0.15%,39841,36459
S6H13,2013-02-01,1.0995,1.109,1.0983,1.1023,0.0024,+0.22%,46412,39189
S6H13,2013-02-04,1.1014,1.1027,1.0973,1.1015,-0.0008,-0.07%,33831,42464
S6H13,2013-02-05,1.1008,1.1027,1.0974,1.1017,0.0002,+0.02%,31753,43585
S6H13,2013-02-06,1.1016,1.1046,1.0933,1.1,-0.0017,-0.15%,30159,43731
S6H13,2013-02-07,1.0991,1.1036,1.0872,1.0899,-0.0101,-0.92%,45267,41647
S6H13,2013-02-08,1.0888,1.0929,1.0886,1.0907,0.0008,+0.07%,23914,42168
S6H13,2013-02-11,1.09,1.0924,1.0865,1.0889,-0.0018,-0.17%,18788,42336
S6H13,2013-02-12,1.0862,1.0934,1.0855,1.09,0.0011,+0.10%,26200,41850
S6H13,2013-02-13,1.0908,1.0929,1.0878,1.0901,0.0001,+0.01%,21135,42293
S6H13,2013-02-14,1.0906,1.0909,1.0818,1.084,-0.0061,-0.56%,28058,41627
S6H13,2013-02-15,1.0853,1.0867,1.0824,1.0845,0.0005,+0.05%,21851,42559
S6H13,2013-02-19,1.0844,1.0862,1.0804,1.0836,-0.0009,-0.08%,31264,42833
S6H13,2013-02-20,1.0838,1.0891,1.0771,1.0777,-0.0059,-0.54%,35019,44729
S6H13,2013-02-21,1.0787,1.079,1.0716,1.0733,-0.0044,-0.41%,47389,46631
S6H13,2013-02-22,1.0744,1.0774,1.0722,1.0749,0.0016,+0.15%,31031,48513
S6H13,2013-02-25,1.0749,1.0834,1.0708,1.0748,-0.0001,-0.01%,52179,47120
S6H13,2013-02-26,1.073,1.0771,1.0715,1.0731,-0.0017,-0.16%,46164,47602
S6H13,2013-02-27,1.0733,1.0772,1.0718,1.074,0.0009,+0.08%,32322,46632
S6H13,2013-02-28,1.0758,1.0778,1.0669,1.0677,-0.0063,-0.59%,41162,50748
S6H13,2013-03-01,1.0679,1.0694,1.0569,1.0598,-0.0079,-0.74%,53081,55087
S6H13,2013-03-04,1.0612,1.0632,1.0594,1.0628,0.003,+0.28%,29211,55160
S6H13,2013-03-05,1.0631,1.0647,1.0601,1.0619,-0.0009,-0.08%,26495,55311
S6H13,2013-03-06,1.0626,1.0636,1.0537,1.0554,-0.0065,-0.61%,28911,58859
S6H13,2013-03-07,1.0545,1.0628,1.0539,1.0609,0.0055,+0.52%,54650,58590
S6H13,2013-03-08,1.0612,1.0619,1.0468,1.051,-0.0099,-0.93%,58825,64005
S6H13,2013-03-11,1.0505,1.0565,1.0495,1.0554,0.0044,+0.42%,35382,65037
S6H13,2013-03-12,1.0559,1.0598,1.0521,1.0558,0.0004,+0.04%,61919,69408
S6H13,2013-03-13,1.0557,1.0605,1.0491,1.0499,-0.0059,-0.56%,61643,77147
S6H13,2013-03-14,1.05,1.058,1.0453,1.0556,0.0057,+0.54%,75520,79635
S6M13,2013-03-15,1.0569,1.0673,1.0563,1.0646,0.009,+0.85%,69136,79453
S6M13,2013-03-18,1.0619,1.063,1.0551,1.0588,-0.0058,-0.54%,41146,51665
S6M13,2013-03-19,1.0581,1.0622,1.0547,1.0564,-0.0024,-0.23%,36258,50580
S6M13,2013-03-20,1.0566,1.0638,1.056,1.0609,0.0045,+0.43%,34303,48290
S6M13,2013-03-21,1.06,1.0609,1.0557,1.0578,-0.0031,-0.29%,27099,49901
S6M13,2013-03-22,1.0571,1.0652,1.0566,1.0636,0.0058,+0.55%,30775,48695
S6M13,2013-03-25,1.0631,1.0738,1.0539,1.056,-0.0076,-0.71%,40549,50328
S6M13,2013-03-26,1.0551,1.0568,1.0531,1.0556,-0.0004,-0.04%,26975,49575
S6M13,2013-03-27,1.0555,1.0562,1.0476,1.0496,-0.006,-0.57%,29010,51500
S6M13,2013-03-28,1.049,1.0575,1.0483,1.0546,0.005,+0.48%,28745,52158
S6M13,2013-04-01,1.0536,1.0585,1.0506,1.057,0.0024,+0.23%,12083,51644
S6M13,2013-04-02,1.0573,1.0598,1.0538,1.0544,-0.0026,-0.25%,26353,51473
S6M13,2013-04-03,1.055,1.06,1.0512,1.0593,0.0049,+0.46%,30195,49625
S6M13,2013-04-04,1.0589,1.0667,1.0505,1.0651,0.0058,+0.55%,52787,47848
S6M13,2013-04-05,1.0646,1.0746,1.0609,1.0727,0.0076,+0.71%,37311,45072
S6M13,2013-04-08,1.0719,1.0728,1.0689,1.0696,-0.0031,-0.29%,26990,41784
S6M13,2013-04-09,1.0701,1.0752,1.0684,1.0744,0.0048,+0.45%,27755,42751
S6M13,2013-04-10,1.0734,1.0767,1.0718,1.0725,-0.0019,-0.18%,25592,43252
S6M13,2013-04-11,1.073,1.0785,1.0714,1.0755,0.003,+0.28%,26184,44972
S6M13,2013-04-12,1.0754,1.0804,1.0722,1.0763,0.0008,+0.07%,36024,51027
S6M13,2013-04-15,1.0791,1.0797,1.0727,1.0735,-0.0028,-0.26%,31235,51130
S6M13,2013-04-16,1.0747,1.0867,1.0728,1.0861,0.0126,+1.17%,35401,53769
S6M13,2013-04-17,1.0846,1.0869,1.0714,1.0717,-0.0144,-1.33%,41033,52207
S6M13,2013-04-18,1.073,1.0771,1.0717,1.0732,0.0015,+0.14%,27650,53152
S6M13,2013-04-19,1.0727,1.0784,1.0703,1.0719,-0.0013,-0.12%,30685,52209
S6M13,2013-04-22,1.0727,1.0741,1.0677,1.0705,-0.0014,-0.13%,21596,51671
S6M13,2013-04-23,1.0708,1.0727,1.058,1.059,-0.0115,-1.07%,39395,50101
S6M13,2013-04-24,1.058,1.0594,1.0532,1.0569,-0.0021,-0.20%,43691,49534
S6M13,2013-04-25,1.0564,1.0618,1.0549,1.0583,0.0014,+0.13%,34554,50822
S6M13,2013-04-26,1.0587,1.0642,1.058,1.0613,0.003,+0.28%,26729,50832
S6M13,2013-04-29,1.0626,1.0694,1.0607,1.0678,0.0065,+0.61%,25739,50730
S6M13,2013-04-30,1.0677,1.0783,1.0661,1.0765,0.0087,+0.81%,37392,50872
S6M13,2013-05-01,1.0763,1.082,1.0747,1.0808,0.0043,+0.40%,30646,48592
S6M13,2013-05-02,1.0792,1.0808,1.0684,1.0698,-0.011,-1.02%,47236,48244
S6M13,2013-05-03,1.07,1.0755,1.0643,1.069,-0.0008,-0.07%,46951,48160
S6M13,2013-05-06,1.0696,1.0712,1.0645,1.066,-0.003,-0.28%,21644,48449
S6M13,2013-05-07,1.066,1.0679,1.06,1.0643,-0.0017,-0.16%,26741,49245
S6M13,2013-05-08,1.0637,1.0713,1.0629,1.0695,0.0052,+0.49%,31244,49414
S6M13,2013-05-09,1.0695,1.0719,1.0529,1.0541,-0.0154,-1.44%,47992,52898
S6M13,2013-05-10,1.0551,1.0556,1.0389,1.0455,-0.0086,-0.82%,67253,56639
S6M13,2013-05-13,1.0439,1.0477,1.0424,1.0437,-0.0018,-0.17%,45552,56120
S6M13,2013-05-14,1.0449,1.0507,1.0337,1.0357,-0.008,-0.77%,47009,58084
S6M13,2013-05-15,1.0352,1.0373,1.0262,1.0358,0.0001,+0.01%,54967,59297
S6M13,2013-05-16,1.0358,1.0443,1.0301,1.0405,0.0047,+0.45%,50647,62260
S6M13,2013-05-17,1.0372,1.0405,1.0245,1.028,-0.0125,-1.20%,55393,63697
S6M13,2013-05-20,1.0313,1.0368,1.028,1.0353,0.0073,+0.71%,37245,64198
S6M13,2013-05-21,1.035,1.036,1.0258,1.0308,-0.0045,-0.43%,52920,65146
S6M13,2013-05-22,1.0308,1.0331,1.0166,1.0209,-0.0099,-0.96%,87100,66039
S6M13,2013-05-23,1.0214,1.0383,1.0187,1.0321,0.0112,+1.10%,70191,66558
S6M13,2013-05-24,1.0322,1.0429,1.0293,1.0397,0.0076,+0.74%,48526,68336
S6M13,2013-05-28,1.0397,1.0427,1.0224,1.0277,-0.012,-1.15%,56056,70015
S6M13,2013-05-29,1.0242,1.0418,1.0215,1.0382,0.0105,+1.02%,55914,68997
S6M13,2013-05-30,1.0396,1.0498,1.0362,1.0487,0.0105,+1.01%,49881,67245
S6M13,2013-05-31,1.0488,1.0516,1.0392,1.0422,-0.0065,-0.62%,53868,69442
S6M13,2013-06-03,1.0447,1.0631,1.0391,1.0561,0.0139,+1.33%,56974,66630
S6M13,2013-06-04,1.0559,1.0579,1.0505,1.056,-0.0001,-0.01%,39342,64552
S6M13,2013-06-05,1.0563,1.0649,1.0534,1.062,0.006,+0.57%,51469,62824
S6M13,2013-06-06,1.0618,1.0841,1.0595,1.0757,0.0137,+1.29%,79138,59659
S6M13,2013-06-07,1.075,1.0813,1.0668,1.0697,-0.006,-0.56%,73281,59012
S6M13,2013-06-10,1.0679,1.0732,1.0618,1.0722,0.0025,+0.23%,53176,60824
S6M13,2013-06-11,1.071,1.0844,1.0695,1.0818,0.0096,+0.90%,71550,65244
S6M13,2013-06-12,1.0813,1.0902,1.0768,1.0847,0.0029,+0.27%,67244,65501
S6M13,2013-06-13,1.0864,1.0952,1.0801,1.0849,0.0002,+0.02%,57076,64064
S6U13,2013-06-14,1.0852,1.0884,1.0798,1.0852,0.0003,+0.03%,61660,62092
S6U13,2013-06-17,1.0858,1.0864,1.0795,1.0827,-0.0025,-0.23%,25221,33073
S6U13,2013-06-18,1.0845,1.0909,1.0805,1.0884,0.0057,+0.53%,29975,33846
S6U13,2013-06-19,1.0877,1.0902,1.0742,1.0759,-0.0125,-1.15%,35569,33149
S6U13,2013-06-20,1.0783,1.0818,1.0692,1.0788,0.0029,+0.27%,52075,33582
S6U13,2013-06-21,1.0789,1.0829,1.0682,1.0715,-0.0073,-0.68%,32750,33659
S6U13,2013-06-24,1.0692,1.0748,1.0669,1.0729,0.0014,+0.13%,37483,33151
S6U13,2013-06-25,1.0728,1.0739,1.0639,1.0673,-0.0056,-0.52%,30462,31477
S6U13,2013-06-26,1.0669,1.0679,1.0597,1.0611,-0.0062,-0.58%,24822,31428
S6U13,2013-06-27,1.0614,1.0638,1.0547,1.0592,-0.0019,-0.18%,28808,30594
S6U13,2013-06-28,1.0585,1.0632,1.0562,1.0604,0.0012,+0.11%,29003,30414
S6U13,2013-07-01,1.059,1.0604,1.0529,1.058,-0.0024,-0.23%,25300,30448
S6U13,2013-07-02,1.0587,1.0594,1.0499,1.0526,-0.0054,-0.51%,26530,31795
S6U13,2013-07-03,1.0527,1.0593,1.0508,1.0572,0.0046,+0.44%,25131,31272
S6U13,2013-07-05,1.0552,1.0578,1.0356,1.0381,-0.0191,-1.81%,53529,33137
S6U13,2013-07-08,1.0361,1.0395,1.0351,1.0385,0.0004,+0.04%,23502,35047
S6U13,2013-07-09,1.0384,1.0385,1.0259,1.0288,-0.0097,-0.93%,41639,39437
S6U13,2013-07-10,1.0283,1.0446,1.0267,1.0362,0.0074,+0.72%,42538,46448
S6U13,2013-07-11,1.0489,1.0642,1.0476,1.0573,0.0211,+2.04%,49361,44867
S6U13,2013-07-12,1.0565,1.06,1.0517,1.0569,-0.0004,-0.04%,30551,41578
S6U13,2013-07-15,1.0571,1.058,1.0494,1.0554,-0.0015,-0.14%,22688,41378
S6U13,2013-07-16,1.0547,1.0669,1.0533,1.0644,0.009,+0.85%,28481,40258
S6U13,2013-07-17,1.0648,1.0693,1.0591,1.0629,-0.0015,-0.14%,38549,38624
S6U13,2013-07-18,1.0632,1.0636,1.0555,1.0585,-0.0044,-0.41%,24240,38168
S6U13,2013-07-19,1.0593,1.0647,1.0574,1.0628,0.0043,+0.41%,20545,37725
S6U13,2013-07-22,1.0628,1.0733,1.0628,1.0685,0.0057,+0.54%,23483,36668
S6U13,2013-07-23,1.0687,1.0709,1.0635,1.0707,0.0022,+0.21%,20468,34906
S6U13,2013-07-24,1.0703,1.0711,1.0656,1.0668,-0.0039,-0.36%,26059,34177
S6U13,2013-07-25,1.0674,1.0777,1.0647,1.0737,0.0069,+0.65%,31775,36322
S6U13,2013-07-26,1.0758,1.08,1.0737,1.0773,0.0036,+0.34%,24778,35052
S6U13,2013-07-29,1.0773,1.0792,1.0731,1.0754,-0.0019,-0.18%,19333,34006
S6U13,2013-07-30,1.0747,1.0789,1.0728,1.0766,0.0012,+0.11%,23341,34099
S6U13,2013-07-31,1.0758,1.084,1.0714,1.0832,0.0066,+0.61%,43269,36157
S6U13,2013-08-01,1.0801,1.0832,1.0673,1.0681,-0.0151,-1.39%,37641,35455
S6U13,2013-08-02,1.0678,1.0786,1.0653,1.0772,0.0091,+0.85%,36675,37355
S6U13,2013-08-05,1.0768,1.0794,1.0717,1.0777,0.0005,+0.05%,28413,35091
S6U13,2013-08-06,1.0782,1.0828,1.0761,1.0803,0.0026,+0.24%,26720,34942
S6U13,2013-08-07,1.0802,1.0864,1.0769,1.0853,0.005,+0.46%,28624,35824
S6U13,2013-08-08,1.0852,1.0904,1.0838,1.088,0.0027,+0.25%,29543,38050
S6U13,2013-08-09,1.0875,1.0884,1.0838,1.0844,-0.0036,-0.33%,21874,37821
S6U13,2013-08-12,1.0847,1.0851,1.0773,1.0815,-0.0029,-0.27%,20949,37877
S6U13,2013-08-13,1.0804,1.0815,1.0698,1.0719,-0.0096,-0.89%,39176,37584
S6U13,2013-08-14,1.0719,1.0728,1.0666,1.07,-0.0019,-0.18%,29107,37519
S6U13,2013-08-15,1.07,1.0817,1.0644,1.0806,0.0106,+0.99%,53218,38551
S6U13,2013-08-16,1.0801,1.0853,1.0769,1.08,-0.0006,-0.06%,32369,38774
S6U13,2013-08-19,1.0795,1.0839,1.0773,1.0833,0.0033,+0.31%,19288,38991
S6U13,2013-08-20,1.0825,1.0936,1.0812,1.0907,0.0074,+0.68%,43416,41138
S6U13,2013-08-21,1.0902,1.0915,1.0829,1.0856,-0.0051,-0.47%,32843,41240
S6U13,2013-08-22,1.0846,1.0856,1.0766,1.0826,-0.003,-0.28%,28194,40220
S6U13,2013-08-23,1.0831,1.0884,1.0797,1.085,0.0024,+0.22%,28395,40403
S6U13,2013-08-26,1.0862,1.0863,1.0816,1.0834,-0.0016,-0.15%,15542,40066
S6U13,2013-08-27,1.0837,1.0906,1.0834,1.0891,0.0057,+0.53%,34712,41682
S6U13,2013-08-28,1.0899,1.0906,1.0829,1.0852,-0.0039,-0.36%,28542,40529
S6U13,2013-08-29,1.0849,1.0852,1.0727,1.0744,-0.0108,-1.00%,34293,40263
S6U13,2013-08-30,1.0743,1.0766,1.0717,1.0742,-0.0002,-0.02%,27766,40509
S6U13,2013-09-03,1.0737,1.0741,1.0659,1.068,-0.0062,-0.58%,40685,40091
S6U13,2013-09-04,1.0677,1.0698,1.0658,1.0683,0.0003,+0.03%,23706,39663
S6U13,2013-09-05,1.0687,1.0691,1.0577,1.0584,-0.0099,-0.93%,50355,41222
S6U13,2013-09-06,1.0581,1.07,1.0576,1.0664,0.008,+0.76%,56089,40702
S6U13,2013-09-09,1.0659,1.0752,1.0648,1.073,0.0066,+0.62%,33431,38612
S6U13,2013-09-10,1.0725,1.0734,1.0677,1.0698,-0.0032,-0.30%,37201,38760
S6U13,2013-09-11,1.0697,1.0771,1.0672,1.0751,0.0053,+0.50%,54399,46608
S6U13,2013-09-12,1.0745,1.0785,1.0711,1.075,-0.0001,-0.01%,46978,46001
S6Z13,2013-09-13,1.0755,1.0783,1.0711,1.077,0.002,+0.19%,38720,46239
S6Z13,2013-09-16,1.0823,1.0834,1.077,1.0787,0.0017,+0.16%,24644,29478
S6Z13,2013-09-17,1.0789,1.0819,1.0784,1.0808,0.0021,+0.19%,17889,29094
S6Z13,2013-09-18,1.0807,1.0987,1.0797,1.0956,0.0148,+1.37%,48360,31803
S6Z13,2013-09-19,1.0959,1.1009,1.0951,1.0989,0.0033,+0.30%,42737,36321
S6Z13,2013-09-20,1.0989,1.1009,1.0964,1.0993,0.0004,+0.04%,30967,37426
S6Z13,2013-09-23,1.0993,1.1015,1.0961,1.0986,-0.0007,-0.06%,25864,38101
S6Z13,2013-09-24,1.0984,1.0997,1.0957,1.0967,-0.0019,-0.17%,19028,39512
S6Z13,2013-09-25,1.096,1.1024,1.0951,1.1004,0.0037,+0.34%,23882,41298
S6Z13,2013-09-26,1.1003,1.1011,1.0974,1.0993,-0.0011,-0.10%,21256,40079
S6Z13,2013-09-27,1.0994,1.1093,1.0983,1.1047,0.0054,+0.49%,27998,42894
S6Z13,2013-09-30,1.1042,1.1087,1.1033,1.1069,0.0022,+0.20%,23606,42052
S6Z13,2013-10-01,1.1058,1.1128,1.1026,1.1047,-0.0022,-0.20%,38257,45298
S6Z13,2013-10-02,1.1047,1.1127,1.1023,1.1085,0.0038,+0.34%,32200,47947
S6Z13,2013-10-03,1.1088,1.1158,1.1075,1.1123,0.0038,+0.34%,31465,48225
S6Z13,2013-10-04,1.1128,1.1144,1.1018,1.1031,-0.0092,-0.83%,28250,47449
S6Z13,2013-10-07,1.1034,1.1098,1.1033,1.1071,0.004,+0.36%,22310,49105
S6Z13,2013-10-08,1.1076,1.109,1.1038,1.1063,-0.0008,-0.07%,26214,51017
S6Z13,2013-10-09,1.107,1.11,1.0963,1.0992,-0.0071,-0.64%,43101,49062
S6Z13,2013-10-10,1.0995,1.102,1.0959,1.0989,-0.0003,-0.03%,24422,51584
S6Z13,2013-10-11,1.0979,1.1032,1.0954,1.0979,-0.001,-0.09%,28412,51870
S6Z13,2013-10-14,1.0996,1.1039,1.0968,1.1017,0.0038,+0.35%,21990,53050
S6Z13,2013-10-15,1.0991,1.1017,1.09,1.0958,-0.0059,-0.54%,42715,50287
S6Z13,2013-10-16,1.0962,1.0997,1.0904,1.0952,-0.0006,-0.05%,38883,51771
S6Z13,2013-10-17,1.0952,1.1106,1.0938,1.1092,0.014,+1.28%,41133,52516
S6Z13,2013-10-18,1.1084,1.1109,1.107,1.1087,-0.0005,-0.05%,25669,50817
S6Z13,2013-10-21,1.1096,1.1109,1.1061,1.109,0.0003,+0.03%,18032,50589
S6Z13,2013-10-22,1.1087,1.1191,1.1068,1.1182,0.0092,+0.83%,34717,52402
S6Z13,2013-10-23,1.1179,1.1226,1.1158,1.1216,0.0034,+0.30%,28856,52021
S6Z13,2013-10-24,1.1215,1.1253,1.1205,1.1215,-0.0001,-0.01%,26873,52796
S6Z13,2013-10-25,1.121,1.125,1.1159,1.1207,-0.0008,-0.07%,27409,53358
S6Z13,2013-10-28,1.1208,1.1212,1.1162,1.1186,-0.0021,-0.19%,19348,54964
S6Z13,2013-10-29,1.117,1.1186,1.1112,1.1132,-0.0054,-0.48%,33948,54705
S6Z13,2013-10-30,1.1132,1.1176,1.1084,1.1116,-0.0016,-0.14%,32608,55725
S6Z13,2013-10-31,1.1121,1.1127,1.1021,1.1047,-0.0069,-0.62%,44175,53250
S6Z13,2013-11-01,1.1033,1.1047,1.0946,1.0961,-0.0086,-0.78%,34195,53341
S6Z13,2013-11-04,1.0962,1.1004,1.0929,1.0998,0.0037,+0.34%,24121,53503
S6Z13,2013-11-05,1.0992,1.0998,1.0934,1.0958,-0.004,-0.36%,30576,52752
S6Z13,2013-11-06,1.0951,1.0995,1.0945,1.0969,0.0011,+0.10%,22854,52798
S6Z13,2013-11-07,1.0967,1.0982,1.0804,1.092,-0.0049,-0.45%,62617,53954
S6Z13,2013-11-08,1.0917,1.0936,1.0817,1.0842,-0.0078,-0.71%,50140,45980
S6Z13,2013-11-11,1.0844,1.0885,1.0834,1.0871,0.0029,+0.27%,21614,44893
S6Z13,2013-11-12,1.0875,1.0926,1.0841,1.0893,0.0022,+0.20%,30354,44399
S6Z13,2013-11-13,1.09,1.0964,1.0871,1.0931,0.0038,+0.35%,27994,44053
S6Z13,2013-11-14,1.0941,1.0953,1.0886,1.0914,-0.0017,-0.16%,30076,42972
S6Z13,2013-11-15,1.0914,1.0957,1.0882,1.0929,0.0015,+0.14%,23304,41853
S6Z13,2013-11-18,1.093,1.0997,1.0917,1.0948,0.0019,+0.17%,25012,42045
S6Z13,2013-11-19,1.0954,1.0988,1.0937,1.0974,0.0026,+0.24%,26910,41770
S6Z13,2013-11-20,1.0981,1.1015,1.0879,1.0894,-0.008,-0.73%,42134,42426
S6Z13,2013-11-21,1.0913,1.0958,1.0885,1.093,0.0036,+0.33%,33468,41809
S6Z13,2013-11-22,1.0947,1.1035,1.093,1.1025,0.0095,+0.87%,32618,42288
S6Z13,2013-11-25,1.1031,1.1037,1.0952,1.0967,-0.0058,-0.53%,27592,42591
S6Z13,2013-11-26,1.0972,1.1038,1.0967,1.1036,0.0069,+0.63%,25145,42421
S6Z13,2013-11-27,1.1029,1.1063,1.0999,1.1015,-0.0021,-0.19%,25593,42311
S6Z13,2013-11-29,1.1022,1.1077,1.1006,1.1028,0.0013,+0.12%,36238,44646
S6Z13,2013-12-02,1.104,1.1059,1.0976,1.1007,-0.0021,-0.19%,37307,45931
S6Z13,2013-12-03,1.1002,1.1087,1.0989,1.1055,0.0048,+0.44%,32135,45862
S6Z13,2013-12-04,1.1058,1.1097,1.1018,1.1079,0.0024,+0.22%,49252,45347
S6Z13,2013-12-05,1.1083,1.1166,1.1051,1.1163,0.0084,+0.76%,50381,47201
S6Z13,2013-12-06,1.1158,1.1221,1.1131,1.1206,0.0043,+0.39%,54438,57496
S6Z13,2013-12-09,1.1213,1.1254,1.1193,1.1232,0.0026,+0.23%,31554,59840
S6Z13,2013-12-10,1.1231,1.13,1.1226,1.1272,0.004,+0.36%,51452,64506
S6Z13,2013-12-11,1.1267,1.1313,1.1253,1.1278,0.0006,+0.05%,58916,66971
S6H14,2013-12-12,1.1294,1.1314,1.1235,1.1253,-0.0025,-0.22%,63428,71729
S6H14,2013-12-13,1.1252,1.1269,1.1224,1.1246,-0.0007,-0.06%,37895,72317
S6H14,2013-12-16,1.1249,1.1315,1.1242,1.1282,0.0036,+0.32%,22972,46242
S6H14,2013-12-17,1.1281,1.1333,1.1253,1.1309,0.0027,+0.24%,22854,47367
S6H14,2013-12-18,1.1311,1.1331,1.1181,1.1273,-0.0036,-0.32%,42132,48498
S6H14,2013-12-19,1.1181,1.1273,1.1135,1.1138,-0.0135,-1.20%,32200,49583
S6H14,2013-12-20,1.1144,1.1204,1.1118,1.1171,0.0033,+0.30%,24041,49898
S6H14,2013-12-23,1.117,1.1215,1.116,1.119,0.0019,+0.17%,16212,50152
S6H14,2013-12-24,1.1196,1.1199,1.1152,1.1169,-0.0021,-0.19%,7564,51131
S6H14,2013-12-26,1.1169,1.1181,1.1158,1.1164,-0.0005,-0.04%,4059,51101
S6H14,2013-12-27,1.1162,1.1373,1.116,1.1211,0.0047,+0.42%,31239,52534
S6H14,2013-12-30,1.1229,1.1294,1.1202,1.1277,0.0066,+0.59%,17860,51942
S6H14,2013-12-31,1.1266,1.1285,1.1199,1.1257,-0.002,-0.18%,17194,51139
S6H14,2014-01-02,1.1155,1.1257,1.1081,1.1107,-0.015,-1.33%,41628,48388
S6H14,2014-01-03,1.1122,1.113,1.1043,1.106,-0.0047,-0.42%,27463,46614
S6H14,2014-01-06,1.1056,1.1092,1.103,1.1067,0.0007,+0.06%,36215,43436
S6H14,2014-01-07,1.107,1.1071,1.0995,1.1012,-0.0055,-0.50%,27920,42087
S6H14,2014-01-08,1.1004,1.1022,1.096,1.0987,-0.0025,-0.23%,35052,41796
S6H14,2014-01-09,1.0977,1.104,1.0964,1.1013,0.0026,+0.24%,36894,41960
S6H14,2014-01-10,1.1025,1.111,1.1002,1.1076,0.0063,+0.57%,38099,42370
S6H14,2014-01-13,1.109,1.1133,1.1057,1.1125,0.0049,+0.44%,26821,41672
S6H14,2014-01-14,1.1124,1.1133,1.1076,1.1082,-0.0043,-0.39%,27034,42791
S6H14,2014-01-15,1.1082,1.1082,1.0984,1.1008,-0.0074,-0.67%,30036,42499
S6H14,2014-01-16,1.1008,1.1077,1.099,1.1058,0.005,+0.45%,30738,41491
S6H14,2014-01-17,1.1057,1.1062,1.0967,1.0979,-0.0079,-0.71%,25659,42269
S6H14,2014-01-21,1.098,1.1012,1.0926,1.0991,0.0012,+0.11%,41013,42110
S6H14,2014-01-22,1.0989,1.1008,1.0966,1.0975,-0.0016,-0.15%,20764,43332
S6H14,2014-01-23,1.0975,1.1161,1.0952,1.1148,0.0173,+1.58%,56080,40676
S6H14,2014-01-24,1.1147,1.1237,1.1126,1.1177,0.0029,+0.26%,45848,41310
S6H14,2014-01-27,1.1185,1.12,1.1135,1.115,-0.0027,-0.24%,30264,41072
S6H14,2014-01-28,1.1161,1.1173,1.1103,1.1144,-0.0006,-0.05%,28464,40810
S6H14,2014-01-29,1.1117,1.1196,1.1103,1.1185,0.0041,+0.37%,38726,42015
S6H14,2014-01-30,1.1182,1.1186,1.1056,1.1075,-0.011,-0.98%,34311,39900
S6H14,2014-01-31,1.1083,1.1105,1.1016,1.1024,-0.0051,-0.46%,35119,40168
S6H14,2014-02-03,1.1033,1.111,1.1014,1.1105,0.0081,+0.73%,32482,41651
S6H14,2014-02-04,1.1101,1.1105,1.1038,1.1061,-0.0044,-0.40%,23924,41918
S6H14,2014-02-05,1.1066,1.1109,1.1044,1.1074,0.0013,+0.12%,29081,41586
S6H14,2014-02-06,1.107,1.1155,1.1035,1.1105,0.0031,+0.28%,35100,41244
S6H14,2014-02-07,1.1104,1.1176,1.1087,1.1144,0.0039,+0.35%,26373,40800
S6H14,2014-02-10,1.1134,1.1164,1.1122,1.1152,0.0008,+0.07%,15083,40909
S6H14,2014-02-11,1.1154,1.119,1.1129,1.1137,-0.0015,-0.13%,29827,42433
S6H14,2014-02-12,1.1135,1.1154,1.1067,1.1109,-0.0028,-0.25%,34865,44964
S6H14,2014-02-13,1.1108,1.1215,1.1101,1.1185,0.0076,+0.68%,36389,45312
S6H14,2014-02-14,1.1195,1.1235,1.1185,1.1218,0.0033,+0.30%,22793,46346
S6H14,2014-02-18,1.1216,1.1278,1.1201,1.1259,0.0041,+0.37%,38296,51003
S6H14,2014-02-19,1.1266,1.1294,1.1244,1.1263,0.0004,+0.04%,25481,50695
S6H14,2014-02-20,1.1255,1.129,1.1219,1.1247,-0.0016,-0.14%,23942,52555
S6H14,2014-02-21,1.1243,1.1279,1.1224,1.1276,0.0029,+0.26%,21141,53739
S6H14,2014-02-24,1.1272,1.1301,1.1223,1.1251,-0.0025,-0.22%,23690,53800
S6H14,2014-02-25,1.1249,1.1296,1.1248,1.1275,0.0024,+0.21%,22327,55157
S6H14,2014-02-26,1.1276,1.1279,1.1199,1.1224,-0.0051,-0.45%,24721,53592
S6H14,2014-02-27,1.1226,1.1274,1.1213,1.1259,0.0035,+0.31%,33301,56173
S6H14,2014-02-28,1.1256,1.1398,1.1251,1.139,0.0131,+1.16%,53192,60434
S6H14,2014-03-03,1.1383,1.139,1.1319,1.1323,-0.0067,-0.59%,39462,63168
S6H14,2014-03-04,1.1321,1.1333,1.1262,1.1271,-0.0052,-0.46%,35136,60532
S6H14,2014-03-05,1.1269,1.1287,1.1243,1.1266,-0.0005,-0.04%,27256,60258
S6H14,2014-03-06,1.1275,1.1371,1.1248,1.1359,0.0093,+0.83%,56139,61535
S6H14,2014-03-07,1.1362,1.1421,1.1344,1.1399,0.004,+0.35%,51272,61463
S6H14,2014-03-10,1.139,1.1414,1.1373,1.1386,-0.0013,-0.11%,34510,62089
S6H14,2014-03-11,1.1396,1.1409,1.1358,1.1398,0.0012,+0.11%,53388,66889
S6H14,2014-03-12,1.1391,1.1449,1.1379,1.1439,0.0041,+0.36%,63545,68778
S6H14,2014-03-13,1.1442,1.1495,1.1409,1.1424,-0.0015,-0.13%,78300,77515
S6M14,2014-03-14,1.1443,1.1498,1.1421,1.1468,0.0044,+0.39%,46548,77431
S6M14,2014-03-17,1.1468,1.1483,1.1429,1.146,-0.0008,-0.07%,21711,48945
S6M14,2014-03-18,1.146,1.1471,1.1411,1.1454,-0.0006,-0.05%,22029,49391
S6M14,2014-03-19,1.1458,1.1465,1.1333,1.1345,-0.0109,-0.95%,33812,49192
S6M14,2014-03-20,1.1346,1.1371,1.1282,1.1324,-0.0021,-0.19%,41981,48325
S6M14,2014-03-21,1.1324,1.1352,1.1316,1.1338,0.0014,+0.12%,21766,47822
S6M14,2014-03-24,1.1347,1.1388,1.1286,1.1359,0.0021,+0.19%,35618,48507
S6M14,2014-03-25,1.1359,1.1369,1.1269,1.1336,-0.0023,-0.20%,38974,47353
S6M14,2014-03-26,1.1333,1.1337,1.1281,1.1311,-0.0025,-0.22%,25876,47997
S6M14,2014-03-27,1.1306,1.1318,1.1276,1.1291,-0.002,-0.18%,25592,48305
S6M14,2014-03-28,1.1283,1.1308,1.1244,1.1283,-0.0008,-0.07%,25344,47290
S6M14,2014-03-31,1.1282,1.1339,1.1253,1.1318,0.0035,+0.31%,34634,47562
S6M14,2014-04-01,1.1315,1.1351,1.1306,1.1325,0.0007,+0.06%,20558,47228
S6M14,2014-04-02,1.1325,1.1345,1.1273,1.1284,-0.0041,-0.36%,22378,46421
S6M14,2014-04-03,1.1285,1.1315,1.1207,1.1225,-0.0059,-0.52%,50187,46491
S6M14,2014-04-04,1.1226,1.1236,1.1179,1.1218,-0.0007,-0.06%,42797,46576
S6M14,2014-04-07,1.1216,1.1276,1.1212,1.1271,0.0053,+0.47%,22342,46039
S6M14,2014-04-08,1.127,1.1337,1.1267,1.1328,0.0057,+0.51%,29312,44752
S6M14,2014-04-09,1.1323,1.1384,1.1311,1.1376,0.0048,+0.42%,26871,45552
S6M14,2014-04-10,1.1372,1.1434,1.1363,1.1419,0.0043,+0.38%,24424,46021
S6M14,2014-04-11,1.1417,1.1443,1.1406,1.1431,0.0012,+0.11%,26270,47219
S6M14,2014-04-14,1.141,1.1431,1.1362,1.1373,-0.0058,-0.51%,22449,49348
S6M14,2014-04-15,1.1369,1.139,1.1345,1.1364,-0.0009,-0.08%,21957,48976
S6M14,2014-04-16,1.1364,1.1394,1.1326,1.1351,-0.0013,-0.11%,21757,47972
S6M14,2014-04-17,1.1345,1.1397,1.1321,1.134,-0.0011,-0.10%,20303,47979
S6M14,2014-04-21,1.133,1.1343,1.1301,1.1308,-0.0032,-0.28%,8471,47563
S6M14,2014-04-22,1.1304,1.1326,1.1289,1.1303,-0.0005,-0.04%,19092,46888
S6M14,2014-04-23,1.1303,1.1359,1.1299,1.1327,0.0024,+0.21%,22887,47864
S6M14,2014-04-24,1.1325,1.1351,1.1295,1.1341,0.0014,+0.12%,24622,47083
S6M14,2014-04-25,1.1345,1.1366,1.1341,1.1356,0.0015,+0.13%,14107,46977
S6M14,2014-04-28,1.136,1.1406,1.1333,1.137,0.0014,+0.12%,30902,47690
S6M14,2014-04-29,1.1365,1.1386,1.1308,1.1321,-0.0049,-0.43%,26855,47424
S6M14,2014-04-30,1.1319,1.1385,1.13,1.1369,0.0048,+0.42%,37232,46647
S6M14,2014-05-01,1.1369,1.139,1.1362,1.1377,0.0008,+0.07%,13080,47547
S6M14,2014-05-02,1.1378,1.1402,1.1314,1.1393,0.0016,+0.14%,38723,47798
S6M14,2014-05-05,1.1397,1.1412,1.1392,1.1399,0.0006,+0.05%,18076,50059
S6M14,2014-05-06,1.1398,1.1471,1.1393,1.1449,0.005,+0.44%,33311,55538
S6M14,2014-05-07,1.1442,1.1453,1.1414,1.142,-0.0029,-0.25%,32115,55187
S6M14,2014-05-08,1.1417,1.1493,1.136,1.1376,-0.0044,-0.39%,50756,54868
S6M14,2014-05-09,1.1365,1.1376,1.1272,1.1274,-0.0102,-0.90%,38603,53622
S6M14,2014-05-12,1.1279,1.1291,1.1261,1.1262,-0.0012,-0.11%,27715,47334
S6M14,2014-05-13,1.1268,1.1282,1.1227,1.1234,-0.0028,-0.25%,28313,45282
S6M14,2014-05-14,1.1239,1.126,1.1233,1.1239,0.0005,+0.04%,19037,46112
S6M14,2014-05-15,1.124,1.126,1.1163,1.1237,-0.0002,-0.02%,49779,46998
S6M14,2014-05-16,1.1226,1.124,1.1203,1.1216,-0.0021,-0.19%,19930,47622
S6M14,2014-05-19,1.1211,1.1232,1.1207,1.1216,0,0.00%,18896,47315
S6M14,2014-05-20,1.121,1.122,1.1188,1.1209,-0.0007,-0.06%,20906,48803
S6M14,2014-05-21,1.1212,1.1242,1.1155,1.119,-0.0019,-0.17%,31824,49824
S6M14,2014-05-22,1.1197,1.1207,1.1172,1.1177,-0.0013,-0.12%,19936,49887
S6M14,2014-05-23,1.1185,1.1186,1.1147,1.1162,-0.0015,-0.13%,18009,50780
S6M14,2014-05-27,1.1162,1.119,1.1135,1.1152,-0.001,-0.09%,35846,48284
S6M14,2014-05-28,1.1153,1.1158,1.1124,1.1134,-0.0018,-0.16%,23273,48701
S6M14,2014-05-29,1.1135,1.1168,1.1133,1.1141,0.0007,+0.06%,27383,49848
S6M14,2014-05-30,1.1139,1.1196,1.1133,1.1174,0.0033,+0.30%,41773,49391
S6M14,2014-06-02,1.117,1.1174,1.1118,1.1127,-0.0047,-0.42%,32351,50708
S6M14,2014-06-03,1.1128,1.1174,1.1116,1.1152,0.0025,+0.22%,28268,48936
S6M14,2014-06-04,1.1155,1.1175,1.1134,1.1147,-0.0005,-0.04%,26984,49709
S6M14,2014-06-05,1.1147,1.1226,1.1065,1.1216,0.0069,+0.62%,84431,50455
S6M14,2014-06-06,1.1218,1.1224,1.1172,1.1196,-0.002,-0.18%,48752,50551
S6M14,2014-06-09,1.1197,1.1212,1.1136,1.1143,-0.0053,-0.47%,32883,52365
S6M14,2014-06-10,1.1148,1.1155,1.1102,1.1121,-0.0022,-0.20%,57991,52445
S6M14,2014-06-11,1.1121,1.1136,1.1096,1.1111,-0.001,-0.09%,45298,54528
S6M14,2014-06-12,1.1112,1.1148,1.1097,1.1139,0.0028,+0.25%,51520,56329
S6U14,2014-06-13,1.114,1.117,1.1105,1.1113,-0.0026,-0.23%,41378,57663
S6U14,2014-06-16,1.1118,1.1163,1.1104,1.1149,0.0036,+0.32%,28540,31906
S6U14,2014-06-17,1.1155,1.1164,1.1113,1.1123,-0.0026,-0.23%,21736,32259
S6U14,2014-06-18,1.1127,1.1176,1.1121,1.1136,0.0013,+0.12%,37036,31773
S6U14,2014-06-19,1.1165,1.123,1.1136,1.1189,0.0053,+0.48%,49946,33141
S6U14,2014-06-20,1.119,1.1213,1.115,1.1171,-0.0018,-0.16%,25468,32712
S6U14,2014-06-23,1.1174,1.1193,1.1158,1.1192,0.0021,+0.19%,19214,32865
S6U14,2014-06-24,1.1191,1.1212,1.117,1.1191,-0.0001,-0.01%,30055,33599
S6U14,2014-06-25,1.1194,1.1229,1.1187,1.1207,0.0016,+0.14%,30474,34507
S6U14,2014-06-26,1.1209,1.1216,1.1172,1.1195,-0.0012,-0.11%,31544,33726
S6U14,2014-06-27,1.1198,1.1236,1.1195,1.1229,0.0034,+0.30%,28233,33986
S6U14,2014-06-30,1.1232,1.1292,1.1224,1.1287,0.0058,+0.52%,39070,35566
S6U14,2014-07-01,1.1285,1.1298,1.127,1.1276,-0.0011,-0.10%,28775,35221
S6U14,2014-07-02,1.1275,1.1277,1.1244,1.1253,-0.0023,-0.20%,28352,35994
S6U14,2014-07-03,1.1255,1.126,1.1155,1.1193,-0.006,-0.53%,36453,34835
S6U14,2014-07-07,1.1188,1.1205,1.1169,1.1202,0.0009,+0.08%,30267,36052
S6U14,2014-07-08,1.12,1.1215,1.1185,1.1205,0.0003,+0.03%,24624,35053
S6U14,2014-07-09,1.1204,1.1235,1.1194,1.1233,0.0028,+0.25%,30268,34858
S6U14,2014-07-10,1.1228,1.1238,1.1199,1.1209,-0.0024,-0.21%,25293,34438
S6U14,2014-07-11,1.1211,1.1226,1.12,1.1215,0.0006,+0.05%,20727,34910
S6U14,2014-07-14,1.1213,1.1245,1.1201,1.1217,0.0002,+0.02%,30869,34976
S6U14,2014-07-15,1.122,1.1227,1.1162,1.1168,-0.0049,-0.44%,46568,35007
S6U14,2014-07-16,1.1167,1.1171,1.1129,1.1133,-0.0035,-0.31%,31670,35133
S6U14,2014-07-17,1.1136,1.1154,1.1132,1.1145,0.0012,+0.11%,32000,37288
S6U14,2014-07-18,1.1146,1.1153,1.1111,1.1141,-0.0004,-0.04%,36478,37085
S6U14,2014-07-21,1.1141,1.1151,1.1128,1.114,-0.0001,-0.01%,22064,36711
S6U14,2014-07-22,1.1139,1.1142,1.1081,1.1086,-0.0054,-0.48%,45874,38359
S6U14,2014-07-23,1.1085,1.1095,1.1076,1.1083,-0.0003,-0.03%,29617,39245
S6U14,2014-07-24,1.1084,1.1104,1.1068,1.1082,-0.0001,-0.01%,33011,39886
S6U14,2014-07-25,1.1082,1.1092,1.1051,1.1057,-0.0025,-0.23%,33765,40951
S6U14,2014-07-28,1.1057,1.1071,1.1051,1.1061,0.0004,+0.04%,22423,42774
S6U14,2014-07-29,1.1064,1.107,1.1024,1.103,-0.0031,-0.28%,36672,44022
S6U14,2014-07-30,1.1029,1.1034,1.0981,1.1004,-0.0026,-0.24%,49064,49251
S6U14,2014-07-31,1.1006,1.1021,1.0987,1.1007,0.0003,+0.03%,46580,49953
S6U14,2014-08-01,1.1006,1.1064,1.0996,1.1043,0.0036,+0.33%,52241,50761
S6U14,2014-08-04,1.1044,1.1046,1.1025,1.1031,-0.0012,-0.11%,30012,54130
S6U14,2014-08-05,1.103,1.1035,1.0978,1.0998,-0.0033,-0.30%,36842,57238
S6U14,2014-08-06,1.0998,1.1027,1.0974,1.1017,0.0019,+0.17%,39948,54062
S6U14,2014-08-07,1.1021,1.1032,1.0985,1.1005,-0.0012,-0.11%,33601,55538
S6U14,2014-08-08,1.1003,1.1074,1.0993,1.1048,0.0043,+0.39%,45264,52118
S6U14,2014-08-11,1.1046,1.1048,1.103,1.1033,-0.0015,-0.14%,20754,51798
S6U14,2014-08-12,1.1031,1.1034,1.0987,1.102,-0.0013,-0.12%,28628,51981
S6U14,2014-08-13,1.102,1.1062,1.0993,1.1025,0.0005,+0.05%,35465,51285
S6U14,2014-08-14,1.1022,1.107,1.1009,1.1036,0.0011,+0.10%,32295,51275
S6U14,2014-08-15,1.1032,1.1084,1.1027,1.108,0.0044,+0.40%,38988,52697
S6U14,2014-08-18,1.1072,1.1081,1.1028,1.1034,-0.0046,-0.42%,23991,50946
S6U14,2014-08-19,1.1032,1.104,1.0997,1.1002,-0.0032,-0.29%,24963,50414
S6U14,2014-08-20,1.0998,1.1003,1.0945,1.0954,-0.0048,-0.44%,35705,50762
S6U14,2014-08-21,1.0947,1.0977,1.0936,1.0974,0.002,+0.18%,28180,51364
S6U14,2014-08-22,1.0973,1.0987,1.0926,1.0943,-0.0031,-0.28%,41928,51065
S6U14,2014-08-25,1.0917,1.0943,1.0904,1.0927,-0.0016,-0.15%,25875,49601
S6U14,2014-08-26,1.0922,1.0945,1.0894,1.0903,-0.0024,-0.22%,43829,53761
S6U14,2014-08-27,1.09,1.0945,1.0889,1.0934,0.0031,+0.28%,47761,54074
S6U14,2014-08-28,1.0931,1.0958,1.0917,1.0931,-0.0003,-0.03%,46093,56364
S6U14,2014-08-29,1.0927,1.0943,1.0888,1.0889,-0.0042,-0.38%,46126,57516
S6U14,2014-09-02,1.0886,1.0898,1.0857,1.0877,-0.0012,-0.11%,56916,60436
S6U14,2014-09-03,1.0878,1.0899,1.087,1.0895,0.0018,+0.17%,49611,61002
S6U14,2014-09-04,1.0896,1.0899,1.072,1.0723,-0.0172,-1.58%,79934,60870
S6U14,2014-09-05,1.0723,1.077,1.0712,1.0743,0.002,+0.19%,59556,61189
S6U14,2014-09-08,1.0742,1.0745,1.0686,1.0701,-0.0042,-0.39%,58431,66113
S6U14,2014-09-09,1.0693,1.0735,1.0662,1.0707,0.0006,+0.06%,76420,77317
S6U14,2014-09-10,1.0719,1.0731,1.0643,1.0669,-0.0038,-0.35%,139682,82055
S6U14,2014-09-11,1.0675,1.071,1.0665,1.0687,0.0018,+0.17%,68647,86062
S6Z14,2014-09-12,1.0691,1.074,1.0684,1.0717,0.003,+0.28%,68118,90314
S6Z14,2014-09-15,1.0725,1.0728,1.0679,1.0699,-0.0018,-0.17%,31687,56782
S6Z14,2014-09-16,1.0699,1.0761,1.069,1.0731,0.0032,+0.30%,33540,54929
S6Z14,2014-09-17,1.0729,1.0735,1.0622,1.0672,-0.0059,-0.55%,59611,55258
S6Z14,2014-09-18,1.0624,1.0723,1.061,1.071,0.0038,+0.36%,51906,52649
S6Z14,2014-09-19,1.0711,1.0721,1.0634,1.064,-0.007,-0.65%,31495,53654
S6Z14,2014-09-22,1.0631,1.0671,1.0622,1.0636,-0.0004,-0.04%,33279,50982
S6Z14,2014-09-23,1.0642,1.0699,1.0642,1.0656,0.002,+0.19%,29759,52126
S6Z14,2014-09-24,1.0646,1.0658,1.0579,1.0587,-0.0069,-0.65%,32593,52625
S6Z14,2014-09-25,1.0582,1.0586,1.0516,1.0569,-0.0018,-0.17%,40775,53847
S6Z14,2014-09-26,1.0567,1.0577,1.0511,1.0519,-0.005,-0.47%,30906,54968
S6Z14,2014-09-29,1.0513,1.0546,1.0499,1.0524,0.0005,+0.05%,33747,55372
S6Z14,2014-09-30,1.0518,1.0533,1.0426,1.0479,-0.0045,-0.43%,54215,57223
S6Z14,2014-10-01,1.0476,1.0483,1.0428,1.0456,-0.0023,-0.22%,40770,57298
S6Z14,2014-10-02,1.046,1.0514,1.0444,1.0492,0.0036,+0.34%,50846,57368
S6Z14,2014-10-03,1.0495,1.0495,1.0333,1.0338,-0.0154,-1.47%,50421,62830
S6Z14,2014-10-06,1.0346,1.0458,1.0335,1.0416,0.0078,+0.75%,49668,63080
S6Z14,2014-10-07,1.0443,1.047,1.0396,1.0453,0.0037,+0.36%,52106,60516
S6Z14,2014-10-08,1.0458,1.052,1.0422,1.0506,0.0053,+0.51%,47796,61051
S6Z14,2014-10-09,1.0505,1.0564,1.0465,1.0485,-0.0021,-0.20%,64065,60995
S6Z14,2014-10-10,1.0483,1.0501,1.043,1.0443,-0.0042,-0.40%,33722,61227
S6Z14,2014-10-13,1.0458,1.0564,1.0454,1.0491,0.0048,+0.46%,26810,61802
S6Z14,2014-10-14,1.0546,1.0551,1.047,1.0484,-0.0007,-0.07%,34160,60972
S6Z14,2014-10-15,1.0486,1.0688,1.0462,1.0596,0.0112,+1.07%,108204,57549
S6Z14,2014-10-16,1.0625,1.0641,1.0542,1.0606,0.001,+0.09%,72054,55714
S6Z14,2014-10-17,1.061,1.0637,1.0559,1.0581,-0.0025,-0.24%,32475,55374
S6Z14,2014-10-20,1.0569,1.0626,1.0552,1.0619,0.0038,+0.36%,25814,55957
S6Z14,2014-10-21,1.0607,1.0645,1.0537,1.0549,-0.007,-0.66%,39204,55550
S6Z14,2014-10-22,1.0538,1.056,1.0484,1.0488,-0.0061,-0.58%,36358,55509
S6Z14,2014-10-23,1.0488,1.0511,1.0464,1.0488,0,0.00%,28801,55885
S6Z14,2014-10-24,1.0482,1.0533,1.0479,1.0504,0.0016,+0.15%,24001,56019
S6Z14,2014-10-27,1.0509,1.0555,1.0506,1.0545,0.0041,+0.39%,29068,56779
S6Z14,2014-10-28,1.0533,1.0591,1.0517,1.0565,0.002,+0.19%,32847,57006
S6Z14,2014-10-29,1.0561,1.0595,1.0476,1.0489,-0.0076,-0.72%,36280,57739
S6Z14,2014-10-30,1.0481,1.0484,1.0407,1.0463,-0.0026,-0.25%,46592,57757
S6Z14,2014-10-31,1.0463,1.0467,1.0353,1.0392,-0.0071,-0.68%,64575,58138
S6Z14,2014-11-03,1.0374,1.0381,1.0321,1.0367,-0.0025,-0.24%,42204,57987
S6Z14,2014-11-04,1.036,1.0441,1.036,1.0427,0.006,+0.58%,41349,59699
S6Z14,2014-11-05,1.0423,1.0438,1.0353,1.0369,-0.0058,-0.56%,53095,61462
S6Z14,2014-11-06,1.0367,1.0416,1.0272,1.0291,-0.0078,-0.75%,65017,61047
S6Z14,2014-11-07,1.0284,1.0365,1.0268,1.0342,0.0051,+0.50%,59520,61538
S6Z14,2014-11-10,1.0363,1.0402,1.0329,1.0332,-0.001,-0.10%,34201,61369
S6Z14,2014-11-11,1.033,1.0394,1.0312,1.0363,0.0031,+0.30%,28709,61280
S6Z14,2014-11-12,1.0367,1.0396,1.0333,1.0344,-0.0019,-0.18%,42528,61492
S6Z14,2014-11-13,1.0338,1.0396,1.0338,1.0391,0.0047,+0.45%,30680,61682
S6Z14,2014-11-14,1.0378,1.0448,1.0322,1.0429,0.0038,+0.37%,60962,61310
S6Z14,2014-11-17,1.0425,1.0471,1.036,1.0368,-0.0061,-0.58%,36656,60594
S6Z14,2014-11-18,1.0366,1.0446,1.036,1.0436,0.0068,+0.66%,37278,60718
S6Z14,2014-11-19,1.0434,1.0494,1.0418,1.0444,0.0008,+0.08%,47702,60506
S6Z14,2014-11-20,1.0444,1.047,1.0412,1.0445,0.0001,+0.01%,46558,61048
S6Z14,2014-11-21,1.0435,1.0458,1.0301,1.031,-0.0135,-1.29%,59208,60826
S6Z14,2014-11-24,1.0289,1.035,1.0286,1.0343,0.0033,+0.32%,34260,61109
S6Z14,2014-11-25,1.0345,1.0382,1.0313,1.0369,0.0026,+0.25%,35224,61037
S6Z14,2014-11-26,1.037,1.0424,1.0347,1.0411,0.0042,+0.41%,35062,60859
S6Z14,2014-11-28,1.0403,1.0419,1.0342,1.035,-0.0061,-0.59%,44198,61626
S6Z14,2014-12-01,1.034,1.0406,1.0323,1.0374,0.0024,+0.23%,48489,62209
S6Z14,2014-12-02,1.0367,1.0372,1.0278,1.0282,-0.0092,-0.89%,38100,63659
S6Z14,2014-12-03,1.0289,1.0294,1.0222,1.0228,-0.0054,-0.53%,45784,65369
S6Z14,2014-12-04,1.0228,1.0365,1.0207,1.0288,0.006,+0.59%,110110,66994
S6Z14,2014-12-05,1.0295,1.0306,1.0204,1.0222,-0.0066,-0.64%,66027,65234
S6Z14,2014-12-08,1.0218,1.0269,1.0186,1.0252,0.003,+0.29%,51277,71190
S6Z14,2014-12-09,1.0244,1.036,1.0228,1.0298,0.0046,+0.45%,94503,78496
S6Z14,2014-12-10,1.0296,1.0349,1.0286,1.0339,0.0041,+0.40%,70578,82353
S6Z14,2014-12-11,1.0345,1.0388,1.0298,1.031,-0.0029,-0.28%,119571,87439
S6H15,2014-12-12,1.0336,1.0407,1.032,1.0378,0.0068,+0.66%,67472,84078
S6H15,2014-12-15,1.0394,1.0399,1.0348,1.0365,-0.0013,-0.13%,37100,51453
S6H15,2014-12-16,1.0371,1.0478,1.0366,1.0409,0.0044,+0.42%,78133,51377
S6H15,2014-12-17,1.0432,1.0434,1.0274,1.0281,-0.0128,-1.23%,70868,51471
S6H15,2014-12-18,1.0286,1.0299,1.0169,1.0218,-0.0063,-0.61%,98995,55359
S6H15,2014-12-19,1.022,1.0235,1.0171,1.0176,-0.0042,-0.41%,40675,54593
S6H15,2014-12-22,1.0175,1.0214,1.0169,1.0172,-0.0004,-0.04%,22324,55190
S6H15,2014-12-23,1.0178,1.0193,1.0131,1.0142,-0.003,-0.29%,21037,55021
S6H15,2014-12-24,1.0139,1.0179,1.0136,1.0153,0.0011,+0.11%,9276,55588
S6H15,2014-12-26,1.0176,1.0188,1.0134,1.0141,-0.0012,-0.12%,6411,55672
S6H15,2014-12-29,1.014,1.0175,1.0109,1.0122,-0.0019,-0.19%,23073,57285
S6H15,2014-12-30,1.0118,1.0147,1.0095,1.0121,-0.0001,-0.01%,19218,57951
S6H15,2014-12-31,1.0122,1.0135,1.0069,1.0074,-0.0047,-0.46%,15511,59056
S6H15,2015-01-02,1.0075,1.0077,0.997,1.0001,-0.0073,-0.72%,28924,61410
S6H15,2015-01-05,0.9952,0.9978,0.9904,0.9948,-0.0053,-0.53%,40439,63374
S6H15,2015-01-06,0.9942,0.997,0.9904,0.993,-0.0018,-0.18%,45642,64427
S6H15,2015-01-07,0.9901,0.9918,0.9839,0.9879,-0.0051,-0.51%,44056,65295
S6H15,2015-01-08,0.9865,0.9876,0.9799,0.9821,-0.0058,-0.59%,35802,65372
S6H15,2015-01-09,0.9827,0.9875,0.9805,0.9871,0.005,+0.51%,46282,66368
S6H15,2015-01-12,0.9892,0.9894,0.9825,0.9869,-0.0002,-0.02%,31310,65709
S6H15,2015-01-13,0.9859,0.9886,0.9797,0.9806,-0.0063,-0.64%,41588,66272
S6H15,2015-01-14,0.9818,0.9876,0.9777,0.9817,0.0011,+0.11%,52865,65704
S6H15,2015-01-15,0.9825,1.2282,0.9794,1.1484,0.1667,+16.98%,111646,61166
S6H15,2015-01-16,1.1775,1.1862,1.1366,1.17,0.0216,+1.88%,79424,52779
S6H15,2015-01-20,1.165,1.1738,1.1354,1.1427,-0.0273,-2.33%,49717,47236
S6H15,2015-01-21,1.1474,1.1817,1.1438,1.1681,0.0254,+2.22%,26257,45597
S6H15,2015-01-22,1.1672,1.1783,1.148,1.1519,-0.0162,-1.39%,16117,44595
S6H15,2015-01-23,1.154,1.1572,1.139,1.1439,-0.008,-0.69%,15809,42795
S6H15,2015-01-26,1.1403,1.1462,1.1087,1.114,-0.0299,-2.61%,18345,43025
S6H15,2015-01-27,1.1123,1.1212,1.0935,1.116,0.002,+0.18%,18222,42956
S6H15,2015-01-28,1.1107,1.1157,1.1023,1.1067,-0.0093,-0.83%,12422,41753
S6H15,2015-01-29,1.107,1.1077,1.083,1.0835,-0.0232,-2.10%,17632,39030
S6H15,2015-01-30,1.0855,1.0947,1.0785,1.0928,0.0093,+0.86%,19501,39211
S6H15,2015-02-02,1.0862,1.0892,1.0722,1.08,-0.0128,-1.17%,13690,39369
S6H15,2015-02-03,1.0808,1.0913,1.0782,1.0861,0.0061,+0.56%,11217,38421
S6H15,2015-02-04,1.0835,1.0883,1.0799,1.0848,-0.0013,-0.12%,11295,37223
S6H15,2015-02-05,1.0823,1.0888,1.0758,1.0858,0.001,+0.09%,10056,36986
S6H15,2015-02-06,1.0871,1.0918,1.0783,1.0806,-0.0052,-0.48%,13990,35419
S6H15,2015-02-09,1.0814,1.0898,1.0788,1.0874,0.0068,+0.63%,10774,35523
S6H15,2015-02-10,1.0831,1.0871,1.0792,1.081,-0.0064,-0.59%,10647,34459
S6H15,2015-02-11,1.0798,1.0852,1.077,1.0795,-0.0015,-0.14%,7504,34541
S6H15,2015-02-12,1.078,1.0817,1.0722,1.0751,-0.0044,-0.41%,12070,34466
S6H15,2015-02-13,1.0753,1.0804,1.0723,1.0733,-0.0018,-0.17%,6895,34373
S6H15,2015-02-17,1.074,1.0784,1.0677,1.0687,-0.0046,-0.43%,16860,34204
S6H15,2015-02-18,1.0681,1.0746,1.0591,1.0609,-0.0078,-0.73%,11244,34423
S6H15,2015-02-19,1.0623,1.0666,1.0534,1.0538,-0.0071,-0.67%,11879,34724
S6H15,2015-02-20,1.0535,1.0679,1.0497,1.062,0.0082,+0.78%,21150,35217
S6H15,2015-02-23,1.0654,1.066,1.0506,1.0529,-0.0091,-0.86%,13347,34567
S6H15,2015-02-24,1.0531,1.0567,1.0509,1.053,0.0001,+0.01%,11769,34765
S6H15,2015-02-25,1.0517,1.0571,1.0517,1.0561,0.0031,+0.29%,9098,35590
S6H15,2015-02-26,1.0543,1.0588,1.0479,1.0492,-0.0069,-0.65%,15555,36641
S6H15,2015-02-27,1.0503,1.0589,1.0477,1.0479,-0.0013,-0.12%,25734,38696
S6H15,2015-03-02,1.048,1.0496,1.0422,1.0425,-0.0054,-0.52%,16278,39851
S6H15,2015-03-03,1.0436,1.0466,1.0401,1.041,-0.0015,-0.14%,12256,40861
S6H15,2015-03-04,1.0405,1.0427,1.0324,1.0387,-0.0023,-0.22%,25735,42186
S6H15,2015-03-05,1.0381,1.0385,1.0258,1.0261,-0.0126,-1.21%,17835,43092
S6H15,2015-03-06,1.0273,1.0287,1.0138,1.0156,-0.0105,-1.02%,31398,46755
S6H15,2015-03-09,1.0131,1.018,1.0129,1.0158,0.0002,+0.02%,24949,46580
S6H15,2015-03-10,1.0142,1.0149,1.0001,1.0017,-0.0141,-1.39%,42910,52384
S6H15,2015-03-11,1.001,1.0033,0.9894,0.9897,-0.012,-1.20%,37280,58793
S6H15,2015-03-12,0.9914,1.0018,0.9873,0.9933,0.0036,+0.36%,45604,64179
S6M15,2015-03-13,1.001,1.001,0.9924,0.9959,0.0026,+0.26%,30572,64912
S6M15,2015-03-16,0.997,1.0011,0.9951,0.9955,-0.0004,-0.04%,15863,36833
S6M15,2015-03-17,0.9948,1.0024,0.9943,0.9966,0.0011,+0.11%,15688,38889
S6M15,2015-03-18,0.9974,1.0366,0.9963,1.0154,0.0188,+1.89%,30525,38417
S6M15,2015-03-19,1.0218,1.0268,1.0049,1.0125,-0.0029,-0.29%,26783,38471
S6M15,2015-03-20,1.0126,1.031,1.0125,1.0273,0.0148,+1.46%,23416,38076
S6M15,2015-03-23,1.0289,1.0404,1.0223,1.0376,0.0103,+1.00%,20055,37133
S6M15,2015-03-24,1.0388,1.0519,1.0347,1.0469,0.0093,+0.90%,21995,36296
S6M15,2015-03-25,1.0462,1.0501,1.0428,1.0431,-0.0038,-0.36%,16493,35743
S6M15,2015-03-26,1.0454,1.0569,1.0389,1.041,-0.0021,-0.20%,23265,34615
S6M15,2015-03-27,1.0418,1.0497,1.035,1.0445,0.0035,+0.34%,19047,33855
S6M15,2015-03-30,1.0435,1.0445,1.0351,1.0368,-0.0077,-0.74%,16646,33466
S6M15,2015-03-31,1.0368,1.0389,1.0271,1.0315,-0.0053,-0.51%,21576,34149
S6M15,2015-04-01,1.0314,1.0398,1.0293,1.0378,0.0063,+0.61%,19127,33755
S6M15,2015-04-02,1.0368,1.0489,1.0367,1.0458,0.008,+0.77%,17821,33300
S6M15,2015-04-03,1.0453,1.0579,1.0436,1.0547,0.0089,+0.85%,4425,32751
S6M15,2015-04-06,1.053,1.0557,1.0439,1.0489,-0.0058,-0.55%,10864,32982
S6M15,2015-04-07,1.0467,1.0492,1.0366,1.0383,-0.0106,-1.01%,16588,33245
S6M15,2015-04-08,1.038,1.0447,1.0359,1.0397,0.0014,+0.13%,15073,32876
S6M15,2015-04-09,1.0367,1.0375,1.0239,1.0241,-0.0156,-1.50%,20213,34099
S6M15,2015-04-10,1.0258,1.0279,1.019,1.0249,0.0008,+0.08%,16039,33529
S6M15,2015-04-13,1.0228,1.027,1.0162,1.0252,0.0003,+0.03%,17925,33974
S6M15,2015-04-14,1.0245,1.0362,1.0231,1.0301,0.0049,+0.48%,23434,33935
S6M15,2015-04-15,1.0305,1.0403,1.0257,1.0398,0.0097,+0.94%,23814,33935
S6M15,2015-04-16,1.0373,1.0506,1.0319,1.05,0.0102,+0.98%,24569,33092
S6M15,2015-04-17,1.0489,1.0556,1.0458,1.0511,0.0011,+0.10%,23874,32269
S6M15,2015-04-20,1.0529,1.0552,1.0441,1.0478,-0.0033,-0.31%,22641,31451
S6M15,2015-04-21,1.0478,1.0544,1.0412,1.0491,0.0013,+0.12%,20392,31727
S6M15,2015-04-22,1.0483,1.0547,1.0311,1.0334,-0.0157,-1.50%,31873,31354
S6M15,2015-04-23,1.0326,1.0514,1.0307,1.0495,0.0161,+1.56%,28878,31199
S6M15,2015-04-24,1.0502,1.0535,1.0463,1.0504,0.0009,+0.09%,20089,30695
S6M15,2015-04-27,1.0497,1.0554,1.0453,1.0478,-0.0026,-0.25%,18491,31210
S6M15,2015-04-28,1.0479,1.0541,1.0437,1.0498,0.002,+0.19%,20666,31585
S6M15,2015-04-29,1.049,1.0724,1.0463,1.066,0.0162,+1.54%,40122,33993
S6M15,2015-04-30,1.0654,1.0762,1.0601,1.0757,0.0097,+0.91%,35197,34323
S6M15,2015-05-01,1.0736,1.0795,1.071,1.072,-0.0037,-0.34%,20506,33772
S6M15,2015-05-04,1.073,1.0753,1.0673,1.0717,-0.0003,-0.03%,17325,33923
S6M15,2015-05-05,1.0723,1.084,1.0639,1.0813,0.0096,+0.90%,25592,34449
S6M15,2015-05-06,1.0815,1.0988,1.0791,1.0938,0.0125,+1.16%,26564,34763
S6M15,2015-05-07,1.0936,1.1037,1.0852,1.0866,-0.0072,-0.66%,28167,34393
S6M15,2015-05-08,1.0862,1.0885,1.0736,1.0751,-0.0115,-1.06%,26339,32507
S6M15,2015-05-11,1.0744,1.0769,1.0704,1.0722,-0.0029,-0.27%,15250,33388
S6M15,2015-05-12,1.0718,1.0868,1.0698,1.0782,0.006,+0.56%,16981,33465
S6M15,2015-05-13,1.0781,1.0935,1.077,1.0923,0.0141,+1.31%,19078,33628
S6M15,2015-05-14,1.0919,1.1026,1.0908,1.0964,0.0041,+0.38%,19492,32884
S6M15,2015-05-15,1.0974,1.0982,1.0816,1.0952,-0.0012,-0.11%,21844,32135
S6M15,2015-05-18,1.0926,1.0935,1.0804,1.0811,-0.0141,-1.29%,13774,32214
S6M15,2015-05-19,1.0808,1.0825,1.0665,1.0677,-0.0134,-1.24%,26587,31796
S6M15,2015-05-20,1.068,1.0718,1.0641,1.0698,0.0021,+0.20%,21535,31509
S6M15,2015-05-21,1.0686,1.0753,1.0667,1.0698,0,0.00%,14845,31612
S6M15,2015-05-22,1.0684,1.0777,1.0581,1.0615,-0.0083,-0.78%,19284,31115
S6M15,2015-05-26,1.0595,1.0639,1.0494,1.0501,-0.0114,-1.07%,19236,30432
S6M15,2015-05-27,1.0496,1.0569,1.0483,1.0516,0.0015,+0.14%,21251,30770
S6M15,2015-05-28,1.0527,1.0622,1.0517,1.0615,0.0099,+0.94%,16983,31272
S6M15,2015-05-29,1.0601,1.0702,1.0554,1.0643,0.0028,+0.26%,30333,32275
S6M15,2015-06-01,1.0636,1.0645,1.0548,1.0578,-0.0065,-0.61%,15841,32648
S6M15,2015-06-02,1.0572,1.0745,1.0572,1.073,0.0152,+1.44%,28522,32449
S6M15,2015-06-03,1.0725,1.0752,1.0615,1.0691,-0.0039,-0.36%,24858,31947
S6M15,2015-06-04,1.0709,1.0781,1.0674,1.0722,0.0031,+0.29%,24227,31048
S6M15,2015-06-05,1.0711,1.0755,1.0526,1.0647,-0.0075,-0.70%,36332,33769
S6M15,2015-06-08,1.0634,1.0806,1.0608,1.0764,0.0117,+1.10%,29400,34025
S6M15,2015-06-09,1.0786,1.0818,1.0718,1.0741,-0.0023,-0.21%,26637,33813
S6M15,2015-06-10,1.0744,1.0833,1.0726,1.0734,-0.0007,-0.07%,31331,32969
S6M15,2015-06-11,1.0732,1.0756,1.063,1.0706,-0.0028,-0.26%,37470,33191
S6U15,2015-06-12,1.0736,1.0858,1.0684,1.081,0.0104,+0.97%,30272,33478
S6U15,2015-06-15,1.0798,1.0817,1.0691,1.0773,-0.0037,-0.34%,17504,20307
S6U15,2015-06-16,1.0788,1.0822,1.0743,1.0762,-0.0011,-0.10%,11746,19852
S6U15,2015-06-17,1.0758,1.091,1.0758,1.0883,0.0121,+1.12%,17249,19973
S6U15,2015-06-18,1.0882,1.0964,1.085,1.0881,-0.0002,-0.02%,26236,20759
S6U15,2015-06-19,1.0884,1.0949,1.0845,1.0937,0.0056,+0.51%,13628,21050
S6U15,2015-06-22,1.093,1.0955,1.0871,1.0886,-0.0051,-0.47%,18735,21922
S6U15,2015-06-23,1.0882,1.0888,1.0682,1.0722,-0.0164,-1.51%,22878,21869
S6U15,2015-06-24,1.073,1.0806,1.0704,1.0739,0.0017,+0.16%,15043,22008
S6U15,2015-06-25,1.0742,1.0753,1.0649,1.071,-0.0029,-0.27%,15923,21936
S6U15,2015-06-26,1.0711,1.0784,1.0698,1.0706,-0.0004,-0.04%,17870,21377
S6U15,2015-06-29,1.0676,1.0849,1.0636,1.0834,0.0128,+1.20%,26578,21534
S6U15,2015-06-30,1.0841,1.0845,1.069,1.0722,-0.0112,-1.03%,23792,21472
S6U15,2015-07-01,1.0726,1.0734,1.0565,1.0567,-0.0155,-1.45%,23989,22363
S6U15,2015-07-02,1.0579,1.0646,1.0549,1.0625,0.0058,+0.55%,16194,22254
S6U15,2015-07-06,1.0618,1.0667,1.0585,1.0633,0.0008,+0.08%,18330,22385
S6U15,2015-07-07,1.0638,1.0642,1.0536,1.0594,-0.0039,-0.37%,17805,23740
S6U15,2015-07-08,1.0586,1.0656,1.0541,1.06,0.0006,+0.06%,18660,23628
S6U15,2015-07-09,1.0596,1.0636,1.0532,1.0565,-0.0035,-0.33%,16435,23447
S6U15,2015-07-10,1.0571,1.0742,1.0567,1.0645,0.008,+0.76%,23158,22067
S6U15,2015-07-13,1.0666,1.0699,1.0543,1.0546,-0.0099,-0.93%,17018,22984
S6U15,2015-07-14,1.0546,1.0665,1.0512,1.0603,0.0057,+0.54%,17144,22390
S6U15,2015-07-15,1.0599,1.0611,1.0494,1.0522,-0.0081,-0.76%,16060,24047
S6U15,2015-07-16,1.0524,1.0529,1.0452,1.0462,-0.006,-0.57%,12859,24380
S6U15,2015-07-17,1.0463,1.0482,1.0411,1.0427,-0.0035,-0.33%,10750,25500
S6U15,2015-07-20,1.0415,1.0433,1.0376,1.0389,-0.0038,-0.36%,14133,26682
S6U15,2015-07-21,1.0386,1.0479,1.0381,1.0454,0.0065,+0.63%,13527,28424
S6U15,2015-07-22,1.0449,1.0476,1.0399,1.0419,-0.0035,-0.33%,12023,29420
S6U15,2015-07-23,1.0432,1.0516,1.043,1.0459,0.004,+0.38%,18158,29319
S6U15,2015-07-24,1.0437,1.0462,1.0393,1.0406,-0.0053,-0.51%,16018,30484
S6U15,2015-07-27,1.0398,1.051,1.0396,1.04,-0.0006,-0.06%,20977,31239
S6U15,2015-07-28,1.0411,1.0426,1.0351,1.0397,-0.0003,-0.03%,16471,32365
S6U15,2015-07-29,1.0402,1.0433,1.0334,1.0364,-0.0033,-0.32%,16438,33397
S6U15,2015-07-30,1.0351,1.0354,1.0303,1.0322,-0.0042,-0.41%,15150,33730
S6U15,2015-07-31,1.0332,1.0488,1.0331,1.0346,0.0024,+0.23%,28494,33552
S6U15,2015-08-03,1.0352,1.0383,1.0319,1.0324,-0.0022,-0.21%,11689,34986
S6U15,2015-08-04,1.0327,1.0357,1.0225,1.0229,-0.0095,-0.92%,18012,37399
S6U15,2015-08-05,1.0237,1.0259,1.0193,1.0219,-0.001,-0.10%,19592,38094
S6U15,2015-08-06,1.022,1.0248,1.0165,1.0204,-0.0015,-0.15%,16941,40414
S6U15,2015-08-07,1.0203,1.0225,1.0126,1.0182,-0.0022,-0.22%,21563,41988
S6U15,2015-08-10,1.0175,1.0212,1.0121,1.0177,-0.0005,-0.05%,15940,42841
S6U15,2015-08-11,1.0176,1.0213,1.0108,1.0118,-0.0059,-0.58%,20811,43677
S6U15,2015-08-12,1.0126,1.0346,1.0121,1.0275,0.0157,+1.55%,31296,41741
S6U15,2015-08-13,1.0267,1.0286,1.0219,1.0245,-0.003,-0.29%,15471,41865
S6U15,2015-08-14,1.0252,1.0289,1.0226,1.0247,0.0002,+0.02%,10680,42604
S6U15,2015-08-17,1.0243,1.0274,1.0213,1.0241,-0.0006,-0.06%,13165,43143
S6U15,2015-08-18,1.0227,1.0262,1.0217,1.0238,-0.0003,-0.03%,11836,43588
S6U15,2015-08-19,1.0239,1.0379,1.0235,1.0369,0.0131,+1.28%,21487,42736
S6U15,2015-08-20,1.0369,1.0442,1.0348,1.0406,0.0037,+0.36%,20497,42162
S6U15,2015-08-21,1.0441,1.0577,1.0429,1.0554,0.0148,+1.42%,26533,41014
S6U15,2015-08-24,1.0567,1.0809,1.055,1.0743,0.0189,+1.79%,44460,39590
S6U15,2015-08-25,1.0738,1.0749,1.0527,1.0606,-0.0137,-1.28%,32443,37901
S6U15,2015-08-26,1.065,1.0663,1.0474,1.0509,-0.0097,-0.91%,24978,37339
S6U15,2015-08-27,1.0486,1.0517,1.0344,1.0368,-0.0141,-1.34%,21291,36557
S6U15,2015-08-28,1.036,1.0444,1.0349,1.0388,0.002,+0.19%,19645,36002
S6U15,2015-08-31,1.039,1.0435,1.0324,1.0357,-0.0031,-0.30%,14629,35936
S6U15,2015-09-01,1.0347,1.0454,1.0343,1.0413,0.0056,+0.54%,21258,36203
S6U15,2015-09-02,1.0437,1.0437,1.0312,1.0318,-0.0095,-0.91%,18614,37293
S6U15,2015-09-03,1.0323,1.033,1.0235,1.0272,-0.0046,-0.45%,19452,37049
S6U15,2015-09-04,1.0269,1.0332,1.0237,1.0279,0.0007,+0.07%,19080,38102
S6U15,2015-09-08,1.0297,1.0312,1.0184,1.0195,-0.0084,-0.82%,29054,40937
S6U15,2015-09-09,1.0222,1.0293,1.0181,1.0268,0.0073,+0.72%,42376,47457
S6Z15,2015-09-10,1.0279,1.0343,1.0246,1.0317,0.0049,+0.48%,50518,58047
S6Z15,2015-09-11,1.0304,1.0363,1.0241,1.0353,0.0036,+0.35%,30901,59382
S6Z15,2015-09-14,1.0354,1.0378,1.0322,1.0356,0.0003,+0.03%,10862,36787
S6Z15,2015-09-15,1.0361,1.0379,1.0276,1.0295,-0.0061,-0.59%,14385,37846
S6Z15,2015-09-16,1.0304,1.0377,1.0277,1.0329,0.0034,+0.33%,19310,36304
S6Z15,2015-09-17,1.0329,1.0458,1.0316,1.0434,0.0105,+1.02%,19983,36739
S6Z15,2015-09-18,1.0428,1.0527,1.0335,1.0404,-0.003,-0.29%,18511,36146
S6Z15,2015-09-21,1.0341,1.0402,1.0298,1.033,-0.0074,-0.71%,15409,36842
S6Z15,2015-09-22,1.0319,1.0332,1.0283,1.0287,-0.0043,-0.42%,11707,36981
S6Z15,2015-09-23,1.0286,1.0302,1.0231,1.0261,-0.0026,-0.25%,14265,37578
S6Z15,2015-09-24,1.0244,1.0373,1.0227,1.027,0.0009,+0.09%,17486,37963
S6Z15,2015-09-25,1.0253,1.0292,1.0187,1.0231,-0.0039,-0.38%,17423,39658
S6Z15,2015-09-28,1.0239,1.0314,1.0215,1.0286,0.0055,+0.54%,13605,38829
S6Z15,2015-09-29,1.0298,1.035,1.0285,1.0329,0.0043,+0.42%,14172,38229
S6Z15,2015-09-30,1.0328,1.0328,1.0256,1.0282,-0.0047,-0.46%,14877,38639
S6Z15,2015-10-01,1.029,1.0311,1.0241,1.0254,-0.0028,-0.27%,14573,39288
S6Z15,2015-10-02,1.0257,1.0394,1.0234,1.0329,0.0075,+0.73%,23142,39054
S6Z15,2015-10-05,1.0316,1.0349,1.0262,1.0271,-0.0058,-0.56%,10936,39638
S6Z15,2015-10-06,1.0267,1.0371,1.0262,1.0369,0.0098,+0.95%,12361,38826
S6Z15,2015-10-07,1.0364,1.0388,1.0289,1.0307,-0.0062,-0.60%,17280,38147
S6Z15,2015-10-08,1.0291,1.0414,1.029,1.0369,0.0062,+0.60%,17211,37056
S6Z15,2015-10-09,1.0376,1.0454,1.0357,1.0431,0.0062,+0.60%,14361,35774
S6Z15,2015-10-12,1.0423,1.0442,1.0404,1.043,-0.0001,-0.01%,9065,35253
S6Z15,2015-10-13,1.0411,1.0487,1.0388,1.0456,0.0026,+0.25%,14960,34934
S6Z15,2015-10-14,1.0462,1.0566,1.0453,1.056,0.0104,+0.99%,16739,35114
S6Z15,2015-10-15,1.0559,1.0572,1.0488,1.0538,-0.0022,-0.21%,20073,36469
S6Z15,2015-10-16,1.0534,1.0549,1.0487,1.0533,-0.0005,-0.05%,13088,36171
S6Z15,2015-10-19,1.0505,1.0521,1.0459,1.0476,-0.0057,-0.54%,10979,35514
S6Z15,2015-10-20,1.0479,1.0552,1.0466,1.0469,-0.0007,-0.07%,12421,35628
S6Z15,2015-10-21,1.0477,1.0513,1.0424,1.0446,-0.0023,-0.22%,12935,36018
S6Z15,2015-10-22,1.0444,1.0455,1.0282,1.0284,-0.0162,-1.55%,28615,35692
S6Z15,2015-10-23,1.0293,1.0313,1.0218,1.0222,-0.0062,-0.60%,22244,34839
S6Z15,2015-10-26,1.0224,1.0265,1.0178,1.0181,-0.0041,-0.40%,21994,36183
S6Z15,2015-10-27,1.0189,1.0212,1.0139,1.0152,-0.0029,-0.28%,19261,38453
S6Z15,2015-10-28,1.0152,1.0198,1.0056,1.0065,-0.0087,-0.86%,23825,41380
S6Z15,2015-10-29,1.0071,1.0129,1.0057,1.011,0.0045,+0.45%,22907,45143
S6Z15,2015-10-30,1.0126,1.0169,1.0103,1.0131,0.0021,+0.21%,22731,48467
S6Z15,2015-11-02,1.0152,1.0179,1.0122,1.0145,0.0014,+0.14%,13619,50500
S6Z15,2015-11-03,1.014,1.0171,1.0085,1.0109,-0.0036,-0.35%,17136,51953
S6Z15,2015-11-04,1.0105,1.0127,1.006,1.007,-0.0039,-0.39%,19022,52657
S6Z15,2015-11-05,1.0076,1.009,1.0032,1.006,-0.001,-0.10%,19908,54354
S6Z15,2015-11-06,1.0054,1.0066,0.9934,0.9949,-0.0111,-1.10%,30502,58896
S6Z15,2015-11-09,0.9952,1.0012,0.9948,0.9977,0.0028,+0.28%,24500,59583
S6Z15,2015-11-10,0.9973,0.9992,0.9925,0.9943,-0.0034,-0.34%,20277,60031
S6Z15,2015-11-11,0.9947,0.9981,0.9938,0.9956,0.0013,+0.13%,19053,60688
S6Z15,2015-11-12,0.9968,1.002,0.9924,0.9995,0.0039,+0.39%,29028,62020
S6Z15,2015-11-13,0.9998,1.0009,0.9915,0.9935,-0.006,-0.60%,28400,64901
S6Z15,2015-11-16,0.9946,0.9965,0.9906,0.9909,-0.0026,-0.26%,20179,65636
S6Z15,2015-11-17,0.991,0.9916,0.984,0.9862,-0.0047,-0.47%,24649,67119
S6Z15,2015-11-18,0.9864,0.9882,0.9792,0.9811,-0.0051,-0.52%,28834,69112
S6Z15,2015-11-19,0.9811,0.9886,0.9808,0.9879,0.0068,+0.69%,25397,70282
S6Z15,2015-11-20,0.9874,0.9885,0.9812,0.9823,-0.0056,-0.57%,25413,72856
S6Z15,2015-11-23,0.9816,0.9835,0.9785,0.9817,-0.0006,-0.06%,18548,72754
S6Z15,2015-11-24,0.9823,0.9863,0.9816,0.9859,0.0042,+0.43%,21460,72945
S6Z15,2015-11-25,0.9839,0.9864,0.975,0.9793,-0.0066,-0.67%,26451,74967
S6Z15,2015-11-27,0.9793,0.9795,0.9686,0.972,-0.0073,-0.75%,22058,77480
S6Z15,2015-11-30,0.9711,0.9753,0.9695,0.9734,0.0014,+0.14%,23948,77834
S6Z15,2015-12-01,0.9728,0.9757,0.9711,0.9737,0.0003,+0.03%,26609,78546
S6Z15,2015-12-02,0.9747,0.9828,0.9706,0.9818,0.0081,+0.83%,39403,81825
S6Z15,2015-12-03,0.9821,1.013,0.974,1.012,0.0302,+3.08%,68691,75035
S6Z15,2015-12-04,1.0072,1.0092,0.9969,1.0038,-0.0082,-0.81%,40404,70015
S6Z15,2015-12-07,1.0031,1.0039,0.997,1.0007,-0.0031,-0.31%,42019,71615
S6Z15,2015-12-08,0.9998,1.0086,0.9992,1.0076,0.0069,+0.69%,39295,77258
S6Z15,2015-12-09,1.0078,1.0186,1.0057,1.0173,0.0097,+0.96%,66174,83328
S6H16,2015-12-10,1.0221,1.0221,1.0132,1.0152,-0.0021,-0.21%,62152,94925
S6H16,2015-12-11,1.0158,1.0241,1.0142,1.0221,0.0069,+0.68%,36141,89130
S6H16,2015-12-14,1.0202,1.0263,1.0171,1.0196,-0.0025,-0.24%,20518,52488
S6H16,2015-12-15,1.0194,1.0249,1.0119,1.014,-0.0056,-0.55%,18583,52468
S6H16,2015-12-16,1.0134,1.0238,1.0124,1.0212,0.0072,+0.71%,31009,52191
S6H16,2015-12-17,1.0136,1.0136,1.0049,1.0065,-0.0147,-1.44%,18884,51569
S6H16,2015-12-18,1.0089,1.0129,1.0064,1.0119,0.0054,+0.54%,15811,51274
S6H16,2015-12-21,1.012,1.0146,1.0073,1.0128,0.0009,+0.09%,14114,50711
S6H16,2015-12-22,1.0119,1.0185,1.0104,1.0163,0.0035,+0.35%,9991,50265
S6H16,2015-12-23,1.0165,1.0165,1.0092,1.0129,-0.0034,-0.33%,11570,49582
S6H16,2015-12-24,1.0134,1.0188,1.0126,1.0166,0.0037,+0.37%,4410,49319
S6H16,2015-12-28,1.0172,1.0183,1.0135,1.0161,-0.0005,-0.05%,7143,49044
S6H16,2015-12-29,1.0162,1.0176,1.0092,1.0126,-0.0035,-0.34%,9531,49114
S6H16,2015-12-30,1.0111,1.0176,1.0102,1.0158,0.0032,+0.32%,9395,48884
S6H16,2015-12-31,1.0142,1.0159,0.9999,1.0032,-0.0126,-1.24%,15324,50304
S6H16,2016-01-04,1.0032,1.0107,0.9966,1.0008,-0.0024,-0.24%,22267,50236
S6H16,2016-01-05,1.001,1.0023,0.9905,0.9944,-0.0064,-0.64%,17689,50276
S6H16,2016-01-06,0.9944,0.997,0.9897,0.9964,0.002,+0.20%,14298,50165
S6H16,2016-01-07,0.9951,1.0106,0.9943,1.0099,0.0135,+1.35%,27479,48526
S6H16,2016-01-08,1.0089,1.0091,0.997,1.007,-0.0029,-0.29%,21479,46895
S6H16,2016-01-11,1.0098,1.0149,1.0003,1.0028,-0.0042,-0.42%,14520,46385
S6H16,2016-01-12,1.0014,1.0058,0.9978,1,-0.0028,-0.28%,12549,46428
S6H16,2016-01-13,0.9995,0.9997,0.9918,0.996,-0.004,-0.40%,18433,47514
S6H16,2016-01-14,0.9964,1.0012,0.9931,0.997,0.001,+0.10%,19004,48643
S6H16,2016-01-15,0.9974,1.0064,0.9962,1.0001,0.0031,+0.31%,20473,48255
S6H16,2016-01-19,1.0011,1.0019,0.9939,1,-0.0001,-0.01%,22600,49290
S6H16,2016-01-20,0.9987,1.003,0.9963,0.9974,-0.0026,-0.26%,21866,49976
S6H16,2016-01-21,0.997,1.0007,0.9875,0.9949,-0.0025,-0.25%,35124,50337
S6H16,2016-01-22,0.9946,0.995,0.9855,0.9856,-0.0093,-0.93%,20635,52597
S6H16,2016-01-25,0.9857,0.9895,0.9851,0.9867,0.0011,+0.11%,16002,53944
S6H16,2016-01-26,0.9891,0.9902,0.9823,0.9846,-0.0021,-0.21%,17369,55694
S6H16,2016-01-27,0.9845,0.9889,0.9831,0.9878,0.0032,+0.33%,24711,56746
S6H16,2016-01-28,0.9875,0.9938,0.9842,0.9885,0.0007,+0.07%,22200,57394
S6H16,2016-01-29,0.9878,0.9884,0.9766,0.9774,-0.0111,-1.12%,37872,58537
S6H16,2016-02-01,0.978,0.9863,0.9771,0.9825,0.0051,+0.52%,25647,58238
S6H16,2016-02-02,0.9818,0.9847,0.9769,0.9819,-0.0006,-0.06%,22398,59370
S6H16,2016-02-03,0.983,1.0028,0.9823,0.9964,0.0145,+1.48%,42463,58211
S6H16,2016-02-04,0.9973,1.0093,0.9941,1.0087,0.0123,+1.23%,42166,55919
S6H16,2016-02-05,1.0075,1.0133,1.0029,1.0099,0.0012,+0.12%,35273,54601
S6H16,2016-02-08,1.0096,1.0176,1.0041,1.0165,0.0066,+0.65%,31576,53840
S6H16,2016-02-09,1.0141,1.0329,1.0139,1.0298,0.0133,+1.31%,44537,52701
S6H16,2016-02-10,1.0293,1.0312,1.0197,1.029,-0.0008,-0.08%,35751,51916
S6H16,2016-02-11,1.0287,1.0362,1.0256,1.0294,0.0004,+0.04%,41738,50158
S6H16,2016-02-12,1.0294,1.0305,1.0226,1.0261,-0.0033,-0.32%,25823,49484
S6H16,2016-02-16,1.0241,1.0244,1.0116,1.0128,-0.0133,-1.30%,29290,48564
S6H16,2016-02-17,1.0128,1.0159,1.0069,1.0101,-0.0027,-0.27%,19518,48023
S6H16,2016-02-18,1.0086,1.0105,1.004,1.0061,-0.004,-0.40%,15894,47762
S6H16,2016-02-19,1.0072,1.0121,1.0042,1.0118,0.0057,+0.57%,18489,47255
S6H16,2016-02-22,1.0099,1.0106,1.0004,1.0015,-0.0103,-1.02%,21869,48142
S6H16,2016-02-23,1.0009,1.0113,1.0006,1.0082,0.0067,+0.67%,21398,47838
S6H16,2016-02-24,1.009,1.0157,1.0055,1.013,0.0048,+0.48%,23977,47257
S6H16,2016-02-25,1.0119,1.013,1.0053,1.012,-0.001,-0.10%,17352,47007
S6H16,2016-02-26,1.0101,1.0137,1.0017,1.003,-0.009,-0.89%,19779,47533
S6H16,2016-02-29,1.0028,1.0057,0.9968,1.002,-0.001,-0.10%,24678,47619
S6H16,2016-03-01,1.0023,1.0045,0.9996,1.0034,0.0014,+0.14%,18000,47634
S6H16,2016-03-02,1.0033,1.0049,0.9996,1.0041,0.0007,+0.07%,17041,47275
S6H16,2016-03-03,1.0035,1.0112,1.0022,1.0092,0.0051,+0.51%,21300,47480
S6H16,2016-03-04,1.0086,1.0125,1.0014,1.0053,-0.0039,-0.39%,24999,47319
S6H16,2016-03-07,1.0063,1.0074,0.999,1.0055,0.0002,+0.02%,20390,48050
S6H16,2016-03-08,1.0047,1.0102,1.0033,1.0038,-0.0017,-0.17%,29601,49744
S6H16,2016-03-09,1.0039,1.0064,0.9958,1.0027,-0.0011,-0.11%,46662,52862
S6H16,2016-03-10,1.0027,1.0194,0.9908,1.018,0.0153,+1.53%,104132,59759
S6M16,2016-03-11,1.0204,1.0242,1.0152,1.0227,0.0047,+0.46%,34016,57229
S6M16,2016-03-14,1.0208,1.0226,1.0159,1.0164,-0.0063,-0.62%,14828,40116
S6M16,2016-03-15,1.0165,1.0192,1.0145,1.017,0.0006,+0.06%,10705,40250
S6M16,2016-03-16,1.0171,1.0298,1.0127,1.025,0.008,+0.79%,21182,40354
S6M16,2016-03-17,1.0267,1.0399,1.0255,1.038,0.013,+1.27%,24657,40206
S6M16,2016-03-18,1.038,1.0394,1.0329,1.0349,-0.0031,-0.30%,17819,39514
S6M16,2016-03-21,1.0352,1.0372,1.0313,1.0352,0.0003,+0.03%,13359,38350
S6M16,2016-03-22,1.034,1.0358,1.0309,1.0315,-0.0037,-0.36%,14132,37656
S6M16,2016-03-23,1.0318,1.0318,1.0274,1.0286,-0.0029,-0.28%,12610,37183
S6M16,2016-03-24,1.0288,1.0303,1.0265,1.0285,-0.0001,-0.01%,9520,36766
S6M16,2016-03-28,1.0267,1.0319,1.0232,1.0304,0.0019,+0.18%,7660,36380
S6M16,2016-03-29,1.0301,1.0388,1.0276,1.0384,0.008,+0.78%,19415,35601
S6M16,2016-03-30,1.0381,1.0459,1.0375,1.0407,0.0023,+0.22%,24125,36325
S6M16,2016-03-31,1.0397,1.0481,1.0381,1.0444,0.0037,+0.36%,24760,36241
S6M16,2016-04-01,1.0433,1.0498,1.0421,1.0462,0.0018,+0.17%,18917,36222
S6M16,2016-04-04,1.0469,1.0478,1.0431,1.0461,-0.0001,-0.01%,15787,35693
S6M16,2016-04-05,1.0458,1.0505,1.0441,1.049,0.0029,+0.28%,16116,36411
S6M16,2016-04-06,1.0487,1.0523,1.0423,1.0495,0.0005,+0.05%,21104,36525
S6M16,2016-04-07,1.049,1.0531,1.0465,1.0495,0,0.00%,20453,37165
S6M16,2016-04-08,1.0487,1.0527,1.0464,1.0514,0.0019,+0.18%,15854,37655
S6M16,2016-04-11,1.0514,1.0551,1.0476,1.0511,-0.0003,-0.03%,16802,38869
S6M16,2016-04-12,1.0506,1.0556,1.045,1.0499,-0.0012,-0.11%,18152,39757
S6M16,2016-04-13,1.0491,1.0498,1.0365,1.0368,-0.0131,-1.25%,22378,41025
S6M16,2016-04-14,1.0367,1.04,1.0345,1.0367,-0.0001,-0.01%,18491,41019
S6M16,2016-04-15,1.0366,1.0389,1.0346,1.0356,-0.0011,-0.11%,16269,41566
S6M16,2016-04-18,1.0368,1.0411,1.0356,1.0391,0.0035,+0.34%,14447,42472
S6M16,2016-04-19,1.0394,1.0457,1.0386,1.0435,0.0044,+0.42%,17332,43212
S6M16,2016-04-20,1.0422,1.0436,1.0296,1.0319,-0.0116,-1.11%,24875,43296
S6M16,2016-04-21,1.0311,1.0386,1.0274,1.0285,-0.0034,-0.33%,30709,43183
S6M16,2016-04-22,1.0274,1.0295,1.0227,1.0238,-0.0047,-0.46%,19856,44104
S6M16,2016-04-25,1.024,1.0291,1.0236,1.0265,0.0027,+0.26%,15599,43408
S6M16,2016-04-26,1.0273,1.0327,1.0258,1.0282,0.0017,+0.17%,18512,42860
S6M16,2016-04-27,1.029,1.0351,1.0271,1.032,0.0038,+0.37%,15843,42156
S6M16,2016-04-28,1.0314,1.0373,1.0292,1.0364,0.0044,+0.43%,17926,41916
S6M16,2016-04-29,1.0362,1.047,1.0356,1.0444,0.008,+0.77%,23854,40992
S6M16,2016-05-02,1.0448,1.0506,1.043,1.0492,0.0048,+0.46%,16537,40460
S6M16,2016-05-03,1.0489,1.0607,1.0485,1.05,0.0008,+0.08%,31296,41680
S6M16,2016-05-04,1.0489,1.0506,1.0444,1.0476,-0.0024,-0.23%,17847,41991
S6M16,2016-05-05,1.0458,1.0466,1.0328,1.0336,-0.014,-1.34%,21744,41719
S6M16,2016-05-06,1.0349,1.0379,1.0293,1.0304,-0.0032,-0.31%,21080,42385
S6M16,2016-05-09,1.0291,1.034,1.0285,1.0313,0.0009,+0.09%,15190,42053
S6M16,2016-05-10,1.0307,1.0325,1.0256,1.0262,-0.0051,-0.49%,17275,42701
S6M16,2016-05-11,1.0258,1.0324,1.0257,1.0311,0.0049,+0.48%,13723,42925
S6M16,2016-05-12,1.0313,1.036,1.0293,1.0313,0.0002,+0.02%,16302,42712
S6M16,2016-05-13,1.031,1.0319,1.023,1.0267,-0.0046,-0.45%,21745,44186
S6M16,2016-05-16,1.0258,1.0271,1.0231,1.0235,-0.0032,-0.31%,10012,43670
S6M16,2016-05-17,1.0237,1.0265,1.0205,1.0214,-0.0021,-0.21%,18607,44754
S6M16,2016-05-18,1.021,1.0216,1.013,1.0147,-0.0067,-0.66%,23336,47174
S6M16,2016-05-19,1.0129,1.0148,1.0087,1.0107,-0.004,-0.39%,23366,49718
S6M16,2016-05-20,1.0104,1.0114,1.0081,1.0101,-0.0006,-0.06%,15021,50608
S6M16,2016-05-23,1.0102,1.0125,1.0085,1.0113,0.0012,+0.12%,15470,52231
S6M16,2016-05-24,1.0111,1.0117,1.0071,1.008,-0.0033,-0.33%,16906,52142
S6M16,2016-05-25,1.0075,1.0112,1.0073,1.01,0.002,+0.20%,15879,53316
S6M16,2016-05-26,1.0092,1.0135,1.0059,1.0111,0.0011,+0.11%,20227,55753
S6M16,2016-05-27,1.0113,1.012,1.0056,1.0088,-0.0023,-0.23%,16794,56176
S6M16,2016-05-31,1.0056,1.0119,1.0049,1.0062,-0.0026,-0.26%,25547,57175
S6M16,2016-06-01,1.0071,1.0145,1.0054,1.0116,0.0054,+0.54%,22973,58995
S6M16,2016-06-02,1.0123,1.0147,1.0093,1.0095,-0.0021,-0.21%,17975,61023
S6M16,2016-06-03,1.0096,1.0255,1.0083,1.024,0.0145,+1.44%,42063,61257
S6M16,2016-06-06,1.0255,1.0331,1.0232,1.0315,0.0075,+0.73%,44380,62221
S6M16,2016-06-07,1.0306,1.037,1.0297,1.0363,0.0048,+0.47%,43853,62626
S6M16,2016-06-08,1.0359,1.0439,1.0355,1.0428,0.0065,+0.63%,50367,65614
S6U16,2016-06-09,1.0482,1.0492,1.0408,1.0437,0.0009,+0.09%,52395,69033
S6U16,2016-06-10,1.0422,1.045,1.0406,1.0433,-0.0004,-0.04%,36667,69912
S6U16,2016-06-13,1.0419,1.0436,1.0384,1.0422,-0.0011,-0.11%,22286,44962
S6U16,2016-06-14,1.0426,1.0448,1.0397,1.0434,0.0012,+0.12%,22767,43110
S6U16,2016-06-15,1.043,1.048,1.0401,1.0459,0.0025,+0.24%,24287,41927
S6U16,2016-06-16,1.0454,1.05,1.0376,1.0423,-0.0036,-0.34%,40933,41082
S6U16,2016-06-17,1.0413,1.0481,1.0406,1.046,0.0037,+0.35%,22303,40400
S6U16,2016-06-20,1.0437,1.0494,1.0397,1.0441,-0.0019,-0.18%,20027,39410
S6U16,2016-06-21,1.0446,1.0497,1.0439,1.0451,0.001,+0.10%,23988,38535
S6U16,2016-06-22,1.0443,1.0522,1.0436,1.0484,0.0033,+0.32%,21631,38387
S6U16,2016-06-23,1.0472,1.0552,1.0464,1.0491,0.0007,+0.07%,26128,38307
S6U16,2016-06-24,1.0416,1.0476,1.0247,1.0336,-0.0155,-1.48%,36779,37594
S6U16,2016-06-27,1.035,1.0356,1.0231,1.0267,-0.0069,-0.67%,25260,36006
S6U16,2016-06-28,1.0286,1.029,1.0213,1.022,-0.0047,-0.46%,15025,35507
S6U16,2016-06-29,1.0243,1.0272,1.0227,1.0247,0.0027,+0.26%,14097,35259
S6U16,2016-06-30,1.0253,1.0324,1.0227,1.0264,0.0017,+0.17%,23715,35641
S6U16,2016-07-01,1.0287,1.0341,1.0266,1.0311,0.0047,+0.46%,13101,34984
S6U16,2016-07-05,1.0307,1.0368,1.0271,1.0273,-0.0038,-0.37%,19889,34796
S6U16,2016-07-06,1.0271,1.031,1.0238,1.0307,0.0034,+0.33%,15886,35024
S6U16,2016-07-07,1.0298,1.0307,1.0251,1.0254,-0.0053,-0.51%,11189,35368
S6U16,2016-07-08,1.0256,1.0285,1.0174,1.0212,-0.0042,-0.41%,20530,35979
S6U16,2016-07-11,1.0214,1.0225,1.0183,1.0213,0.0001,+0.01%,13022,37043
S6U16,2016-07-12,1.0211,1.0247,1.0143,1.0157,-0.0056,-0.55%,20787,39010
S6U16,2016-07-13,1.0146,1.0216,1.0141,1.0208,0.0051,+0.50%,18271,39938
S6U16,2016-07-14,1.0185,1.0275,1.0185,1.0234,0.0026,+0.25%,17837,39315
S6U16,2016-07-15,1.0224,1.0255,1.0188,1.0205,-0.0029,-0.28%,13402,39841
S6U16,2016-07-18,1.0205,1.0225,1.0189,1.021,0.0005,+0.05%,9576,40501
S6U16,2016-07-19,1.0211,1.0221,1.0153,1.0179,-0.0031,-0.30%,12786,41766
S6U16,2016-07-20,1.0178,1.0183,1.0127,1.016,-0.0019,-0.19%,15983,45355
S6U16,2016-07-21,1.0159,1.0192,1.0123,1.0164,0.0004,+0.04%,14581,46304
S6U16,2016-07-22,1.0171,1.0188,1.0135,1.0146,-0.0018,-0.18%,12231,46958
S6U16,2016-07-25,1.0147,1.0182,1.0134,1.0168,0.0022,+0.22%,11355,48504
S6U16,2016-07-26,1.017,1.0197,1.0095,1.0105,-0.0063,-0.62%,17966,51507
S6U16,2016-07-27,1.0107,1.0172,1.0034,1.0125,0.002,+0.20%,16502,53077
S6U16,2016-07-28,1.0162,1.0237,1.0161,1.0221,0.0096,+0.95%,18499,49180
S6U16,2016-07-29,1.0227,1.0405,1.0218,1.0353,0.0132,+1.29%,34694,47025
S6U16,2016-08-01,1.0346,1.0375,1.0333,1.0362,0.0009,+0.09%,16655,45800
S6U16,2016-08-02,1.0357,1.0407,1.035,1.0399,0.0037,+0.36%,14788,44853
S6U16,2016-08-03,1.0396,1.0403,1.0294,1.0299,-0.01,-0.96%,18326,45574
S6U16,2016-08-04,1.0305,1.0311,1.0281,1.0293,-0.0006,-0.06%,12516,45130
S6U16,2016-08-05,1.0287,1.0305,1.0195,1.023,-0.0063,-0.61%,20342,43635
S6U16,2016-08-08,1.0226,1.0238,1.0183,1.0194,-0.0036,-0.35%,9882,43391
S6U16,2016-08-09,1.0196,1.0213,1.018,1.0201,0.0007,+0.07%,9000,43405
S6U16,2016-08-10,1.0208,1.0281,1.0205,1.0273,0.0072,+0.71%,14219,42564
S6U16,2016-08-11,1.028,1.0317,1.0259,1.0281,0.0008,+0.08%,10252,41849
S6U16,2016-08-12,1.0271,1.0321,1.0258,1.0274,-0.0007,-0.07%,11037,41440
S6U16,2016-08-15,1.0275,1.0314,1.0265,1.03,0.0026,+0.25%,8432,41644
S6U16,2016-08-16,1.0293,1.0452,1.0292,1.0408,0.0108,+1.05%,27586,42786
S6U16,2016-08-17,1.0417,1.0437,1.037,1.0416,0.0008,+0.08%,20540,41528
S6U16,2016-08-18,1.041,1.0501,1.0408,1.0499,0.0083,+0.80%,24310,40976
S6U16,2016-08-19,1.0493,1.0499,1.042,1.0436,-0.0063,-0.60%,25339,40642
S6U16,2016-08-22,1.0421,1.0433,1.0379,1.0416,-0.002,-0.19%,17008,40023
S6U16,2016-08-23,1.041,1.0438,1.0394,1.0401,-0.0015,-0.14%,13635,39554
S6U16,2016-08-24,1.0398,1.0402,1.034,1.0352,-0.0049,-0.47%,19268,39835
S6U16,2016-08-25,1.0354,1.0385,1.0335,1.0343,-0.0009,-0.09%,16663,39753
S6U16,2016-08-26,1.0346,1.0395,1.0223,1.0226,-0.0117,-1.13%,48903,39318
S6U16,2016-08-29,1.023,1.0251,1.0209,1.0233,0.0007,+0.07%,16402,39877
S6U16,2016-08-30,1.0233,1.024,1.0169,1.0175,-0.0058,-0.57%,21459,42294
S6U16,2016-08-31,1.0176,1.0194,1.0148,1.018,0.0005,+0.05%,21810,44575
S6U16,2016-09-01,1.0169,1.0226,1.0123,1.0212,0.0032,+0.31%,31501,46579
S6U16,2016-09-02,1.0211,1.0276,1.0187,1.0207,-0.0005,-0.05%,21839,47627
S6U16,2016-09-06,1.0203,1.0322,1.0196,1.0315,0.0108,+1.06%,31342,45795
S6U16,2016-09-07,1.0315,1.0347,1.0304,1.0321,0.0006,+0.06%,26785,44113
S6U16,2016-09-08,1.0316,1.0367,1.0273,1.0283,-0.0038,-0.37%,26859,42612
S6U16,2016-09-09,1.0288,1.0301,1.0223,1.0257,-0.0026,-0.25%,22967,42399
S6U16,2016-09-12,1.026,1.0322,1.0245,1.0292,0.0035,+0.34%,27511,42960
S6U16,2016-09-13,1.0289,1.0304,1.0222,1.0231,-0.0061,-0.59%,40853,44748
S6U16,2016-09-14,1.0233,1.0305,1.0217,1.0275,0.0044,+0.43%,49958,48129
S6U16,2016-09-15,1.0277,1.0321,1.0239,1.0293,0.0018,+0.18%,52519,53489
S6Z16,2016-09-16,1.0341,1.0347,1.0237,1.0244,-0.0049,-0.48%,38211,58415
S6Z16,2016-09-19,1.0253,1.0273,1.0235,1.0257,0.0013,+0.13%,13428,40700
S6Z16,2016-09-20,1.0251,1.0294,1.0242,1.0262,0.0005,+0.05%,16300,40838
S6Z16,2016-09-21,1.0261,1.0337,1.0238,1.0304,0.0042,+0.41%,36491,41407
S6Z16,2016-09-22,1.0319,1.0402,1.0313,1.036,0.0056,+0.54%,26495,39280
S6Z16,2016-09-23,1.0369,1.0372,1.0311,1.036,0,0.00%,16186,38617
S6Z16,2016-09-26,1.0356,1.0398,1.0347,1.0371,0.0011,+0.11%,16880,40213
S6Z16,2016-09-27,1.0365,1.04,1.0327,1.0354,-0.0017,-0.16%,17374,38969
S6Z16,2016-09-28,1.0351,1.0367,1.0318,1.0346,-0.0008,-0.08%,14568,38472
S6Z16,2016-09-29,1.0344,1.042,1.0328,1.0394,0.0048,+0.46%,25190,39237
S6Z16,2016-09-30,1.0398,1.0408,0.9994,1.035,-0.0044,-0.42%,42741,39460
S6Z16,2016-10-03,1.0334,1.035,1.0307,1.0324,-0.0026,-0.25%,20357,41452
S6Z16,2016-10-04,1.0313,1.0323,1.0215,1.0248,-0.0076,-0.74%,38040,46330
S6Z16,2016-10-05,1.0261,1.0314,1.0253,1.0305,0.0057,+0.56%,22135,45980
S6Z16,2016-10-06,1.0302,1.0308,1.022,1.0223,-0.0082,-0.80%,19809,48003
S6Z16,2016-10-07,1.0233,1.028,1.0199,1.0252,0.0029,+0.28%,29307,48794
S6Z16,2016-10-10,1.0265,1.0269,1.0198,1.0209,-0.0043,-0.42%,14438,50565
S6Z16,2016-10-11,1.0212,1.0218,1.0142,1.0145,-0.0064,-0.63%,24732,55747
S6Z16,2016-10-12,1.0152,1.0161,1.0124,1.0126,-0.0019,-0.19%,23054,57932
S6Z16,2016-10-13,1.0123,1.0177,1.0123,1.0175,0.0049,+0.48%,20494,59886
S6Z16,2016-10-14,1.0169,1.0178,1.0128,1.0137,-0.0038,-0.37%,21411,61212
S6Z16,2016-10-17,1.0132,1.0163,1.0125,1.0142,0.0005,+0.05%,15166,61751
S6Z16,2016-10-18,1.0141,1.0167,1.0118,1.0134,-0.0008,-0.08%,16134,63226
S6Z16,2016-10-19,1.013,1.0157,1.0125,1.0137,0.0003,+0.03%,15495,63873
S6Z16,2016-10-20,1.0143,1.0191,1.0095,1.0098,-0.0039,-0.38%,29933,66412
S6Z16,2016-10-21,1.0098,1.0105,1.0066,1.0087,-0.0011,-0.11%,16194,67155
S6Z16,2016-10-24,1.0086,1.0113,1.0072,1.009,0.0003,+0.03%,16472,66075
S6Z16,2016-10-25,1.0085,1.0096,1.0028,1.0084,-0.0006,-0.06%,25965,67211
S6Z16,2016-10-26,1.0087,1.0125,1.0068,1.0092,0.0008,+0.08%,18524,66305
S6Z16,2016-10-27,1.0093,1.0116,1.0075,1.0091,-0.0001,-0.01%,15861,66680
S6Z16,2016-10-28,1.0088,1.0169,1.0075,1.0155,0.0064,+0.63%,31329,62886
S6Z16,2016-10-31,1.0154,1.0155,1.0119,1.0122,-0.0033,-0.32%,19562,63676
S6Z16,2016-11-01,1.0135,1.0304,1.0126,1.0289,0.0167,+1.65%,36362,59698
S6Z16,2016-11-02,1.0288,1.0339,1.0277,1.0299,0.001,+0.10%,34660,55974
S6Z16,2016-11-03,1.0303,1.0337,1.0268,1.0287,-0.0012,-0.12%,22893,55380
S6Z16,2016-11-04,1.0286,1.0354,1.027,1.033,0.0043,+0.42%,25835,53878
S6Z16,2016-11-07,1.0287,1.03,1.0237,1.0282,-0.0048,-0.46%,22156,53738
S6Z16,2016-11-08,1.0286,1.0293,1.0235,1.026,-0.0022,-0.21%,16598,53632
S6Z16,2016-11-09,1.0231,1.0493,1.0173,1.0179,-0.0081,-0.79%,56643,53523
S6Z16,2016-11-10,1.0186,1.0201,1.0117,1.0149,-0.003,-0.29%,37518,52457
S6Z16,2016-11-11,1.0145,1.0188,1.0124,1.0133,-0.0016,-0.16%,30798,52126
S6Z16,2016-11-14,1.0132,1.0135,1.0015,1.0027,-0.0106,-1.05%,37934,53336
S6Z16,2016-11-15,1.0042,1.0087,0.9981,0.9995,-0.0032,-0.32%,30355,54533
S6Z16,2016-11-16,0.9997,1.0032,0.9957,0.9991,-0.0004,-0.04%,24103,55348
S6Z16,2016-11-17,0.9998,1.002,0.9941,0.9943,-0.0048,-0.48%,27380,58482
S6Z16,2016-11-18,0.9943,0.9954,0.9893,0.9918,-0.0025,-0.25%,25781,58240
S6Z16,2016-11-21,0.9904,0.9939,0.9898,0.9912,-0.0006,-0.06%,19616,58222
S6Z16,2016-11-22,0.9928,0.9944,0.9879,0.9898,-0.0014,-0.14%,20516,60191
S6Z16,2016-11-23,0.9898,0.9921,0.9833,0.9843,-0.0055,-0.56%,26052,62329
S6Z16,2016-11-25,0.9841,0.9906,0.9822,0.9876,0.0033,+0.34%,27664,64496
S6Z16,2016-11-28,0.9878,0.9931,0.9845,0.9872,-0.0004,-0.04%,25829,67287
S6Z16,2016-11-29,0.9875,0.99,0.9836,0.9898,0.0026,+0.26%,18947,67062
S6Z16,2016-11-30,0.989,0.9903,0.9809,0.9844,-0.0054,-0.55%,36385,65699
S6Z16,2016-12-01,0.9839,0.9909,0.9836,0.9889,0.0045,+0.46%,28416,65470
S6Z16,2016-12-02,0.9901,0.9973,0.9886,0.9899,0.001,+0.10%,27719,65721
S6Z16,2016-12-05,0.9846,0.9956,0.9813,0.9942,0.0043,+0.43%,40409,64756
S6Z16,2016-12-06,0.9942,0.9956,0.9891,0.9899,-0.0043,-0.43%,22518,65455
S6Z16,2016-12-07,0.991,0.994,0.9896,0.9932,0.0033,+0.33%,15750,63316
S6Z16,2016-12-08,0.9939,0.9985,0.9828,0.9843,-0.0089,-0.90%,43718,64466
S6Z16,2016-12-09,0.9843,0.9852,0.9794,0.9829,-0.0014,-0.14%,24379,62220
S6Z16,2016-12-12,0.9832,0.988,0.9808,0.9861,0.0032,+0.33%,26903,62801
S6Z16,2016-12-13,0.9879,0.9903,0.986,0.9876,0.0015,+0.15%,28969,64633
S6Z16,2016-12-14,0.9883,0.992,0.9784,0.9818,-0.0058,-0.59%,77305,77720
S6Z16,2016-12-15,0.9801,0.9805,0.9669,0.971,-0.0108,-1.10%,73970,87961
S6H17,2016-12-16,0.9766,0.9819,0.9752,0.9785,0.0075,+0.77%,59227,92928
S6H17,2016-12-19,0.9795,0.9838,0.9779,0.9791,0.0006,+0.06%,18988,55149
S6H17,2016-12-20,0.9786,0.98,0.9744,0.9777,-0.0014,-0.14%,16209,55185
S6H17,2016-12-21,0.9778,0.9831,0.9767,0.9798,0.0021,+0.21%,38846,54602
S6H17,2016-12-22,0.9796,0.9836,0.9788,0.9799,0.0001,+0.01%,14901,55214
S6H17,2016-12-23,0.9796,0.9813,0.9777,0.9786,-0.0013,-0.13%,7880,55045
S6H17,2016-12-27,0.9786,0.9789,0.9759,0.978,-0.0006,-0.06%,7343,54605
S6H17,2016-12-28,0.9774,0.9793,0.9738,0.9774,-0.0006,-0.06%,12534,54452
S6H17,2016-12-29,0.9769,0.9838,0.9764,0.9808,0.0034,+0.35%,15533,53362
S6H17,2016-12-30,0.9819,1.0029,0.9812,0.9866,0.0058,+0.59%,24007,54063
S6H17,2017-01-03,0.9813,0.9833,0.9713,0.9775,-0.0091,-0.92%,30271,53455
S6H17,2017-01-04,0.9777,0.984,0.9755,0.9811,0.0036,+0.37%,20688,53986
S6H17,2017-01-05,0.9825,0.9949,0.982,0.9929,0.0118,+1.20%,32129,52177
S6H17,2017-01-06,0.994,0.9942,0.9852,0.9856,-0.0073,-0.74%,24906,51565
S6H17,2017-01-09,0.9863,0.9894,0.984,0.9892,0.0036,+0.37%,18917,50039
S6H17,2017-01-10,0.9891,0.9922,0.9858,0.9868,-0.0024,-0.24%,16217,50253
S6H17,2017-01-11,0.9863,0.9931,0.9789,0.9886,0.0018,+0.18%,38485,50625
S6H17,2017-01-12,0.9887,0.9974,0.9883,0.9927,0.0041,+0.41%,23517,49578
S6H17,2017-01-13,0.9925,0.9989,0.9909,0.9939,0.0012,+0.12%,20192,48014
S6H17,2017-01-17,0.9929,1.0034,0.9894,1.0008,0.0069,+0.69%,35241,45713
S6H17,2017-01-18,1.0013,1.0019,0.9952,0.9987,-0.0021,-0.21%,18582,45626
S6H17,2017-01-19,0.9956,0.9985,0.9906,0.9955,-0.0032,-0.32%,25430,45820
S6H17,2017-01-20,0.9967,1.0013,0.9933,1.001,0.0055,+0.55%,18952,45244
S6H17,2017-01-23,1.0006,1.0062,1.0006,1.0041,0.0031,+0.31%,19621,45692
S6H17,2017-01-24,1.0061,1.0067,1.0005,1.0007,-0.0034,-0.34%,14172,45493
S6H17,2017-01-25,1.001,1.0058,0.9999,1.0023,0.0016,+0.16%,15649,45345
S6H17,2017-01-26,1.003,1.0055,0.9997,1.003,0.0007,+0.07%,23425,44620
S6H17,2017-01-27,1.002,1.0053,0.9992,1.0034,0.0004,+0.04%,16042,45383
S6H17,2017-01-30,1.0041,1.009,0.9976,1.0071,0.0037,+0.37%,27578,46513
S6H17,2017-01-31,1.0073,1.0163,1.0055,1.0136,0.0065,+0.65%,34313,49558
S6H17,2017-02-01,1.013,1.0138,1.0061,1.0102,-0.0034,-0.34%,24349,49145
S6H17,2017-02-02,1.0087,1.0151,1.0081,1.0093,-0.0009,-0.09%,17766,49319
S6H17,2017-02-03,1.0091,1.0112,1.0022,1.0082,-0.0011,-0.11%,22912,48572
S6H17,2017-02-06,1.0098,1.0115,1.0056,1.0107,0.0025,+0.25%,13043,48838
S6H17,2017-02-07,1.0106,1.0109,1.001,1.0051,-0.0056,-0.55%,20176,48883
S6H17,2017-02-08,1.0043,1.0086,1.0016,1.0063,0.0012,+0.12%,17655,48036
S6H17,2017-02-09,1.0066,1.0079,0.9995,0.9999,-0.0064,-0.64%,22137,48259
S6H17,2017-02-10,0.9998,1.0004,0.9952,0.9979,-0.002,-0.20%,18324,47923
S6H17,2017-02-13,0.9974,0.9994,0.9944,0.9957,-0.0022,-0.22%,13005,47803
S6H17,2017-02-14,0.9951,0.9981,0.9929,0.9944,-0.0013,-0.13%,17336,47482
S6H17,2017-02-15,0.9948,0.9965,0.988,0.9946,0.0002,+0.02%,22772,47052
S6H17,2017-02-16,0.9953,1.0046,0.9951,1.004,0.0094,+0.95%,21243,48347
S6H17,2017-02-17,1.0041,1.0043,0.9976,0.9978,-0.0062,-0.62%,16450,47815
S6H17,2017-02-21,0.9988,0.9998,0.9904,0.9925,-0.0053,-0.53%,25342,48398
S6H17,2017-02-22,0.9913,0.9931,0.987,0.9916,-0.0009,-0.09%,23215,49016
S6H17,2017-02-23,0.9901,0.9954,0.9893,0.9937,0.0021,+0.21%,16029,46932
S6H17,2017-02-24,0.9939,0.9984,0.9927,0.9935,-0.0002,-0.02%,17945,45866
S6H17,2017-02-27,0.9932,0.9961,0.9908,0.9915,-0.002,-0.20%,16841,46263
S6H17,2017-02-28,0.9916,0.9997,0.9904,0.996,0.0045,+0.45%,25484,46601
S6H17,2017-03-01,0.9945,0.9952,0.9876,0.9915,-0.0045,-0.45%,28175,47932
S6H17,2017-03-02,0.9917,0.9919,0.9859,0.9865,-0.005,-0.50%,19908,51367
S6H17,2017-03-03,0.987,0.9928,0.9868,0.9909,0.0044,+0.45%,25956,53196
S6H17,2017-03-06,0.9923,0.993,0.9875,0.9887,-0.0022,-0.22%,24774,53728
S6H17,2017-03-07,0.9881,0.9896,0.9833,0.987,-0.0017,-0.17%,26459,56508
S6H17,2017-03-08,0.9867,0.9881,0.985,0.9859,-0.0011,-0.11%,55468,60610
S6M17,2017-03-09,0.9908,0.9967,0.99,0.9959,0.01,+1.01%,66347,71520
S6M17,2017-03-10,0.9933,0.9979,0.9907,0.9964,0.0005,+0.05%,36708,74282
S6M17,2017-03-13,0.9956,0.9998,0.9941,0.9987,0.0023,+0.23%,22334,45416
S6M17,2017-03-14,0.9988,0.9988,0.995,0.996,-0.0027,-0.27%,14477,45623
S6M17,2017-03-15,0.9959,1.0074,0.9956,1.0052,0.0092,+0.92%,30437,45890
S6M17,2017-03-16,1.0056,1.0106,1.0043,1.0092,0.004,+0.40%,26137,43638
S6M17,2017-03-17,1.0094,1.0115,1.0066,1.0081,-0.0011,-0.11%,17478,42556
S6M17,2017-03-20,1.0078,1.0099,1.0065,1.0068,-0.0013,-0.13%,13418,42726
S6M17,2017-03-21,1.0066,1.0135,1.0051,1.0107,0.0039,+0.39%,21370,42613
S6M17,2017-03-22,1.0118,1.0175,1.0109,1.0137,0.003,+0.30%,24837,41689
S6M17,2017-03-23,1.0139,1.0142,1.0111,1.0121,-0.0016,-0.16%,14806,41022
S6M17,2017-03-24,1.0117,1.0164,1.0094,1.0148,0.0027,+0.27%,14671,40963
S6M17,2017-03-27,1.0164,1.0242,1.0157,1.0204,0.0056,+0.55%,24711,42767
S6M17,2017-03-28,1.0197,1.0222,1.0116,1.0129,-0.0075,-0.74%,22677,42124
S6M17,2017-03-29,1.0131,1.0137,1.0073,1.0084,-0.0045,-0.44%,21625,41408
S6M17,2017-03-30,1.0086,1.0097,1.0032,1.0046,-0.0038,-0.38%,23005,40536
S6M17,2017-03-31,1.0036,1.005,1.0014,1.004,-0.0006,-0.06%,21771,38284
S6M17,2017-04-03,1.0017,1.0036,1.0007,1.0027,-0.0013,-0.13%,17594,38964
S6M17,2017-04-04,1.0025,1.0032,1.0007,1.0025,-0.0002,-0.02%,13864,39010
S6M17,2017-04-05,1.0026,1.0031,0.9959,0.9995,-0.003,-0.30%,22513,41266
S6M17,2017-04-06,0.9996,1.0014,0.9974,0.9989,-0.0006,-0.06%,17689,41792
S6M17,2017-04-07,0.9986,1.0012,0.9945,0.9951,-0.0038,-0.38%,21040,44646
S6M17,2017-04-10,0.9941,0.9967,0.9934,0.9956,0.0005,+0.05%,15766,45270
S6M17,2017-04-11,0.9955,0.9984,0.9948,0.9967,0.0011,+0.11%,17068,46768
S6M17,2017-04-12,0.9966,1.0015,0.9948,0.9952,-0.0015,-0.15%,20890,46994
S6M17,2017-04-13,1.0007,1.0029,0.997,0.9986,0.0034,+0.34%,16218,47763
S6M17,2017-04-17,0.9985,1.0027,0.9979,0.9993,0.0007,+0.07%,9078,47484
S6M17,2017-04-18,0.9989,1.0081,0.9988,1.0074,0.0081,+0.81%,26792,48435
S6M17,2017-04-19,1.0075,1.0079,1.0043,1.006,-0.0014,-0.14%,19355,47861
S6M17,2017-04-20,1.0053,1.0093,1.0046,1.005,-0.001,-0.10%,19725,46806
S6M17,2017-04-21,1.0048,1.0079,1.0034,1.005,0,0.00%,20098,46541
S6M17,2017-04-24,1.012,1.0132,1.0053,1.007,0.002,+0.20%,29778,46941
S6M17,2017-04-25,1.0076,1.0114,1.0061,1.0103,0.0033,+0.33%,21353,46882
S6M17,2017-04-26,1.0097,1.0112,1.0061,1.0092,-0.0011,-0.11%,24821,45470
S6M17,2017-04-27,1.0095,1.0109,1.0066,1.0096,0.0004,+0.04%,23347,46061
S6M17,2017-04-28,1.0087,1.0138,1.0071,1.0088,-0.0008,-0.08%,34823,44809
S6M17,2017-05-01,1.008,1.0102,1.0063,1.0072,-0.0016,-0.16%,10059,44508
S6M17,2017-05-02,1.0069,1.0118,1.0063,1.0105,0.0033,+0.33%,24233,43343
S6M17,2017-05-03,1.0112,1.0139,1.0077,1.0097,-0.0008,-0.08%,23334,44194
S6M17,2017-05-04,1.0083,1.0165,1.0068,1.0154,0.0057,+0.56%,31333,46289
S6M17,2017-05-05,1.0166,1.0169,1.0122,1.0152,-0.0002,-0.02%,25656,46500
S6M17,2017-05-08,1.0145,1.0148,1.0031,1.0043,-0.0109,-1.07%,34852,46309
S6M17,2017-05-09,1.0035,1.0046,0.9932,0.9936,-0.0107,-1.07%,34408,48410
S6M17,2017-05-10,0.9947,0.9974,0.9927,0.9931,-0.0005,-0.05%,33651,49195
S6M17,2017-05-11,0.9934,0.9965,0.9921,0.9948,0.0017,+0.17%,30238,51639
S6M17,2017-05-12,0.9944,1.0032,0.9935,1,0.0052,+0.52%,29758,52804
S6M17,2017-05-15,1.0015,1.0062,1,1.0057,0.0057,+0.57%,23454,50823
S6M17,2017-05-16,1.0059,1.0174,1.0054,1.0172,0.0115,+1.14%,33576,48928
S6M17,2017-05-17,1.0164,1.025,1.0163,1.0233,0.0061,+0.60%,44552,50013
S6M17,2017-05-18,1.0242,1.0265,1.0196,1.0223,-0.001,-0.10%,48508,50415
S6M17,2017-05-19,1.022,1.0299,1.0216,1.029,0.0067,+0.66%,28295,50193
S6M17,2017-05-22,1.0297,1.0335,1.0257,1.029,0,0.00%,26353,50830
S6M17,2017-05-23,1.0291,1.0323,1.0259,1.0268,-0.0022,-0.21%,27720,51178
S6M17,2017-05-24,1.026,1.029,1.0241,1.0267,-0.0001,-0.01%,25730,52489
S6M17,2017-05-25,1.0283,1.0322,1.0281,1.029,0.0023,+0.22%,16313,51997
S6M17,2017-05-26,1.0291,1.0326,1.0258,1.0275,-0.0015,-0.15%,21433,52814
S6M17,2017-05-30,1.0271,1.0288,1.0208,1.0275,0,0.00%,37763,54403
S6M17,2017-05-31,1.0268,1.0353,1.0256,1.0349,0.0074,+0.72%,33824,55504
S6M17,2017-06-01,1.0344,1.0349,1.0297,1.0303,-0.0046,-0.44%,24008,52950
S6M17,2017-06-02,1.0304,1.0403,1.0298,1.0389,0.0086,+0.83%,26720,53111
S6M17,2017-06-05,1.0391,1.0395,1.0355,1.0372,-0.0017,-0.16%,17188,52439
S6M17,2017-06-06,1.0371,1.041,1.0367,1.0397,0.0025,+0.24%,23070,51728
S6M17,2017-06-07,1.0403,1.0405,1.0341,1.0369,-0.0028,-0.27%,27355,52102
S6M17,2017-06-08,1.0368,1.0379,1.0318,1.0349,-0.002,-0.19%,25068,52207
S6M17,2017-06-09,1.0337,1.0341,1.0285,1.0325,-0.0024,-0.23%,25306,52119
S6M17,2017-06-12,1.0321,1.0345,1.0319,1.0331,0.0006,+0.06%,38622,55990
S6M17,2017-06-13,1.0327,1.0354,1.0312,1.033,-0.0001,-0.01%,30335,55138
S6M17,2017-06-14,1.0327,1.0376,1.0274,1.0292,-0.0038,-0.37%,66197,54360
S6M17,2017-06-15,1.0296,1.0306,1.0236,1.0258,-0.0034,-0.33%,49178,51656
S6U17,2017-06-16,1.0312,1.0343,1.031,1.0331,0.0073,+0.71%,31061,53613
S6U17,2017-06-19,1.0338,1.0375,1.0307,1.0311,-0.002,-0.19%,20217,34235
S6U17,2017-06-20,1.0308,1.0342,1.0299,1.0314,0.0003,+0.03%,18925,35051
S6U17,2017-06-21,1.0316,1.0347,1.0312,1.0337,0.0023,+0.22%,15475,34885
S6U17,2017-06-22,1.034,1.0353,1.0321,1.0339,0.0002,+0.02%,15329,35612
S6U17,2017-06-23,1.0344,1.0393,1.0343,1.0376,0.0037,+0.36%,21086,35135
S6U17,2017-06-26,1.0375,1.038,1.0324,1.0339,-0.0037,-0.36%,24026,35613
S6U17,2017-06-27,1.034,1.0482,1.033,1.0477,0.0138,+1.33%,37062,37364
S6U17,2017-06-28,1.0473,1.0495,1.0419,1.0482,0.0005,+0.05%,46766,37017
S6U17,2017-06-29,1.0473,1.0517,1.047,1.0507,0.0025,+0.24%,29440,37844
S6U17,2017-06-30,1.0517,1.0519,1.0469,1.0478,-0.0029,-0.28%,25255,38831
S6U17,2017-07-03,1.0482,1.0483,1.0419,1.0419,-0.0059,-0.56%,20293,38491
S6U17,2017-07-05,1.0425,1.0441,1.0368,1.0409,-0.001,-0.10%,33080,38353
S6U17,2017-07-06,1.0419,1.0462,1.0397,1.0452,0.0043,+0.41%,20779,37936
S6U17,2017-07-07,1.0454,1.0461,1.0404,1.0418,-0.0034,-0.33%,19554,37909
S6U17,2017-07-10,1.0421,1.0429,1.038,1.0404,-0.0014,-0.13%,13087,37724
S6U17,2017-07-11,1.0397,1.0436,1.0356,1.0431,0.0027,+0.26%,24376,37943
S6U17,2017-07-12,1.0421,1.0457,1.0394,1.0405,-0.0026,-0.25%,25523,37853
S6U17,2017-07-13,1.0399,1.0441,1.0364,1.0384,-0.0021,-0.20%,27695,38870
S6U17,2017-07-14,1.038,1.0426,1.0349,1.0416,0.0032,+0.31%,25411,38430
S6U17,2017-07-17,1.0418,1.0465,1.0393,1.0436,0.002,+0.19%,24278,38842
S6U17,2017-07-18,1.0428,1.0542,1.042,1.0517,0.0081,+0.78%,34274,43183
S6U17,2017-07-19,1.0515,1.0534,1.05,1.0509,-0.0008,-0.08%,23803,42730
S6U17,2017-07-20,1.0506,1.0573,1.0387,1.0547,0.0038,+0.36%,49087,43051
S6U17,2017-07-21,1.0551,1.0633,1.0539,1.0631,0.0084,+0.80%,27439,44285
S6U17,2017-07-24,1.0619,1.0625,1.0591,1.0606,-0.0025,-0.24%,26533,44586
S6U17,2017-07-25,1.0597,1.0613,1.0534,1.0548,-0.0058,-0.55%,26247,45005
S6U17,2017-07-26,1.0537,1.0563,1.0458,1.0528,-0.002,-0.19%,41555,42999
S6U17,2017-07-27,1.0556,1.0571,1.0382,1.0403,-0.0125,-1.19%,47376,42397
S6U17,2017-07-28,1.0391,1.0414,1.0312,1.0362,-0.0041,-0.39%,52681,40942
S6U17,2017-07-31,1.0345,1.0408,1.0326,1.0374,0.0012,+0.12%,40293,39787
S6U17,2017-08-01,1.0373,1.0413,1.0358,1.0381,0.0007,+0.07%,31100,39812
S6U17,2017-08-02,1.0388,1.0394,1.0325,1.0338,-0.0043,-0.41%,33557,41236
S6U17,2017-08-03,1.0334,1.0367,1.0317,1.0344,0.0006,+0.06%,31435,41865
S6U17,2017-08-04,1.0353,1.0368,1.0268,1.0304,-0.004,-0.39%,36348,43131
S6U17,2017-08-07,1.0304,1.0323,1.0286,1.0302,-0.0002,-0.02%,17126,42283
S6U17,2017-08-08,1.0301,1.0325,1.0258,1.0281,-0.0021,-0.20%,21547,43122
S6U17,2017-08-09,1.0296,1.043,1.0293,1.0403,0.0122,+1.19%,51568,38829
S6U17,2017-08-10,1.04,1.042,1.0359,1.0402,-0.0001,-0.01%,26437,38350
S6U17,2017-08-11,1.0415,1.0461,1.0397,1.0427,0.0025,+0.24%,38096,37911
S6U17,2017-08-14,1.042,1.042,1.0296,1.0309,-0.0118,-1.13%,30052,38951
S6U17,2017-08-15,1.0308,1.0328,1.0268,1.0298,-0.0011,-0.11%,25699,39380
S6U17,2017-08-16,1.0303,1.0386,1.0261,1.0367,0.0069,+0.67%,32524,39010
S6U17,2017-08-17,1.0379,1.0432,1.0331,1.0414,0.0047,+0.45%,31427,37702
S6U17,2017-08-18,1.0407,1.0451,1.036,1.0385,-0.0029,-0.28%,32518,38913
S6U17,2017-08-21,1.0383,1.0434,1.0343,1.0415,0.003,+0.29%,20006,38338
S6U17,2017-08-22,1.0416,1.0416,1.0338,1.0342,-0.0073,-0.70%,18511,40420
S6U17,2017-08-23,1.0345,1.0389,1.0324,1.0378,0.0036,+0.35%,24145,39658
S6U17,2017-08-24,1.0376,1.0411,1.0358,1.0368,-0.001,-0.10%,17522,40979
S6U17,2017-08-25,1.0374,1.0508,1.0363,1.0461,0.0093,+0.90%,30749,41375
S6U17,2017-08-28,1.0482,1.0511,1.0451,1.0486,0.0025,+0.24%,22367,41986
S6U17,2017-08-29,1.0516,1.0622,1.0472,1.0497,0.0011,+0.10%,41313,42067
S6U17,2017-08-30,1.0484,1.0496,1.038,1.0393,-0.0104,-0.99%,36407,41111
S6U17,2017-08-31,1.0397,1.0445,1.034,1.0428,0.0035,+0.34%,37432,42005
S6U17,2017-09-01,1.0444,1.0487,1.0369,1.0373,-0.0055,-0.53%,35243,43228
S6U17,2017-09-05,1.0422,1.0498,1.0406,1.0486,0.0113,+1.09%,59389,42019
S6U17,2017-09-06,1.0479,1.0503,1.0444,1.0456,-0.003,-0.29%,34702,41587
S6U17,2017-09-07,1.0467,1.0539,1.0414,1.0504,0.0048,+0.46%,45095,43234
S6U17,2017-09-08,1.0524,1.062,1.0523,1.0587,0.0083,+0.79%,37179,44622
S6U17,2017-09-11,1.057,1.0571,1.0455,1.0483,-0.0104,-0.98%,38392,45062
S6U17,2017-09-12,1.0464,1.0479,1.04,1.0414,-0.0069,-0.66%,51369,44076
S6U17,2017-09-13,1.0417,1.0437,1.0354,1.0355,-0.0059,-0.57%,66839,45690
S6U17,2017-09-14,1.0372,1.04,1.0305,1.0377,0.0022,+0.21%,69089,43095
S6Z17,2017-09-15,1.0439,1.0515,1.0426,1.0487,0.011,+1.06%,39451,42851
S6Z17,2017-09-18,1.047,1.0499,1.0432,1.0462,-0.0025,-0.24%,24140,35269
S6Z17,2017-09-19,1.0456,1.0481,1.0423,1.0448,-0.0014,-0.13%,23458,35451
S6Z17,2017-09-20,1.045,1.0488,1.0349,1.0366,-0.0082,-0.78%,38225,37034
S6Z17,2017-09-21,1.0369,1.0381,1.0314,1.0344,-0.0022,-0.21%,31109,38061
S6Z17,2017-09-22,1.0354,1.0398,1.0353,1.0364,0.002,+0.19%,28832,38137
S6Z17,2017-09-25,1.0362,1.0428,1.0311,1.0401,0.0037,+0.36%,33694,38206
S6Z17,2017-09-26,1.0402,1.0416,1.0336,1.0375,-0.0026,-0.25%,32579,39765
S6Z17,2017-09-27,1.0376,1.0377,1.029,1.0351,-0.0024,-0.23%,34057,40801
S6Z17,2017-09-28,1.0339,1.0362,1.0298,1.036,0.0009,+0.09%,23879,40842
S6Z17,2017-09-29,1.0358,1.0392,1.0338,1.0378,0.0018,+0.17%,25399,41507
S6Z17,2017-10-02,1.0374,1.0379,1.0302,1.0311,-0.0067,-0.65%,26215,43101
S6Z17,2017-10-03,1.0309,1.0328,1.0267,1.0319,0.0008,+0.08%,22590,44571
S6Z17,2017-10-04,1.0314,1.0347,1.0292,1.0308,-0.0011,-0.11%,17115,45033
S6Z17,2017-10-05,1.03,1.031,1.0253,1.0262,-0.0046,-0.45%,17486,46491
S6Z17,2017-10-06,1.0267,1.028,1.0199,1.0267,0.0005,+0.05%,24832,47241
S6Z17,2017-10-09,1.0267,1.0277,1.024,1.0254,-0.0013,-0.13%,14351,48550
S6Z17,2017-10-10,1.0251,1.0316,1.0248,1.0299,0.0045,+0.44%,23606,49039
S6Z17,2017-10-11,1.03,1.0337,1.0283,1.032,0.0021,+0.20%,19440,49750
S6Z17,2017-10-12,1.0316,1.0339,1.0284,1.0293,-0.0027,-0.26%,20440,51461
S6Z17,2017-10-13,1.0293,1.0346,1.0275,1.0306,0.0013,+0.13%,24158,52450
S6Z17,2017-10-16,1.0302,1.0318,1.0277,1.0287,-0.0019,-0.18%,18871,53179
S6Z17,2017-10-17,1.0294,1.0299,1.0234,1.0264,-0.0023,-0.22%,24176,55168
S6Z17,2017-10-18,1.0262,1.027,1.0204,1.0236,-0.0028,-0.27%,20220,57157
S6Z17,2017-10-19,1.0231,1.0307,1.0226,1.0278,0.0042,+0.41%,31442,55377
S6Z17,2017-10-20,1.0278,1.0286,1.0186,1.019,-0.0088,-0.86%,33491,59464
S6Z17,2017-10-23,1.019,1.0206,1.0156,1.0171,-0.0019,-0.19%,24555,61124
S6Z17,2017-10-24,1.0187,1.0199,1.0122,1.0149,-0.0022,-0.22%,23593,63892
S6Z17,2017-10-25,1.0123,1.0166,1.0094,1.0143,-0.0006,-0.06%,35632,64566
S6Z17,2017-10-26,1.0141,1.0157,1.0052,1.0057,-0.0086,-0.85%,38060,67448
S6Z17,2017-10-27,1.0056,1.0061,0.9993,1.0045,-0.0012,-0.12%,36397,70952
S6Z17,2017-10-30,1.0055,1.0092,1.0034,1.0081,0.0036,+0.36%,27639,71873
S6Z17,2017-10-31,1.0081,1.0084,1.0036,1.0051,-0.003,-0.30%,27213,74717
S6Z17,2017-11-01,1.0055,1.0059,0.9991,0.9994,-0.0057,-0.57%,27246,76288
S6Z17,2017-11-02,1.0001,1.0078,0.9994,1.0036,0.0042,+0.42%,31445,77833
S6Z17,2017-11-03,1.0034,1.0084,1.0002,1.0019,-0.0017,-0.17%,26184,79861
S6Z17,2017-11-06,1.0021,1.0054,0.9997,1.0047,0.0028,+0.28%,18552,79650
S6Z17,2017-11-07,1.0052,1.0052,1.0006,1.0028,-0.0019,-0.19%,22210,79116
S6Z17,2017-11-08,1.0029,1.0044,1.0018,1.0023,-0.0005,-0.05%,15739,80353
S6Z17,2017-11-09,1.0025,1.0101,1.0005,1.0091,0.0068,+0.68%,40211,81397
S6Z17,2017-11-10,1.0083,1.0097,1.0054,1.0064,-0.0027,-0.27%,24395,82374
S6Z17,2017-11-13,1.0059,1.0086,1.0034,1.0065,0.0001,+0.01%,19504,82051
S6Z17,2017-11-14,1.0057,1.0141,1.005,1.0126,0.0061,+0.61%,24879,81661
S6Z17,2017-11-15,1.0127,1.0176,1.011,1.0134,0.0008,+0.08%,30270,81164
S6Z17,2017-11-16,1.0125,1.0136,1.0073,1.0082,-0.0052,-0.51%,20456,83035
S6Z17,2017-11-17,1.008,1.0143,1.0076,1.0134,0.0052,+0.52%,23066,83188
S6Z17,2017-11-20,1.012,1.014,1.008,1.0085,-0.0049,-0.48%,21857,83637
S6Z17,2017-11-21,1.0082,1.0119,1.0069,1.0097,0.0012,+0.12%,20907,82906
S6Z17,2017-11-22,1.0103,1.0207,1.0101,1.0202,0.0105,+1.04%,29601,81047
S6Z17,2017-11-24,1.0202,1.0233,1.0189,1.0222,0.002,+0.20%,28381,78541
S6Z17,2017-11-27,1.0223,1.0239,1.0196,1.0206,-0.0016,-0.16%,20515,78988
S6Z17,2017-11-28,1.0204,1.0213,1.0162,1.017,-0.0036,-0.35%,25887,79544
S6Z17,2017-11-29,1.0177,1.0196,1.0143,1.0176,0.0006,+0.06%,23862,81593
S6Z17,2017-11-30,1.0169,1.0197,1.0129,1.0171,-0.0005,-0.05%,32022,81139
S6Z17,2017-12-01,1.017,1.0281,1.0139,1.0257,0.0086,+0.85%,49614,79512
S6Z17,2017-12-04,1.0213,1.0219,1.0143,1.0153,-0.0104,-1.01%,27952,80009
S6Z17,2017-12-05,1.0164,1.0174,1.0121,1.0126,-0.0027,-0.27%,20566,80778
S6Z17,2017-12-06,1.0135,1.0154,1.0098,1.0105,-0.0021,-0.21%,32022,81986
S6Z17,2017-12-07,1.0111,1.0135,1.0059,1.0062,-0.0043,-0.43%,27389,84160
S6Z17,2017-12-08,1.0061,1.0083,1.0027,1.0078,0.0016,+0.16%,46417,91588
S6Z17,2017-12-11,1.0076,1.0108,1.0071,1.0091,0.0013,+0.13%,42919,92450
S6Z17,2017-12-12,1.0085,1.0115,1.0068,1.0081,-0.001,-0.10%,47271,95115
S6Z17,2017-12-13,1.0085,1.0163,1.0075,1.0159,0.0078,+0.77%,120865,116389
S6H18,2017-12-14,1.0222,1.0243,1.0179,1.0212,0.0053,+0.52%,96090,127697
S6H18,2017-12-15,1.019,1.0213,1.0153,1.0181,-0.0031,-0.30%,43537,126890
S6H18,2017-12-18,1.0178,1.0247,1.017,1.0228,0.0047,+0.46%,22332,78689
S6H18,2017-12-19,1.0229,1.0248,1.0201,1.0225,-0.0003,-0.03%,23554,78872
S6H18,2017-12-20,1.0232,1.0251,1.0193,1.021,-0.0015,-0.15%,21031,78435
S6H18,2017-12-21,1.0211,1.0219,1.0164,1.0194,-0.0016,-0.16%,19048,80611
S6H18,2017-12-22,1.0191,1.0202,1.0165,1.0178,-0.0016,-0.16%,14001,81387
S6H18,2017-12-26,1.019,1.0192,1.0159,1.0186,0.0008,+0.08%,5874,81655
S6H18,2017-12-27,1.0183,1.0221,1.0175,1.0212,0.0026,+0.26%,16991,82456
S6H18,2017-12-28,1.0211,1.0289,1.0191,1.0278,0.0066,+0.65%,20154,80131
S6H18,2017-12-29,1.0271,1.0329,1.0269,1.0327,0.0049,+0.48%,17121,77423
S6H18,2018-01-02,1.0326,1.0365,1.0313,1.0343,0.0016,+0.15%,23155,75662
S6H18,2018-01-03,1.0346,1.035,1.0258,1.0288,-0.0055,-0.53%,25658,75432
S6H18,2018-01-04,1.0284,1.0321,1.0275,1.031,0.0022,+0.21%,17198,73383
S6H18,2018-01-05,1.0308,1.0317,1.0269,1.0301,-0.0009,-0.09%,20929,72602
S6H18,2018-01-08,1.0301,1.0309,1.0269,1.0276,-0.0025,-0.24%,19661,71676
S6H18,2018-01-09,1.028,1.0287,1.0207,1.0216,-0.006,-0.58%,30193,77070
S6H18,2018-01-10,1.022,1.0301,1.0204,1.0272,0.0056,+0.55%,31173,70873
S6H18,2018-01-11,1.0269,1.0322,1.0233,1.0293,0.0021,+0.20%,30517,69264
S6H18,2018-01-12,1.0296,1.0392,1.0281,1.037,0.0077,+0.75%,41086,69893
S6H18,2018-01-16,1.0385,1.0483,1.0371,1.047,0.01,+0.96%,54833,70214
S6H18,2018-01-17,1.0466,1.0491,1.0399,1.0448,-0.0022,-0.21%,35131,70455
S6H18,2018-01-18,1.0395,1.0487,1.0382,1.0477,0.0029,+0.28%,30238,70829
S6H18,2018-01-19,1.0475,1.0529,1.0408,1.0438,-0.0039,-0.37%,28492,70589
S6H18,2018-01-22,1.044,1.0466,1.0415,1.0433,-0.0005,-0.05%,22671,70879
S6H18,2018-01-23,1.0436,1.0495,1.042,1.0479,0.0046,+0.44%,23201,71767
S6H18,2018-01-24,1.0482,1.065,1.0477,1.062,0.0141,+1.35%,43303,73330
S6H18,2018-01-25,1.0614,1.0804,1.06,1.0648,0.0028,+0.26%,74480,73138
S6H18,2018-01-26,1.0648,1.0764,1.0645,1.0732,0.0084,+0.79%,49937,70814
S6H18,2018-01-29,1.0744,1.075,1.0692,1.0714,-0.0018,-0.17%,43933,72374
S6H18,2018-01-30,1.0703,1.0779,1.0681,1.0747,0.0033,+0.31%,30944,72587
S6H18,2018-01-31,1.0738,1.0802,1.0722,1.0776,0.0029,+0.27%,36107,71241
S6H18,2018-02-01,1.0769,1.0839,1.074,1.0816,0.004,+0.37%,34817,71967
S6H18,2018-02-02,1.0835,1.0837,1.0745,1.0772,-0.0044,-0.41%,34991,71935
S6H18,2018-02-05,1.0761,1.08,1.0698,1.0726,-0.0046,-0.43%,35741,73741
S6H18,2018-02-06,1.0767,1.0777,1.0673,1.0717,-0.0009,-0.08%,38402,73968
S6H18,2018-02-07,1.0712,1.0738,1.0608,1.0639,-0.0078,-0.73%,31505,75205
S6H18,2018-02-08,1.0625,1.0719,1.0589,1.0704,0.0065,+0.61%,36801,74714
S6H18,2018-02-09,1.0717,1.0725,1.0657,1.0681,-0.0023,-0.21%,29355,74305
S6H18,2018-02-12,1.0668,1.0708,1.0665,1.0677,-0.0004,-0.04%,17406,75169
S6H18,2018-02-13,1.0674,1.0754,1.0668,1.0728,0.0051,+0.48%,20518,74651
S6H18,2018-02-14,1.0718,1.0797,1.0693,1.077,0.0042,+0.39%,30266,69889
S6H18,2018-02-15,1.0792,1.0881,1.0786,1.0861,0.0091,+0.84%,24144,69627
S6H18,2018-02-16,1.0865,1.0908,1.079,1.0805,-0.0056,-0.52%,24121,69277
S6H18,2018-02-20,1.0805,1.0819,1.0695,1.0707,-0.0098,-0.91%,30523,69137
S6H18,2018-02-21,1.0699,1.0724,1.0662,1.0675,-0.0032,-0.30%,21328,69840
S6H18,2018-02-22,1.0664,1.0741,1.0646,1.0735,0.006,+0.56%,19274,69711
S6H18,2018-02-23,1.0734,1.0742,1.0686,1.0697,-0.0038,-0.35%,18546,70192
S6H18,2018-02-26,1.0689,1.074,1.0666,1.0678,-0.0019,-0.18%,18028,69833
S6H18,2018-02-27,1.0673,1.0701,1.0634,1.0666,-0.0012,-0.11%,29951,69018
S6H18,2018-02-28,1.0667,1.0667,1.0584,1.0609,-0.0057,-0.53%,26136,68481
S6H18,2018-03-01,1.0602,1.0639,1.055,1.062,0.0011,+0.10%,41942,70004
S6H18,2018-03-02,1.0631,1.072,1.0622,1.0684,0.0064,+0.60%,38277,63989
S6H18,2018-03-05,1.0693,1.0702,1.0639,1.0643,-0.0041,-0.38%,22762,61765
S6H18,2018-03-06,1.065,1.0694,1.0627,1.064,-0.0003,-0.03%,26759,62349
S6H18,2018-03-07,1.0677,1.0696,1.0599,1.0607,-0.0033,-0.31%,30956,62980
S6H18,2018-03-08,1.0607,1.062,1.051,1.0515,-0.0092,-0.87%,28525,63703
S6H18,2018-03-09,1.0519,1.0545,1.0494,1.0522,0.0007,+0.07%,25842,62262
S6H18,2018-03-12,1.052,1.0576,1.0515,1.057,0.0048,+0.46%,30377,61893
S6H18,2018-03-13,1.0556,1.061,1.0537,1.0598,0.0028,+0.26%,34662,63221
S6H18,2018-03-14,1.0601,1.0614,1.0552,1.059,-0.0008,-0.08%,64746,68122
S6H18,2018-03-15,1.0586,1.0602,1.0505,1.0509,-0.0081,-0.76%,40210,67932
S6M18,2018-03-16,1.0595,1.0628,1.0558,1.0581,0.0072,+0.69%,44808,68231
S6M18,2018-03-19,1.0587,1.0617,1.0553,1.0615,0.0034,+0.32%,19584,42971
S6M18,2018-03-20,1.0596,1.0606,1.0531,1.0548,-0.0067,-0.63%,21268,44305
S6M18,2018-03-21,1.0539,1.0622,1.0536,1.06,0.0052,+0.49%,29178,45697
S6M18,2018-03-22,1.0612,1.0647,1.0587,1.0596,-0.0004,-0.04%,28947,45408
S6M18,2018-03-23,1.0617,1.0665,1.0609,1.0641,0.0045,+0.42%,23166,45092
S6M18,2018-03-26,1.0648,1.0676,1.0614,1.066,0.0019,+0.18%,22142,44462
S6M18,2018-03-27,1.0655,1.0674,1.0589,1.0632,-0.0028,-0.26%,22878,44649
S6M18,2018-03-28,1.0637,1.0639,1.0505,1.0519,-0.0113,-1.06%,29098,47712
S6M18,2018-03-29,1.0512,1.054,1.0499,1.0514,-0.0005,-0.05%,24719,46925
S6M18,2018-04-02,1.0541,1.0563,1.0521,1.0539,0.0025,+0.24%,13946,46913
S6M18,2018-04-03,1.0534,1.0554,1.0483,1.0491,-0.0048,-0.46%,22968,48734
S6M18,2018-04-04,1.0493,1.0534,1.0469,1.0475,-0.0016,-0.15%,20148,49250
S6M18,2018-04-05,1.0472,1.048,1.0434,1.0441,-0.0034,-0.32%,18852,49991
S6M18,2018-04-06,1.0439,1.05,1.0422,1.0491,0.005,+0.48%,24415,50883
S6M18,2018-04-09,1.0485,1.0519,1.0465,1.0515,0.0024,+0.23%,15495,51143
S6M18,2018-04-10,1.0518,1.0547,1.0495,1.051,-0.0005,-0.05%,22298,51144
S6M18,2018-04-11,1.0507,1.0522,1.0477,1.0493,-0.0017,-0.16%,24917,51059
S6M18,2018-04-12,1.0495,1.0503,1.0419,1.0448,-0.0045,-0.43%,23717,54353
S6M18,2018-04-13,1.044,1.0472,1.0428,1.0447,-0.0001,-0.01%,16496,56510
S6M18,2018-04-16,1.044,1.0494,1.0429,1.0472,0.0025,+0.24%,16568,56259
S6M18,2018-04-17,1.0469,1.0489,1.0383,1.0402,-0.007,-0.67%,25227,59012
S6M18,2018-04-18,1.0399,1.0412,1.0361,1.0377,-0.0025,-0.24%,27658,58803
S6M18,2018-04-19,1.0373,1.0394,1.0331,1.0334,-0.0043,-0.41%,29166,61213
S6M18,2018-04-20,1.034,1.0347,1.0292,1.0304,-0.003,-0.29%,24730,63936
S6M18,2018-04-23,1.0297,1.0305,1.0262,1.0266,-0.0038,-0.37%,35355,67783
S6M18,2018-04-24,1.0266,1.0283,1.0237,1.0262,-0.0004,-0.04%,25031,71004
S6M18,2018-04-25,1.0258,1.0261,1.0198,1.022,-0.0042,-0.41%,26469,73410
S6M18,2018-04-26,1.021,1.0228,1.0146,1.015,-0.007,-0.68%,31412,78166
S6M18,2018-04-27,1.0144,1.0169,1.0116,1.0162,0.0012,+0.12%,34400,79949
S6M18,2018-04-30,1.0161,1.0168,1.0119,1.0132,-0.003,-0.30%,25076,83068
S6M18,2018-05-01,1.0133,1.0136,1.0068,1.0073,-0.0059,-0.58%,19780,84228
S6M18,2018-05-02,1.007,1.0102,1.0036,1.0067,-0.0006,-0.06%,38239,87417
S6M18,2018-05-03,1.0045,1.0079,1.0034,1.0059,-0.0008,-0.08%,28618,90224
S6M18,2018-05-04,1.0057,1.0069,1.0011,1.0028,-0.0031,-0.31%,32110,93383
S6M18,2018-05-07,1.0029,1.0048,0.9977,1.0005,-0.0023,-0.23%,19611,94337
S6M18,2018-05-08,1.0001,1.0028,0.9986,1.001,0.0005,+0.05%,30574,97900
S6M18,2018-05-09,1.0013,1.0025,0.9973,0.9981,-0.0029,-0.29%,22117,99431
S6M18,2018-05-10,0.9974,1.0035,0.9972,1.0006,0.0025,+0.25%,24141,101293
S6M18,2018-05-11,0.9996,1.0052,0.9988,1.0018,0.0012,+0.12%,23836,102825
S6M18,2018-05-14,1.0025,1.0069,1.0018,1.0026,0.0008,+0.08%,24603,103913
S6M18,2018-05-15,1.0024,1.0043,0.9985,1.0004,-0.0022,-0.22%,26243,103691
S6M18,2018-05-16,1.0014,1.0042,1.0007,1.0014,0.001,+0.10%,21804,103709
S6M18,2018-05-17,1.0018,1.0037,0.9989,1.001,-0.0004,-0.04%,21134,102807
S6M18,2018-05-18,1.0007,1.0072,1.0004,1.0045,0.0035,+0.35%,22435,103829
S6M18,2018-05-21,1.0045,1.0053,1.0021,1.0045,0,0.00%,18032,104289
S6M18,2018-05-22,1.0052,1.0104,1.0031,1.0092,0.0047,+0.47%,28269,104258
S6M18,2018-05-23,1.0094,1.0128,1.0042,1.0059,-0.0033,-0.33%,42661,108171
S6M18,2018-05-24,1.0069,1.0133,1.0068,1.0103,0.0044,+0.44%,26148,107431
S6M18,2018-05-25,1.0109,1.0127,1.0081,1.0101,-0.0002,-0.02%,25510,108009
S6M18,2018-05-29,1.0098,1.0168,1.0032,1.0138,0.0037,+0.37%,62926,107190
S6M18,2018-05-30,1.0107,1.0138,1.0081,1.0124,-0.0014,-0.14%,34392,101985
S6M18,2018-05-31,1.012,1.0189,1.012,1.0164,0.004,+0.40%,33156,100973
S6M18,2018-06-01,1.0155,1.0172,1.0098,1.0125,-0.0039,-0.38%,26813,100798
S6M18,2018-06-04,1.0129,1.0183,1.0117,1.0127,0.0002,+0.02%,20872,100746
S6M18,2018-06-05,1.013,1.0182,1.0117,1.0165,0.0038,+0.38%,20323,100867
S6M18,2018-06-06,1.0167,1.0176,1.0124,1.0152,-0.0013,-0.13%,27081,98747
S6M18,2018-06-07,1.0151,1.0223,1.0144,1.0208,0.0056,+0.55%,27434,99791
S6M18,2018-06-08,1.0212,1.0213,1.0119,1.0157,-0.0051,-0.50%,26803,99245
S6M18,2018-06-11,1.0165,1.0169,1.0133,1.0158,0.0001,+0.01%,36067,97850
S6M18,2018-06-12,1.0152,1.0178,1.0122,1.0147,-0.0011,-0.11%,48230,101245
S6M18,2018-06-13,1.0136,1.0166,1.0109,1.0142,-0.0005,-0.05%,118982,126912
S6U18,2018-06-14,1.0228,1.0258,1.0106,1.0115,-0.0027,-0.27%,90761,143565
S6U18,2018-06-15,1.0111,1.0134,1.009,1.0106,-0.0009,-0.09%,45671,145507
S6U18,2018-06-18,1.01,1.0143,1.0088,1.013,0.0024,+0.24%,14461,93114
S6U18,2018-06-19,1.012,1.0161,1.01,1.0129,-0.0001,-0.01%,19357,93601
S6U18,2018-06-20,1.0138,1.014,1.0093,1.0117,-0.0012,-0.12%,19678,96954
S6U18,2018-06-21,1.0113,1.0179,1.0086,1.0166,0.0049,+0.48%,26984,93539
S6U18,2018-06-22,1.0161,1.0203,1.0155,1.0201,0.0035,+0.34%,17237,92766
S6U18,2018-06-25,1.0195,1.0219,1.0183,1.0217,0.0016,+0.16%,16715,92061
S6U18,2018-06-26,1.0203,1.0215,1.0149,1.0162,-0.0055,-0.54%,18053,92933
S6U18,2018-06-27,1.0162,1.018,1.0093,1.0101,-0.0061,-0.60%,22299,94788
S6U18,2018-06-28,1.0101,1.0107,1.0075,1.0081,-0.002,-0.20%,22344,95887
S6U18,2018-06-29,1.0087,1.0174,1.0085,1.0155,0.0074,+0.73%,31913,95328
S6U18,2018-07-02,1.0162,1.0164,1.0098,1.0116,-0.0039,-0.38%,21505,93158
S6U18,2018-07-03,1.0125,1.0152,1.0115,1.0136,0.002,+0.20%,17796,91196
S6U18,2018-07-05,1.0141,1.0158,1.0113,1.0119,-0.0017,-0.17%,24593,90471
S6U18,2018-07-06,1.0124,1.0179,1.0116,1.016,0.0041,+0.41%,18855,90239
S6U18,2018-07-09,1.0169,1.0204,1.0129,1.0141,-0.0019,-0.19%,22765,90024
S6U18,2018-07-10,1.0141,1.0149,1.0095,1.0135,-0.0006,-0.06%,21904,89910
S6U18,2018-07-11,1.0134,1.0152,1.009,1.0096,-0.0039,-0.38%,27187,90008
S6U18,2018-07-12,1.0096,1.0105,1.0025,1.0029,-0.0067,-0.66%,28676,92749
S6U18,2018-07-13,1.0029,1.0038,0.9984,1.0031,0.0002,+0.02%,29654,93252
S6U18,2018-07-16,1.0035,1.0089,1.0027,1.0086,0.0055,+0.55%,21828,92845
S6U18,2018-07-17,1.0086,1.0125,1.0049,1.0058,-0.0028,-0.28%,27707,91952
S6U18,2018-07-18,1.005,1.0068,1.0016,1.0058,0,0.00%,20892,91726
S6U18,2018-07-19,1.006,1.0089,1.0004,1.0061,0.0003,+0.03%,29047,92253
S6U18,2018-07-20,1.0056,1.0132,1.0037,1.0124,0.0063,+0.63%,30527,92756
S6U18,2018-07-23,1.0128,1.0147,1.0105,1.0116,-0.0008,-0.08%,19778,92187
S6U18,2018-07-24,1.0118,1.0123,1.0092,1.0107,-0.0009,-0.09%,23017,91838
S6U18,2018-07-25,1.0108,1.0138,1.0095,1.0118,0.0011,+0.11%,20419,90927
S6U18,2018-07-26,1.0126,1.0141,1.009,1.0096,-0.0022,-0.22%,19798,92375
S6U18,2018-07-27,1.0098,1.0109,1.0063,1.0101,0.0005,+0.05%,22849,93112
S6U18,2018-07-30,1.0098,1.0164,1.0083,1.0163,0.0062,+0.61%,25427,92782
S6U18,2018-07-31,1.0158,1.0174,1.0133,1.014,-0.0023,-0.23%,28458,91099
S6U18,2018-08-01,1.0137,1.0138,1.0105,1.0123,-0.0017,-0.17%,20102,91289
S6U18,2018-08-02,1.0118,1.0121,1.0079,1.0082,-0.0041,-0.41%,20873,92834
S6U18,2018-08-03,1.0079,1.0114,1.0069,1.0094,0.0012,+0.12%,25826,91026
S6U18,2018-08-06,1.0092,1.0094,1.0049,1.0071,-0.0023,-0.23%,21298,91935
S6U18,2018-08-07,1.0069,1.0104,1.0066,1.0078,0.0007,+0.07%,17522,90930
S6U18,2018-08-08,1.0073,1.0105,1.0062,1.0104,0.0026,+0.26%,21481,91182
S6U18,2018-08-09,1.0102,1.0137,1.008,1.0099,-0.0005,-0.05%,28310,90512
S6U18,2018-08-10,1.0093,1.0102,1.0053,1.008,-0.0019,-0.19%,42532,90900
S6U18,2018-08-13,1.0086,1.0109,1.0075,1.0093,0.0013,+0.13%,27997,90323
S6U18,2018-08-14,1.0095,1.0128,1.0078,1.0083,-0.001,-0.10%,32131,90768
S6U18,2018-08-15,1.0089,1.0102,1.0042,1.0099,0.0016,+0.16%,29605,91337
S6U18,2018-08-16,1.0089,1.0109,1.0049,1.006,-0.0039,-0.39%,28319,91302
S6U18,2018-08-17,1.0052,1.0091,1.0045,1.0072,0.0012,+0.12%,25139,91357
S6U18,2018-08-20,1.0071,1.0114,1.0055,1.0103,0.0031,+0.31%,20833,90988
S6U18,2018-08-21,1.0111,1.0183,1.0111,1.0172,0.0069,+0.68%,43081,90905
S6U18,2018-08-22,1.0174,1.0217,1.017,1.019,0.0018,+0.18%,31344,88802
S6U18,2018-08-23,1.0193,1.02,1.0154,1.0158,-0.0032,-0.31%,24874,87800
S6U18,2018-08-24,1.0159,1.021,1.0154,1.019,0.0032,+0.32%,27270,86276
S6U18,2018-08-27,1.0189,1.0235,1.0174,1.0225,0.0035,+0.34%,17674,86567
S6U18,2018-08-28,1.0226,1.0279,1.0212,1.0254,0.0029,+0.28%,29447,85366
S6U18,2018-08-29,1.0257,1.0323,1.0246,1.031,0.0056,+0.55%,30888,85154
S6U18,2018-08-30,1.0319,1.0336,1.0305,1.0327,0.0017,+0.16%,31327,81763
S6U18,2018-08-31,1.033,1.0373,1.0318,1.0327,0,0.00%,35522,81103
S6U18,2018-09-04,1.0329,1.0339,1.025,1.0271,-0.0056,-0.54%,50410,80733
S6U18,2018-09-05,1.0277,1.0311,1.0262,1.0295,0.0024,+0.23%,37572,78560
S6U18,2018-09-06,1.0305,1.037,1.0301,1.036,0.0065,+0.63%,29231,76471
S6U18,2018-09-07,1.0364,1.0379,1.0316,1.0327,-0.0033,-0.32%,45413,77122
S6U18,2018-09-10,1.0326,1.033,1.0258,1.0263,-0.0064,-0.62%,39854,79651
S6U18,2018-09-11,1.0268,1.0293,1.0252,1.0277,0.0014,+0.14%,53032,79879
S6U18,2018-09-12,1.0285,1.0318,1.0261,1.0313,0.0036,+0.35%,64262,81485
S6Z18,2018-09-13,1.0389,1.0445,1.0388,1.0439,0.0126,+1.22%,66679,85272
S6Z18,2018-09-14,1.044,1.0464,1.0419,1.0426,-0.0013,-0.12%,37510,83110
S6Z18,2018-09-17,1.0422,1.0488,1.0417,1.0474,0.0048,+0.46%,20281,55118
S6Z18,2018-09-18,1.0473,1.0499,1.0439,1.0445,-0.0029,-0.28%,22699,54251
S6Z18,2018-09-19,1.0453,1.0461,1.039,1.0422,-0.0023,-0.22%,24478,54599
S6Z18,2018-09-20,1.042,1.0508,1.0413,1.0501,0.0079,+0.76%,29637,55553
S6Z18,2018-09-21,1.0509,1.0559,1.0498,1.0511,0.001,+0.10%,31775,55478
S6Z18,2018-09-24,1.0515,1.0518,1.044,1.0459,-0.0052,-0.49%,22036,55332
S6Z18,2018-09-25,1.0444,1.0455,1.0417,1.044,-0.0019,-0.18%,22633,53927
S6Z18,2018-09-26,1.0438,1.0467,1.0383,1.0438,-0.0002,-0.02%,31069,53090
S6Z18,2018-09-27,1.0437,1.0438,1.0294,1.0301,-0.0137,-1.31%,37392,55096
S6Z18,2018-09-28,1.0307,1.0341,1.0253,1.0284,-0.0017,-0.17%,41854,53303
S6Z18,2018-10-01,1.0267,1.0267,1.0216,1.0231,-0.0053,-0.52%,26041,54420
S6Z18,2018-10-02,1.0233,1.0242,1.0207,1.0222,-0.0009,-0.09%,22100,54650
S6Z18,2018-10-03,1.0228,1.0237,1.0142,1.017,-0.0052,-0.51%,24657,54932
S6Z18,2018-10-04,1.0157,1.0172,1.0129,1.0149,-0.0021,-0.21%,23447,54996
S6Z18,2018-10-05,1.0145,1.0154,1.0108,1.0149,0,0.00%,24134,57544
S6Z18,2018-10-08,1.0142,1.0156,1.0118,1.0135,-0.0014,-0.14%,16434,60206
S6Z18,2018-10-09,1.0138,1.0151,1.0106,1.014,0.0005,+0.05%,22164,61862
S6Z18,2018-10-10,1.0144,1.0166,1.0125,1.0139,-0.0001,-0.01%,22944,64103
S6Z18,2018-10-11,1.0165,1.0204,1.0136,1.0167,0.0028,+0.28%,37321,64942
S6Z18,2018-10-12,1.0162,1.0176,1.0126,1.015,-0.0017,-0.17%,22024,65148
S6Z18,2018-10-15,1.0146,1.0212,1.0136,1.0184,0.0034,+0.33%,22337,65298
S6Z18,2018-10-16,1.0187,1.0198,1.0147,1.0157,-0.0027,-0.27%,24344,64635
S6Z18,2018-10-17,1.0151,1.0155,1.0096,1.0104,-0.0053,-0.52%,22807,65881
S6Z18,2018-10-18,1.0102,1.0131,1.0076,1.0097,-0.0007,-0.07%,29595,68136
S6Z18,2018-10-19,1.0094,1.0102,1.0072,1.0079,-0.0018,-0.18%,21018,68775
S6Z18,2018-10-22,1.0088,1.011,1.0069,1.0089,0.001,+0.10%,18171,68969
S6Z18,2018-10-23,1.0087,1.0112,1.0079,1.0091,0.0002,+0.02%,24000,69685
S6Z18,2018-10-24,1.0096,1.0106,1.0055,1.0074,-0.0017,-0.17%,29719,73608
S6Z18,2018-10-25,1.007,1.009,1.0027,1.0043,-0.0031,-0.31%,22594,73523
S6Z18,2018-10-26,1.0048,1.008,1.0017,1.0074,0.0031,+0.31%,30072,74450
S6Z18,2018-10-29,1.0068,1.0072,1.0019,1.0031,-0.0043,-0.43%,19169,74344
S6Z18,2018-10-30,1.0028,1.0033,0.9988,0.999,-0.0041,-0.41%,20427,75835
S6Z18,2018-10-31,0.999,1.0007,0.9946,0.9958,-0.0032,-0.32%,38943,75962
S6Z18,2018-11-01,0.9957,1.0037,0.9953,1.0018,0.006,+0.60%,31174,74279
S6Z18,2018-11-02,1.0015,1.0069,0.9987,0.9988,-0.003,-0.30%,28316,75722
S6Z18,2018-11-05,1.0006,1.0012,0.9967,0.9997,0.0009,+0.09%,17974,77367
S6Z18,2018-11-06,0.9989,1.0013,0.998,1.0003,0.0006,+0.06%,15963,77205
S6Z18,2018-11-07,1.0003,1.0082,0.9984,1.003,0.0027,+0.27%,27384,76450
S6Z18,2018-11-08,1.0009,1.0024,0.9959,0.9962,-0.0068,-0.68%,18226,77204
S6Z18,2018-11-09,0.9975,0.9986,0.9945,0.9976,0.0014,+0.14%,20703,78641
S6Z18,2018-11-12,0.9971,0.9974,0.9919,0.9933,-0.0043,-0.43%,21622,79111
S6Z18,2018-11-13,0.9923,0.996,0.9902,0.9945,0.0012,+0.12%,26424,77629
S6Z18,2018-11-14,0.9958,0.9987,0.9924,0.9981,0.0036,+0.36%,27730,77344
S6Z18,2018-11-15,0.9966,0.999,0.9946,0.9969,-0.0012,-0.12%,27456,78037
S6Z18,2018-11-16,0.9961,1.0033,0.9938,1.0026,0.0057,+0.57%,26355,76844
S6Z18,2018-11-19,1.0031,1.01,1.0017,1.0087,0.0061,+0.61%,26754,78576
S6Z18,2018-11-20,1.0091,1.0114,1.0065,1.0073,-0.0014,-0.14%,27702,81100
S6Z18,2018-11-21,1.0068,1.0094,1.0063,1.0078,0.0005,+0.05%,19338,80885
S6Z18,2018-11-23,1.0078,1.0099,1.0038,1.0041,-0.0037,-0.37%,18976,80642
S6Z18,2018-11-26,1.0042,1.0064,1.0024,1.0027,-0.0014,-0.14%,14837,80302
S6Z18,2018-11-27,1.0033,1.0042,1.0013,1.0031,0.0004,+0.04%,18603,78973
S6Z18,2018-11-28,1.0029,1.0091,1.0009,1.0086,0.0055,+0.55%,24155,77826
S6Z18,2018-11-29,1.008,1.0097,1.0036,1.005,-0.0036,-0.36%,22546,77908
S6Z18,2018-11-30,1.0051,1.0061,1.0007,1.0015,-0.0035,-0.35%,21380,78671
S6Z18,2018-12-03,1.0021,1.0047,1.0016,1.0023,0.0008,+0.08%,16314,78233
S6Z18,2018-12-04,1.0031,1.0081,1.0019,1.0036,0.0013,+0.13%,20168,79008
S6Z18,2018-12-05,1.0033,1.004,1,1.0032,-0.0004,-0.04%,13250,78929
S6Z18,2018-12-06,1.0032,1.0116,1.0017,1.0077,0.0045,+0.45%,30668,78635
S6Z18,2018-12-07,1.0081,1.0118,0.998,1.0115,0.0038,+0.38%,22449,78562
S6Z18,2018-12-10,1.0098,1.0139,1.0095,1.0109,-0.0006,-0.06%,44990,81299
S6Z18,2018-12-11,1.0104,1.0144,1.0067,1.0077,-0.0032,-0.32%,37871,81518
S6Z18,2018-12-12,1.0073,1.0092,1.0039,1.0076,-0.0001,-0.01%,102501,99854
S6H19,2018-12-13,1.0156,1.0182,1.0139,1.0159,0.0083,+0.82%,85144,113262
S6H19,2018-12-14,1.0151,1.0158,1.0101,1.0114,-0.0045,-0.44%,40536,115768
S6H19,2018-12-17,1.0116,1.0175,1.0109,1.0167,0.0053,+0.52%,21892,71359
S6H19,2018-12-18,1.0159,1.0193,1.0155,1.0164,-0.0003,-0.03%,19527,70943
S6H19,2018-12-19,1.0167,1.0185,1.0135,1.0149,-0.0015,-0.15%,25077,71628
S6H19,2018-12-20,1.0147,1.0252,1.0137,1.022,0.0071,+0.70%,33695,72069
S6H19,2018-12-21,1.0215,1.0226,1.0125,1.0133,-0.0087,-0.85%,25809,71932
S6H19,2018-12-24,1.0142,1.0221,1.013,1.0204,0.0071,+0.70%,17200,70711
S6H19,2018-12-26,1.0224,1.0232,1.0117,1.013,-0.0074,-0.73%,12302,70217
S6H19,2018-12-27,1.013,1.024,1.0124,1.0219,0.0089,+0.88%,32606,71324
S6H19,2018-12-28,1.0198,1.0288,1.0195,1.0218,-0.0001,-0.01%,29773,69290
S6H19,2018-12-31,1.0231,1.0266,1.0199,1.0244,0.0026,+0.25%,20540,67730
S6H19,2019-01-02,1.0258,1.0279,1.0151,1.0167,-0.0077,-0.75%,27181,66625
S6H19,2019-01-03,1.0176,1.0225,1.017,1.0186,0.0019,+0.19%,29759,66673
S6H19,2019-01-04,1.0203,1.0218,1.0161,1.0206,0.002,+0.20%,29608,66854
S6H19,2019-01-07,1.0206,1.0285,1.02,1.0277,0.0071,+0.70%,31071,68138
S6H19,2019-01-08,1.0276,1.0283,1.0235,1.0258,-0.0019,-0.18%,22792,67100
S6H19,2019-01-09,1.0254,1.0341,1.0251,1.0321,0.0063,+0.61%,30481,67105
S6H19,2019-01-10,1.0331,1.0354,1.0215,1.0223,-0.0098,-0.95%,32400,67103
S6H19,2019-01-11,1.0224,1.0251,1.0207,1.0219,-0.0004,-0.04%,27157,63102
S6H19,2019-01-14,1.0224,1.0265,1.0217,1.0251,0.0032,+0.31%,16918,63212
S6H19,2019-01-15,1.0253,1.0262,1.0165,1.0179,-0.0072,-0.70%,25385,62523
S6H19,2019-01-16,1.0181,1.0188,1.0149,1.0153,-0.0026,-0.26%,14958,62265
S6H19,2019-01-17,1.0158,1.0161,1.0099,1.0117,-0.0036,-0.35%,17839,62783
S6H19,2019-01-18,1.0115,1.0123,1.0094,1.0102,-0.0015,-0.15%,11369,62782
S6H19,2019-01-22,1.0101,1.0106,1.0064,1.0082,-0.002,-0.20%,25029,63095
S6H19,2019-01-23,1.0076,1.0112,1.0061,1.0104,0.0022,+0.22%,15693,63736
S6H19,2019-01-24,1.0101,1.0113,1.007,1.0079,-0.0025,-0.25%,21203,64225
S6H19,2019-01-25,1.0079,1.0126,1.0073,1.0118,0.0039,+0.39%,19813,64477
S6H19,2019-01-28,1.0115,1.0142,1.0114,1.0131,0.0013,+0.13%,12940,64455
S6H19,2019-01-29,1.0127,1.0138,1.0088,1.0096,-0.0035,-0.35%,14097,65004
S6H19,2019-01-30,1.0098,1.0113,1.0048,1.01,0.0004,+0.04%,20905,65922
S6H19,2019-01-31,1.0101,1.0135,1.0089,1.0094,-0.0006,-0.06%,24298,66262
S6H19,2019-02-01,1.0099,1.0119,1.0077,1.0088,-0.0006,-0.06%,15865,66601
S6H19,2019-02-04,1.0082,1.0088,1.0044,1.0056,-0.0032,-0.32%,12079,67304
S6H19,2019-02-05,1.0058,1.006,1.0018,1.0035,-0.0021,-0.21%,15859,68402
S6H19,2019-02-06,1.0036,1.0051,1.001,1.0012,-0.0023,-0.23%,13525,68889
S6H19,2019-02-07,1.0011,1.0033,1.0005,1.0017,0.0005,+0.05%,18283,70315
S6H19,2019-02-08,1.0007,1.0038,1.0005,1.0034,0.0017,+0.17%,14212,71086
S6H19,2019-02-11,1.004,1.0041,0.9978,0.9992,-0.0042,-0.42%,15336,72014
S6H19,2019-02-12,0.9992,0.9993,0.994,0.9969,-0.0023,-0.23%,20550,72014
S6H19,2019-02-13,0.9969,0.9987,0.9938,0.9942,-0.0027,-0.27%,14986,72639
S6H19,2019-02-14,0.9935,0.9982,0.993,0.9979,0.0037,+0.37%,17952,73781
S6H19,2019-02-15,0.9975,0.9981,0.9938,0.9978,-0.0001,-0.01%,13887,74336
S6H19,2019-02-19,0.9979,1.0024,0.9965,1.0016,0.0038,+0.38%,23984,74612
S6H19,2019-02-20,1.0011,1.0042,1.0004,1.0021,0.0005,+0.05%,18133,74447
S6H19,2019-02-21,1.0013,1.0026,0.9998,1.0008,-0.0013,-0.13%,17457,75041
S6H19,2019-02-22,1.0007,1.0032,0.9996,1.002,0.0012,+0.12%,14808,75784
S6H19,2019-02-25,1.0012,1.0036,1.0007,1.0017,-0.0003,-0.03%,12157,75903
S6H19,2019-02-26,1.0012,1.003,0.9999,1.0027,0.001,+0.10%,17275,75277
S6H19,2019-02-27,1.0017,1.0056,1.0002,1.0006,-0.0021,-0.21%,27306,75692
S6H19,2019-02-28,1.0004,1.0089,1.0004,1.0038,0.0032,+0.32%,36792,76553
S6H19,2019-03-01,1.0037,1.0051,1.0004,1.0018,-0.002,-0.20%,19584,76258
S6H19,2019-03-04,1.0028,1.0028,0.9993,1.0017,-0.0001,-0.01%,18757,77114
S6H19,2019-03-05,1.0016,1.0023,0.9957,0.9967,-0.005,-0.50%,23910,79621
S6H19,2019-03-06,0.9968,0.9979,0.9955,0.9961,-0.0006,-0.06%,19340,79450
S6H19,2019-03-07,0.9957,0.9972,0.9886,0.9888,-0.0073,-0.73%,33008,81177
S6H19,2019-03-08,0.9899,0.9938,0.9891,0.9934,0.0046,+0.47%,31263,80392
S6H19,2019-03-11,0.993,0.9937,0.9888,0.9895,-0.0039,-0.39%,39055,81755
S6H19,2019-03-12,0.9903,0.9943,0.9894,0.9936,0.0041,+0.41%,47747,85572
S6H19,2019-03-13,0.9929,0.9978,0.992,0.9972,0.0036,+0.36%,77713,94832
S6M19,2019-03-14,1.0051,1.0056,1.0036,1.0045,0.0073,+0.73%,92481,110259
S6M19,2019-03-15,1.0047,1.0075,1.0034,1.0062,0.0017,+0.17%,30301,107365
S6M19,2019-03-18,1.0064,1.0088,1.006,1.0074,0.0012,+0.12%,16173,76456
S6M19,2019-03-19,1.007,1.01,1.0069,1.0093,0.0019,+0.19%,16019,75896
S6M19,2019-03-20,1.009,1.0191,1.0073,1.0188,0.0095,+0.94%,30677,76059
S6M19,2019-03-21,1.017,1.0179,1.0136,1.0145,-0.0043,-0.42%,32208,73928
S6M19,2019-03-22,1.0165,1.0167,1.0111,1.0137,-0.0008,-0.08%,29862,73162
S6M19,2019-03-25,1.0147,1.0171,1.0131,1.0154,0.0017,+0.17%,21015,72018
S6M19,2019-03-26,1.016,1.0162,1.0127,1.0144,-0.001,-0.10%,25108,72539
S6M19,2019-03-27,1.0136,1.0175,1.0113,1.0129,-0.0015,-0.15%,32960,72867
S6M19,2019-03-28,1.013,1.0131,1.0101,1.0121,-0.0008,-0.08%,25221,73124
S6M19,2019-03-29,1.0127,1.013,1.0098,1.0114,-0.0007,-0.07%,25661,73017
S6M19,2019-04-01,1.0127,1.0143,1.0077,1.0083,-0.0031,-0.31%,30856,73712
S6M19,2019-04-02,1.0085,1.01,1.0071,1.0087,0.0004,+0.04%,22716,73617
S6M19,2019-04-03,1.009,1.0118,1.0083,1.0093,0.0006,+0.06%,18826,73240
S6M19,2019-04-04,1.0096,1.0097,1.0065,1.0067,-0.0026,-0.26%,18955,73021
S6M19,2019-04-05,1.0072,1.008,1.0054,1.0067,0,0.00%,15834,73806
S6M19,2019-04-08,1.0067,1.0088,1.0063,1.0075,0.0008,+0.08%,16795,73956
S6M19,2019-04-09,1.0074,1.0086,1.0056,1.0069,-0.0006,-0.06%,24703,74157
S6M19,2019-04-10,1.0067,1.0075,1.003,1.0038,-0.0031,-0.31%,27442,76708
S6M19,2019-04-11,1.0039,1.0051,1.0015,1.0025,-0.0013,-0.13%,22577,77344
S6M19,2019-04-12,1.003,1.0064,1.0026,1.0032,0.0007,+0.07%,22588,77025
S6M19,2019-04-15,1.0038,1.005,1.0012,1.0016,-0.0016,-0.16%,19790,78710
S6M19,2019-04-16,1.0019,1.0025,0.9976,0.9984,-0.0032,-0.32%,27669,81940
S6M19,2019-04-17,0.998,0.9986,0.9944,0.995,-0.0034,-0.34%,29115,84735
S6M19,2019-04-18,0.9949,0.9959,0.9895,0.9899,-0.0051,-0.51%,36139,89534
S6M19,2019-04-22,0.9904,0.9912,0.9893,0.9893,-0.0006,-0.06%,14255,91984
S6M19,2019-04-23,0.9897,0.99,0.9825,0.9853,-0.004,-0.40%,38694,94115
S6M19,2019-04-24,0.9854,0.9884,0.9835,0.9837,-0.0016,-0.16%,29524,95537
S6M19,2019-04-25,0.9846,0.9857,0.9825,0.9841,0.0004,+0.04%,22621,95996
S6M19,2019-04-26,0.9847,0.9865,0.9814,0.9859,0.0018,+0.18%,24590,97649
S6M19,2019-04-29,0.9854,0.9863,0.9834,0.985,-0.0009,-0.09%,22640,100637
S6M19,2019-04-30,0.9851,0.9872,0.9844,0.986,0.001,+0.10%,27974,102722
S6M19,2019-05-01,0.9857,0.992,0.985,0.9866,0.0006,+0.06%,32740,99701
S6M19,2019-05-02,0.987,0.9875,0.984,0.985,-0.0016,-0.16%,20949,100259
S6M19,2019-05-03,0.9851,0.9882,0.9829,0.9868,0.0018,+0.18%,18997,99641
S6M19,2019-05-06,0.9874,0.9889,0.9845,0.9867,-0.0001,-0.01%,19481,101087
S6M19,2019-05-07,0.9859,0.9879,0.9816,0.9845,-0.0022,-0.22%,25058,101595
S6M19,2019-05-08,0.9848,0.987,0.9831,0.9838,-0.0007,-0.07%,24314,99585
S6M19,2019-05-09,0.9833,0.9912,0.9828,0.9888,0.005,+0.51%,34254,97293
S6M19,2019-05-10,0.9886,0.9934,0.9877,0.9908,0.002,+0.20%,27288,97121
S6M19,2019-05-13,0.992,0.9983,0.9918,0.9967,0.0059,+0.60%,29819,95240
S6M19,2019-05-14,0.9975,0.9981,0.9936,0.9939,-0.0028,-0.28%,22301,93782
S6M19,2019-05-15,0.9949,0.9976,0.9937,0.9939,0,0.00%,22970,91814
S6M19,2019-05-16,0.9946,0.9976,0.9922,0.9927,-0.0012,-0.12%,17773,90880
S6M19,2019-05-17,0.9931,0.9942,0.9907,0.9917,-0.001,-0.10%,18521,89645
S6M19,2019-05-20,0.9919,0.9946,0.9906,0.9943,0.0026,+0.26%,17030,88149
S6M19,2019-05-21,0.9942,0.9944,0.9906,0.9913,-0.003,-0.30%,20413,88283
S6M19,2019-05-22,0.9917,0.9958,0.9906,0.9938,0.0025,+0.25%,19891,88096
S6M19,2019-05-23,0.9931,0.9997,0.9922,0.9995,0.0057,+0.57%,26868,88436
S6M19,2019-05-24,0.9987,1.0013,0.9979,1.0005,0.001,+0.10%,22995,86829
S6M19,2019-05-28,1.0004,1.0005,0.9921,0.9938,-0.0067,-0.67%,29443,85660
S6M19,2019-05-29,0.9943,0.9966,0.9929,0.9938,0,0.00%,20208,84953
S6M19,2019-05-30,0.9938,0.9945,0.9918,0.9942,0.0004,+0.04%,17077,85057
S6M19,2019-05-31,0.9934,1.0014,0.9934,1.0009,0.0067,+0.67%,37875,84810
S6M19,2019-06-03,1.0001,1.0103,1.0001,1.009,0.0081,+0.81%,47434,84694
S6M19,2019-06-04,1.0092,1.0111,1.0056,1.0105,0.0015,+0.15%,44147,82843
S6M19,2019-06-05,1.009,1.0159,1.0061,1.0068,-0.0037,-0.37%,66805,78777
S6M19,2019-06-06,1.0067,1.013,1.0045,1.0096,0.0028,+0.28%,43753,75208
S6M19,2019-06-07,1.0095,1.0149,1.0056,1.0141,0.0045,+0.45%,42671,71752
S6M19,2019-06-10,1.0118,1.0123,1.0087,1.0112,-0.0029,-0.29%,35618,71837
S6M19,2019-06-11,1.0111,1.0114,1.0069,1.0088,-0.0024,-0.24%,49830,72177
S6M19,2019-06-12,1.0081,1.0103,1.0046,1.0049,-0.0039,-0.39%,72823,72168
S6U19,2019-06-13,1.0131,1.0167,1.0124,1.015,0.0101,+1.01%,69515,72754
S6U19,2019-06-14,1.0146,1.0158,1.0088,1.0092,-0.0058,-0.57%,33978,69834
S6U19,2019-06-17,1.01,1.0118,1.0083,1.0095,0.0003,+0.03%,20176,58526
S6U19,2019-06-18,1.0095,1.0116,1.0069,1.0081,-0.0014,-0.14%,26869,58961
S6U19,2019-06-19,1.0079,1.0165,1.0066,1.0162,0.0081,+0.80%,25963,59071
S6U19,2019-06-20,1.0146,1.0291,1.0144,1.0277,0.0115,+1.13%,43816,59426
S6U19,2019-06-21,1.0272,1.0328,1.0242,1.0314,0.0037,+0.36%,34731,58774
S6U19,2019-06-24,1.0325,1.0375,1.0298,1.0365,0.0051,+0.49%,31128,57628
S6U19,2019-06-25,1.0367,1.0392,1.0305,1.0334,-0.0031,-0.30%,46120,55740
S6U19,2019-06-26,1.0331,1.0339,1.0295,1.0301,-0.0033,-0.32%,25647,56169
S6U19,2019-06-27,1.0302,1.0319,1.0262,1.0318,0.0017,+0.17%,26528,54442
S6U19,2019-06-28,1.031,1.0341,1.0303,1.0322,0.0004,+0.04%,20792,50999
S6U19,2019-07-01,1.0297,1.0297,1.0186,1.0196,-0.0126,-1.22%,29913,50608
S6U19,2019-07-02,1.0198,1.0236,1.0181,1.0213,0.0017,+0.17%,21843,50766
S6U19,2019-07-03,1.0209,1.0237,1.0196,1.0204,-0.0009,-0.09%,18515,50469
S6U19,2019-07-05,1.0203,1.0223,1.0133,1.0145,-0.0059,-0.58%,27877,51438
S6U19,2019-07-08,1.0152,1.0167,1.0118,1.0125,-0.002,-0.20%,19068,51010
S6U19,2019-07-09,1.0125,1.014,1.0112,1.0129,0.0004,+0.04%,16131,51844
S6U19,2019-07-10,1.0125,1.0176,1.0121,1.0169,0.004,+0.39%,21644,51601
S6U19,2019-07-11,1.0167,1.0216,1.0155,1.0161,-0.0008,-0.08%,21485,50710
S6U19,2019-07-12,1.0161,1.0226,1.0151,1.0217,0.0056,+0.55%,25478,51743
S6U19,2019-07-15,1.0217,1.0244,1.0206,1.0212,-0.0005,-0.05%,12979,51492
S6U19,2019-07-16,1.0217,1.0223,1.0164,1.0172,-0.004,-0.39%,18673,52203
S6U19,2019-07-17,1.0179,1.0194,1.0149,1.0187,0.0015,+0.15%,14999,51827
S6U19,2019-07-18,1.0188,1.0247,1.0162,1.0227,0.004,+0.39%,26019,51725
S6U19,2019-07-19,1.0241,1.0249,1.0207,1.023,0.0003,+0.03%,22295,52313
S6U19,2019-07-22,1.0234,1.0251,1.0213,1.024,0.001,+0.10%,17327,52656
S6U19,2019-07-23,1.023,1.0232,1.0193,1.0198,-0.0042,-0.41%,18423,53369
S6U19,2019-07-24,1.02,1.0216,1.0175,1.0194,-0.0004,-0.04%,15372,52834
S6U19,2019-07-25,1.0202,1.0204,1.0129,1.0132,-0.0062,-0.61%,29859,55723
S6U19,2019-07-26,1.014,1.0146,1.0098,1.0104,-0.0028,-0.28%,20814,56809
S6U19,2019-07-29,1.011,1.0136,1.0109,1.0131,0.0027,+0.27%,15641,57069
S6U19,2019-07-30,1.0127,1.0154,1.0121,1.0141,0.001,+0.10%,18637,57805
S6U19,2019-07-31,1.0141,1.0157,1.009,1.0108,-0.0033,-0.33%,30585,59823
S6U19,2019-08-01,1.0099,1.0154,1.0064,1.0143,0.0035,+0.35%,37418,59167
S6U19,2019-08-02,1.0137,1.0228,1.0132,1.0219,0.0076,+0.75%,36577,58574
S6U19,2019-08-05,1.0218,1.033,1.0213,1.0309,0.009,+0.88%,41223,58106
S6U19,2019-08-06,1.0324,1.0343,1.0246,1.0273,-0.0036,-0.35%,39081,56716
S6U19,2019-08-07,1.0283,1.0354,1.0243,1.0307,0.0034,+0.33%,42072,55112
S6U19,2019-08-08,1.0289,1.0303,1.025,1.0289,-0.0018,-0.17%,26682,54518
S6U19,2019-08-09,1.0301,1.0333,1.0286,1.0319,0.003,+0.29%,22050,54440
S6U19,2019-08-12,1.0312,1.0362,1.0284,1.0355,0.0036,+0.35%,22668,54637
S6U19,2019-08-13,1.0355,1.0384,1.0269,1.0277,-0.0078,-0.75%,37936,54267
S6U19,2019-08-14,1.0275,1.0336,1.0266,1.0304,0.0027,+0.26%,33660,54727
S6U19,2019-08-15,1.0306,1.0314,1.0257,1.0266,-0.0038,-0.37%,32417,53741
S6U19,2019-08-16,1.0267,1.027,1.0221,1.0251,-0.0015,-0.15%,19324,53594
S6U19,2019-08-19,1.0242,1.0257,1.0207,1.0218,-0.0033,-0.32%,19089,55377
S6U19,2019-08-20,1.0213,1.0254,1.0212,1.0247,0.0029,+0.28%,16421,54941
S6U19,2019-08-21,1.0246,1.025,1.0195,1.0204,-0.0043,-0.42%,14235,55012
S6U19,2019-08-22,1.0206,1.021,1.0178,1.0188,-0.0016,-0.16%,20854,53714
S6U19,2019-08-23,1.0187,1.0292,1.0144,1.0284,0.0096,+0.94%,35404,54494
S6U19,2019-08-26,1.0301,1.0314,1.0206,1.0227,-0.0057,-0.55%,27706,54936
S6U19,2019-08-27,1.0232,1.0248,1.0184,1.0212,-0.0015,-0.15%,23791,55251
S6U19,2019-08-28,1.0207,1.022,1.0192,1.0204,-0.0008,-0.08%,20422,54562
S6U19,2019-08-29,1.0204,1.0216,1.0139,1.0142,-0.0062,-0.61%,27885,55938
S6U19,2019-08-30,1.015,1.0155,1.0096,1.0106,-0.0036,-0.35%,26894,58268
S6U19,2019-09-03,1.0117,1.015,1.0083,1.0139,0.0033,+0.33%,39861,60867
S6U19,2019-09-04,1.0141,1.0217,1.0127,1.0213,0.0074,+0.73%,28173,59388
S6U19,2019-09-05,1.0207,1.0208,1.0136,1.0141,-0.0072,-0.70%,30636,60137
S6U19,2019-09-06,1.0153,1.0155,1.009,1.013,-0.0011,-0.11%,29148,58880
S6U19,2019-09-09,1.0133,1.0133,1.0083,1.0089,-0.0041,-0.40%,36184,59455
S6U19,2019-09-10,1.009,1.0117,1.0074,1.0095,0.0006,+0.06%,48451,64165
S6U19,2019-09-11,1.0089,1.0094,1.0061,1.0076,-0.0019,-0.19%,76402,69678
S6Z19,2019-09-12,1.0149,1.02,1.0134,1.0174,0.0098,+0.97%,75754,73806
S6Z19,2019-09-13,1.0176,1.0225,1.0166,1.0168,-0.0006,-0.06%,33626,73141
S6Z19,2019-09-16,1.0203,1.0213,1.0137,1.0156,-0.0012,-0.12%,24186,52604
S6Z19,2019-09-17,1.0145,1.0164,1.0108,1.0141,-0.0015,-0.15%,31366,52487
S6Z19,2019-09-18,1.0146,1.0151,1.0091,1.0104,-0.0037,-0.36%,37027,56328
S6Z19,2019-09-19,1.011,1.0174,1.009,1.0154,0.005,+0.49%,36353,53679
S6Z19,2019-09-20,1.0144,1.0182,1.0133,1.0152,-0.0002,-0.02%,25021,53540
S6Z19,2019-09-23,1.0159,1.018,1.0145,1.0172,0.002,+0.20%,25672,55371
S6Z19,2019-09-24,1.0171,1.023,1.0155,1.0217,0.0045,+0.44%,31376,56934
S6Z19,2019-09-25,1.0209,1.0219,1.0145,1.0147,-0.007,-0.69%,28390,59903
S6Z19,2019-09-26,1.0152,1.0162,1.0117,1.0136,-0.0011,-0.11%,23968,61723
S6Z19,2019-09-27,1.0129,1.0166,1.0115,1.016,0.0024,+0.24%,28341,62706
S6Z19,2019-09-30,1.0152,1.0159,1.0076,1.0082,-0.0078,-0.77%,34824,65019
S6Z19,2019-10-01,1.0087,1.014,1.0046,1.0131,0.0049,+0.49%,36586,65484
S6Z19,2019-10-02,1.0129,1.014,1.0034,1.0083,-0.0048,-0.47%,34750,66765
S6Z19,2019-10-03,1.0089,1.0105,1.0029,1.0071,-0.0012,-0.12%,42829,66293
S6Z19,2019-10-04,1.0071,1.013,1.0049,1.0107,0.0036,+0.36%,35404,65468
S6Z19,2019-10-07,1.0106,1.0129,1.0089,1.0107,0,0.00%,20458,64944
S6Z19,2019-10-08,1.0107,1.015,1.0096,1.0118,0.0011,+0.11%,30887,64837
S6Z19,2019-10-09,1.0125,1.0137,1.0089,1.0092,-0.0026,-0.26%,18383,65723
S6Z19,2019-10-10,1.0095,1.0137,1.0077,1.0083,-0.0009,-0.09%,30448,64776
S6Z19,2019-10-11,1.0086,1.0092,1.0059,1.0075,-0.0008,-0.08%,34192,64991
S6Z19,2019-10-14,1.0083,1.0104,1.0064,1.0078,0.0003,+0.03%,19413,64359
S6Z19,2019-10-15,1.0076,1.0084,1.005,1.006,-0.0018,-0.18%,28104,64763
S6Z19,2019-10-16,1.0058,1.0101,1.0056,1.0096,0.0036,+0.36%,28360,62978
S6Z19,2019-10-17,1.0097,1.0179,1.0095,1.0166,0.007,+0.69%,50941,61841
S6Z19,2019-10-18,1.017,1.0205,1.0153,1.0194,0.0028,+0.28%,23746,60843
S6Z19,2019-10-21,1.02,1.0203,1.0168,1.0189,-0.0005,-0.05%,19030,60687
S6Z19,2019-10-22,1.0182,1.0185,1.0146,1.0153,-0.0036,-0.35%,22857,61619
S6Z19,2019-10-23,1.0149,1.0155,1.0126,1.0135,-0.0018,-0.18%,19498,63337
S6Z19,2019-10-24,1.013,1.0148,1.0109,1.0118,-0.0017,-0.17%,21536,64963
S6Z19,2019-10-25,1.0115,1.0131,1.0082,1.009,-0.0028,-0.28%,20643,65458
S6Z19,2019-10-28,1.0092,1.0093,1.0066,1.0089,-0.0001,-0.01%,18855,65791
S6Z19,2019-10-29,1.0088,1.0102,1.0071,1.0098,0.0009,+0.09%,19471,65712
S6Z19,2019-10-30,1.0094,1.0149,1.0089,1.013,0.0032,+0.32%,32080,65259
S6Z19,2019-10-31,1.0141,1.0174,1.0139,1.0164,0.0034,+0.34%,37104,64093
S6Z19,2019-11-01,1.017,1.0182,1.0106,1.0174,0.001,+0.10%,29524,64109
S6Z19,2019-11-04,1.0174,1.0178,1.0141,1.0151,-0.0023,-0.23%,23757,65054
S6Z19,2019-11-05,1.0151,1.0153,1.0093,1.0095,-0.0056,-0.55%,36352,67855
S6Z19,2019-11-06,1.0103,1.0113,1.0089,1.0105,0.001,+0.10%,19276,68201
S6Z19,2019-11-07,1.0101,1.0115,1.0049,1.0071,-0.0034,-0.34%,35301,70343
S6Z19,2019-11-08,1.0075,1.0082,1.0045,1.0049,-0.0022,-0.22%,21968,70777
S6Z19,2019-11-11,1.0049,1.0097,1.0048,1.0092,0.0043,+0.43%,19831,69017
S6Z19,2019-11-12,1.0092,1.0102,1.006,1.01,0.0008,+0.08%,22187,68066
S6Z19,2019-11-13,1.0091,1.014,1.0091,1.0131,0.0031,+0.31%,31831,68567
S6Z19,2019-11-14,1.0126,1.0152,1.0114,1.0143,0.0012,+0.12%,21875,67193
S6Z19,2019-11-15,1.0139,1.0141,1.011,1.0119,-0.0024,-0.24%,22709,66182
S6Z19,2019-11-18,1.0124,1.0154,1.0106,1.0135,0.0016,+0.16%,25402,66585
S6Z19,2019-11-19,1.0124,1.0129,1.0101,1.011,-0.0025,-0.25%,23279,68223
S6Z19,2019-11-20,1.0112,1.012,1.0081,1.0103,-0.0007,-0.07%,32016,70876
S6Z19,2019-11-21,1.011,1.0126,1.0079,1.0085,-0.0018,-0.18%,24753,71029
S6Z19,2019-11-22,1.0085,1.0088,1.0034,1.0038,-0.0047,-0.47%,31321,76320
S6Z19,2019-11-25,1.0035,1.0054,1.0026,1.0043,0.0005,+0.05%,25394,77803
S6Z19,2019-11-26,1.0045,1.005,1.0026,1.0042,-0.0001,-0.01%,25106,77318
S6Z19,2019-11-27,1.0036,1.004,1.0011,1.0018,-0.0024,-0.24%,28341,80768
S6Z19,2019-11-29,1.0021,1.0029,0.9987,1.0013,-0.0005,-0.05%,32637,83410
S6Z19,2019-12-02,1.0011,1.0099,1.0001,1.0095,0.0082,+0.82%,47958,81507
S6Z19,2019-12-03,1.0099,1.0154,1.0083,1.0141,0.0046,+0.46%,40056,79183
S6Z19,2019-12-04,1.0141,1.0155,1.0109,1.0116,-0.0025,-0.25%,45075,75254
S6Z19,2019-12-05,1.0122,1.014,1.0112,1.0136,0.002,+0.20%,23132,74116
S6Z19,2019-12-06,1.0135,1.0143,1.0088,1.0107,-0.0029,-0.29%,33118,73816
S6Z19,2019-12-09,1.0107,1.0131,1.0095,1.0126,0.0019,+0.19%,35049,74745
S6Z19,2019-12-10,1.0127,1.0174,1.0123,1.0172,0.0046,+0.45%,68481,75650
S6Z19,2019-12-11,1.0164,1.0193,1.0142,1.0188,0.0016,+0.16%,122210,77014
S6H20,2019-12-12,1.0249,1.0267,1.0198,1.0216,0.0028,+0.27%,86650,82252
S6H20,2019-12-13,1.0231,1.027,1.0211,1.0234,0.0018,+0.18%,53092,81673
S6H20,2019-12-16,1.0237,1.0254,1.0226,1.0249,0.0015,+0.15%,23478,62163
S6H20,2019-12-17,1.0245,1.0278,1.0228,1.0269,0.002,+0.20%,26300,61630
S6H20,2019-12-18,1.0274,1.0277,1.0252,1.0271,0.0002,+0.02%,23454,60323
S6H20,2019-12-19,1.0269,1.0302,1.0258,1.0295,0.0024,+0.23%,27373,59161
S6H20,2019-12-20,1.0289,1.0292,1.0236,1.0244,-0.0051,-0.50%,23279,58567
S6H20,2019-12-23,1.0242,1.0267,1.0239,1.0251,0.0007,+0.07%,17590,60271
S6H20,2019-12-24,1.025,1.027,1.0233,1.0268,0.0017,+0.17%,8323,60450
S6H20,2019-12-26,1.027,1.0272,1.0249,1.026,-0.0008,-0.08%,8385,59654
S6H20,2019-12-27,1.0258,1.0339,1.0248,1.0335,0.0075,+0.73%,25806,59963
S6H20,2019-12-30,1.0321,1.0392,1.0321,1.038,0.0045,+0.44%,33015,58931
S6H20,2019-12-31,1.038,1.042,1.0365,1.04,0.002,+0.19%,31286,55514
S6H20,2020-01-02,1.0392,1.0396,1.0324,1.0337,-0.0063,-0.61%,34211,55301
S6H20,2020-01-03,1.0348,1.0372,1.0314,1.0341,0.0004,+0.04%,33575,50935
S6H20,2020-01-06,1.0344,1.0385,1.0342,1.0373,0.0032,+0.31%,24820,50746
S6H20,2020-01-07,1.0381,1.0382,1.0326,1.035,-0.0023,-0.22%,26251,49365
S6H20,2020-01-08,1.0351,1.0395,1.0315,1.0318,-0.0032,-0.31%,36559,49781
S6H20,2020-01-09,1.0316,1.0344,1.0304,1.0324,0.0006,+0.06%,22395,49828
S6H20,2020-01-10,1.0322,1.0333,1.029,1.0329,0.0005,+0.05%,24915,50262
S6H20,2020-01-13,1.0317,1.036,1.0316,1.0346,0.0017,+0.16%,17233,50908
S6H20,2020-01-14,1.0346,1.039,1.0339,1.0384,0.0038,+0.37%,30909,49118
S6H20,2020-01-15,1.038,1.0428,1.0375,1.042,0.0036,+0.35%,30113,50778
S6H20,2020-01-16,1.0418,1.0444,1.0402,1.0407,-0.0013,-0.12%,29950,51623
S6H20,2020-01-17,1.0404,1.0409,1.0355,1.0374,-0.0033,-0.32%,25248,50208
S6H20,2020-01-21,1.0371,1.039,1.0349,1.0369,-0.0005,-0.05%,26309,50368
S6H20,2020-01-22,1.0361,1.0371,1.0316,1.0366,-0.0003,-0.03%,25830,49930
S6H20,2020-01-23,1.0365,1.0379,1.0341,1.035,-0.0016,-0.15%,21730,49841
S6H20,2020-01-24,1.0351,1.0354,1.0326,1.0337,-0.0013,-0.13%,18830,50454
S6H20,2020-01-27,1.034,1.0363,1.0323,1.0348,0.0011,+0.11%,24377,51221
S6H20,2020-01-28,1.0347,1.0366,1.0299,1.031,-0.0038,-0.37%,26433,51440
S6H20,2020-01-29,1.0311,1.0315,1.0272,1.0308,-0.0002,-0.02%,24477,52521
S6H20,2020-01-30,1.03,1.0362,1.03,1.0345,0.0037,+0.36%,32917,52863
S6H20,2020-01-31,1.0345,1.0417,1.0326,1.041,0.0065,+0.63%,37735,51037
S6H20,2020-02-03,1.0412,1.0418,1.0363,1.0381,-0.0029,-0.28%,28280,49989
S6H20,2020-02-04,1.0383,1.0385,1.0333,1.0342,-0.0039,-0.38%,24595,49855
S6H20,2020-02-05,1.0347,1.036,1.0287,1.0296,-0.0046,-0.44%,28847,52315
S6H20,2020-02-06,1.0297,1.0302,1.0275,1.0279,-0.0017,-0.17%,20720,52471
S6H20,2020-02-07,1.0283,1.0292,1.0249,1.0258,-0.0021,-0.20%,27773,52761
S6H20,2020-02-10,1.0257,1.0266,1.0245,1.0259,0.0001,+0.01%,26416,52364
S6H20,2020-02-11,1.0256,1.028,1.0237,1.0275,0.0016,+0.16%,25143,51465
S6H20,2020-02-12,1.0272,1.0289,1.0242,1.0244,-0.0031,-0.30%,22175,51977
S6H20,2020-02-13,1.0244,1.0266,1.0228,1.0232,-0.0012,-0.12%,31398,51141
S6H20,2020-02-14,1.0231,1.0234,1.0201,1.0205,-0.0027,-0.26%,30323,50617
S6H20,2020-02-18,1.0203,1.0227,1.0182,1.0192,-0.0013,-0.13%,36677,52520
S6H20,2020-02-19,1.019,1.0195,1.0175,1.0176,-0.0016,-0.16%,24047,54561
S6H20,2020-02-20,1.0181,1.0204,1.017,1.0178,0.0002,+0.02%,35934,55222
S6H20,2020-02-21,1.0176,1.025,1.0175,1.0241,0.0063,+0.62%,38335,55551
S6H20,2020-02-24,1.0225,1.0256,1.0203,1.0221,-0.002,-0.20%,40592,56133
S6H20,2020-02-25,1.0226,1.027,1.0212,1.026,0.0039,+0.38%,39661,57192
S6H20,2020-02-26,1.0263,1.0292,1.0239,1.0268,0.0008,+0.08%,37142,56266
S6H20,2020-02-27,1.0249,1.0348,1.0246,1.032,0.0052,+0.51%,51347,56397
S6H20,2020-02-28,1.0339,1.0417,1.0325,1.0367,0.0047,+0.46%,75221,51586
S6H20,2020-03-02,1.0391,1.0488,1.0368,1.0457,0.009,+0.87%,81329,55638
S6H20,2020-03-03,1.0451,1.0517,1.043,1.0457,0,0.00%,83039,54436
S6H20,2020-03-04,1.0475,1.0497,1.0426,1.0467,0.001,+0.10%,53841,52694
S6H20,2020-03-05,1.0467,1.0592,1.0453,1.0549,0.0082,+0.78%,51790,51844
S6H20,2020-03-06,1.0586,1.0737,1.0569,1.0682,0.0133,+1.26%,92918,50545
S6H20,2020-03-09,1.0728,1.0895,1.072,1.0829,0.0147,+1.38%,72387,48298
S6H20,2020-03-10,1.0811,1.0814,1.063,1.0661,-0.0168,-1.55%,61524,50474
S6H20,2020-03-11,1.0646,1.0728,1.064,1.0661,0,0.00%,64727,52978
S6H20,2020-03-12,1.0652,1.073,1.0471,1.0576,-0.0085,-0.80%,93189,52175
S6M20,2020-03-13,1.0631,1.0661,1.051,1.0527,-0.0049,-0.46%,50843,50516
S6M20,2020-03-16,1.0609,1.0698,1.0551,1.0634,0.0107,+1.02%,45065,36785
S6M20,2020-03-17,1.066,1.0662,1.0437,1.0467,-0.0167,-1.57%,31408,35254
S6M20,2020-03-18,1.0471,1.0518,1.0309,1.0368,-0.0099,-0.95%,35678,34298
S6M20,2020-03-19,1.0391,1.0431,1.0179,1.0191,-0.0177,-1.71%,55920,32638
S6M20,2020-03-20,1.0175,1.0309,1.0144,1.0153,-0.0038,-0.37%,41991,32023
S6M20,2020-03-23,1.019,1.0261,1.0138,1.0207,0.0054,+0.53%,58364,31613
S6M20,2020-03-24,1.0202,1.0336,1.0198,1.022,0.0013,+0.13%,45432,30767
S6M20,2020-03-25,1.023,1.0293,1.0215,1.0269,0.0049,+0.48%,32209,31276
S6M20,2020-03-26,1.0281,1.0453,1.0271,1.0432,0.0163,+1.59%,36059,31607
S6M20,2020-03-27,1.0422,1.0561,1.0399,1.0534,0.0102,+0.98%,40028,31673
S6M20,2020-03-30,1.0551,1.0566,1.0446,1.046,-0.0074,-0.70%,23532,31094
S6M20,2020-03-31,1.0476,1.0476,1.0362,1.0417,-0.0043,-0.41%,38641,29657
S6M20,2020-04-01,1.0444,1.0449,1.0352,1.0375,-0.0042,-0.40%,24435,29126
S6M20,2020-04-02,1.0383,1.0389,1.0285,1.0302,-0.0073,-0.70%,24234,29574
S6M20,2020-04-03,1.029,1.0304,1.0236,1.0272,-0.003,-0.29%,21598,29738
S6M20,2020-04-06,1.0255,1.0273,1.0234,1.025,-0.0022,-0.21%,11132,29977
S6M20,2020-04-07,1.0247,1.0352,1.0239,1.0348,0.0098,+0.96%,19635,30391
S6M20,2020-04-08,1.0339,1.0348,1.0289,1.0321,-0.0027,-0.26%,14010,30473
S6M20,2020-04-09,1.0312,1.0388,1.0299,1.0372,0.0051,+0.49%,18208,30809
S6M20,2020-04-13,1.0392,1.0407,1.0344,1.0372,0,0.00%,10014,30905
S6M20,2020-04-14,1.0358,1.0443,1.0357,1.0436,0.0064,+0.62%,19363,32718
S6M20,2020-04-15,1.0439,1.044,1.0329,1.0398,-0.0038,-0.36%,18307,32952
S6M20,2020-04-16,1.0386,1.0387,1.0312,1.034,-0.0058,-0.56%,18238,33624
S6M20,2020-04-17,1.0347,1.0375,1.0303,1.0354,0.0014,+0.14%,18463,34055
S6M20,2020-04-20,1.0356,1.0377,1.0327,1.035,-0.0004,-0.04%,13721,34431
S6M20,2020-04-21,1.0352,1.0359,1.0296,1.0327,-0.0023,-0.22%,16310,35026
S6M20,2020-04-22,1.0327,1.0361,1.0291,1.0303,-0.0024,-0.23%,12373,35085
S6M20,2020-04-23,1.0303,1.032,1.0248,1.0259,-0.0044,-0.43%,20412,35754
S6M20,2020-04-24,1.0261,1.0297,1.0216,1.0271,0.0012,+0.12%,15646,35988
S6M20,2020-04-27,1.029,1.0313,1.0253,1.0265,-0.0006,-0.06%,12436,35969
S6M20,2020-04-28,1.0269,1.0301,1.0218,1.028,0.0015,+0.15%,19377,36326
S6M20,2020-04-29,1.0274,1.0308,1.0251,1.0264,-0.0016,-0.16%,17276,36602
S6M20,2020-04-30,1.0277,1.0388,1.0259,1.0367,0.0103,+1.00%,33948,36316
S6M20,2020-05-01,1.0363,1.0441,1.0354,1.041,0.0043,+0.41%,18380,36616
S6M20,2020-05-04,1.0407,1.0411,1.036,1.0369,-0.0041,-0.39%,16800,36155
S6M20,2020-05-05,1.0366,1.0378,1.0283,1.03,-0.0069,-0.67%,23980,36257
S6M20,2020-05-06,1.0293,1.0297,1.0257,1.0268,-0.0032,-0.31%,15363,37389
S6M20,2020-05-07,1.0264,1.0289,1.023,1.0284,0.0016,+0.16%,17372,37957
S6M20,2020-05-08,1.0284,1.034,1.0283,1.0311,0.0027,+0.26%,16042,38111
S6M20,2020-05-11,1.0301,1.0319,1.0279,1.0289,-0.0022,-0.21%,16592,40257
S6M20,2020-05-12,1.0285,1.0357,1.0265,1.033,0.0041,+0.40%,16521,40469
S6M20,2020-05-13,1.0321,1.0355,1.029,1.0294,-0.0036,-0.35%,16795,40513
S6M20,2020-05-14,1.0294,1.0303,1.0259,1.0271,-0.0023,-0.22%,18848,42669
S6M20,2020-05-15,1.0284,1.032,1.0271,1.0295,0.0024,+0.23%,14713,42703
S6M20,2020-05-18,1.0302,1.0342,1.0253,1.0287,-0.0008,-0.08%,31431,39104
S6M20,2020-05-19,1.0294,1.0319,1.0286,1.0306,0.0019,+0.18%,18176,38746
S6M20,2020-05-20,1.0298,1.0382,1.0297,1.0374,0.0068,+0.66%,20948,39913
S6M20,2020-05-21,1.0371,1.0374,1.0301,1.0313,-0.0061,-0.59%,18560,39433
S6M20,2020-05-22,1.0308,1.0317,1.0279,1.0288,-0.0025,-0.24%,18113,39066
S6M20,2020-05-26,1.0298,1.0372,1.0277,1.0368,0.008,+0.78%,23019,39072
S6M20,2020-05-27,1.0359,1.0365,1.0285,1.0327,-0.0041,-0.40%,30029,39461
S6M20,2020-05-28,1.0333,1.0388,1.0293,1.0384,0.0057,+0.55%,21179,41040
S6M20,2020-05-29,1.0379,1.0418,1.0366,1.04,0.0016,+0.15%,27026,40028
S6M20,2020-06-01,1.0405,1.0445,1.0393,1.0402,0.0002,+0.02%,19393,40180
S6M20,2020-06-02,1.0408,1.0449,1.0379,1.0396,-0.0006,-0.06%,26810,40352
S6M20,2020-06-03,1.0393,1.0412,1.0367,1.0397,0.0001,+0.01%,22214,41644
S6M20,2020-06-04,1.0405,1.0481,1.0393,1.0475,0.0078,+0.75%,33457,41725
S6M20,2020-06-05,1.0472,1.0483,1.0363,1.0396,-0.0079,-0.75%,36156,42061
S6M20,2020-06-08,1.0404,1.0466,1.0375,1.0453,0.0057,+0.55%,27813,42042
S6M20,2020-06-09,1.0441,1.0547,1.0434,1.0526,0.0073,+0.70%,32066,41580
S6M20,2020-06-10,1.052,1.0611,1.0512,1.0597,0.0071,+0.67%,73805,47154
S6U20,2020-06-11,1.0628,1.0695,1.06,1.0631,0.0034,+0.32%,48523,48093
S6U20,2020-06-12,1.0617,1.0627,1.0497,1.0506,-0.0125,-1.18%,37887,48931
S6U20,2020-06-15,1.0515,1.0578,1.0503,1.0575,0.0069,+0.66%,24368,35958
S6U20,2020-06-16,1.0566,1.0597,1.0528,1.056,-0.0015,-0.14%,19449,35733
S6U20,2020-06-17,1.0538,1.0575,1.0522,1.056,0,0.00%,13929,35939
S6U20,2020-06-18,1.0569,1.0572,1.0523,1.0541,-0.0019,-0.18%,13381,35910
S6U20,2020-06-19,1.0536,1.0566,1.0519,1.0533,-0.0008,-0.08%,15435,36883
S6U20,2020-06-22,1.054,1.0592,1.0522,1.058,0.0047,+0.45%,14702,39277
S6U20,2020-06-23,1.058,1.0643,1.056,1.0616,0.0036,+0.34%,20573,42299
S6U20,2020-06-24,1.0609,1.0626,1.0566,1.0575,-0.0041,-0.39%,16131,42088
S6U20,2020-06-25,1.058,1.058,1.0541,1.0564,-0.0011,-0.10%,18412,40772
S6U20,2020-06-26,1.0563,1.0587,1.0551,1.0578,0.0014,+0.13%,15025,40995
S6U20,2020-06-29,1.0574,1.0616,1.0521,1.0535,-0.0043,-0.41%,21483,42934
S6U20,2020-06-30,1.0535,1.0592,1.0513,1.058,0.0045,+0.43%,25855,41400
S6U20,2020-07-01,1.058,1.0611,1.0556,1.059,0.001,+0.09%,20539,41859
S6U20,2020-07-02,1.0597,1.0631,1.0587,1.059,0,0.00%,17212,42447
S6U20,2020-07-06,1.0604,1.0678,1.0581,1.0644,0.0054,+0.51%,30639,46599
S6U20,2020-07-07,1.0637,1.0651,1.0599,1.0637,-0.0007,-0.07%,19822,45115
S6U20,2020-07-08,1.0631,1.0694,1.0622,1.0683,0.0046,+0.43%,18097,48029
S6U20,2020-07-09,1.0678,1.0701,1.0646,1.0655,-0.0028,-0.26%,24506,46878
S6U20,2020-07-10,1.0655,1.0675,1.0622,1.0641,-0.0014,-0.13%,21896,47260
S6U20,2020-07-13,1.0653,1.0666,1.0616,1.0641,0,0.00%,20544,49278
S6U20,2020-07-14,1.0642,1.0681,1.0631,1.0667,0.0026,+0.24%,20425,48430
S6U20,2020-07-15,1.0662,1.0691,1.0591,1.0595,-0.0072,-0.67%,23549,48031
S6U20,2020-07-16,1.0605,1.0622,1.0579,1.06,0.0005,+0.05%,20286,47531
S6U20,2020-07-17,1.0594,1.0678,1.0589,1.0674,0.0074,+0.70%,18165,47340
S6U20,2020-07-20,1.066,1.0686,1.0645,1.0663,-0.0011,-0.10%,20698,49363
S6U20,2020-07-21,1.0666,1.0745,1.0658,1.0737,0.0074,+0.69%,22070,51006
S6U20,2020-07-22,1.074,1.0784,1.071,1.0772,0.0035,+0.33%,22113,53271
S6U20,2020-07-23,1.0779,1.0831,1.077,1.0823,0.0051,+0.47%,18540,52964
S6U20,2020-07-24,1.0822,1.088,1.0814,1.0858,0.0035,+0.32%,19295,53625
S6U20,2020-07-27,1.0871,1.0924,1.085,1.0881,0.0023,+0.21%,28634,53465
S6U20,2020-07-28,1.0884,1.0938,1.0852,1.0915,0.0034,+0.31%,26215,51799
S6U20,2020-07-29,1.0913,1.0984,1.0899,1.0957,0.0042,+0.38%,29691,54405
S6U20,2020-07-30,1.0974,1.1017,1.0941,1.1007,0.005,+0.46%,29911,58011
S6U20,2020-07-31,1.1014,1.1056,1.0943,1.0956,-0.0051,-0.46%,44793,56884
S6U20,2020-08-03,1.0967,1.0967,1.0829,1.0908,-0.0048,-0.44%,29404,55474
S6U20,2020-08-04,1.0917,1.0965,1.0897,1.0947,0.0039,+0.36%,23735,56772
S6U20,2020-08-05,1.0964,1.1062,1.0954,1.102,0.0073,+0.67%,29849,58492
S6U20,2020-08-06,1.1022,1.1042,1.0965,1.0998,-0.0022,-0.20%,26475,58929
S6U20,2020-08-07,1.1011,1.1011,1.0931,1.096,-0.0038,-0.35%,28052,56139
S6U20,2020-08-10,1.0972,1.0973,1.0898,1.0936,-0.0024,-0.22%,21585,56244
S6U20,2020-08-11,1.0933,1.0992,1.0906,1.0913,-0.0023,-0.21%,28205,56592
S6U20,2020-08-12,1.0916,1.1003,1.0881,1.0973,0.006,+0.55%,26569,56379
S6U20,2020-08-13,1.0971,1.102,1.0971,1.0989,0.0016,+0.15%,20143,55803
S6U20,2020-08-14,1.1002,1.1013,1.0969,1.1005,0.0016,+0.15%,15721,56143
S6U20,2020-08-17,1.1009,1.1056,1.1002,1.1042,0.0037,+0.34%,15955,56575
S6U20,2020-08-18,1.1041,1.1108,1.1036,1.1083,0.0041,+0.37%,17603,56114
S6U20,2020-08-19,1.1083,1.1095,1.0931,1.0952,-0.0131,-1.18%,26916,56000
S6U20,2020-08-20,1.0934,1.1029,1.0921,1.1014,0.0062,+0.57%,31242,53187
S6U20,2020-08-21,1.1021,1.1043,1.0947,1.0968,-0.0046,-0.42%,21193,53084
S6U20,2020-08-24,1.0972,1.1026,1.0961,1.0979,0.0011,+0.10%,18202,52823
S6U20,2020-08-25,1.0973,1.1026,1.0964,1.1021,0.0042,+0.38%,17136,53085
S6U20,2020-08-26,1.1025,1.1028,1.0969,1.101,-0.0011,-0.10%,17628,52996
S6U20,2020-08-27,1.1019,1.1071,1.0965,1.101,0,0.00%,38812,53592
S6U20,2020-08-28,1.1007,1.1086,1.0993,1.1055,0.0045,+0.41%,26974,55000
S6U20,2020-08-31,1.1066,1.1117,1.105,1.1075,0.002,+0.18%,29117,54393
S6U20,2020-09-01,1.1071,1.1116,1.0991,1.0999,-0.0076,-0.69%,41237,54037
S6U20,2020-09-02,1.0999,1.1004,1.0949,1.0959,-0.004,-0.36%,31094,53380
S6U20,2020-09-03,1.0979,1.1013,1.0941,1.1004,0.0045,+0.41%,26436,52344
S6U20,2020-09-04,1.0997,1.1002,1.0915,1.0965,-0.0039,-0.35%,29377,53243
S6U20,2020-09-08,1.0947,1.0966,1.0871,1.0903,-0.0062,-0.57%,44854,52562
S6U20,2020-09-09,1.0896,1.0967,1.0882,1.0959,0.0056,+0.51%,70422,56951
S6Z20,2020-09-10,1.0992,1.1081,1.0989,1.1021,0.0062,+0.57%,74811,70317
S6Z20,2020-09-11,1.1015,1.1044,1.1012,1.1024,0.0003,+0.03%,19319,70050
S6Z20,2020-09-14,1.1036,1.1069,1.102,1.1044,0.002,+0.18%,15097,52600
S6Z20,2020-09-15,1.1043,1.1077,1.1032,1.1042,-0.0002,-0.02%,15195,52411
S6Z20,2020-09-16,1.1043,1.1072,1.1004,1.1011,-0.0031,-0.28%,21988,53359
S6Z20,2020-09-17,1.1025,1.1041,1.0969,1.1029,0.0018,+0.16%,21105,53810
S6Z20,2020-09-18,1.1037,1.1046,1.0996,1.1015,-0.0014,-0.13%,14800,53101
S6Z20,2020-09-21,1.1003,1.1031,1.0929,1.0953,-0.0062,-0.56%,29912,51342
S6Z20,2020-09-22,1.0957,1.0971,1.0886,1.0896,-0.0057,-0.52%,25337,51875
S6Z20,2020-09-23,1.0899,1.0907,1.0844,1.0845,-0.0051,-0.47%,27190,50206
S6Z20,2020-09-24,1.0848,1.0875,1.0799,1.0818,-0.0027,-0.25%,27068,48812
S6Z20,2020-09-25,1.0816,1.0833,1.0781,1.079,-0.0028,-0.26%,20830,48346
S6Z20,2020-09-28,1.0783,1.0844,1.0782,1.0838,0.0048,+0.44%,24315,48943
S6Z20,2020-09-29,1.0832,1.0903,1.0832,1.0899,0.0061,+0.56%,26134,47666
S6Z20,2020-09-30,1.0888,1.0936,1.084,1.0877,-0.0022,-0.20%,39765,46074
S6Z20,2020-10-01,1.088,1.0932,1.0874,1.0908,0.0031,+0.29%,23453,44901
S6Z20,2020-10-02,1.0909,1.0915,1.0869,1.0885,-0.0023,-0.21%,20439,44555
S6Z20,2020-10-05,1.089,1.0956,1.089,1.0939,0.0054,+0.50%,22765,45280
S6Z20,2020-10-06,1.0943,1.097,1.0914,1.0929,-0.001,-0.09%,17500,45038
S6Z20,2020-10-07,1.0914,1.0937,1.0907,1.0924,-0.0005,-0.05%,13217,45318
S6Z20,2020-10-08,1.0928,1.0939,1.0891,1.0922,-0.0002,-0.02%,13042,45640
S6Z20,2020-10-09,1.0923,1.1017,1.092,1.1009,0.0087,+0.80%,17804,46953
S6Z20,2020-10-12,1.1002,1.1024,1.0979,1.1016,0.0007,+0.06%,15897,47049
S6Z20,2020-10-13,1.102,1.1021,1.0941,1.0953,-0.0063,-0.57%,17564,47725
S6Z20,2020-10-14,1.0946,1.0991,1.0933,1.097,0.0017,+0.16%,17195,47672
S6Z20,2020-10-15,1.0969,1.0975,1.094,1.0945,-0.0025,-0.23%,16241,47627
S6Z20,2020-10-16,1.0954,1.0978,1.0931,1.0944,-0.0001,-0.01%,17212,48637
S6Z20,2020-10-19,1.0947,1.1018,1.0927,1.1005,0.0061,+0.56%,17910,50496
S6Z20,2020-10-20,1.0997,1.106,1.0994,1.1047,0.0042,+0.38%,20758,52755
S6Z20,2020-10-21,1.1042,1.109,1.1041,1.1071,0.0024,+0.22%,21319,53550
S6Z20,2020-10-22,1.1066,1.1068,1.1027,1.1037,-0.0034,-0.31%,17071,52516
S6Z20,2020-10-23,1.1035,1.1085,1.1014,1.1069,0.0032,+0.29%,15547,52166
S6Z20,2020-10-26,1.1076,1.1077,1.1028,1.1036,-0.0033,-0.30%,15722,52130
S6Z20,2020-10-27,1.1029,1.1051,1.1007,1.1034,-0.0002,-0.02%,16511,52735
S6Z20,2020-10-28,1.1015,1.1023,1.0971,1.1005,-0.0029,-0.26%,25684,50790
S6Z20,2020-10-29,1.0997,1.1016,1.0916,1.093,-0.0075,-0.68%,24244,51167
S6Z20,2020-10-30,1.0932,1.0956,1.0915,1.0917,-0.0013,-0.12%,21175,50806
S6Z20,2020-11-02,1.092,1.0923,1.0874,1.0881,-0.0036,-0.33%,17281,51995
S6Z20,2020-11-03,1.0898,1.0982,1.0892,1.0972,0.0091,+0.84%,19752,51092
S6Z20,2020-11-04,1.0978,1.1014,1.0885,1.0973,0.0001,+0.01%,26953,51140
S6Z20,2020-11-05,1.0967,1.1078,1.0963,1.107,0.0097,+0.88%,21404,52362
S6Z20,2020-11-06,1.1068,1.1144,1.1053,1.1128,0.0058,+0.52%,24958,53640
S6Z20,2020-11-09,1.1125,1.1141,1.0947,1.0971,-0.0157,-1.41%,38282,50835
S6Z20,2020-11-10,1.0952,1.0981,1.0909,1.094,-0.0031,-0.28%,29641,52528
S6Z20,2020-11-11,1.0941,1.0952,1.0888,1.0911,-0.0029,-0.27%,19022,53486
S6Z20,2020-11-12,1.0915,1.096,1.0913,1.0941,0.003,+0.27%,16697,52810
S6Z20,2020-11-13,1.094,1.0967,1.0927,1.0958,0.0017,+0.16%,12643,52084
S6Z20,2020-11-16,1.0964,1.1,1.0936,1.0963,0.0005,+0.05%,16828,51008
S6Z20,2020-11-17,1.0968,1.1012,1.0964,1.099,0.0027,+0.25%,16394,50775
S6Z20,2020-11-18,1.0983,1.1006,1.0969,1.0994,0.0004,+0.04%,16573,50917
S6Z20,2020-11-19,1.0982,1.0996,1.0948,1.099,-0.0004,-0.04%,17409,50684
S6Z20,2020-11-20,1.0988,1.1006,1.0968,1.0977,-0.0013,-0.12%,14955,51117
S6Z20,2020-11-23,1.0979,1.1025,1.0937,1.0968,-0.0009,-0.08%,24207,51048
S6Z20,2020-11-24,1.0964,1.0997,1.0951,1.097,0.0002,+0.02%,21954,50388
S6Z20,2020-11-25,1.0981,1.1022,1.0948,1.1012,0.0042,+0.38%,23443,50769
S6Z20,2020-11-27,1.1016,1.1066,1.1002,1.1054,0.0042,+0.38%,26386,50490
S6Z20,2020-11-30,1.1059,1.1092,1.1002,1.1037,-0.0017,-0.15%,32013,50513
S6Z20,2020-12-01,1.1008,1.1122,1.1008,1.1107,0.007,+0.63%,28344,51683
S6Z20,2020-12-02,1.1119,1.1185,1.1099,1.1163,0.0056,+0.50%,28017,52346
S6Z20,2020-12-03,1.1179,1.1249,1.1171,1.1221,0.0058,+0.52%,24453,53896
S6Z20,2020-12-04,1.1226,1.1257,1.121,1.1233,0.0012,+0.11%,27917,53799
S6Z20,2020-12-07,1.1215,1.127,1.1179,1.1235,0.0002,+0.02%,30173,54699
S6Z20,2020-12-08,1.1229,1.1261,1.122,1.1245,0.001,+0.09%,58314,54922
S6Z20,2020-12-09,1.1251,1.1274,1.1219,1.124,-0.0005,-0.04%,70799,55944
S6H21,2020-12-10,1.1278,1.1331,1.127,1.1308,0.0068,+0.60%,63396,61002
S6H21,2020-12-11,1.132,1.1333,1.126,1.1278,-0.003,-0.27%,30394,60822
S6H21,2020-12-14,1.1289,1.1334,1.1277,1.1307,0.0029,+0.26%,18856,49518
S6H21,2020-12-15,1.1311,1.1334,1.1293,1.133,0.0023,+0.20%,16127,48913
S6H21,2020-12-16,1.1323,1.1365,1.1282,1.1306,-0.0024,-0.21%,27598,49392
S6H21,2020-12-17,1.1332,1.1371,1.1325,1.1336,0.003,+0.27%,21433,52238
S6H21,2020-12-18,1.1346,1.1365,1.1311,1.135,0.0014,+0.12%,17896,51380
S6H21,2020-12-21,1.1342,1.1344,1.1245,1.134,-0.001,-0.09%,28268,53305
S6H21,2020-12-22,1.132,1.1341,1.1266,1.1271,-0.0069,-0.61%,15815,52794
S6H21,2020-12-23,1.1278,1.131,1.1256,1.1285,0.0014,+0.12%,15379,53356
S6H21,2020-12-24,1.1293,1.1308,1.1243,1.1247,-0.0038,-0.34%,8361,52672
S6H21,2020-12-28,1.1256,1.1295,1.1241,1.1269,0.0022,+0.20%,15235,52705
S6H21,2020-12-29,1.1274,1.1353,1.1274,1.1333,0.0064,+0.57%,25078,52404
S6H21,2020-12-30,1.1342,1.1374,1.1317,1.1359,0.0026,+0.23%,22912,51181
S6H21,2020-12-31,1.1368,1.1395,1.1311,1.1322,-0.0037,-0.33%,23415,48395
S6H21,2021-01-04,1.134,1.1406,1.1328,1.1378,0.0056,+0.49%,23575,48873
S6H21,2021-01-05,1.1366,1.1417,1.1364,1.1414,0.0036,+0.32%,17932,49028
S6H21,2021-01-06,1.1407,1.1441,1.1358,1.139,-0.0024,-0.21%,25551,49111
S6H21,2021-01-07,1.1403,1.1417,1.1307,1.1319,-0.0071,-0.62%,23602,50143
S6H21,2021-01-08,1.1316,1.1355,1.1276,1.1303,-0.0016,-0.14%,27200,50038
S6H21,2021-01-11,1.131,1.1312,1.123,1.1263,-0.004,-0.35%,19376,49804
S6H21,2021-01-12,1.1254,1.1305,1.1236,1.1295,0.0032,+0.28%,14522,50164
S6H21,2021-01-13,1.1298,1.1319,1.1269,1.1281,-0.0014,-0.12%,14732,49903
S6H21,2021-01-14,1.1284,1.131,1.1232,1.1281,0,0.00%,21796,49106
S6H21,2021-01-15,1.1278,1.1293,1.1234,1.124,-0.0041,-0.36%,14955,48647
S6H21,2021-01-19,1.1244,1.1299,1.122,1.1272,0.0032,+0.28%,26179,48530
S6H21,2021-01-20,1.1272,1.1295,1.1227,1.1256,-0.0016,-0.14%,17272,48396
S6H21,2021-01-21,1.1258,1.1318,1.1254,1.1311,0.0055,+0.49%,17769,48643
S6H21,2021-01-22,1.1314,1.1331,1.1295,1.1301,-0.001,-0.09%,15059,48685
S6H21,2021-01-25,1.1309,1.1318,1.126,1.1275,-0.0026,-0.23%,15980,48353
S6H21,2021-01-26,1.1279,1.1301,1.1257,1.1295,0.002,+0.18%,15398,48337
S6H21,2021-01-27,1.129,1.13,1.1228,1.126,-0.0035,-0.31%,23561,48670
S6H21,2021-01-28,1.1266,1.129,1.1226,1.1279,0.0019,+0.17%,22783,48098
S6H21,2021-01-29,1.1267,1.1283,1.1235,1.1241,-0.0038,-0.34%,27366,48631
S6H21,2021-02-01,1.1244,1.1247,1.1157,1.1163,-0.0078,-0.69%,29000,50727
S6H21,2021-02-02,1.1161,1.1189,1.1128,1.114,-0.0023,-0.21%,21574,50832
S6H21,2021-02-03,1.1154,1.116,1.112,1.1132,-0.0008,-0.07%,15307,50435
S6H21,2021-02-04,1.1135,1.1142,1.1066,1.1071,-0.0061,-0.55%,19183,50614
S6H21,2021-02-05,1.1068,1.1137,1.1064,1.1126,0.0055,+0.50%,22982,51762
S6H21,2021-02-08,1.1135,1.1143,1.1097,1.1138,0.0012,+0.11%,19323,50429
S6H21,2021-02-09,1.1136,1.1222,1.1133,1.122,0.0082,+0.74%,24638,48656
S6H21,2021-02-10,1.1214,1.1258,1.1206,1.1247,0.0027,+0.24%,18894,47894
S6H21,2021-02-11,1.1242,1.1254,1.1231,1.1245,-0.0002,-0.02%,13915,47983
S6H21,2021-02-12,1.1244,1.1246,1.1194,1.1217,-0.0028,-0.25%,18608,47977
S6H21,2021-02-16,1.1221,1.128,1.1205,1.1221,0.0004,+0.04%,32984,48093
S6H21,2021-02-17,1.121,1.1211,1.1127,1.1129,-0.0092,-0.82%,29088,49144
S6H21,2021-02-18,1.1135,1.1171,1.1122,1.1162,0.0033,+0.30%,20253,50082
S6H21,2021-02-19,1.1165,1.12,1.1151,1.1158,-0.0004,-0.04%,23264,49761
S6H21,2021-02-22,1.1161,1.1181,1.1088,1.1173,0.0015,+0.13%,25623,50497
S6H21,2021-02-23,1.1164,1.1181,1.1047,1.105,-0.0123,-1.10%,28944,53002
S6H21,2021-02-24,1.1052,1.106,1.1001,1.1021,-0.0029,-0.26%,36572,53053
S6H21,2021-02-25,1.1032,1.1082,1.1016,1.1056,0.0035,+0.32%,39198,52396
S6H21,2021-02-26,1.1059,1.1081,1.099,1.1004,-0.0052,-0.47%,35763,51680
S6H21,2021-03-01,1.1009,1.1027,1.0921,1.0931,-0.0073,-0.66%,31243,52164
S6H21,2021-03-02,1.0939,1.0948,1.088,1.0942,0.0011,+0.10%,29014,52707
S6H21,2021-03-03,1.0931,1.0944,1.0872,1.0877,-0.0065,-0.59%,24767,52370
S6H21,2021-03-04,1.0876,1.0885,1.0758,1.0763,-0.0114,-1.05%,33422,53474
S6H21,2021-03-05,1.0765,1.0803,1.0732,1.0745,-0.0018,-0.17%,38847,54209
S6H21,2021-03-08,1.0744,1.0756,1.0673,1.0695,-0.005,-0.47%,30131,53881
S6H21,2021-03-09,1.0679,1.0783,1.0666,1.0775,0.008,+0.75%,45611,57348
S6H21,2021-03-10,1.0779,1.078,1.0727,1.0759,-0.0016,-0.15%,55727,57580
S6H21,2021-03-11,1.0758,1.0829,1.0743,1.0819,0.006,+0.56%,64622,61574
S6M21,2021-03-12,1.0842,1.0844,1.075,1.0785,-0.0034,-0.31%,37291,61705
S6M21,2021-03-15,1.0786,1.0818,1.0766,1.0801,0.0016,+0.15%,15637,36860
S6M21,2021-03-16,1.0806,1.0847,1.0794,1.0836,0.0035,+0.32%,17876,37985
S6M21,2021-03-17,1.0836,1.088,1.0784,1.087,0.0034,+0.31%,24449,38236
S6M21,2021-03-18,1.0865,1.0873,1.0771,1.0796,-0.0074,-0.68%,27886,39734
S6M21,2021-03-19,1.0806,1.0835,1.0755,1.0789,-0.0007,-0.06%,18496,39579
S6M21,2021-03-22,1.078,1.0869,1.0767,1.0854,0.0065,+0.60%,24733,38063
S6M21,2021-03-23,1.0857,1.0858,1.0723,1.0732,-0.0122,-1.12%,26927,38302
S6M21,2021-03-24,1.0732,1.0735,1.0697,1.0714,-0.0018,-0.17%,16730,39785
S6M21,2021-03-25,1.0712,1.0719,1.0658,1.067,-0.0044,-0.41%,15153,39836
S6M21,2021-03-26,1.0662,1.0681,1.0641,1.0672,0.0002,+0.02%,14705,40856
S6M21,2021-03-29,1.067,1.0695,1.0655,1.067,-0.0002,-0.02%,14487,41081
S6M21,2021-03-30,1.0671,1.0675,1.0616,1.0635,-0.0035,-0.33%,16895,42770
S6M21,2021-03-31,1.0633,1.0654,1.0592,1.0595,-0.004,-0.38%,20735,43363
S6M21,2021-04-01,1.0616,1.0652,1.0576,1.0635,0.004,+0.38%,19577,43968
S6M21,2021-04-05,1.0628,1.071,1.0614,1.0701,0.0066,+0.62%,12009,43983
S6M21,2021-04-06,1.0701,1.0768,1.0661,1.0758,0.0057,+0.53%,19690,43677
S6M21,2021-04-07,1.0756,1.0808,1.0754,1.0773,0.0015,+0.14%,23108,42133
S6M21,2021-04-08,1.0774,1.085,1.0769,1.0844,0.0071,+0.66%,17204,42143
S6M21,2021-04-09,1.0837,1.0844,1.0792,1.083,-0.0014,-0.13%,24759,41575
S6M21,2021-04-12,1.0833,1.0872,1.0807,1.0853,0.0023,+0.21%,17898,42835
S6M21,2021-04-13,1.0858,1.089,1.0817,1.0881,0.0028,+0.26%,18855,42423
S6M21,2021-04-14,1.0878,1.0903,1.0847,1.0853,-0.0028,-0.26%,17103,43053
S6M21,2021-04-15,1.0852,1.0878,1.0832,1.0865,0.0012,+0.11%,14533,42839
S6M21,2021-04-16,1.0859,1.091,1.0844,1.0887,0.0022,+0.20%,15212,42654
S6M21,2021-04-19,1.0891,1.0971,1.0868,1.0951,0.0064,+0.59%,22612,41781
S6M21,2021-04-20,1.0946,1.0963,1.0921,1.093,-0.0021,-0.19%,15309,41266
S6M21,2021-04-21,1.0934,1.0941,1.089,1.0919,-0.0011,-0.10%,14826,41261
S6M21,2021-04-22,1.0926,1.0951,1.0895,1.0905,-0.0014,-0.13%,18085,41320
S6M21,2021-04-23,1.0918,1.0972,1.0916,1.0962,0.0057,+0.52%,16595,40183
S6M21,2021-04-26,1.0961,1.0978,1.0924,1.0955,-0.0007,-0.06%,16045,40737
S6M21,2021-04-27,1.0952,1.0975,1.0917,1.0952,-0.0003,-0.03%,16583,40783
S6M21,2021-04-28,1.0953,1.1016,1.0905,1.1003,0.0051,+0.47%,23452,40657
S6M21,2021-04-29,1.1007,1.1025,1.0977,1.1018,0.0015,+0.14%,22654,41369
S6M21,2021-04-30,1.1017,1.1025,1.0952,1.096,-0.0058,-0.53%,27695,40472
S6M21,2021-05-03,1.0969,1.1009,1.0943,1.0988,0.0028,+0.26%,18908,40022
S6M21,2021-05-04,1.0984,1.0988,1.0928,1.0958,-0.003,-0.27%,20583,39526
S6M21,2021-05-05,1.0956,1.0974,1.0923,1.0958,0,0.00%,16356,40302
S6M21,2021-05-06,1.0962,1.1036,1.0945,1.1014,0.0056,+0.51%,22187,41179
S6M21,2021-05-07,1.1027,1.1116,1.1007,1.1108,0.0094,+0.85%,27624,40660
S6M21,2021-05-10,1.1118,1.1138,1.1096,1.1113,0.0005,+0.05%,20094,41015
S6M21,2021-05-11,1.1108,1.1119,1.1072,1.1079,-0.0034,-0.31%,20963,41585
S6M21,2021-05-12,1.1077,1.1083,1.1004,1.1021,-0.0058,-0.52%,23815,40850
S6M21,2021-05-13,1.1008,1.1056,1.1005,1.1042,0.0021,+0.19%,16932,39110
S6M21,2021-05-14,1.1045,1.1104,1.104,1.1092,0.005,+0.45%,18158,40044
S6M21,2021-05-17,1.1099,1.1117,1.1078,1.1091,-0.0001,-0.01%,15102,40761
S6M21,2021-05-18,1.1082,1.1168,1.1076,1.1163,0.0072,+0.65%,23107,44162
S6M21,2021-05-19,1.1155,1.1157,1.106,1.1071,-0.0092,-0.82%,27120,45607
S6M21,2021-05-20,1.1076,1.1151,1.106,1.1139,0.0068,+0.61%,18098,45790
S6M21,2021-05-21,1.1153,1.1174,1.1116,1.1141,0.0002,+0.02%,22680,43179
S6M21,2021-05-24,1.1141,1.117,1.1113,1.1156,0.0015,+0.13%,15324,42733
S6M21,2021-05-25,1.1154,1.1203,1.1148,1.1177,0.0021,+0.19%,19485,43521
S6M21,2021-05-26,1.1171,1.1189,1.1132,1.1146,-0.0031,-0.28%,18350,44098
S6M21,2021-05-27,1.1145,1.1164,1.1104,1.1153,0.0007,+0.06%,23306,44705
S6M21,2021-05-28,1.1149,1.1155,1.1078,1.1121,-0.0032,-0.29%,22357,44302
S6M21,2021-06-01,1.1117,1.1182,1.1099,1.1156,0.0035,+0.31%,26522,46004
S6M21,2021-06-02,1.1145,1.1155,1.1084,1.1139,-0.0017,-0.15%,18696,45181
S6M21,2021-06-03,1.1141,1.1141,1.1049,1.1062,-0.0077,-0.69%,19042,45057
S6M21,2021-06-04,1.1072,1.1136,1.1047,1.1124,0.0062,+0.56%,19049,46639
S6M21,2021-06-07,1.1123,1.1154,1.11,1.115,0.0026,+0.23%,22747,48733
S6M21,2021-06-08,1.1145,1.1173,1.1127,1.1158,0.0008,+0.07%,36659,49202
S6M21,2021-06-09,1.115,1.1205,1.1147,1.1164,0.0006,+0.05%,56293,49192
S6U21,2021-06-10,1.1188,1.1211,1.1128,1.1201,0.0037,+0.33%,56037,47762
S6U21,2021-06-11,1.1207,1.1221,1.1137,1.1151,-0.005,-0.45%,41043,52015
S6U21,2021-06-14,1.1154,1.1165,1.1137,1.1137,-0.0014,-0.13%,16138,38206
S6U21,2021-06-15,1.1146,1.1179,1.1126,1.1157,0.002,+0.18%,21661,37057
S6U21,2021-06-16,1.1159,1.1165,1.1028,1.1059,-0.0098,-0.88%,27939,39305
S6U21,2021-06-17,1.1032,1.1043,1.0908,1.0925,-0.0134,-1.21%,40142,40775
S6U21,2021-06-18,1.092,1.093,1.0848,1.0873,-0.0052,-0.48%,29452,39389
S6U21,2021-06-21,1.0858,1.0922,1.085,1.0912,0.0039,+0.36%,26845,39885
S6U21,2021-06-22,1.0918,1.0925,1.0878,1.0913,0.0001,+0.01%,21561,41889
S6U21,2021-06-23,1.0914,1.0947,1.0892,1.0913,0,0.00%,19488,42045
S6U21,2021-06-24,1.0917,1.0923,1.0892,1.0912,-0.0001,-0.01%,15052,41542
S6U21,2021-06-25,1.0915,1.096,1.0912,1.0916,0.0004,+0.04%,17286,42198
S6U21,2021-06-28,1.0929,1.0931,1.0875,1.0895,-0.0021,-0.19%,19610,42347
S6U21,2021-06-29,1.0895,1.0904,1.0851,1.088,-0.0015,-0.14%,21437,42684
S6U21,2021-06-30,1.0877,1.0884,1.0817,1.0819,-0.0061,-0.56%,26266,43961
S6U21,2021-07-01,1.0829,1.0847,1.0806,1.0814,-0.0005,-0.05%,25468,43165
S6U21,2021-07-02,1.0824,1.0888,1.0801,1.0858,0.0044,+0.41%,29459,44424
S6U21,2021-07-06,1.0867,1.0897,1.0829,1.0832,-0.0026,-0.24%,36288,44739
S6U21,2021-07-07,1.0835,1.0862,1.0808,1.0829,-0.0003,-0.03%,24485,44497
S6U21,2021-07-08,1.0823,1.0967,1.0816,1.0938,0.0109,+1.01%,32337,42508
S6U21,2021-07-09,1.095,1.0964,1.0917,1.0958,0.002,+0.18%,21532,43752
S6U21,2021-07-12,1.0958,1.0969,1.0922,1.0942,-0.0016,-0.15%,16063,45056
S6U21,2021-07-13,1.0949,1.0954,1.0886,1.0901,-0.0041,-0.37%,21395,45704
S6U21,2021-07-14,1.0905,1.0956,1.0888,1.095,0.0049,+0.45%,19852,44187
S6U21,2021-07-15,1.0951,1.0984,1.0894,1.0909,-0.0041,-0.37%,20932,44840
S6U21,2021-07-16,1.0913,1.0917,1.0882,1.0889,-0.002,-0.18%,15511,43970
S6U21,2021-07-19,1.0891,1.0929,1.0859,1.0904,0.0015,+0.14%,24707,43954
S6U21,2021-07-20,1.0909,1.0916,1.0845,1.0871,-0.0033,-0.30%,19802,44735
S6U21,2021-07-21,1.0871,1.092,1.0848,1.0917,0.0046,+0.42%,16265,43946
S6U21,2021-07-22,1.0913,1.0937,1.0882,1.0895,-0.0022,-0.20%,20248,43339
S6U21,2021-07-23,1.0894,1.0899,1.0857,1.088,-0.0015,-0.14%,16164,44519
S6U21,2021-07-26,1.088,1.0944,1.088,1.093,0.005,+0.46%,19822,44991
S6U21,2021-07-27,1.0933,1.0967,1.0898,1.0953,0.0023,+0.21%,19550,44784
S6U21,2021-07-28,1.0952,1.1003,1.0921,1.099,0.0037,+0.34%,22933,44252
S6U21,2021-07-29,1.1002,1.1057,1.1,1.1055,0.0065,+0.59%,22931,45601
S6U21,2021-07-30,1.1051,1.1074,1.1031,1.1046,-0.0009,-0.08%,27312,43676
S6U21,2021-08-02,1.1044,1.1077,1.1041,1.1061,0.0015,+0.14%,18155,43181
S6U21,2021-08-03,1.1058,1.1094,1.1052,1.1072,0.0011,+0.10%,14122,42456
S6U21,2021-08-04,1.1072,1.11,1.1028,1.1045,-0.0027,-0.24%,20560,41225
S6U21,2021-08-05,1.1043,1.1058,1.1025,1.1045,0,0.00%,15062,41713
S6U21,2021-08-06,1.1038,1.1041,1.093,1.0937,-0.0108,-0.98%,26633,42441
S6U21,2021-08-09,1.093,1.0943,1.0869,1.0878,-0.0059,-0.54%,23693,43668
S6U21,2021-08-10,1.0876,1.0885,1.0839,1.0844,-0.0034,-0.31%,20604,45159
S6U21,2021-08-11,1.0841,1.0875,1.0828,1.0856,0.0012,+0.11%,22395,45792
S6U21,2021-08-12,1.0861,1.0864,1.0831,1.0832,-0.0024,-0.22%,15597,47217
S6U21,2021-08-13,1.0836,1.0938,1.0831,1.0934,0.0102,+0.94%,18941,46114
S6U21,2021-08-16,1.093,1.0986,1.092,1.0969,0.0035,+0.32%,19407,45132
S6U21,2021-08-17,1.0966,1.0997,1.0934,1.0939,-0.003,-0.27%,23110,44005
S6U21,2021-08-18,1.0942,1.0964,1.0881,1.0917,-0.0022,-0.20%,25216,44873
S6U21,2021-08-19,1.0913,1.0942,1.0868,1.0893,-0.0024,-0.22%,22141,44601
S6U21,2021-08-20,1.0892,1.0924,1.0887,1.0903,0.001,+0.09%,14736,45209
S6U21,2021-08-23,1.0908,1.0968,1.0901,1.0965,0.0062,+0.57%,19200,44357
S6U21,2021-08-24,1.0966,1.0981,1.0947,1.0962,-0.0003,-0.03%,12778,43703
S6U21,2021-08-25,1.0962,1.0963,1.0925,1.0951,-0.0011,-0.10%,17508,43367
S6U21,2021-08-26,1.0948,1.0951,1.0882,1.0895,-0.0056,-0.51%,21502,45007
S6U21,2021-08-27,1.0903,1.0986,1.0874,1.0977,0.0082,+0.75%,23363,43258
S6U21,2021-08-30,1.0978,1.0991,1.089,1.0913,-0.0064,-0.58%,18079,44134
S6U21,2021-08-31,1.0911,1.0976,1.0904,1.0934,0.0021,+0.19%,24663,43060
S6U21,2021-09-01,1.0931,1.0945,1.0885,1.093,-0.0004,-0.04%,19266,43164
S6U21,2021-09-02,1.0924,1.0943,1.091,1.0935,0.0005,+0.05%,23253,39777
S6U21,2021-09-03,1.0939,1.0972,1.092,1.0951,0.0016,+0.15%,30953,40295
S6U21,2021-09-07,1.0942,1.0952,1.0872,1.0879,-0.0072,-0.66%,53798,44573
S6U21,2021-09-08,1.0877,1.0891,1.0829,1.0855,-0.0024,-0.22%,67023,50988
S6Z21,2021-09-09,1.0872,1.094,1.0867,1.0932,0.0077,+0.71%,64673,53420
S6Z21,2021-09-10,1.0937,1.0953,1.0912,1.0919,-0.0013,-0.12%,33917,55350
S6Z21,2021-09-13,1.0913,1.0953,1.0844,1.086,-0.0059,-0.54%,22259,45273
S6Z21,2021-09-14,1.0867,1.0915,1.0861,1.0902,0.0042,+0.39%,18332,45513
S6Z21,2021-09-15,1.0894,1.0937,1.0886,1.0894,-0.0008,-0.07%,18411,45771
S6Z21,2021-09-16,1.0896,1.09,1.08,1.081,-0.0084,-0.77%,32560,52245
S6Z21,2021-09-17,1.0802,1.0822,1.0747,1.0749,-0.0061,-0.56%,22749,53313
S6Z21,2021-09-20,1.075,1.0808,1.0737,1.08,0.0051,+0.47%,29666,56459
S6Z21,2021-09-21,1.08,1.0863,1.0794,1.085,0.005,+0.46%,25905,56838
S6Z21,2021-09-22,1.0849,1.0874,1.0805,1.0811,-0.0039,-0.36%,28609,56236
S6Z21,2021-09-23,1.0813,1.087,1.0804,1.0849,0.0038,+0.35%,22104,55621
S6Z21,2021-09-24,1.0838,1.0864,1.0819,1.083,-0.0019,-0.18%,17848,55592
S6Z21,2021-09-27,1.0839,1.0843,1.0783,1.082,-0.001,-0.09%,23560,56590
S6Z21,2021-09-28,1.0821,1.0824,1.0771,1.0772,-0.0048,-0.44%,23368,58506
S6Z21,2021-09-29,1.0784,1.0796,1.0707,1.072,-0.0052,-0.48%,25565,60875
S6Z21,2021-09-30,1.072,1.0755,1.0693,1.0742,0.0022,+0.21%,29409,58923
S6Z21,2021-10-01,1.0752,1.0792,1.0728,1.0769,0.0027,+0.25%,23176,57855
S6Z21,2021-10-04,1.0773,1.0853,1.0758,1.0834,0.0065,+0.60%,25701,56679
S6Z21,2021-10-05,1.0835,1.0841,1.0784,1.0796,-0.0038,-0.35%,19576,55970
S6Z21,2021-10-06,1.079,1.0804,1.0761,1.0795,-0.0001,-0.01%,21640,55646
S6Z21,2021-10-07,1.0798,1.0824,1.0778,1.078,-0.0015,-0.14%,17002,55540
S6Z21,2021-10-08,1.0784,1.0817,1.0763,1.0809,0.0029,+0.27%,20999,56108
S6Z21,2021-10-11,1.0805,1.0828,1.0783,1.08,-0.0009,-0.08%,16068,55807
S6Z21,2021-10-12,1.0798,1.082,1.0754,1.0759,-0.0041,-0.38%,18209,57341
S6Z21,2021-10-13,1.0763,1.0845,1.0759,1.0837,0.0078,+0.72%,25631,54794
S6Z21,2021-10-14,1.0842,1.0892,1.0834,1.0845,0.0008,+0.07%,22320,54324
S6Z21,2021-10-15,1.0843,1.086,1.0809,1.0852,0.0007,+0.06%,19797,54098
S6Z21,2021-10-18,1.0844,1.0857,1.0799,1.0847,-0.0005,-0.05%,21983,54738
S6Z21,2021-10-19,1.0841,1.0903,1.0838,1.0853,0.0006,+0.06%,21313,55600
S6Z21,2021-10-20,1.0849,1.09,1.0822,1.0896,0.0043,+0.40%,20834,56036
S6Z21,2021-10-21,1.0895,1.0921,1.0877,1.0901,0.0005,+0.05%,21054,54735
S6Z21,2021-10-22,1.0901,1.0942,1.09,1.0929,0.0028,+0.26%,20633,54719
S6Z21,2021-10-25,1.0927,1.0943,1.088,1.0888,-0.0041,-0.38%,19698,54497
S6Z21,2021-10-26,1.0887,1.0898,1.0852,1.0885,-0.0003,-0.03%,17506,54305
S6Z21,2021-10-27,1.0884,1.0924,1.0878,1.0914,0.0029,+0.27%,23414,55058
S6Z21,2021-10-28,1.0904,1.0984,1.0888,1.098,0.0066,+0.60%,31639,55862
S6Z21,2021-10-29,1.0981,1.0999,1.091,1.0936,-0.0044,-0.40%,38392,51525
S6Z21,2021-11-01,1.0926,1.1017,1.0916,1.1012,0.0076,+0.69%,27862,52506
S6Z21,2021-11-02,1.1012,1.1013,1.094,1.0951,-0.0061,-0.55%,26158,51613
S6Z21,2021-11-03,1.0946,1.0996,1.0939,1.0994,0.0043,+0.39%,27448,51345
S6Z21,2021-11-04,1.0976,1.0986,1.0945,1.0967,-0.0027,-0.25%,22333,51411
S6Z21,2021-11-05,1.0969,1.0985,1.0907,1.0968,0.0001,+0.01%,26563,50980
S6Z21,2021-11-08,1.097,1.0976,1.0929,1.0959,-0.0009,-0.08%,19667,51185
S6Z21,2021-11-09,1.096,1.0996,1.0934,1.0992,0.0033,+0.30%,23289,51546
S6Z21,2021-11-10,1.0984,1.0987,1.0894,1.0904,-0.0088,-0.80%,29795,50178
S6Z21,2021-11-11,1.09,1.0903,1.0849,1.0854,-0.005,-0.46%,22061,48805
S6Z21,2021-11-12,1.0861,1.0875,1.0833,1.0869,0.0015,+0.14%,19879,48099
S6Z21,2021-11-15,1.0863,1.0892,1.081,1.0823,-0.0046,-0.42%,21566,47168
S6Z21,2021-11-16,1.0819,1.0832,1.0745,1.0748,-0.0075,-0.69%,27935,49320
S6Z21,2021-11-17,1.0757,1.0787,1.0725,1.0776,0.0028,+0.26%,23401,49612
S6Z21,2021-11-18,1.0779,1.0815,1.0768,1.081,0.0034,+0.32%,21035,49996
S6Z21,2021-11-19,1.0808,1.0816,1.077,1.0775,-0.0035,-0.32%,24515,50029
S6Z21,2021-11-22,1.077,1.0797,1.0718,1.072,-0.0055,-0.51%,25716,52304
S6Z21,2021-11-23,1.0726,1.0756,1.0705,1.0719,-0.0001,-0.01%,22415,52412
S6Z21,2021-11-24,1.072,1.0725,1.0673,1.0709,-0.001,-0.09%,27073,54154
S6Z21,2021-11-26,1.0708,1.0851,1.0686,1.0841,0.0132,+1.23%,42263,51740
S6Z21,2021-11-29,1.0839,1.0841,1.0788,1.0817,-0.0024,-0.22%,22599,50686
S6Z21,2021-11-30,1.0839,1.0924,1.0795,1.0889,0.0072,+0.67%,39790,50543
S6Z21,2021-12-01,1.089,1.0909,1.0852,1.087,-0.0019,-0.17%,28568,49057
S6Z21,2021-12-02,1.0875,1.0897,1.0846,1.0862,-0.0008,-0.07%,17228,48416
S6Z21,2021-12-03,1.0868,1.0929,1.0851,1.09,0.0038,+0.35%,22464,48746
S6Z21,2021-12-06,1.09,1.09,1.0791,1.0801,-0.0099,-0.91%,31513,51060
S6Z21,2021-12-07,1.0806,1.0834,1.0783,1.0814,0.0013,+0.12%,37143,51229
S6Z21,2021-12-08,1.0818,1.0876,1.081,1.0872,0.0058,+0.54%,65319,51626
S6H22,2021-12-09,1.0903,1.0903,1.0824,1.0848,-0.0024,-0.22%,63319,49536
S6H22,2021-12-10,1.0856,1.0903,1.0837,1.0889,0.0041,+0.38%,28177,52131
S6H22,2021-12-13,1.0893,1.0896,1.0834,1.0878,-0.0011,-0.10%,13111,39025
S6H22,2021-12-14,1.0863,1.0916,1.0849,1.0851,-0.0027,-0.25%,16139,38467
S6H22,2021-12-15,1.0854,1.0861,1.0791,1.0833,-0.0018,-0.17%,19107,39952
S6H22,2021-12-16,1.0856,1.0913,1.0834,1.0908,0.0075,+0.69%,21078,39313
S6H22,2021-12-17,1.0906,1.0929,1.0845,1.0854,-0.0054,-0.50%,17161,38969
S6H22,2021-12-20,1.0846,1.0904,1.0836,1.0867,0.0013,+0.12%,14305,39582
S6H22,2021-12-21,1.0876,1.0901,1.0832,1.085,-0.0017,-0.16%,13210,40920
S6H22,2021-12-22,1.085,1.0908,1.0833,1.0899,0.0049,+0.45%,14177,40678
S6H22,2021-12-23,1.0897,1.0924,1.0872,1.0922,0.0023,+0.21%,12506,40851
S6H22,2021-12-27,1.0918,1.0927,1.0893,1.0921,-0.0001,-0.01%,10103,40351
S6H22,2021-12-28,1.0921,1.0942,1.0903,1.0921,0,0.00%,14391,40122
S6H22,2021-12-29,1.0926,1.0981,1.0889,1.0957,0.0036,+0.33%,23046,43046
S6H22,2021-12-30,1.0955,1.097,1.0912,1.0963,0.0006,+0.05%,17153,42173
S6H22,2021-12-31,1.0966,1.1005,1.0951,1.0992,0.0029,+0.26%,15966,41411
S6H22,2022-01-03,1.0989,1.0989,1.0888,1.0908,-0.0084,-0.76%,21627,43285
S6H22,2022-01-04,1.0901,1.0964,1.0895,1.0931,0.0023,+0.21%,17126,42251
S6H22,2022-01-05,1.0934,1.0958,1.0907,1.0919,-0.0012,-0.11%,18596,41576
S6H22,2022-01-06,1.092,1.0925,1.0858,1.086,-0.0059,-0.54%,16702,42258
S6H22,2022-01-07,1.0872,1.0909,1.0848,1.0906,0.0046,+0.42%,17038,42048
S6H22,2022-01-10,1.0901,1.0903,1.0799,1.0802,-0.0104,-0.95%,25578,43866
S6H22,2022-01-11,1.0805,1.0849,1.0795,1.0844,0.0042,+0.39%,21856,42713
S6H22,2022-01-12,1.0846,1.0971,1.0834,1.0965,0.0121,+1.12%,30892,39846
S6H22,2022-01-13,1.0957,1.1015,1.0947,1.0998,0.0033,+0.30%,23932,41579
S6H22,2022-01-14,1.0992,1.1011,1.0955,1.0959,-0.0039,-0.35%,19726,41721
S6H22,2022-01-18,1.0957,1.0978,1.091,1.092,-0.0039,-0.36%,25563,39871
S6H22,2022-01-19,1.0919,1.0951,1.0912,1.0942,0.0022,+0.20%,16530,41050
S6H22,2022-01-20,1.0936,1.0956,1.0906,1.0916,-0.0026,-0.24%,14334,40542
S6H22,2022-01-21,1.0918,1.0994,1.0916,1.0984,0.0068,+0.62%,18419,41972
S6H22,2022-01-24,1.0978,1.0991,1.0932,1.0952,-0.0032,-0.29%,22953,39427
S6H22,2022-01-25,1.0955,1.0957,1.0879,1.0903,-0.0049,-0.45%,18432,39742
S6H22,2022-01-26,1.0905,1.0916,1.0827,1.0841,-0.0062,-0.57%,20663,40959
S6H22,2022-01-27,1.0834,1.0838,1.072,1.0746,-0.0095,-0.88%,29204,46936
S6H22,2022-01-28,1.0754,1.0775,1.073,1.0753,0.0007,+0.07%,22972,46805
S6H22,2022-01-31,1.075,1.0821,1.0715,1.0819,0.0066,+0.61%,30726,44145
S6H22,2022-02-01,1.0799,1.0876,1.079,1.0859,0.004,+0.37%,22880,41054
S6H22,2022-02-02,1.0869,1.0907,1.0855,1.0897,0.0038,+0.35%,19120,40809
S6H22,2022-02-03,1.089,1.0907,1.0837,1.0874,-0.0023,-0.21%,24830,41135
S6H22,2022-02-04,1.0874,1.0887,1.0811,1.0815,-0.0059,-0.54%,21015,41185
S6H22,2022-02-07,1.0814,1.0854,1.0806,1.084,0.0025,+0.23%,13175,41301
S6H22,2022-02-08,1.084,1.0848,1.0805,1.0814,-0.0026,-0.24%,11490,41481
S6H22,2022-02-09,1.0816,1.0853,1.0814,1.0835,0.0021,+0.19%,12468,42413
S6H22,2022-02-10,1.0831,1.0847,1.0764,1.0811,-0.0024,-0.22%,27830,42582
S6H22,2022-02-11,1.0812,1.0836,1.0776,1.0816,0.0005,+0.05%,25034,44781
S6H22,2022-02-14,1.082,1.0834,1.0793,1.0811,-0.0005,-0.05%,18708,45414
S6H22,2022-02-15,1.0822,1.0845,1.0789,1.0811,0,0.00%,18616,45522
S6H22,2022-02-16,1.0814,1.0869,1.0805,1.0865,0.0054,+0.50%,15495,45799
S6H22,2022-02-17,1.0848,1.089,1.0841,1.0875,0.001,+0.09%,20856,46035
S6H22,2022-02-18,1.0875,1.0885,1.0847,1.0864,-0.0011,-0.10%,13369,46080
S6H22,2022-02-22,1.0863,1.0935,1.0842,1.086,-0.0004,-0.04%,34306,47339
S6H22,2022-02-23,1.0855,1.0912,1.0853,1.0897,0.0037,+0.34%,15279,46154
S6H22,2022-02-24,1.0899,1.0908,1.077,1.0803,-0.0094,-0.86%,35431,47721
S6H22,2022-02-25,1.081,1.084,1.0776,1.0799,-0.0004,-0.04%,22256,48854
S6H22,2022-02-28,1.0792,1.0916,1.078,1.0912,0.0113,+1.05%,37005,47167
S6H22,2022-03-01,1.0911,1.0933,1.0867,1.0886,-0.0026,-0.24%,28842,47273
S6H22,2022-03-02,1.0889,1.0913,1.0825,1.0864,-0.0022,-0.20%,24414,46444
S6H22,2022-03-03,1.0863,1.0904,1.0852,1.0884,0.002,+0.18%,19138,47289
S6H22,2022-03-04,1.0902,1.0921,1.086,1.0891,0.0007,+0.06%,23462,49099
S6H22,2022-03-07,1.0903,1.0903,1.0785,1.0803,-0.0088,-0.81%,37128,51526
S6H22,2022-03-08,1.0801,1.0812,1.0747,1.0763,-0.004,-0.37%,39069,51820
S6H22,2022-03-09,1.0759,1.0811,1.0749,1.0796,0.0033,+0.31%,71095,51938
S6M22,2022-03-10,1.083,1.0845,1.0781,1.0791,-0.0005,-0.05%,77134,58221
S6M22,2022-03-11,1.0788,1.0803,1.0721,1.0736,-0.0055,-0.51%,33047,58280
S6M22,2022-03-14,1.0741,1.0768,1.0691,1.0701,-0.0035,-0.33%,25177,43976
S6M22,2022-03-15,1.0693,1.0709,1.0642,1.0655,-0.0046,-0.43%,23928,43356
S6M22,2022-03-16,1.0662,1.0689,1.0609,1.065,-0.0005,-0.05%,21279,43116
S6M22,2022-03-17,1.0668,1.0747,1.0639,1.0714,0.0064,+0.60%,21330,45220
S6M22,2022-03-18,1.0709,1.0775,1.0695,1.0768,0.0054,+0.50%,18216,45565
S6M22,2022-03-21,1.0762,1.0795,1.0729,1.0747,-0.0021,-0.20%,17387,45896
S6M22,2022-03-22,1.0747,1.0774,1.0701,1.0757,0.001,+0.09%,16034,44911
S6M22,2022-03-23,1.0753,1.0787,1.0723,1.078,0.0023,+0.21%,15425,44639
S6M22,2022-03-24,1.0781,1.0787,1.0736,1.0783,0.0003,+0.03%,22974,44616
S6M22,2022-03-25,1.0786,1.0834,1.0772,1.0778,-0.0005,-0.05%,17384,44327
S6M22,2022-03-28,1.0785,1.0787,1.0694,1.073,-0.0048,-0.45%,17765,44553
S6M22,2022-03-29,1.0737,1.0789,1.0702,1.0776,0.0046,+0.43%,21483,44327
S6M22,2022-03-30,1.0776,1.0879,1.0771,1.0873,0.0097,+0.90%,25610,42334
S6M22,2022-03-31,1.0868,1.0908,1.0832,1.0871,-0.0002,-0.02%,29726,40264
S6M22,2022-04-01,1.0872,1.0876,1.0807,1.0835,-0.0036,-0.33%,16285,39996
S6M22,2022-04-04,1.083,1.0848,1.0806,1.0827,-0.0008,-0.07%,15887,39718
S6M22,2022-04-05,1.0823,1.0857,1.0785,1.0792,-0.0035,-0.32%,16051,40005
S6M22,2022-04-06,1.0791,1.0792,1.0726,1.0749,-0.0043,-0.40%,16971,39904
S6M22,2022-04-07,1.0745,1.0762,1.0727,1.0737,-0.0012,-0.11%,12868,39613
S6M22,2022-04-08,1.0736,1.0751,1.0697,1.0739,0.0002,+0.02%,13562,41473
S6M22,2022-04-11,1.075,1.0777,1.0699,1.0769,0.003,+0.28%,15378,41600
S6M22,2022-04-12,1.0771,1.0796,1.073,1.0757,-0.0012,-0.11%,18938,41231
S6M22,2022-04-13,1.0753,1.0762,1.0714,1.0732,-0.0025,-0.23%,14900,40610
S6M22,2022-04-14,1.0727,1.075,1.0626,1.0634,-0.0098,-0.91%,25242,42892
S6M22,2022-04-18,1.0621,1.064,1.0604,1.0614,-0.002,-0.19%,13721,43937
S6M22,2022-04-19,1.061,1.0626,1.0524,1.0536,-0.0078,-0.73%,27931,44269
S6M22,2022-04-20,1.0527,1.0602,1.0512,1.0563,0.0027,+0.26%,21182,45602
S6M22,2022-04-21,1.0566,1.0598,1.049,1.0515,-0.0048,-0.45%,19057,46670
S6M22,2022-04-22,1.051,1.0517,1.0448,1.0474,-0.0041,-0.39%,15431,47228
S6M22,2022-04-25,1.047,1.0498,1.0441,1.0448,-0.0026,-0.25%,20367,46528
S6M22,2022-04-26,1.0444,1.0478,1.0407,1.0414,-0.0034,-0.33%,16463,47297
S6M22,2022-04-27,1.041,1.0423,1.033,1.0346,-0.0068,-0.65%,28730,49078
S6M22,2022-04-28,1.034,1.035,1.0267,1.0311,-0.0035,-0.34%,25113,49558
S6M22,2022-04-29,1.0308,1.0362,1.0291,1.0319,0.0008,+0.08%,27463,49035
S6M22,2022-05-02,1.0301,1.03145,1.02345,1.0237,-0.0082,-0.79%,13105,48538
S6M22,2022-05-03,1.025,1.03075,1.0224,1.0237,0,0.00%,17363,49385
S6M22,2022-05-04,1.02365,1.03065,1.01685,1.0281,0.0044,+0.43%,29771,50066
S6M22,2022-05-05,1.0303,1.0319,1.01285,1.01405,-0.01405,-1.37%,33416,50311
S6M22,2022-05-06,1.017,1.01935,1.01255,1.0138,-0.00025,-0.02%,30802,51195
S6M22,2022-05-09,1.0136,1.0137,1.00505,1.00875,-0.00505,-0.50%,22529,51759
S6M22,2022-05-10,1.0081,1.011,1.004,1.0062,-0.00255,-0.25%,23109,51282
S6M22,2022-05-11,1.0057,1.0145,1.0051,1.0086,0.0024,+0.24%,35029,51205
S6M22,2022-05-12,1.0078,1.00815,0.9964,0.99685,-0.01175,-1.16%,24938,51937
S6M22,2022-05-13,0.99815,1.0021,0.99665,0.9984,0.00155,+0.16%,20050,52858
S6M22,2022-05-16,0.99865,1.00055,0.99485,0.9999,0.0015,+0.15%,20432,53635
S6M22,2022-05-17,0.999,1.0095,0.99875,1.0074,0.0075,+0.75%,22452,53291
S6M22,2022-05-18,1.0074,1.0153,1.0026,1.0139,0.0065,+0.65%,28748,53467
S6M22,2022-05-19,1.01295,1.03235,1.01255,1.0317,0.0178,+1.76%,28291,53214
S6M22,2022-05-20,1.02905,1.0325,1.0252,1.0256,-0.0061,-0.59%,27739,51597
S6M22,2022-05-23,1.027,1.03975,1.0265,1.0367,0.0111,+1.08%,23357,51438
S6M22,2022-05-24,1.0365,1.0454,1.03505,1.0416,0.0049,+0.47%,23641,49918
S6M22,2022-05-25,1.04195,1.04225,1.03775,1.04055,-0.00105,-0.10%,23090,49000
S6M22,2022-05-26,1.04015,1.0442,1.0389,1.043,0.00245,+0.24%,16669,49396
S6M22,2022-05-27,1.04375,1.0484,1.0421,1.0448,0.0018,+0.17%,22356,49016
S6M22,2022-05-31,1.0454,1.04735,1.0401,1.04365,-0.00115,-0.11%,42260,49579
S6M22,2022-06-01,1.04255,1.04345,1.03585,1.03955,-0.0041,-0.39%,22699,49012
S6M22,2022-06-02,1.0388,1.04475,1.0381,1.04405,0.0045,+0.43%,26252,50076
S6M22,2022-06-03,1.04455,1.0467,1.0373,1.0393,-0.00475,-0.45%,18386,49301
S6M22,2022-06-06,1.0389,1.04145,1.0297,1.03,-0.0093,-0.89%,31047,48633
S6M22,2022-06-07,1.03035,1.0306,1.0228,1.02865,-0.00135,-0.13%,46801,49794
S6M22,2022-06-08,1.0283,1.02835,1.02175,1.02305,-0.0056,-0.54%,71830,54194
S6U22,2022-06-09,1.02875,1.035,1.02515,1.02705,0.004,+0.39%,67303,56474
S6U22,2022-06-10,1.0269,1.0305,1.01665,1.0185,-0.00855,-0.83%,37278,56201
S6U22,2022-06-13,1.0183,1.01885,1.0074,1.00905,-0.00945,-0.93%,29964,39052
S6U22,2022-06-14,1.0089,1.01985,1.00355,1.00445,-0.0046,-0.46%,37261,39362
S6U22,2022-06-15,1.00555,1.0142,1.00235,1.00855,0.0041,+0.41%,37695,40984
S6U22,2022-06-16,1.01355,1.0457,1.00805,1.044,0.03545,+3.51%,49269,39444
S6U22,2022-06-17,1.04135,1.04615,1.03385,1.03675,-0.00725,-0.69%,33531,38031
S6U22,2022-06-21,1.03635,1.0455,1.03555,1.04085,0.0041,+0.40%,32355,37669
S6U22,2022-06-22,1.0414,1.05015,1.0383,1.0463,0.00545,+0.52%,23781,38450
S6U22,2022-06-23,1.0462,1.05155,1.03925,1.04655,0.00025,+0.02%,26558,38142
S6U22,2022-06-24,1.0461,1.05635,1.0442,1.0492,0.00265,+0.25%,31782,39044
S6U22,2022-06-27,1.04895,1.0539,1.04545,1.05165,0.00245,+0.23%,19783,39164
S6U22,2022-06-28,1.0515,1.0549,1.0491,1.05065,-0.001,-0.10%,27553,40123
S6U22,2022-06-29,1.0507,1.0591,1.0499,1.0529,0.00225,+0.21%,33863,42410
S6U22,2022-06-30,1.0533,1.055,1.0467,1.05435,0.00145,+0.14%,38010,42022
S6U22,2022-07-01,1.0528,1.0532,1.04255,1.04745,-0.0069,-0.65%,34684,39997
S6U22,2022-07-05,1.0475,1.05175,1.0358,1.038,-0.00945,-0.90%,35047,38504
S6U22,2022-07-06,1.03765,1.03945,1.0316,1.0349,-0.0031,-0.30%,22337,38989
S6U22,2022-07-07,1.0352,1.03805,1.03095,1.03125,-0.00365,-0.35%,20097,39125
S6U22,2022-07-08,1.03175,1.0336,1.0256,1.02825,-0.003,-0.29%,31531,40134
S6U22,2022-07-11,1.02895,1.0292,1.02095,1.02545,-0.0028,-0.27%,22374,40618
S6U22,2022-07-12,1.02205,1.0251,1.01935,1.0235,-0.00195,-0.19%,23009,41255
S6U22,2022-07-13,1.0234,1.0303,1.0223,1.02645,0.00295,+0.29%,33929,41152
S6U22,2022-07-14,1.02635,1.0268,1.0165,1.02215,-0.0043,-0.42%,28748,40714
S6U22,2022-07-15,1.0212,1.0299,1.02085,1.02725,0.0051,+0.50%,21512,41289
S6U22,2022-07-18,1.02925,1.0323,1.02615,1.02805,0.0008,+0.08%,21684,41159
S6U22,2022-07-19,1.0276,1.04065,1.02635,1.03675,0.0087,+0.85%,26372,41855
S6U22,2022-07-20,1.03705,1.03805,1.0317,1.03325,-0.0035,-0.34%,22632,41390
S6U22,2022-07-21,1.0342,1.03925,1.03,1.03685,0.0036,+0.35%,25801,42481
S6U22,2022-07-22,1.039,1.0462,1.0349,1.04215,0.0053,+0.51%,29946,43024
S6U22,2022-07-25,1.04485,1.0449,1.03955,1.041,-0.00115,-0.11%,19892,43487
S6U22,2022-07-26,1.0412,1.04435,1.03795,1.04275,0.00175,+0.17%,23807,44081
S6U22,2022-07-27,1.0426,1.04855,1.0395,1.04695,0.0042,+0.40%,31948,43821
S6U22,2022-07-28,1.0461,1.0516,1.0421,1.0507,0.00375,+0.36%,39029,45000
S6U22,2022-07-29,1.0513,1.05625,1.04605,1.0543,0.0036,+0.34%,35675,45010
S6U22,2022-08-01,1.05405,1.05845,1.0523,1.0559,0.0016,+0.15%,23007,46090
S6U22,2022-08-02,1.05625,1.06065,1.048,1.0486,-0.0073,-0.69%,28608,45874
S6U22,2022-08-03,1.048,1.0516,1.03965,1.0426,-0.006,-0.57%,30262,45109
S6U22,2022-08-04,1.0446,1.0512,1.0425,1.0511,0.0085,+0.82%,19310,45399
S6U22,2022-08-05,1.05035,1.0517,1.03955,1.04275,-0.00835,-0.79%,22838,43625
S6U22,2022-08-08,1.0426,1.05345,1.04105,1.04905,0.0063,+0.60%,24723,43106
S6U22,2022-08-09,1.05005,1.0546,1.0496,1.0515,0.00245,+0.23%,17628,43202
S6U22,2022-08-10,1.0516,1.06775,1.0508,1.0645,0.013,+1.24%,32732,43458
S6U22,2022-08-11,1.06405,1.0701,1.0616,1.0646,0.0001,+0.01%,27164,41938
S6U22,2022-08-12,1.0651,1.0659,1.06095,1.0649,0.0003,+0.03%,22936,40579
S6U22,2022-08-15,1.0653,1.06555,1.0584,1.05875,-0.00615,-0.58%,19437,39413
S6U22,2022-08-16,1.0594,1.0603,1.0537,1.0552,-0.00355,-0.34%,20793,39407
S6U22,2022-08-17,1.0556,1.05705,1.05035,1.05365,-0.00155,-0.15%,20445,38917
S6U22,2022-08-18,1.0535,1.05505,1.04705,1.0478,-0.00585,-0.56%,17997,39049
S6U22,2022-08-19,1.04745,1.049,1.04405,1.0447,-0.0031,-0.30%,16730,39636
S6U22,2022-08-22,1.0456,1.04665,1.0373,1.0386,-0.0061,-0.58%,22238,40689
S6U22,2022-08-23,1.0392,1.04335,1.03375,1.03855,-0.00005,0.00%,25462,42471
S6U22,2022-08-24,1.0391,1.04275,1.0342,1.03595,-0.0026,-0.25%,22521,44774
S6U22,2022-08-25,1.03645,1.04195,1.0357,1.03955,0.0036,+0.35%,16245,44955
S6U22,2022-08-26,1.03965,1.0457,1.03585,1.0366,-0.00295,-0.28%,27369,43479
S6U22,2022-08-29,1.037,1.037,1.03155,1.0337,-0.0029,-0.28%,24493,45248
S6U22,2022-08-30,1.0343,1.036,1.0258,1.0286,-0.0051,-0.49%,28713,47168
S6U22,2022-08-31,1.0277,1.02955,1.0211,1.0257,-0.0029,-0.28%,33367,46731
S6U22,2022-09-01,1.02395,1.02735,1.0151,1.01925,-0.00645,-0.63%,31506,49083
S6U22,2022-09-02,1.0198,1.0232,1.01535,1.02095,0.0017,+0.17%,32557,46531
S6U22,2022-09-06,1.02,1.02495,1.01495,1.01635,-0.0046,-0.45%,38400,48226
S6U22,2022-09-07,1.0168,1.0254,1.01405,1.02285,0.0065,+0.64%,30953,50160
S6U22,2022-09-08,1.0248,1.0314,1.023,1.02985,0.007,+0.68%,41049,49346
S6U22,2022-09-09,1.0311,1.048,1.031,1.0414,0.01155,+1.12%,44888,47493
S6U22,2022-09-12,1.043,1.0521,1.0412,1.04875,0.00735,+0.71%,48536,46916
S6U22,2022-09-13,1.04915,1.0554,1.0386,1.0412,-0.00755,-0.72%,53694,44853
S6U22,2022-09-14,1.03995,1.04325,1.03815,1.03885,-0.00235,-0.23%,68499,49984
S6Z22,2022-09-15,1.0475,1.0549,1.0458,1.0492,0.01035,+1.00%,49538,47405
S6Z22,2022-09-16,1.04815,1.0499,1.04335,1.04445,-0.00475,-0.45%,30735,49406
S6Z22,2022-09-19,1.04455,1.04705,1.03955,1.04375,-0.0007,-0.07%,14269,40054
S6Z22,2022-09-20,1.0451,1.0474,1.0408,1.04535,0.0016,+0.15%,19707,40937
S6Z22,2022-09-21,1.04525,1.04755,1.0386,1.0472,0.00185,+0.18%,28729,42033
S6Z22,2022-09-22,1.04265,1.047,1.02325,1.0293,-0.0179,-1.71%,52126,47163
S6Z22,2022-09-23,1.0314,1.0331,1.0243,1.02495,-0.00435,-0.42%,32756,44536
S6Z22,2022-09-26,1.02605,1.0295,1.01135,1.013,-0.01195,-1.17%,40487,44134
S6Z22,2022-09-27,1.0143,1.0232,1.0136,1.0167,0.0037,+0.37%,24023,44492
S6Z22,2022-09-28,1.016,1.03395,1.01105,1.033,0.0163,+1.60%,34583,43628
S6Z22,2022-09-29,1.03265,1.033,1.02205,1.03,-0.003,-0.29%,28140,43350
S6Z22,2022-09-30,1.03275,1.03435,1.0199,1.0214,-0.0086,-0.83%,38364,42153
S6Z22,2022-10-03,1.02045,1.0246,1.01255,1.0147,-0.0067,-0.66%,24684,42558
S6Z22,2022-10-04,1.0151,1.0298,1.0133,1.0295,0.0148,+1.46%,24684,43121
S6Z22,2022-10-05,1.0286,1.0296,1.0185,1.0252,-0.0043,-0.42%,23022,40953
S6Z22,2022-10-06,1.02445,1.02945,1.01555,1.01605,-0.00915,-0.89%,18346,39959
S6Z22,2022-10-07,1.0169,1.0191,1.0114,1.0121,-0.00395,-0.39%,15732,41185
S6Z22,2022-10-10,1.01225,1.01365,1.0056,1.00715,-0.00495,-0.49%,23138,45136
S6Z22,2022-10-11,1.00705,1.0155,1.00465,1.0095,0.00235,+0.23%,19578,43748
S6Z22,2022-10-12,1.0102,1.0138,1.0064,1.00885,-0.00065,-0.06%,17775,44848
S6Z22,2022-10-13,1.00925,1.01075,0.99925,1.0082,-0.00065,-0.06%,30291,44611
S6Z22,2022-10-14,1.0055,1.0102,0.99995,1.00095,-0.00725,-0.72%,21485,44732
S6Z22,2022-10-17,1.0014,1.0122,1.00065,1.01075,0.0098,+0.98%,18688,44728
S6Z22,2022-10-18,1.0108,1.0146,1.00845,1.01135,0.0006,+0.06%,17045,44911
S6Z22,2022-10-19,1.0121,1.01345,0.9998,1.00045,-0.0109,-1.08%,20359,46849
S6Z22,2022-10-20,1.00145,1.00645,0.99905,1.00175,0.0013,+0.13%,17851,46910
S6Z22,2022-10-21,1.00275,1.0098,0.99125,1.0063,0.00455,+0.45%,37965,47303
S6Z22,2022-10-24,1.01,1.01165,1.0027,1.00455,-0.00175,-0.17%,19932,47749
S6Z22,2022-10-25,1.00505,1.0119,1.00255,1.01005,0.0055,+0.55%,19559,46594
S6Z22,2022-10-26,1.0111,1.0206,1.00955,1.0195,0.00945,+0.94%,24055,46115
S6Z22,2022-10-27,1.01975,1.0215,1.0126,1.0135,-0.006,-0.59%,22851,46415
S6Z22,2022-10-28,1.0146,1.01715,1.0073,1.00895,-0.00455,-0.45%,21660,47449
S6Z22,2022-10-31,1.0095,1.0099,1.00205,1.00405,-0.0049,-0.49%,19855,49804
S6Z22,2022-11-01,1.00385,1.01385,1.003,1.0053,0.00125,+0.12%,21245,50107
S6Z22,2022-11-02,1.0047,1.0141,1.001,1.007,0.0017,+0.17%,18615,50626
S6Z22,2022-11-03,1.0012,1.0044,0.9901,0.9924,-0.0146,-1.45%,28183,53692
S6Z22,2022-11-04,0.9914,1.01165,0.99025,1.01035,0.01795,+1.81%,27648,51726
S6Z22,2022-11-07,1.0085,1.0173,1.00685,1.0169,0.00655,+0.65%,18586,51326
S6Z22,2022-11-08,1.01635,1.02115,1.0119,1.0189,0.002,+0.20%,18967,49907
S6Z22,2022-11-09,1.0191,1.0244,1.01685,1.01845,-0.00045,-0.04%,20018,48962
S6Z22,2022-11-10,1.02,1.0424,1.01405,1.0388,0.02035,+2.00%,33410,46293
S6Z22,2022-11-11,1.04135,1.0682,1.03675,1.067,0.0282,+2.71%,40126,44085
S6Z22,2022-11-14,1.06475,1.0671,1.0578,1.06595,-0.00105,-0.10%,30528,42349
S6Z22,2022-11-15,1.0642,1.07275,1.05915,1.0647,-0.00125,-0.12%,28290,41966
S6Z22,2022-11-16,1.06235,1.06915,1.0598,1.0629,-0.0018,-0.17%,18962,42247
S6Z22,2022-11-17,1.062,1.06345,1.0497,1.05385,-0.00905,-0.85%,18659,42118
S6Z22,2022-11-18,1.0536,1.0561,1.05045,1.05195,-0.0019,-0.18%,11908,42021
S6Z22,2022-11-21,1.0517,1.0523,1.04495,1.0454,-0.00655,-0.62%,11004,42431
S6Z22,2022-11-22,1.0462,1.0544,1.0459,1.0531,0.0077,+0.74%,11168,41440
S6Z22,2022-11-23,1.05345,1.0653,1.0518,1.06455,0.01145,+1.09%,15531,41367
S6Z22,2022-11-25,1.06415,1.06785,1.0551,1.0604,-0.00415,-0.39%,20587,41051
S6Z22,2022-11-28,1.0589,1.0657,1.0553,1.05565,-0.00475,-0.45%,15357,40983
S6Z22,2022-11-29,1.056,1.05925,1.0499,1.05065,-0.005,-0.47%,16070,41360
S6Z22,2022-11-30,1.0507,1.0624,1.0495,1.06025,0.0096,+0.91%,27588,39879
S6Z22,2022-12-01,1.0599,1.0697,1.0588,1.0695,0.00925,+0.87%,22826,40992
S6Z22,2022-12-02,1.0692,1.074,1.061,1.06845,-0.00105,-0.10%,23545,40237
S6Z22,2022-12-05,1.06905,1.0733,1.0614,1.06245,-0.006,-0.56%,17151,39339
S6Z22,2022-12-06,1.06295,1.0675,1.059,1.063,0.00055,+0.05%,14122,40171
S6Z22,2022-12-07,1.0629,1.0693,1.06095,1.06565,0.00265,+0.25%,16565,40686
S6Z22,2022-12-08,1.0645,1.0712,1.0618,1.0691,0.00345,+0.32%,15172,40464
S6Z22,2022-12-09,1.0695,1.0747,1.0667,1.0722,0.0031,+0.29%,25872,42974
S6Z22,2022-12-12,1.07085,1.07455,1.06695,1.06795,-0.00425,-0.40%,20774,42279
S6Z22,2022-12-13,1.0691,1.084,1.0674,1.0776,0.00965,+0.90%,53832,49340
S6Z22,2022-12-14,1.0778,1.08585,1.07615,1.08205,0.00445,+0.41%,52899,54477
S6Z22,2022-12-15,1.08245,1.0835,1.07355,1.07745,-0.0046,-0.43%,41983,52712
S6H23,2022-12-16,1.0879,1.0912,1.08075,1.0822,0.00475,+0.44%,23989,54122
S6H23,2022-12-19,1.0814,1.0875,1.08015,1.08545,0.00325,+0.30%,12770,30768
S6H23,2022-12-20,1.0869,1.0923,1.0846,1.08995,0.0045,+0.41%,18120,30040
S6H23,2022-12-21,1.0899,1.09245,1.0865,1.08985,-0.0001,-0.01%,11918,30257
S6H23,2022-12-22,1.08905,1.09345,1.0822,1.0832,-0.00665,-0.61%,13973,30238
S6H23,2022-12-23,1.08335,1.08625,1.0793,1.08005,-0.00315,-0.29%,11616,30493
S6H23,2022-12-27,1.08125,1.08805,1.0809,1.08535,0.0053,+0.49%,11048,29851
S6H23,2022-12-28,1.0855,1.0907,1.0833,1.0859,0.00055,+0.05%,17832,30318
S6H23,2022-12-29,1.08525,1.09415,1.08495,1.0934,0.0075,+0.69%,16323,32375
S6H23,2022-12-30,1.09165,1.09525,1.08715,1.0902,-0.0032,-0.29%,17710,31928
S6H23,2023-01-03,1.088,1.0922,1.07175,1.07735,-0.01285,-1.18%,26724,33250
S6H23,2023-01-04,1.07605,1.0886,1.0754,1.0839,0.00655,+0.61%,20587,31498
S6H23,2023-01-05,1.083,1.0874,1.0738,1.0759,-0.008,-0.74%,20888,33336
S6H23,2023-01-06,1.07525,1.0862,1.06915,1.0858,0.0099,+0.92%,20546,33028
S6H23,2023-01-09,1.0854,1.09845,1.08475,1.0947,0.0089,+0.82%,24870,33861
S6H23,2023-01-10,1.0929,1.0949,1.08815,1.09085,-0.00385,-0.35%,14635,33266
S6H23,2023-01-11,1.09085,1.0935,1.0786,1.08095,-0.0099,-0.91%,21253,34997
S6H23,2023-01-12,1.08045,1.08585,1.0719,1.08335,0.0024,+0.22%,21208,34537
S6H23,2023-01-13,1.08445,1.08695,1.0799,1.08545,0.0021,+0.19%,18356,34416
S6H23,2023-01-17,1.08525,1.095,1.0831,1.091,0.00555,+0.51%,29442,34300
S6H23,2023-01-18,1.09125,1.1071,1.088,1.09825,0.00725,+0.66%,27151,35214
S6H23,2023-01-19,1.09785,1.09925,1.0942,1.0984,0.00015,+0.01%,17091,35208
S6H23,2023-01-20,1.0977,1.09975,1.0886,1.0922,-0.0062,-0.56%,18469,36073
S6H23,2023-01-23,1.0932,1.09745,1.0876,1.0895,-0.0027,-0.25%,15651,36180
S6H23,2023-01-24,1.09035,1.0934,1.08315,1.0889,-0.0006,-0.06%,14548,35368
S6H23,2023-01-25,1.0896,1.0957,1.0871,1.09515,0.00625,+0.57%,11447,35103
S6H23,2023-01-26,1.09475,1.097,1.08905,1.0922,-0.00295,-0.27%,14804,35285
S6H23,2023-01-27,1.0916,1.09285,1.0872,1.0905,-0.0017,-0.16%,12143,35657
S6H23,2023-01-30,1.09075,1.09405,1.08525,1.08545,-0.00505,-0.46%,13557,36749
S6H23,2023-01-31,1.0856,1.0976,1.08125,1.0968,0.01135,+1.05%,27775,38345
S6H23,2023-02-01,1.09645,1.1073,1.0935,1.1043,0.0075,+0.68%,22662,39323
S6H23,2023-02-02,1.10505,1.10815,1.09835,1.09895,-0.00535,-0.48%,21757,40077
S6H23,2023-02-03,1.09905,1.09995,1.0827,1.0845,-0.01445,-1.31%,25762,40126
S6H23,2023-02-06,1.08275,1.0877,1.08025,1.0813,-0.0032,-0.30%,15638,39447
S6H23,2023-02-07,1.08115,1.09175,1.0802,1.08775,0.00645,+0.60%,17528,38842
S6H23,2023-02-08,1.0886,1.09335,1.088,1.09055,0.0028,+0.26%,11906,38456
S6H23,2023-02-09,1.0896,1.0952,1.087,1.0876,-0.00295,-0.27%,16024,37930
S6H23,2023-02-10,1.08735,1.09045,1.084,1.0851,-0.0025,-0.23%,11641,37874
S6H23,2023-02-13,1.0855,1.09115,1.083,1.0901,0.005,+0.46%,11837,37817
S6H23,2023-02-14,1.0907,1.0975,1.086,1.0883,-0.0018,-0.17%,18130,37591
S6H23,2023-02-15,1.088,1.0884,1.082,1.0849,-0.0034,-0.31%,15911,38914
S6H23,2023-02-16,1.08525,1.08775,1.08095,1.08445,-0.00045,-0.04%,13928,39069
S6H23,2023-02-17,1.08235,1.08495,1.07385,1.08395,-0.0005,-0.05%,22211,40197
S6H23,2023-02-21,1.0842,1.0869,1.07955,1.0805,-0.00345,-0.32%,19305,39087
S6H23,2023-02-22,1.0802,1.0829,1.0752,1.0755,-0.005,-0.46%,15167,40511
S6H23,2023-02-23,1.07595,1.0781,1.0714,1.0727,-0.0028,-0.26%,17422,41162
S6H23,2023-02-24,1.0726,1.0739,1.06385,1.06485,-0.00785,-0.73%,27692,41390
S6H23,2023-02-27,1.06445,1.0718,1.0621,1.07005,0.0052,+0.49%,18451,41371
S6H23,2023-02-28,1.0701,1.07205,1.06265,1.06475,-0.0053,-0.50%,19954,41991
S6H23,2023-03-01,1.063,1.0708,1.06185,1.06485,0.0001,+0.01%,16994,42165
S6H23,2023-03-02,1.0651,1.0656,1.06025,1.0626,-0.00225,-0.21%,15068,42187
S6H23,2023-03-03,1.06235,1.06955,1.0623,1.0691,0.0065,+0.61%,13575,42985
S6H23,2023-03-06,1.06915,1.0753,1.0677,1.07345,0.00435,+0.41%,32638,43955
S6H23,2023-03-07,1.07475,1.07755,1.0616,1.0625,-0.01095,-1.02%,48945,46745
S6H23,2023-03-08,1.0621,1.06565,1.06,1.06305,0.00055,+0.05%,53230,54523
S6M23,2023-03-09,1.07385,1.084,1.0735,1.0793,0.01625,+1.53%,57129,60111
S6M23,2023-03-10,1.08365,1.10205,1.08265,1.0975,0.0182,+1.69%,56836,59153
S6M23,2023-03-13,1.09935,1.11525,1.0986,1.11065,0.01315,+1.20%,37191,38567
S6M23,2023-03-14,1.1091,1.11185,1.10315,1.10655,-0.0041,-0.37%,29334,39006
S6M23,2023-03-15,1.1058,1.1079,1.0833,1.0889,-0.01765,-1.60%,38426,37431
S6M23,2023-03-16,1.0837,1.0948,1.0803,1.08645,-0.00245,-0.22%,30110,35946
S6M23,2023-03-17,1.0873,1.0937,1.08645,1.09195,0.0055,+0.51%,17619,35953
S6M23,2023-03-20,1.0926,1.09415,1.0853,1.08885,-0.0031,-0.28%,12156,35834
S6M23,2023-03-21,1.0882,1.0966,1.08465,1.09455,0.0057,+0.52%,13502,35837
S6M23,2023-03-22,1.09505,1.10415,1.09215,1.1013,0.00675,+0.62%,14836,35238
S6M23,2023-03-23,1.1007,1.10725,1.09955,1.10185,0.00055,+0.05%,21454,35632
S6M23,2023-03-24,1.1011,1.1023,1.0951,1.0975,-0.00435,-0.39%,15722,34987
S6M23,2023-03-27,1.0981,1.10245,1.09705,1.10165,0.00415,+0.38%,10717,34804
S6M23,2023-03-28,1.10205,1.1043,1.09405,1.0976,-0.00405,-0.37%,22688,34856
S6M23,2023-03-29,1.097,1.101,1.09395,1.098,0.0004,+0.04%,16076,35749
S6M23,2023-03-30,1.0981,1.10515,1.0963,1.1036,0.0056,+0.51%,19528,36272
S6M23,2023-03-31,1.10385,1.1063,1.09865,1.10305,-0.00055,-0.05%,21598,36315
S6M23,2023-04-03,1.10155,1.10615,1.0964,1.10435,0.0013,+0.12%,18974,36721
S6M23,2023-04-04,1.1048,1.1135,1.1027,1.11305,0.0087,+0.79%,28768,37177
S6M23,2023-04-05,1.11245,1.1202,1.1103,1.1125,-0.00055,-0.05%,20470,37509
S6M23,2023-04-06,1.11165,1.11515,1.11045,1.1144,0.0019,+0.17%,14622,37968
S6M23,2023-04-07,1.11395,1.11565,1.1097,1.11495,0.00055,+0.05%,5054,38247
S6M23,2023-04-10,1.1138,1.11505,1.10495,1.1076,-0.00735,-0.66%,9871,38349
S6M23,2023-04-11,1.1078,1.1161,1.1078,1.1155,0.0079,+0.71%,14490,38272
S6M23,2023-04-12,1.11565,1.1267,1.1153,1.12485,0.00935,+0.84%,26792,40162
S6M23,2023-04-13,1.12435,1.13685,1.12235,1.1343,0.00945,+0.84%,28689,41770
S6M23,2023-04-14,1.13235,1.1358,1.12415,1.1267,-0.0076,-0.67%,26710,41368
S6M23,2023-04-17,1.126,1.12875,1.1193,1.1204,-0.0063,-0.56%,17531,40762
S6M23,2023-04-18,1.12055,1.1244,1.12025,1.12255,0.00215,+0.19%,15526,40870
S6M23,2023-04-19,1.12325,1.1238,1.1182,1.12165,-0.0009,-0.08%,15455,41284
S6M23,2023-04-20,1.12175,1.12835,1.1206,1.12665,0.005,+0.45%,18271,41407
S6M23,2023-04-21,1.12775,1.1298,1.1239,1.12675,0.0001,+0.01%,17219,41160
S6M23,2023-04-24,1.12775,1.1337,1.1271,1.13325,0.0065,+0.58%,16521,41722
S6M23,2023-04-25,1.1335,1.13545,1.1267,1.12805,-0.0052,-0.46%,24036,41736
S6M23,2023-04-26,1.1281,1.1366,1.12705,1.12925,0.0012,+0.11%,22164,43435
S6M23,2023-04-27,1.12875,1.1295,1.1203,1.12485,-0.0044,-0.39%,26516,42590
S6M23,2023-04-28,1.12435,1.1304,1.1205,1.12505,0.0002,+0.02%,26456,43925
S6M23,2023-05-01,1.12465,1.1279,1.12135,1.1222,-0.00285,-0.25%,12749,44107
S6M23,2023-05-02,1.1225,1.1267,1.1177,1.12555,0.00335,+0.30%,21674,43251
S6M23,2023-05-03,1.12575,1.13835,1.12575,1.13505,0.0095,+0.84%,21313,43704
S6M23,2023-05-04,1.1371,1.1394,1.13025,1.1347,-0.00035,-0.03%,23732,43667
S6M23,2023-05-05,1.13455,1.13745,1.1196,1.12855,-0.00615,-0.54%,24910,43114
S6M23,2023-05-08,1.12845,1.133,1.12735,1.12945,0.0009,+0.08%,16020,43371
S6M23,2023-05-09,1.1295,1.1302,1.1234,1.12885,-0.0006,-0.05%,17984,43389
S6M23,2023-05-10,1.1282,1.1327,1.12515,1.1292,0.00035,+0.03%,20330,43884
S6M23,2023-05-11,1.1291,1.12995,1.1209,1.1227,-0.0065,-0.58%,19262,43824
S6M23,2023-05-12,1.1229,1.12845,1.11705,1.11815,-0.00455,-0.41%,26094,44303
S6M23,2023-05-15,1.1174,1.1226,1.117,1.1217,0.00355,+0.32%,17075,44108
S6M23,2023-05-16,1.1209,1.1252,1.11885,1.12035,-0.00135,-0.12%,17870,43681
S6M23,2023-05-17,1.11955,1.1212,1.11165,1.11645,-0.0039,-0.35%,20648,43891
S6M23,2023-05-18,1.1167,1.1172,1.107,1.1084,-0.00805,-0.72%,18473,44042
S6M23,2023-05-19,1.10835,1.1178,1.10745,1.1151,0.0067,+0.60%,23143,44344
S6M23,2023-05-22,1.11575,1.1219,1.11485,1.11795,0.00285,+0.26%,14967,45179
S6M23,2023-05-23,1.1171,1.1174,1.11065,1.11285,-0.0051,-0.46%,13932,44808
S6M23,2023-05-24,1.1126,1.1136,1.10605,1.1078,-0.00505,-0.45%,16351,42599
S6M23,2023-05-25,1.1078,1.1092,1.1048,1.1061,-0.0017,-0.15%,15786,42171
S6M23,2023-05-26,1.1068,1.1114,1.10455,1.10795,0.00185,+0.17%,14617,42021
S6M23,2023-05-30,1.10725,1.11185,1.10315,1.1058,-0.00215,-0.19%,23480,41354
S6M23,2023-05-31,1.1064,1.1066,1.09545,1.09975,-0.00605,-0.55%,29082,43630
S6M23,2023-06-01,1.10035,1.10645,1.09905,1.1057,0.00595,+0.54%,22599,42877
S6M23,2023-06-02,1.1057,1.1086,1.10165,1.10215,-0.00355,-0.32%,15531,41892
S6M23,2023-06-05,1.10235,1.10635,1.0981,1.1059,0.00375,+0.34%,17173,42579
S6M23,2023-06-06,1.1054,1.10895,1.10065,1.1034,-0.0025,-0.23%,16775,44087
S6M23,2023-06-07,1.10305,1.1072,1.0994,1.10055,-0.00285,-0.26%,16345,45381
S6M23,2023-06-08,1.10025,1.11345,1.099,1.11315,0.0126,+1.14%,46741,46595
S6M23,2023-06-09,1.11325,1.11405,1.10715,1.10815,-0.005,-0.45%,36580,44057
S6M23,2023-06-12,1.10795,1.11,1.0986,1.0999,-0.00825,-0.74%,47612,45569
S6M23,2023-06-13,1.1013,1.1079,1.10085,1.1047,0.0048,+0.44%,70761,48163
S6U23,2023-06-14,1.11625,1.12665,1.11495,1.1226,0.0179,+1.62%,45222,45461
S6U23,2023-06-15,1.1208,1.13335,1.1148,1.13295,0.01035,+0.92%,37561,42402
S6U23,2023-06-16,1.132,1.1341,1.1281,1.12955,-0.0034,-0.30%,17355,35087
S6U23,2023-06-20,1.1291,1.12975,1.1212,1.124,-0.00555,-0.49%,21611,36128
S6U23,2023-06-21,1.124,1.1312,1.1215,1.13035,0.00635,+0.56%,13205,36811
S6U23,2023-06-22,1.13005,1.13265,1.12455,1.1259,-0.00445,-0.39%,19839,37571
S6U23,2023-06-23,1.12755,1.128,1.11915,1.1244,-0.0015,-0.13%,17523,36878
S6U23,2023-06-26,1.1252,1.132,1.12485,1.12725,0.00285,+0.25%,17224,37469
S6U23,2023-06-27,1.1265,1.1303,1.12445,1.12955,0.0023,+0.20%,15676,37379
S6U23,2023-06-28,1.1289,1.1293,1.12225,1.12535,-0.0042,-0.37%,15278,36998
S6U23,2023-06-29,1.1244,1.1274,1.12,1.12055,-0.0048,-0.43%,17408,37669
S6U23,2023-06-30,1.12075,1.1281,1.1179,1.12635,0.0058,+0.52%,18876,38163
S6U23,2023-07-03,1.12615,1.12735,1.1193,1.12445,-0.0019,-0.17%,20027,40639
S6U23,2023-07-05,1.12465,1.1266,1.1203,1.1211,-0.00335,-0.30%,25073,41206
S6U23,2023-07-06,1.1212,1.12555,1.1196,1.12435,0.00325,+0.29%,19208,42847
S6U23,2023-07-07,1.12535,1.1352,1.12315,1.13395,0.0096,+0.85%,24079,41701
S6U23,2023-07-10,1.13375,1.1381,1.12955,1.1377,0.00375,+0.33%,15158,42703
S6U23,2023-07-11,1.13785,1.14545,1.13735,1.14475,0.00705,+0.62%,16802,43563
S6U23,2023-07-12,1.1452,1.1632,1.14495,1.16195,0.0172,+1.50%,35726,43409
S6U23,2023-07-13,1.16105,1.1732,1.16075,1.1725,0.01055,+0.91%,20553,42585
S6U23,2023-07-14,1.1724,1.17535,1.1663,1.168,-0.0045,-0.38%,23895,41932
S6U23,2023-07-17,1.1678,1.17345,1.1664,1.17055,0.00255,+0.22%,18935,42897
S6U23,2023-07-18,1.17015,1.1765,1.1694,1.1739,0.00335,+0.29%,24512,43213
S6U23,2023-07-19,1.1735,1.1748,1.16845,1.1719,-0.002,-0.17%,16715,43988
S6U23,2023-07-20,1.1719,1.1753,1.1586,1.1602,-0.0117,-1.00%,22712,43734
S6U23,2023-07-21,1.16105,1.1642,1.15995,1.1616,0.0014,+0.12%,14229,43482
S6U23,2023-07-24,1.1619,1.1645,1.15625,1.1587,-0.0029,-0.25%,14571,44741
S6U23,2023-07-25,1.1568,1.16455,1.15605,1.1633,0.0046,+0.40%,20051,44180
S6U23,2023-07-26,1.1644,1.1698,1.1618,1.16965,0.00635,+0.55%,20147,43586
S6U23,2023-07-27,1.1683,1.1756,1.1558,1.15645,-0.0132,-1.13%,27805,43805
S6U23,2023-07-28,1.1566,1.16065,1.15055,1.1566,0.00015,+0.01%,25374,44078
S6U23,2023-07-31,1.15515,1.16005,1.1514,1.15315,-0.00345,-0.30%,18622,43836
S6U23,2023-08-01,1.1529,1.15365,1.14505,1.14765,-0.0055,-0.48%,16302,43983
S6U23,2023-08-02,1.15175,1.1523,1.1413,1.14545,-0.0022,-0.19%,23317,43646
S6U23,2023-08-03,1.145,1.1504,1.14185,1.14815,0.0027,+0.24%,16518,43294
S6U23,2023-08-04,1.14905,1.1547,1.1437,1.15095,0.0028,+0.24%,18896,42227
S6U23,2023-08-07,1.15105,1.15135,1.14485,1.1506,-0.00035,-0.03%,11525,42648
S6U23,2023-08-08,1.15065,1.1517,1.1435,1.14705,-0.00355,-0.31%,12540,43122
S6U23,2023-08-09,1.147,1.15005,1.14335,1.1445,-0.00255,-0.22%,11069,43115
S6U23,2023-08-10,1.1447,1.15535,1.14385,1.14625,0.00175,+0.15%,19841,42682
S6U23,2023-08-11,1.14495,1.14925,1.1431,1.1458,-0.00045,-0.04%,14245,41959
S6U23,2023-08-14,1.14515,1.1463,1.137,1.14185,-0.00395,-0.34%,16544,42330
S6U23,2023-08-15,1.1426,1.14775,1.14085,1.1421,0.00025,+0.02%,16503,42794
S6U23,2023-08-16,1.1424,1.14365,1.13845,1.1408,-0.0013,-0.11%,12161,43636
S6U23,2023-08-17,1.1402,1.14515,1.1387,1.13995,-0.00085,-0.07%,10517,43796
S6U23,2023-08-18,1.1422,1.14315,1.13625,1.13725,-0.0027,-0.24%,17406,43521
S6U23,2023-08-21,1.1367,1.14225,1.1362,1.1417,0.00445,+0.39%,12877,44193
S6U23,2023-08-22,1.1416,1.1441,1.13835,1.13955,-0.00215,-0.19%,12807,44326
S6U23,2023-08-23,1.1388,1.14285,1.13715,1.1421,0.00255,+0.22%,18187,44419
S6U23,2023-08-24,1.14215,1.1444,1.1323,1.13325,-0.00885,-0.77%,21964,44138
S6U23,2023-08-25,1.13335,1.1361,1.1291,1.13405,0.0008,+0.07%,20703,43740
S6U23,2023-08-28,1.133,1.13645,1.13195,1.13395,-0.0001,-0.01%,11579,43026
S6U23,2023-08-29,1.13405,1.142,1.1312,1.1405,0.00655,+0.58%,18323,43242
S6U23,2023-08-30,1.14055,1.14585,1.13815,1.1408,0.0003,+0.03%,14539,43411
S6U23,2023-08-31,1.1407,1.14185,1.13215,1.13395,-0.00685,-0.60%,23789,44467
S6U23,2023-09-01,1.1338,1.13875,1.12985,1.1312,-0.00275,-0.24%,17682,45236
S6U23,2023-09-05,1.1307,1.13375,1.1246,1.1255,-0.0057,-0.50%,23914,46670
S6U23,2023-09-06,1.1256,1.12735,1.11925,1.1231,-0.0024,-0.21%,18638,47402
S6U23,2023-09-07,1.12325,1.1235,1.1196,1.12085,-0.00225,-0.20%,14250,48224
S6U23,2023-09-08,1.121,1.12515,1.1199,1.12015,-0.0007,-0.06%,19570,47710
S6U23,2023-09-11,1.1214,1.12485,1.121,1.12305,0.0029,+0.26%,30429,48196
S6U23,2023-09-12,1.1233,1.124,1.11995,1.12265,-0.0004,-0.04%,38002,49945
S6U23,2023-09-13,1.1225,1.12315,1.1172,1.11995,-0.0027,-0.24%,78126,50355
S6Z23,2023-09-14,1.13025,1.13275,1.1255,1.1266,0.00665,+0.59%,56593,51593
S6Z23,2023-09-15,1.1272,1.12855,1.1244,1.12515,-0.00145,-0.13%,26180,53077
S6Z23,2023-09-18,1.12505,1.1273,1.1237,1.12405,-0.0011,-0.10%,15408,44644
S6Z23,2023-09-19,1.12485,1.128,1.12335,1.1236,-0.00045,-0.04%,18484,46638
S6Z23,2023-09-20,1.12415,1.12985,1.1218,1.1252,0.0016,+0.14%,25466,48643
S6Z23,2023-09-21,1.12305,1.12305,1.1116,1.11655,-0.00865,-0.77%,40878,52761
S6Z23,2023-09-22,1.11555,1.11595,1.11195,1.1128,-0.00375,-0.34%,22794,52939
S6Z23,2023-09-25,1.11235,1.11325,1.1045,1.10585,-0.00695,-0.62%,19317,53303
S6Z23,2023-09-26,1.1061,1.1065,1.1015,1.10235,-0.0035,-0.32%,20459,53900
S6Z23,2023-09-27,1.1016,1.10195,1.09345,1.0954,-0.00695,-0.63%,26705,54653
S6Z23,2023-09-28,1.09525,1.10245,1.09415,1.10065,0.00525,+0.48%,20629,55635
S6Z23,2023-09-29,1.10225,1.10915,1.10035,1.1016,0.00095,+0.09%,37358,58087
S6Z23,2023-10-02,1.10165,1.1067,1.09655,1.09945,-0.00215,-0.20%,26336,58703
S6Z23,2023-10-03,1.09825,1.099,1.09035,1.0947,-0.00475,-0.43%,22730,58673
S6Z23,2023-10-04,1.0941,1.1023,1.09175,1.09925,0.00455,+0.42%,24098,59963
S6Z23,2023-10-05,1.0992,1.10455,1.0973,1.1037,0.00445,+0.40%,16976,61420
S6Z23,2023-10-06,1.10405,1.11045,1.0981,1.10805,0.00435,+0.39%,25410,60636
S6Z23,2023-10-09,1.10785,1.1133,1.1043,1.11255,0.0045,+0.41%,20359,60716
S6Z23,2023-10-10,1.1116,1.1151,1.1091,1.1132,0.00065,+0.06%,23018,61742
S6Z23,2023-10-11,1.1135,1.11885,1.11245,1.11565,0.00245,+0.22%,17308,60796
S6Z23,2023-10-12,1.1166,1.1203,1.10795,1.1081,-0.00755,-0.68%,19391,60688
S6Z23,2023-10-13,1.10835,1.1184,1.10825,1.1169,0.0088,+0.79%,23087,60034
S6Z23,2023-10-16,1.11595,1.1191,1.11335,1.1182,0.0013,+0.12%,17673,60890
S6Z23,2023-10-17,1.11825,1.1197,1.1144,1.11775,-0.00045,-0.04%,21973,61346
S6Z23,2023-10-18,1.11805,1.12395,1.1172,1.11955,0.0018,+0.16%,24858,62594
S6Z23,2023-10-19,1.1197,1.1293,1.1177,1.12615,0.0066,+0.59%,27159,62210
S6Z23,2023-10-20,1.12895,1.13025,1.1259,1.12785,0.0017,+0.15%,25999,61306
S6Z23,2023-10-23,1.1272,1.12945,1.123,1.12915,0.0013,+0.12%,23486,60313
S6Z23,2023-10-24,1.12895,1.1316,1.1233,1.12575,-0.0034,-0.30%,19694,59266
S6Z23,2023-10-25,1.126,1.1274,1.12125,1.12155,-0.0042,-0.37%,20266,56148
S6Z23,2023-10-26,1.12125,1.12165,1.1165,1.11835,-0.0032,-0.29%,20580,55433
S6Z23,2023-10-27,1.11805,1.11935,1.1125,1.1152,-0.00315,-0.28%,30481,54118
S6Z23,2023-10-30,1.11475,1.1159,1.1109,1.11475,-0.00045,-0.04%,18519,54450
S6Z23,2023-10-31,1.1145,1.1155,1.1037,1.1053,-0.00945,-0.85%,29018,56353
S6Z23,2023-11-01,1.10385,1.10875,1.1028,1.1056,0.0003,+0.03%,24100,56460
S6Z23,2023-11-02,1.10695,1.11405,1.1067,1.10915,0.00355,+0.32%,19815,56897
S6Z23,2023-11-03,1.1091,1.1204,1.107,1.1186,0.00945,+0.85%,24042,57111
S6Z23,2023-11-06,1.11725,1.12175,1.1165,1.11775,-0.00085,-0.08%,14001,56061
S6Z23,2023-11-07,1.1169,1.11745,1.11355,1.1155,-0.00225,-0.20%,14185,56756
S6Z23,2023-11-08,1.11565,1.11865,1.1127,1.11595,0.00045,+0.04%,13650,56954
S6Z23,2023-11-09,1.11655,1.11695,1.11035,1.11105,-0.0049,-0.44%,16616,58418
S6Z23,2023-11-10,1.11155,1.11495,1.10955,1.11195,0.0009,+0.08%,13352,59220
S6Z23,2023-11-13,1.1124,1.1143,1.10865,1.11315,0.0012,+0.11%,14949,59858
S6Z23,2023-11-14,1.11295,1.1302,1.1112,1.12925,0.0161,+1.45%,31661,59464
S6Z23,2023-11-15,1.1289,1.1335,1.1271,1.12975,0.0005,+0.04%,26705,57227
S6Z23,2023-11-16,1.1306,1.1329,1.1271,1.12895,-0.0008,-0.07%,18419,57267
S6Z23,2023-11-17,1.1288,1.13305,1.1278,1.13265,0.0037,+0.33%,24485,58056
S6Z23,2023-11-20,1.13285,1.13625,1.13125,1.13405,0.0014,+0.12%,20700,59349
S6Z23,2023-11-21,1.1333,1.1369,1.1332,1.1346,0.00055,+0.05%,14485,58815
S6Z23,2023-11-22,1.13475,1.1368,1.12975,1.13425,-0.00035,-0.03%,21088,59916
S6Z23,2023-11-24,1.13435,1.1376,1.1327,1.13705,0.0028,+0.25%,20265,59822
S6Z23,2023-11-27,1.13695,1.1396,1.13525,1.13855,0.0015,+0.13%,14238,59855
S6Z23,2023-11-28,1.13845,1.1438,1.1363,1.14175,0.0032,+0.28%,21311,60479
S6Z23,2023-11-29,1.14145,1.149,1.14075,1.1478,0.00605,+0.53%,20417,60296
S6Z23,2023-11-30,1.1468,1.15345,1.1421,1.1444,-0.0034,-0.30%,44457,58611
S6Z23,2023-12-01,1.14455,1.15395,1.14225,1.15215,0.00775,+0.68%,26973,59388
S6Z23,2023-12-04,1.15215,1.1555,1.1439,1.14685,-0.0053,-0.46%,28904,60864
S6Z23,2023-12-05,1.1475,1.14915,1.1423,1.14385,-0.003,-0.26%,19280,60356
S6Z23,2023-12-06,1.1444,1.14705,1.143,1.14445,0.0006,+0.05%,25734,59048
S6Z23,2023-12-07,1.1446,1.14685,1.1397,1.1448,0.00035,+0.03%,26696,58133
S6Z23,2023-12-08,1.1436,1.1449,1.1346,1.1368,-0.008,-0.70%,25227,57737
S6Z23,2023-12-11,1.13735,1.13995,1.13515,1.13925,0.00245,+0.22%,34169,59711
S6Z23,2023-12-12,1.1393,1.1471,1.13895,1.14255,0.0033,+0.29%,60413,65186
S6Z23,2023-12-13,1.14315,1.1513,1.1395,1.15055,0.008,+0.70%,105507,70445
S6H24,2023-12-14,1.15905,1.17015,1.15665,1.166,0.01545,+1.34%,77959,68588
S6H24,2023-12-15,1.16395,1.1671,1.15915,1.16055,-0.00545,-0.47%,44524,63751
S6H24,2023-12-18,1.1611,1.16495,1.159,1.16265,0.0021,+0.18%,13268,45217
S6H24,2023-12-19,1.1644,1.1747,1.16345,1.1727,0.01005,+0.86%,18809,45281
S6H24,2023-12-20,1.17275,1.1735,1.16685,1.16995,-0.00275,-0.23%,21441,44394
S6H24,2023-12-21,1.16975,1.1786,1.16865,1.17735,0.0074,+0.63%,20071,45027
S6H24,2023-12-22,1.1782,1.18485,1.1767,1.1787,0.00135,+0.11%,25143,46563
S6H24,2023-12-26,1.1791,1.18245,1.17575,1.18205,0.00335,+0.28%,8841,47222
S6H24,2023-12-27,1.1818,1.1993,1.1799,1.196,0.01395,+1.18%,26834,48945
S6H24,2023-12-28,1.1963,1.2097,1.1927,1.195,-0.001,-0.08%,47351,51705
S6H24,2023-12-29,1.19295,1.206,1.19295,1.198,0.003,+0.25%,35594,51997
S6H24,2024-01-02,1.19895,1.1991,1.18475,1.18645,-0.01155,-0.96%,23748,51236
S6H24,2024-01-03,1.1851,1.18725,1.1781,1.18475,-0.0017,-0.14%,26363,51616
S6H24,2024-01-04,1.1868,1.18845,1.1813,1.1839,-0.00085,-0.07%,25673,51181
S6H24,2024-01-05,1.1848,1.19155,1.174,1.1857,0.0018,+0.15%,23221,50952
S6H24,2024-01-08,1.1851,1.19065,1.18215,1.1892,0.0035,+0.30%,13463,51032
S6H24,2024-01-09,1.1881,1.18985,1.1805,1.18165,-0.00755,-0.63%,16148,50169
S6H24,2024-01-10,1.1815,1.18385,1.17995,1.18285,0.0012,+0.10%,13893,51315
S6H24,2024-01-11,1.1837,1.1867,1.17505,1.18115,-0.0017,-0.14%,22281,50936
S6H24,2024-01-12,1.1817,1.18605,1.1774,1.1808,-0.00035,-0.03%,19310,51677
S6H24,2024-01-16,1.1806,1.1812,1.1677,1.1689,-0.0119,-1.01%,35789,50480
S6H24,2024-01-17,1.16805,1.16925,1.15865,1.1627,-0.0062,-0.53%,26570,49367
S6H24,2024-01-18,1.1639,1.16535,1.1571,1.15715,-0.00555,-0.48%,19960,48959
S6H24,2024-01-19,1.1588,1.1595,1.15565,1.15755,0.0004,+0.03%,21454,47265
S6H24,2024-01-22,1.15805,1.16065,1.15605,1.15765,0.0001,+0.01%,17345,48012
S6H24,2024-01-23,1.15725,1.16265,1.15225,1.15475,-0.0029,-0.25%,20635,48398
S6H24,2024-01-24,1.1558,1.1685,1.1558,1.16485,0.0101,+0.87%,26090,48516
S6H24,2024-01-25,1.1657,1.1657,1.15755,1.1588,-0.00605,-0.52%,18571,47195
S6H24,2024-01-26,1.15935,1.1666,1.1574,1.16315,0.00435,+0.38%,25234,47246
S6H24,2024-01-29,1.1634,1.16775,1.16205,1.16505,0.0019,+0.16%,15292,47445
S6H24,2024-01-30,1.167,1.1677,1.16275,1.1664,0.00135,+0.12%,16052,47783
S6H24,2024-01-31,1.1661,1.17525,1.16265,1.16835,0.00195,+0.17%,38648,48600
S6H24,2024-02-01,1.166,1.1722,1.16155,1.1715,0.00315,+0.27%,20680,47949
S6H24,2024-02-02,1.17165,1.1744,1.15715,1.15915,-0.01235,-1.05%,27511,48674
S6H24,2024-02-05,1.15835,1.1588,1.152,1.1538,-0.00535,-0.46%,20514,49168
S6H24,2024-02-06,1.1535,1.1556,1.14885,1.1539,0.0001,+0.01%,19349,49919
S6H24,2024-02-07,1.1546,1.15575,1.14725,1.1483,-0.0056,-0.49%,24823,49455
S6H24,2024-02-08,1.1479,1.15065,1.1457,1.14805,-0.00025,-0.02%,23830,49618
S6H24,2024-02-09,1.14915,1.1496,1.1455,1.14665,-0.0014,-0.12%,22584,49590
S6H24,2024-02-12,1.1472,1.1501,1.14405,1.14575,-0.0009,-0.08%,16762,52346
S6H24,2024-02-13,1.14585,1.1462,1.1299,1.13005,-0.0157,-1.37%,43844,55069
S6H24,2024-02-14,1.1314,1.1341,1.12925,1.13285,0.0028,+0.25%,25827,58022
S6H24,2024-02-15,1.13275,1.14195,1.1323,1.1399,0.00705,+0.62%,26545,58108
S6H24,2024-02-16,1.13985,1.14035,1.13475,1.13845,-0.00145,-0.13%,18210,58773
S6H24,2024-02-20,1.1381,1.14135,1.13455,1.13735,-0.0011,-0.10%,27338,60030
S6H24,2024-02-21,1.137,1.141,1.1367,1.1397,0.00235,+0.21%,14516,60532
S6H24,2024-02-22,1.13985,1.14685,1.1363,1.13765,-0.00205,-0.18%,27806,62774
S6H24,2024-02-23,1.1384,1.1414,1.13645,1.1374,-0.00025,-0.02%,17536,63723
S6H24,2024-02-26,1.1377,1.14035,1.13595,1.1377,0.0003,+0.03%,15154,64314
S6H24,2024-02-27,1.13885,1.14075,1.13735,1.1391,0.0014,+0.12%,19636,65207
S6H24,2024-02-28,1.1405,1.14065,1.13655,1.13965,0.00055,+0.05%,18065,65196
S6H24,2024-02-29,1.13985,1.1409,1.13215,1.13235,-0.0073,-0.64%,42578,71204
S6H24,2024-03-01,1.13215,1.1344,1.1262,1.134,0.00165,+0.15%,35342,74731
S6H24,2024-03-04,1.13395,1.13725,1.12975,1.1316,-0.0024,-0.21%,28436,74385
S6H24,2024-03-05,1.13155,1.13455,1.12935,1.1333,0.0017,+0.15%,20652,76166
S6H24,2024-03-06,1.1335,1.1372,1.1306,1.13485,0.00155,+0.14%,22021,75554
S6H24,2024-03-07,1.135,1.141,1.13435,1.1409,0.00605,+0.53%,27894,74146
S6H24,2024-03-08,1.1404,1.1465,1.13945,1.14075,-0.00015,-0.01%,36334,75493
S6H24,2024-03-11,1.14075,1.143,1.1378,1.1396,-0.00115,-0.10%,37356,74920
S6H24,2024-03-12,1.1402,1.1439,1.13765,1.1396,0,0.00%,71465,82442
S6H24,2024-03-13,1.14065,1.1413,1.1382,1.1391,-0.0005,-0.04%,98821,93649
S6M24,2024-03-14,1.14945,1.1499,1.1423,1.1427,0.0036,+0.32%,111212,92935
S6M24,2024-03-15,1.1427,1.14505,1.1407,1.14245,-0.00025,-0.02%,37871,90646
S6M24,2024-03-18,1.1427,1.1445,1.13645,1.13695,-0.0055,-0.48%,22570,70035
S6M24,2024-03-19,1.1374,1.13865,1.13445,1.13685,-0.0001,-0.01%,25437,71545
S6M24,2024-03-20,1.1365,1.1396,1.13195,1.13885,0.002,+0.18%,32011,72456
S6M24,2024-03-21,1.13845,1.14185,1.12255,1.1242,-0.01465,-1.29%,54558,79705
S6M24,2024-03-22,1.125,1.1259,1.1191,1.1232,-0.001,-0.09%,31145,80948
S6M24,2024-03-25,1.1248,1.12585,1.12215,1.1229,-0.0003,-0.03%,18431,80006
S6M24,2024-03-26,1.1224,1.12265,1.11605,1.117,-0.0059,-0.53%,25180,80460
S6M24,2024-03-27,1.11635,1.1167,1.11195,1.11395,-0.00305,-0.27%,23234,83013
S6M24,2024-03-28,1.11565,1.1207,1.1127,1.1182,0.00425,+0.38%,33395,85721
S6M24,2024-04-01,1.1189,1.12,1.1136,1.1141,-0.0041,-0.37%,18991,87314
S6M24,2024-04-02,1.1153,1.1153,1.109,1.1105,-0.0036,-0.32%,26531,87108
S6M24,2024-04-03,1.1107,1.117,1.1086,1.1163,0.0058,+0.52%,25469,88926
S6M24,2024-04-04,1.1168,1.11885,1.1108,1.11625,-0.00005,0.00%,29959,89851
S6M24,2024-04-05,1.1182,1.12015,1.1111,1.11725,0.001,+0.09%,31516,88827
S6M24,2024-04-08,1.11745,1.11745,1.11175,1.1138,-0.00345,-0.31%,21375,90253
S6M24,2024-04-09,1.11305,1.11815,1.1127,1.11525,0.00145,+0.13%,20509,90833
S6M24,2024-04-10,1.1153,1.11655,1.10155,1.10295,-0.0123,-1.10%,45062,93387
S6M24,2024-04-11,1.10335,1.11005,1.1013,1.10705,0.0041,+0.37%,29965,92106
S6M24,2024-04-12,1.1073,1.1076,1.10135,1.10265,-0.0044,-0.40%,29650,92242
S6M24,2024-04-15,1.10255,1.105,1.10045,1.1035,0.00085,+0.08%,26931,93560
S6M24,2024-04-16,1.10485,1.10525,1.1016,1.1039,0.0004,+0.04%,26685,93411
S6M24,2024-04-17,1.103,1.1073,1.10265,1.10595,0.00205,+0.19%,21372,94305
S6M24,2024-04-18,1.106,1.10845,1.10305,1.10355,-0.0024,-0.22%,19176,94010
S6M24,2024-04-19,1.1033,1.11685,1.10225,1.10605,0.0025,+0.23%,32528,93407
S6M24,2024-04-22,1.1059,1.10605,1.103,1.10475,-0.0013,-0.12%,28229,95987
S6M24,2024-04-23,1.1032,1.10745,1.10205,1.104,-0.00075,-0.07%,22517,96029
S6M24,2024-04-24,1.10395,1.10395,1.0992,1.0998,-0.0042,-0.38%,32469,97022
S6M24,2024-04-25,1.09995,1.1032,1.0984,1.1023,0.0025,+0.23%,26029,97322
S6M24,2024-04-26,1.1024,1.10565,1.0991,1.10115,-0.00115,-0.10%,29452,97285
S6M24,2024-04-29,1.0995,1.10635,1.0983,1.10485,0.0037,+0.34%,36057,97991
S6M24,2024-04-30,1.1044,1.10445,1.09335,1.0938,-0.01105,-1.00%,53049,98926
S6M24,2024-05-01,1.0935,1.09935,1.08995,1.0971,0.0033,+0.30%,32032,98587
S6M24,2024-05-02,1.0974,1.1057,1.0956,1.10435,0.00725,+0.66%,40485,98252
S6M24,2024-05-03,1.1038,1.11595,1.1037,1.11035,0.006,+0.54%,37471,97062
S6M24,2024-05-06,1.10995,1.11205,1.1083,1.1091,-0.00125,-0.11%,21161,95708
S6M24,2024-05-07,1.1089,1.1091,1.1047,1.10485,-0.00425,-0.38%,24294,94645
S6M24,2024-05-08,1.10575,1.10685,1.10415,1.1059,0.00105,+0.10%,22880,93143
S6M24,2024-05-09,1.1062,1.109,1.10375,1.1086,0.0027,+0.24%,26940,92075
S6M24,2024-05-10,1.10845,1.109,1.10525,1.108,-0.0006,-0.05%,19810,91435
S6M24,2024-05-13,1.10845,1.11,1.1049,1.10565,-0.00235,-0.21%,27330,90863
S6M24,2024-05-14,1.1052,1.10865,1.1018,1.1073,0.00165,+0.15%,26647,90701
S6M24,2024-05-15,1.1072,1.11355,1.1067,1.1117,0.0044,+0.40%,31291,91399
S6M24,2024-05-16,1.1128,1.1163,1.1071,1.10835,-0.00335,-0.30%,33232,92254
S6M24,2024-05-17,1.1073,1.1075,1.10265,1.10475,-0.0036,-0.32%,27408,92796
S6M24,2024-05-20,1.1035,1.105,1.10135,1.1027,-0.00205,-0.19%,25407,93382
S6M24,2024-05-21,1.1021,1.1039,1.10035,1.10085,-0.00185,-0.17%,28314,94270
S6M24,2024-05-22,1.1011,1.10145,1.09515,1.09595,-0.0049,-0.45%,31545,95527
S6M24,2024-05-23,1.0953,1.0985,1.0949,1.0958,-0.00015,-0.01%,35467,97251
S6M24,2024-05-24,1.09655,1.0976,1.0944,1.0962,0.0004,+0.04%,24897,99540
S6M24,2024-05-28,1.09605,1.1033,1.09515,1.09885,0.00265,+0.24%,46568,100381
S6M24,2024-05-29,1.0985,1.09985,1.09615,1.0969,-0.00195,-0.18%,33538,100877
S6M24,2024-05-30,1.09735,1.1094,1.09605,1.10885,0.01195,+1.09%,57144,100884
S6M24,2024-05-31,1.10925,1.11275,1.1046,1.10955,0.0007,+0.06%,61367,100045
S6M24,2024-06-03,1.11,1.11915,1.1086,1.11845,0.0089,+0.80%,43108,100048
S6M24,2024-06-04,1.11825,1.12735,1.1163,1.12595,0.0075,+0.67%,52157,98815
S6M24,2024-06-05,1.12525,1.1256,1.11905,1.1212,-0.00475,-0.42%,41574,98489
S6M24,2024-06-06,1.1206,1.1258,1.1205,1.1241,0.0029,+0.26%,25827,98067
S6M24,2024-06-07,1.1252,1.1271,1.11555,1.11685,-0.00725,-0.64%,39182,95392
S6M24,2024-06-10,1.11605,1.11775,1.1142,1.1164,-0.00045,-0.04%,61256,101063
S6M24,2024-06-11,1.1163,1.117,1.1128,1.1154,-0.001,-0.09%,66062,101556
S6M24,2024-06-12,1.11475,1.1256,1.11395,1.11945,0.00405,+0.36%,207212,121342
S6U24,2024-06-13,1.1304,1.13165,1.1271,1.13065,0.0112,+1.00%,145057,123801
S6U24,2024-06-14,1.13135,1.13635,1.12955,1.13535,0.0047,+0.42%,52264,118394
S6U24,2024-06-17,1.13575,1.1361,1.1313,1.13555,0.0002,+0.02%,24590,88286
S6U24,2024-06-18,1.13585,1.1449,1.1354,1.14345,0.0079,+0.70%,49126,88290
S6U24,2024-06-20,1.14325,1.144,1.13185,1.1341,-0.00935,-0.82%,59284,86885
S6U24,2024-06-21,1.1336,1.13445,1.12735,1.1297,-0.0044,-0.39%,34172,84508
S6U24,2024-06-24,1.1301,1.13215,1.1292,1.1312,0.0015,+0.13%,22253,84124
S6U24,2024-06-25,1.1309,1.1331,1.12815,1.12915,-0.00205,-0.18%,20158,84204
S6U24,2024-06-26,1.12875,1.1291,1.12415,1.12545,-0.0037,-0.33%,27396,85484
S6U24,2024-06-27,1.1254,1.1269,1.12295,1.1234,-0.00205,-0.18%,20944,86326
S6U24,2024-06-28,1.12305,1.12405,1.1203,1.1233,-0.0001,-0.01%,33590,89100
S6U24,2024-07-01,1.1234,1.1239,1.1158,1.11695,-0.00635,-0.57%,33745,92869
S6U24,2024-07-02,1.1176,1.11765,1.1144,1.1158,-0.00115,-0.10%,25849,92286
S6U24,2024-07-03,1.1164,1.12285,1.11485,1.1188,0.003,+0.27%,27362,93768
S6U24,2024-07-05,1.11855,1.12625,1.1157,1.12565,0.00685,+0.61%,39769,94871
S6U24,2024-07-08,1.1259,1.12745,1.1233,1.1241,-0.00155,-0.14%,19320,93838
S6U24,2024-07-09,1.1232,1.1241,1.12145,1.1229,-0.0012,-0.11%,17811,93433
S6U24,2024-07-10,1.12305,1.1246,1.11995,1.1204,-0.0025,-0.22%,19058,96039
S6U24,2024-07-11,1.1206,1.13035,1.1199,1.12545,0.00505,+0.45%,41829,94437
S6U24,2024-07-12,1.1242,1.12805,1.12325,1.12625,0.0008,+0.07%,25889,95559
S6U24,2024-07-15,1.12635,1.12765,1.12275,1.125,-0.00125,-0.11%,25445,97556
S6U24,2024-07-16,1.125,1.12745,1.12195,1.1265,0.0015,+0.13%,20864,98671
S6U24,2024-07-17,1.1269,1.1411,1.1261,1.13995,0.01345,+1.19%,48834,94392
S6U24,2024-07-18,1.14025,1.14165,1.13405,1.13495,-0.005,-0.44%,34151,92228
S6U24,2024-07-19,1.13445,1.13475,1.1312,1.1323,-0.00265,-0.23%,26024,92674
S6U24,2024-07-22,1.13275,1.13475,1.1308,1.13165,-0.00065,-0.06%,21965,92063
S6U24,2024-07-23,1.13165,1.1324,1.1279,1.1292,-0.00245,-0.22%,26314,92633
S6U24,2024-07-24,1.12925,1.13995,1.12815,1.1363,0.0071,+0.63%,45608,91488
S6U24,2024-07-25,1.13725,1.1464,1.1363,1.14255,0.00625,+0.55%,52442,88439
S6U24,2024-07-26,1.14125,1.1428,1.13725,1.1385,-0.00405,-0.35%,32036,85908
S6U24,2024-07-29,1.1383,1.14035,1.13375,1.1349,-0.0036,-0.32%,23689,85125
S6U24,2024-07-30,1.1349,1.13935,1.133,1.13785,0.00295,+0.26%,26167,85475
S6U24,2024-07-31,1.1387,1.1462,1.1382,1.14325,0.0054,+0.47%,51823,85662
S6U24,2024-08-01,1.1456,1.152,1.14445,1.15165,0.0084,+0.73%,41554,83924
S6U24,2024-08-02,1.1515,1.17235,1.1508,1.17015,0.0185,+1.61%,72298,80146
S6U24,2024-08-05,1.1717,1.1919,1.16935,1.18145,0.0113,+0.97%,98119,74523
S6U24,2024-08-06,1.17965,1.1821,1.1724,1.178,-0.00345,-0.29%,65864,68503
S6U24,2024-08-07,1.18045,1.1807,1.15995,1.1659,-0.0121,-1.03%,62095,67588
S6U24,2024-08-08,1.16615,1.17345,1.15795,1.16,-0.0059,-0.51%,44816,66046
S6U24,2024-08-09,1.1588,1.16345,1.15815,1.16145,0.00145,+0.13%,24271,64868
S6U24,2024-08-12,1.1608,1.1616,1.15265,1.16055,-0.0009,-0.08%,28790,65472
S6U24,2024-08-13,1.1607,1.16255,1.15675,1.16225,0.0017,+0.15%,27263,65751
S6U24,2024-08-14,1.16135,1.1657,1.1591,1.16075,-0.0015,-0.13%,26133,66924
S6U24,2024-08-15,1.16015,1.1606,1.14715,1.1507,-0.01005,-0.87%,31473,65585
S6U24,2024-08-16,1.14975,1.1588,1.1495,1.15745,0.00675,+0.59%,26356,65037
S6U24,2024-08-19,1.1582,1.1645,1.1562,1.16315,0.0057,+0.49%,27135,65577
S6U24,2024-08-20,1.1632,1.17485,1.1624,1.1726,0.00945,+0.81%,27207,67104
S6U24,2024-08-21,1.17455,1.18085,1.1717,1.1795,0.0069,+0.59%,30764,67428
S6U24,2024-08-22,1.17755,1.18115,1.17505,1.17695,-0.00255,-0.22%,25085,67584
S6U24,2024-08-23,1.17655,1.18365,1.17385,1.1825,0.00555,+0.47%,31277,67509
S6U24,2024-08-26,1.183,1.18555,1.18145,1.1835,0.001,+0.08%,18571,67963
S6U24,2024-08-27,1.1832,1.19215,1.18155,1.19135,0.00785,+0.66%,25943,68768
S6U24,2024-08-28,1.1911,1.19185,1.1858,1.19005,-0.0013,-0.11%,26377,66842
S6U24,2024-08-29,1.1902,1.1926,1.17945,1.18405,-0.006,-0.50%,27782,66649
S6U24,2024-08-30,1.1825,1.18315,1.1771,1.17805,-0.006,-0.51%,27530,65875
S6U24,2024-09-03,1.17785,1.18135,1.1731,1.1777,-0.00035,-0.03%,42422,67121
S6U24,2024-09-04,1.1775,1.1833,1.17555,1.18225,0.00455,+0.39%,39791,70081
S6U24,2024-09-05,1.1825,1.18695,1.179,1.18465,0.0024,+0.20%,38895,72934
S6U24,2024-09-06,1.18575,1.19525,1.1809,1.1877,0.00305,+0.26%,54835,74102
S6U24,2024-09-09,1.1875,1.1876,1.17825,1.17985,-0.00785,-0.66%,34516,73168
S6U24,2024-09-10,1.17845,1.1834,1.1775,1.1819,0.00205,+0.17%,59857,80439
S6Z24,2024-09-11,1.194,1.2004,1.18555,1.1877,0.0058,+0.49%,139896,86806
S6Z24,2024-09-12,1.1866,1.18805,1.1823,1.1862,-0.0015,-0.13%,67167,84927
S6Z24,2024-09-13,1.1865,1.19675,1.1865,1.19135,0.00515,+0.43%,41434,84661
S6Z24,2024-09-16,1.191,1.1978,1.1903,1.19495,0.0036,+0.30%,18212,57265
S6Z24,2024-09-17,1.196,1.19835,1.19165,1.1942,-0.00075,-0.06%,21930,58554
S6Z24,2024-09-18,1.1929,1.20355,1.1908,1.19765,0.00345,+0.29%,27496,58927
S6Z24,2024-09-19,1.1941,1.19485,1.18555,1.19195,-0.0057,-0.48%,30541,60318
S6Z24,2024-09-20,1.1907,1.19435,1.1852,1.18715,-0.0048,-0.40%,24830,59508
S6Z24,2024-09-23,1.18735,1.19355,1.18485,1.19225,0.0051,+0.43%,23300,58757
S6Z24,2024-09-24,1.1915,1.19705,1.1887,1.19555,0.0033,+0.28%,18913,60688
S6Z24,2024-09-25,1.1972,1.19925,1.18625,1.1874,-0.00815,-0.68%,28576,60064
S6Z24,2024-09-26,1.1865,1.1932,1.184,1.19255,0.00515,+0.43%,36021,60486
S6Z24,2024-09-27,1.1919,1.20045,1.18735,1.19975,0.0072,+0.60%,29314,60086
S6Z24,2024-09-30,1.1997,1.1999,1.1901,1.19105,-0.0087,-0.73%,36582,61813
S6Z24,2024-10-01,1.1922,1.196,1.1888,1.191,-0.00005,0.00%,32158,62140
S6Z24,2024-10-02,1.19145,1.1933,1.18505,1.18645,-0.00455,-0.38%,23116,64320
S6Z24,2024-10-03,1.18635,1.1873,1.17975,1.1816,-0.00485,-0.41%,37967,65133
S6Z24,2024-10-04,1.1818,1.1856,1.1709,1.17395,-0.00765,-0.65%,35150,64743
S6Z24,2024-10-07,1.17345,1.18085,1.17205,1.1801,0.00615,+0.52%,29032,63828
S6Z24,2024-10-08,1.1794,1.1813,1.1738,1.17455,-0.00555,-0.47%,21417,63822
S6Z24,2024-10-09,1.17525,1.17625,1.17015,1.1704,-0.00415,-0.35%,17411,63593
S6Z24,2024-10-10,1.1704,1.1768,1.1682,1.1749,0.0045,+0.38%,28311,63558
S6Z24,2024-10-11,1.1762,1.17665,1.17315,1.1752,0.0003,+0.03%,12698,63668
S6Z24,2024-10-14,1.17465,1.17465,1.1653,1.166,-0.0092,-0.78%,18386,66483
S6Z24,2024-10-15,1.16705,1.1698,1.16575,1.167,0.001,+0.09%,18605,66154
S6Z24,2024-10-16,1.1679,1.16865,1.1628,1.1633,-0.0037,-0.32%,14609,66371
S6Z24,2024-10-17,1.16335,1.1661,1.16075,1.16095,-0.00235,-0.20%,21900,68861
S6Z24,2024-10-18,1.1617,1.1638,1.1607,1.1628,0.00185,+0.16%,13705,70755
S6Z24,2024-10-21,1.16355,1.1654,1.1613,1.1615,-0.0013,-0.11%,14585,71961
S6Z24,2024-10-22,1.1615,1.1636,1.1612,1.1622,0.0007,+0.06%,14941,72719
S6Z24,2024-10-23,1.1622,1.16275,1.158,1.16015,-0.00205,-0.18%,18663,74701
S6Z24,2024-10-24,1.1608,1.16235,1.15955,1.16115,0.001,+0.09%,16099,75633
S6Z24,2024-10-25,1.1612,1.1623,1.159,1.16055,-0.0006,-0.05%,15207,77219
S6Z24,2024-10-28,1.1591,1.16275,1.15545,1.16195,0.0014,+0.12%,22855,77797
S6Z24,2024-10-29,1.16155,1.16305,1.15565,1.15865,-0.0033,-0.28%,23024,78973
S6Z24,2024-10-30,1.1591,1.16145,1.156,1.16085,0.0022,+0.19%,21039,77854
S6Z24,2024-10-31,1.1595,1.16385,1.1595,1.1627,0.00185,+0.16%,28721,78427
S6Z24,2024-11-01,1.16315,1.16385,1.1532,1.1542,-0.0085,-0.73%,35726,80326
S6Z24,2024-11-04,1.15745,1.1661,1.15715,1.1631,0.0089,+0.77%,32736,77841
S6Z24,2024-11-05,1.16225,1.16585,1.161,1.1638,0.0007,+0.06%,20372,75911
S6Z24,2024-11-06,1.1633,1.1651,1.1447,1.1463,-0.0175,-1.50%,55712,76554
S6Z24,2024-11-07,1.14565,1.15265,1.1442,1.14935,0.00305,+0.27%,32878,77418
S6Z24,2024-11-08,1.1506,1.15375,1.1448,1.14595,-0.0034,-0.30%,22126,77533
S6Z24,2024-11-11,1.1463,1.1463,1.13935,1.1395,-0.00645,-0.56%,20583,77224
S6Z24,2024-11-12,1.1395,1.1402,1.13585,1.13735,-0.00215,-0.19%,25232,78380
S6Z24,2024-11-13,1.1379,1.1407,1.13215,1.1329,-0.00445,-0.39%,29810,78200
S6Z24,2024-11-14,1.1324,1.1329,1.12495,1.1289,-0.004,-0.35%,31245,79672
S6Z24,2024-11-15,1.1266,1.13225,1.12615,1.1302,0.0013,+0.12%,31299,82177
S6Z24,2024-11-18,1.1285,1.13605,1.12825,1.13515,0.00495,+0.44%,17278,82398
S6Z24,2024-11-19,1.135,1.1395,1.1339,1.136,0.00085,+0.07%,28416,82690
S6Z24,2024-11-20,1.1361,1.13725,1.13155,1.13385,-0.00215,-0.19%,18215,83896
S6Z24,2024-11-21,1.1341,1.1364,1.13015,1.131,-0.00285,-0.25%,23448,85671
S6Z24,2024-11-22,1.13045,1.1324,1.119,1.1206,-0.0104,-0.92%,43795,87515
S6Z24,2024-11-25,1.1235,1.13265,1.1235,1.13155,0.01095,+0.98%,31760,86611
S6Z24,2024-11-26,1.1307,1.1333,1.1266,1.12945,-0.0021,-0.19%,27416,86500
S6Z24,2024-11-27,1.13055,1.13905,1.13005,1.13625,0.0068,+0.60%,29869,85888
S6Z24,2024-11-29,1.1363,1.1388,1.13215,1.1369,0.00065,+0.06%,37047,84931
S6Z24,2024-12-02,1.1379,1.1379,1.12655,1.1294,-0.0075,-0.66%,34307,85718
S6Z24,2024-12-03,1.1297,1.13415,1.12665,1.1299,0.0005,+0.04%,29600,85247
S6Z24,2024-12-04,1.1297,1.1344,1.12765,1.1326,0.0027,+0.24%,34233,84543
S6Z24,2024-12-05,1.132,1.1402,1.13065,1.1401,0.0075,+0.66%,30925,85550
S6Z24,2024-12-06,1.1393,1.1481,1.13775,1.13875,-0.00135,-0.12%,36232,84813
S6Z24,2024-12-09,1.13915,1.14265,1.13675,1.1389,0.00015,+0.01%,90348,103744
S6Z24,2024-12-10,1.13935,1.14085,1.13295,1.13345,-0.00545,-0.48%,66079,109379
S6Z24,2024-12-11,1.1337,1.13555,1.13,1.1308,-0.00265,-0.23%,104746,112441
S6H25,2024-12-12,1.143,1.14585,1.1303,1.1338,0.003,+0.27%,102057,124908
S6H25,2024-12-13,1.1331,1.13345,1.12955,1.1319,-0.0019,-0.17%,37142,126212
S6H25,2024-12-16,1.13125,1.1354,1.12905,1.12935,-0.00255,-0.23%,27093,83459
S6H25,2024-12-17,1.1295,1.1333,1.12565,1.1322,0.00285,+0.25%,34444,85631
S6H25,2024-12-18,1.13165,1.13285,1.11985,1.12215,-0.01005,-0.89%,34315,87000
S6H25,2024-12-19,1.1207,1.12805,1.1193,1.1241,0.00195,+0.17%,46431,86693
S6H25,2024-12-20,1.1236,1.1328,1.123,1.1323,0.0082,+0.73%,37053,84693
S6H25,2024-12-23,1.1308,1.1316,1.1213,1.12335,-0.00895,-0.79%,19036,86051
S6H25,2024-12-24,1.12345,1.1235,1.11955,1.11995,-0.0034,-0.30%,8256,85954
S6H25,2024-12-26,1.1228,1.1229,1.11985,1.12225,0.0023,+0.21%,7425,86478
S6H25,2024-12-27,1.12275,1.12285,1.11755,1.1187,-0.00355,-0.32%,14788,86511
S6H25,2024-12-30,1.1187,1.11915,1.11125,1.11535,-0.00335,-0.30%,20893,88371
S6H25,2024-12-31,1.116,1.1172,1.1101,1.1103,-0.00505,-0.45%,18571,89129
S6H25,2025-01-02,1.11135,1.1152,1.1032,1.1035,-0.0068,-0.61%,32942,90727
S6H25,2025-01-03,1.1049,1.1099,1.10445,1.1087,0.0052,+0.47%,26593,91492
S6H25,2025-01-06,1.1081,1.1187,1.10685,1.1142,0.0055,+0.50%,36158,91285
S6H25,2025-01-07,1.11395,1.1168,1.10755,1.1091,-0.0051,-0.46%,27834,91244
S6H25,2025-01-08,1.1083,1.10875,1.10375,1.10515,-0.00395,-0.36%,24847,90836
S6H25,2025-01-09,1.1055,1.1071,1.1031,1.1036,-0.00155,-0.14%,26610,92387
S6H25,2025-01-10,1.104,1.10495,1.096,1.0981,-0.0055,-0.50%,25172,92388
S6H25,2025-01-13,1.09905,1.1,1.0943,1.09575,-0.00235,-0.21%,24528,92749
S6H25,2025-01-14,1.0988,1.10395,1.09765,1.10325,0.0075,+0.68%,25913,94045
S6H25,2025-01-15,1.1034,1.1091,1.10075,1.10315,-0.0001,-0.01%,25632,94168
S6H25,2025-01-16,1.10325,1.10595,1.10155,1.1048,0.00165,+0.15%,23566,95340
S6H25,2025-01-17,1.10455,1.10635,1.0994,1.09995,-0.00485,-0.44%,22315,96613
S6H25,2025-01-21,1.10055,1.11155,1.0994,1.1098,0.00985,+0.90%,53606,96356
S6H25,2025-01-22,1.1109,1.11375,1.10855,1.11035,0.00055,+0.05%,21288,96132
S6H25,2025-01-23,1.1097,1.11045,1.1041,1.1091,-0.00125,-0.11%,25384,95383
S6H25,2025-01-24,1.10815,1.11395,1.10785,1.1099,0.0008,+0.07%,35655,95565
S6H25,2025-01-27,1.11045,1.12155,1.10815,1.1155,0.0056,+0.50%,43972,98800
S6H25,2025-01-28,1.11465,1.115,1.10835,1.1122,-0.0033,-0.30%,26142,97264
S6H25,2025-01-29,1.1118,1.11305,1.10525,1.108,-0.0042,-0.38%,30550,96258
S6H25,2025-01-30,1.10805,1.1093,1.10385,1.106,-0.002,-0.18%,31276,96803
S6H25,2025-01-31,1.1043,1.10765,1.10225,1.1035,-0.0025,-0.23%,40905,97002
S6H25,2025-02-03,1.09915,1.10505,1.0923,1.1006,-0.0029,-0.26%,56491,98657
S6H25,2025-02-04,1.10385,1.1111,1.1002,1.11015,0.00955,+0.87%,35570,97931
S6H25,2025-02-05,1.1096,1.1159,1.10885,1.11485,0.0047,+0.42%,24388,97490
S6H25,2025-02-06,1.1143,1.1147,1.10805,1.10945,-0.0054,-0.48%,26943,95497
S6H25,2025-02-07,1.1097,1.1099,1.10265,1.10435,-0.0051,-0.46%,35928,95666
S6H25,2025-02-10,1.1024,1.104,1.1005,1.10145,-0.0029,-0.26%,18041,97231
S6H25,2025-02-11,1.1013,1.10185,1.0982,1.09915,-0.0023,-0.21%,18565,98159
S6H25,2025-02-12,1.0991,1.1026,1.0962,1.09895,-0.0002,-0.02%,33106,98633
S6H25,2025-02-13,1.09875,1.11125,1.0976,1.11,0.01105,+1.01%,38824,99375
S6H25,2025-02-14,1.11095,1.11815,1.1087,1.1165,0.0065,+0.59%,27840,98612
S6H25,2025-02-18,1.1151,1.11565,1.1093,1.11,-0.0065,-0.58%,38482,97878
S6H25,2025-02-19,1.11,1.1114,1.10765,1.1096,-0.0004,-0.04%,21443,98554
S6H25,2025-02-20,1.109,1.117,1.10825,1.1169,0.0073,+0.66%,20782,98417
S6H25,2025-02-21,1.11645,1.1178,1.1131,1.1173,0.0004,+0.04%,22300,97887
S6H25,2025-02-24,1.1174,1.11945,1.11395,1.1179,0.0006,+0.05%,20324,97240
S6H25,2025-02-25,1.1173,1.1245,1.11635,1.1228,0.0049,+0.44%,26899,97178
S6H25,2025-02-26,1.1228,1.12385,1.1178,1.12125,-0.00155,-0.14%,22682,96485
S6H25,2025-02-27,1.1202,1.1207,1.1124,1.1136,-0.00765,-0.68%,25591,96679
S6H25,2025-02-28,1.1131,1.1151,1.1085,1.10865,-0.00495,-0.44%,31548,97270
S6H25,2025-03-03,1.1095,1.1178,1.109,1.1159,0.00725,+0.65%,30775,98025
S6H25,2025-03-04,1.11725,1.1288,1.1163,1.12645,0.01055,+0.95%,52220,97021
S6H25,2025-03-05,1.12615,1.13075,1.1233,1.12455,-0.0019,-0.17%,50907,97260
S6H25,2025-03-06,1.12405,1.1343,1.12145,1.1341,0.00955,+0.85%,74166,94652
S6H25,2025-03-07,1.13305,1.1417,1.13275,1.13745,0.00335,+0.30%,49571,94252
S6H25,2025-03-10,1.1378,1.14265,1.1344,1.13565,-0.0018,-0.16%,60755,96282
S6H25,2025-03-11,1.1357,1.14065,1.13255,1.13415,-0.0015,-0.13%,73180,100493
S6H25,2025-03-12,1.1338,1.1372,1.1303,1.13405,-0.0001,-0.01%,98338,112345
S6M25,2025-03-13,1.14665,1.1481,1.14155,1.1445,0.01045,+0.92%,114299,126908
S6M25,2025-03-14,1.1464,1.1465,1.14015,1.14185,-0.00265,-0.23%,36683,127555
S6M25,2025-03-17,1.1419,1.14865,1.14135,1.14775,0.0059,+0.52%,20484,80400
S6M25,2025-03-18,1.1476,1.1537,1.14585,1.15295,0.0052,+0.45%,21216,80057
S6M25,2025-03-19,1.1529,1.15315,1.14695,1.1513,-0.00165,-0.14%,24901,80383
S6M25,2025-03-20,1.151,1.15355,1.14235,1.1454,-0.0059,-0.51%,38746,82638
S6M25,2025-03-21,1.1457,1.14825,1.14255,1.14385,-0.00155,-0.14%,23251,84853
S6M25,2025-03-24,1.14385,1.1477,1.1417,1.14345,-0.0004,-0.03%,19250,85655
S6M25,2025-03-25,1.1435,1.1475,1.14125,1.14435,0.0009,+0.08%,21058,85731
S6M25,2025-03-26,1.1444,1.1444,1.14085,1.1414,-0.00295,-0.26%,20130,87039
S6M25,2025-03-27,1.1419,1.1466,1.1407,1.14385,0.00245,+0.21%,28273,88535
S6M25,2025-03-28,1.1448,1.14695,1.1423,1.14445,0.0006,+0.05%,21073,88915
S6M25,2025-03-31,1.14575,1.1493,1.13955,1.1407,-0.00375,-0.33%,28982,88606
S6M25,2025-04-01,1.14105,1.14435,1.1409,1.1414,0.0007,+0.06%,20045,89248
S6M25,2025-04-02,1.1418,1.14475,1.14005,1.1433,0.0019,+0.17%,22185,89628
S6M25,2025-04-03,1.1435,1.17995,1.1432,1.1712,0.0279,+2.44%,79160,87341
S6M25,2025-04-04,1.17395,1.1895,1.16905,1.1721,0.0009,+0.08%,77412,81511
S6M25,2025-04-07,1.1781,1.1931,1.16245,1.1768,0.0047,+0.40%,65448,80600
S6M25,2025-04-08,1.17255,1.1922,1.1711,1.18885,0.01205,+1.02%,45510,76433
S6M25,2025-04-09,1.1878,1.20595,1.1746,1.1794,-0.00945,-0.79%,62395,76075
S6M25,2025-04-10,1.1754,1.22435,1.1753,1.2228,0.0434,+3.68%,58034,79461
S6M25,2025-04-11,1.2234,1.2443,1.22035,1.23375,0.01095,+0.90%,81687,77627
S6M25,2025-04-14,1.23355,1.24105,1.2187,1.238,0.00425,+0.34%,46247,75215
S6M25,2025-04-15,1.2364,1.23885,1.22285,1.22535,-0.01265,-1.02%,27724,73479
S6M25,2025-04-16,1.22345,1.23985,1.22325,1.23685,0.0115,+0.94%,39614,74325
S6M25,2025-04-17,1.2381,1.23865,1.22315,1.2298,-0.00705,-0.57%,28641,73857
S6M25,2025-04-21,1.232,1.25245,1.23155,1.24735,0.01755,+1.43%,24480,74127
S6M25,2025-04-22,1.24535,1.2479,1.22885,1.2295,-0.01785,-1.43%,40144,72891
S6M25,2025-04-23,1.2204,1.2278,1.21095,1.2131,-0.0164,-1.33%,54546,73860
S6M25,2025-04-24,1.2126,1.2211,1.2119,1.2151,0.002,+0.16%,28436,73605
S6M25,2025-04-25,1.2158,1.21695,1.2069,1.2164,0.0013,+0.11%,31231,72931
S6M25,2025-04-28,1.2153,1.22715,1.20925,1.22545,0.00905,+0.74%,29323,72893
S6M25,2025-04-29,1.22585,1.22625,1.21685,1.2201,-0.00535,-0.44%,24537,71949
S6M25,2025-04-30,1.22065,1.2239,1.2151,1.2217,0.0016,+0.13%,27337,71557
S6M25,2025-05-01,1.2164,1.21785,1.2064,1.20885,-0.01285,-1.05%,20130,70672
S6M25,2025-05-02,1.21145,1.22495,1.2084,1.21525,0.0064,+0.53%,26320,71131
S6M25,2025-05-05,1.21715,1.22355,1.2145,1.22135,0.0061,+0.50%,17988,71113
S6M25,2025-05-06,1.2228,1.2235,1.21575,1.223,0.00165,+0.14%,21984,70578
S6M25,2025-05-07,1.2228,1.2276,1.21465,1.224,0.001,+0.08%,25270,71073
S6M25,2025-05-08,1.21885,1.2213,1.2054,1.20845,-0.01555,-1.27%,27103,70744
S6M25,2025-05-09,1.2076,1.21445,1.2041,1.2085,0.00005,0.00%,17342,71122
S6M25,2025-05-12,1.20475,1.20535,1.1846,1.18725,-0.02125,-1.76%,37440,71625
S6M25,2025-05-13,1.1872,1.1971,1.1872,1.1945,0.00725,+0.61%,18798,73088
S6M25,2025-05-14,1.19645,1.2059,1.1901,1.19155,-0.00295,-0.25%,22841,72969
S6M25,2025-05-15,1.19245,1.2024,1.1917,1.20005,0.0085,+0.71%,16858,72609
S6M25,2025-05-16,1.20055,1.2052,1.19445,1.19595,-0.0041,-0.34%,17233,72776
S6M25,2025-05-19,1.1989,1.2065,1.198,1.2019,0.00595,+0.50%,20512,73623
S6M25,2025-05-20,1.2019,1.2112,1.1994,1.20895,0.00705,+0.59%,19924,73133
S6M25,2025-05-21,1.21095,1.22185,1.2106,1.2157,0.00675,+0.56%,28084,73251
S6M25,2025-05-22,1.21585,1.21765,1.20695,1.2091,-0.0066,-0.54%,20660,72744
S6M25,2025-05-23,1.2095,1.22205,1.2095,1.2214,0.0123,+1.02%,23558,73117
S6M25,2025-05-27,1.22065,1.2242,1.21045,1.21175,-0.00965,-0.79%,28886,73781
S6M25,2025-05-28,1.2116,1.21515,1.20845,1.2116,-0.00015,-0.01%,18238,74673
S6M25,2025-05-29,1.2111,1.21915,1.20025,1.2184,0.0068,+0.56%,24401,74243
S6M25,2025-05-30,1.21755,1.2218,1.21445,1.2183,-0.0001,-0.01%,26055,74148
S6M25,2025-06-02,1.21815,1.228,1.2171,1.22605,0.00775,+0.64%,51244,81936
S6M25,2025-06-03,1.2258,1.2276,1.2143,1.21585,-0.0102,-0.83%,21390,81322
S6M25,2025-06-04,1.2157,1.22565,1.2137,1.2246,0.00875,+0.72%,24743,82365
S6M25,2025-06-05,1.22385,1.22475,1.21845,1.22005,-0.00455,-0.37%,27028,83043
S6M25,2025-06-06,1.2208,1.22195,1.2127,1.21735,-0.0027,-0.22%,28196,84516
S6M25,2025-06-09,1.2173,1.2217,1.21665,1.2186,0.00125,+0.10%,38885,84613
S6M25,2025-06-10,1.2181,1.21985,1.2142,1.2159,-0.0027,-0.22%,55773,86928
S6U25,2025-06-11,1.22985,1.2365,1.22685,1.23365,0.01775,+1.46%,93339,89408
S6U25,2025-06-12,1.2339,1.2488,1.2339,1.2469,0.01325,+1.07%,75880,88333
S6U25,2025-06-13,1.24875,1.25575,1.24155,1.2467,-0.0002,-0.02%,53510,88996
S6U25,2025-06-16,1.2468,1.2505,1.2414,1.24455,-0.00215,-0.17%,17424,65106
S6U25,2025-06-17,1.24295,1.24535,1.2376,1.2377,-0.00685,-0.55%,16926,67383
S6U25,2025-06-18,1.2382,1.2403,1.23345,1.2347,-0.003,-0.24%,16066,68034
S6U25,2025-06-20,1.2353,1.23975,1.23055,1.23675,0.00205,+0.17%,33621,68035
S6U25,2025-06-23,1.23615,1.24525,1.2332,1.24395,0.0072,+0.58%,24312,68688
S6U25,2025-06-24,1.24415,1.25755,1.2427,1.2562,0.01225,+0.98%,26431,69488
S6U25,2025-06-25,1.25435,1.25665,1.25035,1.25625,0.00005,0.00%,17384,69207
S6U25,2025-06-26,1.2556,1.2657,1.25465,1.26375,0.0075,+0.60%,22938,69860
S6U25,2025-06-27,1.2617,1.2688,1.2594,1.26255,-0.0012,-0.09%,21928,69365
S6U25,2025-06-30,1.26445,1.2734,1.2629,1.27265,0.0101,+0.80%,22829,70394
S6U25,2025-07-01,1.2731,1.28235,1.2709,1.2735,0.00085,+0.07%,31069,72546
S6U25,2025-07-02,1.2757,1.27665,1.2706,1.2749,0.0014,+0.11%,18481,73468
S6U25,2025-07-03,1.2746,1.2771,1.26345,1.2675,-0.0074,-0.58%,21323,73035
S6U25,2025-07-07,1.27135,1.27145,1.26235,1.2638,-0.0037,-0.29%,21261,73099
S6U25,2025-07-08,1.26385,1.26825,1.26175,1.2675,0.0037,+0.29%,14150,72761
S6U25,2025-07-09,1.26725,1.2703,1.26405,1.2688,0.0013,+0.10%,16154,73178
S6U25,2025-07-10,1.27,1.27295,1.2622,1.26475,-0.00405,-0.32%,14664,73151
S6U25,2025-07-11,1.2654,1.26735,1.2629,1.26455,-0.0002,-0.02%,13807,73109
S6U25,2025-07-14,1.26455,1.26705,1.2623,1.26315,-0.0014,-0.11%,12178,73520
S6U25,2025-07-15,1.26315,1.2671,1.25585,1.25695,-0.0062,-0.49%,23048,74255
S6U25,2025-07-16,1.2569,1.2681,1.24995,1.25685,-0.0001,-0.01%,40602,74423
S6U25,2025-07-17,1.2578,1.2583,1.24905,1.2502,-0.00665,-0.53%,18908,75030
S6U25,2025-07-18,1.252,1.26125,1.25195,1.2563,0.0061,+0.49%,14559,74604
S6U25,2025-07-21,1.25665,1.2642,1.25525,1.2621,0.0058,+0.46%,13524,74829
S6U25,2025-07-22,1.2622,1.27135,1.26,1.27015,0.00805,+0.64%,17783,75681
S6U25,2025-07-23,1.2712,1.2726,1.2665,1.26995,-0.0002,-0.02%,22653,76086
S6U25,2025-07-24,1.2704,1.2713,1.26425,1.2669,-0.00305,-0.24%,17984,76451
S6U25,2025-07-25,1.265,1.2662,1.2611,1.2661,-0.0008,-0.06%,20287,76424
S6U25,2025-07-28,1.2651,1.26655,1.2518,1.2525,-0.0136,-1.07%,26873,76982
S6U25,2025-07-29,1.25155,1.2536,1.2452,1.2488,-0.0037,-0.30%,29729,76905
S6U25,2025-07-30,1.24835,1.25095,1.2336,1.23645,-0.01235,-0.99%,27813,77474
S6U25,2025-07-31,1.2335,1.23935,1.2335,1.23775,0.0013,+0.11%,22684,77496
S6U25,2025-08-01,1.23745,1.2526,1.23015,1.24415,0.0064,+0.52%,45868,79990
S6U25,2025-08-04,1.2503,1.2517,1.2416,1.2438,-0.00035,-0.03%,24102,79944
S6U25,2025-08-05,1.24425,1.2463,1.23815,1.24475,0.00095,+0.08%,19336,79837
S6U25,2025-08-06,1.2447,1.24865,1.2417,1.2464,0.00165,+0.13%,20826,79720
S6U25,2025-08-07,1.24585,1.24905,1.2418,1.243,-0.0034,-0.27%,17245,79483
S6U25,2025-08-08,1.2463,1.24695,1.24175,1.2435,0.0005,+0.04%,15252,79374
S6U25,2025-08-11,1.2426,1.246,1.23505,1.2364,-0.0071,-0.57%,14606,79867
S6U25,2025-08-12,1.23695,1.2457,1.23575,1.24385,0.00745,+0.60%,22586,80415
S6U25,2025-08-13,1.24515,1.25175,1.24395,1.2466,0.00275,+0.22%,15230,79732
S6U25,2025-08-14,1.24665,1.24775,1.24035,1.24145,-0.00515,-0.41%,17710,79894
S6U25,2025-08-15,1.2426,1.2474,1.2422,1.2449,0.00345,+0.28%,14194,79712
S6U25,2025-08-18,1.2441,1.2458,1.24185,1.24255,-0.00235,-0.19%,11312,79826
S6U25,2025-08-19,1.24275,1.24685,1.24095,1.24235,-0.0002,-0.02%,10535,80039
S6U25,2025-08-20,1.24235,1.2495,1.23985,1.2478,0.00545,+0.44%,17298,79677
S6U25,2025-08-21,1.2476,1.2482,1.2395,1.23985,-0.00795,-0.64%,16677,79885
S6U25,2025-08-22,1.2402,1.2534,1.23725,1.2518,0.01195,+0.96%,28833,80777
S6U25,2025-08-25,1.2508,1.25135,1.2422,1.2438,-0.008,-0.64%,14436,78726
S6U25,2025-08-26,1.244,1.2491,1.2419,1.248,0.0042,+0.34%,14422,78933
S6U25,2025-08-27,1.2478,1.25065,1.2411,1.2491,0.0011,+0.09%,17978,79377
S6U25,2025-08-28,1.24925,1.2533,1.24755,1.2504,0.0013,+0.10%,18408,79666
S6U25,2025-08-29,1.24995,1.25465,1.2465,1.2523,0.0019,+0.15%,21322,80052
S6U25,2025-09-02,1.2512,1.25435,1.2425,1.244,-0.0083,-0.66%,32218,80906
S6U25,2025-09-03,1.2454,1.2476,1.24125,1.24545,0.00145,+0.12%,40279,82947
S6U25,2025-09-04,1.24485,1.24585,1.24025,1.24165,-0.0038,-0.31%,24682,86787
S6U25,2025-09-05,1.2432,1.25815,1.24225,1.2539,0.01225,+0.99%,52052,87826
S6U25,2025-09-08,1.25505,1.26255,1.2517,1.26175,0.00785,+0.63%,74016,105744
S6U25,2025-09-09,1.2614,1.26435,1.25415,1.25455,-0.0072,-0.57%,74641,105100
S6Z25,2025-09-10,1.26845,1.272,1.26485,1.2658,0.01125,+0.90%,76419,109264
S6Z25,2025-09-11,1.26505,1.27175,1.2622,1.27045,0.00465,+0.37%,79077,111936
S6Z25,2025-09-12,1.2704,1.27045,1.2655,1.2699,-0.00055,-0.04%,30934,99699
S6Z25,2025-09-15,1.26905,1.27335,1.26755,1.27255,0.00265,+0.21%,14901,70082
S6Z25,2025-09-16,1.2721,1.2863,1.2714,1.28535,0.0128,+1.01%,22591,71730
S6Z25,2025-09-17,1.2854,1.29045,1.27995,1.28125,-0.0041,-0.32%,25548,71405
S6Z25,2025-09-18,1.28095,1.2831,1.27245,1.27485,-0.0064,-0.50%,26133,70776
S6Z25,2025-09-19,1.2741,1.2751,1.26775,1.2696,-0.00525,-0.41%,14302,70492
S6Z25,2025-09-22,1.26945,1.27465,1.2665,1.27435,0.00475,+0.37%,14794,71809
S6Z25,2025-09-23,1.2744,1.27665,1.27275,1.27555,0.0012,+0.09%,12218,72030
S6Z25,2025-09-24,1.2761,1.2761,1.2687,1.26925,-0.0063,-0.49%,17740,72408
S6Z25,2025-09-25,1.2698,1.27055,1.2593,1.2608,-0.00845,-0.67%,24408,72459
S6Z25,2025-09-26,1.2618,1.2657,1.26025,1.26535,0.00455,+0.36%,16289,72238
S6Z25,2025-09-29,1.2641,1.26885,1.2632,1.26565,0.0003,+0.02%,14604,72302
S6Z25,2025-09-30,1.26525,1.27075,1.26325,1.2673,0.00165,+0.13%,28838,71950
S6Z25,2025-10-01,1.26675,1.27235,1.26245,1.26565,-0.00165,-0.13%,31789,72599
S6Z25,2025-10-02,1.2648,1.26815,1.2604,1.26425,-0.0014,-0.11%,20929,71590
S6Z25,2025-10-03,1.26375,1.26865,1.26345,1.2675,0.00325,+0.26%,20454,71475
S6Z25,2025-10-06,1.2662,1.26855,1.2611,1.26755,0.00005,0.00%,25803,71962
S6Z25,2025-10-07,1.2685,1.2685,1.2612,1.263,-0.00455,-0.36%,17984,72046
S6Z25,2025-10-08,1.2627,1.2629,1.2551,1.2566,-0.0064,-0.51%,27046,72824
S6Z25,2025-10-09,1.2571,1.25875,1.2473,1.24755,-0.00905,-0.72%,34881,73941
S6Z25,2025-10-10,1.2491,1.2611,1.2486,1.2572,0.00965,+0.77%,29381,74453
S6Z25,2025-10-13,1.25835,1.2595,1.25,1.2526,-0.0046,-0.37%,21682,74672
S6Z25,2025-10-14,1.25265,1.25855,1.2511,1.25715,0.00455,+0.36%,33240,73172
S6Z25,2025-10-15,1.2575,1.2659,1.25635,1.26285,0.0057,+0.45%,35776,73351
S6Z25,2025-10-16,1.26365,1.2705,1.26075,1.2696,0.00675,+0.53%,40749,72926
S6Z25,2025-10-17,1.2696,1.27855,1.26815,1.2701,0.0005,+0.04%,36680,73117
S6Z25,2025-10-20,1.2688,1.2731,1.26705,1.27095,0.00085,+0.07%,14762,73915
S6Z25,2025-10-21,1.26995,1.2715,1.26355,1.26415,-0.0068,-0.54%,18145,74034
S6Z25,2025-10-22,1.26385,1.26595,1.26195,1.26415,0,0.00%,17317,73599
S6Z25,2025-10-23,1.26395,1.26525,1.25945,1.26495,0.0008,+0.06%,18504,74054
S6Z25,2025-10-24,1.2647,1.2687,1.26225,1.264,-0.00095,-0.08%,17406,74313
S6Z25,2025-10-27,1.2632,1.2658,1.26135,1.26475,0.00075,+0.06%,17287,74548
S6Z25,2025-10-28,1.2643,1.26885,1.2621,1.268,0.00325,+0.26%,23891,74922
S6Z25,2025-10-29,1.26725,1.2686,1.2536,1.25555,-0.01245,-0.98%,32259,74440
S6Z25,2025-10-30,1.25635,1.2602,1.2506,1.2531,-0.00245,-0.20%,26326,74904
S6Z25,2025-10-31,1.2531,1.25475,1.24815,1.249,-0.0041,-0.33%,30511,76251
S6Z25,2025-11-03,1.24895,1.2501,1.2418,1.24395,-0.00505,-0.40%,25265,79213
S6Z25,2025-11-04,1.2437,1.2455,1.23915,1.2397,-0.00425,-0.34%,24052,81378
S6Z25,2025-11-05,1.2398,1.24335,1.23635,1.23965,-0.00005,0.00%,23575,82833
S6Z25,2025-11-06,1.23945,1.24585,1.2391,1.24495,0.0053,+0.43%,20455,82881
S6Z25,2025-11-07,1.24525,1.24995,1.24185,1.2462,0.00125,+0.10%,16995,82230
S6Z25,2025-11-10,1.2456,1.24805,1.24365,1.2475,0.0013,+0.10%,18123,82840
S6Z25,2025-11-11,1.2469,1.25705,1.24525,1.2542,0.0067,+0.54%,23954,81548
S6Z25,2025-11-12,1.2541,1.2599,1.25295,1.2582,0.004,+0.32%,20846,80332
S6Z25,2025-11-13,1.2581,1.2688,1.25525,1.2659,0.0077,+0.61%,27100,78993
S6Z25,2025-11-14,1.26565,1.27365,1.2624,1.26365,-0.00225,-0.18%,37608,76879
S6Z25,2025-11-17,1.2638,1.26475,1.2594,1.2596,-0.00405,-0.32%,17509,77220
S6Z25,2025-11-18,1.26,1.2637,1.2538,1.2552,-0.0044,-0.35%,25164,76329
S6Z25,2025-11-19,1.2542,1.25595,1.2433,1.24375,-0.01145,-0.91%,21868,75566
S6Z25,2025-11-20,1.24445,1.24565,1.2408,1.2449,0.00115,+0.09%,22555,75791
S6Z25,2025-11-21,1.24425,1.24755,1.23785,1.241,-0.0039,-0.31%,23028,77156
S6Z25,2025-11-24,1.24045,1.24355,1.23725,1.24105,0.00005,0.00%,22096,77698
S6Z25,2025-11-25,1.23965,1.24375,1.2369,1.24275,0.0017,+0.14%,23203,77509
S6Z25,2025-11-26,1.24125,1.24665,1.2397,1.24605,0.0033,+0.27%,21039,77052
S6Z25,2025-11-28,1.24575,1.24815,1.2425,1.2472,0.00115,+0.09%,16400,76389
S6Z25,2025-12-01,1.2462,1.25255,1.2443,1.2452,-0.002,-0.16%,23936,76056
S6Z25,2025-12-02,1.2445,1.24755,1.24355,1.24675,0.00155,+0.12%,17505,77275
S6Z25,2025-12-03,1.24745,1.25295,1.24675,1.25265,0.0059,+0.47%,22691,77735
S6Z25,2025-12-04,1.2523,1.2523,1.24505,1.2463,-0.00635,-0.51%,54849,82803
S6Z25,2025-12-05,1.24575,1.24815,1.24245,1.2443,-0.002,-0.16%,48063,85065
S6Z25,2025-12-08,1.244,1.24655,1.2377,1.2405,-0.0038,-0.31%,57982,90599
S6H26,2025-12-09,1.2527,1.2554,1.25045,1.25415,0.01365,+1.10%,61297,92395
S6H26,2025-12-10,1.25365,1.2644,1.25315,1.26155,0.0074,+0.59%,86837,101451
S6H26,2025-12-11,1.263,1.2748,1.2626,1.27055,0.009,+0.71%,84565,103554
S6H26,2025-12-12,1.2706,1.2718,1.2681,1.2691,-0.00145,-0.11%,30224,101344
S6H26,2025-12-15,1.27,1.2722,1.26655,1.2678,-0.0013,-0.10%,18690,83545
S6H26,2025-12-16,1.2684,1.274,1.2668,1.2708,0.003,+0.24%,21679,85058
S6H26,2025-12-17,1.2699,1.27245,1.26405,1.2697,-0.0011,-0.09%,22016,87225
S6H26,2025-12-18,1.269,1.2737,1.26715,1.2713,0.0016,+0.13%,27606,89294
S6H26,2025-12-19,1.271,1.2711,1.2676,1.27005,-0.00125,-0.10%,17588,88956
S6H26,2025-12-22,1.2686,1.27475,1.26805,1.27445,0.0044,+0.35%,17084,89405
S6H26,2025-12-23,1.2739,1.28205,1.2738,1.28045,0.006,+0.47%,23450,88305
S6H26,2025-12-24,1.2808,1.28275,1.2771,1.27895,-0.0015,-0.12%,11610,89079
S6H26,2025-12-26,1.2802,1.28065,1.276,1.27795,-0.001,-0.08%,7721,89110
S6H26,2025-12-29,1.27785,1.2807,1.2738,1.27705,-0.0009,-0.07%,18467,88894
S6H26,2025-12-30,1.27735,1.27935,1.2717,1.2728,-0.00425,-0.33%,13385,89124
"Downloaded from Barchart.com as of 08-28-2026 12:42am CDT"
